ISO-10303-21;
HEADER;
FILE_DESCRIPTION (( 'STEP AP203' ),
    '1' );
FILE_NAME ('1095K122_Zinc-Plated Steel Grease Fitting.STEP',
    '2026-02-16T14:08:11',
    ( 'McMaster Carr Supply' ),
    ( 'McMaster Carr Supply' ),
    'SwSTEP 2.0',
    'SolidWorks 2024',
    '' );
FILE_SCHEMA (( 'CONFIG_CONTROL_DESIGN' ));
ENDSEC;

DATA;
#1 = ORIENTED_EDGE ( 'NONE', *, *, #1832, .F. ) ;
#2 = CARTESIAN_POINT ( 'NONE',  ( 2.245064030267288402, -4.725961538461874945, -2.245064030267287958 ) ) ;
#3 = VECTOR ( 'NONE', #1246, 1000.000000000000000 ) ;
#4 = FACE_OUTER_BOUND ( 'NONE', #3510, .T. ) ;
#5 = CARTESIAN_POINT ( 'NONE',  ( -1.898050937606788890, -4.503873575221587267, -2.558690632613219940 ) ) ;
#6 = CARTESIAN_POINT ( 'NONE',  ( 0.000000000000000000, -6.407383618326724317, 2.525414420702734031 ) ) ;
#7 = ORIENTED_EDGE ( 'NONE', *, *, #4830, .T. ) ;
#8 = CARTESIAN_POINT ( 'NONE',  ( 3.128195999615934308, -3.714382984706266377, -0.1371182970718338168 ) ) ;
#9 = VECTOR ( 'NONE', #2852, 1000.000000000000000 ) ;
#10 = ADVANCED_FACE ( 'NONE', ( #3874 ), #6696, .T. ) ;
#11 = CIRCLE ( 'NONE', #1757, 2.999999999999997335 ) ;
#12 = CARTESIAN_POINT ( 'NONE',  ( -0.8884358626225433708, -3.522553304879932234, -3.081051094816851244 ) ) ;
#13 = ADVANCED_FACE ( 'NONE', ( #5532 ), #470, .F. ) ;
#14 = CARTESIAN_POINT ( 'NONE',  ( -2.393526461918114467, -7.341410943045127979, -2.096479553272421636 ) ) ;
#15 = CARTESIAN_POINT ( 'NONE',  ( 3.116961678272912817, -7.821281230675380947, 0.3029880035274983840 ) ) ;
#16 = CARTESIAN_POINT ( 'NONE',  ( -0.7470534111479851802, -7.909757755450762318, 3.041405902294445962 ) ) ;
#17 = CARTESIAN_POINT ( 'NONE',  ( 1.727531973270403975, -4.374272699615968207, 1.727531973270403975 ) ) ;
#18 = CARTESIAN_POINT ( 'NONE',  ( 1.315128060534577203, -9.427403846153818989, -3.174999999999999378 ) ) ;
#19 = CARTESIAN_POINT ( 'NONE',  ( -1.113952635284257253, -3.598392823430257792, -2.918398627706976889 ) ) ;
#20 = CARTESIAN_POINT ( 'NONE',  ( -1.023405369093111528, -6.058550441338375947, 3.012648016873450185 ) ) ;
#21 = CARTESIAN_POINT ( 'NONE',  ( 2.885380540133864358, -3.783124042033700007, 1.217905771175809004 ) ) ;
#22 = CARTESIAN_POINT ( 'NONE',  ( 2.692412773949506732, -6.913888740943375133, 1.599312204812422422 ) ) ;
#23 = CARTESIAN_POINT ( 'NONE',  ( -0.6269312739574282034, -7.014928184697052593, 3.123642360693017928 ) ) ;
#24 = CARTESIAN_POINT ( 'NONE',  ( -2.626990216321198890, -3.500000000000000444, -1.685333234703298544 ) ) ;
#25 = VERTEX_POINT ( 'NONE', #4949 ) ;
#26 = VERTEX_POINT ( 'NONE', #2148 ) ;
#27 = LINE ( 'NONE', #2289, #2205 ) ;
#28 = CARTESIAN_POINT ( 'NONE',  ( -1.046060903667667574, -3.716174073981594272, 2.525414420702733587 ) ) ;
#29 = CARTESIAN_POINT ( 'NONE',  ( 0.000000000000000000, 4.000000000000000888, -3.999999999999999112 ) ) ;
#30 = CARTESIAN_POINT ( 'NONE',  ( 1.785737662185200136, -3.533000997058531656, 1.785737662185200136 ) ) ;
#31 = CARTESIAN_POINT ( 'NONE',  ( -0.7882751824404663488, -5.569820730659772678, -3.030899343320955008 ) ) ;
#32 = CARTESIAN_POINT ( 'NONE',  ( -0.6210914231703160704, -5.949570746112644137, 3.061462185883134346 ) ) ;
#33 = EDGE_LOOP ( 'NONE', ( #6713, #2704, #149, #204 ) ) ;
#34 = DIRECTION ( 'NONE',  ( 0.000000000000000000, 0.000000000000000000, 1.000000000000000000 ) ) ;
#35 = EDGE_LOOP ( 'NONE', ( #369, #3376, #2009, #6375 ) ) ;
#36 = CARTESIAN_POINT ( 'NONE',  ( 2.443099146032160718, -3.429092685000226570, 1.011964800508647677 ) ) ;
#37 = CARTESIAN_POINT ( 'NONE',  ( -2.999999999999996003, 3.398087865897942983, -4.056250567976825927 ) ) ;
#38 = FACE_OUTER_BOUND ( 'NONE', #2453, .T. ) ;
#39 = CARTESIAN_POINT ( 'NONE',  ( 0.3282513524038180308, -4.619207223219547132, -3.168728122652091805 ) ) ;
#40 = CARTESIAN_POINT ( 'NONE',  ( -2.525414420702733587, -8.666518233711160590, -1.046060903667667130 ) ) ;
#41 = ORIENTED_EDGE ( 'NONE', *, *, #5787, .F. ) ;
#42 = FACE_BOUND ( 'NONE', #5311, .T. ) ;
#43 = CARTESIAN_POINT ( 'NONE',  ( -0.4427547453367282060, -6.564408613109272927, -3.099781804481508640 ) ) ;
#44 = AXIS2_PLACEMENT_3D ( 'NONE', #4292, #7078, #6531 ) ;
#45 = CARTESIAN_POINT ( 'NONE',  ( -1.863676004041729284, -8.906219950426098819, -1.741179486234711637 ) ) ;
#46 = CARTESIAN_POINT ( 'NONE',  ( -3.124747882512561858, -8.283227002146333007, -0.4649171318413268250 ) ) ;
#47 = CARTESIAN_POINT ( 'NONE',  ( 2.608153578589389454, -3.500000000000000888, -1.082770748533355754 ) ) ;
#48 = CARTESIAN_POINT ( 'NONE',  ( 2.898800092158106079, -7.784697668874529519, 1.321201982761616156 ) ) ;
#49 = CARTESIAN_POINT ( 'NONE',  ( -3.120870332734392960, -8.129587152031458430, -0.2632628178836098343 ) ) ;
#50 = EDGE_CURVE ( 'NONE', #1705, #6300, #6630, .T. ) ;
#51 = B_SPLINE_CURVE_WITH_KNOTS ( 'NONE', 3,
 ( #4097, #6343, #2338, #1310, #73, #5758, #5170, #4059, #2928, #4592, #2299, #4552, #5611, #617, #2851, #5100, #2891, #2408, #6268, #6750, #653, #144, #2819, #688, #6234, #1235, #108, #5066, #5719, #6786, #4659, #1201 ),
 .UNSPECIFIED., .F., .F.,
 ( 4, 2, 2, 2, 2, 2, 2, 2, 2, 2, 2, 2, 2, 2, 2, 4 ),
 ( 0.01627407495658958134, 0.01690043251804534269, 0.01752679007950110404, 0.01815314764095686539, 0.01877950520241263022, 0.01940586276386839157, 0.02003222032532415292, 0.02065857788677991774, 0.02128493544823567910, 0.02191129300969144045, 0.02253765057114720527, 0.02316400813260297009, 0.02379036569405873144, 0.02504308081697025762, 0.02566943837842601897, 0.02629579593988178032 ),
 .UNSPECIFIED. ) ;
#52 = CARTESIAN_POINT ( 'NONE',  ( 3.174999999999999822, -6.679807692307880629, 1.944126793646423041E-16 ) ) ;
#53 = CARTESIAN_POINT ( 'NONE',  ( 2.589330219266839261, -3.774370503584830505, -1.842049019590669356 ) ) ;
#54 = DIRECTION ( 'NONE',  ( 0.000000000000000000, 0.000000000000000000, -1.000000000000000000 ) ) ;
#55 = CARTESIAN_POINT ( 'NONE',  ( 2.937013165182092767, -3.871733457227981123, 1.234588291638924140 ) ) ;
#56 = ORIENTED_EDGE ( 'NONE', *, *, #2867, .T. ) ;
#57 = CARTESIAN_POINT ( 'NONE',  ( -0.3647166376591006176, -6.568302312640367902, -3.110435858005105469 ) ) ;
#58 = CARTESIAN_POINT ( 'NONE',  ( -0.8859328550846869987, -6.967370525555645067, 3.060527499262415851 ) ) ;
#59 = DIRECTION ( 'NONE',  ( -1.445602896647340642E-16, 2.503857664561933855E-16, -1.000000000000000000 ) ) ;
#60 = ADVANCED_FACE ( 'NONE', ( #2254 ), #2480, .T. ) ;
#61 = ORIENTED_EDGE ( 'NONE', *, *, #1526, .T. ) ;
#62 = CARTESIAN_POINT ( 'NONE',  ( 2.524875579817975613, -5.866070743212639549, 1.936195739024304752 ) ) ;
#63 = CARTESIAN_POINT ( 'NONE',  ( 3.092740686834170350E-16, -6.097424073981406956, -2.525414420702734031 ) ) ;
#64 = CARTESIAN_POINT ( 'NONE',  ( 3.174918344441486351, -7.707768313178048558, -0.2098005135502216956 ) ) ;
#65 = DIRECTION ( 'NONE',  ( 0.000000000000000000, -1.000000000000000000, -2.891205793294677340E-16 ) ) ;
#66 = CARTESIAN_POINT ( 'NONE',  ( -2.128450114302092633, -5.492168127392286436, -2.297084727142836069 ) ) ;
#67 = CARTESIAN_POINT ( 'NONE',  ( 0.8153396214672590236, -5.968228653213131452, 3.079811445455113983 ) ) ;
#68 = ORIENTED_EDGE ( 'NONE', *, *, #590, .T. ) ;
#69 = CARTESIAN_POINT ( 'NONE',  ( 2.999999999999996003, 5.732050807568871420, -4.464101615137752610 ) ) ;
#70 = ADVANCED_FACE ( 'NONE', ( #6703 ), #4300, .T. ) ;
#71 = ORIENTED_EDGE ( 'NONE', *, *, #6578, .F. ) ;
#72 = CARTESIAN_POINT ( 'NONE',  ( 2.443099146032160274, -3.368034992692539031, 1.495966774593958618E-16 ) ) ;
#73 = CARTESIAN_POINT ( 'NONE',  ( -1.023181711969806562, -7.423192365721416053, -3.012734004919680686 ) ) ;
#74 = DIRECTION ( 'NONE',  ( 1.000000000000000000, 0.000000000000000000, 0.000000000000000000 ) ) ;
#75 = CARTESIAN_POINT ( 'NONE',  ( 2.192192705802050057, -4.722373623065796444, -2.300457703734146708 ) ) ;
#76 = CARTESIAN_POINT ( 'NONE',  ( 0.6877730989361913183, -4.997822241737170046, 3.110782909775789751 ) ) ;
#77 = CARTESIAN_POINT ( 'NONE',  ( 3.092740686834170350E-16, -4.941999002942223385, -2.525414420702734031 ) ) ;
#78 = VERTEX_POINT ( 'NONE', #1696 ) ;
#79 = FACE_OUTER_BOUND ( 'NONE', #4843, .T. ) ;
#80 = CARTESIAN_POINT ( 'NONE',  ( -0.1381421466771888540, -7.555994615707768425, -3.128183107818454101 ) ) ;
#81 = CARTESIAN_POINT ( 'NONE',  ( 3.092740686834170350E-16, -5.918922079865224006, -2.525414420702734031 ) ) ;
#82 = CARTESIAN_POINT ( 'NONE',  ( 1.408662272202644283, -6.568485138788795474, -2.853032625135535127 ) ) ;
#83 = CARTESIAN_POINT ( 'NONE',  ( -0.5899841797893635720, -8.955884482162089100, -2.419915992064769483 ) ) ;
#84 = CARTESIAN_POINT ( 'NONE',  ( 2.199993431219357642, -8.431046468745140743, -2.065012964888248703 ) ) ;
#85 = CARTESIAN_POINT ( 'NONE',  ( 1.893085382561576990, -7.949265050075188910, 2.484787958848564848 ) ) ;
#86 = CARTESIAN_POINT ( 'NONE',  ( -1.911120479161492192, -7.975695087452976395, 2.481212003759429408 ) ) ;
#87 = CARTESIAN_POINT ( 'NONE',  ( -3.174999999999999378, -8.084134615384693134, 1.315128060534577648 ) ) ;
#88 = AXIS2_PLACEMENT_3D ( 'NONE', #1601, #3883, #4294 ) ;
#89 = CARTESIAN_POINT ( 'NONE',  ( -1.658312395177701681, 1.500000000000000444, -4.000000000000000000 ) ) ;
#90 = CARTESIAN_POINT ( 'NONE',  ( 0.5385296645528484527, -3.939088794057385989, 3.085265123047668201 ) ) ;
#91 = ORIENTED_EDGE ( 'NONE', *, *, #2528, .F. ) ;
#92 = CARTESIAN_POINT ( 'NONE',  ( 2.223974383839156577, -6.708689676831816051, -2.205090160386572684 ) ) ;
#93 = CARTESIAN_POINT ( 'NONE',  ( -2.580394125024990437, -7.070727502606885650, 1.854653527360283771 ) ) ;
#94 = CARTESIAN_POINT ( 'NONE',  ( 1.939493969745196944, -4.038862742779317117, 2.458306027527063620 ) ) ;
#95 = DIRECTION ( 'NONE',  ( -0.8660254037844385966, 0.5000000000000001110, 0.000000000000000000 ) ) ;
#96 = DIRECTION ( 'NONE',  ( 3.026521842945509783E-28, 0.000000000000000000, -1.000000000000000000 ) ) ;
#97 = CARTESIAN_POINT ( 'NONE',  ( 1.046060903667666020, -6.158481766289094494, -2.525414420702734031 ) ) ;
#98 = CARTESIAN_POINT ( 'NONE',  ( -1.385460142027024141E-11, -7.961743449216055701, 3.174999999999999822 ) ) ;
#99 = EDGE_CURVE ( 'NONE', #3834, #1707, #4716, .T. ) ;
#100 = CARTESIAN_POINT ( 'NONE',  ( -1.046060903667667574, -5.670020227827595072, 2.525414420702733587 ) ) ;
#101 = CARTESIAN_POINT ( 'NONE',  ( -0.02027136918334869822, -5.579879207379815576, -3.177627553428699070 ) ) ;
#102 = AXIS2_PLACEMENT_3D ( 'NONE', #1023, #4479, #4374 ) ;
#103 = CARTESIAN_POINT ( 'NONE',  ( -1.732790023426734161, -6.037207539518869126, 2.673496725789205275 ) ) ;
#104 = VERTEX_POINT ( 'NONE', #3536 ) ;
#105 = DIRECTION ( 'NONE',  ( 0.000000000000000000, -0.000000000000000000, 1.000000000000000000 ) ) ;
#106 = ORIENTED_EDGE ( 'NONE', *, *, #371, .T. ) ;
#107 = CARTESIAN_POINT ( 'NONE',  ( 2.443099146032160718, -9.075715007307904258, -1.011964800508647455 ) ) ;
#108 = CARTESIAN_POINT ( 'NONE',  ( -1.597050549188110402, -7.067191184139287152, 2.775126770113469643 ) ) ;
#109 = FACE_OUTER_BOUND ( 'NONE', #33, .T. ) ;
#110 = CARTESIAN_POINT ( 'NONE',  ( -0.7103773577966628894, -4.508574493904225378, -3.097269491610576964 ) ) ;
#111 = CARTESIAN_POINT ( 'NONE',  ( -1.618539866267291405, -5.053618054890998579, 2.744325259509096337 ) ) ;
#112 = CARTESIAN_POINT ( 'NONE',  ( 0.000000000000000000, -4.453537464480723074, 2.525414420702734031 ) ) ;
#113 = EDGE_LOOP ( 'NONE', ( #1780, #68, #3461, #4774 ) ) ;
#114 = CARTESIAN_POINT ( 'NONE',  ( -2.391329742037300754, -4.186325327281267050, 2.098885316971588644 ) ) ;
#115 = CARTESIAN_POINT ( 'NONE',  ( 3.051538395612758858, -6.864527146036833116, 0.7029076490090288010 ) ) ;
#116 = AXIS2_PLACEMENT_3D ( 'NONE', #2319, #6142, #6251 ) ;
#117 = CARTESIAN_POINT ( 'NONE',  ( 3.092740686834170350E-16, -3.965075926019224095, -2.525414420702734031 ) ) ;
#118 = CARTESIAN_POINT ( 'NONE',  ( 0.000000000000000000, -0.4999999999999995559, 0.000000000000000000 ) ) ;
#119 = CIRCLE ( 'NONE', #5038, 3.174999999999999822 ) ;
#120 = CARTESIAN_POINT ( 'NONE',  ( -1.040949779275250017E-16, 3.149999999999998135, -2.000000000000000000 ) ) ;
#121 = CARTESIAN_POINT ( 'NONE',  ( 1.341981356233150402, -3.500000000000002220, -2.725122881250795714 ) ) ;
#122 = CARTESIAN_POINT ( 'NONE',  ( 1.551084472023067207, -7.821407288071801744, 2.782864373908716438 ) ) ;
#123 = CIRCLE ( 'NONE', #4930, 3.000000000000001332 ) ;
#124 = CARTESIAN_POINT ( 'NONE',  ( 1.315128060534577203, -3.565865384615818368, -3.174999999999999378 ) ) ;
#125 = B_SPLINE_CURVE_WITH_KNOTS ( 'NONE', 3,
 ( #4709, #3488, #4564, #6835, #3009, #3594 ),
 .UNSPECIFIED., .F., .F.,
 ( 4, 2, 4 ),
 ( 0.002614009409412740726, 0.003909466513246736240, 0.005204923617080731320 ),
 .UNSPECIFIED. ) ;
#126 = CARTESIAN_POINT ( 'NONE',  ( -3.154389317010497074, -6.271859008017347747, -0.4162388035781895423 ) ) ;
#127 = CARTESIAN_POINT ( 'NONE',  ( -3.143886188428434370, -4.212963428752336981, 0.5155931964774606024 ) ) ;
#128 = ORIENTED_EDGE ( 'NONE', *, *, #1342, .T. ) ;
#129 = CARTESIAN_POINT ( 'NONE',  ( 1.639167697354547482, -6.900731131880939451, 2.731778051781026839 ) ) ;
#130 = CARTESIAN_POINT ( 'NONE',  ( -3.183338959205317398, -7.162144287074179161, 0.1284595042559835143 ) ) ;
#131 = DIRECTION ( 'NONE',  ( 8.659560562354937789E-17, 0.7071067811865471286, -0.7071067811865479058 ) ) ;
#132 = DIRECTION ( 'NONE',  ( -0.5000000000000001110, 0.000000000000000000, 0.8660254037844385966 ) ) ;
#133 = FACE_OUTER_BOUND ( 'NONE', #5188, .T. ) ;
#134 = CARTESIAN_POINT ( 'NONE',  ( -1.785737662185199692, -5.975308689366031878, -1.785737662185200358 ) ) ;
#135 = CARTESIAN_POINT ( 'NONE',  ( -1.724209761182796230, -8.051878094441550004, 2.678552049897847898 ) ) ;
#136 = CARTESIAN_POINT ( 'NONE',  ( -2.525414420702733587, -3.960404843212344428, -1.046060903667667130 ) ) ;
#137 = CARTESIAN_POINT ( 'NONE',  ( 2.539737685862742289, -5.925885252895787936, 1.909829785816909986 ) ) ;
#138 = CARTESIAN_POINT ( 'NONE',  ( 0.5566912462452282551, -5.981335360615456231, 3.137107145811542708 ) ) ;
#139 = EDGE_LOOP ( 'NONE', ( #3797, #5496, #4559, #5441, #3256 ) ) ;
#140 = CARTESIAN_POINT ( 'NONE',  ( 1.499999999999999112, 6.598076211353311571, -6.499999999999999112 ) ) ;
#141 = ADVANCED_FACE ( 'NONE', ( #3571 ), #3025, .F. ) ;
#142 = ORIENTED_EDGE ( 'NONE', *, *, #5715, .F. ) ;
#143 = CARTESIAN_POINT ( 'NONE',  ( 0.000000000000000000, -3.612265761923289631, 2.443099146032160274 ) ) ;
#144 = CARTESIAN_POINT ( 'NONE',  ( -2.853280897431799357, -7.158029224674453239, 1.407999204215695688 ) ) ;
#145 = PLANE ( 'NONE',  #6451 ) ;
#146 = CARTESIAN_POINT ( 'NONE',  ( 2.897010658971553188, -4.935687963446245163, 1.168375324562322071 ) ) ;
#147 = CARTESIAN_POINT ( 'NONE',  ( 2.410506967972644077, -4.805658099666962002, 1.986906507642873132 ) ) ;
#148 = CARTESIAN_POINT ( 'NONE',  ( -2.755755603952774635, -6.334576848728425524, -1.590673462008130645 ) ) ;
#149 = ORIENTED_EDGE ( 'NONE', *, *, #2561, .T. ) ;
#150 = CARTESIAN_POINT ( 'NONE',  ( -3.897114317029981567, 3.999999999999999112, 2.249999999999991118 ) ) ;
#151 = CARTESIAN_POINT ( 'NONE',  ( 1.288832420498280840, -6.651840834992056806, -2.853644374163931019 ) ) ;
#152 = CARTESIAN_POINT ( 'NONE',  ( 2.525414420702734031, -4.148249002942287156, -1.046060903667665576 ) ) ;
#153 = CARTESIAN_POINT ( 'NONE',  ( 2.443099146032160718, -3.336291930385279159, 1.011964800508647677 ) ) ;
#154 = CARTESIAN_POINT ( 'NONE',  ( -1.385460142027024141E-11, -7.961743449216055701, 3.174999999999999822 ) ) ;
#155 = CARTESIAN_POINT ( 'NONE',  ( 2.345563935785913934, -8.571816130653123977, 1.665726029447307299 ) ) ;
#156 = EDGE_CURVE ( 'NONE', #4079, #3622, #5957, .T. ) ;
#157 = CARTESIAN_POINT ( 'NONE',  ( 3.888253587292846081E-16, -5.458653846154129852, -3.174999999999999822 ) ) ;
#158 = CARTESIAN_POINT ( 'NONE',  ( -1.405576726047397029, -6.424954209075740330, -2.854429135099143089 ) ) ;
#159 = CARTESIAN_POINT ( 'NONE',  ( -1.461538957119746351, -4.377791678550520871, -2.770114860457525197 ) ) ;
#160 = ORIENTED_EDGE ( 'NONE', *, *, #2197, .F. ) ;
#161 = CARTESIAN_POINT ( 'NONE',  ( 0.9195011839114625163, -6.940262811362424955, 3.050069295272346270 ) ) ;
#162 = CARTESIAN_POINT ( 'NONE',  ( -2.584648450804891251, -7.326901867821470127, -1.862834152430360213 ) ) ;
#163 = CARTESIAN_POINT ( 'NONE',  ( 3.129753217516042962, -4.880538043231070766, 0.09712312565702960199 ) ) ;
#164 = CARTESIAN_POINT ( 'NONE',  ( -2.986953453687518412, -8.070116760251451637, 0.9402106697558408888 ) ) ;
#165 = CARTESIAN_POINT ( 'NONE',  ( -3.174896246989203696, -5.284933031403729053, -0.2093725809120749737 ) ) ;
#166 = CARTESIAN_POINT ( 'NONE',  ( 1.046060903667666020, -5.181558689366093873, -2.525414420702734031 ) ) ;
#167 = CARTESIAN_POINT ( 'NONE',  ( 0.9826159967645347049, 1.103211995104282250, -6.453934018742400802 ) ) ;
#168 = DIRECTION ( 'NONE',  ( 1.000000000000000000, 0.000000000000000000, 0.000000000000000000 ) ) ;
#169 = CARTESIAN_POINT ( 'NONE',  ( 2.643296903579392954, -5.941009952366738567, 1.664607282124444643 ) ) ;
#170 = CARTESIAN_POINT ( 'NONE',  ( -1.253895106829446382, -6.433428722111888654, -2.928871464045527340 ) ) ;
#171 = ORIENTED_EDGE ( 'NONE', *, *, #5248, .T. ) ;
#172 = CARTESIAN_POINT ( 'NONE',  ( 2.999999999999995559, 2.267949192431119698, -4.464101615137752610 ) ) ;
#173 = EDGE_LOOP ( 'NONE', ( #4044, #5987, #6349, #521, #4403, #3404 ) ) ;
#174 = CARTESIAN_POINT ( 'NONE',  ( -2.674434177760272924, -8.116528664159181616, 1.730814754046008375 ) ) ;
#175 = CARTESIAN_POINT ( 'NONE',  ( 0.8700755033162559382, -0.5299198473247958008, 4.499999999999999112 ) ) ;
#176 = CARTESIAN_POINT ( 'NONE',  ( 3.012636468915613541, -5.814851507870876901, 1.023714720510150222 ) ) ;
#177 = CARTESIAN_POINT ( 'NONE',  ( 3.124382671962821600, -4.865982524509671059, -0.2160039449702612080 ) ) ;
#178 = CARTESIAN_POINT ( 'NONE',  ( -2.734392722171755441, -5.130043562445617766, 1.634938893880669708 ) ) ;
#179 = CARTESIAN_POINT ( 'NONE',  ( -1.046060903667665354, -4.880941310634535846, -2.525414420702734475 ) ) ;
#180 = ORIENTED_EDGE ( 'NONE', *, *, #1117, .F. ) ;
#181 = CARTESIAN_POINT ( 'NONE',  ( 1.406085262759025234, -7.545265834340130873, -2.854214605972893892 ) ) ;
#182 = CARTESIAN_POINT ( 'NONE',  ( -1.578666691640219000, -7.479946726217236552, -2.704201683078758744 ) ) ;
#183 = CARTESIAN_POINT ( 'NONE',  ( 2.525414420702734031, -3.293441310634661168, 1.046060903667665798 ) ) ;
#184 = CARTESIAN_POINT ( 'NONE',  ( 0.000000000000000000, -8.361229772172722008, 2.525414420702734031 ) ) ;
#185 = FACE_OUTER_BOUND ( 'NONE', #5859, .T. ) ;
#186 = CARTESIAN_POINT ( 'NONE',  ( 1.931015051681083561, -4.039206209843340112, 2.455396818617388899 ) ) ;
#187 = FACE_OUTER_BOUND ( 'NONE', #4362, .T. ) ;
#188 = CARTESIAN_POINT ( 'NONE',  ( 2.718436778059669656, -3.500000000000082601, -0.1462433558565443548 ) ) ;
#189 = ADVANCED_FACE ( 'NONE', ( #641 ), #1813, .T. ) ;
#190 = CARTESIAN_POINT ( 'NONE',  ( -1.315128060534576537, -5.397596153846442313, -3.175000000000000266 ) ) ;
#191 = CARTESIAN_POINT ( 'NONE',  ( -3.175019363830315466, -6.261850243748283695, -0.2092971630461203381 ) ) ;
#192 = CARTESIAN_POINT ( 'NONE',  ( -3.084474391874798993, -4.276294601212616620, -0.7981189411267225475 ) ) ;
#193 = VERTEX_POINT ( 'NONE', #4648 ) ;
#194 = CARTESIAN_POINT ( 'NONE',  ( -1.717304485745514198, -7.074728509680035415, 2.673686575234703877 ) ) ;
#195 = CARTESIAN_POINT ( 'NONE',  ( -2.042402884021540022, -7.303645000297139589, -2.445369640789297527 ) ) ;
#196 = CARTESIAN_POINT ( 'NONE',  ( -0.2380643944541468160, -5.131616471179488492, 3.122392982581935428 ) ) ;
#197 = DIRECTION ( 'NONE',  ( -0.8660254037844385966, 0.000000000000000000, -0.5000000000000001110 ) ) ;
#198 = CARTESIAN_POINT ( 'NONE',  ( -5.000000000000000000, 9.000000000000000000, -3.999999999999997335 ) ) ;
#199 = AXIS2_PLACEMENT_3D ( 'NONE', #4333, #7195, #3268 ) ;
#200 = CARTESIAN_POINT ( 'NONE',  ( 2.991933549187917236E-16, -7.031496531153788254, -2.443099146032160274 ) ) ;
#201 = CARTESIAN_POINT ( 'NONE',  ( 0.4767844997393107520, 0.8111700441321771926, -6.287903649265606632 ) ) ;
#202 = CARTESIAN_POINT ( 'NONE',  ( 3.096046874651350755, -5.875765374146665110, 0.4706918424908664855 ) ) ;
#203 = CARTESIAN_POINT ( 'NONE',  ( -1.573134349651395425, -6.324972778526300132, -2.698808036045396985 ) ) ;
#204 = ORIENTED_EDGE ( 'NONE', *, *, #4179, .T. ) ;
#205 = CARTESIAN_POINT ( 'NONE',  ( 2.523649270663512745, -4.889779552443543231, 1.937837148855922953 ) ) ;
#206 = CIRCLE ( 'NONE', #7127, 4.330127018922191873 ) ;
#207 = ORIENTED_EDGE ( 'NONE', *, *, #4050, .F. ) ;
#208 = CARTESIAN_POINT ( 'NONE',  ( -2.164850526411549847, -8.139884030803180792, 2.326187120980402145 ) ) ;
#209 = CARTESIAN_POINT ( 'NONE',  ( 2.999999999999996003, 5.180671232781946856, -4.221414739613219780 ) ) ;
#210 = CARTESIAN_POINT ( 'NONE',  ( 2.525058040240288459, -5.866586355617874560, 1.935917125562217400 ) ) ;
#211 = AXIS2_PLACEMENT_3D ( 'NONE', #5460, #4986, #1525 ) ;
#212 = CARTESIAN_POINT ( 'NONE',  ( 2.451082230121126582, -4.981294350643248769, 1.949358549248615846 ) ) ;
#213 = B_SPLINE_CURVE_WITH_KNOTS ( 'NONE', 3,
 ( #2554, #7040, #2668, #2042, #3726, #5535, #3299, #3188, #5974, #3837 ),
 .UNSPECIFIED., .F., .F.,
 ( 4, 2, 2, 2, 4 ),
 ( 0.02025629623451504630, 0.02110564736149573781, 0.02153032292498608183, 0.02174266070673125731, 0.02195499848847642932 ),
 .UNSPECIFIED. ) ;
#214 = CARTESIAN_POINT ( 'NONE',  ( -2.856526274614109351, -5.346844444107692773, -1.410758095823692937 ) ) ;
#215 = CARTESIAN_POINT ( 'NONE',  ( -1.785737662185200358, -4.575652849096098151, 1.785737662185199470 ) ) ;
#216 = ORIENTED_EDGE ( 'NONE', *, *, #6732, .T. ) ;
#217 = FACE_OUTER_BOUND ( 'NONE', #870, .T. ) ;
#218 = CARTESIAN_POINT ( 'NONE',  ( -3.094977215679465044, -8.272398366180489404, 0.4751878093000558856 ) ) ;
#219 = CARTESIAN_POINT ( 'NONE',  ( 0.000000000000000000, -5.430460541403723695, 2.525414420702734031 ) ) ;
#220 = B_SPLINE_CURVE_WITH_KNOTS ( 'NONE', 3,
 ( #5434, #2085, #2635, #3771, #6016, #188, #4112, #4639, #47, #5146, #6357, #2386, #6908, #2274, #121, #2352, #5075, #3563 ),
 .UNSPECIFIED., .F., .F.,
 ( 4, 2, 2, 2, 2, 2, 2, 2, 4 ),
 ( 1.223756431218073096E-17, 0.0007032470731179870857, 0.001406494146235961811, 0.002109741219353936971, 0.002812988292471911046, 0.003516235365589885989, 0.004219482438707860064, 0.004922729511825835874, 0.005625976584943809949 ),
 .UNSPECIFIED. ) ;
#221 = CARTESIAN_POINT ( 'NONE',  ( 1.046060903667666020, -7.933825926018911012, -2.525414420702734031 ) ) ;
#222 = CARTESIAN_POINT ( 'NONE',  ( -2.712516546627812719, -8.120249741034079705, 1.655175151510017484 ) ) ;
#223 = CARTESIAN_POINT ( 'NONE',  ( 3.029933416466818574, -3.936867039589637240, 0.7597890427037884420 ) ) ;
#224 = DIRECTION ( 'NONE',  ( 1.445602896647340642E-16, -2.503857664561933855E-16, 1.000000000000000000 ) ) ;
#225 = CARTESIAN_POINT ( 'NONE',  ( -2.389049958658432615, -5.296293878689317225, -2.024052816134133792 ) ) ;
#226 = CIRCLE ( 'NONE', #4337, 5.000000000000000000 ) ;
#227 = ADVANCED_FACE ( 'NONE', ( #5121 ), #1297, .F. ) ;
#228 = CC_DESIGN_DATE_AND_TIME_ASSIGNMENT ( #3098, #3248, ( #6062 ) ) ;
#229 = VECTOR ( 'NONE', #7016, 1000.000000000000000 ) ;
#230 = CARTESIAN_POINT ( 'NONE',  ( -2.279779707479816953, -3.380412947385717626, -2.210348353054760295 ) ) ;
#231 = CARTESIAN_POINT ( 'NONE',  ( -2.525140750421332569, -6.354508719105321113, -1.935797914072928005 ) ) ;
#232 = CARTESIAN_POINT ( 'NONE',  ( -3.185870929277777819, -4.238122883356248316, -0.008926959452311682836 ) ) ;
#233 = CARTESIAN_POINT ( 'NONE',  ( 2.251344532992769931, -6.863020099118959827, 2.242579196512222151 ) ) ;
#234 = CARTESIAN_POINT ( 'NONE',  ( -2.538151699294169727, -7.238287558121099252, -1.834875318805076150 ) ) ;
#235 = CARTESIAN_POINT ( 'NONE',  ( -0.9769394882913274847, -5.169352496332516367, 2.974963041983224699 ) ) ;
#236 = AXIS2_PLACEMENT_3D ( 'NONE', #4288, #4952, #2118 ) ;
#237 = DIRECTION ( 'NONE',  ( 0.000000000000000000, -1.000000000000000000, -0.000000000000000000 ) ) ;
#238 = CARTESIAN_POINT ( 'NONE',  ( -3.073573978008305563, -5.235080092859321965, 0.8225781538624459266 ) ) ;
#239 = CARTESIAN_POINT ( 'NONE',  ( 1.011964800508647899, -7.092554223461474017, -2.443099146032160718 ) ) ;
#240 = CARTESIAN_POINT ( 'NONE',  ( -2.999999999999996891, 5.732050807568874085, -6.035898384862246502 ) ) ;
#241 = CARTESIAN_POINT ( 'NONE',  ( -1.023548016451338194, -5.082150905123487661, 3.012665495393289650 ) ) ;
#242 = CIRCLE ( 'NONE', #2686, 2.493104151401475566 ) ;
#243 = CARTESIAN_POINT ( 'NONE',  ( 2.196431313335867497, -5.950954078845282602, 2.307589355868740810 ) ) ;
#244 = CARTESIAN_POINT ( 'NONE',  ( -1.250982935055760192, -6.372787374661571747, -2.930120483374956564 ) ) ;
#245 = ORIENTED_EDGE ( 'NONE', *, *, #6126, .F. ) ;
#246 = CARTESIAN_POINT ( 'NONE',  ( 2.524234999317914507, 1.993266141216318621, -4.212898027095807407 ) ) ;
#247 = ORIENTED_EDGE ( 'NONE', *, *, #2423, .T. ) ;
#248 = CARTESIAN_POINT ( 'NONE',  ( -2.068079914722184665, -8.072965041033018707, 2.412631913789729410 ) ) ;
#249 = CARTESIAN_POINT ( 'NONE',  ( 2.999999999999996003, 3.999999999999997335, -4.000000000000000888 ) ) ;
#250 = CARTESIAN_POINT ( 'NONE',  ( 2.853157535292670133, -5.835776140240865217, 1.408354501406578141 ) ) ;
#251 = CARTESIAN_POINT ( 'NONE',  ( 2.976413578987771480, -4.827299617096630691, -0.9738252688433670645 ) ) ;
#252 = CARTESIAN_POINT ( 'NONE',  ( -2.732776459813596404, -5.190685715006789103, 1.637626252075927491 ) ) ;
#253 = DIRECTION ( 'NONE',  ( 0.000000000000000000, 0.000000000000000000, 1.000000000000000000 ) ) ;
#254 = VERTEX_POINT ( 'NONE', #780 ) ;
#255 = CARTESIAN_POINT ( 'NONE',  ( -2.886751345948121994, 3.183503419072245322, -3.999999999999999112 ) ) ;
#256 = CARTESIAN_POINT ( 'NONE',  ( 2.880352307681733226, -7.744177854826031826, -1.228161012958175480 ) ) ;
#257 = CARTESIAN_POINT ( 'NONE',  ( 3.888253587292846081E-16, -6.557692307692499334, -3.174999999999999822 ) ) ;
#258 = CARTESIAN_POINT ( 'NONE',  ( 0.000000000000000000, -7.384306695249723163, 2.525414420702734031 ) ) ;
#259 = CARTESIAN_POINT ( 'NONE',  ( -3.134278315167466911, -8.178737148092617204, 0.5700653682577345727 ) ) ;
#260 = CARTESIAN_POINT ( 'NONE',  ( 2.029889007179564331, -4.032950142478410882, 2.374333919394438830 ) ) ;
#261 = CARTESIAN_POINT ( 'NONE',  ( 0.000000000000000000, 9.000000000000000000, 2.571758278209441267E-15 ) ) ;
#262 = CARTESIAN_POINT ( 'NONE',  ( -2.908115185456003005, -5.245384685992450891, -1.161176771813157593 ) ) ;
#263 = CARTESIAN_POINT ( 'NONE',  ( 2.525414420702734031, -9.272424073981156312, 1.546370343417085175E-16 ) ) ;
#264 = CARTESIAN_POINT ( 'NONE',  ( 3.073589461022594005, -3.850493425300486994, 0.8225112103583873679 ) ) ;
#265 = CARTESIAN_POINT ( 'NONE',  ( -2.098796896923376121, -4.338981457451198231, -2.324559488748611624 ) ) ;
#266 = CARTESIAN_POINT ( 'NONE',  ( 0.5929325193704371166, -7.502370819187340167, -3.121877115676324976 ) ) ;
#267 = CARTESIAN_POINT ( 'NONE',  ( -2.787568590455118400, -7.246550251848340451, -1.525639044321666749 ) ) ;
#268 = CARTESIAN_POINT ( 'NONE',  ( 2.693644512972636740, -4.792361210722580367, -1.596462385096959258 ) ) ;
#269 = CARTESIAN_POINT ( 'NONE',  ( 2.506122536711018700, -6.752466553231595725, 1.877513557650915654 ) ) ;
#270 = CARTESIAN_POINT ( 'NONE',  ( -2.853558342088430066, -5.346743638776792373, -1.407363921259696893 ) ) ;
#271 = DATE_AND_TIME ( #2654, #6722 ) ;
#272 = CARTESIAN_POINT ( 'NONE',  ( 2.443099146032160718, -8.313708069615227458, 1.011964800508647677 ) ) ;
#273 = DIRECTION ( 'NONE',  ( -1.445602896647340642E-16, 2.503857664561933855E-16, -1.000000000000000000 ) ) ;
#274 = CARTESIAN_POINT ( 'NONE',  ( -0.2260709092208194604, -8.350542313234846858, -3.112930950521861639 ) ) ;
#275 = CARTESIAN_POINT ( 'NONE',  ( 0.000000000000000000, 3.999999999999999112, -6.633490009669500864 ) ) ;
#276 = ADVANCED_FACE ( 'NONE', ( #2325 ), #4720, .T. ) ;
#277 = CARTESIAN_POINT ( 'NONE',  ( 0.8400866306153536023, -5.967466204686062703, 3.072887803803378670 ) ) ;
#278 = CARTESIAN_POINT ( 'NONE',  ( -1.715949537356698418, -6.346287014102182766, -2.674628579194084033 ) ) ;
#279 = ORIENTED_EDGE ( 'NONE', *, *, #2020, .T. ) ;
#280 = DIRECTION ( 'NONE',  ( 0.000000000000000000, 0.000000000000000000, -1.000000000000000000 ) ) ;
#281 = ADVANCED_FACE ( 'NONE', ( #3978 ), #1331, .F. ) ;
#282 = ORIENTED_EDGE ( 'NONE', *, *, #4450, .F. ) ;
#283 = CARTESIAN_POINT ( 'NONE',  ( -3.131652872689620892, -8.295307570117651963, -0.003460239417384406921 ) ) ;
#284 = DIRECTION ( 'NONE',  ( -0.000000000000000000, -1.000000000000000000, -0.000000000000000000 ) ) ;
#285 = CARTESIAN_POINT ( 'NONE',  ( 1.023378535244101606, -5.570604741322264353, -3.012657129070812623 ) ) ;
#286 = EDGE_CURVE ( 'NONE', #290, #1450, #2444, .T. ) ;
#287 = CARTESIAN_POINT ( 'NONE',  ( 3.082693364143322956, -4.902914428508869271, 0.5513763852301933888 ) ) ;
#288 = CARTESIAN_POINT ( 'NONE',  ( -3.120730998609944074, -5.192960002699734900, -0.1391551800526149851 ) ) ;
#289 = CARTESIAN_POINT ( 'NONE',  ( 1.134978474319204178, -8.935799114198960780, -2.234819426043916923 ) ) ;
#290 = VERTEX_POINT ( 'NONE', #413 ) ;
#291 = DIRECTION ( 'NONE',  ( 0.000000000000000000, -1.659563602185054515E-16, -1.000000000000000000 ) ) ;
#292 = CARTESIAN_POINT ( 'NONE',  ( -0.5653824433437059094, 1.162810538839873731, -4.000000000000000000 ) ) ;
#293 = CARTESIAN_POINT ( 'NONE',  ( -1.315128060534579202, -8.084134615384687805, 3.174999999999999378 ) ) ;
#294 = CARTESIAN_POINT ( 'NONE',  ( 1.046060903667666020, -6.956902849095910391, -2.525414420702734031 ) ) ;
#295 = CARTESIAN_POINT ( 'NONE',  ( -2.525414420702733587, -8.722904843211969350, 1.046060903667666242 ) ) ;
#296 = CARTESIAN_POINT ( 'NONE',  ( 1.413014619162434204, -4.043632152957592929, 2.855153901111503689 ) ) ;
#297 = CLOSED_SHELL ( 'NONE', ( #3414, #6380 ) ) ;
#298 = CARTESIAN_POINT ( 'NONE',  ( 1.055567259724158991, -8.916893271605015769, -2.294230972786253098 ) ) ;
#299 = CARTESIAN_POINT ( 'NONE',  ( 2.558673993294689808, -4.794160396144548031, 1.804853752892028984 ) ) ;
#300 = B_SPLINE_CURVE_WITH_KNOTS ( 'NONE', 3,
 ( #4405, #6610, #4923, #7159, #1603, #3847, #580, #3444 ),
 .UNSPECIFIED., .F., .F.,
 ( 4, 2, 2, 4 ),
 ( 0.003606938659713746810, 0.004055414134925773052, 0.004503889610137798427, 0.005400840560561851779 ),
 .UNSPECIFIED. ) ;
#301 = CARTESIAN_POINT ( 'NONE',  ( 1.785737662185200136, -8.417616381673530768, 1.785737662185200136 ) ) ;
#302 = CARTESIAN_POINT ( 'NONE',  ( 1.936993126866940251, -6.598813239251717810, -2.524189626258287245 ) ) ;
#303 = CARTESIAN_POINT ( 'NONE',  ( 0.1749047238990539821, -4.489890728794655672, -3.172907536038152898 ) ) ;
#304 = CARTESIAN_POINT ( 'NONE',  ( -3.130488721111299277, -7.322673370799829051, -0.08604903853513885814 ) ) ;
#305 = CARTESIAN_POINT ( 'NONE',  ( -0.6216385859761804911, -7.382510428552072845, -3.116346655886330197 ) ) ;
#306 = CARTESIAN_POINT ( 'NONE',  ( 1.192074047109879631, -4.692605129547708032, -2.895551506085547455 ) ) ;
#307 = CARTESIAN_POINT ( 'NONE',  ( -3.036556239772348231, -7.177958834214165584, -0.7639615522453141461 ) ) ;
#308 = CARTESIAN_POINT ( 'NONE',  ( -1.936001132835015293, -5.417063890351194289, -2.525073475169338000 ) ) ;
#309 = COORDINATED_UNIVERSAL_TIME_OFFSET ( 6, 0, .BEHIND. ) ;
#310 = CARTESIAN_POINT ( 'NONE',  ( -1.011964800508647233, -6.970438838846100715, -2.443099146032161162 ) ) ;
#311 = B_SPLINE_CURVE_WITH_KNOTS ( 'NONE', 3,
 ( #1742, #6231, #2335, #6747, #6854, #1779 ),
 .UNSPECIFIED., .F., .F.,
 ( 4, 2, 4 ),
 ( 0.01350754160783914498, 0.01480445163937007570, 0.01610136167090100642 ),
 .UNSPECIFIED. ) ;
#312 = CARTESIAN_POINT ( 'NONE',  ( -0.3882165267451062052, -3.499999999999999556, 2.495396947312249036 ) ) ;
#313 = CARTESIAN_POINT ( 'NONE',  ( -1.499999999999999334, 1.401923788646683322, -4.000000000000000000 ) ) ;
#314 = DIRECTION ( 'NONE',  ( -1.445602896647340642E-16, 2.503857664561933855E-16, -1.000000000000000000 ) ) ;
#315 = CARTESIAN_POINT ( 'NONE',  ( -3.068848429150391244, -6.292987319111537303, -0.8245527114205906116 ) ) ;
#316 = CARTESIAN_POINT ( 'NONE',  ( -2.745450910785824483, -6.241822331730705109, -1.506986233211772941 ) ) ;
#317 = CARTESIAN_POINT ( 'NONE',  ( 0.4768316469221760556, -3.499999999999999556, -3.084487830482147253 ) ) ;
#318 = AXIS2_PLACEMENT_3D ( 'NONE', #6830, #6168, #6240 ) ;
#319 = ORIENTED_EDGE ( 'NONE', *, *, #4502, .F. ) ;
#320 = CARTESIAN_POINT ( 'NONE',  ( -2.166948076841020310, -8.079235502311016504, 2.324234310061510822 ) ) ;
#321 = EDGE_CURVE ( 'NONE', #1608, #6964, #1249, .T. ) ;
#322 = CARTESIAN_POINT ( 'NONE',  ( 4.814824860968089633E-32, 1.097787357076614567, -4.000000000000000000 ) ) ;
#323 = DIRECTION ( 'NONE',  ( 1.000000000000000000, 0.000000000000000000, 0.000000000000000000 ) ) ;
#324 = CARTESIAN_POINT ( 'NONE',  ( -1.970455217520416413, -5.135918359361712149, 2.503206030399053983 ) ) ;
#325 = AXIS2_PLACEMENT_3D ( 'NONE', #329, #1351, #5870 ) ;
#326 = CARTESIAN_POINT ( 'NONE',  ( -2.418225196401054600, -5.386076669817029483, -2.074471907414242811 ) ) ;
#327 = CARTESIAN_POINT ( 'NONE',  ( 0.8499999999999999778, 3.999999999999999112, -3.999999999999998224 ) ) ;
#328 = EDGE_LOOP ( 'NONE', ( #2114, #2164, #449 ) ) ;
#329 = CARTESIAN_POINT ( 'NONE',  ( 0.000000000000000000, -3.499999999999999556, 0.000000000000000000 ) ) ;
#330 = CARTESIAN_POINT ( 'NONE',  ( 1.556176720269531799, -7.969723029041086981, 2.717110893954729711 ) ) ;
#331 = CARTESIAN_POINT ( 'NONE',  ( 1.727611318987340550, -5.522168928312233938, -2.611602454764213821 ) ) ;
#332 = CIRCLE ( 'NONE', #6771, 2.999999999999997335 ) ;
#333 = CARTESIAN_POINT ( 'NONE',  ( 1.315128060534577203, -6.618750000000185985, -3.174999999999999378 ) ) ;
#334 = CARTESIAN_POINT ( 'NONE',  ( 1.727531973270403975, -3.153118853462216542, -1.727531973270403975 ) ) ;
#335 = CARTESIAN_POINT ( 'NONE',  ( 2.525414420702734031, -7.379635612442843495, 1.046060903667665798 ) ) ;
#336 = CARTESIAN_POINT ( 'NONE',  ( 3.183035405033451504, -3.816550868395574891, 0.1296966552645899828 ) ) ;
#337 = CARTESIAN_POINT ( 'NONE',  ( -2.773101850365458532, 3.999999999999999112, -10.55081359889071457 ) ) ;
#338 = ORIENTED_EDGE ( 'NONE', *, *, #481, .T. ) ;
#339 = CARTESIAN_POINT ( 'NONE',  ( -1.492155065373892864, -5.019822516473746887, 2.752887576416143123 ) ) ;
#340 = CONICAL_SURFACE ( 'NONE', #6314, 4.500000000000000888, 1.134464013796316673 ) ;
#341 = CARTESIAN_POINT ( 'NONE',  ( -2.525414420702733587, -5.914250997058344339, -1.046060903667667130 ) ) ;
#342 = CARTESIAN_POINT ( 'NONE',  ( -3.087215852745923694, -8.316746968317703548, -0.4885114645579498038 ) ) ;
#343 = B_SPLINE_CURVE_WITH_KNOTS ( 'NONE', 3,
 ( #1094, #3337, #5574, #7080, #3770, #2048, #2716, #405 ),
 .UNSPECIFIED., .F., .F.,
 ( 4, 2, 2, 4 ),
 ( 2.544334156052929032E-07, 0.0008979680449067901655, 0.001346824850652382673, 0.001795681656397975180 ),
 .UNSPECIFIED. ) ;
#344 = CARTESIAN_POINT ( 'NONE',  ( 1.999958025984763799, -4.648733878286759769, -2.480264921940155354 ) ) ;
#345 = CARTESIAN_POINT ( 'NONE',  ( -0.7078289210368418072, -7.439473158631077609, -3.097846187666277284 ) ) ;
#346 = CARTESIAN_POINT ( 'NONE',  ( 1.782851389078972559, -7.868701293938700658, 2.640305259813860328 ) ) ;
#347 = CARTESIAN_POINT ( 'NONE',  ( -2.848790714934195556, -6.274799026788260292, 1.299659026940240825 ) ) ;
#348 = AXIS2_PLACEMENT_3D ( 'NONE', #668, #5011, #600 ) ;
#349 = CARTESIAN_POINT ( 'NONE',  ( 1.111549890319571521, -6.839706602868769636, 2.927451132582893578 ) ) ;
#350 = CARTESIAN_POINT ( 'NONE',  ( 1.046060903667665798, -9.277095156788035979, 2.525414420702734031 ) ) ;
#351 = APPROVAL_ROLE ( '' ) ;
#352 = CARTESIAN_POINT ( 'NONE',  ( 0.000000000000000000, -6.543034992692288832, 2.443099146032160274 ) ) ;
#353 = LINE ( 'NONE', #1995, #5508 ) ;
#354 = DIRECTION ( 'NONE',  ( 0.000000000000000000, 1.000000000000000000, -2.891205793294680298E-16 ) ) ;
#355 = CARTESIAN_POINT ( 'NONE',  ( 2.999999999999996003, 5.732050807568871420, -4.464101615137752610 ) ) ;
#356 = CARTESIAN_POINT ( 'NONE',  ( 0.9547708811157022968, -3.612538563849297280, -3.039562155030934409 ) ) ;
#357 = CARTESIAN_POINT ( 'NONE',  ( -1.793126764014951524, -6.490218176807347916, -2.567405891704876542 ) ) ;
#358 = CARTESIAN_POINT ( 'NONE',  ( 2.619892304890960144, -6.585638883516288011, -1.798364380208136604 ) ) ;
#359 = DIRECTION ( 'NONE',  ( -0.000000000000000000, -1.000000000000000000, -1.836970198721029688E-16 ) ) ;
#360 = ORIENTED_EDGE ( 'NONE', *, *, #3053, .T. ) ;
#361 = CARTESIAN_POINT ( 'NONE',  ( -2.802989960021294635, -8.344768113295591760, -1.514321497267728578 ) ) ;
#362 = DIRECTION ( 'NONE',  ( 0.000000000000000000, -1.000000000000000000, -2.891205793294677340E-16 ) ) ;
#363 = EDGE_CURVE ( 'NONE', #1741, #4022, #3662, .T. ) ;
#364 = CONICAL_SURFACE ( 'NONE', #5163, 2.999999999999998224, 0.7853981633974500554 ) ;
#365 = DIRECTION ( 'NONE',  ( 1.000000000000000000, -0.000000000000000000, 0.000000000000000000 ) ) ;
#366 = CARTESIAN_POINT ( 'NONE',  ( -3.088556168419811065, -5.298630544592403346, 0.7807112557523328000 ) ) ;
#367 = CARTESIAN_POINT ( 'NONE',  ( -2.680744501739811270, -5.271485774478677833, -1.619638472047537192 ) ) ;
#368 = CARTESIAN_POINT ( 'NONE',  ( -0.8691405556513469577, -0.5299427563681046172, -4.500000000000000000 ) ) ;
#369 = ORIENTED_EDGE ( 'NONE', *, *, #4126, .T. ) ;
#370 = CARTESIAN_POINT ( 'NONE',  ( 2.119902860583477128E-31, 3.999999999999998224, -6.500000000000000000 ) ) ;
#371 = EDGE_CURVE ( 'NONE', #4055, #4342, #6293, .T. ) ;
#372 = CARTESIAN_POINT ( 'NONE',  ( -2.515615460955386684, -8.195441584365703136, 1.864661514648007890 ) ) ;
#373 = CARTESIAN_POINT ( 'NONE',  ( 2.795891061180689530, -5.747798590055073653, 1.410110749838960897 ) ) ;
#374 = EDGE_CURVE ( 'NONE', #4475, #26, #3015, .T. ) ;
#375 = CARTESIAN_POINT ( 'NONE',  ( -1.315128060534576537, -6.496634615384811795, -3.175000000000000266 ) ) ;
#376 = CARTESIAN_POINT ( 'NONE',  ( -1.046060903667667574, -5.491518233711412122, 2.525414420702733587 ) ) ;
#377 = CARTESIAN_POINT ( 'NONE',  ( -0.8842025003063892497, -4.097999295391408836, 3.052204489103010232 ) ) ;
#378 = CARTESIAN_POINT ( 'NONE',  ( -9.614703467775485757E-18, 3.999999999999999112, -6.699999999999999289 ) ) ;
#379 = ORIENTED_EDGE ( 'NONE', *, *, #6418, .T. ) ;
#380 = CARTESIAN_POINT ( 'NONE',  ( -3.065551171198395153, -4.240661470929568466, -0.6377397098523105434 ) ) ;
#381 = CARTESIAN_POINT ( 'NONE',  ( 0.000000000000000000, -6.585885612442906378, 2.525414420702734031 ) ) ;
#382 = DIRECTION ( 'NONE',  ( 0.000000000000000000, 0.000000000000000000, 1.000000000000000000 ) ) ;
#383 = CARTESIAN_POINT ( 'NONE',  ( 3.129164317299935050, -4.815435166132866485, 0.5987249629044184562 ) ) ;
#384 = CARTESIAN_POINT ( 'NONE',  ( -2.097947747596438539, -7.422258652806799084, -2.397309698159337810 ) ) ;
#385 = ADVANCED_FACE ( 'NONE', ( #79, #42 ), #1241, .T. ) ;
#386 = CARTESIAN_POINT ( 'NONE',  ( 3.122836253922025129, -7.628418390403110649, -0.5882014888735254132 ) ) ;
#387 = CARTESIAN_POINT ( 'NONE',  ( -1.026917926893713640, -6.148967560825393974, 2.958016715832566312 ) ) ;
#388 = CARTESIAN_POINT ( 'NONE',  ( -1.781867930761162011, -6.990831661749907333, 2.575030782321035439 ) ) ;
#389 = CARTESIAN_POINT ( 'NONE',  ( -1.046060903667667574, -7.445364387557410701, 2.525414420702733587 ) ) ;
#390 = FACE_OUTER_BOUND ( 'NONE', #4644, .T. ) ;
#391 = CARTESIAN_POINT ( 'NONE',  ( 0.000000000000000000, 3.999999999999999112, -16.50000000047880633 ) ) ;
#392 = CARTESIAN_POINT ( 'NONE',  ( -2.854477142427457537, -4.369721151259800429, -1.405603004243408227 ) ) ;
#393 = CARTESIAN_POINT ( 'NONE',  ( 0.7008754479416560157, -3.599431294332204878, -3.108050714837069961 ) ) ;
#394 = CARTESIAN_POINT ( 'NONE',  ( -0.6234783113083695039, -6.466973784223458921, -3.124208147505329158 ) ) ;
#395 = CARTESIAN_POINT ( 'NONE',  ( 3.185308108617776135, -6.744029766999755537, 0.06985794706602815873 ) ) ;
#396 = FACE_OUTER_BOUND ( 'NONE', #2816, .T. ) ;
#397 = ORIENTED_EDGE ( 'NONE', *, *, #2961, .T. ) ;
#398 = AXIS2_PLACEMENT_3D ( 'NONE', #5391, #3656, #3693 ) ;
#399 = CARTESIAN_POINT ( 'NONE',  ( -2.525414420702733587, -6.891174073981343184, -1.046060903667667130 ) ) ;
#400 = CARTESIAN_POINT ( 'NONE',  ( 0.8700755033162558272, -0.5299198473247960228, -4.500000000000000000 ) ) ;
#401 = CARTESIAN_POINT ( 'NONE',  ( -3.177694139601935586, -5.336449752586477580, 0.0008082169829236904128 ) ) ;
#402 = CARTESIAN_POINT ( 'NONE',  ( 2.101252944866446537, -5.571050975900433855, -2.394806161385914400 ) ) ;
#403 = DIRECTION ( 'NONE',  ( 0.000000000000000000, 1.000000000000000000, -2.891205793294680298E-16 ) ) ;
#404 = ORIENTED_EDGE ( 'NONE', *, *, #3589, .T. ) ;
#405 = CARTESIAN_POINT ( 'NONE',  ( 1.499999999999999112, 1.401923788646683766, -6.500000000000000888 ) ) ;
#406 = DIRECTION ( 'NONE',  ( 0.000000000000000000, 0.000000000000000000, 1.000000000000000000 ) ) ;
#407 = CARTESIAN_POINT ( 'NONE',  ( -0.3361087736995252984, -5.935099098258858064, 3.113262743138622390 ) ) ;
#408 = DIRECTION ( 'NONE',  ( 0.000000000000000000, -1.000000000000000000, -3.469446951953615175E-16 ) ) ;
#409 = CARTESIAN_POINT ( 'NONE',  ( 2.525414420702734031, -4.209306695249973806, 1.546370343417085175E-16 ) ) ;
#410 = CARTESIAN_POINT ( 'NONE',  ( -3.147486675125214184, -4.338792404301917927, 0.4371259763421487254 ) ) ;
#411 = LINE ( 'NONE', #915, #6092 ) ;
#412 = ORIENTED_EDGE ( 'NONE', *, *, #2561, .F. ) ;
#413 = CARTESIAN_POINT ( 'NONE',  ( -0.8070971375544091497, -8.321182697435389741, -3.014965247588844210 ) ) ;
#414 = PRODUCT_DEFINITION_FORMATION_WITH_SPECIFIED_SOURCE ( 'ANY', '', #5552, .NOT_KNOWN. ) ;
#415 = EDGE_CURVE ( 'NONE', #104, #2404, #5716, .T. ) ;
#416 = CLOSED_SHELL ( 'NONE', ( #2063, #1132, #2790, #4676, #6105, #7008, #5266, #4266, #2921, #3940, #6250, #4321, #5210, #3633, #189, #7090, #2379, #2128, #141, #6659, #4083, #70, #6270, #4364, #6283, #1700, #4001, #227, #2699, #5928, #4725, #5339, #3900, #60, #1261, #3738, #4172, #6831, #4948, #2349 ) ) ;
#417 = CARTESIAN_POINT ( 'NONE',  ( -2.525414420702733587, -4.815212535519970416, 1.046060903667666242 ) ) ;
#418 = ADVANCED_FACE ( 'NONE', ( #6755 ), #5726, .T. ) ;
#419 = CARTESIAN_POINT ( 'NONE',  ( 3.174901568921039363, -6.750296318825411923, 0.2089156514132865516 ) ) ;
#420 = CARTESIAN_POINT ( 'NONE',  ( 1.326165306163107349, -4.548650322115531885, -2.896792381286106721 ) ) ;
#421 = CARTESIAN_POINT ( 'NONE',  ( 0.4592336147799144230, -7.556526533233308029, -3.144343670148217029 ) ) ;
#422 = CARTESIAN_POINT ( 'NONE',  ( 2.414549514261808305, -7.736115495115746477, 1.981978911924737297 ) ) ;
#423 = CARTESIAN_POINT ( 'NONE',  ( -1.913184905773775535, -6.200195813496939934, 2.478897635857081561 ) ) ;
#424 = CARTESIAN_POINT ( 'NONE',  ( 2.663203191387182311, -7.541929692271897245, -1.647252284921162158 ) ) ;
#425 = CARTESIAN_POINT ( 'NONE',  ( -1.046060903667665354, -6.834787464480536201, -2.525414420702734475 ) ) ;
#426 = COORDINATED_UNIVERSAL_TIME_OFFSET ( 6, 0, .BEHIND. ) ;
#427 = DIRECTION ( 'NONE',  ( -1.445602896647343847E-16, 0.000000000000000000, -1.000000000000000000 ) ) ;
#428 = CARTESIAN_POINT ( 'NONE',  ( 3.680738696364783458, -3.499999999999999112, -2.624773568511361344 ) ) ;
#429 = CARTESIAN_POINT ( 'NONE',  ( 2.017384003235463297, 6.299364417810907391, -4.046065981257600974 ) ) ;
#430 = CARTESIAN_POINT ( 'NONE',  ( 2.943322303924114980, -3.666937953840968323, -1.070878380758269355 ) ) ;
#431 = CARTESIAN_POINT ( 'NONE',  ( -2.903227600302391131, -6.401225995008647196, -1.174196081212603104 ) ) ;
#432 = CARTESIAN_POINT ( 'NONE',  ( 2.828176630688879811, -6.665841102111986771, -1.466724921681709093 ) ) ;
#433 = CARTESIAN_POINT ( 'NONE',  ( 3.154731626991518212, -3.829465522584543091, 0.4145332104247124172 ) ) ;
#434 = ORIENTED_EDGE ( 'NONE', *, *, #5527, .F. ) ;
#435 = CARTESIAN_POINT ( 'NONE',  ( 1.022196636466936592, -5.570021568541005941, -3.013231562158058097 ) ) ;
#436 = CARTESIAN_POINT ( 'NONE',  ( -2.525414420702733587, -8.845020227827344428, -1.046060903667667130 ) ) ;
#437 = DIRECTION ( 'NONE',  ( 0.000000000000000000, -1.000000000000000000, -2.891205793294677340E-16 ) ) ;
#438 = CARTESIAN_POINT ( 'NONE',  ( -2.474980937492197608, -5.261304149362175053, 1.919141541725313482 ) ) ;
#439 = CARTESIAN_POINT ( 'NONE',  ( 0.4346698976550137372, -5.539984952258497408, -3.156366164212118353 ) ) ;
#440 = CARTESIAN_POINT ( 'NONE',  ( -0.7267953370932944690, -3.500000000000000444, -3.102128393245281668 ) ) ;
#441 = VERTEX_POINT ( 'NONE', #1280 ) ;
#442 = DIRECTION ( 'NONE',  ( -1.445602896647343847E-16, 0.000000000000000000, -1.000000000000000000 ) ) ;
#443 = CARTESIAN_POINT ( 'NONE',  ( 1.551488422595186822, -6.488652674984718871, -2.720009554053381517 ) ) ;
#444 = CARTESIAN_POINT ( 'NONE',  ( 2.245064030267288402, -3.749038461538875211, -2.245064030267287958 ) ) ;
#445 = CARTESIAN_POINT ( 'NONE',  ( 1.046060903667665798, -3.415556695250036245, 2.525414420702734031 ) ) ;
#446 = AXIS2_PLACEMENT_3D ( 'NONE', #6417, #4740, #4104 ) ;
#447 = CARTESIAN_POINT ( 'NONE',  ( -2.883866328963049064, -4.428050874489978028, -1.353432444706992754 ) ) ;
#448 = DIRECTION ( 'NONE',  ( 0.8660254037844328234, -7.998750567307696721E-17, 0.5000000000000101030 ) ) ;
#449 = ORIENTED_EDGE ( 'NONE', *, *, #3106, .F. ) ;
#450 = CARTESIAN_POINT ( 'NONE',  ( -3.129032267588891969, -4.203729939939028881, 0.1180216252742042754 ) ) ;
#451 = AXIS2_PLACEMENT_3D ( 'NONE', #2360, #5088, #566 ) ;
#452 = CARTESIAN_POINT ( 'NONE',  ( -1.046060903667667574, -8.600789458596594272, 2.525414420702733587 ) ) ;
#453 = CIRCLE ( 'NONE', #3493, 4.500000000000000888 ) ;
#454 = CARTESIAN_POINT ( 'NONE',  ( -2.999999999999997335, 5.036160343039396636, -4.170839485654536993 ) ) ;
#455 = CARTESIAN_POINT ( 'NONE',  ( -0.3470361301116783315, -4.436971337303424079, -3.104493486691522808 ) ) ;
#456 = CARTESIAN_POINT ( 'NONE',  ( 2.696836809120365608, -7.690916988583379243, -1.695868999404718691 ) ) ;
#457 = CARTESIAN_POINT ( 'NONE',  ( 2.979830611205075197, -7.677004105225520902, 0.9645696763187296963 ) ) ;
#458 = CARTESIAN_POINT ( 'NONE',  ( -2.806548421674430749, -6.413234173057904997, -1.388409292255588623 ) ) ;
#459 = EDGE_CURVE ( 'NONE', #4246, #3295, #3058, .T. ) ;
#460 = CARTESIAN_POINT ( 'NONE',  ( 0.000000000000000000, -8.361229772172722008, 2.525414420702734031 ) ) ;
#461 = CARTESIAN_POINT ( 'NONE',  ( 0.000000000000000000, -6.450234238077340976, 2.443099146032160274 ) ) ;
#462 = CARTESIAN_POINT ( 'NONE',  ( -2.817627360864714881, -3.500000000000000444, -1.253659244088769054 ) ) ;
#463 = CARTESIAN_POINT ( 'NONE',  ( -0.7465514131874710912, -3.617990366217700871, -3.033223554471784489 ) ) ;
#464 = CARTESIAN_POINT ( 'NONE',  ( -2.999999999999996891, 5.732050807568873196, -4.464101615137753498 ) ) ;
#465 = CARTESIAN_POINT ( 'NONE',  ( 2.295286736548119766, -3.690325430824566322, -2.209472073638543144 ) ) ;
#466 = CARTESIAN_POINT ( 'NONE',  ( -2.714942190658501620, -6.259821783263508799, 1.561331135618885924 ) ) ;
#467 = CARTESIAN_POINT ( 'NONE',  ( 2.541405131168021914, -6.639846353887443264, -1.907693552076076937 ) ) ;
#468 = CARTESIAN_POINT ( 'NONE',  ( 2.097195336438361313, -3.677988373891190932, -2.392984224710834606 ) ) ;
#469 = AXIS2_PLACEMENT_3D ( 'NONE', #3416, #1612, #2166 ) ;
#470 = PLANE ( 'NONE',  #4113 ) ;
#471 = DIRECTION ( 'NONE',  ( -3.026521842945509783E-28, -0.000000000000000000, 1.000000000000000000 ) ) ;
#472 = CARTESIAN_POINT ( 'NONE',  ( 1.925929944387235853E-31, 3.999999999999997335, -4.000000000000000888 ) ) ;
#473 = FACE_OUTER_BOUND ( 'NONE', #173, .T. ) ;
#474 = TOROIDAL_SURFACE ( 'NONE', #5622, 8.602421240728327589, 6.109691365970318699 ) ;
#475 = CARTESIAN_POINT ( 'NONE',  ( 0.000000000000000000, -6.585885612442906378, 2.525414420702734031 ) ) ;
#476 = CARTESIAN_POINT ( 'NONE',  ( -2.869549574069037767, -5.300431868261521906, 1.254140233430684814 ) ) ;
#477 = CARTESIAN_POINT ( 'NONE',  ( 3.030191558694141918, -5.751357669557310537, 0.9840997518634586605 ) ) ;
#478 = CARTESIAN_POINT ( 'NONE',  ( -2.266457935475799879, -8.278884186493138841, -2.219796064644310452 ) ) ;
#479 = ORIENTED_EDGE ( 'NONE', *, *, #4492, .T. ) ;
#480 = CARTESIAN_POINT ( 'NONE',  ( 1.925929944387235853E-31, 3.999999999999997335, -4.000000000000000888 ) ) ;
#481 = EDGE_CURVE ( 'NONE', #991, #1970, #1716, .T. ) ;
#482 = CARTESIAN_POINT ( 'NONE',  ( 0.8092959016603331612, -5.470714402424763811, -3.024800015488905647 ) ) ;
#483 = VECTOR ( 'NONE', #7255, 1000.000000000000000 ) ;
#484 = CARTESIAN_POINT ( 'NONE',  ( 1.925929944387235853E-31, 3.999999999999997335, -4.000000000000000888 ) ) ;
#485 = CARTESIAN_POINT ( 'NONE',  ( -2.525414420702733587, -5.735749002942161390, -1.046060903667667130 ) ) ;
#486 = CARTESIAN_POINT ( 'NONE',  ( -0.6147871600715357765, -4.173608513322227154, 3.062681989658631920 ) ) ;
#487 = CARTESIAN_POINT ( 'NONE',  ( -2.525414420702733587, -5.613633618326786312, 1.046060903667666242 ) ) ;
#488 = ORIENTED_EDGE ( 'NONE', *, *, #6247, .F. ) ;
#489 = CARTESIAN_POINT ( 'NONE',  ( 1.589063683254202219, -7.880458171738477624, 2.756636155537069310 ) ) ;
#490 = CARTESIAN_POINT ( 'NONE',  ( 1.785737662185200136, -3.533000997058531656, 1.785737662185200136 ) ) ;
#491 = CARTESIAN_POINT ( 'NONE',  ( -1.651979608748619599, -8.916893271605683680, -1.910152184662805119 ) ) ;
#492 = CARTESIAN_POINT ( 'NONE',  ( 2.454962258995947444, -4.894275771778255901, 2.017742704542772714 ) ) ;
#493 = CARTESIAN_POINT ( 'NONE',  ( 2.698497826432151303, -7.630274431763070631, -1.693225402630641918 ) ) ;
#494 = CARTESIAN_POINT ( 'NONE',  ( 1.892710222383150009, -7.512147068167983832, -2.562723530619540391 ) ) ;
#495 = CARTESIAN_POINT ( 'NONE',  ( 2.598076211353317788, -0.8246212059512556536, -4.500000000000000000 ) ) ;
#496 = CARTESIAN_POINT ( 'NONE',  ( 1.727531973270403975, -6.328118853461967674, 1.727531973270403975 ) ) ;
#497 = CARTESIAN_POINT ( 'NONE',  ( 3.174999999999999378, -8.572596153846193445, -1.315128060534576759 ) ) ;
#498 = CARTESIAN_POINT ( 'NONE',  ( -0.7579666742168853499, -3.590020885067621847, -3.085943867708622168 ) ) ;
#499 = CARTESIAN_POINT ( 'NONE',  ( 1.499999999999998668, 6.598076211353309795, -3.999999999999999112 ) ) ;
#500 = CARTESIAN_POINT ( 'NONE',  ( -1.365574715132697792, -3.435702902411426951, -2.878376749248910293 ) ) ;
#501 = CARTESIAN_POINT ( 'NONE',  ( 3.117932742858469108, -6.833411817406319422, 0.6545862035191056805 ) ) ;
#502 = CARTESIAN_POINT ( 'NONE',  ( 1.663375936729075910, -6.838013068217933643, 2.717459975412963580 ) ) ;
#503 = CARTESIAN_POINT ( 'NONE',  ( 1.935524552160678535, -3.951707187860684201, 2.525374017658402082 ) ) ;
#504 = EDGE_LOOP ( 'NONE', ( #7, #5932, #1485, #5740 ) ) ;
#505 = CARTESIAN_POINT ( 'NONE',  ( 0.000000000000000000, -3.499999999999999556, -3.174999999999999822 ) ) ;
#506 = LINE ( 'NONE', #2740, #3024 ) ;
#507 = FACE_OUTER_BOUND ( 'NONE', #4927, .T. ) ;
#508 = CARTESIAN_POINT ( 'NONE',  ( 2.098038539399801117, -7.585742592255030559, -2.392000605609485575 ) ) ;
#509 = CARTESIAN_POINT ( 'NONE',  ( -2.525414420702733587, -6.769058689365968107, 1.046060903667666242 ) ) ;
#510 = CARTESIAN_POINT ( 'NONE',  ( -0.01735035223311110278, -5.519231995523877110, -3.177641729258226633 ) ) ;
#511 = ADVANCED_FACE ( 'NONE', ( #2524 ), #2489, .T. ) ;
#512 = CARTESIAN_POINT ( 'NONE',  ( 2.542052280826333277, -5.804225454723335176, 1.920630157756608059 ) ) ;
#513 = CARTESIAN_POINT ( 'NONE',  ( 2.999999999999996003, 5.732050807568872308, -6.035898384862248278 ) ) ;
#514 = ORIENTED_EDGE ( 'NONE', *, *, #3333, .F. ) ;
#515 = CARTESIAN_POINT ( 'NONE',  ( -1.736082609046330161, -3.357650599876462305, 4.499999999999999112 ) ) ;
#516 = ORIENTED_EDGE ( 'NONE', *, *, #4605, .T. ) ;
#517 = CARTESIAN_POINT ( 'NONE',  ( -0.8499999999999999778, 3.999999999999999112, -12.50000000047880455 ) ) ;
#518 = CARTESIAN_POINT ( 'NONE',  ( 2.524569659414505285, -4.684333323284660899, -1.936616163698063664 ) ) ;
#519 = CARTESIAN_POINT ( 'NONE',  ( -2.953325462177080585, -4.239101498330511752, 1.194366379180348048 ) ) ;
#520 = CARTESIAN_POINT ( 'NONE',  ( -2.525414420702733587, -6.590556695249786934, 1.046060903667666242 ) ) ;
#521 = ORIENTED_EDGE ( 'NONE', *, *, #1793, .F. ) ;
#522 = CARTESIAN_POINT ( 'NONE',  ( 2.756023761169639652, -7.799933890209763021, 1.590190719813854958 ) ) ;
#523 = B_SPLINE_CURVE_WITH_KNOTS ( 'NONE', 3,
 ( #4863, #2572, #3782, #6506, #3091, #2096, #5329, #302, #881, #1468, #3705, #2023, #6546, #921, #1544, #5914, #3168, #419, #960, #5992, #1506, #2134, #2647, #3746, #4229, #3207, #6470, #3126, #4895, #5477, #2687, #5366 ),
 .UNSPECIFIED., .F., .F.,
 ( 4, 2, 2, 2, 2, 2, 2, 2, 2, 2, 2, 2, 2, 2, 2, 4 ),
 ( 0.06154281410080872372, 0.06216993153060622335, 0.06279704896040372297, 0.06342416639020122260, 0.06405128381999872222, 0.06467840124979622185, 0.06530551867959372148, 0.06593263610939122110, 0.06655975353918872073, 0.06718687096898622035, 0.06781398839878371998, 0.06906822325837871923, 0.06969534068817621886, 0.07032245811797371848, 0.07094957554777121811, 0.07157669297756871774 ),
 .UNSPECIFIED. ) ;
#524 = CARTESIAN_POINT ( 'NONE',  ( -1.046060903667667574, -3.716174073981594272, 2.525414420702733587 ) ) ;
#525 = CARTESIAN_POINT ( 'NONE',  ( -2.099184083183206262, -7.097347302407522207, 2.391049159793970702 ) ) ;
#526 = CARTESIAN_POINT ( 'NONE',  ( 3.134418482985676935, -7.745319423534644976, 0.5705151292526003948 ) ) ;
#527 = APPROVAL_PERSON_ORGANIZATION ( #4199, #3906, #3789 ) ;
#528 = CARTESIAN_POINT ( 'NONE',  ( -2.144606504904014166, -8.015979753580465328, 2.356307730138536449 ) ) ;
#529 = CARTESIAN_POINT ( 'NONE',  ( 2.443099146032160718, -5.168022699615904436, -1.011964800508647455 ) ) ;
#530 = CARTESIAN_POINT ( 'NONE',  ( 2.245064030267288402, -8.755769230769255174, 2.245064030267288402 ) ) ;
#531 = CARTESIAN_POINT ( 'NONE',  ( 1.858276181346724787, -3.724494676144193495, -2.587586860848935189 ) ) ;
#532 = CARTESIAN_POINT ( 'NONE',  ( 0.000000000000000000, 0.5556762387720517449, -3.870567856518482230 ) ) ;
#533 = CARTESIAN_POINT ( 'NONE',  ( -1.249052965260389447, -4.029088552662128286, 2.871952532631856680 ) ) ;
#534 = CARTESIAN_POINT ( 'NONE',  ( 3.117296035527366005, -6.772768943205083936, 0.6576312333022645840 ) ) ;
#535 = CARTESIAN_POINT ( 'NONE',  ( -1.589724875295565054, -6.979342694927566981, 2.698411087660609553 ) ) ;
#536 = CARTESIAN_POINT ( 'NONE',  ( -0.3475459937152952095, -3.638376017769811455, -3.112075481088994344 ) ) ;
#537 = ORIENTED_EDGE ( 'NONE', *, *, #4675, .T. ) ;
#538 = CARTESIAN_POINT ( 'NONE',  ( 0.9763331710983885747, 6.900415395985333156, -4.056760900696506411 ) ) ;
#539 = CARTESIAN_POINT ( 'NONE',  ( 1.046060903667666020, -7.135404843212093340, -2.525414420702734031 ) ) ;
#540 = CARTESIAN_POINT ( 'NONE',  ( 0.000000000000000000, -3.499999999999999556, -3.174999999999999822 ) ) ;
#541 = CARTESIAN_POINT ( 'NONE',  ( -2.525414420702733587, -3.838289458596969794, 1.046060903667666242 ) ) ;
#542 = CARTESIAN_POINT ( 'NONE',  ( 0.1065788432862784796, -5.613829956273699295, -3.121928803093334093 ) ) ;
#543 = CARTESIAN_POINT ( 'NONE',  ( 2.150376537610405592, -5.801377364871140863, 2.277098603408188815 ) ) ;
#544 = CARTESIAN_POINT ( 'NONE',  ( -2.838224516084619786, -8.267307692307745981, -1.443557114593234658 ) ) ;
#545 = ORIENTED_EDGE ( 'NONE', *, *, #2876, .F. ) ;
#546 = CARTESIAN_POINT ( 'NONE',  ( 3.491074923435977496E-16, 6.693104151401474411, -6.499999999999999112 ) ) ;
#547 = EDGE_CURVE ( 'NONE', #4692, #6051, #5358, .T. ) ;
#548 = EDGE_LOOP ( 'NONE', ( #5713, #2970, #2075, #71, #4093, #568 ) ) ;
#549 = CARTESIAN_POINT ( 'NONE',  ( -2.245064030267287958, -2.527884615385124878, -2.245064030267288846 ) ) ;
#550 = CARTESIAN_POINT ( 'NONE',  ( 2.374355380206726984, -4.734629558980451236, -2.111930861047418784 ) ) ;
#551 = CARTESIAN_POINT ( 'NONE',  ( 1.046060903667665798, -5.369402849096037045, 2.525414420702734031 ) ) ;
#552 = VERTEX_POINT ( 'NONE', #4775 ) ;
#553 = CARTESIAN_POINT ( 'NONE',  ( 2.931148073619014749, -3.776737823577187125, 1.101643215242033902 ) ) ;
#554 = CIRCLE ( 'NONE', #6413, 2.179449471770334767 ) ;
#555 = CARTESIAN_POINT ( 'NONE',  ( -2.539078750436170484, -8.800712632134779057, 0.7409105599642156204 ) ) ;
#556 = CARTESIAN_POINT ( 'NONE',  ( -0.8499999999999999778, 3.999999999999999112, -16.50000000047880633 ) ) ;
#557 = CARTESIAN_POINT ( 'NONE',  ( 2.486756789161073122, -7.823730906442883715, 1.991073085795903586 ) ) ;
#558 = CARTESIAN_POINT ( 'NONE',  ( -3.133831558296882314, -8.119956245586896770, 0.5264948892883085652 ) ) ;
#559 = CARTESIAN_POINT ( 'NONE',  ( -2.443099146032159830, -5.778599622692778048, -1.011964800508649009 ) ) ;
#560 = CARTESIAN_POINT ( 'NONE',  ( 1.315128060534577203, -6.496634615384818012, -3.174999999999999378 ) ) ;
#561 = CARTESIAN_POINT ( 'NONE',  ( -2.371374272894212876, -3.522003611019110636, -2.045385024769408755 ) ) ;
#562 = PLANE ( 'NONE',  #926 ) ;
#563 = CARTESIAN_POINT ( 'NONE',  ( -0.5033186497731664266, -4.077990054939571785, 3.145899417601934367 ) ) ;
#564 = CARTESIAN_POINT ( 'NONE',  ( 2.470106000917554390, -6.933011869557585527, 1.912166313420813779 ) ) ;
#565 = CARTESIAN_POINT ( 'NONE',  ( -2.680395536541253065, -7.055831954386959204, 1.604323510557515542 ) ) ;
#566 = DIRECTION ( 'NONE',  ( 0.000000000000000000, 1.000000000000000000, 0.000000000000000000 ) ) ;
#567 = AXIS2_PLACEMENT_3D ( 'NONE', #5313, #284, #2518 ) ;
#568 = ORIENTED_EDGE ( 'NONE', *, *, #1301, .F. ) ;
#569 = CARTESIAN_POINT ( 'NONE',  ( 2.513214257287710855E-27, 3.999999999999999112, -12.50000000047880455 ) ) ;
#570 = CARTESIAN_POINT ( 'NONE',  ( 1.046060903667666020, -4.204635612443094139, -2.525414420702734031 ) ) ;
#571 = CARTESIAN_POINT ( 'NONE',  ( 0.8499999999999999778, 3.999999999999999112, -12.50000000047880455 ) ) ;
#572 = CARTESIAN_POINT ( 'NONE',  ( -1.046060903667667574, -3.716174073981594272, 2.525414420702733587 ) ) ;
#573 = CARTESIAN_POINT ( 'NONE',  ( 3.171150577889551680, -5.810705315880428046, -0.3063139072308473931 ) ) ;
#574 = CARTESIAN_POINT ( 'NONE',  ( 1.308864402377261316, -5.881148424972618471, 2.904633236636204430 ) ) ;
#575 = VECTOR ( 'NONE', #3100, 1000.000000000000000 ) ;
#576 = ORIENTED_EDGE ( 'NONE', *, *, #6156, .F. ) ;
#577 = CARTESIAN_POINT ( 'NONE',  ( -0.5425733795067148035, -8.330133507450263153, -3.067508093485353804 ) ) ;
#578 = EDGE_LOOP ( 'NONE', ( #4534, #4176 ) ) ;
#579 = CARTESIAN_POINT ( 'NONE',  ( 0.000000000000000000, -7.427157315000342486, 2.443099146032160274 ) ) ;
#580 = CARTESIAN_POINT ( 'NONE',  ( 2.999999999999996447, 2.537271802364450046, -4.329440310171048800 ) ) ;
#581 = AXIS2_PLACEMENT_3D ( 'NONE', #1430, #4857, #3162 ) ;
#582 = CARTESIAN_POINT ( 'NONE',  ( 3.266279162359718047, 3.999999999999999112, -10.63313090529650218 ) ) ;
#583 = EDGE_CURVE ( 'NONE', #1272, #1293, #6538, .T. ) ;
#584 = CARTESIAN_POINT ( 'NONE',  ( -0.7027504907258181888, -4.597186862679998320, -3.043696754886767941 ) ) ;
#585 = CARTESIAN_POINT ( 'NONE',  ( 1.046060903667666020, -7.933825926018911012, -2.525414420702734031 ) ) ;
#586 = ORIENTED_EDGE ( 'NONE', *, *, #1039, .F. ) ;
#587 = CARTESIAN_POINT ( 'NONE',  ( 1.937293644476567378, -7.576286300543062069, -2.523985843502375204 ) ) ;
#588 = CARTESIAN_POINT ( 'NONE',  ( 2.236858454460763479, -5.973435360926861115, 2.191093109184221621 ) ) ;
#589 = AXIS2_PLACEMENT_3D ( 'NONE', #5900, #6379, #1965 ) ;
#590 = EDGE_CURVE ( 'NONE', #5130, #4877, #6494, .T. ) ;
#591 = CIRCLE ( 'NONE', #5620, 2.999999999999998224 ) ;
#592 = CARTESIAN_POINT ( 'NONE',  ( -1.046060903667667574, -4.693097150904593562, 2.525414420702733587 ) ) ;
#593 = CARTESIAN_POINT ( 'NONE',  ( -1.436648323678185278E-11, -8.967047291273180676, -2.475260401034564239 ) ) ;
#594 = CARTESIAN_POINT ( 'NONE',  ( 3.022372812349009674, -7.730350340576591428, -0.9813512582957447661 ) ) ;
#595 = EDGE_CURVE ( 'NONE', #6159, #254, #6350, .T. ) ;
#596 = CARTESIAN_POINT ( 'NONE',  ( -1.942929420935342488, -8.003666550737429830, 2.524950598774251542 ) ) ;
#597 = CARTESIAN_POINT ( 'NONE',  ( 3.174999999999999378, -6.740865384615566391, 1.315128060534576981 ) ) ;
#598 = EDGE_CURVE ( 'NONE', #4511, #3587, #2191, .T. ) ;
#599 = CARTESIAN_POINT ( 'NONE',  ( 2.591109217430386913, -3.713726883812890733, -1.839545596034855013 ) ) ;
#600 = DIRECTION ( 'NONE',  ( 0.000000000000000000, 2.003086131649546443E-16, -1.000000000000000000 ) ) ;
#601 = CARTESIAN_POINT ( 'NONE',  ( 2.823861700104630668, -3.824299113718572229, 1.475616213624427742 ) ) ;
#602 = CARTESIAN_POINT ( 'NONE',  ( 3.055367689267936449, -6.696961856248646150, -0.9016709961699291842 ) ) ;
#603 = CARTESIAN_POINT ( 'NONE',  ( -0.6299826180489443983, -6.954285410614855500, 3.123036129837037489 ) ) ;
#604 = LINE ( 'NONE', #4537, #1721 ) ;
#605 = VERTEX_POINT ( 'NONE', #2559 ) ;
#606 = EDGE_LOOP ( 'NONE', ( #1900, #3275, #1160, #3304 ) ) ;
#607 = CARTESIAN_POINT ( 'NONE',  ( 1.499999999999999334, 1.401923788646681990, -4.000000000000000000 ) ) ;
#608 = CARTESIAN_POINT ( 'NONE',  ( -1.046060903667667574, -4.693097150904593562, 2.525414420702733587 ) ) ;
#609 = CARTESIAN_POINT ( 'NONE',  ( 2.853316339476187125, -7.645978225899598968, -1.407911987311040392 ) ) ;
#610 = CARTESIAN_POINT ( 'NONE',  ( -2.525414420702734031, -5.853193304750656800, -4.639111030251255524E-16 ) ) ;
#611 = CARTESIAN_POINT ( 'NONE',  ( 1.493269408490585981, -5.596235841262052091, -2.814270034249537034 ) ) ;
#612 = CARTESIAN_POINT ( 'NONE',  ( 1.549504906358755374, -5.867650164293248594, 2.783680517739135496 ) ) ;
#613 = ORIENTED_EDGE ( 'NONE', *, *, #1173, .T. ) ;
#614 = DIRECTION ( 'NONE',  ( 0.000000000000000000, -1.000000000000000000, -0.000000000000000000 ) ) ;
#615 = VERTEX_POINT ( 'NONE', #5393 ) ;
#616 = CARTESIAN_POINT ( 'NONE',  ( -1.754246278315746421, -2.999409368966071465, -1.700817668225062640 ) ) ;
#617 = CARTESIAN_POINT ( 'NONE',  ( -3.013243100080388537, -7.280150227774409011, -1.022115799557533844 ) ) ;
#618 = CARTESIAN_POINT ( 'NONE',  ( 0.000000000000000000, -3.499999999999999556, -3.174999999999999822 ) ) ;
#619 = CARTESIAN_POINT ( 'NONE',  ( -0.4533533583247038035, -4.521432740833116526, -3.145184418540114990 ) ) ;
#620 = CARTESIAN_POINT ( 'NONE',  ( -1.137782984853305424, -5.087643525865660266, 2.975977268387540953 ) ) ;
#621 = CARTESIAN_POINT ( 'NONE',  ( 1.785737662185200136, -6.285268233711349239, 1.785737662185200136 ) ) ;
#622 = ORIENTED_EDGE ( 'NONE', *, *, #4976, .T. ) ;
#623 = CARTESIAN_POINT ( 'NONE',  ( 1.022934821976746234, -7.524426726049605385, -3.012842699691524739 ) ) ;
#624 = CARTESIAN_POINT ( 'NONE',  ( -2.759041905142810336, -7.241412624474931725, 1.480767668810210935 ) ) ;
#625 = CARTESIAN_POINT ( 'NONE',  ( -2.525414420702734031, -3.720845156788473940, -4.639111030251255524E-16 ) ) ;
#626 = CARTESIAN_POINT ( 'NONE',  ( 2.854500153715984201, -6.812542672517609255, 1.405539056782969531 ) ) ;
#627 = CARTESIAN_POINT ( 'NONE',  ( -0.8303602017939302193, -7.024969570172869382, 3.092802333259498049 ) ) ;
#628 = CARTESIAN_POINT ( 'NONE',  ( 2.835521030450861790, -8.477460520666642907, -0.8871653193776606328 ) ) ;
#629 = CARTESIAN_POINT ( 'NONE',  ( 2.125924379531468400, -7.908738700281645606, 2.361814192299421578 ) ) ;
#630 = CARTESIAN_POINT ( 'NONE',  ( -0.7554264134563420940, -7.998369265115720772, 3.095009896062063337 ) ) ;
#631 = EDGE_CURVE ( 'NONE', #2158, #4810, #3833, .T. ) ;
#632 = EDGE_CURVE ( 'NONE', #4884, #7087, #1025, .T. ) ;
#633 = CARTESIAN_POINT ( 'NONE',  ( -1.315128060534579202, -6.985096153846318323, 3.174999999999999378 ) ) ;
#634 = CARTESIAN_POINT ( 'NONE',  ( 2.255224875269715046, -3.992675130322642651, 2.238668858995321642 ) ) ;
#635 = CARTESIAN_POINT ( 'NONE',  ( -0.4517293570051277296, -3.544689151508887193, -3.150613004534514427 ) ) ;
#636 = CARTESIAN_POINT ( 'NONE',  ( 3.100523489721439319, -3.845289822401200652, 0.7328087553996889270 ) ) ;
#637 = ORIENTED_EDGE ( 'NONE', *, *, #1574, .F. ) ;
#638 = CARTESIAN_POINT ( 'NONE',  ( 0.5476178890632532603, -6.523186050136049907, -3.130122689957053783 ) ) ;
#639 = CARTESIAN_POINT ( 'NONE',  ( -2.745628163958011569, -7.062512020297054605, 1.489896654905056073 ) ) ;
#640 = CARTESIAN_POINT ( 'NONE',  ( 2.862108101571855912, -3.964255415850067799, 1.270170178527901150 ) ) ;
#641 = FACE_OUTER_BOUND ( 'NONE', #2814, .T. ) ;
#642 = CARTESIAN_POINT ( 'NONE',  ( 3.174914293013730404, -5.754002563559472705, -0.2080713258874092308 ) ) ;
#643 = CARTESIAN_POINT ( 'NONE',  ( 0.000000000000000000, -3.655116381673906734, 2.525414420702734031 ) ) ;
#644 = DIRECTION ( 'NONE',  ( -0.000000000000000000, -1.000000000000000000, -0.000000000000000000 ) ) ;
#645 = CARTESIAN_POINT ( 'NONE',  ( -2.525414420702733587, -5.914250997058344339, -1.046060903667667130 ) ) ;
#646 = CARTESIAN_POINT ( 'NONE',  ( 1.254403303967154493, -5.643752236627399554, -2.928318193236460587 ) ) ;
#647 = CARTESIAN_POINT ( 'NONE',  ( -1.498291089769148821, -6.084464746036369220, 2.811562678852592256 ) ) ;
#648 = B_SPLINE_CURVE_WITH_KNOTS ( 'NONE', 3,
 ( #7031, #858, #5340, #1954, #3138, #2545 ),
 .UNSPECIFIED., .F., .F.,
 ( 4, 2, 4 ),
 ( 0.007291167623809591963, 0.008603302931190352429, 0.009915438238571112894 ),
 .UNSPECIFIED. ) ;
#649 = ORIENTED_EDGE ( 'NONE', *, *, #3420, .T. ) ;
#650 = CARTESIAN_POINT ( 'NONE',  ( 1.499999999999999112, 6.598076211353311571, -6.499999999999999112 ) ) ;
#651 = ORIENTED_EDGE ( 'NONE', *, *, #6643, .F. ) ;
#652 = CARTESIAN_POINT ( 'NONE',  ( 2.443099146032160274, -7.182926545769590554, 1.495966774593958618E-16 ) ) ;
#653 = CARTESIAN_POINT ( 'NONE',  ( -3.012253944821797980, -7.178882097647356630, 1.024694984191277358 ) ) ;
#654 = CARTESIAN_POINT ( 'NONE',  ( 3.093100816078447668, -4.826843968672640983, 0.8294354711550079307 ) ) ;
#655 = CARTESIAN_POINT ( 'NONE',  ( 2.376332867571334884, -4.673983628970820092, -2.109706373323203099 ) ) ;
#656 = CARTESIAN_POINT ( 'NONE',  ( -2.244696992735436769, -5.091987437365983027, 2.260798441426938421 ) ) ;
#657 = CARTESIAN_POINT ( 'NONE',  ( -3.012225870705232733, -6.303364078296757711, -1.024643791254184810 ) ) ;
#658 = VERTEX_POINT ( 'NONE', #5284 ) ;
#659 = CARTESIAN_POINT ( 'NONE',  ( -3.154463649733531661, -4.318524860027061152, -0.4158372876856692435 ) ) ;
#660 = CARTESIAN_POINT ( 'NONE',  ( 2.374704292701491415, -6.940956341371239624, 2.040876785358577639 ) ) ;
#661 = CARTESIAN_POINT ( 'NONE',  ( 1.046060903667665798, -4.392479772173036423, 2.525414420702734031 ) ) ;
#662 = CARTESIAN_POINT ( 'NONE',  ( 2.393608463361569960, -6.853492629858672913, 2.096405295721202489 ) ) ;
#663 = DIRECTION ( 'NONE',  ( 1.445602896647340642E-16, -2.503857664561933855E-16, 1.000000000000000000 ) ) ;
#664 = DIRECTION ( 'NONE',  ( -0.8660254037844362651, -2.399625170192363620E-16, -0.5000000000000039968 ) ) ;
#665 = CARTESIAN_POINT ( 'NONE',  ( 1.051055565193062868, -7.819932597865565604, 2.950240738103320215 ) ) ;
#666 = CARTESIAN_POINT ( 'NONE',  ( -1.315128060534579202, -4.054326923077318234, 3.174999999999999378 ) ) ;
#667 = CIRCLE ( 'NONE', #88, 2.103814916482225073 ) ;
#668 = CARTESIAN_POINT ( 'NONE',  ( 0.000000000000000000, 1.499999999999999556, 1.928818708657080950E-15 ) ) ;
#669 = CARTESIAN_POINT ( 'NONE',  ( -0.2401408595938355761, -4.065233399780854739, 3.177053600300065117 ) ) ;
#670 = VERTEX_POINT ( 'NONE', #255 ) ;
#671 = ADVANCED_FACE ( 'NONE', ( #217 ), #897, .F. ) ;
#672 = CARTESIAN_POINT ( 'NONE',  ( -2.954304086216434033, -7.230772637213039644, 1.192588772829754395 ) ) ;
#673 = CARTESIAN_POINT ( 'NONE',  ( -2.459742875672611628, -7.036344708992021246, 1.925570797197559525 ) ) ;
#674 = CARTESIAN_POINT ( 'NONE',  ( -1.960103576636974987, -3.549110198110759118, -2.442074616745310234 ) ) ;
#675 = VECTOR ( 'NONE', #3455, 1000.000000000000000 ) ;
#676 = CARTESIAN_POINT ( 'NONE',  ( 1.975366948896613127E-27, 3.999999999999999112, -10.72288641497880057 ) ) ;
#677 = CARTESIAN_POINT ( 'NONE',  ( 2.754553364012337635, -5.681659853925662418, -1.592532334411605355 ) ) ;
#678 = CARTESIAN_POINT ( 'NONE',  ( -2.525414420702733587, -5.914250997058344339, -1.046060903667667130 ) ) ;
#679 = CARTESIAN_POINT ( 'NONE',  ( 1.499999999999999112, 1.401923788646683766, -6.500000000000000888 ) ) ;
#680 = CARTESIAN_POINT ( 'NONE',  ( 1.979289825951356274, -3.517023952593316682, 1.592185498419043554 ) ) ;
#681 = CARTESIAN_POINT ( 'NONE',  ( -0.7176950318351600355, -6.103918180939677640, 3.103960231345080700 ) ) ;
#682 = AXIS2_PLACEMENT_3D ( 'NONE', #1631, #3875, #2115 ) ;
#683 = CARTESIAN_POINT ( 'NONE',  ( -1.139045467326627925, -6.004005761798878460, 2.966562622327807652 ) ) ;
#684 = ORIENTED_EDGE ( 'NONE', *, *, #1117, .T. ) ;
#685 = CARTESIAN_POINT ( 'NONE',  ( 0.4757650006820791644, 7.189418563922947314, -6.287101972904190816 ) ) ;
#686 = ORIENTED_EDGE ( 'NONE', *, *, #286, .F. ) ;
#687 = CARTESIAN_POINT ( 'NONE',  ( 1.011964800508647455, -8.343022699615653792, 2.443099146032160718 ) ) ;
#688 = CARTESIAN_POINT ( 'NONE',  ( -2.524443598926293220, -7.127162334015698875, 1.936795785797271074 ) ) ;
#689 = DIRECTION ( 'NONE',  ( -3.026521842945509783E-28, -0.000000000000000000, 1.000000000000000000 ) ) ;
#690 = EDGE_CURVE ( 'NONE', #2673, #2597, #6648, .T. ) ;
#691 = CARTESIAN_POINT ( 'NONE',  ( 0.3312697729065232077, -4.558562472132226873, -3.168417051378479510 ) ) ;
#692 = CARTESIAN_POINT ( 'NONE',  ( 1.850249982968110496, -4.843142561781257349, 2.527118340826390419 ) ) ;
#693 = CARTESIAN_POINT ( 'NONE',  ( -1.202806651392211768, -3.550610885262359684, 2.368668672978189171 ) ) ;
#694 = ORIENTED_EDGE ( 'NONE', *, *, #1225, .T. ) ;
#695 = CARTESIAN_POINT ( 'NONE',  ( -3.175139114480138858, -4.279486908524985367, 0.4165305836697708042 ) ) ;
#696 = CARTESIAN_POINT ( 'NONE',  ( 2.339415131734133180, -7.693483207215520814, -2.081411012318524989 ) ) ;
#697 = AXIS2_PLACEMENT_3D ( 'NONE', #6869, #3596, #2495 ) ;
#698 = CARTESIAN_POINT ( 'NONE',  ( 0.000000000000000000, -3.476614387557724228, 2.525414420702734031 ) ) ;
#699 = CARTESIAN_POINT ( 'NONE',  ( 1.011964800508647455, -5.412253468846653703, 2.443099146032160718 ) ) ;
#700 = DIRECTION ( 'NONE',  ( 2.012819474814081075E-32, 0.7071067811865485719, -0.7071067811865465735 ) ) ;
#701 = CIRCLE ( 'NONE', #1634, 0.5000000000000004441 ) ;
#702 = CARTESIAN_POINT ( 'NONE',  ( -1.307552596726650362, -3.499999999999999556, -2.893256159898980329 ) ) ;
#703 = CARTESIAN_POINT ( 'NONE',  ( 1.306256419018894332, -8.619520874608221916, 2.509665418728784569 ) ) ;
#704 = CARTESIAN_POINT ( 'NONE',  ( -3.010874885098503650, -8.196725710164390222, -1.042015754368451397 ) ) ;
#705 = TOROIDAL_SURFACE ( 'NONE', #817, 2.773101850365458532, 0.5000000000000000000 ) ;
#706 = CARTESIAN_POINT ( 'NONE',  ( 0.000000000000000000, -4.970192307692630429, 3.174999999999999822 ) ) ;
#707 = CARTESIAN_POINT ( 'NONE',  ( -3.073694935238980630, -6.212027349569813062, 0.8221073358343035098 ) ) ;
#708 = CARTESIAN_POINT ( 'NONE',  ( -1.717340517571841474, -4.392545445700021034, -2.683425321275908715 ) ) ;
#709 = ORIENTED_EDGE ( 'NONE', *, *, #5582, .F. ) ;
#710 = CARTESIAN_POINT ( 'NONE',  ( 1.856548275297513761, -6.887894774523067198, 2.588901162940619560 ) ) ;
#711 = CARTESIAN_POINT ( 'NONE',  ( -0.6246694892985379388, -7.443153557065820713, -3.115740278061051693 ) ) ;
#712 = CARTESIAN_POINT ( 'NONE',  ( -3.125829936294516109, -4.379062807868916885, 0.1839535679658239054 ) ) ;
#713 = CARTESIAN_POINT ( 'NONE',  ( 2.050397779255285435, -3.499999999999990230, 1.454629553725994562 ) ) ;
#714 = CARTESIAN_POINT ( 'NONE',  ( -0.4143539284852690852, -5.499817153752820431, -3.154668638905702149 ) ) ;
#715 = CARTESIAN_POINT ( 'NONE',  ( 2.443099146032160274, -9.229573454230539653, 1.495966774593958618E-16 ) ) ;
#716 = CARTESIAN_POINT ( 'NONE',  ( 1.239089933744672578, 1.251287291659888279, -6.500000000000001776 ) ) ;
#717 = DIRECTION ( 'NONE',  ( 0.000000000000000000, 0.000000000000000000, -1.000000000000000000 ) ) ;
#718 = CARTESIAN_POINT ( 'NONE',  ( 2.935681964477043326, -5.887032527802985804, 1.236981025047404481 ) ) ;
#719 = CARTESIAN_POINT ( 'NONE',  ( -2.753563154617781450, -6.085636436786001191, 1.492174882504990086 ) ) ;
#720 = VERTEX_POINT ( 'NONE', #1901 ) ;
#721 = CARTESIAN_POINT ( 'NONE',  ( -0.9763331710983897960, 1.099584604014661737, -4.056760900696505523 ) ) ;
#722 = ORIENTED_EDGE ( 'NONE', *, *, #2246, .T. ) ;
#723 = CARTESIAN_POINT ( 'NONE',  ( -1.727531973270403975, -7.793503468846466831, -1.727531973270404198 ) ) ;
#724 = ADVANCED_FACE ( 'NONE', ( #6972 ), #2542, .T. ) ;
#725 = CARTESIAN_POINT ( 'NONE',  ( -0.9826159967645353710, 6.896788004895713087, -4.046065981257603639 ) ) ;
#726 = CARTESIAN_POINT ( 'NONE',  ( -2.179327223858191775, -3.500000000000000444, -2.294268068762819635 ) ) ;
#727 = EDGE_CURVE ( 'NONE', #3497, #1101, #1369, .T. ) ;
#728 = CARTESIAN_POINT ( 'NONE',  ( 3.135099906517716306, -4.814300758764981758, 0.5654215649140102995 ) ) ;
#729 = CARTESIAN_POINT ( 'NONE',  ( -0.1031027395465511087, -5.035743108319788774, 3.176073431426927662 ) ) ;
#730 = CARTESIAN_POINT ( 'NONE',  ( -2.853843636226707225, -6.324150494122462440, -1.406760852124469441 ) ) ;
#731 = EDGE_LOOP ( 'NONE', ( #6875, #1628, #1308, #3613, #216 ) ) ;
#732 = CARTESIAN_POINT ( 'NONE',  ( 0.2068850349715264381, -7.483443972989620718, -3.175000000000000711 ) ) ;
#733 = CARTESIAN_POINT ( 'NONE',  ( -2.357637942289185773, -7.430688541418141391, -2.060715090721842113 ) ) ;
#734 = CARTESIAN_POINT ( 'NONE',  ( -1.785737662185199692, -3.842960541403849017, -1.785737662185200358 ) ) ;
#735 = CARTESIAN_POINT ( 'NONE',  ( 2.525414420702734031, -6.224210541403662589, 1.046060903667665798 ) ) ;
#736 = CARTESIAN_POINT ( 'NONE',  ( 3.013200628281104798, -6.791680711407472870, 1.021926191773794956 ) ) ;
#737 = CARTESIAN_POINT ( 'NONE',  ( 9.660939655386972975E-15, -3.566141166169721100, -3.174999999999999822 ) ) ;
#738 = CARTESIAN_POINT ( 'NONE',  ( 2.538574333025201302, -8.450453966288467456, -1.595060964288188554 ) ) ;
#739 = CARTESIAN_POINT ( 'NONE',  ( 3.092740686834170350E-16, -9.028193304750406156, -2.525414420702734031 ) ) ;
#740 = CARTESIAN_POINT ( 'NONE',  ( 2.756037811171241803, -3.728472066323262446, -1.590173627130973655 ) ) ;
#741 = CARTESIAN_POINT ( 'NONE',  ( -1.944124687439926724, -4.096246988487828311, 2.513653688120484730 ) ) ;
#742 = ORIENTED_EDGE ( 'NONE', *, *, #415, .F. ) ;
#743 = CARTESIAN_POINT ( 'NONE',  ( 0.1476615675204188405, -7.039159807995788221, 3.182234863306993677 ) ) ;
#744 = CARTESIAN_POINT ( 'NONE',  ( -1.129269473512138910, -7.356301704938207564, -2.979023471165891834 ) ) ;
#745 = CARTESIAN_POINT ( 'NONE',  ( 1.007635238927987897, -5.069703871453110189, 2.964669055942531273 ) ) ;
#746 = DIRECTION ( 'NONE',  ( -0.000000000000000000, -1.000000000000000000, -0.000000000000000000 ) ) ;
#747 = DIRECTION ( 'NONE',  ( 0.000000000000000000, -1.000000000000000000, -3.479025658754959021E-16 ) ) ;
#748 = CARTESIAN_POINT ( 'NONE',  ( -1.727531973270403975, -8.863227300384414420, -1.727531973270404198 ) ) ;
#749 = CARTESIAN_POINT ( 'NONE',  ( -5.782411586589364541E-16, 1.724344514148443296E-15, -6.500000000000000888 ) ) ;
#750 = CARTESIAN_POINT ( 'NONE',  ( -1.592851435862228549, -5.437930106071286573, -2.754318535567627624 ) ) ;
#751 = CARTESIAN_POINT ( 'NONE',  ( 0.5833346790321149999, -6.041318307186448244, 3.131811631735344825 ) ) ;
#752 = CARTESIAN_POINT ( 'NONE',  ( -2.912379937838446509, -6.317185176840888872, -1.292105635920603346 ) ) ;
#753 = VERTEX_POINT ( 'NONE', #7006 ) ;
#754 = CARTESIAN_POINT ( 'NONE',  ( 1.764716885322576978, 1.554758153646712104, -4.011907144364005973 ) ) ;
#755 = ORIENTED_EDGE ( 'NONE', *, *, #4411, .F. ) ;
#756 = CARTESIAN_POINT ( 'NONE',  ( -1.726122535222986309, -8.142583287084772081, 2.613075497314845119 ) ) ;
#757 = CARTESIAN_POINT ( 'NONE',  ( 0.2071289601529652524, -5.998827028212012635, 3.175000000001175771 ) ) ;
#758 = CARTESIAN_POINT ( 'NONE',  ( 2.777193667687183343, -4.801042499866317037, -1.447262709570643402 ) ) ;
#759 = CARTESIAN_POINT ( 'NONE',  ( -3.117992946074811478, -5.243718627506773089, 0.6548732364151136354 ) ) ;
#760 = CARTESIAN_POINT ( 'NONE',  ( 1.046060903667666020, -4.026133618326912078, -2.525414420702734031 ) ) ;
#761 = ORIENTED_EDGE ( 'NONE', *, *, #5357, .F. ) ;
#762 = DIRECTION ( 'NONE',  ( 1.000000000000000000, -5.549111195848872054E-32, 1.224646799147353207E-16 ) ) ;
#763 = EDGE_CURVE ( 'NONE', #4378, #1128, #1971, .T. ) ;
#764 = CARTESIAN_POINT ( 'NONE',  ( 2.305827128380045998, -6.714246916377043739, -2.118586367940007875 ) ) ;
#765 = CC_DESIGN_PERSON_AND_ORGANIZATION_ASSIGNMENT ( #5336, #5962, ( #5212 ) ) ;
#766 = CARTESIAN_POINT ( 'NONE',  ( 2.525414420702734031, -5.247287464480661079, 1.046060903667665798 ) ) ;
#767 = CARTESIAN_POINT ( 'NONE',  ( 2.525414420702734031, -8.116999002941973629, 1.546370343417085175E-16 ) ) ;
#768 = CARTESIAN_POINT ( 'NONE',  ( -1.265972598406992500, -8.025374227025011464, 2.923459312484621542 ) ) ;
#769 = CARTESIAN_POINT ( 'NONE',  ( 2.617871113586330623, -3.808861895943076448, -1.704309063811919600 ) ) ;
#770 = CARTESIAN_POINT ( 'NONE',  ( 0.000000000000000000, 0.5556762387720516339, 1.734723475976807094E-15 ) ) ;
#771 = CARTESIAN_POINT ( 'NONE',  ( 1.473320666970852955, -4.530275524186611946, -2.762901381234215581 ) ) ;
#772 = CARTESIAN_POINT ( 'NONE',  ( -2.245064030267287958, -4.359615384615755929, -2.245064030267288846 ) ) ;
#773 = B_SPLINE_CURVE_WITH_KNOTS ( 'NONE', 3,
 ( #3303, #544, #2122, #2777, #478, #3881, #2747, #6123, #4370, #6158 ),
 .UNSPECIFIED., .F., .F.,
 ( 4, 2, 2, 2, 4 ),
 ( 0.000000000000000000, 0.0007267376728144770695, 0.001453475345628954139, 0.002180213018443431100, 0.002906950691257908278 ),
 .UNSPECIFIED. ) ;
#774 = CARTESIAN_POINT ( 'NONE',  ( -3.897114317029981123, 3.999999999999999112, 2.249999999999992006 ) ) ;
#775 = CARTESIAN_POINT ( 'NONE',  ( -2.574549855220094496, -4.396319547659607530, -1.862691586538296473 ) ) ;
#776 = ORIENTED_EDGE ( 'NONE', *, *, #4411, .T. ) ;
#777 = CARTESIAN_POINT ( 'NONE',  ( -2.955485394618588391, -7.170131288709783668, 1.189648570498603730 ) ) ;
#778 = CARTESIAN_POINT ( 'NONE',  ( 0.9482365979485075647, -7.459254646890012275, -3.032967701719349929 ) ) ;
#779 = CARTESIAN_POINT ( 'NONE',  ( -2.850406152284155059, -4.454182918178706707, -1.296363095105877550 ) ) ;
#780 = CARTESIAN_POINT ( 'NONE',  ( 2.598076211353317788, -3.175378794048743458, -4.500000000000000000 ) ) ;
#781 = DIRECTION ( 'NONE',  ( -0.8660254037844385966, -0.4999999999999998890, 0.000000000000000000 ) ) ;
#782 = CIRCLE ( 'NONE', #4308, 2.999999999999998224 ) ;
#783 = CARTESIAN_POINT ( 'NONE',  ( 1.011964800508647899, -6.115631146538476060, -2.443099146032160718 ) ) ;
#784 = CARTESIAN_POINT ( 'NONE',  ( 1.925929944387235853E-31, 3.999999999999997335, -6.500000000000000000 ) ) ;
#785 = CARTESIAN_POINT ( 'NONE',  ( -1.022593767254543318, -5.469378658504901125, -3.013001893988783486 ) ) ;
#786 = CARTESIAN_POINT ( 'NONE',  ( -0.9506299792470401799, -6.144857663804599746, 2.983925333089199494 ) ) ;
#787 = CARTESIAN_POINT ( 'NONE',  ( -2.861081734231878393, -6.228575713529562741, -1.274409996861219252 ) ) ;
#788 = ORIENTED_EDGE ( 'NONE', *, *, #951, .F. ) ;
#789 = DIRECTION ( 'NONE',  ( -0.000000000000000000, -1.000000000000000000, -0.000000000000000000 ) ) ;
#790 = AXIS2_PLACEMENT_3D ( 'NONE', #6665, #5383, #1009 ) ;
#791 = ORIENTED_EDGE ( 'NONE', *, *, #2283, .T. ) ;
#792 = CARTESIAN_POINT ( 'NONE',  ( -2.808186771467817255, -8.190416947195936714, 1.504234168134937821 ) ) ;
#793 = CARTESIAN_POINT ( 'NONE',  ( -2.999999999999996891, 3.251865393046782682, -6.411210770232632861 ) ) ;
#794 = CARTESIAN_POINT ( 'NONE',  ( -2.023666828901609094, 6.295737026721290874, -6.443239099303493589 ) ) ;
#795 = TOROIDAL_SURFACE ( 'NONE', #682, 2.000000000000000444, 0.8499999999999999778 ) ;
#796 = CARTESIAN_POINT ( 'NONE',  ( -0.2787114970403494763, -5.133548938246403459, 3.119373105511785038 ) ) ;
#797 = CARTESIAN_POINT ( 'NONE',  ( -3.174784238561612071, -5.281580504027719059, -0.1371565445860162824 ) ) ;
#798 = CARTESIAN_POINT ( 'NONE',  ( -1.046060903667667574, -4.514595156788410613, 2.525414420702733587 ) ) ;
#799 = ORIENTED_EDGE ( 'NONE', *, *, #4830, .F. ) ;
#800 = DIRECTION ( 'NONE',  ( -0.000000000000000000, -1.000000000000000000, -0.000000000000000000 ) ) ;
#801 = CARTESIAN_POINT ( 'NONE',  ( 0.000000000000000000, 3.999999999999998224, -2.000000000000000000 ) ) ;
#802 = CARTESIAN_POINT ( 'NONE',  ( -2.245064030267288846, -6.191346153846374989, 2.245064030267287514 ) ) ;
#803 = CARTESIAN_POINT ( 'NONE',  ( -1.785737662185200358, -7.506422079865098240, 1.785737662185199470 ) ) ;
#804 = CARTESIAN_POINT ( 'NONE',  ( -3.460544645821052701, -3.499999999999999556, -3.006160851577491133 ) ) ;
#805 = CARTESIAN_POINT ( 'NONE',  ( 3.161028125413817502, -3.828983391216238985, 0.3952926764388513536 ) ) ;
#806 = DIRECTION ( 'NONE',  ( 2.846556599890768726E-32, -2.503857664561933362E-16, 1.000000000000000000 ) ) ;
#807 = CARTESIAN_POINT ( 'NONE',  ( 3.111634926831553738, -4.681220279379978422, -0.3496070706639602399 ) ) ;
#808 = CONICAL_SURFACE ( 'NONE', #5634, 2.999999999999998224, 0.7853981633974500554 ) ;
#809 = CIRCLE ( 'NONE', #116, 0.5000000000000000000 ) ;
#810 = CARTESIAN_POINT ( 'NONE',  ( 2.245064030267288402, -5.580769230769504929, -2.245064030267287958 ) ) ;
#811 = EDGE_CURVE ( 'NONE', #4466, #1852, #554, .T. ) ;
#812 = CARTESIAN_POINT ( 'NONE',  ( -3.154410969714864343, -6.232422733356875355, 0.4161159221765721727 ) ) ;
#813 = CARTESIAN_POINT ( 'NONE',  ( -2.647734880452333073, -4.329218357832865571, -1.757145950377602128 ) ) ;
#814 = CARTESIAN_POINT ( 'NONE',  ( -1.351122228035587236, -7.143799637332850061, 2.825251345605927167 ) ) ;
#815 = CARTESIAN_POINT ( 'NONE',  ( -3.161296146836534593, -7.247679248262151042, -0.3953496986215053743 ) ) ;
#816 = CARTESIAN_POINT ( 'NONE',  ( -0.9300722383652201275, -4.189920514873778146, 2.990061240047035884 ) ) ;
#817 = AXIS2_PLACEMENT_3D ( 'NONE', #2257, #1773, #3942 ) ;
#818 = CARTESIAN_POINT ( 'NONE',  ( -3.122194182441818455, -7.128936931396992804, 0.2394643573833460382 ) ) ;
#819 = CARTESIAN_POINT ( 'NONE',  ( 0.000000000000000000, 0.5556762387720526331, -5.070567856518482408 ) ) ;
#820 = EDGE_CURVE ( 'NONE', #2748, #4371, #3485, .T. ) ;
#821 = CARTESIAN_POINT ( 'NONE',  ( 1.727531973270403975, -5.443996531153914020, 1.727531973270403975 ) ) ;
#822 = CARTESIAN_POINT ( 'NONE',  ( -3.031334808026406424, -8.159499479002269240, 0.9530420382866355844 ) ) ;
#823 = DIRECTION ( 'NONE',  ( 1.000000000000000000, 0.000000000000000000, 3.026521842945509783E-28 ) ) ;
#824 = CIRCLE ( 'NONE', #1505, 2.179449471770332103 ) ;
#825 = CARTESIAN_POINT ( 'NONE',  ( -1.789829135960335105, -6.102097473626271196, 2.625653503594440163 ) ) ;
#826 = CARTESIAN_POINT ( 'NONE',  ( -3.087230495342375036, -6.188860437361985767, -0.5271399641305606343 ) ) ;
#827 = ORIENTED_EDGE ( 'NONE', *, *, #5617, .T. ) ;
#828 = CARTESIAN_POINT ( 'NONE',  ( 4.113489937695163690, -0.4999999999999993339, 1.875226431488639767 ) ) ;
#829 = B_SPLINE_CURVE_WITH_KNOTS ( 'NONE', 3,
 ( #2584, #428, #4838, #3791, #7067, #4278 ),
 .UNSPECIFIED., .F., .F.,
 ( 4, 2, 4 ),
 ( 0.002614009409412740292, 0.003909466513246735372, 0.005204923617080730452 ),
 .UNSPECIFIED. ) ;
#830 = ORIENTED_EDGE ( 'NONE', *, *, #5657, .T. ) ;
#831 = CARTESIAN_POINT ( 'NONE',  ( -3.175916642796269507, -8.194823188148159687, 0.2522982701605287481 ) ) ;
#832 = CARTESIAN_POINT ( 'NONE',  ( -2.999999999999997335, 3.695572347056138796, -6.488182357287165303 ) ) ;
#833 = CARTESIAN_POINT ( 'NONE',  ( 1.925929944387235853E-31, 3.999999999999997335, -4.000000000000000888 ) ) ;
#834 = CARTESIAN_POINT ( 'NONE',  ( -0.2849897681411233119, -5.105576388838450441, 3.173088538375987255 ) ) ;
#835 = CARTESIAN_POINT ( 'NONE',  ( -2.374322224663103942, -5.297458300342269055, -2.042605628924840211 ) ) ;
#836 = CARTESIAN_POINT ( 'NONE',  ( -0.4349694174947009162, -0.4999999999999990563, -4.500000000000000000 ) ) ;
#837 = ORIENTED_EDGE ( 'NONE', *, *, #5798, .T. ) ;
#838 = CARTESIAN_POINT ( 'NONE',  ( -0.8691405556513456254, -0.5299427563681041731, 4.499999999999999112 ) ) ;
#839 = CARTESIAN_POINT ( 'NONE',  ( -0.2883067165232913731, 1.097787357076615677, -4.000000000000000000 ) ) ;
#840 = CARTESIAN_POINT ( 'NONE',  ( 1.315128060534577203, -8.572596153846186340, -3.174999999999999378 ) ) ;
#841 = CARTESIAN_POINT ( 'NONE',  ( 1.785737662185200136, -8.971806695249597396, -1.785737662185199692 ) ) ;
#842 = CARTESIAN_POINT ( 'NONE',  ( -3.028054992628044673, -3.375881192601301706, -3.755254904655624504 ) ) ;
#843 = CARTESIAN_POINT ( 'NONE',  ( 2.913668437056852856, -3.956449302661495526, 1.126246185924005383 ) ) ;
#844 = CARTESIAN_POINT ( 'NONE',  ( -8.602421240728327589, 4.000000000000000000, -6.633490009669500864 ) ) ;
#845 = CARTESIAN_POINT ( 'NONE',  ( -0.2923335601764689429, -4.956021674410520106, 3.117716081084479285 ) ) ;
#846 = CARTESIAN_POINT ( 'NONE',  ( 1.785737662185200136, -6.463770227827532189, 1.785737662185200136 ) ) ;
#847 = CARTESIAN_POINT ( 'NONE',  ( -3.125629991100541627, -8.288018140646780552, -0.4243521263908447971 ) ) ;
#848 = CARTESIAN_POINT ( 'NONE',  ( -2.755124522357611294, -4.131944679427129508, 1.489552317872031573 ) ) ;
#849 = CARTESIAN_POINT ( 'NONE',  ( 0.5899018460997735858, -7.563014099260292333, -3.122451822138892830 ) ) ;
#850 = CARTESIAN_POINT ( 'NONE',  ( 1.296400485406217440, -7.451139801480958447, -2.842091314069860264 ) ) ;
#851 = CARTESIAN_POINT ( 'NONE',  ( 2.815463340107868362, -4.805424529308975679, -1.370333241857641493 ) ) ;
#852 = EDGE_CURVE ( 'NONE', #6195, #3762, #2664, .T. ) ;
#853 = PRODUCT_RELATED_PRODUCT_CATEGORY ( 'detail', '', ( #5552 ) ) ;
#854 = CARTESIAN_POINT ( 'NONE',  ( -1.115437599218743303, -6.952493034783390868, 2.925845927113414735 ) ) ;
#855 = CARTESIAN_POINT ( 'NONE',  ( -2.391004723112064578, -5.387733727274976125, -2.099170977620788303 ) ) ;
#856 = CARTESIAN_POINT ( 'NONE',  ( -2.443099146032160274, -8.741111915769037566, -4.487900323781875854E-16 ) ) ;
#857 = CARTESIAN_POINT ( 'NONE',  ( 3.250000000000000000, 3.999999999999999112, -10.72288641497880057 ) ) ;
#858 = CARTESIAN_POINT ( 'NONE',  ( 0.4346389173687340568, -3.500000000000000000, 4.500000000000000000 ) ) ;
#859 = CARTESIAN_POINT ( 'NONE',  ( -1.589875824604309207, -5.113379300225790125, 2.756102381971901494 ) ) ;
#860 = CARTESIAN_POINT ( 'NONE',  ( -3.184539162164557347, -6.309399013670174305, 0.08356514414710122796 ) ) ;
#861 = CARTESIAN_POINT ( 'NONE',  ( 1.416565370018747494, -6.481024818150776134, -2.784187893605583053 ) ) ;
#862 = CARTESIAN_POINT ( 'NONE',  ( 1.590992189236641208, -4.949575974263789035, 2.755416229110086768 ) ) ;
#863 = EDGE_LOOP ( 'NONE', ( #282, #6997, #4263, #247, #5615, #3843 ) ) ;
#864 = CARTESIAN_POINT ( 'NONE',  ( -3.121684734921166271, -8.283441255619106158, 0.2524109260869632498 ) ) ;
#865 = DIRECTION ( 'NONE',  ( 0.000000000000000000, -3.469446951953615175E-16, 1.000000000000000000 ) ) ;
#866 = CARTESIAN_POINT ( 'NONE',  ( -2.626990216321198890, -3.500000000000000444, -1.685333234703298544 ) ) ;
#867 = CARTESIAN_POINT ( 'NONE',  ( -0.5322164136655488376, -5.146172999588469743, 3.086130925070002196 ) ) ;
#868 = CARTESIAN_POINT ( 'NONE',  ( -3.112268780633288490, -5.199221858416459341, -0.2682509554350177572 ) ) ;
#869 = CARTESIAN_POINT ( 'NONE',  ( -0.2349487191107612616, 7.328453908913393988, -6.171546091086893782 ) ) ;
#870 = EDGE_LOOP ( 'NONE', ( #5607, #6448, #5152 ) ) ;
#871 = CARTESIAN_POINT ( 'NONE',  ( 0.000000000000000000, -3.499999999999999556, 0.000000000000000000 ) ) ;
#872 = CARTESIAN_POINT ( 'NONE',  ( -5.196152422706632024, -0.8246212059512554315, -8.676912518275677422E-16 ) ) ;
#873 = CARTESIAN_POINT ( 'NONE',  ( -2.756611812713407161, -6.086025306157035963, 1.485203845258581623 ) ) ;
#874 = CARTESIAN_POINT ( 'NONE',  ( 3.174999999999999822, -7.778846153846249223, 1.944126793646423041E-16 ) ) ;
#875 = CARTESIAN_POINT ( 'NONE',  ( -1.046060903667667574, -6.468441310634410968, 2.525414420702733587 ) ) ;
#876 = CARTESIAN_POINT ( 'NONE',  ( 2.525414420702734031, -7.318577920135155956, 1.546370343417085175E-16 ) ) ;
#877 = CARTESIAN_POINT ( 'NONE',  ( 0.6748610760797107977, -4.082872308721522181, 3.113583482489900245 ) ) ;
#878 = CARTESIAN_POINT ( 'NONE',  ( 0.000000000000000000, 0.5556762387720516339, 1.734723475976807094E-15 ) ) ;
#879 = CARTESIAN_POINT ( 'NONE',  ( -3.101864429708127258, -5.206951730558473379, -0.4276288585388963726 ) ) ;
#880 = CARTESIAN_POINT ( 'NONE',  ( 2.525414420702734031, -5.364731766289156489, 1.546370343417085175E-16 ) ) ;
#881 = CARTESIAN_POINT ( 'NONE',  ( 2.097219917877647166, -6.608760773488342011, -2.392926159093706762 ) ) ;
#882 = CARTESIAN_POINT ( 'NONE',  ( 0.5594852702218694462, -4.480885759589784634, -3.081443725321037608 ) ) ;
#883 = CARTESIAN_POINT ( 'NONE',  ( -2.620079004041736326, -7.324408341283728419, -1.812445612973675235 ) ) ;
#884 = CARTESIAN_POINT ( 'NONE',  ( 3.063177161526662751, -7.615320961976065561, -0.8455964582457791145 ) ) ;
#885 = CARTESIAN_POINT ( 'NONE',  ( 1.197330716345287982, -6.036271863572567398, 2.893301631718350642 ) ) ;
#886 = CARTESIAN_POINT ( 'NONE',  ( 0.3776065411548780726, -6.877912283039765207, 3.108443184341389554 ) ) ;
#887 = CARTESIAN_POINT ( 'NONE',  ( 2.525414420702734031, -7.079018233711286356, -1.046060903667665576 ) ) ;
#888 = CARTESIAN_POINT ( 'NONE',  ( -1.727531973270404198, -7.642073454230663643, 1.727531973270403531 ) ) ;
#889 = FACE_OUTER_BOUND ( 'NONE', #4967, .T. ) ;
#890 = EDGE_CURVE ( 'NONE', #5717, #2984, #5589, .T. ) ;
#891 = CARTESIAN_POINT ( 'NONE',  ( -2.102302353195591778, -8.246234276309813538, -2.310547038761641581 ) ) ;
#892 = CARTESIAN_POINT ( 'NONE',  ( -2.523574768325181683, -4.195790869125074707, 1.937946283547076654 ) ) ;
#893 = CARTESIAN_POINT ( 'NONE',  ( 2.586191281881140114, -3.627103087540251458, -1.766421073294917710 ) ) ;
#894 = CARTESIAN_POINT ( 'NONE',  ( -1.820308436943348651, -6.401604499050479014, -2.614355771696086794 ) ) ;
#895 = CARTESIAN_POINT ( 'NONE',  ( -1.008126140774430413, -6.446636985130361985, -3.022393281016220623 ) ) ;
#896 = CARTESIAN_POINT ( 'NONE',  ( 3.175087338712871965, -3.800254557729494831, -0.2058870533842866446 ) ) ;
#897 = TOROIDAL_SURFACE ( 'NONE', #446, 5.070567856518484184, 1.200000000000000400 ) ;
#898 = ORIENTED_EDGE ( 'NONE', *, *, #1039, .T. ) ;
#899 = CARTESIAN_POINT ( 'NONE',  ( -2.626571618603675606, -8.205141167311881034, 1.705259744773782282 ) ) ;
#900 = CARTESIAN_POINT ( 'NONE',  ( -3.680738696364781681, -0.4999999999999993339, 2.624773568511362676 ) ) ;
#901 = CARTESIAN_POINT ( 'NONE',  ( -2.184164377040692332E-11, -7.473281910752896273, -3.174999999999999822 ) ) ;
#902 = CARTESIAN_POINT ( 'NONE',  ( -3.089337233245487369, -5.339745807897118723, 0.5127318164740115591 ) ) ;
#903 = AXIS2_PLACEMENT_3D ( 'NONE', #4776, #4852, #2049 ) ;
#904 = CARTESIAN_POINT ( 'NONE',  ( -1.572715156135741754, -5.348074330405720112, -2.699054990105989926 ) ) ;
#905 = CARTESIAN_POINT ( 'NONE',  ( 1.077534475382074142, -8.920282735932502760, -2.280392925918486746 ) ) ;
#906 = ORIENTED_EDGE ( 'NONE', *, *, #4187, .T. ) ;
#907 = CARTESIAN_POINT ( 'NONE',  ( 2.598076211353317788, -0.4999999999999995559, -4.500000000000000000 ) ) ;
#908 = CARTESIAN_POINT ( 'NONE',  ( -0.9763331710983895739, 1.099584604014662181, -6.443239099303495365 ) ) ;
#909 = CARTESIAN_POINT ( 'NONE',  ( 1.815833021474903441, -5.822157526398383354, 2.550968550735920548 ) ) ;
#910 = CIRCLE ( 'NONE', #4562, 2.103814916482225073 ) ;
#911 = CARTESIAN_POINT ( 'NONE',  ( -3.174999999999999822, -8.267307692307749534, -5.832380380939269122E-16 ) ) ;
#912 = CARTESIAN_POINT ( 'NONE',  ( -1.785737662185199692, -5.796806695249848929, -1.785737662185200358 ) ) ;
#913 = EDGE_CURVE ( 'NONE', #552, #1875, #667, .T. ) ;
#914 = CARTESIAN_POINT ( 'NONE',  ( -3.127210316982509841, -4.327985419950836743, -0.6083964079011239257 ) ) ;
#915 = CARTESIAN_POINT ( 'NONE',  ( 5.196152422706632912, -0.4999999999999995559, -8.673617379884035472E-16 ) ) ;
#916 = ORIENTED_EDGE ( 'NONE', *, *, #1396, .T. ) ;
#917 = CARTESIAN_POINT ( 'NONE',  ( -2.823606590009294148, -4.279204072364435341, -1.353627126969293215 ) ) ;
#918 = AXIS2_PLACEMENT_3D ( 'NONE', #4915, #3224, #6670 ) ;
#919 = B_SPLINE_CURVE_WITH_KNOTS ( 'NONE', 3,
 ( #5310, #6996, #1448, #4656 ),
 .UNSPECIFIED., .F., .F.,
 ( 4, 4 ),
 ( 2.339750666364615130E-07, 0.002614009409412740292 ),
 .UNSPECIFIED. ) ;
#920 = CARTESIAN_POINT ( 'NONE',  ( 3.092740686834170350E-16, -7.074347150904405801, -2.525414420702734031 ) ) ;
#921 = CARTESIAN_POINT ( 'NONE',  ( 3.013575358529033466, -6.690099421427824211, -1.021018159059503105 ) ) ;
#922 = CARTESIAN_POINT ( 'NONE',  ( 3.128583270289488016, -4.754792213926213762, 0.6017749974633397336 ) ) ;
#923 = CARTESIAN_POINT ( 'NONE',  ( -1.068934089078839911, -7.508539148782755746, -2.935159342340833977 ) ) ;
#924 = CARTESIAN_POINT ( 'NONE',  ( 2.648888544540110690, -7.716842020272752123, 1.670988733697969186 ) ) ;
#925 = CARTESIAN_POINT ( 'NONE',  ( -2.425011576794287027, -5.471752246029498501, -1.980834132071136455 ) ) ;
#926 = AXIS2_PLACEMENT_3D ( 'NONE', #4571, #5698, #1726 ) ;
#927 = CARTESIAN_POINT ( 'NONE',  ( -0.4228611895415759769, -7.893250044626705986, 3.102630517591688619 ) ) ;
#928 = CARTESIAN_POINT ( 'NONE',  ( 1.785737662185200136, -8.971806695249597396, -1.785737662185199692 ) ) ;
#929 = COORDINATED_UNIVERSAL_TIME_OFFSET ( 6, 0, .BEHIND. ) ;
#930 = CARTESIAN_POINT ( 'NONE',  ( -1.727531973270404198, -4.711304223461663554, 1.727531973270403531 ) ) ;
#931 = CARTESIAN_POINT ( 'NONE',  ( 0.000000000000000000, 1.500000000000000444, -4.330127018922189208 ) ) ;
#932 = FACE_OUTER_BOUND ( 'NONE', #3924, .T. ) ;
#933 = CARTESIAN_POINT ( 'NONE',  ( -2.524234999317916284, 6.006733858783674052, -4.212898027095808295 ) ) ;
#934 = CARTESIAN_POINT ( 'NONE',  ( 0.9429687600081265719, -3.523928469711396172, -2.986599255438948664 ) ) ;
#935 = CARTESIAN_POINT ( 'NONE',  ( -0.6173536342887855355, -6.555586618183498082, -3.070306881420892253 ) ) ;
#936 = CARTESIAN_POINT ( 'NONE',  ( 2.376337898530782144, -6.566498147116600848, -2.109756277366046984 ) ) ;
#937 = CARTESIAN_POINT ( 'NONE',  ( 1.023539499019162191, -4.003426582682260815, 3.012674279693455137 ) ) ;
#938 = AXIS2_PLACEMENT_3D ( 'NONE', #5347, #2409, #323 ) ;
#939 = ORIENTED_EDGE ( 'NONE', *, *, #5395, .F. ) ;
#940 = LINE ( 'NONE', #3186, #4674 ) ;
#941 = CARTESIAN_POINT ( 'NONE',  ( 3.092740686834170350E-16, -9.028193304750406156, -2.525414420702734031 ) ) ;
#942 = AXIS2_PLACEMENT_3D ( 'NONE', #275, #1411, #823 ) ;
#943 = CARTESIAN_POINT ( 'NONE',  ( -2.598076211353316900, -0.4999999999999995559, -4.499999999999999112 ) ) ;
#944 = CARTESIAN_POINT ( 'NONE',  ( -1.029316676483555071, -5.172327836201302986, 2.949317802839996006 ) ) ;
#945 = CARTESIAN_POINT ( 'NONE',  ( 2.940634698035698325, -5.620414029648162391, -1.077601158912185664 ) ) ;
#946 = CYLINDRICAL_SURFACE ( 'NONE', #2044, 0.8499999999999999778 ) ;
#947 = EDGE_LOOP ( 'NONE', ( #4822, #622, #6088, #3473, #2516, #2722 ) ) ;
#948 = CARTESIAN_POINT ( 'NONE',  ( 0.000000000000000000, -0.4999999999999995559, 0.000000000000000000 ) ) ;
#949 = CARTESIAN_POINT ( 'NONE',  ( -0.3936378002518219343, -8.069995735137005965, 3.106632113548533525 ) ) ;
#950 = CARTESIAN_POINT ( 'NONE',  ( -0.3963717925577191492, -6.388516569571017989, -3.105997715163754336 ) ) ;
#951 = EDGE_CURVE ( 'NONE', #1837, #5599, #2424, .T. ) ;
#952 = CARTESIAN_POINT ( 'NONE',  ( 3.174999999999999378, -6.740865384615562839, -1.315128060534576759 ) ) ;
#953 = CARTESIAN_POINT ( 'NONE',  ( 1.785737662185200136, -4.331422079865348884, 1.785737662185200136 ) ) ;
#954 = CARTESIAN_POINT ( 'NONE',  ( -2.989692356787511329, -4.341073911145881148, 0.9319835448951051537 ) ) ;
#955 = DIRECTION ( 'NONE',  ( 0.000000000000000000, 0.000000000000000000, -1.000000000000000000 ) ) ;
#956 = ORIENTED_EDGE ( 'NONE', *, *, #4513, .F. ) ;
#957 = CARTESIAN_POINT ( 'NONE',  ( -2.077975916715803617, -4.078597558832447234, 2.342508022443037685 ) ) ;
#958 = AXIS2_PLACEMENT_3D ( 'NONE', #3938, #237, #1223 ) ;
#959 = CARTESIAN_POINT ( 'NONE',  ( -1.046060903667667574, -5.670020227827594184, 2.525414420702733587 ) ) ;
#960 = CARTESIAN_POINT ( 'NONE',  ( 3.154674134353170345, -6.760248531630203672, 0.4148060878022858944 ) ) ;
#961 = CARTESIAN_POINT ( 'NONE',  ( 2.832558596675655238, -4.766656535117907545, 1.335969933448270197 ) ) ;
#962 = CARTESIAN_POINT ( 'NONE',  ( -1.082986594027995464, -7.419929093798732112, -2.987423523145188220 ) ) ;
#963 = CARTESIAN_POINT ( 'NONE',  ( 3.023839134717389410, -7.669263168274460085, -0.9769957431966193040 ) ) ;
#964 = CARTESIAN_POINT ( 'NONE',  ( 2.437353810498954498, -5.746827594566711106, -1.965760298103927273 ) ) ;
#965 = CARTESIAN_POINT ( 'NONE',  ( -0.3811042714635402007, -6.914251825328710410, 3.107906407777140334 ) ) ;
#966 = CARTESIAN_POINT ( 'NONE',  ( -1.785737662185199692, -7.750652849095848396, -1.785737662185200358 ) ) ;
#967 = PERSON_AND_ORGANIZATION_ROLE ( 'creator' ) ;
#968 = CARTESIAN_POINT ( 'NONE',  ( -2.538322235582645803, -3.499999999999998224, 1.236708205925953097 ) ) ;
#969 = CARTESIAN_POINT ( 'NONE',  ( -1.257973249145698080, -8.326252348941538983, -2.927175256488715682 ) ) ;
#970 = CARTESIAN_POINT ( 'NONE',  ( -2.392250450012723295, -4.185839714325984673, 2.097796021691723301 ) ) ;
#971 = CARTESIAN_POINT ( 'NONE',  ( -0.6112798188237014152, -3.475498254196075720, -3.126705447796407356 ) ) ;
#972 = CARTESIAN_POINT ( 'NONE',  ( -3.130468498465162508, -6.337375507798492791, 0.08353303513939668024 ) ) ;
#973 = CARTESIAN_POINT ( 'NONE',  ( 3.094584949309221233, -6.775683265100315822, 0.7222698781340480823 ) ) ;
#974 = CARTESIAN_POINT ( 'NONE',  ( -3.564761386937312728E-15, -5.519987320015720123, -3.174999999999999822 ) ) ;
#975 = ORIENTED_EDGE ( 'NONE', *, *, #5975, .T. ) ;
#976 = CARTESIAN_POINT ( 'NONE',  ( 0.000000000000000000, 0.5556762387720516339, 1.734723475976807094E-15 ) ) ;
#977 = CIRCLE ( 'NONE', #2981, 0.8499999999999999778 ) ;
#978 = CARTESIAN_POINT ( 'NONE',  ( -1.785737662185199692, -6.952231766289031611, -1.785737662185200358 ) ) ;
#979 = FACE_OUTER_BOUND ( 'NONE', #6043, .T. ) ;
#980 = CARTESIAN_POINT ( 'NONE',  ( -2.350828441055736295, -5.221162614482388165, 2.149975257307512599 ) ) ;
#981 = CARTESIAN_POINT ( 'NONE',  ( 2.066625664070580903, -5.543072726890932778, -2.353283013904773568 ) ) ;
#982 = DIRECTION ( 'NONE',  ( -0.000000000000000000, -1.000000000000000000, -0.000000000000000000 ) ) ;
#983 = ORIENTED_EDGE ( 'NONE', *, *, #6694, .T. ) ;
#984 = DIRECTION ( 'NONE',  ( -1.000000000000000000, -0.000000000000000000, 0.000000000000000000 ) ) ;
#985 = CARTESIAN_POINT ( 'NONE',  ( 0.8542324056577874636, -6.450000076382951697, -3.012510854465813903 ) ) ;
#986 = CARTESIAN_POINT ( 'NONE',  ( 0.000000000000000000, 1.999999999999998224, -0.8499999999999999778 ) ) ;
#987 = CARTESIAN_POINT ( 'NONE',  ( 1.046060903667666020, -5.003056695249910923, -2.525414420702734031 ) ) ;
#988 = ADVANCED_FACE ( 'NONE', ( #2779 ), #2190, .T. ) ;
#989 = CARTESIAN_POINT ( 'NONE',  ( -2.227068257490147030, -4.235615295416683246, 2.278218194438493160 ) ) ;
#990 = CARTESIAN_POINT ( 'NONE',  ( 2.999999999999996003, 5.732050807568872308, -6.499999999999999112 ) ) ;
#991 = VERTEX_POINT ( 'NONE', #546 ) ;
#992 = CARTESIAN_POINT ( 'NONE',  ( 0.8211669413538611462, -7.922212209774680325, 3.073979179554136465 ) ) ;
#993 = EDGE_CURVE ( 'NONE', #7005, #6855, #343, .T. ) ;
#994 = CARTESIAN_POINT ( 'NONE',  ( 1.785737662185200136, -6.219539458596782033, -1.785737662185199692 ) ) ;
#995 = CARTESIAN_POINT ( 'NONE',  ( -4.333683988238895779, -3.500000000000000000, 1.493839148422507312 ) ) ;
#996 = CARTESIAN_POINT ( 'NONE',  ( -0.2239995549042805290, -4.532019424711283051, -3.169848416392570645 ) ) ;
#997 = CARTESIAN_POINT ( 'NONE',  ( -1.423856688384827596, -7.488920848917310913, -2.789176591411489881 ) ) ;
#998 = CARTESIAN_POINT ( 'NONE',  ( 1.890241782147906280, -7.572790930935128451, -2.564551258054621474 ) ) ;
#999 = CARTESIAN_POINT ( 'NONE',  ( -2.286835585785013336, -6.224487886457231944, 2.139071196778715489 ) ) ;
#1000 = CARTESIAN_POINT ( 'NONE',  ( 2.525414420702734031, -7.140075926018973007, 1.546370343417085175E-16 ) ) ;
#1001 = PERSON_AND_ORGANIZATION ( #2966, #4749 ) ;
#1002 = CARTESIAN_POINT ( 'NONE',  ( -9.614703467775485757E-18, 3.999999999999999112, -6.699999999999999289 ) ) ;
#1003 = CARTESIAN_POINT ( 'NONE',  ( -0.3754143580516033918, -3.609272158867634417, -3.163449146849252269 ) ) ;
#1004 = B_SPLINE_CURVE_WITH_KNOTS ( 'NONE', 3,
 ( #4170, #1345, #4248, #209, #2553, #6933, #1894, #249 ),
 .UNSPECIFIED., .F., .F.,
 ( 4, 2, 2, 4 ),
 ( 0.001809801667233462480, 0.002259085915353533508, 0.002708370163473604753, 0.003606938659713746810 ),
 .UNSPECIFIED. ) ;
#1005 = LINE ( 'NONE', #2620, #3384 ) ;
#1006 = CARTESIAN_POINT ( 'NONE',  ( 1.303709226375788566, -3.543857548524219858, -2.838775311742729457 ) ) ;
#1007 = CARTESIAN_POINT ( 'NONE',  ( -2.571042192039298957, -6.412422549634291258, -1.881349915714283227 ) ) ;
#1008 = CARTESIAN_POINT ( 'NONE',  ( 2.094658001175587536, -6.872688501245900028, 2.400785705565958050 ) ) ;
#1009 = DIRECTION ( 'NONE',  ( 0.000000000000000000, 1.000000000000000000, 2.891205793294680298E-16 ) ) ;
#1010 = DIRECTION ( 'NONE',  ( 1.000000000000000000, 0.000000000000000000, -1.669238443041287183E-16 ) ) ;
#1011 = CARTESIAN_POINT ( 'NONE',  ( -2.614852250904939890, -8.385739336711049319, -1.704105107653964835 ) ) ;
#1012 = CARTESIAN_POINT ( 'NONE',  ( -2.525414420702733587, -8.722904843211969350, 1.046060903667666242 ) ) ;
#1013 = CARTESIAN_POINT ( 'NONE',  ( 2.598076211353317788, -0.8246212059512556536, -4.500000000000000000 ) ) ;
#1014 = CARTESIAN_POINT ( 'NONE',  ( 2.525414420702734031, -6.341654843212157111, 1.546370343417085175E-16 ) ) ;
#1015 = CARTESIAN_POINT ( 'NONE',  ( -3.177694077843729925, -5.275802269119939325, -0.002102562202434184527 ) ) ;
#1016 = CARTESIAN_POINT ( 'NONE',  ( 3.176988231857847289, -5.766872933231590004, 0.06827828693958737372 ) ) ;
#1017 = CARTESIAN_POINT ( 'NONE',  ( 1.658312395177690357, 1.500000000000000222, -4.000000000000000000 ) ) ;
#1018 = ORIENTED_EDGE ( 'NONE', *, *, #1360, .F. ) ;
#1019 = DIRECTION ( 'NONE',  ( -0.000000000000000000, -1.000000000000000000, -1.836970198721029688E-16 ) ) ;
#1020 = CARTESIAN_POINT ( 'NONE',  ( -1.749659410343874288, -6.011961890631324579, 2.596776420200534563 ) ) ;
#1021 = EDGE_CURVE ( 'NONE', #3543, #4371, #3367, .T. ) ;
#1022 = B_SPLINE_CURVE_WITH_KNOTS ( 'NONE', 3,
 ( #499, #3792, #429, #6595, #6001, #355 ),
 .UNSPECIFIED., .F., .F.,
 ( 4, 2, 4 ),
 ( 0.001795681656397979950, 0.002687105552633574715, 0.003578529448869169696 ),
 .UNSPECIFIED. ) ;
#1023 = CARTESIAN_POINT ( 'NONE',  ( 1.975366948896613127E-27, 3.999999999999999112, -10.72288641497880057 ) ) ;
#1024 = CARTESIAN_POINT ( 'NONE',  ( 3.092740686834170350E-16, -5.918922079865224006, -2.525414420702734031 ) ) ;
#1025 = CIRCLE ( 'NONE', #3598, 3.000000000000001332 ) ;
#1026 = CARTESIAN_POINT ( 'NONE',  ( -1.005538505142376859, -4.165158637140206288, 3.014372481771434131 ) ) ;
#1027 = CARTESIAN_POINT ( 'NONE',  ( 3.092740686834170350E-16, -5.918922079865224006, -2.525414420702734031 ) ) ;
#1028 = ORIENTED_EDGE ( 'NONE', *, *, #4084, .T. ) ;
#1029 = CARTESIAN_POINT ( 'NONE',  ( 2.923051494795029459, -3.664066259505660561, -1.123285577216397213 ) ) ;
#1030 = AXIS2_PLACEMENT_3D ( 'NONE', #4334, #1535, #3195 ) ;
#1031 = CARTESIAN_POINT ( 'NONE',  ( -2.356978283076380798, -8.779477620493707946, 1.246281630475782221 ) ) ;
#1032 = TOROIDAL_SURFACE ( 'NONE', #6778, 2.000000000000000444, 0.8499999999999999778 ) ;
#1033 = CARTESIAN_POINT ( 'NONE',  ( -3.099204073637361390, -8.273154707647098149, -0.6671246408230040448 ) ) ;
#1034 = CARTESIAN_POINT ( 'NONE',  ( -1.615837034703795805, -5.114260243722588584, 2.745917241990499136 ) ) ;
#1035 = CARTESIAN_POINT ( 'NONE',  ( 2.549588446572272904, -7.678127651461135628, -1.910347183177299124 ) ) ;
#1036 = CARTESIAN_POINT ( 'NONE',  ( 2.147609090348546079, -7.754872283624795415, 2.268513947418441035 ) ) ;
#1037 = CARTESIAN_POINT ( 'NONE',  ( 2.525414420702734031, -8.116999002941973629, 1.546370343417085175E-16 ) ) ;
#1038 = CARTESIAN_POINT ( 'NONE',  ( 1.011964800508647899, -6.022830391923528204, -2.443099146032160718 ) ) ;
#1039 = EDGE_CURVE ( 'NONE', #2269, #2123, #5541, .T. ) ;
#1040 = CARTESIAN_POINT ( 'NONE',  ( -3.174999999999999822, -9.122115384615380407, -5.832380380939269122E-16 ) ) ;
#1041 = CARTESIAN_POINT ( 'NONE',  ( -2.847799378693217420, -3.455269915723433893, -1.427710619691706428 ) ) ;
#1042 = CARTESIAN_POINT ( 'NONE',  ( -2.150447440026358681, 6.222540206760391435, -4.089514819218206476 ) ) ;
#1043 = CARTESIAN_POINT ( 'NONE',  ( 1.321957425633360161, -3.632467557441844352, -2.889728135524777919 ) ) ;
#1044 = CARTESIAN_POINT ( 'NONE',  ( 1.177452317664496650, -6.616491567334095159, -2.960096955221954040 ) ) ;
#1045 = CARTESIAN_POINT ( 'NONE',  ( 2.055811445493525458, -6.784069825319890334, 2.362941353829737690 ) ) ;
#1046 = CARTESIAN_POINT ( 'NONE',  ( -2.886751345948122882, 4.816496580927752902, -3.999999999999999112 ) ) ;
#1047 = ORIENTED_EDGE ( 'NONE', *, *, #5079, .T. ) ;
#1048 = VECTOR ( 'NONE', #4672, 1000.000000000000000 ) ;
#1049 = EDGE_CURVE ( 'NONE', #2345, #3834, #2715, .T. ) ;
#1050 = ORIENTED_EDGE ( 'NONE', *, *, #1449, .T. ) ;
#1051 = DIRECTION ( 'NONE',  ( 0.000000000000000000, 1.836970198721029688E-16, -1.000000000000000000 ) ) ;
#1052 = CARTESIAN_POINT ( 'NONE',  ( 1.785737662185200136, -8.417616381673530768, 1.785737662185200136 ) ) ;
#1053 = DIRECTION ( 'NONE',  ( 0.000000000000000000, -1.000000000000000000, 0.000000000000000000 ) ) ;
#1054 = AXIS2_PLACEMENT_3D ( 'NONE', #4301, #4185, #3740 ) ;
#1055 = CARTESIAN_POINT ( 'NONE',  ( -1.785737662185200358, -8.661847150904280923, 1.785737662185199470 ) ) ;
#1056 = CARTESIAN_POINT ( 'NONE',  ( -3.123777110734876405, -5.364425552973177247, 0.002187477480744271820 ) ) ;
#1057 = CARTESIAN_POINT ( 'NONE',  ( 2.990867607926104732, -5.648382102333565413, -1.097649846042227040 ) ) ;
#1058 = DIRECTION ( 'NONE',  ( -0.000000000000000000, -1.000000000000000000, -0.000000000000000000 ) ) ;
#1059 = ORIENTED_EDGE ( 'NONE', *, *, #3589, .F. ) ;
#1060 = CARTESIAN_POINT ( 'NONE',  ( 2.886751345948154412, 8.999999999999996447, -3.999999999999997335 ) ) ;
#1061 = ORIENTED_EDGE ( 'NONE', *, *, #1335, .F. ) ;
#1062 = CONICAL_SURFACE ( 'NONE', #4823, 2.999999999999998224, 0.7853981633974500554 ) ;
#1063 = CARTESIAN_POINT ( 'NONE',  ( 3.174999999999999378, -2.955288461538937650, 1.315128060534576981 ) ) ;
#1064 = CARTESIAN_POINT ( 'NONE',  ( -1.712171429773310084E-11, -4.542512679984116453, -3.174999999999999822 ) ) ;
#1065 = CARTESIAN_POINT ( 'NONE',  ( -0.4994329592352350633, -4.078486816119692548, 3.138195928471556151 ) ) ;
#1066 = CARTESIAN_POINT ( 'NONE',  ( 0.5530997743797291255, -8.881975277773348054, -2.525414420702734031 ) ) ;
#1067 = ORIENTED_EDGE ( 'NONE', *, *, #1743, .F. ) ;
#1068 = CARTESIAN_POINT ( 'NONE',  ( 2.098320529530295797, -7.849817268729870179, 2.391750144785662169 ) ) ;
#1069 = CARTESIAN_POINT ( 'NONE',  ( 2.525414420702734031, -4.448866381673845183, 1.046060903667665798 ) ) ;
#1070 = FACE_OUTER_BOUND ( 'NONE', #6080, .T. ) ;
#1071 = CARTESIAN_POINT ( 'NONE',  ( 1.885874482128511609, -4.931757117451102346, 2.568028368795328031 ) ) ;
#1072 = CARTESIAN_POINT ( 'NONE',  ( 2.202543904089200755, -7.592494650194388406, -2.301882286920183596 ) ) ;
#1073 = CARTESIAN_POINT ( 'NONE',  ( -3.108686412582074787, -8.174127304557492479, 0.6587743622144912603 ) ) ;
#1074 = CARTESIAN_POINT ( 'NONE',  ( 2.245064030267288402, -8.877884615384624922, 2.245064030267288402 ) ) ;
#1075 = CARTESIAN_POINT ( 'NONE',  ( 2.443099146032160274, -4.252157315000592241, 1.495966774593958618E-16 ) ) ;
#1076 = CARTESIAN_POINT ( 'NONE',  ( -2.245064030267288846, -9.000000000000005329, 2.245064030267287514 ) ) ;
#1077 = CARTESIAN_POINT ( 'NONE',  ( 1.151487424510287738, -3.713433825755582784, -2.912490439780196727 ) ) ;
#1078 = CARTESIAN_POINT ( 'NONE',  ( -2.765051280889237795, 2.132301486206767294, -6.171546091086895558 ) ) ;
#1079 = CARTESIAN_POINT ( 'NONE',  ( -1.017869438206287613, -4.043526532066418433, 3.018937848916763755 ) ) ;
#1080 = EDGE_CURVE ( 'NONE', #1812, #2673, #782, .T. ) ;
#1081 = CARTESIAN_POINT ( 'NONE',  ( 3.183140619435242957, -6.796119884079641515, -0.1283806611394318620 ) ) ;
#1082 = CARTESIAN_POINT ( 'NONE',  ( 1.756918006644116570, -6.500844697879667677, -2.592766013082070220 ) ) ;
#1083 = DIRECTION ( 'NONE',  ( 0.000000000000000000, 1.000000000000000000, 2.891205793294681285E-16 ) ) ;
#1084 = B_SPLINE_CURVE_WITH_KNOTS ( 'NONE', 3,
 ( #154, #2384, #1827, #4071, #768, #6905, #3560, #6943, #5250, #222, #2458, #5910, #4819, #3262, #259, #5500, #1635, #5875, #1463, #4434 ),
 .UNSPECIFIED., .F., .F.,
 ( 4, 2, 2, 2, 2, 2, 2, 2, 2, 4 ),
 ( 0.09164409106182815068, 0.09242822815593081109, 0.09321236525003347151, 0.09399650234413613192, 0.09478063943823879234, 0.09517270798529012255, 0.09556477653234145275, 0.09634891362644409929, 0.09713305072054675970, 0.09791718781464942012 ),
 .UNSPECIFIED. ) ;
#1085 = ORIENTED_EDGE ( 'NONE', *, *, #7203, .T. ) ;
#1086 = FACE_OUTER_BOUND ( 'NONE', #5831, .T. ) ;
#1087 = CARTESIAN_POINT ( 'NONE',  ( 2.525414420702734031, -7.318577920135155956, 1.546370343417085175E-16 ) ) ;
#1088 = CARTESIAN_POINT ( 'NONE',  ( 3.154364021811737029, -7.737252365768924278, 0.4164165596605070574 ) ) ;
#1089 = CARTESIAN_POINT ( 'NONE',  ( 1.785737662185200136, -5.486847150904531567, 1.785737662185200136 ) ) ;
#1090 = CARTESIAN_POINT ( 'NONE',  ( 0.7600244490755263538, -5.617619324959203908, -3.093693118102737394 ) ) ;
#1091 = CARTESIAN_POINT ( 'NONE',  ( 2.940036315899478225, -5.825205574201976155, 1.227783825700370812 ) ) ;
#1092 = CARTESIAN_POINT ( 'NONE',  ( 0.3290012068377901056, -3.499999999999998668, -3.121997399899733239 ) ) ;
#1093 = ORIENTED_EDGE ( 'NONE', *, *, #3283, .T. ) ;
#1094 = CARTESIAN_POINT ( 'NONE',  ( 2.999999999999996003, 2.267949192431120586, -6.035898384862248278 ) ) ;
#1095 = EDGE_LOOP ( 'NONE', ( #4947, #2083, #3222, #830, #5139 ) ) ;
#1096 = CARTESIAN_POINT ( 'NONE',  ( -2.279781379609858050, -2.525605145289451237, -2.210346680924718754 ) ) ;
#1097 = CARTESIAN_POINT ( 'NONE',  ( 0.000000000000000000, 3.999999999999999112, 0.000000000000000000 ) ) ;
#1098 = B_SPLINE_CURVE_WITH_KNOTS ( 'NONE', 3,
 ( #6764, #4423, #6215, #2765, #1078, #2834 ),
 .UNSPECIFIED., .F., .F.,
 ( 4, 2, 4 ),
 ( 0.001795681656397978866, 0.002687105552633572980, 0.003578529448869167094 ),
 .UNSPECIFIED. ) ;
#1099 = CARTESIAN_POINT ( 'NONE',  ( -0.3230542536392900232, -4.616356291131944012, -3.107000146077297131 ) ) ;
#1100 = CARTESIAN_POINT ( 'NONE',  ( 1.785737662185200136, -6.041037464480599084, -1.785737662185199692 ) ) ;
#1101 = VERTEX_POINT ( 'NONE', #3305 ) ;
#1102 = CARTESIAN_POINT ( 'NONE',  ( 1.233614740035552160, -3.902209747989676902, 2.878242841888249526 ) ) ;
#1103 = CARTESIAN_POINT ( 'NONE',  ( 2.525414420702734031, -3.410885612443156578, 1.546370343417085175E-16 ) ) ;
#1104 = DIRECTION ( 'NONE',  ( 0.000000000000000000, 0.000000000000000000, 1.000000000000000000 ) ) ;
#1105 = CARTESIAN_POINT ( 'NONE',  ( 1.572629837163407762, -7.615408621491022600, -2.770452075413570192 ) ) ;
#1106 = CARTESIAN_POINT ( 'NONE',  ( 0.2973811975302255717, -7.947891974459829534, 3.172269112380100786 ) ) ;
#1107 = CARTESIAN_POINT ( 'NONE',  ( 1.011964800508647899, -6.999753468846528826, -2.443099146032160718 ) ) ;
#1108 = CARTESIAN_POINT ( 'NONE',  ( -2.245064030267287958, -9.244230769230753708, -2.245064030267288846 ) ) ;
#1109 = CARTESIAN_POINT ( 'NONE',  ( -1.827563483354513130, -3.531200378770136261, -2.609512277249555812 ) ) ;
#1110 = CARTESIAN_POINT ( 'NONE',  ( 0.000000000000000000, 0.5556762387720516339, 1.734723475976807094E-15 ) ) ;
#1111 = CARTESIAN_POINT ( 'NONE',  ( 2.538409553202463531, -3.850682230385841454, 1.925646116045072187 ) ) ;
#1112 = CARTESIAN_POINT ( 'NONE',  ( 3.129216513356373408, -6.835866577948029210, 0.1282845343040042996 ) ) ;
#1113 = CARTESIAN_POINT ( 'NONE',  ( -1.361767428862691309, -6.966186137122589273, 2.820582419439327637 ) ) ;
#1114 = CARTESIAN_POINT ( 'NONE',  ( 2.196688783968648195, -3.776115497216410155, -2.231493510460023089 ) ) ;
#1115 = ORIENTED_EDGE ( 'NONE', *, *, #4367, .F. ) ;
#1116 = CARTESIAN_POINT ( 'NONE',  ( 3.154795788952205804, -5.783287207372104888, 0.4140329496757833572 ) ) ;
#1117 = EDGE_CURVE ( 'NONE', #6971, #6640, #4188, .T. ) ;
#1118 = ADVANCED_FACE ( 'NONE', ( #5980 ), #2899, .T. ) ;
#1119 = CARTESIAN_POINT ( 'NONE',  ( 2.443099146032160718, -9.290631146538226304, 1.011964800508647677 ) ) ;
#1120 = CARTESIAN_POINT ( 'NONE',  ( 1.937519841818331923, -7.859277514066131509, 2.523850438579297251 ) ) ;
#1121 = CARTESIAN_POINT ( 'NONE',  ( 3.092740686834170350E-16, -5.120500997058406334, -2.525414420702734031 ) ) ;
#1122 = CARTESIAN_POINT ( 'NONE',  ( 0.4989546873183974274, -5.604486445414390339, -3.146323737215978245 ) ) ;
#1123 = CARTESIAN_POINT ( 'NONE',  ( 1.311750204339012349, -5.941789864318228531, 2.903330611437018316 ) ) ;
#1124 = CARTESIAN_POINT ( 'NONE',  ( -0.1242027530470225100, -3.500000000000000000, -3.156952852277859822 ) ) ;
#1125 = ORIENTED_EDGE ( 'NONE', *, *, #4319, .F. ) ;
#1126 = CARTESIAN_POINT ( 'NONE',  ( 5.236071779972316087E-16, 0.5358983848622450585, -4.464101615137753498 ) ) ;
#1127 = AXIS2_PLACEMENT_3D ( 'NONE', #4504, #3907, #6149 ) ;
#1128 = VERTEX_POINT ( 'NONE', #2634 ) ;
#1129 = CARTESIAN_POINT ( 'NONE',  ( -2.443099146032159830, -7.610330391923403326, 1.011964800508648343 ) ) ;
#1130 = CARTESIAN_POINT ( 'NONE',  ( -1.315128060534576537, -2.588942307692812417, -3.175000000000000266 ) ) ;
#1131 = CARTESIAN_POINT ( 'NONE',  ( 1.639679350753628105E-11, -5.519435756908671387, -3.174999999999999822 ) ) ;
#1132 = ADVANCED_FACE ( 'NONE', ( #1534 ), #5240, .F. ) ;
#1133 = B_SPLINE_CURVE_WITH_KNOTS ( 'NONE', 3,
 ( #1599, #2188, #6675, #6050 ),
 .UNSPECIFIED., .F., .F.,
 ( 4, 4 ),
 ( 2.339750666360943772E-07, 0.002614009409412738991 ),
 .UNSPECIFIED. ) ;
#1134 = CARTESIAN_POINT ( 'NONE',  ( -2.622999909648767503, -4.393369283646031853, -1.807846303685864076 ) ) ;
#1135 = CARTESIAN_POINT ( 'NONE',  ( 0.000000000000000000, -8.361229772172722008, 2.525414420702734031 ) ) ;
#1136 = ORIENTED_EDGE ( 'NONE', *, *, #3863, .T. ) ;
#1137 = CARTESIAN_POINT ( 'NONE',  ( 1.592602974291226658, -7.555844605107463252, -2.754492143646163793 ) ) ;
#1138 = CARTESIAN_POINT ( 'NONE',  ( 1.645594119610173989, -6.010614309970406133, 2.663986357506904490 ) ) ;
#1139 = EDGE_CURVE ( 'NONE', #1101, #1852, #7002, .T. ) ;
#1140 = AXIS2_PLACEMENT_3D ( 'NONE', #4960, #3844, #3193 ) ;
#1141 = CARTESIAN_POINT ( 'NONE',  ( -2.525414420702734031, -3.899347150904656889, -4.639111030251255524E-16 ) ) ;
#1142 = CARTESIAN_POINT ( 'NONE',  ( -1.022145527033743395, -7.422732667480510749, -3.013225440713033443 ) ) ;
#1143 = CARTESIAN_POINT ( 'NONE',  ( 3.150205006386077144, -7.695578673276213699, -0.4738097490691199898 ) ) ;
#1144 = CARTESIAN_POINT ( 'NONE',  ( 1.073627590648741359, -7.908542239589250400, 2.999584427259792463 ) ) ;
#1145 = CARTESIAN_POINT ( 'NONE',  ( 3.174999999999999378, -9.671634615384569145, 1.315128060534576981 ) ) ;
#1146 = CARTESIAN_POINT ( 'NONE',  ( -0.8837410130424691035, -3.583535182648652118, -3.052332942006117822 ) ) ;
#1147 = CARTESIAN_POINT ( 'NONE',  ( -2.097738764650161070, -6.120339013143893503, 2.392284651476940915 ) ) ;
#1148 = CARTESIAN_POINT ( 'NONE',  ( 3.123423157951764395, -3.718621632064315730, -0.05122328704731192450 ) ) ;
#1149 = CARTESIAN_POINT ( 'NONE',  ( 0.9088565489026141364, -6.631094401171330865, -2.996797846011709510 ) ) ;
#1150 = CARTESIAN_POINT ( 'NONE',  ( 0.9418546523163359163, -6.938416185081942800, 3.034970332171319729 ) ) ;
#1151 = CARTESIAN_POINT ( 'NONE',  ( 2.103814916482225073, 3.999999999999999112, -12.50000000047880455 ) ) ;
#1152 = ORIENTED_EDGE ( 'NONE', *, *, #1927, .F. ) ;
#1153 = DIRECTION ( 'NONE',  ( -0.000000000000000000, -1.000000000000000000, -0.000000000000000000 ) ) ;
#1154 = CARTESIAN_POINT ( 'NONE',  ( 3.092740686834170350E-16, -5.120500997058406334, -2.525414420702734031 ) ) ;
#1155 = CARTESIAN_POINT ( 'NONE',  ( 3.073638314057389742, -7.677396960385708624, -0.8224071653130127224 ) ) ;
#1156 = CARTESIAN_POINT ( 'NONE',  ( -1.785737662185200358, -3.777231766289281811, 1.785737662185199470 ) ) ;
#1157 = CARTESIAN_POINT ( 'NONE',  ( 0.4890311387899254347, -5.632457216597522631, -3.093162846275347544 ) ) ;
#1158 = CARTESIAN_POINT ( 'NONE',  ( -2.663907149886935333, -6.161161437892199721, 1.747935870818831727 ) ) ;
#1159 = CIRCLE ( 'NONE', #3038, 1.200000000000000622 ) ;
#1160 = ORIENTED_EDGE ( 'NONE', *, *, #6797, .T. ) ;
#1161 = CARTESIAN_POINT ( 'NONE',  ( 4.766173641431905139, -0.6241188073986986273, -0.7447450953443747190 ) ) ;
#1162 = EDGE_LOOP ( 'NONE', ( #4430, #6525 ) ) ;
#1163 = CARTESIAN_POINT ( 'NONE',  ( -1.011964800508647233, -8.831484238077154103, -2.443099146032161162 ) ) ;
#1164 = CARTESIAN_POINT ( 'NONE',  ( 2.174334507936222405, -0.7258242052597383420, 4.499999999999999112 ) ) ;
#1165 = CIRCLE ( 'NONE', #4453, 2.179449471770332103 ) ;
#1166 = CARTESIAN_POINT ( 'NONE',  ( -2.999999999999996891, 2.267949192431121475, -4.464101615137752610 ) ) ;
#1167 = CARTESIAN_POINT ( 'NONE',  ( -0.3241629795711841178, -4.527738990142118780, -3.161086861288235905 ) ) ;
#1168 = CARTESIAN_POINT ( 'NONE',  ( -2.525414420702733587, -7.567479772172787555, 1.046060903667666242 ) ) ;
#1169 = ORIENTED_EDGE ( 'NONE', *, *, #3420, .F. ) ;
#1170 = CARTESIAN_POINT ( 'NONE',  ( -2.524480538725287548, -4.401251208190647191, -1.936743074335819381 ) ) ;
#1171 = ADVANCED_FACE ( 'NONE', ( #3230 ), #4372, .T. ) ;
#1172 = CARTESIAN_POINT ( 'NONE',  ( -2.321644415848244325, -7.203798433580051785, 2.101047062211074401 ) ) ;
#1173 = EDGE_CURVE ( 'NONE', #5599, #3497, #7010, .T. ) ;
#1174 = AXIS2_PLACEMENT_3D ( 'NONE', #7177, #2583, #4837 ) ;
#1175 = CARTESIAN_POINT ( 'NONE',  ( -1.284530553271272746, -8.719071700065123665, 2.416050562043954741 ) ) ;
#1176 = CARTESIAN_POINT ( 'NONE',  ( -1.408846712629534981, -7.056439473501250781, 2.852954744584573543 ) ) ;
#1177 = CARTESIAN_POINT ( 'NONE',  ( 0.3830601039820495379, -8.655463982055289662, 2.786843710252588924 ) ) ;
#1178 = CARTESIAN_POINT ( 'NONE',  ( 3.060860863718788405, -7.676222311885953609, -0.8536224798456790719 ) ) ;
#1179 = CARTESIAN_POINT ( 'NONE',  ( -0.4948259941432836539, -7.924467135455703470, 3.147290269698792553 ) ) ;
#1180 = CARTESIAN_POINT ( 'NONE',  ( -1.315128060534576537, -9.305288461538443912, -3.175000000000000266 ) ) ;
#1181 = CARTESIAN_POINT ( 'NONE',  ( 3.161583718456465686, -3.791948846838922194, -0.3910549875328021008 ) ) ;
#1182 = CARTESIAN_POINT ( 'NONE',  ( -1.407804392708193575, -4.470986023268294751, -2.853461688312310951 ) ) ;
#1183 = CARTESIAN_POINT ( 'NONE',  ( 1.281946056555476776, -3.899348821892599126, 2.848673718344498784 ) ) ;
#1184 = ORIENTED_EDGE ( 'NONE', *, *, #2423, .F. ) ;
#1185 = CARTESIAN_POINT ( 'NONE',  ( 3.002190218211576056, -6.874377959485401313, 0.8910346978627452508 ) ) ;
#1186 = COORDINATED_UNIVERSAL_TIME_OFFSET ( 6, 0, .BEHIND. ) ;
#1187 = CARTESIAN_POINT ( 'NONE',  ( -0.1055318588493104753, -6.900803997779818566, 3.130110059753427265 ) ) ;
#1188 = CARTESIAN_POINT ( 'NONE',  ( 0.1596229376449644910, -3.662624833064425101, -3.127356174702283997 ) ) ;
#1189 = ORIENTED_EDGE ( 'NONE', *, *, #3674, .T. ) ;
#1190 = CARTESIAN_POINT ( 'NONE',  ( -0.2677547362975881695, -3.499999999999999556, 2.499849452827939356 ) ) ;
#1191 = CARTESIAN_POINT ( 'NONE',  ( 1.936192662279716759, -5.905511031946233835, 2.524787930981451378 ) ) ;
#1192 = CARTESIAN_POINT ( 'NONE',  ( 2.525414420702734031, -4.387808689366156756, 1.546370343417085175E-16 ) ) ;
#1193 = CARTESIAN_POINT ( 'NONE',  ( 0.2068767215421085104, -7.952133336273993436, 3.175000000000902656 ) ) ;
#1194 = CARTESIAN_POINT ( 'NONE',  ( -1.046060903667667574, -4.693097150904593562, 2.525414420702733587 ) ) ;
#1195 = CARTESIAN_POINT ( 'NONE',  ( -0.7973659472706997597, -5.481209546207180594, -3.084380978445521393 ) ) ;
#1196 = CARTESIAN_POINT ( 'NONE',  ( -0.6303377763680904078, -5.977540941474251746, 3.114606097896293502 ) ) ;
#1197 = EDGE_LOOP ( 'NONE', ( #7116, #4293, #3845 ) ) ;
#1198 = CARTESIAN_POINT ( 'NONE',  ( 0.000000000000000000, -9.000000000000000000, 0.000000000000000000 ) ) ;
#1199 = ORIENTED_EDGE ( 'NONE', *, *, #4513, .T. ) ;
#1200 = CARTESIAN_POINT ( 'NONE',  ( -2.443099146032159830, -3.795438838846351359, 1.011964800508648343 ) ) ;
#1201 = CARTESIAN_POINT ( 'NONE',  ( -3.566466157573725413E-15, -6.985371935400220167, 3.174999999999999822 ) ) ;
#1202 = DIRECTION ( 'NONE',  ( 0.000000000000000000, 0.000000000000000000, 1.000000000000000000 ) ) ;
#1203 = CARTESIAN_POINT ( 'NONE',  ( -0.4563781264916941804, -4.582076715091821129, -3.144749511287609156 ) ) ;
#1204 = CARTESIAN_POINT ( 'NONE',  ( -0.8778521450093585976, -4.985850148403197402, 3.006416714413370439 ) ) ;
#1205 = CARTESIAN_POINT ( 'NONE',  ( -1.407413392419060605, -6.425370059050614202, -2.853590249283767921 ) ) ;
#1206 = ORIENTED_EDGE ( 'NONE', *, *, #1581, .T. ) ;
#1207 = CARTESIAN_POINT ( 'NONE',  ( 1.913657822813154042E-11, -4.543064243093607679, -3.174999999999999822 ) ) ;
#1208 = CARTESIAN_POINT ( 'NONE',  ( 1.935215877179135679, -6.690033409550824928, -2.461737830227144208 ) ) ;
#1209 = CARTESIAN_POINT ( 'NONE',  ( -2.525414420702733587, -4.636710541403785690, 1.046060903667666242 ) ) ;
#1210 = EDGE_CURVE ( 'NONE', #1101, #3497, #1490, .T. ) ;
#1211 = DIRECTION ( 'NONE',  ( 0.000000000000000000, -1.000000000000000000, 0.000000000000000000 ) ) ;
#1212 = CARTESIAN_POINT ( 'NONE',  ( 2.999999999999997780, 3.999999999999998224, -6.500000000000000000 ) ) ;
#1213 = B_SPLINE_CURVE_WITH_KNOTS ( 'NONE', 3,
 ( #3057, #6285, #4714, #2946, #4608, #5294, #4153, #2908, #5150, #5258, #1943, #1291, #1799, #4077, #264, #5881, #6322, #2355, #3530, #5772, #4678, #1873, #740, #5845, #2982, #1252, #6394, #3495, #5738, #4115, #6359, #1325, #2499, #6429 ),
 .UNSPECIFIED., .F., .F.,
 ( 4, 2, 2, 2, 2, 2, 2, 2, 2, 2, 2, 2, 2, 2, 2, 2, 4 ),
 ( 0.08641814408113114576, 0.08704446557124394246, 0.08767078706135675303, 0.08829710855146954973, 0.08892343004158234643, 0.08954975153169515700, 0.09017607302180795370, 0.09080239451192076428, 0.09142871600203356097, 0.09205503749214635767, 0.09268135898225916824, 0.09330768047237196494, 0.09393400196248477552, 0.09456032345259757221, 0.09518664494271036891, 0.09581296643282317949, 0.09643928792293597618 ),
 .UNSPECIFIED. ) ;
#1214 = CARTESIAN_POINT ( 'NONE',  ( 2.629324059912137912, -8.457111570373488263, -1.426407258275400380 ) ) ;
#1215 = CARTESIAN_POINT ( 'NONE',  ( -2.659652024330733777, -8.114646797397954359, 1.753943045597861516 ) ) ;
#1216 = CARTESIAN_POINT ( 'NONE',  ( -1.315128060534579202, -6.008173076923316813, 3.174999999999999378 ) ) ;
#1217 = CARTESIAN_POINT ( 'NONE',  ( -1.936499618549002433, -4.440107605072686425, -2.524551169179322319 ) ) ;
#1218 = CARTESIAN_POINT ( 'NONE',  ( 3.097058761425050211, -3.743442023481577063, 0.4653404717445067118 ) ) ;
#1219 = ORIENTED_EDGE ( 'NONE', *, *, #4589, .T. ) ;
#1220 = CARTESIAN_POINT ( 'NONE',  ( -2.133271412106692022, -7.100176144567442726, 2.355143907598102437 ) ) ;
#1221 = CARTESIAN_POINT ( 'NONE',  ( -3.161578539033353064, -7.210471360723719414, 0.3948389127536939269 ) ) ;
#1222 = CARTESIAN_POINT ( 'NONE',  ( 0.000000000000000000, 1.820550528229664566, 4.500000000000001776 ) ) ;
#1223 = DIRECTION ( 'NONE',  ( 0.000000000000000000, 0.000000000000000000, 1.000000000000000000 ) ) ;
#1224 = CARTESIAN_POINT ( 'NONE',  ( 2.755806927075858059, -5.845581433305065744, 1.590402091943339924 ) ) ;
#1225 = EDGE_CURVE ( 'NONE', #4378, #552, #1377, .T. ) ;
#1226 = CARTESIAN_POINT ( 'NONE',  ( -1.046060903667665354, -3.105597150904718884, -2.525414420702734475 ) ) ;
#1227 = DIRECTION ( 'NONE',  ( 0.000000000000000000, -1.000000000000000000, -2.891205793294677340E-16 ) ) ;
#1228 = CARTESIAN_POINT ( 'NONE',  ( -1.785737662185199692, -4.998385612443031256, -1.785737662185200358 ) ) ;
#1229 = CARTESIAN_POINT ( 'NONE',  ( 0.5748916583522837298, -6.069288673034965775, 3.078400325831416318 ) ) ;
#1230 = CARTESIAN_POINT ( 'NONE',  ( -0.2362305064208145011, -5.930191920077234613, 3.123003899537914130 ) ) ;
#1231 = ORIENTED_EDGE ( 'NONE', *, *, #1796, .T. ) ;
#1232 = CARTESIAN_POINT ( 'NONE',  ( 0.9763331710983886857, 6.900415395985333156, -6.443239099303495365 ) ) ;
#1233 = ORIENTED_EDGE ( 'NONE', *, *, #1775, .T. ) ;
#1234 = CARTESIAN_POINT ( 'NONE',  ( 1.727531973270403975, -4.222842685000164131, -1.727531973270403975 ) ) ;
#1235 = CARTESIAN_POINT ( 'NONE',  ( -1.951606353102728342, -7.088212264470553414, 2.538333675055279404 ) ) ;
#1236 = CARTESIAN_POINT ( 'NONE',  ( 0.000000000000000000, 3.999999999999999112, 0.000000000000000000 ) ) ;
#1237 = CARTESIAN_POINT ( 'NONE',  ( 2.646940055020728266, -4.787810740203737758, -1.673461837871243585 ) ) ;
#1238 = CARTESIAN_POINT ( 'NONE',  ( 0.02553250347767441197, -4.969056665212445267, 3.177620191465582167 ) ) ;
#1239 = CARTESIAN_POINT ( 'NONE',  ( 3.092740686834170350E-16, -3.965075926019224095, -2.525414420702734031 ) ) ;
#1240 = ORIENTED_EDGE ( 'NONE', *, *, #3999, .T. ) ;
#1241 = SPHERICAL_SURFACE ( 'NONE', #7237, 5.000000000000000000 ) ;
#1242 = CARTESIAN_POINT ( 'NONE',  ( 1.974698995578441751, -7.669438780781972831, -2.430157263947452240 ) ) ;
#1243 = CARTESIAN_POINT ( 'NONE',  ( 2.525414420702734031, -5.125172079865286889, -1.046060903667665576 ) ) ;
#1244 = CARTESIAN_POINT ( 'NONE',  ( 1.011964800508647455, -3.458407315000653792, 2.443099146032160718 ) ) ;
#1245 = CARTESIAN_POINT ( 'NONE',  ( 4.898587196589410857E-16, 0.9999999999999993339, -4.000000000000000000 ) ) ;
#1246 = DIRECTION ( 'NONE',  ( 0.000000000000000000, 0.000000000000000000, 1.000000000000000000 ) ) ;
#1247 = CARTESIAN_POINT ( 'NONE',  ( 2.933615456231737362, -8.497525466221551582, -0.3202680587245148036 ) ) ;
#1248 = CARTESIAN_POINT ( 'NONE',  ( -2.914685138144281762, -8.270717194951085816, -1.286294561845710449 ) ) ;
#1249 = CIRCLE ( 'NONE', #4662, 1.249999999999999334 ) ;
#1250 = CARTESIAN_POINT ( 'NONE',  ( 2.245064030267288402, -4.848076923077256239, 2.245064030267288402 ) ) ;
#1251 = VECTOR ( 'NONE', #6209, 1000.000000000000000 ) ;
#1252 = CARTESIAN_POINT ( 'NONE',  ( 2.098342124092572369, -3.678618716836701275, -2.391731409240239525 ) ) ;
#1253 = CARTESIAN_POINT ( 'NONE',  ( -3.088325291944200135, -4.260306012731162717, 0.7823984083030051107 ) ) ;
#1254 = ORIENTED_EDGE ( 'NONE', *, *, #6957, .T. ) ;
#1255 = CARTESIAN_POINT ( 'NONE',  ( 0.9083088930764747770, -7.028873138841726487, 2.996986114405065127 ) ) ;
#1256 = CARTESIAN_POINT ( 'NONE',  ( 0.8071974827414697407, -7.424599433218249445, -3.017752974953746392 ) ) ;
#1257 = CARTESIAN_POINT ( 'NONE',  ( 1.850500736068162011, -4.730928423446856712, -2.526060010862273497 ) ) ;
#1258 = EDGE_CURVE ( 'NONE', #5667, #4623, #206, .T. ) ;
#1259 = ADVANCED_FACE ( 'NONE', ( #6712, #6193 ), #5167, .F. ) ;
#1260 = AXIS2_PLACEMENT_3D ( 'NONE', #1996, #4239, #354 ) ;
#1261 = ADVANCED_FACE ( 'NONE', ( #1672 ), #4905, .T. ) ;
#1262 = CARTESIAN_POINT ( 'NONE',  ( -3.052468292180014142, -8.082838674012734259, 0.6979905506679815463 ) ) ;
#1263 = CARTESIAN_POINT ( 'NONE',  ( -0.8211493601673087728, -5.479384942252227830, -3.073977411700213214 ) ) ;
#1264 = B_SPLINE_CURVE_WITH_KNOTS ( 'NONE', 3,
 ( #3549, #757, #4135, #3000, #5314, #5204, #4698, #4171, #4734, #2484, #210, #5279, #250, #176, #6934, #1311, #6967, #6411, #1381, #3618, #1818, #4060, #5865, #4099, #1929, #6306, #3037, #5238, #6344, #285, #1275, #6452, #4626, #3515 ),
 .UNSPECIFIED., .F., .F.,
 ( 4, 2, 2, 2, 2, 2, 2, 2, 2, 2, 2, 2, 2, 2, 2, 2, 4 ),
 ( 0.04633515492922385404, 0.04696152377999084082, 0.04758789263075782067, 0.04821426148152480745, 0.04884063033229179424, 0.04946699918305877408, 0.05009336803382576087, 0.05071973688459274765, 0.05134610573535973443, 0.05197247458612671428, 0.05259884343689370106, 0.05322521228766068091, 0.05385158113842766769, 0.05447794998919465448, 0.05510431883996164126, 0.05573068769072862111, 0.05635705654149560789 ),
 .UNSPECIFIED. ) ;
#1265 = CARTESIAN_POINT ( 'NONE',  ( -1.785737662185199692, -3.044539458597031789, -1.785737662185200358 ) ) ;
#1266 = CARTESIAN_POINT ( 'NONE',  ( -3.035082941598382877, -8.254150953128155166, -0.9682165359501300195 ) ) ;
#1267 = DIRECTION ( 'NONE',  ( -0.4999999999999920619, 0.000000000000000000, -0.8660254037844431485 ) ) ;
#1268 = CARTESIAN_POINT ( 'NONE',  ( -1.648400425618748111, -6.184276906021908715, 2.653440849300995108 ) ) ;
#1269 = CARTESIAN_POINT ( 'NONE',  ( 0.02232317813121527383, -5.918230749850176942, 3.131971044556150829 ) ) ;
#1270 = EDGE_LOOP ( 'NONE', ( #3032, #4657, #649 ) ) ;
#1271 = CARTESIAN_POINT ( 'NONE',  ( 1.235283114677420357, 6.750910576353342130, -6.488092855635995804 ) ) ;
#1272 = VERTEX_POINT ( 'NONE', #650 ) ;
#1273 = CARTESIAN_POINT ( 'NONE',  ( -1.727531973270403975, -3.001688838846413798, -1.727531973270404198 ) ) ;
#1274 = CARTESIAN_POINT ( 'NONE',  ( -1.499999999999999556, 6.598076211353311571, -4.000000000000001776 ) ) ;
#1275 = CARTESIAN_POINT ( 'NONE',  ( 0.8232669980806881505, -5.560145162923133100, -3.073522888324874636 ) ) ;
#1276 = CARTESIAN_POINT ( 'NONE',  ( 2.283701253199968750, -4.993359298825021497, 2.143028532291697541 ) ) ;
#1277 = CARTESIAN_POINT ( 'NONE',  ( 1.190979145036582754, -4.971466107276111934, 2.954923150178588198 ) ) ;
#1278 = CARTESIAN_POINT ( 'NONE',  ( -3.175093005056727868, -6.243117359662647026, 0.2058851625763145343 ) ) ;
#1279 = VERTEX_POINT ( 'NONE', #69 ) ;
#1280 = CARTESIAN_POINT ( 'NONE',  ( -2.198894842130905429E-15, -5.031525781554218923, 3.174999999999999822 ) ) ;
#1281 = CARTESIAN_POINT ( 'NONE',  ( -3.086392377155825262, -7.292816990021059098, 0.5279221005971801439 ) ) ;
#1282 = AXIS2_PLACEMENT_3D ( 'NONE', #4970, #1104, #3856 ) ;
#1283 = CARTESIAN_POINT ( 'NONE',  ( 1.046060903667665798, -3.415556695250036245, 2.525414420702734031 ) ) ;
#1284 = CARTESIAN_POINT ( 'NONE',  ( 2.443099146032160274, -6.206003468846591709, 1.495966774593958618E-16 ) ) ;
#1285 = CARTESIAN_POINT ( 'NONE',  ( -3.566466157573725413E-15, -6.985371935400220167, 3.174999999999999822 ) ) ;
#1286 = DIRECTION ( 'NONE',  ( 1.000000000000000000, 0.000000000000000000, 0.000000000000000000 ) ) ;
#1287 = AXIS2_PLACEMENT_3D ( 'NONE', #749, #2400, #2508 ) ;
#1288 = CARTESIAN_POINT ( 'NONE',  ( 2.777646440239870174, -8.470577642264961682, -1.073520626458720484 ) ) ;
#1289 = AXIS2_PLACEMENT_3D ( 'NONE', #5499, #2709, #6633 ) ;
#1290 = CARTESIAN_POINT ( 'NONE',  ( -2.245064030267287958, -5.336538461538754774, -2.245064030267288846 ) ) ;
#1291 = CARTESIAN_POINT ( 'NONE',  ( 2.755182522721551841, -3.892311385713755456, 1.591345246204728614 ) ) ;
#1292 = CARTESIAN_POINT ( 'NONE',  ( -3.037040530203303224, -4.171694660162415857, 0.7646810184201368044 ) ) ;
#1293 = VERTEX_POINT ( 'NONE', #3947 ) ;
#1294 = CARTESIAN_POINT ( 'NONE',  ( 0.4078270682911689371, -7.054620479183255632, 3.104938999597131044 ) ) ;
#1295 = CARTESIAN_POINT ( 'NONE',  ( -2.420454633401236233, -7.278910488189510808, -2.071868095765831974 ) ) ;
#1296 = CARTESIAN_POINT ( 'NONE',  ( -3.078449607486443362, -4.415526777798316260, -0.5723552161912096592 ) ) ;
#1297 = PLANE ( 'NONE',  #6066 ) ;
#1298 = DIRECTION ( 'NONE',  ( 0.000000000000000000, 0.000000000000000000, 1.000000000000000000 ) ) ;
#1299 = CARTESIAN_POINT ( 'NONE',  ( -2.443099146032159830, -8.802169608076725993, -1.011964800508649009 ) ) ;
#1300 = DIRECTION ( 'NONE',  ( -0.000000000000000000, -1.000000000000000000, -0.000000000000000000 ) ) ;
#1301 = EDGE_CURVE ( 'NONE', #5362, #1272, #5047, .T. ) ;
#1302 = CARTESIAN_POINT ( 'NONE',  ( -2.525205500903021427, -5.378109678476573841, -1.935652187789240974 ) ) ;
#1303 = CARTESIAN_POINT ( 'NONE',  ( 3.149264828241041592, -5.847794439013059176, 0.4802971955451367236 ) ) ;
#1304 = CC_DESIGN_PERSON_AND_ORGANIZATION_ASSIGNMENT ( #1950, #4236, ( #5552 ) ) ;
#1305 = CARTESIAN_POINT ( 'NONE',  ( 0.9497810150175086674, -6.482412898652148314, -3.032467159969211679 ) ) ;
#1306 = ORIENTED_EDGE ( 'NONE', *, *, #4284, .F. ) ;
#1307 = CARTESIAN_POINT ( 'NONE',  ( 1.913657822813154042E-11, -4.543064243093607679, -3.174999999999999822 ) ) ;
#1308 = ORIENTED_EDGE ( 'NONE', *, *, #1576, .T. ) ;
#1309 = CARTESIAN_POINT ( 'NONE',  ( 1.251687206167656052, -7.960247005761181605, 2.929647429667775249 ) ) ;
#1310 = CARTESIAN_POINT ( 'NONE',  ( -0.8249787074512429097, -7.433556611655651736, -3.073092919071855444 ) ) ;
#1311 = CARTESIAN_POINT ( 'NONE',  ( 3.154398161037334170, -5.783926996991946901, 0.4161876757266275151 ) ) ;
#1312 = CARTESIAN_POINT ( 'NONE',  ( 3.046130582234263695, -4.840289003360259024, -0.7276599308942075517 ) ) ;
#1313 = CARTESIAN_POINT ( 'NONE',  ( -2.996836120863358044, -5.231768799180881224, -0.9096235124981917330 ) ) ;
#1314 = CARTESIAN_POINT ( 'NONE',  ( -1.935547033657259330, -6.394545733902340601, -2.525367048320726227 ) ) ;
#1315 = VERTEX_POINT ( 'NONE', #3511 ) ;
#1316 = DIRECTION ( 'NONE',  ( 0.000000000000000000, -1.000000000000000000, 0.000000000000000000 ) ) ;
#1317 = CARTESIAN_POINT ( 'NONE',  ( -1.078668267434304662, -7.128691633989110876, 2.939775425723806901 ) ) ;
#1318 = CARTESIAN_POINT ( 'NONE',  ( 2.525414420702734031, -4.209306695249973806, 1.546370343417085175E-16 ) ) ;
#1319 = CARTESIAN_POINT ( 'NONE',  ( 1.046060903667666020, -8.910749002941910746, -2.525414420702734031 ) ) ;
#1320 = CARTESIAN_POINT ( 'NONE',  ( 0.8241404860130540078, -6.945135296564289185, 3.073159927339823572 ) ) ;
#1321 = CARTESIAN_POINT ( 'NONE',  ( 2.217939982994955983, -4.020651056399146661, 2.199697740778986610 ) ) ;
#1322 = DIRECTION ( 'NONE',  ( -3.026521842945509783E-28, -0.000000000000000000, 1.000000000000000000 ) ) ;
#1323 = DIRECTION ( 'NONE',  ( -0.5000000000000037748, 0.000000000000000000, 0.8660254037844362651 ) ) ;
#1324 = CARTESIAN_POINT ( 'NONE',  ( -2.525414420702733587, -8.722904843211969350, 1.046060903667666242 ) ) ;
#1325 = CARTESIAN_POINT ( 'NONE',  ( 0.4142323305148767343, -3.585753733131345822, -3.154689061693623398 ) ) ;
#1326 = CARTESIAN_POINT ( 'NONE',  ( -3.085252983423244721, -4.336936674675586190, -0.7950777632247382209 ) ) ;
#1327 = ORIENTED_EDGE ( 'NONE', *, *, #3210, .F. ) ;
#1328 = CARTESIAN_POINT ( 'NONE',  ( 2.122413588530474016, -6.957738690552961458, 2.292021225275827412 ) ) ;
#1329 = CARTESIAN_POINT ( 'NONE',  ( 0.4256665273510493730, -7.404915155610488853, -3.102928048157189256 ) ) ;
#1330 = CARTESIAN_POINT ( 'NONE',  ( 3.061492200580600009, -4.843865094515924952, -0.6582996753807035528 ) ) ;
#1331 = PLANE ( 'NONE',  #1951 ) ;
#1332 = DIRECTION ( 'NONE',  ( 0.000000000000000000, 0.000000000000000000, 1.000000000000000000 ) ) ;
#1333 = CARTESIAN_POINT ( 'NONE',  ( -1.727531973270404198, -6.665150377307663909, 1.727531973270403531 ) ) ;
#1334 = DIRECTION ( 'NONE',  ( 0.000000000000000000, 1.000000000000000000, 2.891205793294681285E-16 ) ) ;
#1335 = EDGE_CURVE ( 'NONE', #615, #2181, #311, .T. ) ;
#1336 = CARTESIAN_POINT ( 'NONE',  ( -2.755008446975705905, -5.357713368890864025, -1.591647156557215448 ) ) ;
#1337 = CARTESIAN_POINT ( 'NONE',  ( -0.9685028539147925164, -6.116889266005975045, 3.034967962905863459 ) ) ;
#1338 = CARTESIAN_POINT ( 'NONE',  ( -2.287134136047928479, -6.280313789778692701, -2.139484830625983491 ) ) ;
#1339 = ORIENTED_EDGE ( 'NONE', *, *, #4502, .T. ) ;
#1340 = CARTESIAN_POINT ( 'NONE',  ( 1.631375498705819105, 1.477773468189409023, -4.000000000000000000 ) ) ;
#1341 = B_SPLINE_CURVE_WITH_KNOTS ( 'NONE', 3,
 ( #679, #716, #167, #201, #3539, #3574 ),
 .UNSPECIFIED., .F., .F.,
 ( 4, 2, 4 ),
 ( 0.001795681656397975180, 0.002687105552633569944, 0.003578529448869165359 ),
 .UNSPECIFIED. ) ;
#1342 = EDGE_CURVE ( 'NONE', #2597, #2229, #1618, .T. ) ;
#1343 = EDGE_LOOP ( 'NONE', ( #3851, #3946, #2445, #7054, #637, #5233, #5084, #2750, #2778, #3905, #4325, #7155, #7163, #1933 ) ) ;
#1344 = CARTESIAN_POINT ( 'NONE',  ( -2.065804668892356588, -8.133610423638986120, 2.414584095327430013 ) ) ;
#1345 = CARTESIAN_POINT ( 'NONE',  ( 2.999999999999996447, 5.597882559004437653, -4.397017490855533062 ) ) ;
#1346 = CARTESIAN_POINT ( 'NONE',  ( -1.307552596726650362, -3.499999999999999556, -2.893256159898980329 ) ) ;
#1347 = CARTESIAN_POINT ( 'NONE',  ( 0.4985672394438759869, -5.007817437229931556, 3.146413044970455708 ) ) ;
#1348 = CARTESIAN_POINT ( 'NONE',  ( -2.806006556440022948, -5.258234617238340292, -1.390959123503559880 ) ) ;
#1349 = CARTESIAN_POINT ( 'NONE',  ( -3.154403097427059155, -6.232942763470360248, 0.4163719436592045464 ) ) ;
#1350 = ORIENTED_EDGE ( 'NONE', *, *, #1353, .F. ) ;
#1351 = DIRECTION ( 'NONE',  ( -0.000000000000000000, -1.000000000000000000, -0.000000000000000000 ) ) ;
#1352 = CARTESIAN_POINT ( 'NONE',  ( 3.090512815382022715, -7.782457505856568147, -0.5046637747113638106 ) ) ;
#1353 = EDGE_CURVE ( 'NONE', #6341, #25, #6447, .T. ) ;
#1354 = CARTESIAN_POINT ( 'NONE',  ( -3.174999999999999822, -7.290384615384749800, -5.832380380939269122E-16 ) ) ;
#1355 = CARTESIAN_POINT ( 'NONE',  ( 3.092740686834170350E-16, -8.849691310634222319, -2.525414420702734031 ) ) ;
#1356 = CARTESIAN_POINT ( 'NONE',  ( 3.175047565057911303, -6.750720513525339861, 0.2061947941101981430 ) ) ;
#1357 = CARTESIAN_POINT ( 'NONE',  ( 2.346643162080727318, -3.986563129121762916, 2.142682933489634234 ) ) ;
#1358 = CARTESIAN_POINT ( 'NONE',  ( 0.8499999999999999778, 3.999999999999999112, -16.50000000047880633 ) ) ;
#1359 = CARTESIAN_POINT ( 'NONE',  ( 2.274266810358222646, -4.579692432463426499, -2.152500953065923373 ) ) ;
#1360 = EDGE_CURVE ( 'NONE', #2948, #290, #3468, .T. ) ;
#1361 = CARTESIAN_POINT ( 'NONE',  ( -3.174999999999999378, -4.298557692308068390, -1.315128060534578980 ) ) ;
#1362 = CARTESIAN_POINT ( 'NONE',  ( -2.755534562624103234, -6.334067172606157925, -1.590810688847515086 ) ) ;
#1363 = CARTESIAN_POINT ( 'NONE',  ( -2.469610974096395850, -4.105735319295558128, 1.926270527107727393 ) ) ;
#1364 = CARTESIAN_POINT ( 'NONE',  ( -1.997112387064360783, -7.182586637239073646, 2.401985132524306898 ) ) ;
#1365 = CARTESIAN_POINT ( 'NONE',  ( -3.062754006910415328, -7.172256698926491758, -0.6540717620515413833 ) ) ;
#1366 = CARTESIAN_POINT ( 'NONE',  ( -1.920591736459377419, -4.528504627015118800, -2.473003314007726328 ) ) ;
#1367 = CARTESIAN_POINT ( 'NONE',  ( 3.123404348336864089, -7.618307810426323989, -0.2207135801556643351 ) ) ;
#1368 = FACE_OUTER_BOUND ( 'NONE', #2633, .T. ) ;
#1369 = CIRCLE ( 'NONE', #5009, 3.919833519093800955 ) ;
#1370 = CARTESIAN_POINT ( 'NONE',  ( 2.443099146032160718, -6.237746531153850249, -1.011964800508647455 ) ) ;
#1371 = DIRECTION ( 'NONE',  ( 0.000000000000000000, 0.000000000000000000, 1.000000000000000000 ) ) ;
#1372 = CARTESIAN_POINT ( 'NONE',  ( 3.897114317029996666, 3.999999999999998224, -2.249999999999964917 ) ) ;
#1373 = CARTESIAN_POINT ( 'NONE',  ( -1.450397796259386363, -6.143254264561254452, 2.827384663886795213 ) ) ;
#1374 = CARTESIAN_POINT ( 'NONE',  ( 1.074457862352703019, -6.489006706402824953, -2.990585356245599957 ) ) ;
#1375 = ORIENTED_EDGE ( 'NONE', *, *, #6779, .T. ) ;
#1376 = CARTESIAN_POINT ( 'NONE',  ( 1.023364863424433446, -4.980877001867453302, 3.012777675901992414 ) ) ;
#1377 = CIRCLE ( 'NONE', #3264, 0.2500000000000002220 ) ;
#1378 = ORIENTED_EDGE ( 'NONE', *, *, #4995, .F. ) ;
#1379 = CARTESIAN_POINT ( 'NONE',  ( -3.090835306552888184, -8.169024389291420718, 0.7725529411518894385 ) ) ;
#1380 = CARTESIAN_POINT ( 'NONE',  ( 0.000000000000000000, 3.999999999999999112, -3.999999999999998224 ) ) ;
#1381 = CARTESIAN_POINT ( 'NONE',  ( 3.154400497508863754, -5.744490354832746171, -0.4161743378936930693 ) ) ;
#1382 = CIRCLE ( 'NONE', #6079, 2.321689225793385436 ) ;
#1383 = CARTESIAN_POINT ( 'NONE',  ( 1.007753452930878701, -5.042580411871398383, 3.022076817442970853 ) ) ;
#1384 = CARTESIAN_POINT ( 'NONE',  ( -3.121504436011424577, -5.180676607250098265, 0.1206428111100279893 ) ) ;
#1385 = DIRECTION ( 'NONE',  ( 1.000000000000000000, 0.000000000000000000, 0.000000000000000000 ) ) ;
#1386 = ORIENTED_EDGE ( 'NONE', *, *, #4901, .T. ) ;
#1387 = CARTESIAN_POINT ( 'NONE',  ( 0.000000000000000000, 0.8959856342811920449, 1.680282476569028276E-15 ) ) ;
#1388 = CARTESIAN_POINT ( 'NONE',  ( -1.793083800099551928, -8.146647705346664381, 2.566956392988095637 ) ) ;
#1389 = CARTESIAN_POINT ( 'NONE',  ( -2.245064030267288846, -5.214423076923375255, 2.245064030267287514 ) ) ;
#1390 = CARTESIAN_POINT ( 'NONE',  ( -1.785737662185199692, -7.750652849095848396, -1.785737662185200358 ) ) ;
#1391 = CARTESIAN_POINT ( 'NONE',  ( 0.000000000000000000, -8.539731766288905845, 2.525414420702734031 ) ) ;
#1392 = EDGE_CURVE ( 'NONE', #7005, #2336, #4548, .T. ) ;
#1393 = CARTESIAN_POINT ( 'NONE',  ( 3.183159683510794036, -3.877199191896572916, 0.1268192892169168196 ) ) ;
#1394 = CARTESIAN_POINT ( 'NONE',  ( 2.765051280889236907, 5.867698513793228265, -6.171546091086895558 ) ) ;
#1395 = CARTESIAN_POINT ( 'NONE',  ( 3.129901447112258595, -4.693148685519971330, -0.09739104133862733215 ) ) ;
#1396 = EDGE_CURVE ( 'NONE', #4024, #6341, #6872, .T. ) ;
#1397 = CIRCLE ( 'NONE', #4706, 2.999999999999997335 ) ;
#1398 = AXIS2_PLACEMENT_3D ( 'NONE', #5732, #806, #3489 ) ;
#1399 = CARTESIAN_POINT ( 'NONE',  ( -1.046060903667667574, -7.623866381673593651, 2.525414420702733587 ) ) ;
#1400 = CARTESIAN_POINT ( 'NONE',  ( -1.590864640098818672, -6.414449580447271870, -2.755591756200042930 ) ) ;
#1401 = CARTESIAN_POINT ( 'NONE',  ( -3.185883258282639297, -4.298770364284949075, -0.006005516631115825205 ) ) ;
#1402 = CARTESIAN_POINT ( 'NONE',  ( -1.085946893575283179, -7.480570756581482961, -2.986350383356522364 ) ) ;
#1403 = CARTESIAN_POINT ( 'NONE',  ( -2.800405751873945803, -7.211871552614533165, -1.384206523232416108 ) ) ;
#1404 = CARTESIAN_POINT ( 'NONE',  ( 0.9525097884733807474, -4.679583741877181069, -2.982804470217468307 ) ) ;
#1405 = CARTESIAN_POINT ( 'NONE',  ( -2.493458711148452078, -7.241956542320640899, -1.894042233367056793 ) ) ;
#1406 = FACE_OUTER_BOUND ( 'NONE', #6646, .T. ) ;
#1407 = CARTESIAN_POINT ( 'NONE',  ( 2.999999999999996891, 4.600216527799585009, -6.453257636517754747 ) ) ;
#1408 = CARTESIAN_POINT ( 'NONE',  ( -2.443099146032159830, -5.871400377307725904, -1.011964800508649009 ) ) ;
#1409 = CARTESIAN_POINT ( 'NONE',  ( -2.781406425322747289, -8.126843542410684407, 1.552901517711693380 ) ) ;
#1410 = CARTESIAN_POINT ( 'NONE',  ( -2.237142806061687583, -8.328786261515368494, -2.256795494959167314 ) ) ;
#1411 = DIRECTION ( 'NONE',  ( -3.026521842945509783E-28, -0.000000000000000000, 1.000000000000000000 ) ) ;
#1412 = CARTESIAN_POINT ( 'NONE',  ( -2.764132796668314018, -6.171210852977481842, 1.584232645075331458 ) ) ;
#1413 = CARTESIAN_POINT ( 'NONE',  ( -1.228362194502377491, -6.344819302173299924, -2.880993216691437819 ) ) ;
#1414 = CARTESIAN_POINT ( 'NONE',  ( -2.198894842130905429E-15, -5.031525781554218923, 3.174999999999999822 ) ) ;
#1415 = ORIENTED_EDGE ( 'NONE', *, *, #3954, .F. ) ;
#1416 = CARTESIAN_POINT ( 'NONE',  ( -2.307955335016991683, -8.180023655427612894, 2.105066360590430730 ) ) ;
#1417 = DIRECTION ( 'NONE',  ( 0.000000000000000000, 0.000000000000000000, 1.000000000000000000 ) ) ;
#1418 = CARTESIAN_POINT ( 'NONE',  ( -2.764779458370195897, 5.867855450597772027, -6.171703027891142668 ) ) ;
#1419 = CARTESIAN_POINT ( 'NONE',  ( 2.827297483428874880, -4.712432376635803166, -1.468083683956954433 ) ) ;
#1420 = CARTESIAN_POINT ( 'NONE',  ( -3.167289674379721198, -5.202308063232584878, 0.2577386353211030268 ) ) ;
#1421 = CARTESIAN_POINT ( 'NONE',  ( 0.9948674699359377760, -8.962748797469078710, -2.271861463263729508 ) ) ;
#1422 = ORIENTED_EDGE ( 'NONE', *, *, #5398, .T. ) ;
#1423 = DIRECTION ( 'NONE',  ( -2.846556599890768726E-32, 2.503857664561933362E-16, -1.000000000000000000 ) ) ;
#1424 = CARTESIAN_POINT ( 'NONE',  ( -0.6417620172827681602, -8.082534195986381675, 3.064767871962923884 ) ) ;
#1425 = CARTESIAN_POINT ( 'NONE',  ( -2.784729426610939029, -6.237496722032243923, -1.431669860340694544 ) ) ;
#1426 = CARTESIAN_POINT ( 'NONE',  ( 1.315128060534576981, -7.962019230769312728, 3.174999999999999378 ) ) ;
#1427 = CARTESIAN_POINT ( 'NONE',  ( -1.754246278315746421, -2.906608614351124054, -1.700817668225062640 ) ) ;
#1428 = CARTESIAN_POINT ( 'NONE',  ( -2.807389581144819513, 3.999999999999999112, 4.137458608817677685 ) ) ;
#1429 = CARTESIAN_POINT ( 'NONE',  ( 0.9143499538001861326, -4.097782862227952627, 2.995158876382508772 ) ) ;
#1430 = CARTESIAN_POINT ( 'NONE',  ( 0.000000000000000000, 3.999999999999999112, -11.25000000047880633 ) ) ;
#1431 = CARTESIAN_POINT ( 'NONE',  ( -0.4856319761235767252, -4.430210793953154536, -3.093544077389780877 ) ) ;
#1432 = ADVANCED_FACE ( 'NONE', ( #6374 ), #3544, .T. ) ;
#1433 = CARTESIAN_POINT ( 'NONE',  ( 2.525414420702734031, -7.318577920135155956, 1.546370343417085175E-16 ) ) ;
#1434 = CARTESIAN_POINT ( 'NONE',  ( 2.174334507936223293, -3.274175794740260326, -4.500000000000000000 ) ) ;
#1435 = CARTESIAN_POINT ( 'NONE',  ( 3.168198337849980284, -4.802569604483950094, 0.3378814001629407704 ) ) ;
#1436 = CARTESIAN_POINT ( 'NONE',  ( -2.760700696082031946, -7.372163114326480304, -1.589812371202214303 ) ) ;
#1437 = CARTESIAN_POINT ( 'NONE',  ( 1.748842701325444393, -7.780088229002674716, 2.598047294087268977 ) ) ;
#1438 = CARTESIAN_POINT ( 'NONE',  ( 1.894402188776786344, -5.710569132640014978, -2.493116666453741637 ) ) ;
#1439 = CARTESIAN_POINT ( 'NONE',  ( 0.3327232992129381395, -7.857053532762857451, 3.113463065396129714 ) ) ;
#1440 = CARTESIAN_POINT ( 'NONE',  ( 1.785737662185200136, -8.239114387557348707, 1.785737662185200136 ) ) ;
#1441 = CARTESIAN_POINT ( 'NONE',  ( -1.727531973270403975, -5.932458069615413443, -1.727531973270404198 ) ) ;
#1442 = CARTESIAN_POINT ( 'NONE',  ( -2.405168143553603866, -3.499999999999998668, 1.430500031646525061 ) ) ;
#1443 = CARTESIAN_POINT ( 'NONE',  ( -2.505703650870716004, -8.310202994545010213, -1.967564376872931398 ) ) ;
#1444 = DIRECTION ( 'NONE',  ( 0.000000000000000000, 0.000000000000000000, 1.000000000000000000 ) ) ;
#1445 = FACE_OUTER_BOUND ( 'NONE', #3369, .T. ) ;
#1446 = CARTESIAN_POINT ( 'NONE',  ( -3.162609130249274703, -6.267254254161940707, -0.3089494475998786904 ) ) ;
#1447 = CARTESIAN_POINT ( 'NONE',  ( -3.174661108454345904, -6.197852237676388931, -0.1400079587404658155 ) ) ;
#1448 = CARTESIAN_POINT ( 'NONE',  ( 4.333683988238896667, -3.499999999999999112, -1.493839148422508867 ) ) ;
#1449 = EDGE_CURVE ( 'NONE', #2336, #2673, #4702, .T. ) ;
#1450 = VERTEX_POINT ( 'NONE', #317 ) ;
#1451 = CARTESIAN_POINT ( 'NONE',  ( 1.248771910257890028, -7.899605644872146115, 2.930887856361177768 ) ) ;
#1452 = DIRECTION ( 'NONE',  ( 1.000000000000000000, 0.000000000000000000, 0.000000000000000000 ) ) ;
#1453 = CARTESIAN_POINT ( 'NONE',  ( -2.999999999999997780, 5.461134476104835933, -6.165567166377380559 ) ) ;
#1454 = CARTESIAN_POINT ( 'NONE',  ( -2.161950744131012403, -5.403547621641241250, -2.339737657574190610 ) ) ;
#1455 = CARTESIAN_POINT ( 'NONE',  ( -2.861583443061116228, -5.143359081739132144, 1.400818264072058117 ) ) ;
#1456 = CARTESIAN_POINT ( 'NONE',  ( 0.000000000000000000, -3.499999999999999556, 0.000000000000000000 ) ) ;
#1457 = ORIENTED_EDGE ( 'NONE', *, *, #2120, .T. ) ;
#1458 = CARTESIAN_POINT ( 'NONE',  ( 3.888253587292846081E-16, -3.499999999999999556, 3.174999999999999822 ) ) ;
#1459 = FACE_OUTER_BOUND ( 'NONE', #4803, .T. ) ;
#1460 = CARTESIAN_POINT ( 'NONE',  ( -1.799208019397746217, -6.311638186379993520, -2.562931409873807187 ) ) ;
#1461 = CARTESIAN_POINT ( 'NONE',  ( -2.245064030267288846, -8.145192307692374456, 2.245064030267287514 ) ) ;
#1462 = CARTESIAN_POINT ( 'NONE',  ( 2.525414420702734031, -3.232383618326974073, 1.546370343417085175E-16 ) ) ;
#1463 = CARTESIAN_POINT ( 'NONE',  ( -3.032118283713953755, -8.254126076692825720, -0.9775939312268551173 ) ) ;
#1464 = CARTESIAN_POINT ( 'NONE',  ( -3.042686431474229902, -4.252463720116534951, 0.9435920995837430159 ) ) ;
#1465 = EDGE_LOOP ( 'NONE', ( #3977, #6809 ) ) ;
#1466 = CARTESIAN_POINT ( 'NONE',  ( -1.443076012832184452, -4.378834176023092439, -2.778832202164069454 ) ) ;
#1467 = CARTESIAN_POINT ( 'NONE',  ( 3.092740686834170350E-16, -8.051270227827405535, -2.525414420702734031 ) ) ;
#1468 = CARTESIAN_POINT ( 'NONE',  ( 2.393181577063597576, -6.628205627431664304, -2.096928450381908782 ) ) ;
#1469 = CARTESIAN_POINT ( 'NONE',  ( 3.075215993679211834, -4.726822056953125184, 0.5930205636016879778 ) ) ;
#1470 = CARTESIAN_POINT ( 'NONE',  ( -0.1917897752718333848, -7.525808561948966080, -3.180034501831774829 ) ) ;
#1471 = CARTESIAN_POINT ( 'NONE',  ( 3.179434372451142909, -7.666078219688849948, 0.2031858702213819312 ) ) ;
#1472 = CARTESIAN_POINT ( 'NONE',  ( -0.2408218301716601173, -5.597420297186228133, -3.121951886728465020 ) ) ;
#1473 = CARTESIAN_POINT ( 'NONE',  ( -0.1262412385042478991, -6.902108263029115065, 3.128754063692305021 ) ) ;
#1474 = CARTESIAN_POINT ( 'NONE',  ( 0.000000000000000000, -3.499999999999999556, 0.000000000000000000 ) ) ;
#1475 = PERSON_AND_ORGANIZATION ( #2966, #4749 ) ;
#1476 = CARTESIAN_POINT ( 'NONE',  ( -1.011964800508647233, -5.016592685000101248, -2.443099146032161162 ) ) ;
#1477 = CARTESIAN_POINT ( 'NONE',  ( -2.089859333037559885, -3.499999999999998224, 1.783946768117438131 ) ) ;
#1478 = CARTESIAN_POINT ( 'NONE',  ( -1.802610607689896755E-11, -6.008448858478057097, 3.174999999999999822 ) ) ;
#1479 = CARTESIAN_POINT ( 'NONE',  ( -2.023666828901608650, 6.295737026721289986, -4.056760900696507299 ) ) ;
#1480 = CARTESIAN_POINT ( 'NONE',  ( 3.021441938112878312, -3.680107670582740020, -0.8243942804268135083 ) ) ;
#1481 = CARTESIAN_POINT ( 'NONE',  ( -3.067822063971153757, -6.210740390598111560, 0.8585891368433744564 ) ) ;
#1482 = CARTESIAN_POINT ( 'NONE',  ( 3.061367726669196987, -6.782351976393150572, 0.8521189104948806436 ) ) ;
#1483 = CARTESIAN_POINT ( 'NONE',  ( 2.523175108367018638, -3.912366065364418333, 1.938539697217711133 ) ) ;
#1484 = EDGE_CURVE ( 'NONE', #3873, #441, #3072, .T. ) ;
#1485 = ORIENTED_EDGE ( 'NONE', *, *, #5705, .T. ) ;
#1486 = CARTESIAN_POINT ( 'NONE',  ( 1.639679350753628105E-11, -5.519435756908671387, -3.174999999999999822 ) ) ;
#1487 = CARTESIAN_POINT ( 'NONE',  ( -2.525414420702733587, -6.769058689365968107, 1.046060903667666242 ) ) ;
#1488 = PLANE ( 'NONE',  #2811 ) ;
#1489 = CARTESIAN_POINT ( 'NONE',  ( -3.036892060902647295, -5.402348051498974790, -0.7647098594701400298 ) ) ;
#1490 = CIRCLE ( 'NONE', #6420, 3.919833519093800955 ) ;
#1491 = CARTESIAN_POINT ( 'NONE',  ( 1.444757976180199410, -5.532182254719725911, -2.839439965245885933 ) ) ;
#1492 = CARTESIAN_POINT ( 'NONE',  ( 1.925929944387235853E-31, 3.999999999999997335, -4.000000000000000888 ) ) ;
#1493 = ORIENTED_EDGE ( 'NONE', *, *, #6156, .T. ) ;
#1494 = CARTESIAN_POINT ( 'NONE',  ( 0.000000000000000000, -3.499999999999999556, 4.500000000000000888 ) ) ;
#1495 = DIRECTION ( 'NONE',  ( 1.000000000000000000, 0.000000000000000000, 0.000000000000000000 ) ) ;
#1496 = CARTESIAN_POINT ( 'NONE',  ( 0.3598081946034840106, -6.424732975464357843, -3.110545340632837163 ) ) ;
#1497 = AXIS2_PLACEMENT_3D ( 'NONE', #1949, #1843, #1332 ) ;
#1498 = CARTESIAN_POINT ( 'NONE',  ( 3.174999999999999378, -8.694711538461563194, -1.315128060534576759 ) ) ;
#1499 = CARTESIAN_POINT ( 'NONE',  ( -1.785737662185200358, -5.552575926019098773, 1.785737662185199470 ) ) ;
#1500 = CARTESIAN_POINT ( 'NONE',  ( -0.1070427262539279806, -4.120183053552970875, 3.183938660829094935 ) ) ;
#1501 = CARTESIAN_POINT ( 'NONE',  ( 0.000000000000000000, -0.4999999999999995559, 0.000000000000000000 ) ) ;
#1502 = EDGE_LOOP ( 'NONE', ( #1199, #6311, #4404, #5897 ) ) ;
#1503 = CARTESIAN_POINT ( 'NONE',  ( 3.061719297780173488, -4.730074229121183471, 0.6562945431452318346 ) ) ;
#1504 = CARTESIAN_POINT ( 'NONE',  ( 3.092740686834170350E-16, -6.097424073981406956, -2.525414420702734031 ) ) ;
#1505 = AXIS2_PLACEMENT_3D ( 'NONE', #1372, #3610, #1267 ) ;
#1506 = CARTESIAN_POINT ( 'NONE',  ( 3.012189110366253697, -6.791314339023287516, 1.024757121061014242 ) ) ;
#1507 = CARTESIAN_POINT ( 'NONE',  ( 0.8302953440675145957, -4.522185467470846376, -3.075829905701615630 ) ) ;
#1508 = CARTESIAN_POINT ( 'NONE',  ( -3.058240841665851750, -7.332701702222947482, -0.8630937444274183745 ) ) ;
#1509 = CARTESIAN_POINT ( 'NONE',  ( 2.250977398218819925, -7.509228360899733445, -2.177494421459106988 ) ) ;
#1510 = CARTESIAN_POINT ( 'NONE',  ( 0.9617723786184366741, -6.049094647141240344, 2.980092101664713500 ) ) ;
#1511 = AXIS2_PLACEMENT_3D ( 'NONE', #878, #2641, #5440 ) ;
#1512 = CARTESIAN_POINT ( 'NONE',  ( -0.6067356465875586302, -7.354835548698852143, -3.071845788118097165 ) ) ;
#1513 = CARTESIAN_POINT ( 'NONE',  ( 1.785737662185200136, -9.216037464480347552, 1.785737662185200136 ) ) ;
#1514 = PERSON_AND_ORGANIZATION_ROLE ( 'creator' ) ;
#1515 = DIRECTION ( 'NONE',  ( 0.000000000000000000, 1.000000000000000000, 2.891205793294680298E-16 ) ) ;
#1516 = CARTESIAN_POINT ( 'NONE',  ( -0.2344007766687754013, -8.439161357380138284, -3.166335622750228396 ) ) ;
#1517 = CARTESIAN_POINT ( 'NONE',  ( -1.499999999999999556, 6.598076211353311571, -4.000000000000001776 ) ) ;
#1518 = CARTESIAN_POINT ( 'NONE',  ( 1.673061728965827388, -3.652382102596602120, -2.701660596936546810 ) ) ;
#1519 = CARTESIAN_POINT ( 'NONE',  ( -2.762569747153481359, -6.231852917488643229, 1.586957739113302290 ) ) ;
#1520 = CARTESIAN_POINT ( 'NONE',  ( 2.247520169646667121, -6.532296921275232648, -2.169580974804702578 ) ) ;
#1521 = CARTESIAN_POINT ( 'NONE',  ( 0.4175449220839481113, -3.585383686843667483, -3.154260684001814585 ) ) ;
#1522 = TOROIDAL_SURFACE ( 'NONE', #1289, 2.693104151401475743, 0.2000000000000000111 ) ;
#1523 = B_SPLINE_CURVE_WITH_KNOTS ( 'NONE', 3,
 ( #4398, #3261, #6489, #4249, #1595, #1453, #3690, #5935 ),
 .UNSPECIFIED., .F., .F.,
 ( 4, 2, 2, 4 ),
 ( 0.004457631505876837909, 0.005356989144906974809, 0.005806667964422042826, 0.006256346783937110842 ),
 .UNSPECIFIED. ) ;
#1524 = ORIENTED_EDGE ( 'NONE', *, *, #3715, .T. ) ;
#1525 = DIRECTION ( 'NONE',  ( 0.000000000000000000, -1.000000000000000000, -2.891205793294677340E-16 ) ) ;
#1526 = EDGE_CURVE ( 'NONE', #605, #2321, #919, .T. ) ;
#1527 = CARTESIAN_POINT ( 'NONE',  ( 3.092740686834170350E-16, -7.074347150904405801, -2.525414420702734031 ) ) ;
#1528 = CIRCLE ( 'NONE', #3751, 4.500000000000000888 ) ;
#1529 = CARTESIAN_POINT ( 'NONE',  ( -7.511572993685790226E-16, -0.4999999999999978351, -4.499999999999997335 ) ) ;
#1530 = CARTESIAN_POINT ( 'NONE',  ( -2.670820810420649227, -5.426852940635376044, -1.736440608202077129 ) ) ;
#1531 = CARTESIAN_POINT ( 'NONE',  ( 3.130360930989810608, -5.735316292932416182, -0.5924282031452561270 ) ) ;
#1532 = DIRECTION ( 'NONE',  ( 0.000000000000000000, 1.000000000000000000, -2.891205793294680298E-16 ) ) ;
#1533 = ORIENTED_EDGE ( 'NONE', *, *, #5566, .T. ) ;
#1534 = FACE_OUTER_BOUND ( 'NONE', #1502, .T. ) ;
#1535 = DIRECTION ( 'NONE',  ( 1.445602896647340642E-16, -2.503857664561933855E-16, 1.000000000000000000 ) ) ;
#1536 = CARTESIAN_POINT ( 'NONE',  ( -2.958946073710788216, -6.111746920803366123, 1.024390128897036290 ) ) ;
#1537 = CARTESIAN_POINT ( 'NONE',  ( -2.313408657383658085, -2.523297570538888479, -2.174572460034923882 ) ) ;
#1538 = CARTESIAN_POINT ( 'NONE',  ( 0.000000000000000000, -5.430460541403723695, 2.525414420702734031 ) ) ;
#1539 = CARTESIAN_POINT ( 'NONE',  ( -3.075006292301197597, -4.416598526683689130, -0.5936197359350946501 ) ) ;
#1540 = DIRECTION ( 'NONE',  ( 2.846556599890768726E-32, -2.503857664561933362E-16, -1.000000000000000000 ) ) ;
#1541 = ORIENTED_EDGE ( 'NONE', *, *, #6785, .F. ) ;
#1542 = CARTESIAN_POINT ( 'NONE',  ( 2.247115980846613681, -3.600909391056108966, -2.180641939886620140 ) ) ;
#1543 = CARTESIAN_POINT ( 'NONE',  ( 2.525414420702734031, -7.257520227827468418, -1.046060903667665576 ) ) ;
#1544 = CARTESIAN_POINT ( 'NONE',  ( 3.073483311011692365, -6.700444550661071474, -0.8229748822202864744 ) ) ;
#1545 = CARTESIAN_POINT ( 'NONE',  ( 1.305037341902204995, -4.520682203435884894, -2.847005747609219206 ) ) ;
#1546 = CARTESIAN_POINT ( 'NONE',  ( -2.878743063451291828, -7.380448800478677462, -1.212750511198828374 ) ) ;
#1547 = CARTESIAN_POINT ( 'NONE',  ( 3.185184063841588920, -7.653854873042764240, -0.06614887653320407346 ) ) ;
#1548 = CARTESIAN_POINT ( 'NONE',  ( 2.268350358101948405, -5.734773929381264956, -2.158473715814946292 ) ) ;
#1549 = CARTESIAN_POINT ( 'NONE',  ( 3.120179955290127705, -6.639303794428175642, -0.2634346048132844009 ) ) ;
#1550 = CARTESIAN_POINT ( 'NONE',  ( -2.525414420702733587, -8.544402849095785513, 1.046060903667666242 ) ) ;
#1551 = CARTESIAN_POINT ( 'NONE',  ( -1.795661005293511933E-11, -7.962295012324056565, 3.174999999999999822 ) ) ;
#1552 = DIRECTION ( 'NONE',  ( 0.000000000000000000, 0.000000000000000000, 1.000000000000000000 ) ) ;
#1553 = PLANE ( 'NONE',  #4106 ) ;
#1554 = CARTESIAN_POINT ( 'NONE',  ( -0.8762229403415771056, -3.522771933033152170, -3.063017257771574631 ) ) ;
#1555 = CARTESIAN_POINT ( 'NONE',  ( -2.100748029394071903, -6.181766510483665655, 2.394828158070239077 ) ) ;
#1556 = CARTESIAN_POINT ( 'NONE',  ( 3.041040036300216798, -6.687071012491097477, 0.7144402499000388485 ) ) ;
#1557 = CARTESIAN_POINT ( 'NONE',  ( 3.174912093648459166, -3.819510923084163956, 0.2085720134888924826 ) ) ;
#1558 = EDGE_LOOP ( 'NONE', ( #5822, #1923, #6562, #2413, #761 ) ) ;
#1559 = CARTESIAN_POINT ( 'NONE',  ( 2.098671207498752800, -5.631930482945007199, -2.391529945373557897 ) ) ;
#1560 = CARTESIAN_POINT ( 'NONE',  ( 1.046060903667665798, -8.478674073981217418, 2.525414420702734031 ) ) ;
#1561 = CARTESIAN_POINT ( 'NONE',  ( 1.742376360783117750, -0.6433107729900924276, -4.500000000000000000 ) ) ;
#1562 = CARTESIAN_POINT ( 'NONE',  ( -2.520486792072649695, -5.172688353970253061, 1.948678439035964383 ) ) ;
#1563 = CARTESIAN_POINT ( 'NONE',  ( 3.169136815472742619, -5.748420549775166144, -0.3261310229614750034 ) ) ;
#1564 = FACE_OUTER_BOUND ( 'NONE', #6303, .T. ) ;
#1565 = ORIENTED_EDGE ( 'NONE', *, *, #1673, .F. ) ;
#1566 = DIRECTION ( 'NONE',  ( 0.000000000000000000, 0.000000000000000000, -1.000000000000000000 ) ) ;
#1567 = CARTESIAN_POINT ( 'NONE',  ( 1.052047848300093014, -5.483655223792051281, -2.949330844715390310 ) ) ;
#1568 = DIRECTION ( 'NONE',  ( 0.000000000000000000, 1.000000000000000000, -2.891205793294680298E-16 ) ) ;
#1569 = CARTESIAN_POINT ( 'NONE',  ( -2.525414420702733587, -5.613633618326786312, 1.046060903667666242 ) ) ;
#1570 = CARTESIAN_POINT ( 'NONE',  ( -2.718837841109407183, -4.212963454147918618, 1.660290073153296575 ) ) ;
#1571 = CARTESIAN_POINT ( 'NONE',  ( 1.785737662185200136, -7.994883618326597663, -1.785737662185199692 ) ) ;
#1572 = ORIENTED_EDGE ( 'NONE', *, *, #3812, .T. ) ;
#1573 = CARTESIAN_POINT ( 'NONE',  ( -2.261276681282233803, -4.090345115063975356, 2.165877839181027387 ) ) ;
#1574 = EDGE_CURVE ( 'NONE', #441, #4055, #2679, .T. ) ;
#1575 = AXIS2_PLACEMENT_3D ( 'NONE', #1638, #3228, #5465 ) ;
#1576 = EDGE_CURVE ( 'NONE', #1315, #2514, #4441, .T. ) ;
#1577 = CARTESIAN_POINT ( 'NONE',  ( -1.785737662185199692, -4.021462535520031523, -1.785737662185200358 ) ) ;
#1578 = CARTESIAN_POINT ( 'NONE',  ( -3.124004411863535946, -8.292430890975193591, -0.4028922446941949898 ) ) ;
#1579 = CARTESIAN_POINT ( 'NONE',  ( 1.561584512134637448, -4.561879537152261577, -2.777225659396894475 ) ) ;
#1580 = CARTESIAN_POINT ( 'NONE',  ( 2.828084292663387789, -7.738506416004442556, -1.326591892059323596 ) ) ;
#1581 = EDGE_CURVE ( 'NONE', #3520, #1752, #6599, .T. ) ;
#1582 = CARTESIAN_POINT ( 'NONE',  ( 2.372021745143105154, -7.831135389036285588, 2.114629513366533597 ) ) ;
#1583 = CARTESIAN_POINT ( 'NONE',  ( -2.525414420702733587, -6.590556695249785157, 1.046060903667666242 ) ) ;
#1584 = CARTESIAN_POINT ( 'NONE',  ( 1.011964800508647899, -4.068984238077528737, -2.443099146032160718 ) ) ;
#1585 = CARTESIAN_POINT ( 'NONE',  ( 1.315128060534577203, -8.450480769230818368, -3.174999999999999378 ) ) ;
#1586 = CARTESIAN_POINT ( 'NONE',  ( 2.067774369831043568, -3.737352805506515274, -2.423339463573318309 ) ) ;
#1587 = CARTESIAN_POINT ( 'NONE',  ( -2.854212222130771526, -4.226852954914886773, 1.406010893489539448 ) ) ;
#1588 = CARTESIAN_POINT ( 'NONE',  ( 3.108313280031747894, -3.706052267354810859, -0.3110759204915575227 ) ) ;
#1589 = CARTESIAN_POINT ( 'NONE',  ( 0.02155446478968101737, -6.586802878847711540, -3.123715203825647713 ) ) ;
#1590 = CARTESIAN_POINT ( 'NONE',  ( 3.008191851248462445, -6.693740796630473611, 0.8420642130238258360 ) ) ;
#1591 = CARTESIAN_POINT ( 'NONE',  ( 2.391638350760817655, -3.922306147104640317, 2.098467940311628421 ) ) ;
#1592 = ORIENTED_EDGE ( 'NONE', *, *, #852, .F. ) ;
#1593 = DIRECTION ( 'NONE',  ( -1.000000000000000000, 0.000000000000000000, -3.026521842945509783E-28 ) ) ;
#1594 = CARTESIAN_POINT ( 'NONE',  ( 2.525414420702734031, -8.356558689365844117, 1.046060903667665798 ) ) ;
#1595 = CARTESIAN_POINT ( 'NONE',  ( -2.999999999999996891, 5.180671232781950408, -6.278585260386778444 ) ) ;
#1596 = CARTESIAN_POINT ( 'NONE',  ( 2.525414420702734031, -8.295500997058155690, 1.546370343417085175E-16 ) ) ;
#1597 = CARTESIAN_POINT ( 'NONE',  ( -1.412528190462258415, -5.103406843123377001, 2.846454938630344156 ) ) ;
#1598 = CARTESIAN_POINT ( 'NONE',  ( 2.938813937664561671, -5.764564159376980079, 1.230706083502816295 ) ) ;
#1599 = CARTESIAN_POINT ( 'NONE',  ( 2.598076211353316456, -3.175378794048744346, 4.499999999999999112 ) ) ;
#1600 = ORIENTED_EDGE ( 'NONE', *, *, #6015, .F. ) ;
#1601 = CARTESIAN_POINT ( 'NONE',  ( 2.513214257287710855E-27, 3.999999999999999112, -12.50000000047880455 ) ) ;
#1602 = VERTEX_POINT ( 'NONE', #1046 ) ;
#1603 = CARTESIAN_POINT ( 'NONE',  ( 2.999999999999996003, 3.251865393046782682, -4.088789229767366251 ) ) ;
#1604 = CARTESIAN_POINT ( 'NONE',  ( 1.951522595754578981, -4.645352966959835683, -2.538409664675851385 ) ) ;
#1605 = VECTOR ( 'NONE', #800, 1000.000000000000000 ) ;
#1606 = CARTESIAN_POINT ( 'NONE',  ( -3.123458545380096041, -4.385501148740551969, 0.04468961353007028930 ) ) ;
#1607 = CARTESIAN_POINT ( 'NONE',  ( -1.046060903667665354, -8.788633618326537444, -2.525414420702734475 ) ) ;
#1608 = VERTEX_POINT ( 'NONE', #7144 ) ;
#1609 = CARTESIAN_POINT ( 'NONE',  ( -2.578201678698627930, -4.114915159552677615, 1.776864429874818407 ) ) ;
#1610 = B_SPLINE_CURVE_WITH_KNOTS ( 'NONE', 3,
 ( #5277, #2041, #5826, #793, #3036, #832, #2592, #6450 ),
 .UNSPECIFIED., .F., .F.,
 ( 4, 2, 2, 4 ),
 ( 0.002662154160577993520, 0.003559892833227416148, 0.004008762169552126595, 0.004457631505876837909 ),
 .UNSPECIFIED. ) ;
#1611 = ADVANCED_FACE ( 'NONE', ( #396 ), #2080, .F. ) ;
#1612 = DIRECTION ( 'NONE',  ( -0.000000000000000000, -1.000000000000000000, -0.000000000000000000 ) ) ;
#1613 = CIRCLE ( 'NONE', #5371, 1.150000000000000355 ) ;
#1614 = DIRECTION ( 'NONE',  ( 0.000000000000000000, 0.000000000000000000, 1.000000000000000000 ) ) ;
#1615 = CARTESIAN_POINT ( 'NONE',  ( 1.166474077899523731, -4.882856680447192232, 2.906505828460522967 ) ) ;
#1616 = CARTESIAN_POINT ( 'NONE',  ( 3.149750577979229860, -7.756222306155101442, -0.4768529571702586622 ) ) ;
#1617 = CARTESIAN_POINT ( 'NONE',  ( -2.961418684939702839, -8.065899323771761331, 1.018930042875724418 ) ) ;
#1618 = B_SPLINE_CURVE_WITH_KNOTS ( 'NONE', 3,
 ( #1126, #1814, #5755, #4056, #721, #1706, #7261, #5714 ),
 .UNSPECIFIED., .F., .F.,
 ( 4, 2, 2, 4 ),
 ( 2.544334156050540399E-07, 0.0008979680449067912497, 0.001346824850652384407, 0.001795681656397977999 ),
 .UNSPECIFIED. ) ;
#1619 = CARTESIAN_POINT ( 'NONE',  ( 2.525414420702734031, -3.232383618326974073, 1.546370343417085175E-16 ) ) ;
#1620 = CARTESIAN_POINT ( 'NONE',  ( 2.443099146032160718, -6.267061161154276583, 1.011964800508647677 ) ) ;
#1621 = CARTESIAN_POINT ( 'NONE',  ( -1.315128060534579202, -7.962019230769318057, 3.174999999999999378 ) ) ;
#1622 = CARTESIAN_POINT ( 'NONE',  ( -2.231314391438887768, -3.506001871351573040, -2.273933895050825438 ) ) ;
#1623 = CARTESIAN_POINT ( 'NONE',  ( -1.592667703592038464, -4.460497046108835129, -2.754414450365082256 ) ) ;
#1624 = CARTESIAN_POINT ( 'NONE',  ( 0.5523534500039447570, -4.027702567219384022, 3.137730619845775060 ) ) ;
#1625 = CARTESIAN_POINT ( 'NONE',  ( 3.065328226817479074, -6.861381537167478228, 0.6420193692346753966 ) ) ;
#1626 = CARTESIAN_POINT ( 'NONE',  ( 2.829633738788782882, -6.605199495128591280, -1.463923288650273546 ) ) ;
#1627 = CARTESIAN_POINT ( 'NONE',  ( -3.897114317029972685, -0.4999999999999982792, -2.249999999999997780 ) ) ;
#1628 = ORIENTED_EDGE ( 'NONE', *, *, #1891, .T. ) ;
#1629 = AXIS2_PLACEMENT_3D ( 'NONE', #378, #4782, #3630 ) ;
#1630 = ORIENTED_EDGE ( 'NONE', *, *, #3055, .F. ) ;
#1631 = CARTESIAN_POINT ( 'NONE',  ( 0.000000000000000000, 1.999999999999997780, -2.000000000000000000 ) ) ;
#1632 = CARTESIAN_POINT ( 'NONE',  ( -2.525414420702733587, -7.745981766288968728, 1.046060903667666242 ) ) ;
#1633 = CARTESIAN_POINT ( 'NONE',  ( 0.8250029120658701753, -7.921496354007348195, 3.073071681532602906 ) ) ;
#1634 = AXIS2_PLACEMENT_3D ( 'NONE', #337, #2568, #955 ) ;
#1635 = CARTESIAN_POINT ( 'NONE',  ( -3.178526140338452599, -8.215714416509747764, -0.2111312303754737107 ) ) ;
#1636 = CARTESIAN_POINT ( 'NONE',  ( 2.648662448988670093, -5.732703164993813161, -1.769990102943030719 ) ) ;
#1637 = CARTESIAN_POINT ( 'NONE',  ( 1.197517654098844364, -5.579333215656780531, -2.952329178771663898 ) ) ;
#1638 = CARTESIAN_POINT ( 'NONE',  ( 2.474656400288618644E-27, 3.999999999999999112, -12.37260010383188202 ) ) ;
#1639 = ORIENTED_EDGE ( 'NONE', *, *, #6345, .F. ) ;
#1640 = CARTESIAN_POINT ( 'NONE',  ( 3.201954344106511291E-16, 6.693104151401474411, -6.699999999999998401 ) ) ;
#1641 = APPLICATION_CONTEXT ( 'configuration controlled 3d designs of mechanical parts and assemblies' ) ;
#1642 = ORIENTED_EDGE ( 'NONE', *, *, #4735, .T. ) ;
#1643 = AXIS2_PLACEMENT_3D ( 'NONE', #5229, #273, #1334 ) ;
#1644 = CARTESIAN_POINT ( 'NONE',  ( 3.174999999999999378, -3.932211538461937828, 1.315128060534576981 ) ) ;
#1645 = CARTESIAN_POINT ( 'NONE',  ( 0.000000000000000000, 1.999999999999998224, 0.000000000000000000 ) ) ;
#1646 = CARTESIAN_POINT ( 'NONE',  ( -1.216028000041296853, -4.542958607036169383, -2.944561792406519718 ) ) ;
#1647 = CARTESIAN_POINT ( 'NONE',  ( 1.046060903667666020, -6.956902849095910391, -2.525414420702734031 ) ) ;
#1648 = ORIENTED_EDGE ( 'NONE', *, *, #1673, .T. ) ;
#1649 = CARTESIAN_POINT ( 'NONE',  ( 3.154367843669217741, -7.698322867344026044, -0.4164545155005059951 ) ) ;
#1650 = CARTESIAN_POINT ( 'NONE',  ( 1.046060903667665798, -3.594058689366219639, 2.525414420702734031 ) ) ;
#1651 = CARTESIAN_POINT ( 'NONE',  ( 2.999999999999996003, 5.732050807568872308, -6.499999999999999112 ) ) ;
#1652 = B_SPLINE_CURVE_WITH_KNOTS ( 'NONE', 3,
 ( #2557, #836, #368, #7043, #3079, #3621 ),
 .UNSPECIFIED., .F., .F.,
 ( 4, 2, 4 ),
 ( 0.01350754160783914498, 0.01480445163937007397, 0.01610136167090100295 ),
 .UNSPECIFIED. ) ;
#1653 = CARTESIAN_POINT ( 'NONE',  ( 0.9690308379556538121, -7.582464920510872730, -3.026308409712515690 ) ) ;
#1654 = CARTESIAN_POINT ( 'NONE',  ( 0.03452376055629628043, -7.959933455114354572, 3.185756250997848760 ) ) ;
#1655 = EDGE_CURVE ( 'NONE', #2665, #3657, #3796, .T. ) ;
#1656 = CARTESIAN_POINT ( 'NONE',  ( -2.443099146032159830, -4.679561161154403237, 1.011964800508648343 ) ) ;
#1657 = CARTESIAN_POINT ( 'NONE',  ( 2.245064030267288402, -6.557692307692505551, -2.245064030267287958 ) ) ;
#1658 = CARTESIAN_POINT ( 'NONE',  ( -2.194457855300662619, -3.533977039603117820, -2.234364015765987865 ) ) ;
#1659 = CARTESIAN_POINT ( 'NONE',  ( -0.2254791196724170443, -3.555666909859849678, -3.175000000000015365 ) ) ;
#1660 = CARTESIAN_POINT ( 'NONE',  ( 1.424322214578818135, -3.920711240698246058, 2.840638994820617658 ) ) ;
#1661 = CARTESIAN_POINT ( 'NONE',  ( 3.119980452555826123, -6.710177173491497449, -0.6438508997771312803 ) ) ;
#1662 = CARTESIAN_POINT ( 'NONE',  ( -3.183213062239202085, -7.222792619103620915, 0.1313366384272140752 ) ) ;
#1663 = CARTESIAN_POINT ( 'NONE',  ( -2.695916926119900747, 3.999999999999999112, -8.196031327178998183 ) ) ;
#1664 = ORIENTED_EDGE ( 'NONE', *, *, #6920, .F. ) ;
#1665 = CARTESIAN_POINT ( 'NONE',  ( 0.8952803498120631698, -8.892161563601101548, -2.395202247716747834 ) ) ;
#1666 = CARTESIAN_POINT ( 'NONE',  ( -2.525414420702734031, -5.853193304750656800, -4.639111030251255524E-16 ) ) ;
#1667 = CARTESIAN_POINT ( 'NONE',  ( 2.525414420702734031, -5.303674073981469839, -1.046060903667665576 ) ) ;
#1668 = CARTESIAN_POINT ( 'NONE',  ( -0.2784704002759797459, -5.506868572615551294, -3.165463983433702388 ) ) ;
#1669 = CARTESIAN_POINT ( 'NONE',  ( -1.730179124883086672, -6.097850362801110258, 2.675191873946646925 ) ) ;
#1670 = PLANE ( 'NONE',  #7089 ) ;
#1671 = EDGE_LOOP ( 'NONE', ( #5573, #837, #5795, #5096 ) ) ;
#1672 = FACE_OUTER_BOUND ( 'NONE', #5688, .T. ) ;
#1673 = EDGE_CURVE ( 'NONE', #3989, #25, #5016, .T. ) ;
#1674 = ORIENTED_EDGE ( 'NONE', *, *, #156, .F. ) ;
#1675 = CARTESIAN_POINT ( 'NONE',  ( 1.727531973270403975, -9.014657315000215831, -1.727531973270403975 ) ) ;
#1676 = CARTESIAN_POINT ( 'NONE',  ( -2.245064030267287958, -3.504807692308125500, -2.245064030267288846 ) ) ;
#1677 = DIRECTION ( 'NONE',  ( 0.000000000000000000, 0.000000000000000000, -1.000000000000000000 ) ) ;
#1678 = CARTESIAN_POINT ( 'NONE',  ( 1.089714602697868351, -4.657924744227056379, -2.993754210957560780 ) ) ;
#1679 = CARTESIAN_POINT ( 'NONE',  ( 2.525414420702734031, -5.186229772172973540, 1.546370343417085175E-16 ) ) ;
#1680 = EDGE_LOOP ( 'NONE', ( #4095, #3807, #6058, #5788, #742 ) ) ;
#1681 = CARTESIAN_POINT ( 'NONE',  ( 2.702824128874718124, -3.638123555227853689, -1.581375336473018312 ) ) ;
#1682 = CARTESIAN_POINT ( 'NONE',  ( 3.072212909776134815, -5.823513019733368878, -0.6050416453455557120 ) ) ;
#1683 = CARTESIAN_POINT ( 'NONE',  ( -1.785737662185200358, -3.777231766289281811, 1.785737662185199470 ) ) ;
#1684 = CARTESIAN_POINT ( 'NONE',  ( -1.950914477291422200, -7.370495346438577400, -2.539456529862440082 ) ) ;
#1685 = CARTESIAN_POINT ( 'NONE',  ( 2.162105599322852179, -7.681119087558955449, -2.265746692443428412 ) ) ;
#1686 = CARTESIAN_POINT ( 'NONE',  ( -3.121259825302494129, -8.111149824414081166, 0.1270127301862152835 ) ) ;
#1687 = B_SPLINE_CURVE_WITH_KNOTS ( 'NONE', 3,
 ( #7107, #6077, #2111, #2073 ),
 .UNSPECIFIED., .F., .F.,
 ( 4, 4 ),
 ( 2.339750666360943772E-07, 0.002614009409412737257 ),
 .UNSPECIFIED. ) ;
#1688 = CARTESIAN_POINT ( 'NONE',  ( -1.315128060534576537, -8.328365384615443290, -3.175000000000000266 ) ) ;
#1689 = CARTESIAN_POINT ( 'NONE',  ( 0.4027103178054441956, -3.674290050523522311, -3.105628177960212177 ) ) ;
#1690 = CARTESIAN_POINT ( 'NONE',  ( -1.405618079977693169, -6.079338563151540420, 2.854407895921667659 ) ) ;
#1691 = CARTESIAN_POINT ( 'NONE',  ( 3.122827274172144563, -3.724659352501451970, 0.07827299832421705239 ) ) ;
#1692 = CARTESIAN_POINT ( 'NONE',  ( 2.817196822080016982, -6.759435899273888104, -1.367553244515740118 ) ) ;
#1693 = CARTESIAN_POINT ( 'NONE',  ( -3.108477689985576831, -7.121855432424143650, 0.3837096055793625671 ) ) ;
#1694 = CARTESIAN_POINT ( 'NONE',  ( 3.888253587292846081E-16, -8.267307692307751310, -3.174999999999999822 ) ) ;
#1695 = ORIENTED_EDGE ( 'NONE', *, *, #7236, .F. ) ;
#1696 = CARTESIAN_POINT ( 'NONE',  ( 0.000000000000000000, 4.849999999999998757, -2.000000000000000000 ) ) ;
#1697 = CARTESIAN_POINT ( 'NONE',  ( 1.499999999999998668, 6.598076211353309795, -3.999999999999999112 ) ) ;
#1698 = CARTESIAN_POINT ( 'NONE',  ( -1.785737662185200358, -5.731077920135281722, 1.785737662185199470 ) ) ;
#1699 = DIRECTION ( 'NONE',  ( -1.000000000000000000, -3.619583892683376808E-32, 1.445602896647340642E-16 ) ) ;
#1700 = ADVANCED_FACE ( 'NONE', ( #3143 ), #4786, .T. ) ;
#1701 = CARTESIAN_POINT ( 'NONE',  ( 0.000000000000000000, 4.000000000000000888, -3.999999999999999112 ) ) ;
#1702 = CARTESIAN_POINT ( 'NONE',  ( 3.178271869377583769, -5.835299378184553909, 0.2204723087914653712 ) ) ;
#1703 = EDGE_CURVE ( 'NONE', #6384, #720, #1872, .T. ) ;
#1704 = CARTESIAN_POINT ( 'NONE',  ( -2.147829170772044272, -6.123425206449097047, 2.353083343146189499 ) ) ;
#1705 = VERTEX_POINT ( 'NONE', #5493 ) ;
#1706 = CARTESIAN_POINT ( 'NONE',  ( -1.235283114677421024, 1.249089423646653652, -4.011907144364006861 ) ) ;
#1707 = VERTEX_POINT ( 'NONE', #2589 ) ;
#1708 = CARTESIAN_POINT ( 'NONE',  ( 1.727531973270403975, -7.305041930384966520, 1.727531973270403975 ) ) ;
#1709 = CARTESIAN_POINT ( 'NONE',  ( -2.999999999999996003, 3.848353308865068989, -3.999999999999954259 ) ) ;
#1710 = CARTESIAN_POINT ( 'NONE',  ( 0.000000000000000000, 3.999999999999999112, -10.09806841365865182 ) ) ;
#1711 = CARTESIAN_POINT ( 'NONE',  ( -1.895584264992330015, -4.443229745065415237, -2.560521206874210698 ) ) ;
#1712 = CARTESIAN_POINT ( 'NONE',  ( 1.785737662185200136, -8.239114387557348707, 1.785737662185200136 ) ) ;
#1713 = ORIENTED_EDGE ( 'NONE', *, *, #632, .F. ) ;
#1714 = CARTESIAN_POINT ( 'NONE',  ( -3.012266306923841341, -4.349518111134131004, -1.024664633764930333 ) ) ;
#1715 = CARTESIAN_POINT ( 'NONE',  ( 0.9093848966351196772, -7.028807801315260839, 2.996244140968921776 ) ) ;
#1716 = CIRCLE ( 'NONE', #4549, 2.693104151401475743 ) ;
#1717 = CARTESIAN_POINT ( 'NONE',  ( -1.904979264573111397, -8.749113487355375085, 1.908506170720816630 ) ) ;
#1718 = CARTESIAN_POINT ( 'NONE',  ( -5.196152422706632024, -0.4999999999999995559, -8.673617379884035472E-16 ) ) ;
#1719 = CARTESIAN_POINT ( 'NONE',  ( 3.888253587292846081E-16, -3.499999999999999556, 3.174999999999999822 ) ) ;
#1720 = CARTESIAN_POINT ( 'NONE',  ( 0.8473572964608355740, -7.515319384792490176, -3.062624905215310278 ) ) ;
#1721 = VECTOR ( 'NONE', #6220, 1000.000000000000000 ) ;
#1722 = CARTESIAN_POINT ( 'NONE',  ( 0.2879305385720845600, -7.859274521293113658, 3.118846523541776161 ) ) ;
#1723 = CIRCLE ( 'NONE', #5842, 1.200000000000000622 ) ;
#1724 = CARTESIAN_POINT ( 'NONE',  ( 0.000000000000000000, -7.900961538461630518, 3.174999999999999822 ) ) ;
#1725 = CARTESIAN_POINT ( 'NONE',  ( 0.4141695350160777278, -3.585674336863577061, -3.158656212747847025 ) ) ;
#1726 = DIRECTION ( 'NONE',  ( -0.5000000000000039968, 1.385424237964755296E-16, 0.8660254037844363761 ) ) ;
#1727 = CARTESIAN_POINT ( 'NONE',  ( 1.989022425434085584, -3.948518420662646022, 2.488767237621912987 ) ) ;
#1728 = ORIENTED_EDGE ( 'NONE', *, *, #3014, .F. ) ;
#1729 = CARTESIAN_POINT ( 'NONE',  ( 3.129076280516640551, -6.824094158901460538, -0.1276219322505493525 ) ) ;
#1730 = CARTESIAN_POINT ( 'NONE',  ( 0.9214917516930424268, -6.849805514041259258, 2.984825823677266676 ) ) ;
#1731 = CARTESIAN_POINT ( 'NONE',  ( 2.119902860583477128E-31, 3.999999999999998224, -6.500000000000000000 ) ) ;
#1732 = ORIENTED_EDGE ( 'NONE', *, *, #583, .F. ) ;
#1733 = DIRECTION ( 'NONE',  ( 0.000000000000000000, 0.000000000000000000, -1.000000000000000000 ) ) ;
#1734 = DIRECTION ( 'NONE',  ( -0.000000000000000000, -1.000000000000000000, -0.000000000000000000 ) ) ;
#1735 = CARTESIAN_POINT ( 'NONE',  ( 3.092740686834170350E-16, -4.143577920135406600, -2.525414420702734031 ) ) ;
#1736 = CARTESIAN_POINT ( 'NONE',  ( 2.390728021324920238, -7.604962574000015074, -2.099488542025134574 ) ) ;
#1737 = CARTESIAN_POINT ( 'NONE',  ( 1.046060903667666020, -5.181558689366093873, -2.525414420702734031 ) ) ;
#1738 = CARTESIAN_POINT ( 'NONE',  ( -1.049336719695417308, -5.528841566982760192, -3.008047646441014855 ) ) ;
#1739 = CARTESIAN_POINT ( 'NONE',  ( -2.335166818881874384, -6.135343495953822668, 2.167643199354319261 ) ) ;
#1740 = CONICAL_SURFACE ( 'NONE', #2095, 2.999999999999998224, 0.7853981633974500554 ) ;
#1741 = VERTEX_POINT ( 'NONE', #3761 ) ;
#1742 = CARTESIAN_POINT ( 'NONE',  ( -7.511572993685794170E-16, -3.499999999999999556, -4.500000000000000888 ) ) ;
#1743 = EDGE_CURVE ( 'NONE', #4447, #4024, #1687, .T. ) ;
#1744 = ORIENTED_EDGE ( 'NONE', *, *, #7108, .T. ) ;
#1745 = CARTESIAN_POINT ( 'NONE',  ( -2.443099146032159830, -8.709368853461779025, -1.011964800508649009 ) ) ;
#1746 = CARTESIAN_POINT ( 'NONE',  ( -2.999999999999996891, 2.267949192431121475, -4.464101615137752610 ) ) ;
#1747 = CIRCLE ( 'NONE', #3278, 3.249999999999999556 ) ;
#1748 = DIRECTION ( 'NONE',  ( 0.000000000000000000, -1.000000000000000000, 0.000000000000000000 ) ) ;
#1749 = CARTESIAN_POINT ( 'NONE',  ( 0.8437290554497636208, -4.584202341888279797, -3.071925707906570491 ) ) ;
#1750 = CARTESIAN_POINT ( 'NONE',  ( 1.432584889745143641, -4.958151300322468202, 2.845872941463650996 ) ) ;
#1751 = CARTESIAN_POINT ( 'NONE',  ( -2.525414420702734031, -4.697768233711473229, -4.639111030251255524E-16 ) ) ;
#1752 = VERTEX_POINT ( 'NONE', #974 ) ;
#1753 = DIRECTION ( 'NONE',  ( 0.000000000000000000, -5.204170427930421283E-16, 1.000000000000000000 ) ) ;
#1754 = CARTESIAN_POINT ( 'NONE',  ( 1.603722287590507944, -6.990014859663655322, 2.689534927205576853 ) ) ;
#1755 = VECTOR ( 'NONE', #1300, 1000.000000000000000 ) ;
#1756 = CARTESIAN_POINT ( 'NONE',  ( -1.785737662185200358, -5.552575926019098773, 1.785737662185199470 ) ) ;
#1757 = AXIS2_PLACEMENT_3D ( 'NONE', #5819, #314, #3540 ) ;
#1758 = CARTESIAN_POINT ( 'NONE',  ( 1.935694743226650028, -6.599265547454787217, -2.525203002151498843 ) ) ;
#1759 = CARTESIAN_POINT ( 'NONE',  ( -3.113436992015639060, -8.275149099880028558, -0.5865146948345028033 ) ) ;
#1760 = CARTESIAN_POINT ( 'NONE',  ( -1.893457546385824546E-15, 7.464101615137749945, -6.499999999999999112 ) ) ;
#1761 = CARTESIAN_POINT ( 'NONE',  ( 1.787806099224483081, -7.955740099885469263, 2.561585396572505946 ) ) ;
#1762 = CARTESIAN_POINT ( 'NONE',  ( -2.661367639188344292, -8.054004044376339877, 1.751345533623406503 ) ) ;
#1763 = CARTESIAN_POINT ( 'NONE',  ( 1.315128060534576981, -5.886057692307942624, 3.174999999999999378 ) ) ;
#1764 = DIRECTION ( 'NONE',  ( 1.224646799147353207E-16, 1.000000000000000000, 3.706420287512767100E-44 ) ) ;
#1765 = CARTESIAN_POINT ( 'NONE',  ( 3.161516606936291662, -3.794669758055750020, -0.3209086217078148118 ) ) ;
#1766 = ORIENTED_EDGE ( 'NONE', *, *, #4542, .F. ) ;
#1767 = CARTESIAN_POINT ( 'NONE',  ( -0.6323840953285559952, -7.076524922101137705, 3.122450597755599855 ) ) ;
#1768 = CARTESIAN_POINT ( 'NONE',  ( -3.001236063551059985, -7.095571364268248971, 0.8957842536992759452 ) ) ;
#1769 = CARTESIAN_POINT ( 'NONE',  ( 2.999999999999996003, 3.999999999999997335, -4.000000000000000888 ) ) ;
#1770 = CARTESIAN_POINT ( 'NONE',  ( -3.026040254761746873, -8.157027917166013609, -0.8050465603066454534 ) ) ;
#1771 = DIRECTION ( 'NONE',  ( 0.000000000000000000, 1.000000000000000000, 0.000000000000000000 ) ) ;
#1772 = CARTESIAN_POINT ( 'NONE',  ( 2.525414420702734031, -3.471943304750844117, 1.046060903667665798 ) ) ;
#1773 = DIRECTION ( 'NONE',  ( 3.026521842945509783E-28, 0.000000000000000000, -1.000000000000000000 ) ) ;
#1774 = CARTESIAN_POINT ( 'NONE',  ( -1.785737662185199692, -4.021462535520031523, -1.785737662185200358 ) ) ;
#1775 = EDGE_CURVE ( 'NONE', #1705, #2201, #6789, .T. ) ;
#1776 = CARTESIAN_POINT ( 'NONE',  ( 2.448833901073101504, -5.747699582918230021, -1.952053746783481536 ) ) ;
#1777 = CARTESIAN_POINT ( 'NONE',  ( -2.800364723042593429, -6.113605027062663844, 1.519280241224046035 ) ) ;
#1778 = ORIENTED_EDGE ( 'NONE', *, *, #547, .T. ) ;
#1779 = CARTESIAN_POINT ( 'NONE',  ( -2.598076211353316900, -3.175378794048744346, -4.499999999999999112 ) ) ;
#1780 = ORIENTED_EDGE ( 'NONE', *, *, #5879, .T. ) ;
#1781 = CARTESIAN_POINT ( 'NONE',  ( -2.443099146032160274, -3.856496531154039786, -4.487900323781875854E-16 ) ) ;
#1782 = CARTESIAN_POINT ( 'NONE',  ( -3.897114317029974018, -3.499999999999999556, -2.250000000000000444 ) ) ;
#1783 = CARTESIAN_POINT ( 'NONE',  ( -3.897114317029973574, -0.4999999999999991673, 2.250000000000000888 ) ) ;
#1784 = CARTESIAN_POINT ( 'NONE',  ( 2.695112442642125572, -4.699198623423296084, -1.698429267468903658 ) ) ;
#1785 = CARTESIAN_POINT ( 'NONE',  ( 0.6847278238935918804, -4.937179584658246689, 3.111454068435666187 ) ) ;
#1786 = CARTESIAN_POINT ( 'NONE',  ( -0.8247156601762002381, -6.048683170131142539, 3.073043440666689108 ) ) ;
#1787 = ORIENTED_EDGE ( 'NONE', *, *, #1832, .T. ) ;
#1788 = CARTESIAN_POINT ( 'NONE',  ( -1.023194960315516377, -4.105210228760162394, 3.012728609992990414 ) ) ;
#1789 = CARTESIAN_POINT ( 'NONE',  ( -2.657815000228056057, -7.405685140194220750, -1.655596186372592538 ) ) ;
#1790 = CARTESIAN_POINT ( 'NONE',  ( 1.785737662185200136, -5.308345156788348618, 1.785737662185200136 ) ) ;
#1791 = CARTESIAN_POINT ( 'NONE',  ( 2.991933549187917236E-16, -4.007926545769842086, -2.443099146032160274 ) ) ;
#1792 = CARTESIAN_POINT ( 'NONE',  ( 2.754872398652491228, -6.823112914244043203, 1.591912342084803811 ) ) ;
#1793 = EDGE_CURVE ( 'NONE', #4302, #2231, #604, .T. ) ;
#1794 = CARTESIAN_POINT ( 'NONE',  ( 1.925929944387235853E-31, 3.999999999999997335, -6.500000000000000000 ) ) ;
#1795 = CARTESIAN_POINT ( 'NONE',  ( 1.949545173434450440, -8.591932571571650357, 2.088273204470531663 ) ) ;
#1796 = EDGE_CURVE ( 'NONE', #1293, #6855, #332, .T. ) ;
#1797 = CARTESIAN_POINT ( 'NONE',  ( -2.615313835079947413, -8.208414135977724513, -1.722940264152326817 ) ) ;
#1798 = CARTESIAN_POINT ( 'NONE',  ( -3.174999999999999378, -5.153365384615693046, 1.315128060534577648 ) ) ;
#1799 = CARTESIAN_POINT ( 'NONE',  ( 2.853610790585372925, -3.881886277255935713, 1.407600997047324443 ) ) ;
#1800 = CARTESIAN_POINT ( 'NONE',  ( -2.846539379719744023, -4.309397869510478429, -1.412578229125764473 ) ) ;
#1801 = ORIENTED_EDGE ( 'NONE', *, *, #5843, .T. ) ;
#1802 = CARTESIAN_POINT ( 'NONE',  ( -0.6201950345766642503, -7.104494814937197589, 3.069760375989274870 ) ) ;
#1803 = CARTESIAN_POINT ( 'NONE',  ( 0.6860476283804571862, -6.951594732813222599, 3.102817067576425281 ) ) ;
#1804 = CARTESIAN_POINT ( 'NONE',  ( -1.081538444477072813, -3.600317118671941596, -2.938503845677822746 ) ) ;
#1805 = DIRECTION ( 'NONE',  ( 0.000000000000000000, 0.000000000000000000, 1.000000000000000000 ) ) ;
#1806 = DIRECTION ( 'NONE',  ( 0.000000000000000000, 0.000000000000000000, -1.000000000000000000 ) ) ;
#1807 = CARTESIAN_POINT ( 'NONE',  ( 0.000000000000000000, -9.473804223461288032, 2.443099146032160274 ) ) ;
#1808 = CARTESIAN_POINT ( 'NONE',  ( 2.598076211353316456, -0.8246212059512549875, 4.499999999999999112 ) ) ;
#1809 = FACE_OUTER_BOUND ( 'NONE', #1671, .T. ) ;
#1810 = CARTESIAN_POINT ( 'NONE',  ( 1.567030347314314120, -5.988762837798522476, 2.773776585561578134 ) ) ;
#1811 = CARTESIAN_POINT ( 'NONE',  ( -3.167223248245782052, -6.179191104437130377, 0.2585734532027806898 ) ) ;
#1812 = VERTEX_POINT ( 'NONE', #1769 ) ;
#1813 = CONICAL_SURFACE ( 'NONE', #4784, 3.250000000000000000, 0.5125491481694439688 ) ;
#1814 = CARTESIAN_POINT ( 'NONE',  ( -0.2352205416298020491, 0.6717030278911413355, -4.328296972108858220 ) ) ;
#1815 = ORIENTED_EDGE ( 'NONE', *, *, #5299, .F. ) ;
#1816 = CARTESIAN_POINT ( 'NONE',  ( 1.727531973270403975, -3.245919608077164398, -1.727531973270403975 ) ) ;
#1817 = CARTESIAN_POINT ( 'NONE',  ( 6.209654695344817788E-16, 0.5556762387720507457, 5.070567856518485961 ) ) ;
#1818 = CARTESIAN_POINT ( 'NONE',  ( 3.012611277324493742, -5.713546822770094735, -1.023780276376135445 ) ) ;
#1819 = CARTESIAN_POINT ( 'NONE',  ( 2.893975829194037619, -4.853616669557944796, 1.312476237944505630 ) ) ;
#1820 = CARTESIAN_POINT ( 'NONE',  ( -2.427806267454927003, -5.104277277047814643, 2.062930650171963975 ) ) ;
#1821 = CARTESIAN_POINT ( 'NONE',  ( -0.2070951872537261929, -6.018069119878743045, 3.174999999998824318 ) ) ;
#1822 = EDGE_LOOP ( 'NONE', ( #4483, #1050, #5547, #4764, #1306, #6133 ) ) ;
#1823 = CARTESIAN_POINT ( 'NONE',  ( 2.755192779034506323, -7.636094536558204027, -1.591328367220166573 ) ) ;
#1824 = CARTESIAN_POINT ( 'NONE',  ( -0.8868631569032134898, -7.518469221295401184, -3.003208862418806024 ) ) ;
#1825 = CARTESIAN_POINT ( 'NONE',  ( 1.046060903667665798, -6.346325926019035890, 2.525414420702734031 ) ) ;
#1826 = CARTESIAN_POINT ( 'NONE',  ( 1.727531973270403975, -5.351195776538966165, 1.727531973270403975 ) ) ;
#1827 = CARTESIAN_POINT ( 'NONE',  ( -0.5211159180994836548, -7.986570990726181485, 3.142671595726223011 ) ) ;
#1828 = CARTESIAN_POINT ( 'NONE',  ( -2.598076211353316900, -0.4999999999999995559, -4.499999999999999112 ) ) ;
#1829 = CARTESIAN_POINT ( 'NONE',  ( 2.222003123932970947, -8.578712341811236541, 1.816549883564232415 ) ) ;
#1830 = AXIS2_PLACEMENT_3D ( 'NONE', #871, #1934, #4177 ) ;
#1831 = EDGE_CURVE ( 'NONE', #753, #2158, #5598, .T. ) ;
#1832 = EDGE_CURVE ( 'NONE', #4550, #193, #3326, .T. ) ;
#1833 = CARTESIAN_POINT ( 'NONE',  ( -2.313405418900034594, -3.378105485077859793, -2.174575905275314636 ) ) ;
#1834 = CIRCLE ( 'NONE', #2314, 0.8499999999999999778 ) ;
#1835 = CARTESIAN_POINT ( 'NONE',  ( -0.8237746586684517869, -6.456175152805110784, -3.073404582584214673 ) ) ;
#1836 = CARTESIAN_POINT ( 'NONE',  ( -2.328178952010704350, -4.354750273751223588, -2.174715081672268457 ) ) ;
#1837 = VERTEX_POINT ( 'NONE', #5155 ) ;
#1838 = CARTESIAN_POINT ( 'NONE',  ( 0.1465284081616621548, -7.067137085770776039, 3.128176611315702349 ) ) ;
#1839 = CARTESIAN_POINT ( 'NONE',  ( 1.317384969413865070, -7.479108151367237056, -2.891787841092575029 ) ) ;
#1840 = CARTESIAN_POINT ( 'NONE',  ( 2.439990503787230480, -4.982134589103117683, 1.962556943241708485 ) ) ;
#1841 = CIRCLE ( 'NONE', #3379, 1.200000000000000622 ) ;
#1842 = CARTESIAN_POINT ( 'NONE',  ( 0.7988800766824376565, -3.500000000000000888, 2.350707580437376709 ) ) ;
#1843 = DIRECTION ( 'NONE',  ( 0.000000000000000000, 1.000000000000000000, 0.000000000000000000 ) ) ;
#1844 = CARTESIAN_POINT ( 'NONE',  ( 1.727531973270403975, -6.176688838846165375, -1.727531973270403975 ) ) ;
#1845 = CARTESIAN_POINT ( 'NONE',  ( -0.5203483787076357281, -7.987062796960570310, 3.142693643340858323 ) ) ;
#1846 = CARTESIAN_POINT ( 'NONE',  ( -6.097972082098776651E-15, -6.496358833830909951, -3.174999999999999822 ) ) ;
#1847 = CARTESIAN_POINT ( 'NONE',  ( 0.8431191865273413022, -6.028108191915633185, 3.072059642620719622 ) ) ;
#1848 = CIRCLE ( 'NONE', #3150, 0.8500000000000000888 ) ;
#1849 = CARTESIAN_POINT ( 'NONE',  ( -1.601601777750613964, -6.352942010067576639, -2.744629059096185042 ) ) ;
#1850 = VERTEX_POINT ( 'NONE', #1663 ) ;
#1851 = CARTESIAN_POINT ( 'NONE',  ( 2.755207722735936393, -4.869240816148076689, 1.591492652004018016 ) ) ;
#1852 = VERTEX_POINT ( 'NONE', #1222 ) ;
#1853 = CARTESIAN_POINT ( 'NONE',  ( -2.917101557879872242, -8.270901588133728666, -1.280157628874998510 ) ) ;
#1854 = CARTESIAN_POINT ( 'NONE',  ( 2.598076211353316456, -0.8246212059512549875, 4.499999999999999112 ) ) ;
#1855 = DIRECTION ( 'NONE',  ( -3.026521842945509783E-28, -0.000000000000000000, 1.000000000000000000 ) ) ;
#1856 = CARTESIAN_POINT ( 'NONE',  ( 3.178607163605014385, -4.777363816608011682, -0.2152762059147926843 ) ) ;
#1857 = CARTESIAN_POINT ( 'NONE',  ( -0.8915358556319376016, -5.013818866502461447, 3.058740608744556333 ) ) ;
#1858 = CARTESIAN_POINT ( 'NONE',  ( -3.013529419146308008, -6.202149645042357662, 1.021117725112497432 ) ) ;
#1859 = ORIENTED_EDGE ( 'NONE', *, *, #3812, .F. ) ;
#1860 = CARTESIAN_POINT ( 'NONE',  ( 5.236071779972316087E-16, 0.5358983848622450585, -4.464101615137753498 ) ) ;
#1861 = CARTESIAN_POINT ( 'NONE',  ( -0.5896237369439859544, -7.102940301495324071, 3.075412341553597884 ) ) ;
#1862 = CIRCLE ( 'NONE', #1981, 3.266279162359717603 ) ;
#1863 = CARTESIAN_POINT ( 'NONE',  ( 3.092740686834170350E-16, -2.988152849096223918, -2.525414420702734031 ) ) ;
#1864 = CARTESIAN_POINT ( 'NONE',  ( 1.046060903667666020, -5.979979772172910657, -2.525414420702734031 ) ) ;
#1865 = CARTESIAN_POINT ( 'NONE',  ( 1.022215296154303621, -6.934784428162196868, 3.013188312754323306 ) ) ;
#1866 = CARTESIAN_POINT ( 'NONE',  ( 2.695485426185508793, -3.982828079297537016, 1.594413899713782667 ) ) ;
#1867 = CARTESIAN_POINT ( 'NONE',  ( -0.4179350164448673022, -7.453487618526329683, -3.154174889705581908 ) ) ;
#1868 = CIRCLE ( 'NONE', #5515, 0.8499999999999999778 ) ;
#1869 = CARTESIAN_POINT ( 'NONE',  ( 0.1919993502623727200, -8.353631210329021783, -3.088676481978728461 ) ) ;
#1870 = CIRCLE ( 'NONE', #5988, 0.8499999999999999778 ) ;
#1871 = CARTESIAN_POINT ( 'NONE',  ( 1.315128060534577203, -5.519711538461817391, -3.174999999999999378 ) ) ;
#1872 = B_SPLINE_CURVE_WITH_KNOTS ( 'NONE', 3,
 ( #4842, #5458, #3184, #1627 ),
 .UNSPECIFIED., .F., .F.,
 ( 4, 4 ),
 ( 2.339750666360943242E-07, 0.002614009409412740726 ),
 .UNSPECIFIED. ) ;
#1873 = CARTESIAN_POINT ( 'NONE',  ( 2.853521118973012971, -3.738828795063202648, -1.407445202444556953 ) ) ;
#1874 = CARTESIAN_POINT ( 'NONE',  ( -2.601987678866866549, -4.301248181113355606, -1.728561738045658158 ) ) ;
#1875 = VERTEX_POINT ( 'NONE', #1151 ) ;
#1876 = EDGE_CURVE ( 'NONE', #2780, #5384, #4314, .T. ) ;
#1877 = CARTESIAN_POINT ( 'NONE',  ( -1.827365338780574833, -7.081262935767526301, 2.599706032590560323 ) ) ;
#1878 = CARTESIAN_POINT ( 'NONE',  ( -3.002159695638332071, -7.219951687160421905, -1.041616219464272186 ) ) ;
#1879 = CARTESIAN_POINT ( 'NONE',  ( -2.737452543716550668, -4.466972273420120487, -1.520379712805634664 ) ) ;
#1880 = EDGE_CURVE ( 'NONE', #4371, #4511, #2426, .T. ) ;
#1881 = CARTESIAN_POINT ( 'NONE',  ( -1.818893529096201833, -7.970018112749452932, 2.548728540830177636 ) ) ;
#1882 = CARTESIAN_POINT ( 'NONE',  ( -0.8249567481056080398, -5.071251449831880365, 3.073020433351455249 ) ) ;
#1883 = CARTESIAN_POINT ( 'NONE',  ( 2.443099146032160274, -7.275727300384537521, 1.495966774593958618E-16 ) ) ;
#1884 = CARTESIAN_POINT ( 'NONE',  ( 1.040949779275250140E-16, -9.000000000000000000, 0.8499999999999999778 ) ) ;
#1885 = CARTESIAN_POINT ( 'NONE',  ( -2.523121865333873171, -5.173205922112879662, 1.938623978394892422 ) ) ;
#1886 = ADVANCED_FACE ( 'NONE', ( #4464 ), #6183, .T. ) ;
#1887 = CARTESIAN_POINT ( 'NONE',  ( 2.753679565889817216, -5.845929791015228361, 1.585812012975825303 ) ) ;
#1888 = CARTESIAN_POINT ( 'NONE',  ( -3.086880521720481330, -6.290473499297311477, -0.7890896788859609323 ) ) ;
#1889 = ORIENTED_EDGE ( 'NONE', *, *, #5255, .T. ) ;
#1890 = CARTESIAN_POINT ( 'NONE',  ( 3.174899227231272825, -4.806554999841924136, 0.4146509951772290870 ) ) ;
#1891 = EDGE_CURVE ( 'NONE', #2478, #1315, #2307, .T. ) ;
#1892 = ORIENTED_EDGE ( 'NONE', *, *, #4768, .T. ) ;
#1893 = CARTESIAN_POINT ( 'NONE',  ( -0.2934298831018212206, -7.975966067525311232, 3.172117680504072723 ) ) ;
#1894 = CARTESIAN_POINT ( 'NONE',  ( 2.999999999999996447, 4.303840336304883607, -3.999999999999955147 ) ) ;
#1895 = CARTESIAN_POINT ( 'NONE',  ( -1.764716885322577866, 6.445241846353281900, -6.488092855635991363 ) ) ;
#1896 = EDGE_CURVE ( 'NONE', #3402, #5667, #6174, .T. ) ;
#1897 = CARTESIAN_POINT ( 'NONE',  ( 3.029248355894566647, -4.738689662580787498, -0.9861719734478036070 ) ) ;
#1898 = CARTESIAN_POINT ( 'NONE',  ( -3.118626787895704133, -5.183075741183902352, 0.6518279577088018639 ) ) ;
#1899 = CARTESIAN_POINT ( 'NONE',  ( -1.785737662185199692, -4.819883618326848307, -1.785737662185200358 ) ) ;
#1900 = ORIENTED_EDGE ( 'NONE', *, *, #2470, .F. ) ;
#1901 = CARTESIAN_POINT ( 'NONE',  ( -3.897114317029972685, -0.4999999999999982792, -2.249999999999997780 ) ) ;
#1902 = CARTESIAN_POINT ( 'NONE',  ( 0.3648732669098159742, -8.033669534733542505, 3.109924624155107509 ) ) ;
#1903 = CARTESIAN_POINT ( 'NONE',  ( -3.174999999999999378, -7.351442307692437339, -1.315128060534578980 ) ) ;
#1904 = CARTESIAN_POINT ( 'NONE',  ( 2.525414420702734031, -9.154979772172662678, 1.046060903667665798 ) ) ;
#1905 = CARTESIAN_POINT ( 'NONE',  ( -3.566466157573725413E-15, -6.985371935400220167, 3.174999999999999822 ) ) ;
#1906 = CARTESIAN_POINT ( 'NONE',  ( 3.081866829531217267, -3.908897660411914998, 0.7743758307175552247 ) ) ;
#1907 = FACE_OUTER_BOUND ( 'NONE', #1680, .T. ) ;
#1908 = CARTESIAN_POINT ( 'NONE',  ( 2.402811457559593578, -4.806797512426211227, 2.007844115193531565 ) ) ;
#1909 = LOCAL_TIME ( 8, 8, 11.00000000000000000, #309 ) ;
#1910 = CARTESIAN_POINT ( 'NONE',  ( -1.785737662185199692, -8.906077920135031079, -1.785737662185200358 ) ) ;
#1911 = CARTESIAN_POINT ( 'NONE',  ( -3.012736639189686816, -6.302781706698420194, -1.023452604481541961 ) ) ;
#1912 = CARTESIAN_POINT ( 'NONE',  ( -1.726054344795020956, -4.143948351511414607, 2.668109934600991551 ) ) ;
#1913 = CARTESIAN_POINT ( 'NONE',  ( -1.684348729594213223, -7.163341211276822662, 2.630766979989107579 ) ) ;
#1914 = CARTESIAN_POINT ( 'NONE',  ( -1.376926689307325535, -7.342764520161074060, -2.872986923922749902 ) ) ;
#1915 = CARTESIAN_POINT ( 'NONE',  ( -2.457391481411757450, -4.492302092306188932, -1.940733744348765777 ) ) ;
#1916 = CARTESIAN_POINT ( 'NONE',  ( 3.032054271459847072, -7.667371335940369015, 0.7822331280706558143 ) ) ;
#1917 = DIRECTION ( 'NONE',  ( 0.000000000000000000, 1.000000000000000000, -2.891205793294680298E-16 ) ) ;
#1918 = CARTESIAN_POINT ( 'NONE',  ( 1.727531973270403975, -6.420919608076913754, 1.727531973270403975 ) ) ;
#1919 = FACE_BOUND ( 'NONE', #3723, .T. ) ;
#1920 = CARTESIAN_POINT ( 'NONE',  ( -1.407477135701169946, -5.103035331690330523, 2.853561291017453705 ) ) ;
#1921 = CARTESIAN_POINT ( 'NONE',  ( 0.06199812557834705196, -6.005761786384194778, 3.185063661196807949 ) ) ;
#1922 = CARTESIAN_POINT ( 'NONE',  ( 0.5655540428608186732, -6.523392397699033118, -3.135279948300272235 ) ) ;
#1923 = ORIENTED_EDGE ( 'NONE', *, *, #5172, .T. ) ;
#1924 = CARTESIAN_POINT ( 'NONE',  ( 0.8224115900644657362, -4.991377935498327645, 3.073602263507829502 ) ) ;
#1925 = ORIENTED_EDGE ( 'NONE', *, *, #583, .T. ) ;
#1926 = CARTESIAN_POINT ( 'NONE',  ( -3.017003212739952644, -8.155979725451874884, 1.022896623769263824 ) ) ;
#1927 = EDGE_CURVE ( 'NONE', #1128, #3267, #5834, .T. ) ;
#1928 = CARTESIAN_POINT ( 'NONE',  ( -5.196152422706632024, -0.8246212059512554315, -8.676912518275677422E-16 ) ) ;
#1929 = CARTESIAN_POINT ( 'NONE',  ( 2.390841954488471810, -5.651677569397351775, -2.099390116452446886 ) ) ;
#1930 = CARTESIAN_POINT ( 'NONE',  ( 1.714103163313074774, -4.942510987065988459, 2.685185553946471959 ) ) ;
#1931 = CARTESIAN_POINT ( 'NONE',  ( -1.130130668780032321, -5.402409146257912909, -2.978689524288015367 ) ) ;
#1932 = DIRECTION ( 'NONE',  ( 0.000000000000000000, 0.000000000000000000, 1.000000000000000000 ) ) ;
#1933 = ORIENTED_EDGE ( 'NONE', *, *, #1891, .F. ) ;
#1934 = DIRECTION ( 'NONE',  ( 0.000000000000000000, 1.000000000000000000, 0.000000000000000000 ) ) ;
#1935 = CARTESIAN_POINT ( 'NONE',  ( 2.598076211353316456, -3.175378794048744346, 4.499999999999999112 ) ) ;
#1936 = CARTESIAN_POINT ( 'NONE',  ( -3.174999999999999822, -5.336538461538750333, -5.832380380939269122E-16 ) ) ;
#1937 = CARTESIAN_POINT ( 'NONE',  ( 3.092740686834170350E-16, -6.895845156788223740, -2.525414420702734031 ) ) ;
#1938 = CARTESIAN_POINT ( 'NONE',  ( -1.046060903667665354, -7.990212535519718884, -2.525414420702734475 ) ) ;
#1939 = CARTESIAN_POINT ( 'NONE',  ( 1.619991446742754970, -4.058290913269999578, 2.680012222542221600 ) ) ;
#1940 = DIRECTION ( 'NONE',  ( 0.000000000000000000, 0.000000000000000000, -1.000000000000000000 ) ) ;
#1941 = CARTESIAN_POINT ( 'NONE',  ( 1.693851673564154892, -4.543220945384000231, -2.633601622185306024 ) ) ;
#1942 = CARTESIAN_POINT ( 'NONE',  ( 2.525414420702734031, -6.341654843212157111, 1.546370343417085175E-16 ) ) ;
#1943 = CARTESIAN_POINT ( 'NONE',  ( 2.525422523817429266, -3.912707715408246134, 1.935368570149956557 ) ) ;
#1944 = CARTESIAN_POINT ( 'NONE',  ( -1.912286655510824218, -4.068275171162803794, 2.470110931361447548 ) ) ;
#1945 = CARTESIAN_POINT ( 'NONE',  ( -3.184476683402760244, -7.294696612870620100, -0.08893885407110586894 ) ) ;
#1946 = CARTESIAN_POINT ( 'NONE',  ( 1.177717428154878121, -7.444532624647617780, -2.893306543847740109 ) ) ;
#1947 = CARTESIAN_POINT ( 'NONE',  ( -2.252043860451019341, -5.245206553924398385, 2.175642222330700370 ) ) ;
#1948 = CARTESIAN_POINT ( 'NONE',  ( -3.131291056964741415, -7.140556950688177196, -0.01119711880881647456 ) ) ;
#1949 = CARTESIAN_POINT ( 'NONE',  ( 0.000000000000000000, -3.499999999999999556, 0.000000000000000000 ) ) ;
#1951 = AXIS2_PLACEMENT_3D ( 'NONE', #5158, #197, #132 ) ;
#1950 = PERSON_AND_ORGANIZATION ( #2966, #4749 ) ;
#1952 = CARTESIAN_POINT ( 'NONE',  ( 1.011964800508647455, -7.458900377307601026, 2.443099146032160718 ) ) ;
#1953 = CARTESIAN_POINT ( 'NONE',  ( -2.492908099306059722, -8.101324762839633209, 1.983213058385861371 ) ) ;
#1954 = CARTESIAN_POINT ( 'NONE',  ( 1.742376360783115308, -3.356689227009907128, 4.499999999999999112 ) ) ;
#1955 = FACE_BOUND ( 'NONE', #3107, .T. ) ;
#1956 = CARTESIAN_POINT ( 'NONE',  ( -1.678139258465365380, -6.156307246959632273, 2.698445130196949648 ) ) ;
#1957 = CARTESIAN_POINT ( 'NONE',  ( -3.174787311252890376, -6.258498442179532439, -0.1370469575626007130 ) ) ;
#1958 = VERTEX_POINT ( 'NONE', #872 ) ;
#1959 = CARTESIAN_POINT ( 'NONE',  ( 2.854495501632409393, -4.715858427691920873, -1.405553406879670231 ) ) ;
#1960 = CONICAL_SURFACE ( 'NONE', #2783, 4.500000000000000888, 1.134464013796316673 ) ;
#1961 = B_SPLINE_CURVE_WITH_KNOTS ( 'NONE', 3,
 ( #4805, #900, #3148, #2150, #2116, #4327 ),
 .UNSPECIFIED., .F., .F.,
 ( 4, 2, 4 ),
 ( 0.002614009409412742894, 0.003909466513246737107, 0.005204923617080731320 ),
 .UNSPECIFIED. ) ;
#1962 = ORIENTED_EDGE ( 'NONE', *, *, #5972, .T. ) ;
#1963 = CARTESIAN_POINT ( 'NONE',  ( -3.142137114088877858, -8.292318942950208438, -0.5250928596252846248 ) ) ;
#1964 = DIRECTION ( 'NONE',  ( -3.026521842945509783E-28, -0.000000000000000000, 1.000000000000000000 ) ) ;
#1965 = DIRECTION ( 'NONE',  ( 0.000000000000000000, 0.000000000000000000, 1.000000000000000000 ) ) ;
#1966 = AXIS2_PLACEMENT_3D ( 'NONE', #4845, #3109, #1417 ) ;
#1967 = CARTESIAN_POINT ( 'NONE',  ( 0.5016125430891164028, -5.068460927063692445, 3.145933638305372426 ) ) ;
#1968 = CARTESIAN_POINT ( 'NONE',  ( -0.09147001893909403880, -5.426103532115441830, -3.130773095910389436 ) ) ;
#1969 = CARTESIAN_POINT ( 'NONE',  ( 0.8499999999999999778, 3.999999999999999112, -16.50000000047880633 ) ) ;
#1970 = VERTEX_POINT ( 'NONE', #5833 ) ;
#1971 = LINE ( 'NONE', #6457, #6882 ) ;
#1972 = EDGE_CURVE ( 'NONE', #5678, #78, #1834, .T. ) ;
#1973 = CARTESIAN_POINT ( 'NONE',  ( -3.045577523326341129, -8.259529475153707168, 0.7272252667247112168 ) ) ;
#1974 = CARTESIAN_POINT ( 'NONE',  ( 2.156781934618982710, -6.526046727254255941, -2.269971236650683455 ) ) ;
#1975 = CARTESIAN_POINT ( 'NONE',  ( 3.174999999999999378, -7.717788461538563460, -1.315128060534576759 ) ) ;
#1976 = CARTESIAN_POINT ( 'NONE',  ( -2.525414420702733587, -6.590556695249785157, 1.046060903667666242 ) ) ;
#1977 = CARTESIAN_POINT ( 'NONE',  ( 1.785737662185200136, -7.440693304750531034, 1.785737662185200136 ) ) ;
#1978 = CARTESIAN_POINT ( 'NONE',  ( 0.9286666472824783858, -4.069814342724691336, 3.047309011917152421 ) ) ;
#1979 = CARTESIAN_POINT ( 'NONE',  ( 1.824395374549334266E-31, 6.999999999999996447, -6.499999999999999112 ) ) ;
#1980 = CARTESIAN_POINT ( 'NONE',  ( 2.814005359955224606, -4.768777706710168651, 1.373196753072138510 ) ) ;
#1981 = AXIS2_PLACEMENT_3D ( 'NONE', #6836, #1322, #1286 ) ;
#1982 = AXIS2_PLACEMENT_3D ( 'NONE', #3123, #3778, #1940 ) ;
#1983 = CARTESIAN_POINT ( 'NONE',  ( -1.785737662185200358, -5.731077920135281722, 1.785737662185199470 ) ) ;
#1984 = CARTESIAN_POINT ( 'NONE',  ( 0.4346389173687339458, -3.500000000000000444, -4.499999999999999112 ) ) ;
#1985 = CARTESIAN_POINT ( 'NONE',  ( -0.9992084559035918634, -4.432461945287078819, -3.025360866391464842 ) ) ;
#1986 = CARTESIAN_POINT ( 'NONE',  ( -2.976819346592976867, -7.345818732366870663, -1.111896861183513829 ) ) ;
#1987 = ADVANCED_FACE ( 'NONE', ( #1459 ), #3491, .T. ) ;
#1988 = CARTESIAN_POINT ( 'NONE',  ( -3.003187691709557239, -7.280593399413885614, -1.038642150066755088 ) ) ;
#1989 = CARTESIAN_POINT ( 'NONE',  ( 2.836562699564439072, -5.784828554238424125, -1.326543237163182898 ) ) ;
#1990 = AXIS2_PLACEMENT_3D ( 'NONE', #3330, #3397, #5020 ) ;
#1991 = CARTESIAN_POINT ( 'NONE',  ( 0.3998174928416355356, -7.403640430248287885, -3.105690239780710460 ) ) ;
#1992 = CARTESIAN_POINT ( 'NONE',  ( -1.023555935458094313, -5.468809568801709986, -3.012629374376886382 ) ) ;
#1993 = CARTESIAN_POINT ( 'NONE',  ( 2.999999999999996003, 5.036160343039396636, -6.329160514345464783 ) ) ;
#1994 = CARTESIAN_POINT ( 'NONE',  ( -2.443099146032160274, -7.764188838846038720, -4.487900323781875854E-16 ) ) ;
#1995 = CARTESIAN_POINT ( 'NONE',  ( -2.886751345948125103, 9.000000000000001776, -3.999999999999997335 ) ) ;
#1996 = CARTESIAN_POINT ( 'NONE',  ( 1.925929944387235853E-31, 3.999999999999997335, -4.000000000000000888 ) ) ;
#1997 = CARTESIAN_POINT ( 'NONE',  ( -9.940091136009412779E-18, 3.999999999999999112, -6.702250878640243492 ) ) ;
#1998 = CARTESIAN_POINT ( 'NONE',  ( -0.08792954189399748710, -3.500910970669741662, -3.184684477654461610 ) ) ;
#1999 = CARTESIAN_POINT ( 'NONE',  ( -2.623529452659720818, -6.218956512246117008, 1.807142063798257592 ) ) ;
#2000 = CARTESIAN_POINT ( 'NONE',  ( -1.934827086054998757, -6.393959427570617748, -2.520822831422646626 ) ) ;
#2001 = CARTESIAN_POINT ( 'NONE',  ( -1.654322967474831652, -8.576482222198633210, -2.364111061398586067 ) ) ;
#2002 = VERTEX_POINT ( 'NONE', #5941 ) ;
#2003 = CARTESIAN_POINT ( 'NONE',  ( -2.436344129132829828, -8.097600692554713930, 2.040043015585431441 ) ) ;
#2004 = DIRECTION ( 'NONE',  ( 1.000000000000000000, 0.000000000000000000, 0.000000000000000000 ) ) ;
#2005 = CARTESIAN_POINT ( 'NONE',  ( 3.897114317029972241, -0.4999999999999991673, 2.250000000000001776 ) ) ;
#2006 = CARTESIAN_POINT ( 'NONE',  ( -2.350014836493783399, -5.391472585203565870, -2.150789180141831292 ) ) ;
#2007 = CARTESIAN_POINT ( 'NONE',  ( -1.898145632709894226, -5.328440333932408457, -2.481003364630100627 ) ) ;
#2008 = FACE_OUTER_BOUND ( 'NONE', #6078, .T. ) ;
#2009 = ORIENTED_EDGE ( 'NONE', *, *, #363, .T. ) ;
#2010 = DIRECTION ( 'NONE',  ( 1.000000000000000000, 0.000000000000000000, 0.000000000000000000 ) ) ;
#2011 = CARTESIAN_POINT ( 'NONE',  ( -1.658312395177701681, 1.500000000000000444, -4.000000000000000000 ) ) ;
#2012 = CARTESIAN_POINT ( 'NONE',  ( -2.142527859376773147, -6.036648144252049875, 2.283452932649763678 ) ) ;
#2013 = CARTESIAN_POINT ( 'NONE',  ( 2.245064030267288402, -6.679807692307874412, -2.245064030267287958 ) ) ;
#2014 = CARTESIAN_POINT ( 'NONE',  ( 1.046060903667665798, -6.346325926019035890, 2.525414420702734031 ) ) ;
#2015 = CARTESIAN_POINT ( 'NONE',  ( -2.525414420702734031, -6.830116381673656534, -4.639111030251255524E-16 ) ) ;
#2016 = CARTESIAN_POINT ( 'NONE',  ( 2.344640673993318103, -3.925916957306482047, 2.144869582218146498 ) ) ;
#2017 = DIRECTION ( 'NONE',  ( -1.445602896647340642E-16, 2.503857664561933855E-16, -1.000000000000000000 ) ) ;
#2018 = VERTEX_POINT ( 'NONE', #1935 ) ;
#2019 = CARTESIAN_POINT ( 'NONE',  ( 2.591449050858622094, -4.604535439021121945, -1.757815141065850018 ) ) ;
#2020 = EDGE_CURVE ( 'NONE', #6023, #753, #3205, .T. ) ;
#2021 = CARTESIAN_POINT ( 'NONE',  ( 2.525414420702734031, -7.379635612442843495, 1.046060903667665798 ) ) ;
#2022 = ADVANCED_FACE ( 'NONE', ( #3659 ), #1960, .T. ) ;
#2023 = CARTESIAN_POINT ( 'NONE',  ( 2.755050933489185283, -6.658637144074099901, -1.591570879601975186 ) ) ;
#2024 = CARTESIAN_POINT ( 'NONE',  ( 3.167883771522233438, -4.741925155979461515, 0.3409081885126235556 ) ) ;
#2025 = CARTESIAN_POINT ( 'NONE',  ( -2.926831438424270182, -7.373787085259881025, -1.091617505641483188 ) ) ;
#2026 = CARTESIAN_POINT ( 'NONE',  ( 3.144476720619785670, -7.634858084799084565, -0.4584602433064372540 ) ) ;
#2027 = CARTESIAN_POINT ( 'NONE',  ( -1.263757778429334566, -6.161972641374073412, 2.865014487846881508 ) ) ;
#2028 = CARTESIAN_POINT ( 'NONE',  ( 2.481704618687057717, -7.731369689498698072, 1.909320837659682191 ) ) ;
#2029 = CARTESIAN_POINT ( 'NONE',  ( -1.046060903667665354, -7.811710541403535935, -2.525414420702734475 ) ) ;
#2030 = DATE_TIME_ROLE ( 'classification_date' ) ;
#2031 = CARTESIAN_POINT ( 'NONE',  ( -2.443099146032159830, -4.894477300384725282, -1.011964800508649009 ) ) ;
#2032 = CARTESIAN_POINT ( 'NONE',  ( -0.6256944251650236044, -3.500000000000019984, 2.486619295505441141 ) ) ;
#2033 = CARTESIAN_POINT ( 'NONE',  ( -1.497837521091268220, -8.373700562477372600, -2.811992830367074703 ) ) ;
#2034 = DIRECTION ( 'NONE',  ( 3.026521842945509783E-28, 0.000000000000000000, -1.000000000000000000 ) ) ;
#2035 = CARTESIAN_POINT ( 'NONE',  ( 2.723849510825214093, -3.640198487500879043, -1.546148356680027147 ) ) ;
#2036 = CARTESIAN_POINT ( 'NONE',  ( -3.100582026415398484, -6.286401076703706181, -0.6958036552679525144 ) ) ;
#2037 = CARTESIAN_POINT ( 'NONE',  ( 2.763060597167618759, -6.761360926270564065, 1.585968069471749731 ) ) ;
#2038 = CARTESIAN_POINT ( 'NONE',  ( 1.407020209553935919, -3.637107531687832296, -2.853806494624842482 ) ) ;
#2039 = VERTEX_POINT ( 'NONE', #6573 ) ;
#2040 = DIRECTION ( 'NONE',  ( 0.000000000000000000, -1.000000000000000000, 0.000000000000000000 ) ) ;
#2041 = CARTESIAN_POINT ( 'NONE',  ( -2.999999999999997335, 2.537271802364450046, -6.170559689828952088 ) ) ;
#2042 = CARTESIAN_POINT ( 'NONE',  ( 0.7062219215096727787, 1.204125534037925549, -4.000000000000000000 ) ) ;
#2043 = CARTESIAN_POINT ( 'NONE',  ( -3.152989452516173241, -5.294530812071423398, -0.3954586688006164752 ) ) ;
#2044 = AXIS2_PLACEMENT_3D ( 'NONE', #4331, #6415, #1385 ) ;
#2045 = CARTESIAN_POINT ( 'NONE',  ( -3.054307341622305660, -5.170004464330600236, 0.9067293101834189573 ) ) ;
#2046 = CARTESIAN_POINT ( 'NONE',  ( -0.4767844997393122508, 7.188829955867819699, -6.287903649265610184 ) ) ;
#2047 = ORIENTED_EDGE ( 'NONE', *, *, #4901, .F. ) ;
#2048 = CARTESIAN_POINT ( 'NONE',  ( 1.764716885322577644, 1.554758153646713881, -6.488092855635994027 ) ) ;
#2049 = DIRECTION ( 'NONE',  ( -1.000000000000000000, 0.000000000000000000, 0.000000000000000000 ) ) ;
#2050 = CARTESIAN_POINT ( 'NONE',  ( -2.319448642593383347, -6.048259421821872373, 2.103825319947610240 ) ) ;
#2051 = CARTESIAN_POINT ( 'NONE',  ( -3.174999999999999378, -8.206250000000062883, 1.315128060534577648 ) ) ;
#2052 = CARTESIAN_POINT ( 'NONE',  ( 2.853250529393814183, -4.715200109851654275, -1.408076112248855871 ) ) ;
#2053 = CARTESIAN_POINT ( 'NONE',  ( -2.574083115097619334, -4.200108473406288567, 1.877296874742113708 ) ) ;
#2054 = CARTESIAN_POINT ( 'NONE',  ( 2.523215500260686195, 6.007322466838802555, -6.287903649265608408 ) ) ;
#2055 = ORIENTED_EDGE ( 'NONE', *, *, #5617, .F. ) ;
#2056 = CARTESIAN_POINT ( 'NONE',  ( -2.290755285284117537, -5.069313105139601205, 2.134784645790169577 ) ) ;
#2057 = CARTESIAN_POINT ( 'NONE',  ( -2.525414420702733587, -6.891174073981343184, -1.046060903667667130 ) ) ;
#2058 = CARTESIAN_POINT ( 'NONE',  ( 2.598076211353317788, -3.175378794048743458, -4.500000000000000000 ) ) ;
#2059 = CARTESIAN_POINT ( 'NONE',  ( 1.323284650533228746, -4.609291739683181177, -2.898106578800824451 ) ) ;
#2060 = CARTESIAN_POINT ( 'NONE',  ( -2.286203156504966749, -7.349705470365499593, -2.218794315522416571 ) ) ;
#2061 = CARTESIAN_POINT ( 'NONE',  ( 2.839193114751332736, -7.560726936581133373, -1.322130329043825325 ) ) ;
#2062 = CARTESIAN_POINT ( 'NONE',  ( -2.732720081646527355, -6.261715341420802439, 1.528602631528137357 ) ) ;
#2063 = ADVANCED_FACE ( 'NONE', ( #4886 ), #6890, .F. ) ;
#2064 = CC_DESIGN_PERSON_AND_ORGANIZATION_ASSIGNMENT ( #1001, #967, ( #6062 ) ) ;
#2065 = CARTESIAN_POINT ( 'NONE',  ( -0.3553067273011668581, -7.367479563256888575, -3.111124651723407908 ) ) ;
#2066 = CARTESIAN_POINT ( 'NONE',  ( 3.027428637182385529, -0.6428244843946786524, -3.756339784111105473 ) ) ;
#2067 = CARTESIAN_POINT ( 'NONE',  ( 3.888253587292846081E-16, -3.499999999999999556, 3.174999999999999822 ) ) ;
#2068 = DIRECTION ( 'NONE',  ( 1.000000000000000000, 0.000000000000000000, 0.000000000000000000 ) ) ;
#2069 = CARTESIAN_POINT ( 'NONE',  ( -2.524847528392615281, -4.400683948780640620, -1.936137257045370541 ) ) ;
#2070 = CARTESIAN_POINT ( 'NONE',  ( -1.571805312068883520, -3.394469650480524070, -2.709209750711983666 ) ) ;
#2071 = CARTESIAN_POINT ( 'NONE',  ( -3.162900408557585141, -6.327899286553223313, -0.3059500449926275678 ) ) ;
#2072 = CARTESIAN_POINT ( 'NONE',  ( 3.131159169508229034, -6.655405347723424292, 0.07290770925676991199 ) ) ;
#2073 = CARTESIAN_POINT ( 'NONE',  ( 3.897114317029972241, -0.4999999999999991673, 2.250000000000001776 ) ) ;
#2074 = AXIS2_PLACEMENT_3D ( 'NONE', #948, #2156, #5433 ) ;
#2075 = ORIENTED_EDGE ( 'NONE', *, *, #5300, .T. ) ;
#2076 = DIRECTION ( 'NONE',  ( 0.000000000000000000, 0.000000000000000000, 1.000000000000000000 ) ) ;
#2077 = CARTESIAN_POINT ( 'NONE',  ( 0.000000000000000000, -8.539731766288905845, 2.525414420702734031 ) ) ;
#2078 = CARTESIAN_POINT ( 'NONE',  ( -2.999999999999996891, 2.267949192431122363, -6.500000000000000000 ) ) ;
#2079 = CARTESIAN_POINT ( 'NONE',  ( -3.113373325400141667, -5.376763386986778137, -0.2547113595857728452 ) ) ;
#2080 = TOROIDAL_SURFACE ( 'NONE', #3953, 5.070567856518484184, 1.200000000000000400 ) ;
#2081 = CARTESIAN_POINT ( 'NONE',  ( 1.892086453819116665, -5.558263700331734114, -2.563152730345839458 ) ) ;
#2082 = CARTESIAN_POINT ( 'NONE',  ( 1.121735107984964674, -8.951283064713241089, -2.224190952635002105 ) ) ;
#2083 = ORIENTED_EDGE ( 'NONE', *, *, #2788, .T. ) ;
#2084 = CARTESIAN_POINT ( 'NONE',  ( -0.8691405556513452924, -3.470057243631894828, 4.499999999999999112 ) ) ;
#2085 = CARTESIAN_POINT ( 'NONE',  ( 2.277598541170481994, -3.500000000000000000, 1.178433927224705080 ) ) ;
#2086 = CARTESIAN_POINT ( 'NONE',  ( 2.951668490972024106, -5.622162634760412558, -1.045147838307016297 ) ) ;
#2087 = CIRCLE ( 'NONE', #3960, 2.999999999999998224 ) ;
#2088 = CARTESIAN_POINT ( 'NONE',  ( 3.174999999999999378, -4.909134615384936673, 1.315128060534576981 ) ) ;
#2089 = CARTESIAN_POINT ( 'NONE',  ( -2.525414420702734031, -4.697768233711473229, -4.639111030251255524E-16 ) ) ;
#2090 = CARTESIAN_POINT ( 'NONE',  ( -3.127450104877405934, -4.271783675855952644, 0.5626733370001316681 ) ) ;
#2091 = DIRECTION ( 'NONE',  ( 0.000000000000000000, 1.000000000000000000, 2.503857664561933855E-16 ) ) ;
#2092 = ORIENTED_EDGE ( 'NONE', *, *, #5248, .F. ) ;
#2093 = CARTESIAN_POINT ( 'NONE',  ( 3.070178339181711902, -3.751075359978592871, 0.6158435974799784107 ) ) ;
#2094 = CARTESIAN_POINT ( 'NONE',  ( 1.785737662185200136, -7.440693304750531034, 1.785737662185200136 ) ) ;
#2095 = AXIS2_PLACEMENT_3D ( 'NONE', #4871, #7101, #1515 ) ;
#2096 = CARTESIAN_POINT ( 'NONE',  ( 1.406670143947225338, -6.567857562858740117, -2.853959771099243259 ) ) ;
#2097 = CARTESIAN_POINT ( 'NONE',  ( 0.8272603803931013466, -4.582827488457466458, -3.076644970005042889 ) ) ;
#2098 = CARTESIAN_POINT ( 'NONE',  ( -3.156226136659454173, -7.269945235726066990, 0.4324836065771043847 ) ) ;
#2099 = CARTESIAN_POINT ( 'NONE',  ( 3.125397795424381009, -7.638104720683475790, 0.2011682506234063472 ) ) ;
#2100 = CARTESIAN_POINT ( 'NONE',  ( -2.710280503962352761, -5.446677633138341079, -1.568038162333741159 ) ) ;
#2101 = AXIS2_PLACEMENT_3D ( 'NONE', #4750, #3634, #2534 ) ;
#2102 = CARTESIAN_POINT ( 'NONE',  ( 3.041745677113951718, -6.688424572570070836, 0.7433965501042588686 ) ) ;
#2103 = CARTESIAN_POINT ( 'NONE',  ( 2.525414420702734031, -8.055941310634286978, -1.046060903667665576 ) ) ;
#2104 = APPROVAL_DATE_TIME ( #271, #3458 ) ;
#2105 = FACE_OUTER_BOUND ( 'NONE', #548, .T. ) ;
#2106 = CARTESIAN_POINT ( 'NONE',  ( -0.7583898083644513566, -8.413461497373555531, -3.094462154025623413 ) ) ;
#2107 = CARTESIAN_POINT ( 'NONE',  ( -1.298157847735649684, -3.499999999999999556, -2.897483598290479190 ) ) ;
#2108 = CARTESIAN_POINT ( 'NONE',  ( -1.602969904164398329, -3.483080660726892042, -2.753622835173911820 ) ) ;
#2109 = CARTESIAN_POINT ( 'NONE',  ( -2.797837966340521731, -6.414293574321164648, -1.407232945236466914 ) ) ;
#2110 = CARTESIAN_POINT ( 'NONE',  ( 3.051529329720691130, -6.617121147981803730, -0.7046496724777181475 ) ) ;
#2111 = CARTESIAN_POINT ( 'NONE',  ( 3.460544645821051812, -0.4999999999999997780, 3.006160851577492021 ) ) ;
#2112 = AXIS2_PLACEMENT_3D ( 'NONE', #2078, #365, #2593 ) ;
#2113 = EDGE_CURVE ( 'NONE', #3622, #1450, #220, .T. ) ;
#2114 = ORIENTED_EDGE ( 'NONE', *, *, #3550, .F. ) ;
#2115 = DIRECTION ( 'NONE',  ( 0.000000000000000000, 0.000000000000000000, -1.000000000000000000 ) ) ;
#2116 = CARTESIAN_POINT ( 'NONE',  ( -2.811956660134709907, -0.7248871147548523464, 4.129548195964993340 ) ) ;
#2117 = CIRCLE ( 'NONE', #4937, 0.1999999999999996503 ) ;
#2118 = DIRECTION ( 'NONE',  ( 1.000000000000000000, 0.000000000000000000, 3.026521842945509783E-28 ) ) ;
#2119 = CARTESIAN_POINT ( 'NONE',  ( -1.752061519991896965, -5.183544670525396469, 2.660562996931692847 ) ) ;
#2120 = EDGE_CURVE ( 'NONE', #670, #1602, #6070, .T. ) ;
#2121 = CARTESIAN_POINT ( 'NONE',  ( 2.467995717959167390, -5.595746912613084767, -2.014785766045549043 ) ) ;
#2122 = CARTESIAN_POINT ( 'NONE',  ( -2.718198015342312424, -8.269357318069827656, -1.654325315725430956 ) ) ;
#2123 = VERTEX_POINT ( 'NONE', #6837 ) ;
#2124 = DIRECTION ( 'NONE',  ( 2.846556599890768726E-32, -2.503857664561933362E-16, -1.000000000000000000 ) ) ;
#2125 = CARTESIAN_POINT ( 'NONE',  ( 2.124745197946278807, -5.547020399342856400, -2.300128822520749239 ) ) ;
#2126 = CARTESIAN_POINT ( 'NONE',  ( -1.315128060534579202, -4.176442307692687095, 3.174999999999999378 ) ) ;
#2127 = CARTESIAN_POINT ( 'NONE',  ( -2.525414420702733587, -4.758825926019160768, -1.046060903667667130 ) ) ;
#2128 = ADVANCED_FACE ( 'NONE', ( #3964 ), #3712, .T. ) ;
#2129 = CARTESIAN_POINT ( 'NONE',  ( -3.126905452027374022, -4.332427034491233897, 0.5657056515041322120 ) ) ;
#2130 = CARTESIAN_POINT ( 'NONE',  ( 2.525414420702734031, -7.140075926018973007, 1.546370343417085175E-16 ) ) ;
#2131 = ORIENTED_EDGE ( 'NONE', *, *, #1796, .F. ) ;
#2132 = CARTESIAN_POINT ( 'NONE',  ( 2.429801054941614247, -3.827792825290821543, 1.974952468864943356 ) ) ;
#2133 = CARTESIAN_POINT ( 'NONE',  ( -1.840096820731337735, -3.039952635982135831, -1.729670976407868155 ) ) ;
#2134 = CARTESIAN_POINT ( 'NONE',  ( 2.774559615560796999, -6.822497874409751084, 1.597994216133561851 ) ) ;
#2135 = CARTESIAN_POINT ( 'NONE',  ( 3.153480215233121164, -4.704484287709112422, -0.4536722596386437156 ) ) ;
#2136 = CARTESIAN_POINT ( 'NONE',  ( 2.877553536637171838, -7.710538021079051951, -1.348105005878875717 ) ) ;
#2137 = CARTESIAN_POINT ( 'NONE',  ( 2.370041013463854540, -7.770489408084460869, 2.116848354094306828 ) ) ;
#2138 = CARTESIAN_POINT ( 'NONE',  ( -1.836243697494230886, -6.487575805759048464, -2.536438481934456313 ) ) ;
#2139 = CARTESIAN_POINT ( 'NONE',  ( 1.785737662185200136, -7.017960541403597929, -1.785737662185199692 ) ) ;
#2140 = CARTESIAN_POINT ( 'NONE',  ( 2.443099146032160274, -5.229080391923592863, 1.495966774593958618E-16 ) ) ;
#2141 = LINE ( 'NONE', #2067, #5263 ) ;
#2142 = CARTESIAN_POINT ( 'NONE',  ( -0.7549395417115511986, -3.529378406691757508, -3.086683189500342817 ) ) ;
#2143 = CARTESIAN_POINT ( 'NONE',  ( -1.764716885322578088, 6.445241846353282789, -4.011907144364007749 ) ) ;
#2144 = CARTESIAN_POINT ( 'NONE',  ( 2.993603651576190128, -3.694906090324403092, -1.090810627774078112 ) ) ;
#2145 = CARTESIAN_POINT ( 'NONE',  ( -2.986592858643633885, -6.258338538002503171, 1.109274604178160262 ) ) ;
#2146 = CARTESIAN_POINT ( 'NONE',  ( 2.880215350371526206, -6.713589516037429483, 1.209331729149085266 ) ) ;
#2147 = CARTESIAN_POINT ( 'NONE',  ( -0.3361994558592225624, -8.737944934894592564, -2.704362757411170826 ) ) ;
#2148 = CARTESIAN_POINT ( 'NONE',  ( 0.000000000000000000, -9.000000000000000000, -0.8499999999999999778 ) ) ;
#2149 = CARTESIAN_POINT ( 'NONE',  ( 1.030156527244581771E-27, 3.999999999999999112, -10.55081359889071457 ) ) ;
#2150 = CARTESIAN_POINT ( 'NONE',  ( -3.027428637182384197, -0.6428244843946785414, 3.756339784111105473 ) ) ;
#2151 = CARTESIAN_POINT ( 'NONE',  ( 2.174334507936224181, -0.7258242052597388971, -4.500000000000000888 ) ) ;
#2152 = CARTESIAN_POINT ( 'NONE',  ( -2.805044642329542537, -5.413778407180506846, -1.510423720973608885 ) ) ;
#2153 = CARTESIAN_POINT ( 'NONE',  ( 1.861163552531332810, -5.530292727445330847, -2.518784633102350234 ) ) ;
#2154 = DIRECTION ( 'NONE',  ( 0.8660254037844387076, 0.000000000000000000, -0.4999999999999998335 ) ) ;
#2155 = ORIENTED_EDGE ( 'NONE', *, *, #4268, .F. ) ;
#2156 = DIRECTION ( 'NONE',  ( 0.000000000000000000, -1.000000000000000000, 0.000000000000000000 ) ) ;
#2157 = EDGE_CURVE ( 'NONE', #6456, #5362, #5695, .T. ) ;
#2158 = VERTEX_POINT ( 'NONE', #4005 ) ;
#2159 = CC_DESIGN_PERSON_AND_ORGANIZATION_ASSIGNMENT ( #1475, #4313, ( #414 ) ) ;
#2160 = CARTESIAN_POINT ( 'NONE',  ( 2.245064030267288402, -2.772115384615875033, -2.245064030267287958 ) ) ;
#2161 = CARTESIAN_POINT ( 'NONE',  ( -1.785737662185200358, -4.575652849096098151, 1.785737662185199470 ) ) ;
#2162 = CARTESIAN_POINT ( 'NONE',  ( -3.172779921943264636, -4.351370224345462390, 0.1766870170194840550 ) ) ;
#2163 = CARTESIAN_POINT ( 'NONE',  ( -2.525414420702733587, -8.544402849095785513, 1.046060903667666242 ) ) ;
#2164 = ORIENTED_EDGE ( 'NONE', *, *, #5843, .F. ) ;
#2165 = CARTESIAN_POINT ( 'NONE',  ( 1.460188271809379712, -3.889390182582631361, 2.769922610979719479 ) ) ;
#2166 = DIRECTION ( 'NONE',  ( 0.000000000000000000, 0.000000000000000000, 1.000000000000000000 ) ) ;
#2167 = CARTESIAN_POINT ( 'NONE',  ( -1.535043347675961956, -8.922788970822290722, -2.003488849890364243 ) ) ;
#2168 = CARTESIAN_POINT ( 'NONE',  ( -0.1060532962645780869, -4.975096627224853130, 3.175979321801369881 ) ) ;
#2169 = CARTESIAN_POINT ( 'NONE',  ( 2.447347708838627955, -7.912347448530657523, 1.953823006901072024 ) ) ;
#2170 = CARTESIAN_POINT ( 'NONE',  ( 2.088156443855833100, -7.789019746809143996, 2.395314693577124121 ) ) ;
#2171 = DIRECTION ( 'NONE',  ( 0.000000000000000000, 0.000000000000000000, -1.000000000000000000 ) ) ;
#2172 = CARTESIAN_POINT ( 'NONE',  ( -1.727531973270404198, -6.572349622692716054, 1.727531973270403531 ) ) ;
#2173 = CARTESIAN_POINT ( 'NONE',  ( -3.174999999999999822, -7.168269230769380940, -5.832380380939269122E-16 ) ) ;
#2174 = CARTESIAN_POINT ( 'NONE',  ( -1.608572330234859571, -3.544066075725987197, -2.749836272023995498 ) ) ;
#2175 = CARTESIAN_POINT ( 'NONE',  ( -2.098043673633025019, -4.430057805830824869, -2.392189030685268669 ) ) ;
#2176 = CARTESIAN_POINT ( 'NONE',  ( -0.5063647881205378676, -4.017346598320184370, 3.145415218829167081 ) ) ;
#2177 = CARTESIAN_POINT ( 'NONE',  ( 2.693568902741592108, -6.746156733700404473, -1.597503211267165435 ) ) ;
#2178 = CARTESIAN_POINT ( 'NONE',  ( 1.964666839438244494, -6.513662864037613964, -2.439133942645685504 ) ) ;
#2179 = DIRECTION ( 'NONE',  ( -0.000000000000000000, -1.000000000000000000, -1.836970198721029688E-16 ) ) ;
#2180 = ORIENTED_EDGE ( 'NONE', *, *, #598, .T. ) ;
#2181 = VERTEX_POINT ( 'NONE', #6870 ) ;
#2182 = FACE_OUTER_BOUND ( 'NONE', #2488, .T. ) ;
#2183 = CARTESIAN_POINT ( 'NONE',  ( -1.046060903667667574, -8.600789458596594272, 2.525414420702733587 ) ) ;
#2184 = CARTESIAN_POINT ( 'NONE',  ( 2.755338381162016681, -7.799468864724266481, 1.591097357390624190 ) ) ;
#2185 = CARTESIAN_POINT ( 'NONE',  ( 1.046060903667666020, -7.135404843212093340, -2.525414420702734031 ) ) ;
#2186 = CARTESIAN_POINT ( 'NONE',  ( 2.097083324576445307, -5.723161793708951173, -2.325849808215324721 ) ) ;
#2187 = CARTESIAN_POINT ( 'NONE',  ( 1.889613968240812847, -5.618907484635218275, -2.564978611011560439 ) ) ;
#2188 = CARTESIAN_POINT ( 'NONE',  ( 3.028054992628044673, -3.375881192601301706, 3.755254904655624504 ) ) ;
#2189 = EDGE_LOOP ( 'NONE', ( #3192, #128, #5575, #3731, #709, #4538 ) ) ;
#2190 = CYLINDRICAL_SURFACE ( 'NONE', #4429, 3.174999999999999822 ) ;
#2191 = CIRCLE ( 'NONE', #6294, 6.109691365970319588 ) ;
#2192 = EDGE_CURVE ( 'NONE', #5362, #7147, #4673, .T. ) ;
#2193 = ORIENTED_EDGE ( 'NONE', *, *, #951, .T. ) ;
#2194 = CARTESIAN_POINT ( 'NONE',  ( -3.174999999999999378, -3.443750000000437517, -1.315128060534578980 ) ) ;
#2195 = CARTESIAN_POINT ( 'NONE',  ( -2.525414420702733587, -3.781902849096161923, -1.046060903667667130 ) ) ;
#2196 = VECTOR ( 'NONE', #2262, 1000.000000000000000 ) ;
#2197 = EDGE_CURVE ( 'NONE', #3411, #1741, #6759, .T. ) ;
#2198 = CARTESIAN_POINT ( 'NONE',  ( 0.8406994731822245992, -4.644844452232230303, -3.072753422777155574 ) ) ;
#2199 = EDGE_CURVE ( 'NONE', #7201, #2948, #5735, .T. ) ;
#2200 = CARTESIAN_POINT ( 'NONE',  ( 1.046060903667665798, -6.346325926019035890, 2.525414420702734031 ) ) ;
#2201 = VERTEX_POINT ( 'NONE', #4318 ) ;
#2202 = CARTESIAN_POINT ( 'NONE',  ( 3.154567578158421259, -7.737729606605038057, 0.4153196713815012209 ) ) ;
#2203 = AXIS2_PLACEMENT_3D ( 'NONE', #3640, #5852, #781 ) ;
#2204 = CARTESIAN_POINT ( 'NONE',  ( 2.525414420702734031, -3.349827920135469927, -1.046060903667665576 ) ) ;
#2205 = VECTOR ( 'NONE', #1734, 1000.000000000000000 ) ;
#2206 = CARTESIAN_POINT ( 'NONE',  ( -3.013136595736138901, -7.279633877260976327, -1.022091252178608745 ) ) ;
#2207 = CARTESIAN_POINT ( 'NONE',  ( 0.8285731627196073479, -7.603930669297212397, -3.011870737219597860 ) ) ;
#2208 = PRODUCT_DEFINITION_SHAPE ( 'NONE', 'NONE',  #6062 ) ;
#2209 = CARTESIAN_POINT ( 'NONE',  ( -2.465453235909280227, -8.013089397890201582, 1.931710715462044314 ) ) ;
#2210 = CARTESIAN_POINT ( 'NONE',  ( -2.443099146032159830, -5.656484238077403859, 1.011964800508648343 ) ) ;
#2211 = CARTESIAN_POINT ( 'NONE',  ( -2.245064030267288846, -8.023076923077004707, 2.245064030267287514 ) ) ;
#2212 = ADVANCED_FACE ( 'NONE', ( #1445 ), #2941, .T. ) ;
#2213 = CARTESIAN_POINT ( 'NONE',  ( 2.302151237446444565, -3.783458481771194482, -2.111370576114158570 ) ) ;
#2214 = CARTESIAN_POINT ( 'NONE',  ( 1.210608737178203913E-27, 3.999999999999999112, -8.196031327178998183 ) ) ;
#2215 = CARTESIAN_POINT ( 'NONE',  ( -1.266296346839847597, -4.117697999507514695, 2.923405018664066102 ) ) ;
#2216 = CARTESIAN_POINT ( 'NONE',  ( 2.740845703887055951, -6.718187725519332965, -1.623767173263757746 ) ) ;
#2217 = CARTESIAN_POINT ( 'NONE',  ( -2.501289357658038615, -7.064316721882907046, 1.959970089281956263 ) ) ;
#2218 = DIRECTION ( 'NONE',  ( -1.445602896647340642E-16, 2.503857664561933855E-16, -1.000000000000000000 ) ) ;
#2219 = CIRCLE ( 'NONE', #2339, 3.249999999999999556 ) ;
#2220 = ORIENTED_EDGE ( 'NONE', *, *, #321, .T. ) ;
#2221 = CARTESIAN_POINT ( 'NONE',  ( 3.013386967006971506, -5.814206720514560445, 1.021278782416756625 ) ) ;
#2222 = CARTESIAN_POINT ( 'NONE',  ( 1.785737662185200136, -7.440693304750531034, 1.785737662185200136 ) ) ;
#2223 = DIRECTION ( 'NONE',  ( 1.445602896647343107E-16, 0.000000000000000000, 1.000000000000000000 ) ) ;
#2224 = CYLINDRICAL_SURFACE ( 'NONE', #7164, 0.8499999999999999778 ) ;
#2225 = TOROIDAL_SURFACE ( 'NONE', #5278, 0.06062663439566949586, 3.249999999999999556 ) ;
#2226 = CARTESIAN_POINT ( 'NONE',  ( 3.001002838448299403, -5.772021844353197650, -1.069045333334740500 ) ) ;
#2227 = CARTESIAN_POINT ( 'NONE',  ( -3.177754912910785823, -6.191677655786167911, -0.006012571430106610458 ) ) ;
#2228 = CARTESIAN_POINT ( 'NONE',  ( 0.000000000000000000, -8.668853236027988629, 2.773454456279762503 ) ) ;
#2229 = VERTEX_POINT ( 'NONE', #313 ) ;
#2230 = CARTESIAN_POINT ( 'NONE',  ( -2.091132383515411982E-15, 7.464101615137749945, -6.035898384862245614 ) ) ;
#2231 = VERTEX_POINT ( 'NONE', #2510 ) ;
#2232 = CARTESIAN_POINT ( 'NONE',  ( 2.443099146032160274, -4.344958069615540985, 1.495966774593958618E-16 ) ) ;
#2233 = AXIS2_PLACEMENT_3D ( 'NONE', #6593, #6213, #2763 ) ;
#2234 = CARTESIAN_POINT ( 'NONE',  ( 3.174999999999999378, -2.833173076923563016, -1.315128060534576759 ) ) ;
#2235 = CARTESIAN_POINT ( 'NONE',  ( 5.196152422706632912, -0.4999999999999995559, -8.673617379884035472E-16 ) ) ;
#2236 = CARTESIAN_POINT ( 'NONE',  ( -1.867024098689610501, -4.531844606185327251, -2.514396043418220650 ) ) ;
#2237 = CARTESIAN_POINT ( 'NONE',  ( -2.525414420702734031, -7.628537464480473318, -4.639111030251255524E-16 ) ) ;
#2238 = ORIENTED_EDGE ( 'NONE', *, *, #4605, .F. ) ;
#2239 = CARTESIAN_POINT ( 'NONE',  ( 0.5054470134967558037, -3.940747469999599684, 3.090176628918905433 ) ) ;
#2240 = CARTESIAN_POINT ( 'NONE',  ( -2.043709720947876729, -8.896079682619602025, -1.542594527876003596 ) ) ;
#2241 = CARTESIAN_POINT ( 'NONE',  ( -1.411576036489847308, -8.928318163759929149, -2.085539255641184475 ) ) ;
#2242 = CARTESIAN_POINT ( 'NONE',  ( 3.082036032495109712, -7.833932975645413244, 0.5563822669066778026 ) ) ;
#2243 = CARTESIAN_POINT ( 'NONE',  ( -3.113129170886564268, -8.104790967721440254, 0.2583451277176053718 ) ) ;
#2244 = EDGE_CURVE ( 'NONE', #2997, #6571, #5721, .T. ) ;
#2245 = CARTESIAN_POINT ( 'NONE',  ( 2.443099146032160718, -4.191099622692903814, -1.011964800508647455 ) ) ;
#2246 = EDGE_CURVE ( 'NONE', #3834, #2018, #648, .T. ) ;
#2247 = CARTESIAN_POINT ( 'NONE',  ( 1.315128060534576981, -8.816826923076941824, 3.174999999999999378 ) ) ;
#2248 = CARTESIAN_POINT ( 'NONE',  ( 2.069922786963716899, -3.676702963135593194, -2.421513805444423184 ) ) ;
#2249 = DIRECTION ( 'NONE',  ( -3.026521842945509783E-28, -0.000000000000000000, 1.000000000000000000 ) ) ;
#2250 = CARTESIAN_POINT ( 'NONE',  ( 2.494448751878005854, -3.822710946951818123, 1.894138727751834672 ) ) ;
#2251 = CARTESIAN_POINT ( 'NONE',  ( 0.5338986377683742068, -6.611800311951185449, -3.077780523666831858 ) ) ;
#2252 = CARTESIAN_POINT ( 'NONE',  ( -1.613150300081340305, -7.067953908191513257, 2.747359599803459229 ) ) ;
#2253 = CARTESIAN_POINT ( 'NONE',  ( 2.368448023569375227, -3.787727199421496493, -2.048459287723667366 ) ) ;
#2254 = FACE_OUTER_BOUND ( 'NONE', #5028, .T. ) ;
#2255 = CARTESIAN_POINT ( 'NONE',  ( 1.368624501294178231, 6.673925890896037494, -3.999999999999999112 ) ) ;
#2256 = CARTESIAN_POINT ( 'NONE',  ( -1.046060903667665354, -6.036366381673718529, -2.525414420702734475 ) ) ;
#2257 = CARTESIAN_POINT ( 'NONE',  ( 1.030156527244581771E-27, 3.999999999999999112, -10.55081359889071457 ) ) ;
#2258 = CARTESIAN_POINT ( 'NONE',  ( -2.523215500260685751, 1.992677533161188785, -4.212096350734390704 ) ) ;
#2259 = CARTESIAN_POINT ( 'NONE',  ( 2.602890932588666217, -5.760673132136476582, -1.741190652942476769 ) ) ;
#2260 = CARTESIAN_POINT ( 'NONE',  ( -1.136102934722501345, -6.064647376019197900, 2.967689184098382338 ) ) ;
#2261 = ORIENTED_EDGE ( 'NONE', *, *, #2113, .F. ) ;
#2262 = DIRECTION ( 'NONE',  ( -0.000000000000000000, -2.891205793294678819E-16, 1.000000000000000000 ) ) ;
#2263 = AXIS2_PLACEMENT_3D ( 'NONE', #6570, #5350, #1532 ) ;
#2264 = ORIENTED_EDGE ( 'NONE', *, *, #811, .T. ) ;
#2265 = CARTESIAN_POINT ( 'NONE',  ( 1.727531973270403975, -8.037734238077215210, -1.727531973270403975 ) ) ;
#2266 = CARTESIAN_POINT ( 'NONE',  ( -4.331255340480723248, -3.470217090121413328, -1.498045689733353614 ) ) ;
#2267 = CARTESIAN_POINT ( 'NONE',  ( 1.789312801869049174, -4.697289626566919729, -2.635757574209347531 ) ) ;
#2268 = CARTESIAN_POINT ( 'NONE',  ( 2.525414420702734031, -8.178056695249662056, 1.046060903667665798 ) ) ;
#2269 = VERTEX_POINT ( 'NONE', #6991 ) ;
#2270 = CARTESIAN_POINT ( 'NONE',  ( -9.614703467775482675E-18, 1.306895848598523591, -6.700000000000000178 ) ) ;
#2271 = CARTESIAN_POINT ( 'NONE',  ( -1.175148307210180931, -6.525957332319316961, -2.902313076512280432 ) ) ;
#2272 = CARTESIAN_POINT ( 'NONE',  ( -2.525414420702733587, -3.838289458596969794, 1.046060903667666242 ) ) ;
#2273 = DIRECTION ( 'NONE',  ( -1.000000000000000000, 0.000000000000000000, -0.000000000000000000 ) ) ;
#2274 = CARTESIAN_POINT ( 'NONE',  ( 1.538816813455490040, -3.499999999999998668, -2.591436172791032444 ) ) ;
#2275 = CARTESIAN_POINT ( 'NONE',  ( 2.005751652249342598, -7.580408540601688117, -2.474973038587315433 ) ) ;
#2276 = CONICAL_SURFACE ( 'NONE', #2263, 2.999999999999998224, 0.7853981633974500554 ) ;
#2277 = CARTESIAN_POINT ( 'NONE',  ( -3.174857829419996946, -8.157560110094966177, -0.2663460712315410261 ) ) ;
#2278 = CARTESIAN_POINT ( 'NONE',  ( 3.888253587292846081E-16, -6.435576923077130473, -3.174999999999999822 ) ) ;
#2279 = CARTESIAN_POINT ( 'NONE',  ( 2.544540688622949354, -3.802341353487414644, -1.811988958144010509 ) ) ;
#2280 = CARTESIAN_POINT ( 'NONE',  ( 0.8499999999999999778, 3.999999999999998224, -2.000000000000000000 ) ) ;
#2281 = CARTESIAN_POINT ( 'NONE',  ( 2.540262034804616764, -3.911326266770514426, 1.923205757637113544 ) ) ;
#2282 = ORIENTED_EDGE ( 'NONE', *, *, #6469, .T. ) ;
#2283 = EDGE_CURVE ( 'NONE', #3343, #2002, #6657, .T. ) ;
#2284 = CARTESIAN_POINT ( 'NONE',  ( 0.9290290500266891183, -6.542484075462315474, -3.047169777126110812 ) ) ;
#2285 = CARTESIAN_POINT ( 'NONE',  ( -1.383888756180926327, -6.994154336040913300, 2.869940393453894067 ) ) ;
#2286 = CARTESIAN_POINT ( 'NONE',  ( 0.4155655710777053646, -4.034372736705183371, 3.154483018427218788 ) ) ;
#2287 = EDGE_CURVE ( 'NONE', #2321, #254, #829, .T. ) ;
#2288 = VERTEX_POINT ( 'NONE', #6518 ) ;
#2289 = CARTESIAN_POINT ( 'NONE',  ( -2.598076211353317344, -0.4999999999999995559, 4.499999999999999112 ) ) ;
#2290 = CARTESIAN_POINT ( 'NONE',  ( -1.046060903667665354, -4.082520227827719062, -2.525414420702734475 ) ) ;
#2291 = DIRECTION ( 'NONE',  ( 0.000000000000000000, 1.000000000000000000, -2.891205793294680298E-16 ) ) ;
#2292 = CARTESIAN_POINT ( 'NONE',  ( -1.046060903667665354, -6.036366381673719417, -2.525414420702734475 ) ) ;
#2293 = CARTESIAN_POINT ( 'NONE',  ( -1.046349696280373331, -5.468200045279106192, -3.009086889295152112 ) ) ;
#2294 = CARTESIAN_POINT ( 'NONE',  ( -1.704636374146330402, -6.009237883801859859, 2.627316804990342813 ) ) ;
#2295 = VERTEX_POINT ( 'NONE', #1478 ) ;
#2296 = CARTESIAN_POINT ( 'NONE',  ( -0.8070971375544091497, -8.321182697435389741, -3.014965247588844210 ) ) ;
#2297 = ORIENTED_EDGE ( 'NONE', *, *, #631, .F. ) ;
#2298 = CARTESIAN_POINT ( 'NONE',  ( 2.443099146032160718, -3.306977300384851048, -1.011964800508647455 ) ) ;
#2299 = CARTESIAN_POINT ( 'NONE',  ( -2.525372524329752899, -7.331943621479132034, -1.935458483811090202 ) ) ;
#2300 = CARTESIAN_POINT ( 'NONE',  ( 2.755410502897843283, -4.868693215562392318, 1.590988945280430888 ) ) ;
#2301 = CARTESIAN_POINT ( 'NONE',  ( 0.8249822240495048309, -4.672813238848081419, -3.021005974660941451 ) ) ;
#2302 = CARTESIAN_POINT ( 'NONE',  ( 0.4225431516862995229, -5.011034714684161173, 3.157733827195768672 ) ) ;
#2303 = CARTESIAN_POINT ( 'NONE',  ( 1.046060903667665798, -4.392479772173036423, 2.525414420702734031 ) ) ;
#2304 = ORIENTED_EDGE ( 'NONE', *, *, #6694, .F. ) ;
#2305 = CARTESIAN_POINT ( 'NONE',  ( -3.073658170931254929, -4.338944112252758778, -0.8223059136279521342 ) ) ;
#2306 = CARTESIAN_POINT ( 'NONE',  ( 0.3640889962219895359, -7.580072889497285971, -3.109986928657067828 ) ) ;
#2307 = B_SPLINE_CURVE_WITH_KNOTS ( 'NONE', 3,
 ( #24, #3464, #6701, #674, #4613, #6845, #1804, #2804, #536, #1188, #6147, #5595, #5052, #5015, #6769, #1114, #2253, #5120, #4500, #6735, #4577, #3937, #3431, #6256, #5670, #640, #2875, #3391, #5633, #94, #2324, #6812, #4014, #2538, #5743, #6952, #4683, #816, #4647, #7024, #3062, #4157, #4791, #4196, #5885, #3501, #5814, #712, #3535, #1296, #6398, #779, #1879, #1915, #2951, #1366, #3023, #5333, #4047, #3605, #5849, #5262, #6918, #1404, #306, #5298, #1257, #6364, #6290, #268, #851, #5191, #1330, #3570, #163, #2395, #6878, #2432, #4082, #1840, #6328, #2503, #5777, #4120, #745, #5225, #2987, #196, #4754, #235, #2468, #4719, #6985, #1947, #6434, #3638, #3095, #3926, #5412, #6550, #4900, #6721, #5618, #6474, #2100, #925, #3172, #2825, #7134, #5958, #3750, #5918, #1472, #6510, #4351, #5996, #7096, #6589, #1438, #1548, #964, #4273, #1989, #3131, #1682, #3212, #4868, #6169, #3378, #3786, #3673, #4310, #588, #6032, #1138, #885, #1510, #5448, #4233, #5072, #4832, #387, #2027, #2651, #423, #999, #5370, #2062, #347, #2614, #2577, #7061, #3246, #3710, #5482, #458, #2691, #4936, #7172, #2138, #4485, #2271, #3451, #43, #6313, #4667, #3557, #4524, #151, #6241, #1208, #764, #2936, #4000, #5141, #5797, #4105, #3006, #3522, #115, #6756, #5178, #5690, #660, #6351, #4033, #1754, #2898, #1715, #2347, #2415, #3413, #1861, #1317, #3959, #6204, #4598, #1172, #2380, #624, #4561, #4632, #1281, #5655, #6795, #2858, #5765, #2972, #1789, #733, #5107, #6864, #182, #3484, #1824, #4067, #80, #2306, #5727, #6833, #5211, #6276, #1242, #696, #6901, #2454, #256, #5321, #1352, #5245, #5353, #5981, #5394, #7081, #4705, #5285, #5906, #2525, #330, #6940, #3082, #1902, #3117, #949, #1424, #4295, #4142, #1388, #6534, #4813, #372, #6386, #2599, #1973, #218, #3624, #3590, #4256 ),
 .UNSPECIFIED., .F., .F.,
 ( 4, 2, 2, 2, 2, 2, 2, 2, 2, 2, 2, 2, 2, 2, 2, 2, 2, 2, 2, 2, 2, 2, 2, 2, 2, 2, 2, 2, 2, 2, 2, 2, 2, 2, 2, 2, 2, 2, 2, 2, 2, 2, 2, 2, 2, 2, 2, 2, 2, 2, 2, 2, 2, 2, 2, 2, 2, 2, 2, 2, 2, 2, 2, 2, 2, 2, 2, 2, 2, 2, 2, 2, 2, 2, 2, 2, 2, 2, 2, 2, 2, 2, 2, 2, 2, 2, 2, 2, 2, 2, 2, 2, 2, 2, 2, 2, 2, 2, 2, 2, 2, 2, 2, 2, 2, 2, 2, 2, 2, 2, 2, 2, 2, 2, 2, 2, 2, 2, 2, 2, 2, 2, 2, 2, 2, 2, 2, 2, 4 ),
 ( 6.459440700824293157E-16, 0.0007573077993684534069, 0.001514615598736260846, 0.002271923398104066984, 0.003029231197471873773, 0.003786538996839680996, 0.004543846796207488652, 0.005301154595575297175, 0.006058462394943103096, 0.006815770194310909885, 0.007573077993678715807, 0.008330385793046519993, 0.009087693592414326782, 0.009845001391782135305, 0.01060230919114994209, 0.01135961699051774888, 0.01211692478988555741, 0.01287423258925336246, 0.01363154038862116925, 0.01438884818798897777, 0.01514615598735678456, 0.01590346378672459135, 0.01666077158609239814, 0.01741807938546020493, 0.01817538718482801172, 0.01893269498419582197, 0.01969000278356362876, 0.02044731058293143902, 0.02120461838229924581, 0.02196192618166705260, 0.02271923398103485939, 0.02347654178040266618, 0.02423384957977047297, 0.02499115737913827975, 0.02574846517850608654, 0.02650577297787389333, 0.02726308077724170012, 0.02802038857660950691, 0.02877769637597731370, 0.02953500417534512049, 0.03029231197471292727, 0.03104961977408073753, 0.03180692757344854432, 0.03256423537281635111, 0.03332154317218415790, 0.03407885097155196469, 0.03483615877091977148, 0.03559346657028757827, 0.03635077436965538505, 0.03710808216902319878, 0.03786538996839100557, 0.03862269776775881236, 0.03938000556712661915, 0.04013731336649442594, 0.04089462116586223273, 0.04165192896523003951, 0.04240923676459785324, 0.04316654456396566003, 0.04392385236333346682, 0.04468116016270127361, 0.04543846796206908040, 0.04619577576143688719, 0.04695308356080469397, 0.04771039136017250076, 0.04846769915954030755, 0.04922500695890811434, 0.04998231475827592113, 0.05073962255764372792, 0.05149693035701153471, 0.05225423815637934150, 0.05301154595574714828, 0.05376885375511495507, 0.05452616155448276186, 0.05528346935385057559, 0.05604077715321838238, 0.05679808495258618917, 0.05755539275195399596, 0.05831270055132180274, 0.05907000835068960953, 0.05982731615005741632, 0.06058462394942522311, 0.06134193174879302990, 0.06209923954816083669, 0.06285654734752865735, 0.06361385514689646414, 0.06437116294626427093, 0.06512847074563207772, 0.06588577854499988451, 0.06664308634436769130, 0.06740039414373549809, 0.06815770194310330488, 0.06891500974247111166, 0.06967231754183891845, 0.07042962534120672524, 0.07118693314057453203, 0.07194424093994233882, 0.07270154873931014561, 0.07345885653867796627, 0.07421616433804577306, 0.07497347213741357985, 0.07573077993678138664, 0.07648808773614919343, 0.07724539553551700022, 0.07800270333488480701, 0.07876001113425261380, 0.07951731893362042058, 0.08027462673298822737, 0.08103193453235603416, 0.08178924233172384095, 0.08254655013109164774, 0.08330385793045945453, 0.08406116572982726132, 0.08481847352919506811, 0.08557578132856287489, 0.08633308912793068168, 0.08709039692729848847, 0.08784770472666629526, 0.08860501252603410205, 0.08936232032540190884, 0.09011962812476971563, 0.09087693592413753629, 0.09163424372350534308, 0.09239155152287314987, 0.09314885932224095666, 0.09390616712160876345, 0.09466347492097657024, 0.09542078272034437703, 0.09617809051971218381, 0.09693539831907997673 ),
 .UNSPECIFIED. ) ;
#2308 = AXIS2_PLACEMENT_3D ( 'NONE', #1640, #4994, #442 ) ;
#2309 = CARTESIAN_POINT ( 'NONE',  ( 2.525414420702734031, -6.224210541403662589, 1.046060903667665798 ) ) ;
#2310 = CARTESIAN_POINT ( 'NONE',  ( 2.308734071506168996E-11, -3.565589603062983670, -3.174999999999999822 ) ) ;
#2311 = CARTESIAN_POINT ( 'NONE',  ( -2.523797135542054537, -7.126579415404340700, 1.937622479054541547 ) ) ;
#2312 = CARTESIAN_POINT ( 'NONE',  ( 1.929663307796780858, -8.418606113878105646, -2.335749609862711296 ) ) ;
#2313 = CARTESIAN_POINT ( 'NONE',  ( 1.462590868671753697, -7.975161936432328957, 2.769188740680664118 ) ) ;
#2314 = AXIS2_PLACEMENT_3D ( 'NONE', #801, #6495, #1495 ) ;
#2315 = CARTESIAN_POINT ( 'NONE',  ( 0.8192902461283027016, -7.861078055261947917, 3.079037331024587765 ) ) ;
#2316 = ADVANCED_FACE ( 'NONE', ( #932 ), #5418, .F. ) ;
#2317 = AXIS2_PLACEMENT_3D ( 'NONE', #4431, #2040, #7110 ) ;
#2318 = CARTESIAN_POINT ( 'NONE',  ( 2.245064030267288402, -6.801923076923255707, 2.245064030267288402 ) ) ;
#2319 = CARTESIAN_POINT ( 'NONE',  ( 2.773101850365458532, 3.999999999999999112, -10.55081359889071457 ) ) ;
#2320 = CARTESIAN_POINT ( 'NONE',  ( 1.059930555722502055, -3.940612344371157150, 2.995777575542287519 ) ) ;
#2321 = VERTEX_POINT ( 'NONE', #3756 ) ;
#2322 = CARTESIAN_POINT ( 'NONE',  ( 1.171385604244947309, -6.987686912134943640, 2.962657428763717515 ) ) ;
#2323 = CARTESIAN_POINT ( 'NONE',  ( -2.966757309965046829, -7.110345954670020951, 1.161343218205856731 ) ) ;
#2324 = CARTESIAN_POINT ( 'NONE',  ( 1.736445331461377917, -4.051340317021868920, 2.605878205698332728 ) ) ;
#2325 = FACE_OUTER_BOUND ( 'NONE', #35, .T. ) ;
#2326 = DIRECTION ( 'NONE',  ( 0.000000000000000000, -1.000000000000000000, 0.000000000000000000 ) ) ;
#2327 = CARTESIAN_POINT ( 'NONE',  ( 1.785737662185200136, -4.265693304750781678, -1.785737662185199692 ) ) ;
#2328 = CARTESIAN_POINT ( 'NONE',  ( 3.012210586038909010, -7.666820626695202812, -1.024801289270771409 ) ) ;
#2329 = CARTESIAN_POINT ( 'NONE',  ( 3.092740686834170350E-16, -4.143577920135406600, -2.525414420702734031 ) ) ;
#2330 = CARTESIAN_POINT ( 'NONE',  ( -0.4077260542707986657, -5.589086353168044141, -3.097058795935035747 ) ) ;
#2331 = B_SPLINE_CURVE_WITH_KNOTS ( 'NONE', 3,
 ( #6442, #5855, #2511, #3068, #785, #5782, #750, #2546, #4089, #6334, #1302, #1336, #5892, #2475, #5196, #4127, #4688, #6925, #5306, #4761, #2992, #5230, #4799, #1885, #3575, #3029, #5269, #859, #1920, #241, #4162, #3646, #3102, #5341 ),
 .UNSPECIFIED., .F., .F.,
 ( 4, 2, 2, 2, 2, 2, 2, 2, 2, 2, 2, 2, 2, 2, 2, 2, 4 ),
 ( 0.05635705654149560789, 0.05698331943051467702, 0.05760958231953373920, 0.05823584520855280833, 0.05886210809757187745, 0.05948837098659093964, 0.06011463387561000876, 0.06074089676462907095, 0.06136715965364814007, 0.06199342254266720920, 0.06261968543168627832, 0.06324594832070534745, 0.06387221120972440269, 0.06449847409874347182, 0.06512473698776254094, 0.06575099987678161007, 0.06637726276580067919 ),
 .UNSPECIFIED. ) ;
#2332 = ADVANCED_FACE ( 'NONE', ( #6000 ), #2979, .T. ) ;
#2333 = CARTESIAN_POINT ( 'NONE',  ( -2.798858814484812108, -6.174246829548284410, 1.522048497759427743 ) ) ;
#2334 = ORIENTED_EDGE ( 'NONE', *, *, #5566, .F. ) ;
#2335 = CARTESIAN_POINT ( 'NONE',  ( -0.8691405556513466246, -3.470057243631895272, -4.499999999999999112 ) ) ;
#2336 = VERTEX_POINT ( 'NONE', #5497 ) ;
#2337 = CARTESIAN_POINT ( 'NONE',  ( 2.991933549187917236E-16, -4.100727300384789054, -2.443099146032160274 ) ) ;
#2338 = CARTESIAN_POINT ( 'NONE',  ( -0.4141521352172509718, -7.454207959137989725, -3.154832478261325512 ) ) ;
#2339 = AXIS2_PLACEMENT_3D ( 'NONE', #4414, #4526, #6650 ) ;
#2340 = DIRECTION ( 'NONE',  ( 1.000000000000000000, 0.000000000000000000, 3.026521842945509783E-28 ) ) ;
#2341 = ADVANCED_FACE ( 'NONE', ( #5425 ), #795, .F. ) ;
#2342 = CARTESIAN_POINT ( 'NONE',  ( 1.757726050631737369, -4.725259888619050663, -2.591866287405462987 ) ) ;
#2343 = CARTESIAN_POINT ( 'NONE',  ( 2.882112903376524038, -4.794624638689302110, 1.357639317868905682 ) ) ;
#2344 = CARTESIAN_POINT ( 'NONE',  ( 1.785737662185200136, -4.331422079865348884, 1.785737662185200136 ) ) ;
#2345 = VERTEX_POINT ( 'NONE', #2707 ) ;
#2346 = CARTESIAN_POINT ( 'NONE',  ( -2.853152587990045230, -4.227234601492861010, 1.408492874932603778 ) ) ;
#2347 = CARTESIAN_POINT ( 'NONE',  ( 0.4187157597383042162, -7.054070051283897413, 3.103087932435573570 ) ) ;
#2348 = AXIS2_PLACEMENT_3D ( 'NONE', #6528, #1053, #4846 ) ;
#2349 = ADVANCED_FACE ( 'NONE', ( #1086 ), #4396, .T. ) ;
#2350 = CARTESIAN_POINT ( 'NONE',  ( -1.046060903667665354, -3.904018233711537444, -2.525414420702734475 ) ) ;
#2351 = CARTESIAN_POINT ( 'NONE',  ( 2.854277334986872194, -6.669685154945069527, -1.405881592306496897 ) ) ;
#2352 = CARTESIAN_POINT ( 'NONE',  ( 0.9276788872690001631, -3.500000000000003997, -2.941367668687551618 ) ) ;
#2353 = CARTESIAN_POINT ( 'NONE',  ( -3.088583172747316752, -8.142336056736059646, -0.5198543230081257294 ) ) ;
#2354 = CARTESIAN_POINT ( 'NONE',  ( 1.315128060534577203, -4.542788461538818545, -3.174999999999999378 ) ) ;
#2355 = CARTESIAN_POINT ( 'NONE',  ( 3.174897025309932008, -3.800640395152559137, -0.2094481717904403406 ) ) ;
#2356 = CARTESIAN_POINT ( 'NONE',  ( -3.131809346842975739, -4.210147274933333073, -0.01017590722964938597 ) ) ;
#2357 = ORIENTED_EDGE ( 'NONE', *, *, #1831, .T. ) ;
#2358 = CARTESIAN_POINT ( 'NONE',  ( 2.253404319502421149, -6.923667408874512930, 2.240513895317072901 ) ) ;
#2359 = CARTESIAN_POINT ( 'NONE',  ( -3.160924204847519459, -7.187035172721358833, -0.3983851662300196272 ) ) ;
#2360 = CARTESIAN_POINT ( 'NONE',  ( 0.000000000000000000, 3.999999999999999112, -6.499999999999999112 ) ) ;
#2361 = CARTESIAN_POINT ( 'NONE',  ( -0.8070971375544091497, -8.321182697435389741, -3.014965247588844210 ) ) ;
#2362 = CARTESIAN_POINT ( 'NONE',  ( 0.3714435463337850130, -8.821040222250205787, -2.601518650916001540 ) ) ;
#2363 = CARTESIAN_POINT ( 'NONE',  ( 2.525414420702734031, -3.410885612443156578, 1.546370343417085175E-16 ) ) ;
#2364 = CARTESIAN_POINT ( 'NONE',  ( -1.267883268210664882, -8.026000403688575702, 2.922329961308517188 ) ) ;
#2365 = DIRECTION ( 'NONE',  ( 0.000000000000000000, 0.000000000000000000, 1.000000000000000000 ) ) ;
#2366 = CARTESIAN_POINT ( 'NONE',  ( 2.755240024967488210, -5.906572023722489462, 1.583103265417399985 ) ) ;
#2367 = CARTESIAN_POINT ( 'NONE',  ( -1.121123112376813058, -5.976037436126812707, 2.915681748495640324 ) ) ;
#2368 = EDGE_LOOP ( 'NONE', ( #6962, #2806, #4132, #3307, #3779, #1067 ) ) ;
#2369 = DIRECTION ( 'NONE',  ( 0.000000000000000000, 2.003086131649546443E-16, -1.000000000000000000 ) ) ;
#2370 = ORIENTED_EDGE ( 'NONE', *, *, #5079, .F. ) ;
#2371 = CARTESIAN_POINT ( 'NONE',  ( 2.443099146032160274, -8.159849622692590287, 1.495966774593958618E-16 ) ) ;
#2372 = CARTESIAN_POINT ( 'NONE',  ( 0.000000000000000000, -0.4999999999999995559, 4.500000000000000888 ) ) ;
#2373 = DIRECTION ( 'NONE',  ( -0.8660254037844387076, 0.000000000000000000, 0.4999999999999999445 ) ) ;
#2374 = CARTESIAN_POINT ( 'NONE',  ( 3.028270512314036544, -4.799331284057892333, -0.9891752714470138930 ) ) ;
#2375 = CARTESIAN_POINT ( 'NONE',  ( -1.841885393633256873, -5.066772715478947475, 2.599487598629001806 ) ) ;
#2376 = CARTESIAN_POINT ( 'NONE',  ( -3.073450284785862241, -6.212495923081889693, 0.8231207951896685193 ) ) ;
#2377 = EDGE_LOOP ( 'NONE', ( #6899, #6995, #6115 ) ) ;
#2378 = CARTESIAN_POINT ( 'NONE',  ( 2.392218540682033989, -7.605615394566567211, -2.097949413146120268 ) ) ;
#2379 = ADVANCED_FACE ( 'NONE', ( #6563 ), #7129, .T. ) ;
#2380 = CARTESIAN_POINT ( 'NONE',  ( -2.485584793119409053, -7.216052396012203829, 1.904434667605322762 ) ) ;
#2381 = ADVANCED_FACE ( 'NONE', ( #2182 ), #5494, .F. ) ;
#2382 = CARTESIAN_POINT ( 'NONE',  ( -1.785737662185199692, -2.866037464480848840, -1.785737662185200358 ) ) ;
#2383 = CARTESIAN_POINT ( 'NONE',  ( -1.727531973270403975, -4.862734238077466742, -1.727531973270404198 ) ) ;
#2384 = CARTESIAN_POINT ( 'NONE',  ( -0.2586450216274774339, -7.973758372165891117, 3.174999999998871836 ) ) ;
#2385 = DIRECTION ( 'NONE',  ( -0.000000000000000000, -1.000000000000000000, -1.836970198721029688E-16 ) ) ;
#2386 = CARTESIAN_POINT ( 'NONE',  ( 2.052910313254933339, -3.499999999999999556, -2.111761094123682625 ) ) ;
#2387 = CARTESIAN_POINT ( 'NONE',  ( -1.315128060534579202, -5.031250000000317080, 3.174999999999999378 ) ) ;
#2388 = CC_DESIGN_APPROVAL ( #3906, ( #6062 ) ) ;
#2389 = B_SPLINE_CURVE_WITH_KNOTS ( 'NONE', 3,
 ( #6296, #1266, #4125, #5195, #4723, #6956, #4161, #5709, #822, #3066, #1409, #1953, #6440, #2917, #135, #2364, #6884, #1845, #4088, #1551 ),
 .UNSPECIFIED., .F., .F.,
 ( 4, 2, 2, 2, 2, 2, 2, 2, 2, 4 ),
 ( 0.000000000000000000, 0.0007816113160314701802, 0.001563222632062940360, 0.001954028290078675505, 0.002344833948094410432, 0.003126445264125880287, 0.003908056580157350142, 0.004689667896188819997, 0.005471279212220289852, 0.006252890528251758839 ),
 .UNSPECIFIED. ) ;
#2390 = CARTESIAN_POINT ( 'NONE',  ( -1.023338782546446168, -6.445743533673834236, -3.012671465036524054 ) ) ;
#2391 = CARTESIAN_POINT ( 'NONE',  ( -1.614137690885620424, -4.137424518088666403, 2.737239320950031196 ) ) ;
#2392 = EDGE_LOOP ( 'NONE', ( #1592, #2304 ) ) ;
#2393 = CARTESIAN_POINT ( 'NONE',  ( 0.4103554661564882133, -6.966004889945293321, 3.159115940349961793 ) ) ;
#2394 = CARTESIAN_POINT ( 'NONE',  ( -1.799142844102918470, -7.288575465080587179, -2.563500446502048558 ) ) ;
#2395 = CARTESIAN_POINT ( 'NONE',  ( 3.073754118694759896, -4.905259520603607371, 0.5973244715274805827 ) ) ;
#2396 = B_SPLINE_CURVE_WITH_KNOTS ( 'NONE', 3,
 ( #5565, #6258, #2362, #2771, #1665, #3908 ),
 .UNSPECIFIED., .F., .F.,
 ( 4, 2, 4 ),
 ( 0.004621346448955498780, 0.005184840970669016107, 0.005748335492382533433 ),
 .UNSPECIFIED. ) ;
#2397 = CARTESIAN_POINT ( 'NONE',  ( -2.673020401923612344, -8.031360188723088100, 1.630801351148342127 ) ) ;
#2398 = FACE_OUTER_BOUND ( 'NONE', #4207, .T. ) ;
#2399 = CARTESIAN_POINT ( 'NONE',  ( 1.046060903667665798, -5.547904843212219106, 2.525414420702734031 ) ) ;
#2400 = DIRECTION ( 'NONE',  ( -1.445602896647340642E-16, 2.503857664561933855E-16, -1.000000000000000000 ) ) ;
#2401 = CARTESIAN_POINT ( 'NONE',  ( 0.000000000000000000, -3.499999999999999556, 0.000000000000000000 ) ) ;
#2402 = CARTESIAN_POINT ( 'NONE',  ( -0.2007414341634274346, -6.017676232336081732, 3.179525276372854758 ) ) ;
#2403 = CARTESIAN_POINT ( 'NONE',  ( -2.329528415448547385, -6.368938908993850845, -2.173267829393222605 ) ) ;
#2404 = VERTEX_POINT ( 'NONE', #6116 ) ;
#2405 = CARTESIAN_POINT ( 'NONE',  ( 2.392356346301963477, -4.899729841253880558, 2.097681276852588095 ) ) ;
#2406 = ORIENTED_EDGE ( 'NONE', *, *, #5807, .F. ) ;
#2407 = CARTESIAN_POINT ( 'NONE',  ( -3.015987907882178298, -8.216621284438604178, 1.025890116127574636 ) ) ;
#2408 = CARTESIAN_POINT ( 'NONE',  ( -3.174927330311560603, -7.219853294661459309, 0.2098453643664331680 ) ) ;
#2409 = DIRECTION ( 'NONE',  ( 0.000000000000000000, -1.000000000000000000, 2.168404344971008868E-16 ) ) ;
#2410 = CARTESIAN_POINT ( 'NONE',  ( 3.025829092785166541, -4.916099001576846206, 0.8069714077435713451 ) ) ;
#2411 = CARTESIAN_POINT ( 'NONE',  ( 0.4109397075925091403, -4.922419131187708352, 3.104733442980227132 ) ) ;
#2412 = CARTESIAN_POINT ( 'NONE',  ( -1.936910393980532108, -6.110878836155799299, 2.524248382975553540 ) ) ;
#2413 = ORIENTED_EDGE ( 'NONE', *, *, #2436, .F. ) ;
#2414 = CARTESIAN_POINT ( 'NONE',  ( -2.755786580675090303, -4.380720965997592309, -1.590476673252888773 ) ) ;
#2415 = CARTESIAN_POINT ( 'NONE',  ( 0.1627897155282470310, -7.066392015967588591, 3.126999163124308811 ) ) ;
#2416 = CARTESIAN_POINT ( 'NONE',  ( 3.092740686834170350E-16, -4.941999002942223385, -2.525414420702734031 ) ) ;
#2417 = EDGE_CURVE ( 'NONE', #5717, #4475, #940, .T. ) ;
#2418 = CARTESIAN_POINT ( 'NONE',  ( 2.525414420702734031, -6.102095156788285735, -1.046060903667665576 ) ) ;
#2419 = CARTESIAN_POINT ( 'NONE',  ( 2.523683100729258832, -6.638640113197087800, -1.937788321838986194 ) ) ;
#2420 = CARTESIAN_POINT ( 'NONE',  ( 0.6648649555582761828, -4.110842088556069918, 3.060436299835837648 ) ) ;
#2421 = CARTESIAN_POINT ( 'NONE',  ( 0.000000000000000000, -8.267307692307751310, 3.174999999999999822 ) ) ;
#2422 = CARTESIAN_POINT ( 'NONE',  ( 0.3816737556935813624, -8.359837588233746786, -3.064759922688728544 ) ) ;
#2423 = EDGE_CURVE ( 'NONE', #4439, #615, #453, .T. ) ;
#2424 = CIRCLE ( 'NONE', #6653, 3.870567856518484007 ) ;
#2425 = CARTESIAN_POINT ( 'NONE',  ( -3.174999999999999378, -6.130288461538693667, 1.315128060534577648 ) ) ;
#2426 = CIRCLE ( 'NONE', #5485, 2.493116817939212471 ) ;
#2427 = CARTESIAN_POINT ( 'NONE',  ( -0.4132462174901439522, -6.476796869107338317, -3.154940249869093716 ) ) ;
#2428 = CARTESIAN_POINT ( 'NONE',  ( -2.784463980316614240, -4.316102682534476820, -1.531281368331479875 ) ) ;
#2429 = EDGE_LOOP ( 'NONE', ( #6748, #5824, #694, #5222 ) ) ;
#2430 = CARTESIAN_POINT ( 'NONE',  ( -2.576985030185607872, -7.131136870063313538, 1.872913785387783081 ) ) ;
#2431 = CARTESIAN_POINT ( 'NONE',  ( -0.7358514001472457045, -7.348034037019234077, -3.035895314967209657 ) ) ;
#2432 = CARTESIAN_POINT ( 'NONE',  ( 2.840416868270108530, -4.943848843951409222, 1.317726997164101688 ) ) ;
#2433 = AXIS2_PLACEMENT_3D ( 'NONE', #4086, #4794, #1917 ) ;
#2434 = CARTESIAN_POINT ( 'NONE',  ( -2.795705530957178109, -8.044157460443543073, 1.410644159963445832 ) ) ;
#2435 = CARTESIAN_POINT ( 'NONE',  ( 3.897114317029997110, 3.999999999999998224, -2.249999999999964917 ) ) ;
#2436 = EDGE_CURVE ( 'NONE', #6232, #2984, #1613, .T. ) ;
#2437 = CARTESIAN_POINT ( 'NONE',  ( 1.011964800508647899, -8.069477300384475527, -2.443099146032160718 ) ) ;
#2438 = LINE ( 'NONE', #4201, #5872 ) ;
#2439 = FACE_OUTER_BOUND ( 'NONE', #3987, .T. ) ;
#2440 = CARTESIAN_POINT ( 'NONE',  ( 1.564294844127209760, -5.928120771464229222, 2.775323266617933271 ) ) ;
#2441 = CARTESIAN_POINT ( 'NONE',  ( -1.999572761318317182, -6.298988623290219024, -2.399974902751882411 ) ) ;
#2442 = ORIENTED_EDGE ( 'NONE', *, *, #4545, .F. ) ;
#2443 = CARTESIAN_POINT ( 'NONE',  ( 0.2092586000164256832, -5.021805022422271669, 3.175000000000001599 ) ) ;
#2444 = B_SPLINE_CURVE_WITH_KNOTS ( 'NONE', 3,
 ( #2361, #6223, #2988, #2952, #5226, #5192, #4614, #4121, #6813, #1770, #4015, #4048, #6291, #1262, #164, #2434, #2397, #4684, #6921, #1881, #6365, #6436, #4158, #927, #2615, #1439, #3174, #3214, #2579, #7097, #3132, #6513, #2028, #6986, #3606, #1916, #5372, #3711, #1367, #4755, #5851, #5449, #424, #4833, #4197, #3676, #6475, #2504, #5960, #1991, #2539, #2065, #1512, #3096, #4234, #7062, #2652, #5919, #1405, #4311, #3752, #307, #5413, #1948, #818, #6399, #6953, #3639, #5886, #6551, #5997, #388, #4274, #854, #5334, #965, #1473, #886, #4869, #349, #4793, #3063, #5301, #7026, #269, #4353, #7135, #2102, #4902, #6590, #1549, #2562, #2637, #3773, #6459, #4257, #1974, #6017, #443, #6535, #985, #1496, #3734, #950, #6496, #2675, #5982, #1460, #7009, #7047, #3660, #1425, #6053, #3697, #4853, #6574, #3196, #5435, #1536, #873, #4777, #2050, #2012, #1020, #4815, #5942, #3158, #407, #5907, #3231, #3269, #4887, #4296, #909, #7118, #5396, #5506, #373, #4219, #3118, #4373, #2600, #7082, #4335, #2086, #5468, #4922, #7157, #2125, #331, #6609, #1567, #482, #5354, #3809, #3597, #6426, #4712, #5327, #3052, #4303, #225, #2532, #6946, #262, #5292, #879, #4783, #5878, #5912, #2461, #3124, #7017, #2056, #3742, #5363, #339, #6979, #3631, #845, #2570, #4824, #5253, #3088, #6542, #7055, #4859, #1908, #299, #1980, #3013, #1503, #5841, #1395, #807, #4148, #6392, #6465, #2019, #1359, #2496, #1941, #771, #4747, #3667, #4186, #4227, #1431, #4264, #6503, #1466, #3703, #3164, #2607, #5949, #917, #5405, #380, #7088, #450, #3344, #4928, #7165, #6720, #1609, #1573, #957, #2683, #2723, #4968, #4379, #5581, #6615, #2239, #6583, #1102, #2165, #4343, #3203, #2132, #3816, #6059, #553, #2093, #2787, #8, #5036, #4484, #1029, #1681, #3852, #1542, #3237, #3276, #5989, #7202, #2644, #5442 ),
 .UNSPECIFIED., .F., .F.,
 ( 4, 2, 2, 2, 2, 2, 2, 2, 2, 2, 2, 2, 2, 2, 2, 2, 2, 2, 2, 2, 2, 2, 2, 2, 2, 2, 2, 2, 2, 2, 2, 2, 2, 2, 2, 2, 2, 2, 2, 2, 2, 2, 2, 2, 2, 2, 2, 2, 2, 2, 2, 2, 2, 2, 2, 2, 2, 2, 2, 2, 2, 2, 2, 2, 2, 2, 2, 2, 2, 2, 2, 2, 2, 2, 2, 2, 2, 2, 2, 2, 2, 2, 2, 2, 2, 2, 2, 2, 2, 2, 2, 2, 2, 2, 2, 2, 2, 2, 2, 2, 2, 2, 2, 2, 2, 2, 2, 2, 2, 2, 2, 2, 2, 2, 2, 2, 2, 2, 2, 2, 2, 2, 2, 2, 2, 2, 2, 2, 4 ),
 ( 9.784887064983188613E-18, 0.0007640602699571589487, 0.001528120539914308140, 0.002292180809871457656, 0.003056241079828606738, 0.003820301349785755387, 0.004584361619742904903, 0.005348421889700053986, 0.006112482159657203068, 0.006876542429614351283, 0.007640602699571500366, 0.008404662969528650315, 0.009168723239485801133, 0.009932783509442950215, 0.01069684377940009930, 0.01146090404935724838, 0.01222496431931439746, 0.01298902458927154654, 0.01375308485922869389, 0.01451714512918584297, 0.01528120539914299206, 0.01604526566910014287, 0.01680932593905729022, 0.01757338620901444104, 0.01833744647897159186, 0.01910150674892873920, 0.01986556701888589002, 0.02062962728884303737, 0.02139368755880018819, 0.02215774782875733553, 0.02292180809871448635, 0.02368586836867163370, 0.02444992863862877758, 0.02521398890858592493, 0.02597804917854307574, 0.02674210944850022309, 0.02750616971845737391, 0.02827022998841452125, 0.02903429025837167207, 0.02979835052832881942, 0.03056241079828597024, 0.03132647106824311412, 0.03209053133820026493, 0.03285459160815741575, 0.03361865187811455963, 0.03438271214807171045, 0.03514677241802885432, 0.03591083268798600514, 0.03667489295794314902, 0.03743895322790030677, 0.03820301349785745759, 0.03896707376781460147, 0.03973113403777175229, 0.04049519430772890310, 0.04125925457768605392, 0.04202331484764319780, 0.04278737511760034862, 0.04355143538755749943, 0.04431549565751465025, 0.04507955592747179413, 0.04584361619742894495, 0.04660767646738609576, 0.04737173673734324658, 0.04813579700730039046, 0.04889985727725754128, 0.04966391754721469209, 0.05042797781717183597, 0.05119203808712898679, 0.05195609835708613761, 0.05272015862704328842, 0.05348421889700043230, 0.05424827916695758312, 0.05501233943691473394, 0.05577639970687188475, 0.05654045997682902863, 0.05730452024678617945, 0.05806858051674333027, 0.05883264078670048108, 0.05959670105665762496, 0.06036076132661477578, 0.06112482159657192660, 0.06188888186652907047, 0.06265294213648622823, 0.06341700240644337905, 0.06418106267640052987, 0.06494512294635768068, 0.06570918321631483150, 0.06647324348627196844, 0.06723730375622911926, 0.06800136402618627007, 0.06876542429614342089, 0.06952948456610057171, 0.07029354483605772252, 0.07105760510601487334, 0.07182166537597202416, 0.07258572564592916110, 0.07334978591588631192, 0.07411384618584347661, 0.07487790645580062743, 0.07564196672575777824, 0.07640602699571492906, 0.07717008726567206600, 0.07793414753562921682, 0.07869820780558636764, 0.07946226807554351845, 0.08022632834550066927, 0.08099038861545782009, 0.08175444888541497090, 0.08251850915537210784, 0.08328256942532925866, 0.08404662969528640948, 0.08481068996524356030, 0.08557475023520071111, 0.08633881050515786193, 0.08710287077511501275, 0.08786693104507216356, 0.08863099131502930050, 0.08939505158498645132, 0.09015911185494360214, 0.09092317212490075296, 0.09168723239485790377, 0.09245129266481505459, 0.09321535293477220541, 0.09397941320472934235, 0.09474347347468649316, 0.09550753374464364398, 0.09627159401460079480, 0.09703565428455794561, 0.09779971455451508255 ),
 .UNSPECIFIED. ) ;
#2445 = ORIENTED_EDGE ( 'NONE', *, *, #5749, .F. ) ;
#2446 = CARTESIAN_POINT ( 'NONE',  ( -0.2840489343197831751, -8.064583612224526021, 3.118692227309941334 ) ) ;
#2447 = DIRECTION ( 'NONE',  ( -3.026521842945509783E-28, -0.000000000000000000, 1.000000000000000000 ) ) ;
#2448 = CARTESIAN_POINT ( 'NONE',  ( -2.999999999999996891, 5.732050807568874085, -6.035898384862246502 ) ) ;
#2449 = AXIS2_PLACEMENT_3D ( 'NONE', #5890, #5338, #3137 ) ;
#2450 = CARTESIAN_POINT ( 'NONE',  ( 1.930536228894257134, -4.929564224393206295, 2.534251201895515671 ) ) ;
#2451 = CARTESIAN_POINT ( 'NONE',  ( -2.238781047125284029, -5.398031159907024978, -2.266797212225223568 ) ) ;
#2452 = CARTESIAN_POINT ( 'NONE',  ( -0.3882165267451062052, -3.499999999999999556, 2.495396947312249036 ) ) ;
#2453 = EDGE_LOOP ( 'NONE', ( #3694, #61, #5309, #6770, #545, #1350 ) ) ;
#2454 = CARTESIAN_POINT ( 'NONE',  ( 2.770120109507657968, -7.731084651761917392, -1.459726777965018707 ) ) ;
#2455 = CIRCLE ( 'NONE', #6910, 2.695916926119901191 ) ;
#2456 = CARTESIAN_POINT ( 'NONE',  ( -1.315128060534576537, -5.519711538461812061, -3.175000000000000266 ) ) ;
#2457 = CARTESIAN_POINT ( 'NONE',  ( 1.046060903667665798, -8.300172079865035357, 2.525414420702734031 ) ) ;
#2458 = CARTESIAN_POINT ( 'NONE',  ( -2.777676444320314353, -8.126694350976856995, 1.543381663407977333 ) ) ;
#2459 = CARTESIAN_POINT ( 'NONE',  ( 3.046715990918392514, -3.854741322240899049, 0.9028856497564765604 ) ) ;
#2460 = DIRECTION ( 'NONE',  ( -3.026521842945509783E-28, -0.000000000000000000, 1.000000000000000000 ) ) ;
#2461 = CARTESIAN_POINT ( 'NONE',  ( -2.944913746969711088, -5.132653738388108344, 1.064525858194275365 ) ) ;
#2462 = CIRCLE ( 'NONE', #6796, 3.000000000000001332 ) ;
#2463 = CARTESIAN_POINT ( 'NONE',  ( 1.315128060534576981, -3.932211538461943601, 3.174999999999999378 ) ) ;
#2464 = CARTESIAN_POINT ( 'NONE',  ( -2.853149072604415082, -6.323722477037496681, -1.408395420410255561 ) ) ;
#2465 = CARTESIAN_POINT ( 'NONE',  ( -2.649443243647091162, -4.389861437083666829, -1.754567788348971646 ) ) ;
#2466 = CARTESIAN_POINT ( 'NONE',  ( 1.859048371085885165, -6.948538393822411230, 2.587100469347863640 ) ) ;
#2467 = CARTESIAN_POINT ( 'NONE',  ( -0.2305353471178946123, -7.462476529582123597, -3.169389053287640312 ) ) ;
#2468 = CARTESIAN_POINT ( 'NONE',  ( -1.217089109991260187, -5.182455087693679019, 2.884970327839540438 ) ) ;
#2469 = ADVANCED_FACE ( 'NONE', ( #5533 ), #4878, .F. ) ;
#2470 = EDGE_CURVE ( 'NONE', #2926, #2780, #506, .T. ) ;
#2471 = DIRECTION ( 'NONE',  ( 1.000000000000000000, 0.000000000000000000, 0.000000000000000000 ) ) ;
#2472 = CARTESIAN_POINT ( 'NONE',  ( -3.154371589809202181, -5.255483334781825278, 0.4164513067648071276 ) ) ;
#2473 = CARTESIAN_POINT ( 'NONE',  ( -2.443099146032159830, -5.749284992692351715, 1.011964800508648343 ) ) ;
#2474 = CARTESIAN_POINT ( 'NONE',  ( 2.598076211353316456, -0.4999999999999995559, 4.499999999999999112 ) ) ;
#2475 = CARTESIAN_POINT ( 'NONE',  ( -3.013515020479820450, -5.326254049517417322, -1.021150762176910698 ) ) ;
#2476 = CARTESIAN_POINT ( 'NONE',  ( 2.194324310115068677, -5.890306212924651952, 2.309581833079973112 ) ) ;
#2477 = CARTESIAN_POINT ( 'NONE',  ( -0.4888785699507569027, -6.412366654179649572, -3.148358993658767258 ) ) ;
#2478 = VERTEX_POINT ( 'NONE', #4326 ) ;
#2479 = CARTESIAN_POINT ( 'NONE',  ( 2.393629073729574674, -4.674941751825397951, -2.096387314186272555 ) ) ;
#2480 = CONICAL_SURFACE ( 'NONE', #7173, 2.999999999999998224, 0.7853981633974500554 ) ;
#2481 = ORIENTED_EDGE ( 'NONE', *, *, #374, .T. ) ;
#2482 = CARTESIAN_POINT ( 'NONE',  ( 0.7421694300479104722, -8.014534060404461258, 3.042566457931318968 ) ) ;
#2483 = DIRECTION ( 'NONE',  ( 1.000000000000000000, 0.000000000000000000, 0.000000000000000000 ) ) ;
#2484 = CARTESIAN_POINT ( 'NONE',  ( 2.390859074251800109, -5.876760294964716635, 2.099372771762048728 ) ) ;
#2485 = CARTESIAN_POINT ( 'NONE',  ( 2.825843180435205326, -4.773074071510984062, -1.470884173520581095 ) ) ;
#2486 = CARTESIAN_POINT ( 'NONE',  ( -1.488893324069608948, -5.443256390316889792, -2.807331068712296318 ) ) ;
#2487 = DIRECTION ( 'NONE',  ( 0.000000000000000000, -1.000000000000000000, -0.000000000000000000 ) ) ;
#2488 = EDGE_LOOP ( 'NONE', ( #1240, #6793, #1533 ) ) ;
#2489 = CYLINDRICAL_SURFACE ( 'NONE', #325, 3.174999999999999822 ) ;
#2490 = CARTESIAN_POINT ( 'NONE',  ( 2.576392796731206070E-16, 0.5358983848622457247, -6.035898384862248278 ) ) ;
#2491 = CARTESIAN_POINT ( 'NONE',  ( 3.174999999999999378, -8.816826923076940048, 1.315128060534576981 ) ) ;
#2492 = CARTESIAN_POINT ( 'NONE',  ( 1.046060903667665798, -9.277095156788035979, 2.525414420702734031 ) ) ;
#2493 = CARTESIAN_POINT ( 'NONE',  ( 1.785737662185200136, -8.417616381673530768, 1.785737662185200136 ) ) ;
#2494 = CARTESIAN_POINT ( 'NONE',  ( 1.643973680168738571, -3.969679384220317964, 2.728683937832353745 ) ) ;
#2495 = DIRECTION ( 'NONE',  ( 0.000000000000000000, 0.000000000000000000, 1.000000000000000000 ) ) ;
#2496 = CARTESIAN_POINT ( 'NONE',  ( 2.094618269719222159, -4.568137398756509704, -2.327571833760636366 ) ) ;
#2497 = MANIFOLD_SOLID_BREP ( 'Fillet6', #3110 ) ;
#2498 = CARTESIAN_POINT ( 'NONE',  ( 2.525414420702734031, -9.211366381673469661, -1.046060903667665576 ) ) ;
#2499 = CARTESIAN_POINT ( 'NONE',  ( 0.2083434766425512064, -3.575819414772160254, -3.175000000000014477 ) ) ;
#2500 = CARTESIAN_POINT ( 'NONE',  ( -2.136097529818327345, -4.366955387857392346, -2.363707748478995896 ) ) ;
#2501 = CARTESIAN_POINT ( 'NONE',  ( 0.4622561573945185298, -7.495882509967888296, -3.143900776927581742 ) ) ;
#2502 = CARTESIAN_POINT ( 'NONE',  ( -0.3608751336160526679, -7.395402324275978323, -3.157185379366898026 ) ) ;
#2503 = CARTESIAN_POINT ( 'NONE',  ( 1.898760755310414217, -5.018330067948554074, 2.490012156658461873 ) ) ;
#2504 = CARTESIAN_POINT ( 'NONE',  ( 1.134982483660282870, -7.442026406599273614, -2.918241505432856986 ) ) ;
#2505 = CARTESIAN_POINT ( 'NONE',  ( -0.8499999999999999778, 3.999999999999999112, -6.499999999999999112 ) ) ;
#2506 =( LENGTH_UNIT ( ) NAMED_UNIT ( * ) SI_UNIT ( .MILLI., .METRE. ) );
#2507 = CARTESIAN_POINT ( 'NONE',  ( 2.443099146032160718, -5.382938838846225593, 1.011964800508647677 ) ) ;
#2508 = DIRECTION ( 'NONE',  ( 0.000000000000000000, 1.000000000000000000, 2.503857664561933855E-16 ) ) ;
#2509 = EDGE_CURVE ( 'NONE', #4692, #1602, #5023, .T. ) ;
#2510 = CARTESIAN_POINT ( 'NONE',  ( -2.999999999999996891, 5.732050807568873196, -4.464101615137753498 ) ) ;
#2511 = CARTESIAN_POINT ( 'NONE',  ( -0.4174434428025490806, -5.500198309003401675, -3.154279394457815577 ) ) ;
#2512 = CARTESIAN_POINT ( 'NONE',  ( 0.5802843351742404954, -5.980675293510038237, 3.132370409738131745 ) ) ;
#2513 = CARTESIAN_POINT ( 'NONE',  ( 1.057641816439739868, -6.461038298624576015, -2.939327995818103112 ) ) ;
#2514 = VERTEX_POINT ( 'NONE', #4286 ) ;
#2515 = CARTESIAN_POINT ( 'NONE',  ( 3.073255788036428182, -4.747066871988145031, -0.8239970937430841635 ) ) ;
#2516 = ORIENTED_EDGE ( 'NONE', *, *, #3306, .F. ) ;
#2517 = CARTESIAN_POINT ( 'NONE',  ( -2.672738748025382804, -8.177171495253238831, 1.733424683346418638 ) ) ;
#2518 = DIRECTION ( 'NONE',  ( 0.000000000000000000, 0.000000000000000000, -1.000000000000000000 ) ) ;
#2519 = CARTESIAN_POINT ( 'NONE',  ( -2.524234999317916284, 6.006733858783675828, -6.287101972904189928 ) ) ;
#2520 = CARTESIAN_POINT ( 'NONE',  ( 2.846767222452314172, -4.942226643116283569, 1.286011767899062130 ) ) ;
#2521 = CARTESIAN_POINT ( 'NONE',  ( -0.3576294244246090992, -5.441872259130490441, -3.165786314696122261 ) ) ;
#2522 = CARTESIAN_POINT ( 'NONE',  ( -5.000000000000000000, 1.500000000000000444, -4.000000000000000000 ) ) ;
#2523 = VERTEX_POINT ( 'NONE', #6526 ) ;
#2524 = FACE_OUTER_BOUND ( 'NONE', #6606, .T. ) ;
#2525 = CARTESIAN_POINT ( 'NONE',  ( 1.772470318336656359, -7.956851829657378694, 2.581381304823599621 ) ) ;
#2526 = CARTESIAN_POINT ( 'NONE',  ( -1.315128060534579202, -7.107211538461687184, 3.174999999999999378 ) ) ;
#2527 = CARTESIAN_POINT ( 'NONE',  ( -1.785737662185199692, -6.773729772172849550, -1.785737662185200358 ) ) ;
#2528 = EDGE_CURVE ( 'NONE', #3520, #5275, #4152, .T. ) ;
#2529 = CARTESIAN_POINT ( 'NONE',  ( -1.046060903667667574, -7.623866381673593651, 2.525414420702733587 ) ) ;
#2530 = CARTESIAN_POINT ( 'NONE',  ( 0.9256494881568423372, -4.009172590510020839, 3.048224916550966501 ) ) ;
#2531 = DIRECTION ( 'NONE',  ( 0.000000000000000000, 0.000000000000000000, 1.000000000000000000 ) ) ;
#2532 = CARTESIAN_POINT ( 'NONE',  ( -2.546243682355068927, -5.283700574910830561, -1.822542051671487862 ) ) ;
#2533 = CARTESIAN_POINT ( 'NONE',  ( -1.046060903667665354, -7.990212535519718884, -2.525414420702734475 ) ) ;
#2534 = DIRECTION ( 'NONE',  ( -1.000000000000000000, 0.000000000000000000, 0.000000000000000000 ) ) ;
#2535 = CARTESIAN_POINT ( 'NONE',  ( 3.035331798447358675, -4.678333509466188644, -0.9679973093118351413 ) ) ;
#2536 = CARTESIAN_POINT ( 'NONE',  ( -2.975714715220002304, -7.285177086439542649, -1.114846462712958619 ) ) ;
#2537 = CARTESIAN_POINT ( 'NONE',  ( -1.833956339260871093, -7.377189217370744068, -2.605101891533297298 ) ) ;
#2538 = CARTESIAN_POINT ( 'NONE',  ( 0.5732810790250492117, -4.115516580688975523, 3.078298166791958668 ) ) ;
#2539 = CARTESIAN_POINT ( 'NONE',  ( 0.1499937696528816089, -7.391672275500059897, -3.127758799663601152 ) ) ;
#2540 = CARTESIAN_POINT ( 'NONE',  ( -1.589162814979802496, -5.437624274840863414, -2.756566340363985290 ) ) ;
#2542 = CONICAL_SURFACE ( 'NONE', #1830, 4.500000000000000888, 1.134464013796316673 ) ;
#2541 = CALENDAR_DATE ( 2026, 16, 2 ) ;
#2543 = CARTESIAN_POINT ( 'NONE',  ( -1.727531973270403975, -6.909381146538414953, -1.727531973270404198 ) ) ;
#2544 = DIRECTION ( 'NONE',  ( -1.445602896647340642E-16, 2.503857664561933855E-16, -1.000000000000000000 ) ) ;
#2545 = CARTESIAN_POINT ( 'NONE',  ( 2.598076211353316456, -3.175378794048744346, 4.499999999999999112 ) ) ;
#2546 = CARTESIAN_POINT ( 'NONE',  ( -1.936887176543561573, -5.417539283111156401, -2.524265112352677143 ) ) ;
#2547 = CARTESIAN_POINT ( 'NONE',  ( -3.017955394745899245, -6.381598772384041496, -0.8061509096798932239 ) ) ;
#2548 = CARTESIAN_POINT ( 'NONE',  ( -2.037519040805387149, -6.387606574791570679, -2.438531080900945280 ) ) ;
#2549 = CARTESIAN_POINT ( 'NONE',  ( -2.835878410297131502, -8.393596667190006855, -1.168535888107090637 ) ) ;
#2550 = AXIS2_PLACEMENT_3D ( 'NONE', #6594, #5965, #1552 ) ;
#2551 = ORIENTED_EDGE ( 'NONE', *, *, #1360, .T. ) ;
#2552 = CARTESIAN_POINT ( 'NONE',  ( -2.759821837728363647, -8.218385485528262535, 1.480037007350063050 ) ) ;
#2553 = CARTESIAN_POINT ( 'NONE',  ( 2.999999999999996003, 5.036160343039395748, -4.170839485654535217 ) ) ;
#2554 = CARTESIAN_POINT ( 'NONE',  ( 1.658312395177690357, 1.500000000000000222, -4.000000000000000000 ) ) ;
#2555 = CARTESIAN_POINT ( 'NONE',  ( -1.268557537829550830, -5.185479892606494445, 2.854597919849048093 ) ) ;
#2556 = CARTESIAN_POINT ( 'NONE',  ( -2.197747298890863732, -5.309408778836181675, -2.231357985893262619 ) ) ;
#2557 = CARTESIAN_POINT ( 'NONE',  ( -7.511572993685790226E-16, -0.4999999999999978351, -4.499999999999997335 ) ) ;
#2558 = EDGE_LOOP ( 'NONE', ( #1457, #537 ) ) ;
#2559 = CARTESIAN_POINT ( 'NONE',  ( 5.196152422706632912, -3.175378794048743458, -8.598703094210284079E-16 ) ) ;
#2560 = CARTESIAN_POINT ( 'NONE',  ( -1.384456283923718001, 1.417764830181347913, -4.000000000000000000 ) ) ;
#2561 = EDGE_CURVE ( 'NONE', #2984, #26, #3328, .T. ) ;
#2562 = CARTESIAN_POINT ( 'NONE',  ( 3.037520785354988817, -6.614209072690080404, -0.7605036138582095262 ) ) ;
#2563 = EDGE_CURVE ( 'NONE', #4246, #2345, #27, .T. ) ;
#2564 = CARTESIAN_POINT ( 'NONE',  ( 1.315128060534576981, -6.008173076923311484, 3.174999999999999378 ) ) ;
#2565 = CARTESIAN_POINT ( 'NONE',  ( -1.785737662185200358, -8.483345156788097086, 1.785737662185199470 ) ) ;
#2566 = CARTESIAN_POINT ( 'NONE',  ( 1.046060903667665798, -8.478674073981219195, 2.525414420702734031 ) ) ;
#2567 = CARTESIAN_POINT ( 'NONE',  ( 3.161215910808817142, -3.852592957694930043, -0.3940893123815943921 ) ) ;
#2568 = DIRECTION ( 'NONE',  ( 0.000000000000000000, -1.000000000000000000, -0.000000000000000000 ) ) ;
#2569 = ORIENTED_EDGE ( 'NONE', *, *, #7187, .T. ) ;
#2570 = CARTESIAN_POINT ( 'NONE',  ( -0.03930592623636190025, -4.944199027074855479, 3.130965856663569635 ) ) ;
#2571 = CARTESIAN_POINT ( 'NONE',  ( 1.785737662185200136, -5.486847150904531567, 1.785737662185200136 ) ) ;
#2572 = CARTESIAN_POINT ( 'NONE',  ( 0.2070366596440155194, -6.505976376429995156, -3.174999999999999822 ) ) ;
#2573 = CARTESIAN_POINT ( 'NONE',  ( 2.163454832720947074, -4.572232004284437323, -2.264586299545502168 ) ) ;
#2574 = CARTESIAN_POINT ( 'NONE',  ( -2.250417630836667016, -7.438327302364458937, -2.178062377073437528 ) ) ;
#2575 = B_SPLINE_CURVE_WITH_KNOTS ( 'NONE', 3,
 ( #1346, #5759, #3653, #726, #2965, #4660, #5827, #866 ),
 .UNSPECIFIED., .F., .F.,
 ( 4, 2, 2, 4 ),
 ( 0.000000000000000000, 0.0009154653811995161440, 0.001373198071799274379, 0.001830930762399032722 ),
 .UNSPECIFIED. ) ;
#2576 = CARTESIAN_POINT ( 'NONE',  ( 2.720554755009301218, -7.547558816443079799, -1.551813208354407392 ) ) ;
#2577 = CARTESIAN_POINT ( 'NONE',  ( -3.076931991644645592, -6.313159393199494929, 0.5819074747689196858 ) ) ;
#2578 = AXIS2_PLACEMENT_3D ( 'NONE', #1097, #2892, #5133 ) ;
#2579 = CARTESIAN_POINT ( 'NONE',  ( 1.303742509843600406, -7.805981830825209578, 2.847152300284612636 ) ) ;
#2580 = CARTESIAN_POINT ( 'NONE',  ( 1.046060903667666020, -8.910749002941910746, -2.525414420702734031 ) ) ;
#2581 = APPLICATION_PROTOCOL_DEFINITION ( 'international standard', 'config_control_design', 1994, #4123 ) ;
#2582 = CARTESIAN_POINT ( 'NONE',  ( 1.011964800508647455, -4.528131146538602714, 2.443099146032160718 ) ) ;
#2583 = DIRECTION ( 'NONE',  ( 1.445602896647340642E-16, -2.503857664561933855E-16, 1.000000000000000000 ) ) ;
#2584 = CARTESIAN_POINT ( 'NONE',  ( 3.897114317029974018, -3.499999999999999556, -2.250000000000000000 ) ) ;
#2585 = CARTESIAN_POINT ( 'NONE',  ( 0.000000000000000000, 3.999999999999998224, -2.000000000000000000 ) ) ;
#2586 = CARTESIAN_POINT ( 'NONE',  ( 1.783465362310443503, -3.658883191596159712, -2.630050553056928475 ) ) ;
#2587 = CARTESIAN_POINT ( 'NONE',  ( -1.127646658916141131, -6.440780757100372789, -2.979566204373697236 ) ) ;
#2588 = CARTESIAN_POINT ( 'NONE',  ( 2.782311106636936593, -6.577231025216620175, -1.437742602106027778 ) ) ;
#2589 = CARTESIAN_POINT ( 'NONE',  ( -3.897114317029974462, -3.499999999999999556, 2.249999999999999556 ) ) ;
#2590 = ORIENTED_EDGE ( 'NONE', *, *, #1526, .F. ) ;
#2591 = CARTESIAN_POINT ( 'NONE',  ( 0.000000000000000000, -3.499999999999999556, 0.000000000000000000 ) ) ;
#2592 = CARTESIAN_POINT ( 'NONE',  ( -2.999999999999996003, 3.848353308865069433, -6.500000000000045297 ) ) ;
#2593 = DIRECTION ( 'NONE',  ( 0.000000000000000000, 0.000000000000000000, -1.000000000000000000 ) ) ;
#2594 = CARTESIAN_POINT ( 'NONE',  ( -3.035779421994044380, -5.326599676481149181, 0.7689162942904022024 ) ) ;
#2595 = CARTESIAN_POINT ( 'NONE',  ( -0.09445254781271891775, -5.454080351408378213, -3.184763350355068301 ) ) ;
#2596 = FACE_OUTER_BOUND ( 'NONE', #5774, .T. ) ;
#2597 = VERTEX_POINT ( 'NONE', #3979 ) ;
#2598 = DIRECTION ( 'NONE',  ( 1.445602896647340642E-16, -2.503857664561933855E-16, 1.000000000000000000 ) ) ;
#2599 = CARTESIAN_POINT ( 'NONE',  ( -2.890257190246692254, -8.233950946635310686, 1.204493464323988627 ) ) ;
#2600 = CARTESIAN_POINT ( 'NONE',  ( 3.130769234649855459, -5.672098982139437418, -0.05410195697534266046 ) ) ;
#2601 = CARTESIAN_POINT ( 'NONE',  ( 3.174999999999999378, -5.763942307692561329, -1.315128060534576759 ) ) ;
#2602 = CARTESIAN_POINT ( 'NONE',  ( -1.785737662185199692, -4.819883618326848307, -1.785737662185200358 ) ) ;
#2603 = EDGE_CURVE ( 'NONE', #7147, #2002, #3364, .T. ) ;
#2604 = CARTESIAN_POINT ( 'NONE',  ( -0.8811942404122538042, -4.158641398575992909, 3.053075126100555092 ) ) ;
#2605 = PLANE ( 'NONE',  #1054 ) ;
#2606 = EDGE_LOOP ( 'NONE', ( #3882, #2220 ) ) ;
#2607 = CARTESIAN_POINT ( 'NONE',  ( -2.418139435580121788, -4.317168790093855790, -1.989482030555003611 ) ) ;
#2608 = EDGE_CURVE ( 'NONE', #720, #2288, #6427, .T. ) ;
#2609 = CARTESIAN_POINT ( 'NONE',  ( -2.525414420702733587, -7.868097150904342918, -1.046060903667667130 ) ) ;
#2610 = CARTESIAN_POINT ( 'NONE',  ( -4.766173641431903363, -3.375881192601301706, 0.7447450953443737198 ) ) ;
#2611 = CARTESIAN_POINT ( 'NONE',  ( 2.935242937849108280, -4.753136150105328639, 1.092228577279835910 ) ) ;
#2612 = CARTESIAN_POINT ( 'NONE',  ( -1.447067374173795162, -7.460952486908249526, -2.838021917379994097 ) ) ;
#2613 = CARTESIAN_POINT ( 'NONE',  ( 2.459069292803477857, -7.824733063841496694, 2.012722141529615261 ) ) ;
#2614 = CARTESIAN_POINT ( 'NONE',  ( -3.020194895758221421, -6.300497059811178246, 0.8265285904507629899 ) ) ;
#2615 = CARTESIAN_POINT ( 'NONE',  ( -0.1687712525638246364, -7.880998972445579120, 3.126644740295036584 ) ) ;
#2616 = DIRECTION ( 'NONE',  ( -3.026521842945509783E-28, -0.000000000000000000, 1.000000000000000000 ) ) ;
#2617 = MECHANICAL_CONTEXT ( 'NONE', #4123, 'mechanical' ) ;
#2618 = CARTESIAN_POINT ( 'NONE',  ( -2.960427240425312245, -3.499999999999998668, -0.5663729319354529057 ) ) ;
#2619 = CARTESIAN_POINT ( 'NONE',  ( -1.495054665177490527, -8.313058884481842270, -2.813479671987958675 ) ) ;
#2620 = CARTESIAN_POINT ( 'NONE',  ( 3.888253587292846081E-16, -3.499999999999999556, 3.174999999999999822 ) ) ;
#2621 = CARTESIAN_POINT ( 'NONE',  ( 0.1760120129837767222, -3.484960480061870314, -3.127095172560817371 ) ) ;
#2622 = CARTESIAN_POINT ( 'NONE',  ( -3.166507942661108910, -6.297084530704139205, 0.3492423897926737464 ) ) ;
#2623 = CARTESIAN_POINT ( 'NONE',  ( 3.114404560418696732, -6.667532497969265393, 0.3310993871124248700 ) ) ;
#2624 = DIRECTION ( 'NONE',  ( -0.000000000000000000, -1.000000000000000000, -0.000000000000000000 ) ) ;
#2625 = ORIENTED_EDGE ( 'NONE', *, *, #415, .T. ) ;
#2626 = DIRECTION ( 'NONE',  ( 0.000000000000000000, 0.000000000000000000, -1.000000000000000000 ) ) ;
#2627 = CARTESIAN_POINT ( 'NONE',  ( -1.046060903667667574, -6.646943304750593917, 2.525414420702733587 ) ) ;
#2628 = FACE_OUTER_BOUND ( 'NONE', #5754, .T. ) ;
#2629 = CARTESIAN_POINT ( 'NONE',  ( -2.964479473177971336, -5.415346902120451666, -1.009938372148989849 ) ) ;
#2630 = AXIS2_PLACEMENT_3D ( 'NONE', #4904, #6592, #7099 ) ;
#2631 = CARTESIAN_POINT ( 'NONE',  ( 2.978306427365244424, -5.723389256052449525, 0.9688359662688216245 ) ) ;
#2632 = CARTESIAN_POINT ( 'NONE',  ( -0.9826159967645359261, 6.896788004895714863, -6.453934018742398138 ) ) ;
#2633 = EDGE_LOOP ( 'NONE', ( #586, #207, #4590, #2155, #6266, #6600, #1327 ) ) ;
#2634 = CARTESIAN_POINT ( 'NONE',  ( -3.208850468987951565, 3.999999999999999112, -10.79601380559696722 ) ) ;
#2635 = CARTESIAN_POINT ( 'NONE',  ( 2.400129603318838178, -3.499999999999998224, 0.9785552099383126867 ) ) ;
#2636 = MANIFOLD_SOLID_BREP ( 'Revolve5', #297 ) ;
#2637 = CARTESIAN_POINT ( 'NONE',  ( 2.967017201860313147, -6.601460755807309511, -1.001218164811395805 ) ) ;
#2638 = CARTESIAN_POINT ( 'NONE',  ( 2.245064030267288402, -3.993269230769625366, 2.245064030267288402 ) ) ;
#2639 = CARTESIAN_POINT ( 'NONE',  ( 1.785737662185200136, -5.308345156788348618, 1.785737662185200136 ) ) ;
#2640 = CARTESIAN_POINT ( 'NONE',  ( -0.6268745362034611190, -4.145638316687011660, 3.115252624863283692 ) ) ;
#2641 = DIRECTION ( 'NONE',  ( -0.000000000000000000, -1.000000000000000000, -1.836970198721029688E-16 ) ) ;
#2642 = ADVANCED_FACE ( 'NONE', ( #133 ), #4539, .T. ) ;
#2643 = ORIENTED_EDGE ( 'NONE', *, *, #5972, .F. ) ;
#2644 = CARTESIAN_POINT ( 'NONE',  ( 0.7282222957259987250, -3.512632097407285325, -3.045623370838256516 ) ) ;
#2645 = EDGE_CURVE ( 'NONE', #1875, #552, #910, .T. ) ;
#2646 = CARTESIAN_POINT ( 'NONE',  ( 1.046060903667666020, -8.112327920135093962, -2.525414420702734031 ) ) ;
#2647 = CARTESIAN_POINT ( 'NONE',  ( 2.537712119686902579, -6.843479783670439964, 1.952431090991957552 ) ) ;
#2648 = CARTESIAN_POINT ( 'NONE',  ( 2.199773899345007777, -4.600208578003234905, -2.304641972307151843 ) ) ;
#2649 = CARTESIAN_POINT ( 'NONE',  ( -0.5811532298216475212, -7.506656165923518920, -3.124113953790391918 ) ) ;
#2650 = CARTESIAN_POINT ( 'NONE',  ( 2.973936296632912146, -7.580652683588225749, -0.9560482547079869331 ) ) ;
#2651 = CARTESIAN_POINT ( 'NONE',  ( -1.708603345463449275, -6.187693467590876573, 2.624133550101303225 ) ) ;
#2652 = CARTESIAN_POINT ( 'NONE',  ( -1.965534060081597367, -7.278258073375981851, -2.437757540504295495 ) ) ;
#2653 = CARTESIAN_POINT ( 'NONE',  ( -1.785737662185199692, -6.773729772172849550, -1.785737662185200358 ) ) ;
#2654 = CALENDAR_DATE ( 2026, 16, 2 ) ;
#2655 = ADVANCED_FACE ( 'NONE', ( #6704 ), #340, .T. ) ;
#2656 = CARTESIAN_POINT ( 'NONE',  ( 3.439608942605246556E-16, -9.000000000000000000, -2.442307692307750688 ) ) ;
#2657 = CARTESIAN_POINT ( 'NONE',  ( -2.945013231174402168, -3.442196795543315258, -1.186394524425740560 ) ) ;
#2658 = DIRECTION ( 'NONE',  ( -0.000000000000000000, -1.000000000000000000, -0.000000000000000000 ) ) ;
#2659 = CARTESIAN_POINT ( 'NONE',  ( 3.073197240668559260, -3.708076449394459573, -0.8401017334208951137 ) ) ;
#2660 = CARTESIAN_POINT ( 'NONE',  ( -3.048958823918017202, -6.375013676426275033, -0.6795695842736109160 ) ) ;
#2661 = CARTESIAN_POINT ( 'NONE',  ( 3.168315654049040031, -6.695504736565919934, 0.3353453246354605732 ) ) ;
#2662 = DIRECTION ( 'NONE',  ( -0.000000000000000000, -2.891205793294678819E-16, 1.000000000000000000 ) ) ;
#2663 = EDGE_CURVE ( 'NONE', #2514, #6416, #2396, .T. ) ;
#2664 = CIRCLE ( 'NONE', #3257, 2.179449471770332103 ) ;
#2665 = VERTEX_POINT ( 'NONE', #2807 ) ;
#2666 = CARTESIAN_POINT ( 'NONE',  ( 1.408984926941972526, -5.591061745361647795, -2.852930403364256851 ) ) ;
#2667 = CARTESIAN_POINT ( 'NONE',  ( -2.525414420702734031, -8.783962535519656001, -4.639111030251255524E-16 ) ) ;
#2668 = CARTESIAN_POINT ( 'NONE',  ( 1.115827270323134002, 1.324640327481228841, -4.000000000000000000 ) ) ;
#2669 = CARTESIAN_POINT ( 'NONE',  ( -3.121034607480553280, -5.358428407299649976, 0.1302414683395698713 ) ) ;
#2670 = AXIS2_PLACEMENT_3D ( 'NONE', #1198, #4588, #105 ) ;
#2671 = CARTESIAN_POINT ( 'NONE',  ( 1.181486606245672588, -5.490723799538217875, -2.900490881161570833 ) ) ;
#2672 = DIRECTION ( 'NONE',  ( 3.026521842945509783E-28, 0.000000000000000000, -1.000000000000000000 ) ) ;
#2673 = VERTEX_POINT ( 'NONE', #607 ) ;
#2674 = CARTESIAN_POINT ( 'NONE',  ( 0.000000000000000000, 1.999999999999998224, 0.000000000000000000 ) ) ;
#2675 = CARTESIAN_POINT ( 'NONE',  ( -1.131609521301740306, -6.350144763847382912, -2.919635043577555322 ) ) ;
#2676 = CONICAL_SURFACE ( 'NONE', #2433, 2.999999999999998224, 0.7853981633974500554 ) ;
#2677 = CARTESIAN_POINT ( 'NONE',  ( -2.931344154891282638, -8.267307692307751310, -1.219773112338811805 ) ) ;
#2678 = CARTESIAN_POINT ( 'NONE',  ( 3.092740686834170350E-16, -2.988152849096223918, -2.525414420702734031 ) ) ;
#2679 = B_SPLINE_CURVE_WITH_KNOTS ( 'NONE', 3,
 ( #1414, #2443, #4729, #1924, #1376, #4693, #862, #4166, #6930, #2405, #205, #1851, #6889, #4244, #1890, #3033, #4765, #2515, #6963, #1959, #6339, #4094, #2479, #4131, #6485, #3579, #4206, #6446, #3649, #1307 ),
 .UNSPECIFIED., .F., .F.,
 ( 4, 2, 2, 2, 2, 2, 2, 2, 2, 2, 2, 2, 2, 2, 4 ),
 ( 0.06637726276580067919, 0.06700345902443805013, 0.06762965528307542107, 0.06825585154171280589, 0.06888204780035017682, 0.06950824405898754776, 0.07013444031762491870, 0.07138683283489967446, 0.07201302909353704540, 0.07263922535217443022, 0.07326542161081180116, 0.07389161786944917210, 0.07514401038672392785, 0.07577020664536129879, 0.07639640290399866973 ),
 .UNSPECIFIED. ) ;
#2680 = CARTESIAN_POINT ( 'NONE',  ( -3.127800299940199036, -4.388628466429377539, -0.6053500774174687127 ) ) ;
#2681 = CARTESIAN_POINT ( 'NONE',  ( -5.782411586589364541E-16, 1.724344514148443296E-15, -6.500000000000000888 ) ) ;
#2682 = ORIENTED_EDGE ( 'NONE', *, *, #4050, .T. ) ;
#2683 = CARTESIAN_POINT ( 'NONE',  ( -1.673983898183171171, -4.053571941403763645, 2.646333483720089141 ) ) ;
#2684 = CARTESIAN_POINT ( 'NONE',  ( 2.525414420702734031, -4.326750997058469217, -1.046060903667665576 ) ) ;
#2685 = B_SPLINE_CURVE_WITH_KNOTS ( 'NONE', 3,
 ( #7179, #4839, #4279, #5966, #4240, #6625, #3757, #3681, #5925, #970, #892, #3717, #1587, #3827, #6073, #3139, #3217, #3180, #5419, #5379, #6519, #392, #7103, #2069, #7213, #2175, #1217, #1623, #1182, #6697, #6110, #3322, #3866, #2799 ),
 .UNSPECIFIED., .F., .F.,
 ( 4, 2, 2, 2, 2, 2, 2, 2, 2, 2, 2, 2, 2, 2, 2, 2, 4 ),
 ( 0.01137556655876195873, 0.01200260680466973609, 0.01262964705057751345, 0.01325668729648529082, 0.01388372754239306818, 0.01451076778830084381, 0.01513780803420861944, 0.01576484828011639680, 0.01639188852602417243, 0.01701892877193194806, 0.01764596901783972716, 0.01827300926374750278, 0.01890004950965527841, 0.01952708975556305751, 0.02015413000147083661, 0.02078117024737861224, 0.02140821049328638787 ),
 .UNSPECIFIED. ) ;
#2686 = AXIS2_PLACEMENT_3D ( 'NONE', #1002, #6623, #5923 ) ;
#2687 = CARTESIAN_POINT ( 'NONE',  ( 0.2090255356022924504, -6.975110439778971383, 3.175000000000001599 ) ) ;
#2688 = CARTESIAN_POINT ( 'NONE',  ( 0.5676624388127378129, -4.508856229750263900, -3.134899662593193082 ) ) ;
#2689 = CARTESIAN_POINT ( 'NONE',  ( 3.096085625007077624, -7.784193369665397100, -0.4702148723074089931 ) ) ;
#2690 = CARTESIAN_POINT ( 'NONE',  ( 2.827919392723911685, -7.792347230762247889, 1.467735658973646107 ) ) ;
#2691 = CARTESIAN_POINT ( 'NONE',  ( -2.684448365252114055, -6.426189291465481013, -1.612150306361241014 ) ) ;
#2692 = CIRCLE ( 'NONE', #3165, 0.8499999999999999778 ) ;
#2693 = CARTESIAN_POINT ( 'NONE',  ( 2.525414420702734031, -9.032864387557285824, -1.046060903667665576 ) ) ;
#2694 = CARTESIAN_POINT ( 'NONE',  ( 2.991933549187917236E-16, -6.938695776538842175, -2.443099146032160274 ) ) ;
#2695 = CARTESIAN_POINT ( 'NONE',  ( -0.8609810716440355893, -3.499999999999998668, 2.444690535130957798 ) ) ;
#2696 = CARTESIAN_POINT ( 'NONE',  ( -2.895600384809617900, -3.470165182214198119, -1.164866632557809423 ) ) ;
#2697 = CARTESIAN_POINT ( 'NONE',  ( 1.997499113398961348E-27, 3.999999999999999112, -10.79601380559696722 ) ) ;
#2698 = CARTESIAN_POINT ( 'NONE',  ( 2.629980873197221847, -3.655073415822346128, -1.798154252259937191 ) ) ;
#2699 = ADVANCED_FACE ( 'NONE', ( #5090 ), #6773, .F. ) ;
#2700 = CARTESIAN_POINT ( 'NONE',  ( -1.351117551138240280, -6.516136514904883548, -2.825127276313216473 ) ) ;
#2701 = CARTESIAN_POINT ( 'NONE',  ( 3.152697857598865117, -6.718816750313611585, -0.4599609747423837325 ) ) ;
#2702 = CARTESIAN_POINT ( 'NONE',  ( 1.592843545657331550, -3.647646409045620430, -2.754320697435254761 ) ) ;
#2703 = AXIS2_PLACEMENT_3D ( 'NONE', #4617, #5781, #4052 ) ;
#2704 = ORIENTED_EDGE ( 'NONE', *, *, #3854, .F. ) ;
#2705 = EDGE_CURVE ( 'NONE', #3402, #4623, #1841, .T. ) ;
#2706 = ORIENTED_EDGE ( 'NONE', *, *, #6578, .T. ) ;
#2707 = CARTESIAN_POINT ( 'NONE',  ( -2.598076211353317344, -3.175378794048743902, 4.499999999999999112 ) ) ;
#2708 = CARTESIAN_POINT ( 'NONE',  ( -2.525414420702734031, -6.830116381673656534, -4.639111030251255524E-16 ) ) ;
#2709 = DIRECTION ( 'NONE',  ( 1.445602896647340642E-16, -2.503857664561933855E-16, 1.000000000000000000 ) ) ;
#2710 = CARTESIAN_POINT ( 'NONE',  ( 1.046060903667665798, -6.524827920135219728, 2.525414420702734031 ) ) ;
#2711 = CARTESIAN_POINT ( 'NONE',  ( -2.757673824544671692, -5.287361674856000171, 1.484537320070991262 ) ) ;
#2712 = CARTESIAN_POINT ( 'NONE',  ( 2.626023674905901384, -5.608556528945199737, -1.804334704985266047 ) ) ;
#2713 = CARTESIAN_POINT ( 'NONE',  ( -1.436648323678185278E-11, -8.967047291273180676, -2.475260401034564239 ) ) ;
#2714 = ORIENTED_EDGE ( 'NONE', *, *, #3010, .T. ) ;
#2715 = B_SPLINE_CURVE_WITH_KNOTS ( 'NONE', 3,
 ( #4440, #4921, #515, #2084, #3732, #1494 ),
 .UNSPECIFIED., .F., .F.,
 ( 4, 2, 4 ),
 ( 0.004664901509487200636, 0.005978034566648396733, 0.007291167623809591963 ),
 .UNSPECIFIED. ) ;
#2716 = CARTESIAN_POINT ( 'NONE',  ( 1.631375498705819771, 1.477773468189410799, -6.500000000000000888 ) ) ;
#2717 = ORIENTED_EDGE ( 'NONE', *, *, #6153, .F. ) ;
#2718 = CARTESIAN_POINT ( 'NONE',  ( -3.174999999999999378, -3.321634615385063327, 1.315128060534577648 ) ) ;
#2719 = CARTESIAN_POINT ( 'NONE',  ( -1.046060903667667574, -4.514595156788410613, 2.525414420702733587 ) ) ;
#2720 = CARTESIAN_POINT ( 'NONE',  ( -2.035697302878802795, -4.163040526600134683, 2.450446490627608220 ) ) ;
#2721 = CARTESIAN_POINT ( 'NONE',  ( 2.525414420702734031, -8.116999002941973629, 1.546370343417085175E-16 ) ) ;
#2722 = ORIENTED_EDGE ( 'NONE', *, *, #1703, .F. ) ;
#2723 = CARTESIAN_POINT ( 'NONE',  ( -1.456854242963916857, -4.040862710827841653, 2.771773198868570987 ) ) ;
#2724 = CARTESIAN_POINT ( 'NONE',  ( -1.651979608748619599, -8.916893271605683680, -1.910152184662805119 ) ) ;
#2725 = DIRECTION ( 'NONE',  ( -0.000000000000000000, 0.000000000000000000, 1.000000000000000000 ) ) ;
#2726 = CARTESIAN_POINT ( 'NONE',  ( 2.089042717700543061, -4.858524469880348917, 2.405481443553940224 ) ) ;
#2727 = CARTESIAN_POINT ( 'NONE',  ( 3.124608137055121304, -7.796899841156839095, -0.2100273104098399624 ) ) ;
#2728 = CARTESIAN_POINT ( 'NONE',  ( 2.288845399911665357, -7.537204463591280046, -2.216097255729534865 ) ) ;
#2729 = FACE_OUTER_BOUND ( 'NONE', #4139, .T. ) ;
#2730 = CARTESIAN_POINT ( 'NONE',  ( 1.727531973270403975, -5.106965007308216009, -1.727531973270403975 ) ) ;
#2731 = CARTESIAN_POINT ( 'NONE',  ( 2.245064030267288402, -7.778846153846255440, 2.245064030267288402 ) ) ;
#2732 = CARTESIAN_POINT ( 'NONE',  ( 0.6555601107333235422, -3.687076851617134832, -3.062478587081303161 ) ) ;
#2733 = CARTESIAN_POINT ( 'NONE',  ( -2.999999999999996891, 5.732050807568874085, -6.499999999999999112 ) ) ;
#2734 = CARTESIAN_POINT ( 'NONE',  ( -0.08502077545956987503, -3.472936440055429230, -3.130685228268075271 ) ) ;
#2735 = CARTESIAN_POINT ( 'NONE',  ( 2.863205722285188326, -6.811962383668526577, 1.396653505369569004 ) ) ;
#2736 = CARTESIAN_POINT ( 'NONE',  ( 1.666042426939690513, -6.898655334842376696, 2.715817883727781545 ) ) ;
#2737 = CARTESIAN_POINT ( 'NONE',  ( 0.000000000000000000, -0.4999999999999987232, 1.561424668912875308E-15 ) ) ;
#2738 = ORIENTED_EDGE ( 'NONE', *, *, #7051, .T. ) ;
#2739 = CARTESIAN_POINT ( 'NONE',  ( 1.925929944387235853E-31, 3.999999999999997335, -4.000000000000000888 ) ) ;
#2740 = CARTESIAN_POINT ( 'NONE',  ( -0.8499999999999999778, 3.999999999999999112, -16.50000000047880633 ) ) ;
#2741 = ADVANCED_FACE ( 'NONE', ( #2398 ), #5254, .T. ) ;
#2742 = FACE_OUTER_BOUND ( 'NONE', #6184, .T. ) ;
#2743 = CARTESIAN_POINT ( 'NONE',  ( 2.097420433239524762, -7.849325982419308012, 2.392628909629237466 ) ) ;
#2744 = CARTESIAN_POINT ( 'NONE',  ( 1.046060903667666020, -6.158481766289094494, -2.525414420702734031 ) ) ;
#2745 = CARTESIAN_POINT ( 'NONE',  ( 0.1098540657889288535, -5.585855372717552392, -3.175765093748658341 ) ) ;
#2746 = CARTESIAN_POINT ( 'NONE',  ( 2.694987935101928578, -5.851815172964672129, 1.699501895001666929 ) ) ;
#2747 = CARTESIAN_POINT ( 'NONE',  ( -1.699623405126101661, -8.293300614123776171, -2.661884738295114960 ) ) ;
#2748 = VERTEX_POINT ( 'NONE', #6954 ) ;
#2749 = CARTESIAN_POINT ( 'NONE',  ( 0.000000000000000000, -3.499999999999999556, 0.000000000000000000 ) ) ;
#2750 = ORIENTED_EDGE ( 'NONE', *, *, #6779, .F. ) ;
#2751 = CARTESIAN_POINT ( 'NONE',  ( 3.888253587292846081E-16, -2.650000000000499956, -3.174999999999999822 ) ) ;
#2752 = CARTESIAN_POINT ( 'NONE',  ( 2.525414420702734031, -5.247287464480661079, 1.046060903667665798 ) ) ;
#2753 = CARTESIAN_POINT ( 'NONE',  ( -3.147901929189597325, -4.278148316793438433, 0.4341032280078513939 ) ) ;
#2754 = CARTESIAN_POINT ( 'NONE',  ( 1.055567259724158991, -8.916893271605015769, -2.294230972786253098 ) ) ;
#2755 = ORIENTED_EDGE ( 'NONE', *, *, #7187, .F. ) ;
#2756 = CARTESIAN_POINT ( 'NONE',  ( 2.853504704963079508, -7.789575064949763927, 1.407481007763905057 ) ) ;
#2757 = ADVANCED_FACE ( 'NONE', ( #6437, #1368 ), #2989, .F. ) ;
#2758 = DIRECTION ( 'NONE',  ( 1.000000000000000000, 2.249639673992786412E-32, -1.224646799147353207E-16 ) ) ;
#2759 = CARTESIAN_POINT ( 'NONE',  ( -3.174923445117065146, -7.209804509357054414, 0.4143534963827310569 ) ) ;
#2760 = CARTESIAN_POINT ( 'NONE',  ( 2.220815266816343669, -7.902715443212276369, 2.272784916087578821 ) ) ;
#2761 = CARTESIAN_POINT ( 'NONE',  ( -1.132488728744980300, -7.957499245613619543, 2.969072109160297401 ) ) ;
#2762 = CARTESIAN_POINT ( 'NONE',  ( 2.991933549187917236E-16, -4.984849622692840931, -2.443099146032160274 ) ) ;
#2763 = DIRECTION ( 'NONE',  ( 0.8660254037844384856, -0.5000000000000002220, 0.000000000000000000 ) ) ;
#2764 = CARTESIAN_POINT ( 'NONE',  ( 1.825547296174070189, -3.752465443728511207, -2.544540280275332300 ) ) ;
#2765 = CARTESIAN_POINT ( 'NONE',  ( -2.523215500260687083, 1.992677533161190562, -6.287903649265608408 ) ) ;
#2766 = CARTESIAN_POINT ( 'NONE',  ( 0.5493085047668280207, -3.967059221858542539, 3.138263545098235685 ) ) ;
#2767 = CARTESIAN_POINT ( 'NONE',  ( 0.1557962643947192749, -6.564947949156096918, -3.173865716098398959 ) ) ;
#2768 = CARTESIAN_POINT ( 'NONE',  ( 0.6699783164570193295, -6.862982042902422641, 3.051142135917658482 ) ) ;
#2769 = DIRECTION ( 'NONE',  ( 0.000000000000000000, -1.000000000000000000, -3.479025658754959021E-16 ) ) ;
#2770 = CARTESIAN_POINT ( 'NONE',  ( 2.598076211353317788, -0.4999999999999995559, -4.500000000000000000 ) ) ;
#2771 = CARTESIAN_POINT ( 'NONE',  ( 0.7263141095975130801, -8.868084024311920999, -2.476675545295430325 ) ) ;
#2772 = CARTESIAN_POINT ( 'NONE',  ( -1.046060903667665354, -8.967135612442719506, -2.525414420702734475 ) ) ;
#2773 = CARTESIAN_POINT ( 'NONE',  ( -9.614703467775482675E-18, 1.306895848598523591, -6.700000000000000178 ) ) ;
#2774 = CARTESIAN_POINT ( 'NONE',  ( 1.785737662185200136, -5.242616381673781412, -1.785737662185199692 ) ) ;
#2775 = CARTESIAN_POINT ( 'NONE',  ( 2.134314833065098949, -5.695184324885716798, -2.365060545275019077 ) ) ;
#2776 = CARTESIAN_POINT ( 'NONE',  ( 2.188517607766917727, -5.829353919794265870, 2.315434499427269532 ) ) ;
#2777 = CARTESIAN_POINT ( 'NONE',  ( -2.433244275991675476, -8.275154426112882433, -2.041558406807628678 ) ) ;
#2778 = ORIENTED_EDGE ( 'NONE', *, *, #4953, .F. ) ;
#2779 = FACE_OUTER_BOUND ( 'NONE', #113, .T. ) ;
#2780 = VERTEX_POINT ( 'NONE', #2505 ) ;
#2781 = CARTESIAN_POINT ( 'NONE',  ( -1.315128060534576537, -4.542788461538813216, -3.175000000000000266 ) ) ;
#2782 = CARTESIAN_POINT ( 'NONE',  ( 2.126876931388983927, -3.500000000000000000, 1.361658002223284925 ) ) ;
#2783 = AXIS2_PLACEMENT_3D ( 'NONE', #5871, #3157, #406 ) ;
#2784 = CARTESIAN_POINT ( 'NONE',  ( 2.460817088144113374, -4.680213536196038859, -2.010453001805257767 ) ) ;
#2785 = CARTESIAN_POINT ( 'NONE',  ( 1.785737662185200136, -5.308345156788348618, 1.785737662185200136 ) ) ;
#2786 = ORIENTED_EDGE ( 'NONE', *, *, #1743, .T. ) ;
#2787 = CARTESIAN_POINT ( 'NONE',  ( 3.109928853439588803, -3.738419123495175800, 0.3643088240131787114 ) ) ;
#2788 = EDGE_CURVE ( 'NONE', #2404, #3543, #6307, .T. ) ;
#2789 = CIRCLE ( 'NONE', #3722, 3.266279162359717603 ) ;
#2790 = ADVANCED_FACE ( 'NONE', ( #5227 ), #2676, .T. ) ;
#2791 = CARTESIAN_POINT ( 'NONE',  ( -2.450847523538588923, -8.863264304280930261, -0.8471270746743025937 ) ) ;
#2792 = CARTESIAN_POINT ( 'NONE',  ( -1.014616846422156549, -8.943469349640734478, -2.288411308589139104 ) ) ;
#2793 = CARTESIAN_POINT ( 'NONE',  ( 1.338454795793458718, -7.541421265307742594, -2.890827472605316917 ) ) ;
#2794 = CARTESIAN_POINT ( 'NONE',  ( -0.7584697551080361588, -7.937726993287524735, 3.094268561817200780 ) ) ;
#2795 = CARTESIAN_POINT ( 'NONE',  ( 0.000000000000000000, -4.496388084231341509, 2.443099146032160274 ) ) ;
#2796 = CIRCLE ( 'NONE', #469, 2.442307692307750688 ) ;
#2797 = CARTESIAN_POINT ( 'NONE',  ( -3.174999999999999378, -6.252403846154067857, -1.315128060534578980 ) ) ;
#2798 = CARTESIAN_POINT ( 'NONE',  ( 1.413452726760521028, -3.637900586763671562, -2.854981396048171138 ) ) ;
#2799 = CARTESIAN_POINT ( 'NONE',  ( -1.712171429773310084E-11, -4.542512679984116453, -3.174999999999999822 ) ) ;
#2800 = CARTESIAN_POINT ( 'NONE',  ( 2.775241445407695018, -3.796330742615783738, 1.451913577012595491 ) ) ;
#2801 = CARTESIAN_POINT ( 'NONE',  ( 0.9260142765420360522, -6.603125925551050379, -3.048085112152366438 ) ) ;
#2802 = SHAPE_DEFINITION_REPRESENTATION ( #2208, #5430 ) ;
#2803 = CARTESIAN_POINT ( 'NONE',  ( -3.052606576599378396, -7.123539864196974492, 0.9127181892256152063 ) ) ;
#2804 = CARTESIAN_POINT ( 'NONE',  ( -0.5976011741470682592, -3.625815882680884616, -3.073664788082238530 ) ) ;
#2805 = AXIS2_PLACEMENT_3D ( 'NONE', #1651, #2273, #2725 ) ;
#2806 = ORIENTED_EDGE ( 'NONE', *, *, #7141, .T. ) ;
#2807 = CARTESIAN_POINT ( 'NONE',  ( -2.999999999999996891, 2.267949192431122363, -6.035898384862248278 ) ) ;
#2808 = CARTESIAN_POINT ( 'NONE',  ( -2.525414420702733587, -3.838289458596969794, 1.046060903667666242 ) ) ;
#2809 = CARTESIAN_POINT ( 'NONE',  ( 1.925929944387235853E-31, 3.999999999999997335, -4.000000000000000888 ) ) ;
#2810 = CARTESIAN_POINT ( 'NONE',  ( 2.525414420702734031, -5.364731766289156489, 1.546370343417085175E-16 ) ) ;
#2811 = AXIS2_PLACEMENT_3D ( 'NONE', #943, #4328, #7112 ) ;
#2812 = CARTESIAN_POINT ( 'NONE',  ( 1.231723790652765160, -5.671720253829903413, -2.879222021380940522 ) ) ;
#2813 = CARTESIAN_POINT ( 'NONE',  ( -1.012236810952859001, -6.058039679283747425, 3.012226322808129186 ) ) ;
#2814 = EDGE_LOOP ( 'NONE', ( #5351, #1744, #1219, #5979 ) ) ;
#2815 = CARTESIAN_POINT ( 'NONE',  ( -0.6757126034051250674, -8.325675883591641124, -3.045485097157762944 ) ) ;
#2816 = EDGE_LOOP ( 'NONE', ( #5904, #613, #4515, #6666 ) ) ;
#2817 = CARTESIAN_POINT ( 'NONE',  ( -1.727531973270404198, -3.734381146538663820, 1.727531973270403531 ) ) ;
#2818 = CIRCLE ( 'NONE', #6926, 3.208850468987952453 ) ;
#2819 = CARTESIAN_POINT ( 'NONE',  ( -2.755799176907153480, -7.147684940136437071, 1.590460403971080794 ) ) ;
#2820 = CARTESIAN_POINT ( 'NONE',  ( -4.766173641431903363, -0.6241188073986977392, 0.7447450953443743860 ) ) ;
#2821 = CARTESIAN_POINT ( 'NONE',  ( -1.452212476601505209, -4.529897633805765267, -2.835590932946877363 ) ) ;
#2822 = CARTESIAN_POINT ( 'NONE',  ( -2.525414420702734031, -5.674691310634473851, -4.639111030251255524E-16 ) ) ;
#2823 = ORIENTED_EDGE ( 'NONE', *, *, #2244, .T. ) ;
#2824 = CARTESIAN_POINT ( 'NONE',  ( -1.951581421210611511, -4.440220333323228630, -2.538356048165260059 ) ) ;
#2825 = CARTESIAN_POINT ( 'NONE',  ( -1.877194212166000797, -5.508127347594794720, -2.506220329402427449 ) ) ;
#2826 = ADVANCED_FACE ( 'NONE', ( #1406 ), #4756, .T. ) ;
#2827 = CARTESIAN_POINT ( 'NONE',  ( 1.046060903667666020, -3.227712535520093962, -2.525414420702734031 ) ) ;
#2828 = CARTESIAN_POINT ( 'NONE',  ( -2.997450696980894946, -8.267307692307758415, -1.059486986636943850 ) ) ;
#2829 = CARTESIAN_POINT ( 'NONE',  ( 2.437551211214073032E-27, 3.999999999999999112, -12.25000000047880455 ) ) ;
#2830 = CARTESIAN_POINT ( 'NONE',  ( 3.170334255670362200, -7.732663948100361395, 0.3127007124884266243 ) ) ;
#2831 = CARTESIAN_POINT ( 'NONE',  ( -3.109327837000274375, -8.113484349071352852, 0.6557437679159314747 ) ) ;
#2832 = CARTESIAN_POINT ( 'NONE',  ( -3.174999999999999378, -9.061057692307695532, 1.315128060534577648 ) ) ;
#2833 = CARTESIAN_POINT ( 'NONE',  ( -0.8807308280060285322, -3.522893118229187603, -3.053200886271427272 ) ) ;
#2834 = CARTESIAN_POINT ( 'NONE',  ( -2.999999999999996891, 2.267949192431122363, -6.035898384862248278 ) ) ;
#2835 = CARTESIAN_POINT ( 'NONE',  ( 2.825323058215603922, -3.884940884658299787, 1.472820833772208404 ) ) ;
#2836 = CARTESIAN_POINT ( 'NONE',  ( 3.183050544626381928, -6.747246257771906564, 0.1349171689703954902 ) ) ;
#2837 = CARTESIAN_POINT ( 'NONE',  ( 0.5539126211165389391, -6.897437943126513815, 3.129072206035912629 ) ) ;
#2838 = DIRECTION ( 'NONE',  ( 0.000000000000000000, 1.000000000000000000, 2.891205793294681285E-16 ) ) ;
#2839 = ORIENTED_EDGE ( 'NONE', *, *, #2663, .F. ) ;
#2840 = CARTESIAN_POINT ( 'NONE',  ( 3.175085164867628151, -5.773208609728864182, 0.2054474153571303752 ) ) ;
#2841 = CARTESIAN_POINT ( 'NONE',  ( 1.785737662185200136, -4.509924073981531834, 1.785737662185200136 ) ) ;
#2842 = CARTESIAN_POINT ( 'NONE',  ( 1.588835242683250382, -7.555104417409382656, -2.756830358466881403 ) ) ;
#2843 = CARTESIAN_POINT ( 'NONE',  ( 2.525414420702734031, -4.448866381673844295, 1.046060903667665798 ) ) ;
#2844 = CARTESIAN_POINT ( 'NONE',  ( 1.257313590958640592, -5.583110815623026468, -2.927069652903266483 ) ) ;
#2845 = CARTESIAN_POINT ( 'NONE',  ( -0.7581099307070765514, -6.044820419835588154, 3.086000666595765551 ) ) ;
#2846 = ORIENTED_EDGE ( 'NONE', *, *, #5787, .T. ) ;
#2847 = CARTESIAN_POINT ( 'NONE',  ( 1.925929944387235853E-31, 3.999999999999997335, -4.000000000000000888 ) ) ;
#2848 = AXIS2_PLACEMENT_3D ( 'NONE', #5503, #1058, #4919 ) ;
#2849 = ORIENTED_EDGE ( 'NONE', *, *, #2199, .F. ) ;
#2850 = CARTESIAN_POINT ( 'NONE',  ( -2.443099146032160274, -8.648311161154090598, -4.487900323781875854E-16 ) ) ;
#2851 = CARTESIAN_POINT ( 'NONE',  ( -3.073677689545444291, -7.269705311821803129, -0.8221409437550381005 ) ) ;
#2852 = DIRECTION ( 'NONE',  ( -0.000000000000000000, -1.000000000000000000, -0.000000000000000000 ) ) ;
#2853 = CARTESIAN_POINT ( 'NONE',  ( -1.449403540445270533, -4.469255916943907891, -2.837029773104926544 ) ) ;
#2854 = CARTESIAN_POINT ( 'NONE',  ( 2.567380398134459618, -4.792796208792479362, 1.779574766306395439 ) ) ;
#2855 = CARTESIAN_POINT ( 'NONE',  ( 1.785737662185200136, -7.262191310634348085, 1.785737662185200136 ) ) ;
#2856 = ORIENTED_EDGE ( 'NONE', *, *, #3516, .F. ) ;
#2857 = CARTESIAN_POINT ( 'NONE',  ( -0.8249725199315122159, -4.094847868964412108, 3.073098666867557061 ) ) ;
#2858 = CARTESIAN_POINT ( 'NONE',  ( -3.045925966218667735, -7.354181856952464180, -0.7258454047958813327 ) ) ;
#2859 = CARTESIAN_POINT ( 'NONE',  ( -2.525414420702733587, -3.659787464480786845, 1.046060903667666242 ) ) ;
#2860 = CARTESIAN_POINT ( 'NONE',  ( 1.600960768292145397, -6.903304368920910150, 2.773438533235174308 ) ) ;
#2861 = CARTESIAN_POINT ( 'NONE',  ( -2.854337961504727961, -7.157636116933245418, 1.405762943404428089 ) ) ;
#2862 = CARTESIAN_POINT ( 'NONE',  ( 2.322806937946229944, -8.437285640752614668, -1.916276562909526193 ) ) ;
#2863 = CARTESIAN_POINT ( 'NONE',  ( 2.090908571338663702, -7.936712691752010329, 2.320788551503036867 ) ) ;
#2864 = VECTOR ( 'NONE', #4849, 1000.000000000000000 ) ;
#2865 = B_SPLINE_CURVE_WITH_KNOTS ( 'NONE', 3,
 ( #5837, #842, #804, #3085 ),
 .UNSPECIFIED., .F., .F.,
 ( 4, 4 ),
 ( 2.339750666360943242E-07, 0.002614009409412738991 ),
 .UNSPECIFIED. ) ;
#2866 = CARTESIAN_POINT ( 'NONE',  ( -1.490447079163158106, -8.038042570925620467, 2.806549353934039370 ) ) ;
#2867 = EDGE_CURVE ( 'NONE', #3873, #3520, #5991, .T. ) ;
#2868 = CARTESIAN_POINT ( 'NONE',  ( 2.245064030267288402, -9.732692307692254019, 2.245064030267288402 ) ) ;
#2869 = CARTESIAN_POINT ( 'NONE',  ( 3.107398300673818170, -3.880564769258844748, -0.3888496717373002287 ) ) ;
#2870 = CARTESIAN_POINT ( 'NONE',  ( -0.06062663439566949586, 3.999999999999999112, -10.09806841365865182 ) ) ;
#2871 = CARTESIAN_POINT ( 'NONE',  ( 1.951803308412575655, -3.859901935154347097, 2.449322345564219905 ) ) ;
#2872 = ORIENTED_EDGE ( 'NONE', *, *, #2417, .T. ) ;
#2873 = CARTESIAN_POINT ( 'NONE',  ( 3.119356841502199718, -6.770819874439998998, -0.6469015750813759125 ) ) ;
#2874 = CARTESIAN_POINT ( 'NONE',  ( 0.1660882788936333398, -6.977239749431821458, 3.181538089720136409 ) ) ;
#2875 = CARTESIAN_POINT ( 'NONE',  ( 2.748744853939556254, -3.977307917274632398, 1.499588243330673309 ) ) ;
#2876 = EDGE_CURVE ( 'NONE', #25, #6159, #4338, .T. ) ;
#2877 = ADVANCED_FACE ( 'NONE', ( #2729 ), #4275, .T. ) ;
#2878 = DIRECTION ( 'NONE',  ( 0.5000000000000001110, 0.8660254037844385966, 2.503857664561932376E-16 ) ) ;
#2879 = DIRECTION ( 'NONE',  ( -0.000000000000000000, 1.000000000000000000, 0.000000000000000000 ) ) ;
#2880 = CARTESIAN_POINT ( 'NONE',  ( 1.046060903667665798, -3.594058689366219639, 2.525414420702734031 ) ) ;
#2881 = DIRECTION ( 'NONE',  ( 0.000000000000000000, 0.000000000000000000, 1.000000000000000000 ) ) ;
#2882 = CARTESIAN_POINT ( 'NONE',  ( -2.017384003235462853, 1.700635582189085282, -4.046065981257600974 ) ) ;
#2883 = CARTESIAN_POINT ( 'NONE',  ( 1.900094090828736704, -5.710906682011626323, -2.489602919760070865 ) ) ;
#2884 = CARTESIAN_POINT ( 'NONE',  ( -3.012735188971720213, -6.140117753104975762, 1.036186251837438954 ) ) ;
#2885 = ORIENTED_EDGE ( 'NONE', *, *, #3240, .T. ) ;
#2886 = CARTESIAN_POINT ( 'NONE',  ( -2.103814916482225073, 3.999999999999999112, -12.25000000047880455 ) ) ;
#2887 = EDGE_CURVE ( 'NONE', #3567, #5062, #2789, .T. ) ;
#2888 = B_SPLINE_CURVE_WITH_KNOTS ( 'NONE', 3,
 ( #1212, #5840, #4004, #6244, #4111, #6280, #5182, #6978 ),
 .UNSPECIFIED., .F., .F.,
 ( 4, 2, 2, 4 ),
 ( 0.003606938659713745943, 0.004055414134925772185, 0.004503889610137798427, 0.005400840560561851779 ),
 .UNSPECIFIED. ) ;
#2889 = ORIENTED_EDGE ( 'NONE', *, *, #1353, .T. ) ;
#2890 = CARTESIAN_POINT ( 'NONE',  ( -1.727531973270403975, -3.978611915769415308, -1.727531973270404198 ) ) ;
#2891 = CARTESIAN_POINT ( 'NONE',  ( -3.175072286920070930, -7.239249686793893801, -0.2076405609160415500 ) ) ;
#2892 = DIRECTION ( 'NONE',  ( -1.000000000000000000, -0.000000000000000000, 0.000000000000000000 ) ) ;
#2893 = CARTESIAN_POINT ( 'NONE',  ( 2.333120897105125824, -4.762603359787268786, -2.077160052951884772 ) ) ;
#2894 = CARTESIAN_POINT ( 'NONE',  ( -2.242621146469778726, -5.152634734807797656, 2.262865136864165905 ) ) ;
#2895 = CARTESIAN_POINT ( 'NONE',  ( -1.592853748288362681, -6.090474982324386666, 2.754318193279096771 ) ) ;
#2896 = ORIENTED_EDGE ( 'NONE', *, *, #1080, .F. ) ;
#2897 = CARTESIAN_POINT ( 'NONE',  ( -2.755385637333310545, -4.216881510587283444, 1.591025979290971337 ) ) ;
#2898 = CARTESIAN_POINT ( 'NONE',  ( 1.149256087144123084, -7.015847960293065455, 2.912855505161600966 ) ) ;
#2899 = CONICAL_SURFACE ( 'NONE', #2074, 4.500000000000000888, 1.134464013796316673 ) ;
#2900 = CARTESIAN_POINT ( 'NONE',  ( 1.785737662185200136, -4.331422079865348884, 1.785737662185200136 ) ) ;
#2901 = CARTESIAN_POINT ( 'NONE',  ( 2.524758581007851888, -6.843531098372193533, 1.936259524280378619 ) ) ;
#2902 = DIRECTION ( 'NONE',  ( 0.000000000000000000, 1.000000000000000000, 3.220676547310781097E-16 ) ) ;
#2903 = CARTESIAN_POINT ( 'NONE',  ( 1.801183642566284382, -8.598474273356590203, 2.209078487090085474 ) ) ;
#2904 = AXIS2_PLACEMENT_3D ( 'NONE', #6802, #664, #1323 ) ;
#2905 = CARTESIAN_POINT ( 'NONE',  ( 1.070648556856924616, -7.847900770470214837, 3.000651467287521079 ) ) ;
#2906 = CIRCLE ( 'NONE', #3846, 3.000000000000001332 ) ;
#2907 = CARTESIAN_POINT ( 'NONE',  ( 3.174999999999999378, -3.687980769231193001, -1.315128060534576759 ) ) ;
#2908 = CARTESIAN_POINT ( 'NONE',  ( 1.937275755916375131, -3.952131487961180412, 2.523997505961274701 ) ) ;
#2909 = CARTESIAN_POINT ( 'NONE',  ( 3.161819535427344174, -3.734024810641337400, -0.3179067343735292872 ) ) ;
#2910 = ORIENTED_EDGE ( 'NONE', *, *, #4265, .T. ) ;
#2911 = CARTESIAN_POINT ( 'NONE',  ( -3.111244831288775714, -7.196522794539270684, 0.6857938749158118963 ) ) ;
#2912 = CARTESIAN_POINT ( 'NONE',  ( -2.499412509872340760, -7.124961153091565969, 1.962357865408893121 ) ) ;
#2913 = CARTESIAN_POINT ( 'NONE',  ( -9.940091136009412779E-18, 3.999999999999999112, -6.702250878640243492 ) ) ;
#2914 = DIRECTION ( 'NONE',  ( -3.026521842945509783E-28, -0.000000000000000000, 1.000000000000000000 ) ) ;
#2915 = CARTESIAN_POINT ( 'NONE',  ( 3.093225915289815372E-11, -6.007897295367974344, 3.174999999999999822 ) ) ;
#2916 = CARTESIAN_POINT ( 'NONE',  ( -2.525414420702733587, -3.960404843212343984, -1.046060903667667130 ) ) ;
#2917 = CARTESIAN_POINT ( 'NONE',  ( -1.936425866568940890, -8.064597906417322548, 2.529672643227049988 ) ) ;
#2918 = ADVANCED_FACE ( 'NONE', ( #4312 ), #3683, .F. ) ;
#2919 = CARTESIAN_POINT ( 'NONE',  ( 0.000000000000000000, 3.999999999999999112, -16.50000000047880633 ) ) ;
#2920 = CARTESIAN_POINT ( 'NONE',  ( -1.755731823691094373, -6.190711109773986642, 2.583640094163522249 ) ) ;
#2921 = ADVANCED_FACE ( 'NONE', ( #3308 ), #6190, .T. ) ;
#2922 = CARTESIAN_POINT ( 'NONE',  ( -2.150023534479633014, -6.062779034570742631, 2.351072484541826935 ) ) ;
#2923 = CIRCLE ( 'NONE', #4691, 0.8499999999999999778 ) ;
#2924 = ORIENTED_EDGE ( 'NONE', *, *, #4862, .F. ) ;
#2925 = CARTESIAN_POINT ( 'NONE',  ( 0.000000000000000000, 0.8959856342811920449, 1.680282476569028276E-15 ) ) ;
#2926 = VERTEX_POINT ( 'NONE', #517 ) ;
#2927 = CARTESIAN_POINT ( 'NONE',  ( -2.443099146032159830, -8.587253468846402171, 1.011964800508648343 ) ) ;
#2928 = CARTESIAN_POINT ( 'NONE',  ( -2.097455675078634396, -7.361411235599232938, -2.392586745337442977 ) ) ;
#2929 = AXIS2_PLACEMENT_3D ( 'NONE', #6022, #448, #6501 ) ;
#2930 = DIRECTION ( 'NONE',  ( 0.000000000000000000, 0.000000000000000000, 1.000000000000000000 ) ) ;
#2931 = CARTESIAN_POINT ( 'NONE',  ( 1.570975659571501648, -4.623740681881121084, -2.771653330661003611 ) ) ;
#2932 = CARTESIAN_POINT ( 'NONE',  ( 2.052571643009442504, -4.830546236479761113, 2.365557716977472413 ) ) ;
#2933 = CARTESIAN_POINT ( 'NONE',  ( 2.525414420702734031, -4.148249002942287156, -1.046060903667665576 ) ) ;
#2934 = ORIENTED_EDGE ( 'NONE', *, *, #2509, .T. ) ;
#2935 = CARTESIAN_POINT ( 'NONE',  ( -1.597016528411204117, -4.461212576122660423, -2.775143335140477063 ) ) ;
#2936 = CARTESIAN_POINT ( 'NONE',  ( 2.468079089907687873, -6.726174230446499536, -1.927176172975891166 ) ) ;
#2937 = AXIS2_PLACEMENT_3D ( 'NONE', #6706, #5124, #7221 ) ;
#2938 = CARTESIAN_POINT ( 'NONE',  ( -2.525414420702734031, -5.674691310634473851, -4.639111030251255524E-16 ) ) ;
#2939 = CARTESIAN_POINT ( 'NONE',  ( 1.011964800508647899, -5.045907315000529358, -2.443099146032160718 ) ) ;
#2940 = CARTESIAN_POINT ( 'NONE',  ( 1.925929944387235853E-31, 3.999999999999997335, -4.000000000000000888 ) ) ;
#2941 =( BOUNDED_SURFACE ( )  B_SPLINE_SURFACE ( 3, 2, ( 
 ( #4241, #4358, #3291 ),
 ( #2070, #4980, #2108 ),
 ( #5526, #500, #6002 ),
 ( #3718, #7180, #1554 ),
 ( #6596, #971, #5967 ),
 ( #2734, #1998, #6482 ),
 ( #2621, #3793, #6039 ),
 ( #6074, #4874, #393 ),
 ( #934, #3140, #356 ),
 ( #1006, #4280, #1043 ),
 ( #3181, #5420, #7104 ),
 ( #3682, #6557, #1518 ),
 ( #3758, #5380, #2586 ),
 ( #3218, #7069, #3252 ),
 ( #5490, #5926, #465 ),
 ( #893, #2698, #3828 ),
 ( #2035, #4943, #5455 ),
 ( #430, #2144, #6520 ),
 ( #1480, #2659, #4909 ),
 ( #7140, #4390, #6626 ),
 ( #1588, #2909, #1765 ),
 ( #1148, #4424, #3899 ),
 ( #1691, #5049, #5083 ),
 ( #1218, #3460, #6143 ),
 ( #6731, #3353, #636 ),
 ( #21, #6765, #55 ),
 ( #2800, #601, #2835 ),
 ( #2250, #1111, #2281 ),
 ( #3934, #4533, #6179 ),
 ( #2871, #3323, #1727 ),
 ( #3972, #6662, #6216 ),
 ( #5012, #1660, #5592 ),
 ( #1183, #5630, #3426 ),
 ( #3867, #2320, #3388 ),
 ( #5666, #7214, #5115 ),
 ( #90, #2766, #1624 ),
 ( #5699, #4572, #4497 ),
 ( #6808, #4010, #669 ),
 ( #6252, #2176, #563 ),
 ( #6111, #1079, #5558 ),
 ( #533, #7248, #2215 ),
 ( #4461, #6698, #2391 ),
 ( #5773, #4715, #1912 ),
 ( #1944, #741, #3531 ),
 ( #6874, #6286, #3496 ),
 ( #2983, #5739, #4154 ),
 ( #1363, #5151, #6395 ),
 ( #848, #5259, #6982 ),
 ( #4193, #6949, #4116 ),
 ( #1292, #3059, #1253 ),
 ( #5187, #127, #6430 ),
 ( #2356, #232, #1401 ),
 ( #4609, #3635, #3602 ),
 ( #5882, #192, #1326 ),
 ( #6914, #5221, #3019 ),
 ( #6841, #1800, #4078 ),
 ( #4679, #2428, #5846 ),
 ( #1874, #813, #2465 ),
 ( #6360, #5810, #775 ),
 ( #3566, #1836, #5295 ),
 ( #265, #2500, #4751 ),
 ( #4043, #708, #2947 ),
 ( #159, #6323, #4643 ),
 ( #3127, #1985, #3169 ),
 ( #5367, #4270, #5478 ),
 ( #455, #7093, #3242 ),
 ( #6064, #3208, #996 ),
 ( #5915, #4788, #3706 ),
 ( #5445, #303, #7021 ),
 ( #882, #2688, #5408 ),
 ( #7169, #1507, #2097 ),
 ( #1545, #420, #2059 ),
 ( #4828, #1579, #6618 ),
 ( #7058, #3747, #344 ),
 ( #2573, #2648, #4230 ),
 ( #4382, #4896, #5954 ),
 ( #4864, #5330, #7131 ),
 ( #4348, #6586, #3092 ),
 ( #3783, #2535, #6028 ),
 ( #5993, #2135, #4933 ),
 ( #3670, #6507, #3819 ),
 ( #6471, #2024, #1435 ),
 ( #1469, #922, #383 ),
 ( #2611, #4306, #6547 ),
 ( #961, #2343, #5518 ),
 ( #6102, #4663, #6827 ),
 ( #2854, #4063, #4557 ),
 ( #147, #3280, #492 ),
 ( #6791, #3995, #5761 ),
 ( #2932, #2726, #3447 ),
 ( #692, #6272, #1071 ),
 ( #5103, #4415, #1750 ),
 ( #1615, #6237, #1277 ),
 ( #4971, #1785, #76 ),
 ( #2411, #3316, #2302 ),
 ( #7206, #1238, #5651 ),
 ( #3518, #2168, #729 ),
 ( #2968, #5174, #4101 ),
 ( #6309, #5137, #3857 ),
 ( #1204, #1857, #3480 ),
 ( #6651, #5686, #620 ),
 ( #6897, #111, #1034 ),
 ( #5206, #2375, #6860 ),
 ( #4595, #656, #2894 ),
 ( #4029, #1820, #5723 ),
 ( #4628, #178, #252 ),
 ( #3002, #1455, #3078 ),
 ( #5902, #2045, #6454 ),
 ( #5317, #1898, #759 ),
 ( #7077, #1420, #3552 ),
 ( #1384, #4137, #4252 ),
 ( #288, #4848, #797 ),
 ( #868, #4808, #3655 ),
 ( #3040, #5281, #6347 ),
 ( #1313, #5241, #3585 ),
 ( #1348, #3113, #214 ),
 ( #367, #5349, #6969 ),
 ( #835, #5793, #326 ),
 ( #2556, #7042, #2451 ),
 ( #2007, #4700, #6491 ),
 ( #7003, #3153, #3692 ),
 ( #904, #5937, #6382 ),
 ( #6936, #5829, #2486 ),
 ( #4737, #1931, #4174 ),
 ( #6414, #3620, #5390 ),
 ( #5867, #2521, #4772 ),
 ( #1968, #2595, #4213 ),
 ( #6011, #7224, #439 ),
 ( #3302, #6530, #3729 ),
 ( #2671, #7153, #1637 ),
 ( #6086, #1491, #6604 ),
 ( #2153, #2081, #2187 ),
 ( #981, #402, #4918 ),
 ( #4882, #2121, #4437 ),
 ( #5977, #2712, #3227 ),
 ( #5571, #4330, #5464 ),
 ( #945, #1057, #3190 ),
 ( #6569, #4401, #1531 ),
 ( #4369, #3880, #1563 ),
 ( #3805, #6049, #1016 ),
 ( #6122, #3767, #5429 ),
 ( #6674, #3265, #7114 ),
 ( #5502, #5024, #6636 ),
 ( #2631, #477, #4957 ),
 ( #7192, #1598, #1091 ),
 ( #3334, #3841, #2746 ),
 ( #5538, #512, #4991 ),
 ( #543, #2776, #7258 ),
 ( #4291, #6263, #6229 ),
 ( #5095, #612, #5712 ),
 ( #3363, #574, #1123 ),
 ( #4510, #6299, #67 ),
 ( #5642, #3945, #138 ),
 ( #1269, #6709, #5061 ),
 ( #1230, #3472, #4054 ),
 ( #32, #1196, #3913 ),
 ( #4473, #3508, #2845 ),
 ( #6157, #5606, #2813 ),
 ( #2367, #683, #2260 ),
 ( #4546, #5677, #647 ),
 ( #2294, #103, #1669 ),
 ( #6745, #2922, #1704 ),
 ( #6191, #6780, #1739 ),
 ( #5753, #4021, #1158 ),
 ( #719, #1777, #2333 ),
 ( #4620, #2884, #3401 ),
 ( #3986, #5165, #3439 ),
 ( #5127, #4586, #6819 ),
 ( #6852, #1811, #2958 ),
 ( #5198, #2227, #5821 ),
 ( #4801, #1447, #1957 ),
 ( #826, #3070, #2994 ),
 ( #5343, #5857, #1888 ),
 ( #787, #6444, #752 ),
 ( #316, #5232, #4654 ),
 ( #6372, #4129, #3685 ),
 ( #1338, #3577, #2403 ),
 ( #2441, #3031, #2548 ),
 ( #7034, #4164, #2000 ),
 ( #3142, #278, #4243 ),
 ( #203, #1849, #5271 ),
 ( #1413, #244, #170 ),
 ( #4727, #5929, #895 ),
 ( #6887, #2477, #6484 ),
 ( #5894, #4763, #6405 ),
 ( #6961, #4091, #4690 ),
 ( #6337, #6928, #1922 ),
 ( #6994, #1305, #4205 ),
 ( #2513, #1374, #5308 ),
 ( #3542, #3648, #3612 ),
 ( #861, #3104, #5784 ),
 ( #1082, #5492, #7216 ),
 ( #2178, #4945, #4360 ),
 ( #1520, #3293, #6522 ),
 ( #3183, #936, #5422 ),
 ( #6559, #5382, #467 ),
 ( #3760, #358, #4426 ),
 ( #2588, #1626, #432 ),
 ( #3795, #7143, #3870 ),
 ( #2110, #6113, #7106 ),
 ( #5457, #6598, #2701 ),
 ( #2072, #4841, #395 ),
 ( #2623, #2661, #7182 ),
 ( #1556, #6664, #973 ),
 ( #1590, #4322, #1482 ),
 ( #4282, #3220, #3720 ),
 ( #2146, #3830, #7071 ),
 ( #4392, #2037, #6628 ),
 ( #6041, #5969, #6076 ),
 ( #4876, #6004, #5529 ),
 ( #1045, #4911, #1008 ),
 ( #3254, #502, #2736 ),
 ( #4982, #7250, #3463 ),
 ( #3325, #6844, #5632 ),
 ( #1730, #5087, #1150 ),
 ( #2768, #4612, #1803 ),
 ( #4499, #2837, #6734 ),
 ( #3903, #3390, #2874 ),
 ( #1187, #6181, #3975 ),
 ( #6146, #603, #23 ),
 ( #5119, #58, #3430 ),
 ( #1113, #2285, #5702 ),
 ( #535, #6219, #2252 ),
 ( #4046, #3355, #5051 ),
 ( #5560, #5669, #5594 ),
 ( #673, #2217, #2912 ),
 ( #5154, #93, #6289 ),
 ( #565, #4013, #4576 ),
 ( #639, #5014, #6811 ),
 ( #4463, #2323, #4536 ),
 ( #1768, #2803, #6255 ),
 ( #1693, #6700, #1221 ),
 ( #3936, #130, #1662 ),
 ( #6768, #2359, #815 ),
 ( #1365, #6433, #5261 ),
 ( #2950, #1878, #1988 ),
 ( #5742, #5190, #3569 ),
 ( #1403, #5813, #5224 ),
 ( #6951, #267, #4718 ),
 ( #234, #5848, #162 ),
 ( #4232, #1295, #4156 ),
 ( #5776, #195, #3534 ),
 ( #2394, #3061, #2537 ),
 ( #4119, #1914, #3022 ),
 ( #3604, #744, #5332 ),
 ( #2431, #4682, #2986 ),
 ( #6917, #305, #711 ),
 ( #5297, #2502, #4753 ),
 ( #3637, #4081, #2467 ),
 ( #6363, #3500, #4790 ),
 ( #1329, #4646, #6877 ),
 ( #1256, #3094, #6984 ),
 ( #7023, #778, #6397 ),
 ( #1946, #4195, #5884 ),
 ( #850, #1839, #6327 ),
 ( #5917, #6509, #4867 ),
 ( #3821, #494, #998 ),
 ( #1509, #2728, #6031 ),
 ( #4272, #4384, #4899 ),
 ( #2576, #7095, #5481 ),
 ( #2061, #6620, #7060 ),
 ( #2650, #7133, #963 ),
 ( #4350, #884, #4973 ),
 ( #5410, #386, #5995 ),
 ( #7171, #2026, #6549 ),
 ( #6588, #1547, #4309 ),
 ( #2099, #1471, #3749 ),
 ( #3785, #3244, #3211 ),
 ( #457, #3709, #5447 ),
 ( #5956, #3672, #2690 ),
 ( #924, #7208, #3171 ),
 ( #422, #6067, #2613 ),
 ( #4935, #2137, #1582 ),
 ( #1036, #3282, #5369 ),
 ( #5520, #2170, #6473 ),
 ( #1437, #3130, #346 ),
 ( #4831, #122, #4529 ),
 ( #665, #2905, #1144 ),
 ( #6138, #2315, #3967 ),
 ( #1722, #3383, #1106 ),
 ( #5147, #6690, #1654 ),
 ( #6211, #1179, #5625 ),
 ( #16, #2794, #630 ),
 ( #5553, #2761, #3318 ),
 ( #5006, #3421, #6761 ),
 ( #4417, #5662, #2866 ),
 ( #5112, #6248, #5077 ),
 ( #86, #596, #7242 ),
 ( #4568, #528, #6804 ),
 ( #2209, #4456, #3348 ),
 ( #6654, #1762, #1215 ),
 ( #4007, #3456, #6104 ),
 ( #1617, #5586, #5696 ),
 ( #3859, #2831, #1073 ),
 ( #3894, #558, #5041 ),
 ( #2243, #4490, #6726 ),
 ( #1686, #3930, #6173 ),
 ( #49, #2277, #5184 ),
 ( #2353, #4040, #2944 ),
 ( #4604, #704, #3492 ),
 ( #6282, #6838, #1248 ),
 ( #1797, #5734, #3716 ),
 ( #5378, #5924, #1443 ),
 ( #4798, #4202, #1410 ),
 ( #891, #3645, #7102 ),
 ( #6555, #3067, #4316 ),
 ( #6037, #3179, #4907 ),
 ( #7138, #2619, #2033 ),
 ( #6480, #969, #6441 ),
 ( #3101, #5305, #2106 ),
 ( #3680, #4760, #5891 ),
 ( #274, #4356, #1516 ) ),
 .UNSPECIFIED., .F., .F., .T. ) 
 B_SPLINE_SURFACE_WITH_KNOTS ( ( 4, 2, 2, 2, 2, 2, 2, 2, 2, 2, 2, 2, 2, 2, 2, 2, 2, 2, 2, 2, 2, 2, 2, 2, 2, 2, 2, 2, 2, 2, 2, 2, 2, 2, 2, 2, 2, 2, 2, 2, 2, 2, 2, 2, 2, 2, 2, 2, 2, 2, 2, 2, 2, 2, 2, 2, 2, 2, 2, 2, 2, 2, 2, 2, 2, 2, 2, 2, 2, 2, 2, 2, 2, 2, 2, 2, 2, 2, 2, 2, 2, 2, 2, 2, 2, 2, 2, 2, 2, 2, 2, 2, 2, 2, 2, 2, 2, 2, 2, 2, 2, 2, 2, 2, 2, 2, 2, 2, 2, 2, 2, 2, 2, 2, 2, 2, 2, 2, 2, 2, 2, 2, 2, 2, 2, 2, 2, 2, 2, 2, 2, 2, 2, 2, 2, 2, 2, 2, 2, 2, 2, 2, 2, 2, 2, 2, 2, 2, 2, 2, 2, 2, 2, 2, 2, 4 ),
 ( 3, 3 ),
 ( 0.003034848887455131664, 0.003808960515896471499, 0.004583072144337811335, 0.005357183772779151171, 0.006131295401220491874, 0.006518351215441161792, 0.006905407029661832577, 0.007679518658103172413, 0.008453630286544512248, 0.009227741914985852084, 0.009614797729206522869, 0.01000185354342719192, 0.01077596517186853176, 0.01155007680030987333, 0.01232418842875121316, 0.01309830005719255300, 0.01348535587141322378, 0.01387241168563389457, 0.01464652331407523440, 0.01542063494251657424, 0.01619474657095791581, 0.01658180238517858313, 0.01696885819939925391, 0.01774296982784059201, 0.01851708145628193358, 0.01929119308472327515, 0.02006530471316461672, 0.02083941634160595829, 0.02122647215582662561, 0.02161352797004729639, 0.02238763959848863450, 0.02316175122692997607, 0.02393586285537131764, 0.02432291866959198842, 0.02470997448381265921, 0.02548408611225400078, 0.02625819774069533888, 0.02703230936913667698, 0.02780642099757801855, 0.02858053262601936012, 0.02935464425446069822, 0.03012875588290203632, 0.03090286751134337789, 0.03128992332556404521, 0.03167697913978471946, 0.03245109076822605410, 0.03322520239666739567, 0.03399931402510873724, 0.03438636983932941149, 0.03477342565355007881, 0.03554753728199142038, 0.03632164891043276195, 0.03709576053887410352, 0.03786987216731544509, 0.03864398379575678666, 0.03903103960997745397, 0.03941809542419812129, 0.04019220705263946286, 0.04096631868108080443, 0.04174043030952213906, 0.04212748612374281332, 0.04251454193796348063, 0.04328865356640482220, 0.04406276519484616377, 0.04483687682328750534, 0.04561098845172884692, 0.04638510008017018849, 0.04715921170861153006, 0.04793332333705287163, 0.04870743496549420626, 0.04909449077971488051, 0.04948154659393554783, 0.05025565822237688940, 0.05102976985081822403, 0.05180388147925956560, 0.05257799310770090717, 0.05335210473614224874, 0.05412621636458359031, 0.05451327217880426457, 0.05490032799302493188, 0.05567443962146627345, 0.05644855124990761502, 0.05722266287834895659, 0.05799677450679029123, 0.05838383032101096548, 0.05877088613523163280, 0.05954499776367297437, 0.06031910939211430900, 0.06109322102055565057, 0.06148027683477631788, 0.06186733264899699214, 0.06264144427743834065, 0.06341555590587967528, 0.06418966753432100991, 0.06457672334854168417, 0.06496377916276235842, 0.06573789079120370693, 0.06612494660542436731, 0.06651200241964504156, 0.06728611404808637619, 0.06806022567652772470, 0.06883433730496905933, 0.06922139311918973359, 0.06960844893341039397, 0.07038256056185174248, 0.07115667219029307711, 0.07193078381873441174, 0.07231783963295508599, 0.07270489544717576025, 0.07347900707561709488, 0.07425311870405842951, 0.07502723033249977802, 0.07580134196094111265, 0.07618839777516178691, 0.07657545358938244728, 0.07734956521782379579, 0.07812367684626514430, 0.07889778847470647893, 0.07928484428892715319, 0.07967190010314781357, 0.08044601173158916207, 0.08122012336003049671, 0.08199423498847183134, 0.08238129080269250559, 0.08276834661691317985, 0.08354245824535451448, 0.08392951405957518873, 0.08431656987379584911, 0.08509068150223719762, 0.08586479313067853225, 0.08663890475911986688, 0.08702596057334054114, 0.08741301638756121539, 0.08818712801600255002, 0.08896123964444388466, 0.08973535127288523316, 0.09012240708710590742, 0.09050946290132658167, 0.09128357452976791631, 0.09205768615820925094, 0.09283179778665059945, 0.09360590941509194796, 0.09399296522931260833, 0.09438002104353328259, 0.09515413267197461722, 0.09592824430041596573, 0.09670235592885731424, 0.09708941174307797461, 0.09747646755729864887, 0.09825057918573998350, 0.09902469081418133201, 0.09979880244262266664, 0.1001858582568433409, 0.1005729140710640013, 0.1013470256995053498, 0.1021211373279466844 ),
 ( 0.000000000000000000, 1.000000000000000000 ),
 .UNSPECIFIED. ) 
 GEOMETRIC_REPRESENTATION_ITEM ( )  RATIONAL_B_SPLINE_SURFACE ( (
 ( 1.000000000000000000, 0.8547609207375169715, 1.000000000000000000),
 ( 1.000000000000000000, 0.8547553185800264020, 1.000000000000000000),
 ( 1.000000000000000000, 0.8547529075635420526, 1.000000000000000000),
 ( 1.000000000000000000, 0.8547546282201261558, 1.000000000000000000),
 ( 1.000000000000000000, 0.8547588823871903330, 1.000000000000000000),
 ( 1.000000000000000000, 0.8547729313413405805, 1.000000000000000000),
 ( 1.000000000000000000, 0.8547699091096678803, 1.000000000000000000),
 ( 1.000000000000000000, 0.8547570849107413160, 1.000000000000000000),
 ( 1.000000000000000000, 0.8547536992208685236, 1.000000000000000000),
 ( 1.000000000000000000, 0.8547535495503719716, 1.000000000000000000),
 ( 1.000000000000000000, 0.8547543383679626627, 1.000000000000000000),
 ( 1.000000000000000000, 0.8547575078975638840, 1.000000000000000000),
 ( 1.000000000000000000, 0.8547598795156684526, 1.000000000000000000),
 ( 1.000000000000000000, 0.8547691534239222344, 1.000000000000000000),
 ( 1.000000000000000000, 0.8547736523451143764, 1.000000000000000000),
 ( 1.000000000000000000, 0.8547592878437428876, 1.000000000000000000),
 ( 1.000000000000000000, 0.8547549057020241703, 1.000000000000000000),
 ( 1.000000000000000000, 0.8547527919149872089, 1.000000000000000000),
 ( 1.000000000000000000, 0.8547550782528515745, 1.000000000000000000),
 ( 1.000000000000000000, 0.8547630887177964931, 1.000000000000000000),
 ( 1.000000000000000000, 0.8547665558903487781, 1.000000000000000000),
 ( 1.000000000000000000, 0.8547747353473054144, 1.000000000000000000),
 ( 1.000000000000000000, 0.8547738077320812256, 1.000000000000000000),
 ( 1.000000000000000000, 0.8547618780936594440, 1.000000000000000000),
 ( 1.000000000000000000, 0.8547565082829392535, 1.000000000000000000),
 ( 1.000000000000000000, 0.8547525187707646355, 1.000000000000000000),
 ( 1.000000000000000000, 0.8547537830729681207, 1.000000000000000000),
 ( 1.000000000000000000, 0.8547627810064779563, 1.000000000000000000),
 ( 1.000000000000000000, 0.8547822552673713936, 1.000000000000000000),
 ( 1.000000000000000000, 0.8547648083056818002, 1.000000000000000000),
 ( 1.000000000000000000, 0.8547585392122556414, 1.000000000000000000),
 ( 1.000000000000000000, 0.8547541395902310546, 1.000000000000000000),
 ( 1.000000000000000000, 0.8547534668659266810, 1.000000000000000000),
 ( 1.000000000000000000, 0.8547537690912621056, 1.000000000000000000),
 ( 1.000000000000000000, 0.8547547619670678998, 1.000000000000000000),
 ( 1.000000000000000000, 0.8547600948386792075, 1.000000000000000000),
 ( 1.000000000000000000, 0.8547667658144412206, 1.000000000000000000),
 ( 1.000000000000000000, 0.8547852279412658794, 1.000000000000000000),
 ( 1.000000000000000000, 0.8547609895182952666, 1.000000000000000000),
 ( 1.000000000000000000, 0.8547532467552749758, 1.000000000000000000),
 ( 1.000000000000000000, 0.8547525726767768450, 1.000000000000000000),
 ( 1.000000000000000000, 0.8547564805588051540, 1.000000000000000000),
 ( 1.000000000000000000, 0.8547585779244974979, 1.000000000000000000),
 ( 1.000000000000000000, 0.8547642856258128585, 1.000000000000000000),
 ( 1.000000000000000000, 0.8547679294829574337, 1.000000000000000000),
 ( 1.000000000000000000, 0.8547806563026165705, 1.000000000000000000),
 ( 1.000000000000000000, 0.8547638311891607721, 1.000000000000000000),
 ( 1.000000000000000000, 0.8547542109801362642, 1.000000000000000000),
 ( 1.000000000000000000, 0.8547525752839462143, 1.000000000000000000),
 ( 1.000000000000000000, 0.8547558854482628643, 1.000000000000000000),
 ( 1.000000000000000000, 0.8547609293385083351, 1.000000000000000000),
 ( 1.000000000000000000, 0.8547762895843549202, 1.000000000000000000),
 ( 1.000000000000000000, 0.8547669654606180334, 1.000000000000000000),
 ( 1.000000000000000000, 0.8547556034839349781, 1.000000000000000000),
 ( 1.000000000000000000, 0.8547530055010502670, 1.000000000000000000),
 ( 1.000000000000000000, 0.8547540625383550639, 1.000000000000000000),
 ( 1.000000000000000000, 0.8547552580676405221, 1.000000000000000000),
 ( 1.000000000000000000, 0.8547591952259543380, 1.000000000000000000),
 ( 1.000000000000000000, 0.8547619341255814351, 1.000000000000000000),
 ( 1.000000000000000000, 0.8547722474620627064, 1.000000000000000000),
 ( 1.000000000000000000, 0.8547704506528648327, 1.000000000000000000),
 ( 1.000000000000000000, 0.8547574653574603332, 1.000000000000000000),
 ( 1.000000000000000000, 0.8547538569222862259, 1.000000000000000000),
 ( 1.000000000000000000, 0.8547533647756210273, 1.000000000000000000),
 ( 1.000000000000000000, 0.8547564408723664631, 1.000000000000000000),
 ( 1.000000000000000000, 0.8547655468465737982, 1.000000000000000000),
 ( 1.000000000000000000, 0.8547693628709824853, 1.000000000000000000),
 ( 1.000000000000000000, 0.8547781444363713454, 1.000000000000000000),
 ( 1.000000000000000000, 0.8547706776196841716, 1.000000000000000000),
 ( 1.000000000000000000, 0.8547597207263807340, 1.000000000000000000),
 ( 1.000000000000000000, 0.8547551256912874207, 1.000000000000000000),
 ( 1.000000000000000000, 0.8547527290709237002, 1.000000000000000000),
 ( 1.000000000000000000, 0.8547548121768575591, 1.000000000000000000),
 ( 1.000000000000000000, 0.8547653130967662882, 1.000000000000000000),
 ( 1.000000000000000000, 0.8547785569042108955, 1.000000000000000000),
 ( 1.000000000000000000, 0.8547623244690588651, 1.000000000000000000),
 ( 1.000000000000000000, 0.8547568219872045958, 1.000000000000000000),
 ( 1.000000000000000000, 0.8547525204747896677, 1.000000000000000000),
 ( 1.000000000000000000, 0.8547536686196809397, 1.000000000000000000),
 ( 1.000000000000000000, 0.8547622985756201386, 1.000000000000000000),
 ( 1.000000000000000000, 0.8547830709161253759, 1.000000000000000000),
 ( 1.000000000000000000, 0.8547652119625065437, 1.000000000000000000),
 ( 1.000000000000000000, 0.8547589403104165484, 1.000000000000000000),
 ( 1.000000000000000000, 0.8547527338289868659, 1.000000000000000000),
 ( 1.000000000000000000, 0.8547528983956801385, 1.000000000000000000),
 ( 1.000000000000000000, 0.8547579685874723276, 1.000000000000000000),
 ( 1.000000000000000000, 0.8547604424384467325, 1.000000000000000000),
 ( 1.000000000000000000, 0.8547668713060414536, 1.000000000000000000),
 ( 1.000000000000000000, 0.8547708546536810781, 1.000000000000000000),
 ( 1.000000000000000000, 0.8547844601162182254, 1.000000000000000000),
 ( 1.000000000000000000, 0.8547614556507034944, 1.000000000000000000),
 ( 1.000000000000000000, 0.8547533430659712828, 1.000000000000000000),
 ( 1.000000000000000000, 0.8547525387108320105, 1.000000000000000000),
 ( 1.000000000000000000, 0.8547574287067850607, 1.000000000000000000),
 ( 1.000000000000000000, 0.8547632407147949252, 1.000000000000000000),
 ( 1.000000000000000000, 0.8547757025322039182, 1.000000000000000000),
 ( 1.000000000000000000, 0.8547728815151347526, 1.000000000000000000),
 ( 1.000000000000000000, 0.8547650803973816380, 1.000000000000000000),
 ( 1.000000000000000000, 0.8547618074180786119, 1.000000000000000000),
 ( 1.000000000000000000, 0.8547544074376940415, 1.000000000000000000),
 ( 1.000000000000000000, 0.8547526057389778220, 1.000000000000000000),
 ( 1.000000000000000000, 0.8547556252868400151, 1.000000000000000000),
 ( 1.000000000000000000, 0.8547604775975228275, 1.000000000000000000),
 ( 1.000000000000000000, 0.8547755676803032721, 1.000000000000000000),
 ( 1.000000000000000000, 0.8547674842091745884, 1.000000000000000000),
 ( 1.000000000000000000, 0.8547559206364987450, 1.000000000000000000),
 ( 1.000000000000000000, 0.8547531072629896975, 1.000000000000000000),
 ( 1.000000000000000000, 0.8547542301011492594, 1.000000000000000000),
 ( 1.000000000000000000, 0.8547580847753615263, 1.000000000000000000),
 ( 1.000000000000000000, 0.8547682578866345748, 1.000000000000000000),
 ( 1.000000000000000000, 0.8547810412531047231, 1.000000000000000000),
 ( 1.000000000000000000, 0.8547717906452025893, 1.000000000000000000),
 ( 1.000000000000000000, 0.8547677783936061813, 1.000000000000000000),
 ( 1.000000000000000000, 0.8547578329560036048, 1.000000000000000000),
 ( 1.000000000000000000, 0.8547540336859920096, 1.000000000000000000),
 ( 1.000000000000000000, 0.8547532341548380597, 1.000000000000000000),
 ( 1.000000000000000000, 0.8547561410908907087, 1.000000000000000000),
 ( 1.000000000000000000, 0.8547680855454421467, 1.000000000000000000),
 ( 1.000000000000000000, 0.8547750589297329338, 1.000000000000000000),
 ( 1.000000000000000000, 0.8547638409212415800, 1.000000000000000000),
 ( 1.000000000000000000, 0.8547607487152449890, 1.000000000000000000),
 ( 1.000000000000000000, 0.8547561947038565533, 1.000000000000000000),
 ( 1.000000000000000000, 0.8547547059980855622, 1.000000000000000000),
 ( 1.000000000000000000, 0.8547526644353607983, 1.000000000000000000),
 ( 1.000000000000000000, 0.8547546468758915328, 1.000000000000000000),
 ( 1.000000000000000000, 0.8547647613633118091, 1.000000000000000000),
 ( 1.000000000000000000, 0.8547793002604238133, 1.000000000000000000),
 ( 1.000000000000000000, 0.8547626876053273648, 1.000000000000000000),
 ( 1.000000000000000000, 0.8547571635669353185, 1.000000000000000000),
 ( 1.000000000000000000, 0.8547525186763536009, 1.000000000000000000),
 ( 1.000000000000000000, 0.8547535191322040982, 1.000000000000000000),
 ( 1.000000000000000000, 0.8547618045166650580, 1.000000000000000000),
 ( 1.000000000000000000, 0.8547837007536448484, 1.000000000000000000),
 ( 1.000000000000000000, 0.8547657919158807571, 1.000000000000000000),
 ( 1.000000000000000000, 0.8547593427306462432, 1.000000000000000000),
 ( 1.000000000000000000, 0.8547527737993000363, 1.000000000000000000),
 ( 1.000000000000000000, 0.8547527976917943526, 1.000000000000000000),
 ( 1.000000000000000000, 0.8547592532551633315, 1.000000000000000000),
 ( 1.000000000000000000, 0.8547658075839477121, 1.000000000000000000),
 ( 1.000000000000000000, 0.8547791664242773146, 1.000000000000000000),
 ( 1.000000000000000000, 0.8547698144399834552, 1.000000000000000000),
 ( 1.000000000000000000, 0.8547626653306649169, 1.000000000000000000),
 ( 1.000000000000000000, 0.8547597578609263946, 1.000000000000000000),
 ( 1.000000000000000000, 0.8547535006992036388, 1.000000000000000000),
 ( 1.000000000000000000, 0.8547525014991456116, 1.000000000000000000),
 ( 1.000000000000000000, 0.8547571275601760776, 1.000000000000000000),
 ( 1.000000000000000000, 0.8547627288053825101, 1.000000000000000000),
 ( 1.000000000000000000, 0.8547792390380501981, 1.000000000000000000),
 ( 1.000000000000000000, 0.8547647157848697885, 1.000000000000000000),
 ( 1.000000000000000000, 0.8547546394828481331, 1.000000000000000000),
 ( 1.000000000000000000, 0.8547526573339787603, 1.000000000000000000),
 ( 1.000000000000000000, 0.8547554104398840114, 1.000000000000000000),
 ( 1.000000000000000000, 0.8547600663000548549, 1.000000000000000000),
 ( 1.000000000000000000, 0.8547751014672627656, 1.000000000000000000),
 ( 1.000000000000000000, 0.8547680441517888639, 1.000000000000000000),
 ( 1.000000000000000000, 0.8547591351451050423, 1.000000000000000000),
 ( 1.000000000000000000, 0.8547568777958370889, 1.000000000000000000),
 ( 1.000000000000000000, 0.8547540363239979344, 1.000000000000000000),
 ( 1.000000000000000000, 0.8547534301101408216, 1.000000000000000000),
 ( 1.000000000000000000, 0.8547540491880811775, 1.000000000000000000),
 ( 1.000000000000000000, 0.8547578433546506593, 1.000000000000000000),
 ( 1.000000000000000000, 0.8547711437655148847, 1.000000000000000000),
 ( 1.000000000000000000, 0.8547717026419068276, 1.000000000000000000),
 ( 1.000000000000000000, 0.8547580356502613164, 1.000000000000000000),
 ( 1.000000000000000000, 0.8547542181431340147, 1.000000000000000000),
 ( 1.000000000000000000, 0.8547531154956993227, 1.000000000000000000),
 ( 1.000000000000000000, 0.8547559511422097023, 1.000000000000000000),
 ( 1.000000000000000000, 0.8547646264845727426, 1.000000000000000000),
 ( 1.000000000000000000, 0.8547682466593594652, 1.000000000000000000),
 ( 1.000000000000000000, 0.8547768070937141749, 1.000000000000000000),
 ( 1.000000000000000000, 0.8547717798044938142, 1.000000000000000000),
 ( 1.000000000000000000, 0.8547604258515573150, 1.000000000000000000),
 ( 1.000000000000000000, 0.8547556313357808078, 1.000000000000000000),
 ( 1.000000000000000000, 0.8547526000208979235, 1.000000000000000000),
 ( 1.000000000000000000, 0.8547544416984084181, 1.000000000000000000),
 ( 1.000000000000000000, 0.8547642746400320179, 1.000000000000000000),
 ( 1.000000000000000000, 0.8547798176956467042, 1.000000000000000000),
 ( 1.000000000000000000, 0.8547673576309818833, 1.000000000000000000),
 ( 1.000000000000000000, 0.8547638397697752133, 1.000000000000000000),
 ( 1.000000000000000000, 0.8547582579414765291, 1.000000000000000000),
 ( 1.000000000000000000, 0.8547561954657564298, 1.000000000000000000),
 ( 1.000000000000000000, 0.8547525272341071068, 1.000000000000000000),
 ( 1.000000000000000000, 0.8547533467243018102, 1.000000000000000000),
 ( 1.000000000000000000, 0.8547614460461201435, 1.000000000000000000),
 ( 1.000000000000000000, 0.8547844120773211429, 1.000000000000000000),
 ( 1.000000000000000000, 0.8547663247018979504, 1.000000000000000000),
 ( 1.000000000000000000, 0.8547596272369912818, 1.000000000000000000),
 ( 1.000000000000000000, 0.8547545724331870876, 1.000000000000000000),
 ( 1.000000000000000000, 0.8547536778987985251, 1.000000000000000000),
 ( 1.000000000000000000, 0.8547535268759629545, 1.000000000000000000),
 ( 1.000000000000000000, 0.8547542863348818187, 1.000000000000000000),
 ( 1.000000000000000000, 0.8547589725162814123, 1.000000000000000000),
 ( 1.000000000000000000, 0.8547652518529336163, 1.000000000000000000),
 ( 1.000000000000000000, 0.8547785574840248701, 1.000000000000000000),
 ( 1.000000000000000000, 0.8547702539036811098, 1.000000000000000000),
 ( 1.000000000000000000, 0.8547630211311468829, 1.000000000000000000),
 ( 1.000000000000000000, 0.8547601092610008777, 1.000000000000000000),
 ( 1.000000000000000000, 0.8547536678630175411, 1.000000000000000000),
 ( 1.000000000000000000, 0.8547525186308034817, 1.000000000000000000),
 ( 1.000000000000000000, 0.8547568509945283610, 1.000000000000000000),
 ( 1.000000000000000000, 0.8547622960470759867, 1.000000000000000000),
 ( 1.000000000000000000, 0.8547786024299974805, 1.000000000000000000),
 ( 1.000000000000000000, 0.8547652781741944539, 1.000000000000000000),
 ( 1.000000000000000000, 0.8547574499692082162, 1.000000000000000000),
 ( 1.000000000000000000, 0.8547555849741131917, 1.000000000000000000),
 ( 1.000000000000000000, 0.8547535368553790258, 1.000000000000000000),
 ( 1.000000000000000000, 0.8547533303595528098, 1.000000000000000000),
 ( 1.000000000000000000, 0.8547551426730907176, 1.000000000000000000),
 ( 1.000000000000000000, 0.8547597388246269690, 1.000000000000000000),
 ( 1.000000000000000000, 0.8547743789265312975, 1.000000000000000000),
 ( 1.000000000000000000, 0.8547686153283738930, 1.000000000000000000),
 ( 1.000000000000000000, 0.8547563961728094073, 1.000000000000000000),
 ( 1.000000000000000000, 0.8547533614667836011, 1.000000000000000000),
 ( 1.000000000000000000, 0.8547537364402075788, 1.000000000000000000),
 ( 1.000000000000000000, 0.8547547005453890456, 1.000000000000000000),
 ( 1.000000000000000000, 0.8547582112878062688, 1.000000000000000000),
 ( 1.000000000000000000, 0.8547607472569037634, 1.000000000000000000),
 ( 1.000000000000000000, 0.8547704782023410885, 1.000000000000000000),
 ( 1.000000000000000000, 0.8547722322156249275, 1.000000000000000000),
 ( 1.000000000000000000, 0.8547584513709479692, 1.000000000000000000),
 ( 1.000000000000000000, 0.8547544173595638117, 1.000000000000000000),
 ( 1.000000000000000000, 0.8547530019008666713, 1.000000000000000000),
 ( 1.000000000000000000, 0.8547556444965929145, 1.000000000000000000),
 ( 1.000000000000000000, 0.8547669525685848146, 1.000000000000000000),
 ( 1.000000000000000000, 0.8547762454047206360, 1.000000000000000000),
 ( 1.000000000000000000, 0.8547647370842966774, 1.000000000000000000),
 ( 1.000000000000000000, 0.8547615625839676268, 1.000000000000000000),
 ( 1.000000000000000000, 0.8547567120533029472, 1.000000000000000000),
 ( 1.000000000000000000, 0.8547550467637048399, 1.000000000000000000),
 ( 1.000000000000000000, 0.8547525722578755980, 1.000000000000000000),
 ( 1.000000000000000000, 0.8547541957710630411, 1.000000000000000000),
 ( 1.000000000000000000, 0.8547638388746771065, 1.000000000000000000),
 ( 1.000000000000000000, 0.8547806081748163809, 1.000000000000000000),
 ( 1.000000000000000000, 0.8547637010701614191, 1.000000000000000000),
 ( 1.000000000000000000, 0.8547577535503636526, 1.000000000000000000),
 ( 1.000000000000000000, 0.8547538653980365497, 1.000000000000000000),
 ( 1.000000000000000000, 0.8547533683526554737, 1.000000000000000000),
 ( 1.000000000000000000, 0.8547540197396313877, 1.000000000000000000),
 ( 1.000000000000000000, 0.8547551873975065551, 1.000000000000000000),
 ( 1.000000000000000000, 0.8547610276355054326, 1.000000000000000000),
 ( 1.000000000000000000, 0.8547852601132749362, 1.000000000000000000),
 ( 1.000000000000000000, 0.8547667887429516442, 1.000000000000000000),
 ( 1.000000000000000000, 0.8547600580900512890, 1.000000000000000000),
 ( 1.000000000000000000, 0.8547529890300159527, 1.000000000000000000),
 ( 1.000000000000000000, 0.8547526776716500851, 1.000000000000000000),
 ( 1.000000000000000000, 0.8547570978649471352, 1.000000000000000000),
 ( 1.000000000000000000, 0.8547593607644959901, 1.000000000000000000),
 ( 1.000000000000000000, 0.8547653770034683296, 1.000000000000000000),
 ( 1.000000000000000000, 0.8547691655830210733, 1.000000000000000000),
 ( 1.000000000000000000, 0.8547823012369383244, 1.000000000000000000),
 ( 1.000000000000000000, 0.8547627608716960035, 1.000000000000000000),
 ( 1.000000000000000000, 0.8547560449524207460, 1.000000000000000000),
 ( 1.000000000000000000, 0.8547545812111143615, 1.000000000000000000),
 ( 1.000000000000000000, 0.8547533307635961641, 1.000000000000000000),
 ( 1.000000000000000000, 0.8547535241183003007, 1.000000000000000000),
 ( 1.000000000000000000, 0.8547565240645809137, 1.000000000000000000),
 ( 1.000000000000000000, 0.8547619035149677247, 1.000000000000000000),
 ( 1.000000000000000000, 0.8547778290309896443, 1.000000000000000000),
 ( 1.000000000000000000, 0.8547657758029443276, 1.000000000000000000),
 ( 1.000000000000000000, 0.8547550396531984340, 1.000000000000000000),
 ( 1.000000000000000000, 0.8547527972692823273, 1.000000000000000000),
 ( 1.000000000000000000, 0.8547543766043173008, 1.000000000000000000),
 ( 1.000000000000000000, 0.8547557463332704497, 1.000000000000000000),
 ( 1.000000000000000000, 0.8547600184269037449, 1.000000000000000000),
 ( 1.000000000000000000, 0.8547629170894751605, 1.000000000000000000),
 ( 1.000000000000000000, 0.8547736697692054353, 1.000000000000000000),
 ( 1.000000000000000000, 0.8547691298104721502, 1.000000000000000000),
 ( 1.000000000000000000, 0.8547567511122101669, 1.000000000000000000),
 ( 1.000000000000000000, 0.8547534953674532643, 1.000000000000000000),
 ( 1.000000000000000000, 0.8547537038703670875, 1.000000000000000000),
 ( 1.000000000000000000, 0.8547571311286694673, 1.000000000000000000),
 ( 1.000000000000000000, 0.8547666916506202472, 1.000000000000000000),
 ( 1.000000000000000000, 0.8547706506722615449, 1.000000000000000000),
 ( 1.000000000000000000, 0.8547796973300828549, 1.000000000000000000),
 ( 1.000000000000000000, 0.8547693792700687965, 1.000000000000000000),
 ( 1.000000000000000000, 0.8547588626193435291, 1.000000000000000000),
 ( 1.000000000000000000, 0.8547546140022759253, 1.000000000000000000),
 ( 1.000000000000000000, 0.8547529125061419375, 1.000000000000000000),
 ( 1.000000000000000000, 0.8547553381513299797, 1.000000000000000000),
 ( 1.000000000000000000, 0.8547664928488463154, 1.000000000000000000),
 ( 1.000000000000000000, 0.8547769975736092540, 1.000000000000000000),
 ( 1.000000000000000000, 0.8547613326066179074, 1.000000000000000000),
 ( 1.000000000000000000, 0.8547561589052037334, 1.000000000000000000),
 ( 1.000000000000000000, 0.8547534499664148910, 1.000000000000000000),
 ( 1.000000000000000000, 0.8547533526160839834, 1.000000000000000000),
 ( 1.000000000000000000, 0.8547548068056007864, 1.000000000000000000),
 ( 1.000000000000000000, 0.8547563767432890813, 1.000000000000000000),
 ( 1.000000000000000000, 0.8547633461536036092, 1.000000000000000000),
 ( 1.000000000000000000, 0.8547814101686853627, 1.000000000000000000),
 ( 1.000000000000000000, 0.8547640999062554590, 1.000000000000000000),
 ( 1.000000000000000000, 0.8547581284410010749, 1.000000000000000000),
 ( 1.000000000000000000, 0.8547526060101049428, 1.000000000000000000),
 ( 1.000000000000000000, 0.8547531330958585416, 1.000000000000000000),
 ( 1.000000000000000000, 0.8547587071870366149, 1.000000000000000000),
 ( 1.000000000000000000, 0.8547613423048359138, 1.000000000000000000),
 ( 1.000000000000000000, 0.8547680683909779642, 1.000000000000000000),
 ( 1.000000000000000000, 0.8547812870241919825, 1.000000000000000000),
 ( 1.000000000000000000, 0.8547673349575928281, 1.000000000000000000),
 ( 1.000000000000000000, 0.8547605013060068924, 1.000000000000000000),
 ( 1.000000000000000000, 0.8547530674663139649, 1.000000000000000000),
 ( 1.000000000000000000, 0.8547526177394341174, 1.000000000000000000),
 ( 1.000000000000000000, 0.8547581889326861804, 1.000000000000000000),
 ( 1.000000000000000000, 0.8547643289196469318, 1.000000000000000000),
 ( 1.000000000000000000, 0.8547771936185988295, 1.000000000000000000),
 ( 1.000000000000000000, 0.8547715133041574598, 1.000000000000000000),
 ( 1.000000000000000000, 0.8547640023980859203, 1.000000000000000000),
 ( 1.000000000000000000, 0.8547608874542717006, 1.000000000000000000),
 ( 1.000000000000000000, 0.8547539704638372760, 1.000000000000000000),
 ( 1.000000000000000000, 0.8547525275790577304, 1.000000000000000000),
 ( 1.000000000000000000, 0.8547562375534558665, 1.000000000000000000),
 ( 1.000000000000000000, 0.8547614410373229887, 1.000000000000000000),
 ( 1.000000000000000000, 0.8547692569818929886, 1.000000000000000000) ) ) 
 REPRESENTATION_ITEM ( '' )  SURFACE ( )  );
#2942 = FACE_OUTER_BOUND ( 'NONE', #3578, .T. ) ;
#2943 = DIRECTION ( 'NONE',  ( 3.026521842945509783E-28, 0.000000000000000000, -1.000000000000000000 ) ) ;
#2944 = CARTESIAN_POINT ( 'NONE',  ( -3.142649264167673984, -8.230950063476964118, -0.5242991319894495517 ) ) ;
#2945 = CARTESIAN_POINT ( 'NONE',  ( 1.315128060534576981, -4.909134615384943778, 3.174999999999999378 ) ) ;
#2946 = CARTESIAN_POINT ( 'NONE',  ( 0.8249775794785437766, -4.014324541966488802, 3.073022334051206172 ) ) ;
#2947 = CARTESIAN_POINT ( 'NONE',  ( -1.719964321881902958, -4.453187977145350196, -2.681735759705306421 ) ) ;
#2948 = VERTEX_POINT ( 'NONE', #6715 ) ;
#2949 = CARTESIAN_POINT ( 'NONE',  ( 1.168439871135500630, -6.927045491357538332, 2.963820225955684950 ) ) ;
#2950 = CARTESIAN_POINT ( 'NONE',  ( -2.950722110717890256, -7.191983209160865975, -1.025362057325290399 ) ) ;
#2951 = CARTESIAN_POINT ( 'NONE',  ( -2.291060842380302276, -4.504380515005441232, -2.134359582776336861 ) ) ;
#2952 = CARTESIAN_POINT ( 'NONE',  ( -1.726331125885192774, -8.269892336594073967, -2.612332831576349879 ) ) ;
#2953 = CARTESIAN_POINT ( 'NONE',  ( -0.2084494171852342981, -5.509752587014299152, -3.175000000001088729 ) ) ;
#2954 = CARTESIAN_POINT ( 'NONE',  ( 2.525414420702734031, -5.364731766289156489, 1.546370343417085175E-16 ) ) ;
#2955 = DIRECTION ( 'NONE',  ( -0.000000000000000000, 1.000000000000000000, 0.000000000000000000 ) ) ;
#2956 = CARTESIAN_POINT ( 'NONE',  ( 0.000000000000000000, 1.999999999999997780, -2.000000000000000000 ) ) ;
#2957 = CARTESIAN_POINT ( 'NONE',  ( 3.027811646080379671, -5.813013632927302332, 0.9904158645650563697 ) ) ;
#2958 = CARTESIAN_POINT ( 'NONE',  ( -3.166978210598980770, -6.239836478712312839, 0.2615629541036089689 ) ) ;
#2959 = ORIENTED_EDGE ( 'NONE', *, *, #4542, .T. ) ;
#2960 = CARTESIAN_POINT ( 'NONE',  ( -0.6836899981999968734, -8.696548710042996788, -2.680373597674952979 ) ) ;
#2961 = EDGE_CURVE ( 'NONE', #5054, #658, #2087, .T. ) ;
#2962 = ORIENTED_EDGE ( 'NONE', *, *, #7236, .T. ) ;
#2963 = CARTESIAN_POINT ( 'NONE',  ( -2.443099146032159830, -7.732445776538778404, -1.011964800508649009 ) ) ;
#2964 = CARTESIAN_POINT ( 'NONE',  ( -0.4767844997393119177, 7.188829955867817034, -4.212096350734394257 ) ) ;
#2965 = CARTESIAN_POINT ( 'NONE',  ( -2.284302405189684748, -3.499999999999999556, -2.183171662851357997 ) ) ;
#2966 = PERSON ( 'UNSPECIFIED', 'UNSPECIFIED', 'UNSPECIFIED', ('UNSPECIFIED'), ('UNSPECIFIED'), ('UNSPECIFIED') ) ;
#2967 = CARTESIAN_POINT ( 'NONE',  ( 3.185375323941550985, -4.849904467491193749, 0.04364761078078668866 ) ) ;
#2968 = CARTESIAN_POINT ( 'NONE',  ( -0.3647407653906707958, -4.959739517925189745, 3.102463379074181571 ) ) ;
#2969 = CARTESIAN_POINT ( 'NONE',  ( 1.785737662185200136, -4.087191310634599617, -1.785737662185199692 ) ) ;
#2970 = ORIENTED_EDGE ( 'NONE', *, *, #2603, .T. ) ;
#2971 = CARTESIAN_POINT ( 'NONE',  ( -2.170456007981047541, -0.7249199181441113859, 4.500000000000000000 ) ) ;
#2972 = CARTESIAN_POINT ( 'NONE',  ( -2.781948156282277651, -7.392957327400684342, -1.437508690941779355 ) ) ;
#2973 = CARTESIAN_POINT ( 'NONE',  ( -1.785737662185199692, -4.819883618326848307, -1.785737662185200358 ) ) ;
#2974 = CARTESIAN_POINT ( 'NONE',  ( -2.525414420702733587, -7.689595156788160857, -1.046060903667667130 ) ) ;
#2975 = CARTESIAN_POINT ( 'NONE',  ( -8.490410945321241193E-14, -6.496910396938715415, -3.174999999999999822 ) ) ;
#2976 = DIRECTION ( 'NONE',  ( -0.000000000000000000, -1.000000000000000000, -0.000000000000000000 ) ) ;
#2977 = CARTESIAN_POINT ( 'NONE',  ( 0.9421176792869042638, -8.379284073068605565, -2.920815495248282101 ) ) ;
#2978 = ADVANCED_FACE ( 'NONE', ( #4997 ), #3775, .F. ) ;
#2979 =( BOUNDED_SURFACE ( )  B_SPLINE_SURFACE ( 3, 2, ( 
 ( #5453, #2657, #2696 ),
 ( #3970, #1041, #3897 ),
 ( #4941, #6695, #3250 ),
 ( #4531, #7178, #561 ),
 ( #3351, #1622, #1658 ),
 ( #5488, #1109, #3288 ),
 ( #3865, #2174, #4422 ),
 ( #6177, #5524, #5081 ),
 ( #3826, #5046, #19 ),
 ( #2833, #1146, #6072 ),
 ( #2142, #498, #463 ),
 ( #6660, #1003, #5590 ),
 ( #4388, #3386, #6624 ),
 ( #1725, #5628, #1689 ),
 ( #6141, #7212, #2732 ),
 ( #4978, #6109, #1077 ),
 ( #2798, #3321, #5556 ),
 ( #6763, #531, #2764 ),
 ( #2248, #1586, #4495 ),
 ( #5010, #7246, #2213 ),
 ( #4459, #6729, #3932 ),
 ( #599, #53, #2279 ),
 ( #3049, #4820, #769 ),
 ( #5876, #4781, #3629 ),
 ( #3011, #5251, #7052 ),
 ( #3561, #5804, #3595 ),
 ( #1181, #2567, #2869 ),
 ( #336, #1393, #6944 ),
 ( #805, #3424, #6424 ),
 ( #3122, #1906, #223 ),
 ( #2459, #4224, #6355 ),
 ( #6977, #5360, #843 ),
 ( #6906, #4710, #6463 ),
 ( #3086, #4110, #1866 ),
 ( #4146, #6391, #6214 ),
 ( #2016, #1357, #5664 ),
 ( #7015, #634, #1321 ),
 ( #5839, #5290, #260 ),
 ( #4184, #5216, #186 ),
 ( #2494, #4745, #1939 ),
 ( #5325, #296, #3665 ),
 ( #2530, #1978, #1429 ),
 ( #5911, #877, #2420 ),
 ( #4671, #6056, #3813 ),
 ( #6539, #1500, #3739 ),
 ( #1065, #4925, #5401 ),
 ( #7122, #2640, #486 ),
 ( #377, #2604, #3161 ),
 ( #4856, #1026, #6612 ),
 ( #4261, #5510, #3273 ),
 ( #4376, #6094, #7161 ),
 ( #2720, #4965, #3310 ),
 ( #7085, #989, #5946 ),
 ( #2053, #3200, #5439 ),
 ( #1570, #5545, #4890 ),
 ( #519, #7199, #6500 ),
 ( #1464, #5985, #954 ),
 ( #2090, #2129, #3700 ),
 ( #2753, #410, #4340 ),
 ( #6579, #2162, #4299 ),
 ( #4407, #6644, #1606 ),
 ( #4999, #3849, #7231 ),
 ( #914, #2680, #1539 ),
 ( #3777, #6021, #3234 ),
 ( #5471, #447, #6682 ),
 ( #1134, #3922, #3479 ),
 ( #6165, #3374, #4445 ),
 ( #5722, #5613, #4594 ),
 ( #1711, #5, #2236 ),
 ( #2853, #2821, #5033 ),
 ( #3446, #1646, #4556 ),
 ( #3887, #6131, #4520 ),
 ( #110, #6752, #584 ),
 ( #619, #1203, #5649 ),
 ( #1167, #6790, #1099 ),
 ( #5173, #4481, #5068 ),
 ( #691, #39, #6717 ),
 ( #1749, #2198, #2301 ),
 ( #6200, #1678, #3341 ),
 ( #2931, #3994, #5578 ),
 ( #3955, #2267, #2342 ),
 ( #6271, #5102, #5685 ),
 ( #3409, #75, #6236 ),
 ( #655, #550, #2893 ),
 ( #2784, #5136, #6826 ),
 ( #1784, #4028, #1237 ),
 ( #1419, #2485, #758 ),
 ( #1897, #2374, #251 ),
 ( #4212, #3001, #1312 ),
 ( #1856, #5316, #177 ),
 ( #4627, #2967, #4173 ),
 ( #728, #3551, #287 ),
 ( #4736, #5205, #2410 ),
 ( #6346, #5792, #146 ),
 ( #1819, #4061, #2520 ),
 ( #6308, #5239, #4771 ),
 ( #4661, #3654, #5828 ),
 ( #4100, #3077, #212 ),
 ( #6412, #6859, #1276 ),
 ( #2450, #4699, #7001 ),
 ( #1930, #3517, #6935 ),
 ( #6896, #4136, #6381 ),
 ( #6968, #1383, #3619 ),
 ( #1347, #1967, #5901 ),
 ( #3039, #5866, #5760 ),
 ( #3584, #834, #796 ),
 ( #5280, #6453, #867 ),
 ( #3112, #4290, #6529 ),
 ( #5389, #3728, #944 ),
 ( #6635, #7152, #2555 ),
 ( #1597, #4917, #3226 ),
 ( #5463, #2119, #4368 ),
 ( #324, #3189, #7191 ),
 ( #3803, #980, #6603 ),
 ( #1562, #3152, #438 ),
 ( #4251, #5428, #2711 ),
 ( #3839, #7076, #476 ),
 ( #4881, #366, #2594 ),
 ( #6010, #5976, #902 ),
 ( #6048, #4807, #2669 ),
 ( #1015, #401, #1056 ),
 ( #6085, #5348, #2079 ),
 ( #2043, #3263, #5501 ),
 ( #4955, #4329, #1489 ),
 ( #7041, #4847, #2629 ),
 ( #7113, #2152, #4400 ),
 ( #6567, #1530, #3766 ),
 ( #2006, #6490, #3691 ),
 ( #1454, #5936, #66 ),
 ( #6777, #3301, #4544 ),
 ( #6262, #3400, #5126 ),
 ( #2293, #1738, #3985 ),
 ( #1195, #6121, #31 ),
 ( #3332, #5537, #2330 ),
 ( #1668, #4990, #6673 ),
 ( #510, #101, #6228 ),
 ( #5570, #2745, #542 ),
 ( #5060, #1122, #1157 ),
 ( #5641, #1090, #3438 ),
 ( #2844, #646, #2812 ),
 ( #611, #4020, #5676 ),
 ( #5094, #7223, #2883 ),
 ( #4585, #2775, #2186 ),
 ( #6818, #4472, #1776 ),
 ( #4435, #1636, #2259 ),
 ( #5022, #3879, #3944 ),
 ( #7257, #2226, #6708 ),
 ( #3912, #6155, #3362 ),
 ( #5604, #573, #4509 ),
 ( #6744, #1702, #6189 ),
 ( #4689, #1303, #202 ),
 ( #2957, #5197, #6993 ),
 ( #5752, #718, #5783 ),
 ( #1887, #2366, #3541 ),
 ( #6886, #4726, #169 ),
 ( #6851, #137, #6336 ),
 ( #5270, #3576, #6959 ),
 ( #2476, #243, #4204 ),
 ( #3069, #4128, #5307 ),
 ( #2440, #1810, #4653 ),
 ( #4619, #5820, #6298 ),
 ( #277, #1847, #4090 ),
 ( #2512, #751, #1229 ),
 ( #1921, #3471, #3507 ),
 ( #2402, #2993, #5231 ),
 ( #6371, #681, #4762 ),
 ( #6927, #1337, #786 ),
 ( #4163, #4053, #3030 ),
 ( #6404, #1373, #3611 ),
 ( #5856, #1956, #1268 ),
 ( #825, #5711, #2920 ),
 ( #5164, #1555, #3759 ),
 ( #4242, #6483, #5342 ),
 ( #7070, #1999, #7142 ),
 ( #1412, #1519, #466 ),
 ( #6521, #2145, #6558 ),
 ( #1481, #3141, #3253 ),
 ( #5456, #2622, #3719 ),
 ( #6003, #860, #972 ),
 ( #1446, #2071, #4944 ),
 ( #4875, #3647, #5893 ),
 ( #2036, #4840, #2660 ),
 ( #315, #4800, #2547 ),
 ( #7033, #3219, #431 ),
 ( #6443, #4910, #2109 ),
 ( #4359, #1007, #7105 ),
 ( #6597, #5421, #3684 ),
 ( #3794, #5927, #6040 ),
 ( #894, #5381, #357 ),
 ( #3103, #5491, #2700 ),
 ( #2587, #7181, #4281 ),
 ( #394, #5968, #935 ),
 ( #3182, #4320, #57 ),
 ( #6627, #3389, #1589 ),
 ( #4425, #2767, #7249 ),
 ( #5668, #6180, #3829 ),
 ( #638, #3935, #2251 ),
 ( #2284, #2801, #1149 ),
 ( #3901, #1044, #6733 ),
 ( #4535, #5086, #6075 ),
 ( #3324, #6112, #4462 ),
 ( #6663, #5559, #92 ),
 ( #5013, #7215, #6767 ),
 ( #5050, #2216, #2177 ),
 ( #5631, #3292, #1692 ),
 ( #602, #6699, #4391 ),
 ( #1661, #2873, #5118 ),
 ( #5528, #1081, #1729 ),
 ( #2836, #3974, #1112 ),
 ( #534, #501, #1625 ),
 ( #3868, #6144, #1185 ),
 ( #2735, #4981, #6218 ),
 ( #3428, #3354, #22 ),
 ( #5593, #4498, #564 ),
 ( #5189, #3499, #5741 ),
 ( #233, #2358, #6396 ),
 ( #5153, #6362, #1328 ),
 ( #710, #2466, #3462 ),
 ( #129, #4611, #6843 ),
 ( #2949, #2322, #4681 ),
 ( #161, #6254, #1255 ),
 ( #2393, #4717, #1294 ),
 ( #5847, #743, #1838 ),
 ( #5260, #4645, #4574 ),
 ( #6810, #1767, #1802 ),
 ( #6876, #6950, #3603 ),
 ( #4012, #4080, #814 ),
 ( #194, #4045, #1913 ),
 ( #1877, #4155, #6326 ),
 ( #6916, #3060, #1364 ),
 ( #1220, #2985, #3533 ),
 ( #6288, #5775, #5223 ),
 ( #2430, #5701, #4118 ),
 ( #5296, #3568, #5812 ),
 ( #777, #672, #3021 ),
 ( #2911, #3093, #4307 ),
 ( #6548, #2098, #5446 ),
 ( #4271, #1945, #304 ),
 ( #6587, #3671, #5916 ),
 ( #3636, #4194, #3748 ),
 ( #7132, #1508, #5368 ),
 ( #2536, #1986, #2025 ),
 ( #5409, #6983, #1546 ),
 ( #6472, #1436, #7059 ),
 ( #883, #3128, #4897 ),
 ( #2060, #4752, #2574 ),
 ( #7094, #384, #5331 ),
 ( #5955, #5994, #4349 ),
 ( #6431, #2612, #997 ),
 ( #962, #1402, #923 ),
 ( #4231, #3784, #4789 ),
 ( #345, #6029, #4829 ),
 ( #6508, #2649, #4865 ),
 ( #7022, #1470, #5883 ),
 ( #3707, #3170, #3209 ),
 ( #2501, #421, #3243 ),
 ( #266, #849, #5585 ),
 ( #1720, #3965, #2207 ),
 ( #4489, #1653, #5551 ),
 ( #2793, #7170, #5040 ),
 ( #5519, #1105, #6210 ),
 ( #2275, #6137, #6619 ),
 ( #1072, #3858, #1685 ),
 ( #3382, #1035, #4455 ),
 ( #493, #456, #4528 ),
 ( #6103, #2136, #1580 ),
 ( #3929, #6172, #5076 ),
 ( #3317, #594, #6689 ),
 ( #1178, #3893, #5005 ),
 ( #1143, #1616, #2689 ),
 ( #4934, #4383, #2727 ),
 ( #2830, #6760, #15 ),
 ( #526, #5479, #2242 ),
 ( #3281, #5624, #3347 ),
 ( #48, #7240, #3820 ),
 ( #6065, #4972, #7207 ),
 ( #557, #4416, #2169 ),
 ( #6652, #2760, #6725 ),
 ( #4567, #629, #2863 ),
 ( #6246, #5111, #85 ),
 ( #6803, #3419, #1761 ),
 ( #4006, #5661, #2313 ),
 ( #1451, #1309, #4096 ),
 ( #5236, #5346, #2482 ),
 ( #4247, #5862, #6449 ),
 ( #5898, #4767, #4169 ),
 ( #1893, #5933, #2446 ),
 ( #4695, #4732, #6487 ),
 ( #3546, #6965, #3035 ),
 ( #3651, #4133, #5789 ),
 ( #6342, #5276, #756 ),
 ( #248, #1344, #3581 ),
 ( #320, #208, #3688 ),
 ( #2998, #4208, #1416 ),
 ( #2003, #6932, #6376 ),
 ( #174, #2517, #899 ),
 ( #5825, #792, #2552 ),
 ( #1926, #2407, #6409 ),
 ( #1379, #3616, #5312 ),
 ( #831, #4658, #864 ),
 ( #6892, #3074, #283 ),
 ( #6998, #1963, #3108 ),
 ( #4804, #7037, #3146 ),
 ( #1853, #3259, #4950 ),
 ( #7186, #361, #3223 ),
 ( #6669, #3835, #1011 ) ),
 .UNSPECIFIED., .F., .F., .T. ) 
 B_SPLINE_SURFACE_WITH_KNOTS ( ( 4, 2, 2, 2, 2, 2, 2, 2, 2, 2, 2, 2, 2, 2, 2, 2, 2, 2, 2, 2, 2, 2, 2, 2, 2, 2, 2, 2, 2, 2, 2, 2, 2, 2, 2, 2, 2, 2, 2, 2, 2, 2, 2, 2, 2, 2, 2, 2, 2, 2, 2, 2, 2, 2, 2, 2, 2, 2, 2, 2, 2, 2, 2, 2, 2, 2, 2, 2, 2, 2, 2, 2, 2, 2, 2, 2, 2, 2, 2, 2, 2, 2, 2, 2, 2, 2, 2, 2, 2, 2, 2, 2, 2, 2, 2, 2, 2, 2, 2, 2, 2, 2, 2, 2, 2, 2, 2, 2, 2, 2, 2, 2, 2, 2, 2, 2, 2, 2, 2, 2, 2, 2, 2, 2, 2, 2, 2, 2, 2, 2, 2, 2, 2, 2, 2, 2, 2, 2, 2, 2, 2, 2, 2, 2, 2, 2, 2, 2, 2, 2, 2, 2, 4 ),
 ( 3, 3 ),
 ( 0.008935842795933341201, 0.009692606614375664370, 0.01044937043281798580, 0.01120613425126030897, 0.01158451616048147143, 0.01196289806970263214, 0.01271966188814495358, 0.01347642570658727675, 0.01423318952502959991, 0.01498995334347192135, 0.01536833525269308380, 0.01574671716191424625, 0.01650348098035656769, 0.01726024479879888912, 0.01801700861724121056, 0.01839539052646237127, 0.01877377243568353199, 0.01953053625412585342, 0.01990891816334701414, 0.02028730007256817486, 0.02104406389101049976, 0.02180082770945282467, 0.02255759152789514610, 0.02293597343711630682, 0.02331435534633746753, 0.02407111916477978897, 0.02482788298322211040, 0.02558464680166443531, 0.02634141062010676021, 0.02671979252932792093, 0.02709817443854908164, 0.02785493825699140308, 0.02861170207543372451, 0.02936846589387604595, 0.03012522971231837085, 0.03088199353076069575, 0.03126037543998185647, 0.03163875734920301719, 0.03239552116764533862, 0.03315228498608766006, 0.03390904880452998149, 0.03428743071375114221, 0.03466581262297230293, 0.03542257644141462436, 0.03617934025985694579, 0.03693610407829926723, 0.03769286789674158866, 0.03807124980596274938, 0.03844963171518391010, 0.03920639553362623847, 0.03996315935206856684, 0.04071992317051088828, 0.04147668698895320971, 0.04223345080739553115, 0.04261183271661669186, 0.04299021462583785258, 0.04374697844428017401, 0.04450374226272249545, 0.04526050608116481688, 0.04601726989960713832, 0.04639565180882829903, 0.04677403371804945975, 0.04753079753649178119, 0.04828756135493410956, 0.04904432517337643793, 0.04980108899181875937, 0.05055785281026108080, 0.05093623471948224152, 0.05131461662870340223, 0.05207138044714572367, 0.05282814426558804510, 0.05358490808403036654, 0.05434167190247268797, 0.05509843572091500941, 0.05585519953935733084, 0.05661196335779965227, 0.05736872717624198065, 0.05774710908546314136, 0.05812549099468430902, 0.05888225481312663045, 0.05963901863156895189, 0.06039578245001127332, 0.06115254626845359476, 0.06190931008689591619, 0.06228769199611707691, 0.06266607390533823763, 0.06342283772378055906, 0.06417960154222288049, 0.06493636536066521581, 0.06569312917910753724, 0.06607151108832870490, 0.06644989299754985868, 0.06720665681599218011, 0.06796342063443450154, 0.06872018445287682298, 0.06947694827131914441, 0.07023371208976146585, 0.07061209399898263350, 0.07099047590820378728, 0.07174723972664610872, 0.07250400354508843015, 0.07326076736353075158, 0.07401753118197307302, 0.07477429500041539445, 0.07553105881885771589, 0.07628782263730003732, 0.07704458645574235875, 0.07742296836496351253, 0.07780135027418468019, 0.07855811409262700162, 0.07931487791106932306, 0.08007164172951164449, 0.08082840554795397980, 0.08158516936639630124, 0.08196355127561746889, 0.08234193318483862267, 0.08309869700328095798, 0.08385546082172327942, 0.08461222464016560085, 0.08536898845860792229, 0.08574737036782908994, 0.08612575227705024372, 0.08688251609549256516, 0.08763927991393488659, 0.08839604373237720802, 0.08877442564159837568, 0.08915280755081952946, 0.08990957136926185089, 0.09028795327848301855, 0.09066633518770417233, 0.09142309900614649376, 0.09217986282458881520, 0.09293662664303113663, 0.09331500855225230429, 0.09369339046147345806, 0.09445015427991577950, 0.09520691809835810093, 0.09596368191680042237, 0.09672044573524274380, 0.09709882764446389758, 0.09747720955368506524, 0.09823397337212738667, 0.09899073719056970810, 0.09974750100901202954, 0.1005042648274543510, 0.1012610286458966724, 0.1016394105551178262, 0.1020177924643389938, 0.1027745562827813153, 0.1035313201012236367, 0.1042880839196659581, 0.1050448477381082935, 0.1058016115565506149 ),
 ( 0.000000000000000000, 1.000000000000000000 ),
 .UNSPECIFIED. ) 
 GEOMETRIC_REPRESENTATION_ITEM ( )  RATIONAL_B_SPLINE_SURFACE ( (
 ( 1.000000000000000000, 0.8547536136803214335, 1.000000000000000000),
 ( 1.000000000000000000, 0.8547532998900374546, 1.000000000000000000),
 ( 1.000000000000000000, 0.8547563986288113647, 1.000000000000000000),
 ( 1.000000000000000000, 0.8547682449048361608, 1.000000000000000000),
 ( 1.000000000000000000, 0.8547749138853039108, 1.000000000000000000),
 ( 1.000000000000000000, 0.8547601043780522767, 1.000000000000000000),
 ( 1.000000000000000000, 0.8547554980139203673, 1.000000000000000000),
 ( 1.000000000000000000, 0.8547533591857151558, 1.000000000000000000),
 ( 1.000000000000000000, 0.8547534550236528528, 1.000000000000000000),
 ( 1.000000000000000000, 0.8547552518835435098, 1.000000000000000000),
 ( 1.000000000000000000, 0.8547569411250406368, 1.000000000000000000),
 ( 1.000000000000000000, 0.8547642332031263335, 1.000000000000000000),
 ( 1.000000000000000000, 0.8547800190329488679, 1.000000000000000000),
 ( 1.000000000000000000, 0.8547634679133560009, 1.000000000000000000),
 ( 1.000000000000000000, 0.8547577219590286601, 1.000000000000000000),
 ( 1.000000000000000000, 0.8547525607431530892, 1.000000000000000000),
 ( 1.000000000000000000, 0.8547532336924256180, 1.000000000000000000),
 ( 1.000000000000000000, 0.8547607954773118744, 1.000000000000000000),
 ( 1.000000000000000000, 0.8547856067832182436, 1.000000000000000000),
 ( 1.000000000000000000, 0.8547719357748142510, 1.000000000000000000),
 ( 1.000000000000000000, 0.8547679456536197984, 1.000000000000000000),
 ( 1.000000000000000000, 0.8547613041380762722, 1.000000000000000000),
 ( 1.000000000000000000, 0.8547586574366422552, 1.000000000000000000),
 ( 1.000000000000000000, 0.8547531431588119011, 1.000000000000000000),
 ( 1.000000000000000000, 0.8547525905356244680, 1.000000000000000000),
 ( 1.000000000000000000, 0.8547579581791741044, 1.000000000000000000),
 ( 1.000000000000000000, 0.8547638307737664976, 1.000000000000000000),
 ( 1.000000000000000000, 0.8547805637320818883, 1.000000000000000000),
 ( 1.000000000000000000, 0.8547638699864879008, 1.000000000000000000),
 ( 1.000000000000000000, 0.8547567375946883983, 1.000000000000000000),
 ( 1.000000000000000000, 0.8547551051476180994, 1.000000000000000000),
 ( 1.000000000000000000, 0.8547534209837770458, 1.000000000000000000),
 ( 1.000000000000000000, 0.8547533793026393933, 1.000000000000000000),
 ( 1.000000000000000000, 0.8547556867982543105, 1.000000000000000000),
 ( 1.000000000000000000, 0.8547604091384669589, 1.000000000000000000),
 ( 1.000000000000000000, 0.8547716480794621541, 1.000000000000000000),
 ( 1.000000000000000000, 0.8547770150159283986, 1.000000000000000000),
 ( 1.000000000000000000, 0.8547685269994678148, 1.000000000000000000),
 ( 1.000000000000000000, 0.8547649141721060939, 1.000000000000000000),
 ( 1.000000000000000000, 0.8547561923625511815, 1.000000000000000000),
 ( 1.000000000000000000, 0.8547532536481635690, 1.000000000000000000),
 ( 1.000000000000000000, 0.8547540074466749571, 1.000000000000000000),
 ( 1.000000000000000000, 0.8547576161348381385, 1.000000000000000000),
 ( 1.000000000000000000, 0.8547706991488820405, 1.000000000000000000),
 ( 1.000000000000000000, 0.8547723073788995318, 1.000000000000000000),
 ( 1.000000000000000000, 0.8547620270880003090, 1.000000000000000000),
 ( 1.000000000000000000, 0.8547592546084568088, 1.000000000000000000),
 ( 1.000000000000000000, 0.8547553190277852320, 1.000000000000000000),
 ( 1.000000000000000000, 0.8547541335549635466, 1.000000000000000000),
 ( 1.000000000000000000, 0.8547529586268761692, 1.000000000000000000),
 ( 1.000000000000000000, 0.8547554598531145187, 1.000000000000000000),
 ( 1.000000000000000000, 0.8547663935199657503, 1.000000000000000000),
 ( 1.000000000000000000, 0.8547772686701329281, 1.000000000000000000),
 ( 1.000000000000000000, 0.8547615248452427039, 1.000000000000000000),
 ( 1.000000000000000000, 0.8547564259291602351, 1.000000000000000000),
 ( 1.000000000000000000, 0.8547525446345904943, 1.000000000000000000),
 ( 1.000000000000000000, 0.8547538664945546483, 1.000000000000000000),
 ( 1.000000000000000000, 0.8547604303638127732, 1.000000000000000000),
 ( 1.000000000000000000, 0.8547633659194466826, 1.000000000000000000),
 ( 1.000000000000000000, 0.8547706243227595202, 1.000000000000000000),
 ( 1.000000000000000000, 0.8547781766526645342, 1.000000000000000000),
 ( 1.000000000000000000, 0.8547651247985788014, 1.000000000000000000),
 ( 1.000000000000000000, 0.8547589366778248765, 1.000000000000000000),
 ( 1.000000000000000000, 0.8547527490827385721, 1.000000000000000000),
 ( 1.000000000000000000, 0.8547528815629794607, 1.000000000000000000),
 ( 1.000000000000000000, 0.8547594205914939014, 1.000000000000000000),
 ( 1.000000000000000000, 0.8547659526233044591, 1.000000000000000000),
 ( 1.000000000000000000, 0.8547836359924996241, 1.000000000000000000),
 ( 1.000000000000000000, 0.8547619839187339252, 1.000000000000000000),
 ( 1.000000000000000000, 0.8547535903186256334, 1.000000000000000000),
 ( 1.000000000000000000, 0.8547525300351099808, 1.000000000000000000),
 ( 1.000000000000000000, 0.8547557540362340500, 1.000000000000000000),
 ( 1.000000000000000000, 0.8547576519793195216, 1.000000000000000000),
 ( 1.000000000000000000, 0.8547628882850152321, 1.000000000000000000),
 ( 1.000000000000000000, 0.8547662267935230984, 1.000000000000000000),
 ( 1.000000000000000000, 0.8547781499880751088, 1.000000000000000000),
 ( 1.000000000000000000, 0.8547655831373586199, 1.000000000000000000),
 ( 1.000000000000000000, 0.8547550944820090368, 1.000000000000000000),
 ( 1.000000000000000000, 0.8547528198050655668, 1.000000000000000000),
 ( 1.000000000000000000, 0.8547548475719615180, 1.000000000000000000),
 ( 1.000000000000000000, 0.8547590932165037847, 1.000000000000000000),
 ( 1.000000000000000000, 0.8547696313811680158, 1.000000000000000000),
 ( 1.000000000000000000, 0.8547793667514719251, 1.000000000000000000),
 ( 1.000000000000000000, 0.8547704512865276216, 1.000000000000000000),
 ( 1.000000000000000000, 0.8547666195604002315, 1.000000000000000000),
 ( 1.000000000000000000, 0.8547572144258477334, 1.000000000000000000),
 ( 1.000000000000000000, 0.8547537478912302644, 1.000000000000000000),
 ( 1.000000000000000000, 0.8547534563747468672, 1.000000000000000000),
 ( 1.000000000000000000, 0.8547565221842267080, 1.000000000000000000),
 ( 1.000000000000000000, 0.8547686709172129804, 1.000000000000000000),
 ( 1.000000000000000000, 0.8547744574490921954, 1.000000000000000000),
 ( 1.000000000000000000, 0.8547599135126319192, 1.000000000000000000),
 ( 1.000000000000000000, 0.8547552974927691283, 1.000000000000000000),
 ( 1.000000000000000000, 0.8547533463132594989, 1.000000000000000000),
 ( 1.000000000000000000, 0.8547534890538921459, 1.000000000000000000),
 ( 1.000000000000000000, 0.8547553743067251020, 1.000000000000000000),
 ( 1.000000000000000000, 0.8547571391573978161, 1.000000000000000000),
 ( 1.000000000000000000, 0.8547646448344546899, 1.000000000000000000),
 ( 1.000000000000000000, 0.8547796343536527841, 1.000000000000000000),
 ( 1.000000000000000000, 0.8547631358501385224, 1.000000000000000000),
 ( 1.000000000000000000, 0.8547574722621263943, 1.000000000000000000),
 ( 1.000000000000000000, 0.8547525731896207235, 1.000000000000000000),
 ( 1.000000000000000000, 0.8547533432647771434, 1.000000000000000000),
 ( 1.000000000000000000, 0.8547611197612410283, 1.000000000000000000),
 ( 1.000000000000000000, 0.8547851514399965600, 1.000000000000000000),
 ( 1.000000000000000000, 0.8547668895366035136, 1.000000000000000000),
 ( 1.000000000000000000, 0.8547602555139093283, 1.000000000000000000),
 ( 1.000000000000000000, 0.8547548698149054491, 1.000000000000000000),
 ( 1.000000000000000000, 0.8547538409426899131, 1.000000000000000000),
 ( 1.000000000000000000, 0.8547534314654033905, 1.000000000000000000),
 ( 1.000000000000000000, 0.8547540332242180572, 1.000000000000000000),
 ( 1.000000000000000000, 0.8547581744581848051, 1.000000000000000000),
 ( 1.000000000000000000, 0.8547642033641977832, 1.000000000000000000),
 ( 1.000000000000000000, 0.8547811455385998514, 1.000000000000000000),
 ( 1.000000000000000000, 0.8547636109447488417, 1.000000000000000000),
 ( 1.000000000000000000, 0.8547541655039764263, 1.000000000000000000),
 ( 1.000000000000000000, 0.8547525938124537204, 1.000000000000000000),
 ( 1.000000000000000000, 0.8547558394638300472, 1.000000000000000000),
 ( 1.000000000000000000, 0.8547607784002493325, 1.000000000000000000),
 ( 1.000000000000000000, 0.8547720741344021489, 1.000000000000000000),
 ( 1.000000000000000000, 0.8547766278103987592, 1.000000000000000000),
 ( 1.000000000000000000, 0.8547681934816298011, 1.000000000000000000),
 ( 1.000000000000000000, 0.8547645538604823345, 1.000000000000000000),
 ( 1.000000000000000000, 0.8547559483600045693, 1.000000000000000000),
 ( 1.000000000000000000, 0.8547531734655826607, 1.000000000000000000),
 ( 1.000000000000000000, 0.8547541256394490805, 1.000000000000000000),
 ( 1.000000000000000000, 0.8547578922731089435, 1.000000000000000000),
 ( 1.000000000000000000, 0.8547710166602113802, 1.000000000000000000),
 ( 1.000000000000000000, 0.8547717974835264965, 1.000000000000000000),
 ( 1.000000000000000000, 0.8547583490629317993, 1.000000000000000000),
 ( 1.000000000000000000, 0.8547543781324326018, 1.000000000000000000),
 ( 1.000000000000000000, 0.8547530276427682816, 1.000000000000000000),
 ( 1.000000000000000000, 0.8547555947905109974, 1.000000000000000000),
 ( 1.000000000000000000, 0.8547639469221954833, 1.000000000000000000),
 ( 1.000000000000000000, 0.8547675053422594260, 1.000000000000000000),
 ( 1.000000000000000000, 0.8547757888503841883, 1.000000000000000000),
 ( 1.000000000000000000, 0.8547728577004347628, 1.000000000000000000),
 ( 1.000000000000000000, 0.8547613304504606546, 1.000000000000000000),
 ( 1.000000000000000000, 0.8547561984417693104, 1.000000000000000000),
 ( 1.000000000000000000, 0.8547525585395074899, 1.000000000000000000),
 ( 1.000000000000000000, 0.8547539346299041219, 1.000000000000000000),
 ( 1.000000000000000000, 0.8547629975359888332, 1.000000000000000000),
 ( 1.000000000000000000, 0.8547820744117216041, 1.000000000000000000),
 ( 1.000000000000000000, 0.8547648396385352232, 1.000000000000000000),
 ( 1.000000000000000000, 0.8547586386166288186, 1.000000000000000000),
 ( 1.000000000000000000, 0.8547527283656555230, 1.000000000000000000),
 ( 1.000000000000000000, 0.8547529431381094556, 1.000000000000000000),
 ( 1.000000000000000000, 0.8547597350225301094, 1.000000000000000000),
 ( 1.000000000000000000, 0.8547661929686276583, 1.000000000000000000),
 ( 1.000000000000000000, 0.8547842213800185274, 1.000000000000000000),
 ( 1.000000000000000000, 0.8547616842622950406, 1.000000000000000000),
 ( 1.000000000000000000, 0.8547535262884254914, 1.000000000000000000),
 ( 1.000000000000000000, 0.8547525485126907796, 1.000000000000000000),
 ( 1.000000000000000000, 0.8547559269980439245, 1.000000000000000000),
 ( 1.000000000000000000, 0.8547578357107424862, 1.000000000000000000),
 ( 1.000000000000000000, 0.8547631533703047291, 1.000000000000000000),
 ( 1.000000000000000000, 0.8547665944328428633, 1.000000000000000000),
 ( 1.000000000000000000, 0.8547787354906403179, 1.000000000000000000),
 ( 1.000000000000000000, 0.8547653014742190303, 1.000000000000000000),
 ( 1.000000000000000000, 0.8547549207846117936, 1.000000000000000000),
 ( 1.000000000000000000, 0.8547527816346086604, 1.000000000000000000),
 ( 1.000000000000000000, 0.8547549848355292523, 1.000000000000000000),
 ( 1.000000000000000000, 0.8547594090859585991, 1.000000000000000000),
 ( 1.000000000000000000, 0.8547736280560390698, 1.000000000000000000),
 ( 1.000000000000000000, 0.8547693932426733143, 1.000000000000000000),
 ( 1.000000000000000000, 0.8547569226095103057, 1.000000000000000000),
 ( 1.000000000000000000, 0.8547536524895231747, 1.000000000000000000),
 ( 1.000000000000000000, 0.8547535705526749794, 1.000000000000000000),
 ( 1.000000000000000000, 0.8547543639239465474, 1.000000000000000000),
 ( 1.000000000000000000, 0.8547575111651055657, 1.000000000000000000),
 ( 1.000000000000000000, 0.8547598557569626720, 1.000000000000000000),
 ( 1.000000000000000000, 0.8547690066912140283, 1.000000000000000000),
 ( 1.000000000000000000, 0.8547739541298445820, 1.000000000000000000),
 ( 1.000000000000000000, 0.8547595959520272180, 1.000000000000000000),
 ( 1.000000000000000000, 0.8547551501546306607, 1.000000000000000000),
 ( 1.000000000000000000, 0.8547527214605641355, 1.000000000000000000),
 ( 1.000000000000000000, 0.8547547892212538079, 1.000000000000000000),
 ( 1.000000000000000000, 0.8547649263124671437, 1.000000000000000000),
 ( 1.000000000000000000, 0.8547790383003085468, 1.000000000000000000),
 ( 1.000000000000000000, 0.8547668969038336728, 1.000000000000000000),
 ( 1.000000000000000000, 0.8547634736192608607, 1.000000000000000000),
 ( 1.000000000000000000, 0.8547580534175851508, 1.000000000000000000),
 ( 1.000000000000000000, 0.8547560604605253243, 1.000000000000000000),
 ( 1.000000000000000000, 0.8547525454127704592, 1.000000000000000000),
 ( 1.000000000000000000, 0.8547533936006724842, 1.000000000000000000),
 ( 1.000000000000000000, 0.8547614246051767894, 1.000000000000000000),
 ( 1.000000000000000000, 0.8547845909511252449, 1.000000000000000000),
 ( 1.000000000000000000, 0.8547666339291176696, 1.000000000000000000),
 ( 1.000000000000000000, 0.8547599276729154205, 1.000000000000000000),
 ( 1.000000000000000000, 0.8547530077699458939, 1.000000000000000000),
 ( 1.000000000000000000, 0.8547526696245993927, 1.000000000000000000),
 ( 1.000000000000000000, 0.8547584623860117192, 1.000000000000000000),
 ( 1.000000000000000000, 0.8547644672015940470, 1.000000000000000000),
 ( 1.000000000000000000, 0.8547773276041785717, 1.000000000000000000),
 ( 1.000000000000000000, 0.8547713730259914877, 1.000000000000000000),
 ( 1.000000000000000000, 0.8547639654868109949, 1.000000000000000000),
 ( 1.000000000000000000, 0.8547609434807572626, 1.000000000000000000),
 ( 1.000000000000000000, 0.8547541005070780074, 1.000000000000000000),
 ( 1.000000000000000000, 0.8547525707771106429, 1.000000000000000000),
 ( 1.000000000000000000, 0.8547560536249603214, 1.000000000000000000),
 ( 1.000000000000000000, 0.8547609866235774678, 1.000000000000000000),
 ( 1.000000000000000000, 0.8547764033658842298, 1.000000000000000000),
 ( 1.000000000000000000, 0.8547670907935913664, 1.000000000000000000),
 ( 1.000000000000000000, 0.8547557950448179120, 1.000000000000000000),
 ( 1.000000000000000000, 0.8547530943460321939, 1.000000000000000000),
 ( 1.000000000000000000, 0.8547542602576096993, 1.000000000000000000),
 ( 1.000000000000000000, 0.8547581454329203909, 1.000000000000000000),
 ( 1.000000000000000000, 0.8547715125913334377, 1.000000000000000000),
 ( 1.000000000000000000, 0.8547714767575090855, 1.000000000000000000),
 ( 1.000000000000000000, 0.8547580424298005797, 1.000000000000000000),
 ( 1.000000000000000000, 0.8547542530525056304, 1.000000000000000000),
 ( 1.000000000000000000, 0.8547530979142490271, 1.000000000000000000),
 ( 1.000000000000000000, 0.8547558326818486263, 1.000000000000000000),
 ( 1.000000000000000000, 0.8547642902538563625, 1.000000000000000000),
 ( 1.000000000000000000, 0.8547678234051238055, 1.000000000000000000),
 ( 1.000000000000000000, 0.8547761786203423862, 1.000000000000000000),
 ( 1.000000000000000000, 0.8547724114698261877, 1.000000000000000000),
 ( 1.000000000000000000, 0.8547609559144485614, 1.000000000000000000),
 ( 1.000000000000000000, 0.8547560390166516475, 1.000000000000000000),
 ( 1.000000000000000000, 0.8547525618500680933, 1.000000000000000000),
 ( 1.000000000000000000, 0.8547541042801829470, 1.000000000000000000),
 ( 1.000000000000000000, 0.8547632505260882585, 1.000000000000000000),
 ( 1.000000000000000000, 0.8547814760272809398, 1.000000000000000000),
 ( 1.000000000000000000, 0.8547644712913535781, 1.000000000000000000),
 ( 1.000000000000000000, 0.8547584040900999547, 1.000000000000000000),
 ( 1.000000000000000000, 0.8547526565028109591, 1.000000000000000000),
 ( 1.000000000000000000, 0.8547529962883901877, 1.000000000000000000),
 ( 1.000000000000000000, 0.8547582305139744818, 1.000000000000000000),
 ( 1.000000000000000000, 0.8547607879112886220, 1.000000000000000000),
 ( 1.000000000000000000, 0.8547672559905954426, 1.000000000000000000),
 ( 1.000000000000000000, 0.8547711683630589974, 1.000000000000000000),
 ( 1.000000000000000000, 0.8547846461839657684, 1.000000000000000000),
 ( 1.000000000000000000, 0.8547613433120139215, 1.000000000000000000),
 ( 1.000000000000000000, 0.8547534101366721648, 1.000000000000000000),
 ( 1.000000000000000000, 0.8547525274316737365, 1.000000000000000000),
 ( 1.000000000000000000, 0.8547573009809025235, 1.000000000000000000),
 ( 1.000000000000000000, 0.8547628516845044988, 1.000000000000000000),
 ( 1.000000000000000000, 0.8547791272369291704, 1.000000000000000000),
 ( 1.000000000000000000, 0.8547648786237017626, 1.000000000000000000),
 ( 1.000000000000000000, 0.8547573156454950638, 1.000000000000000000),
 ( 1.000000000000000000, 0.8547555284502230677, 1.000000000000000000),
 ( 1.000000000000000000, 0.8547535319520409569, 1.000000000000000000),
 ( 1.000000000000000000, 0.8547533356370443647, 1.000000000000000000),
 ( 1.000000000000000000, 0.8547551739160940132, 1.000000000000000000),
 ( 1.000000000000000000, 0.8547595844302378065, 1.000000000000000000),
 ( 1.000000000000000000, 0.8547741019107639726, 1.000000000000000000),
 ( 1.000000000000000000, 0.8547689802104889711, 1.000000000000000000),
 ( 1.000000000000000000, 0.8547567843532284382, 1.000000000000000000),
 ( 1.000000000000000000, 0.8547535338325088494, 1.000000000000000000),
 ( 1.000000000000000000, 0.8547536302980721645, 1.000000000000000000),
 ( 1.000000000000000000, 0.8547544588402977705, 1.000000000000000000),
 ( 1.000000000000000000, 0.8547576880714673475, 1.000000000000000000),
 ( 1.000000000000000000, 0.8547601148943709815, 1.000000000000000000),
 ( 1.000000000000000000, 0.8547694906227459866, 1.000000000000000000),
 ( 1.000000000000000000, 0.8547736001554518959, 1.000000000000000000),
 ( 1.000000000000000000, 0.8547629001210172994, 1.000000000000000000),
 ( 1.000000000000000000, 0.8547599893527342285, 1.000000000000000000),
 ( 1.000000000000000000, 0.8547557679895565474, 1.000000000000000000),
 ( 1.000000000000000000, 0.8547544280121418536, 1.000000000000000000),
 ( 1.000000000000000000, 0.8547527848312704846, 1.000000000000000000),
 ( 1.000000000000000000, 0.8547549750838027149, 1.000000000000000000),
 ( 1.000000000000000000, 0.8547653214642000341, 1.000000000000000000),
 ( 1.000000000000000000, 0.8547786311570756412, 1.000000000000000000),
 ( 1.000000000000000000, 0.8547624305623088281, 1.000000000000000000),
 ( 1.000000000000000000, 0.8547570433201028273, 1.000000000000000000),
 ( 1.000000000000000000, 0.8547536650198852559, 1.000000000000000000),
 ( 1.000000000000000000, 0.8547533313958902701, 1.000000000000000000),
 ( 1.000000000000000000, 0.8547542962555551016, 1.000000000000000000),
 ( 1.000000000000000000, 0.8547555795993938554, 1.000000000000000000),
 ( 1.000000000000000000, 0.8547616987486481577, 1.000000000000000000),
 ( 1.000000000000000000, 0.8547840177292328478, 1.000000000000000000),
 ( 1.000000000000000000, 0.8547661954607596035, 1.000000000000000000),
 ( 1.000000000000000000, 0.8547597111539277925, 1.000000000000000000),
 ( 1.000000000000000000, 0.8547529016967536641, 1.000000000000000000),
 ( 1.000000000000000000, 0.8547527231068534626, 1.000000000000000000),
 ( 1.000000000000000000, 0.8547586638710904516, 1.000000000000000000),
 ( 1.000000000000000000, 0.8547649072239724699, 1.000000000000000000),
 ( 1.000000000000000000, 0.8547778121712882315, 1.000000000000000000),
 ( 1.000000000000000000, 0.8547710249966594676, 1.000000000000000000),
 ( 1.000000000000000000, 0.8547636871190199548, 1.000000000000000000),
 ( 1.000000000000000000, 0.8547606514843690828, 1.000000000000000000),
 ( 1.000000000000000000, 0.8547539351917043948, 1.000000000000000000),
 ( 1.000000000000000000, 0.8547525432690329383, 1.000000000000000000),
 ( 1.000000000000000000, 0.8547562391823716466, 1.000000000000000000),
 ( 1.000000000000000000, 0.8547613446085657873, 1.000000000000000000),
 ( 1.000000000000000000, 0.8547767540752484461, 1.000000000000000000),
 ( 1.000000000000000000, 0.8547666499214067182, 1.000000000000000000),
 ( 1.000000000000000000, 0.8547556071786254206, 1.000000000000000000),
 ( 1.000000000000000000, 0.8547530092859877415, 1.000000000000000000),
 ( 1.000000000000000000, 0.8547544131660346212, 1.000000000000000000),
 ( 1.000000000000000000, 0.8547583393207922597, 1.000000000000000000),
 ( 1.000000000000000000, 0.8547685036393500857, 1.000000000000000000),
 ( 1.000000000000000000, 0.8547807709361412432, 1.000000000000000000),
 ( 1.000000000000000000, 0.8547716545700747570, 1.000000000000000000),
 ( 1.000000000000000000, 0.8547677002441105287, 1.000000000000000000),
 ( 1.000000000000000000, 0.8547578858901146992, 1.000000000000000000),
 ( 1.000000000000000000, 0.8547541030177151500, 1.000000000000000000),
 ( 1.000000000000000000, 0.8547531892561860412, 1.000000000000000000),
 ( 1.000000000000000000, 0.8547559451952746468, 1.000000000000000000),
 ( 1.000000000000000000, 0.8547675607351110649, 1.000000000000000000),
 ( 1.000000000000000000, 0.8547758093279995695, 1.000000000000000000),
 ( 1.000000000000000000, 0.8547607285092029272, 1.000000000000000000),
 ( 1.000000000000000000, 0.8547558220725245404, 1.000000000000000000),
 ( 1.000000000000000000, 0.8547526003671183092, 1.000000000000000000),
 ( 1.000000000000000000, 0.8547541809442845695, 1.000000000000000000),
 ( 1.000000000000000000, 0.8547589375898289044, 1.000000000000000000) ) ) 
 REPRESENTATION_ITEM ( '' )  SURFACE ( )  );
#2980 = CARTESIAN_POINT ( 'NONE',  ( -1.046060903667665354, -8.967135612442719506, -2.525414420702734475 ) ) ;
#2981 = AXIS2_PLACEMENT_3D ( 'NONE', #3730, #1932, #4883 ) ;
#2982 = CARTESIAN_POINT ( 'NONE',  ( 2.390950165898996893, -3.697839481844639398, -2.099232266300037342 ) ) ;
#2983 = CARTESIAN_POINT ( 'NONE',  ( -2.302115293610210944, -4.093468921254163284, 2.123528830102316967 ) ) ;
#2984 = VERTEX_POINT ( 'NONE', #986 ) ;
#2985 = CARTESIAN_POINT ( 'NONE',  ( -2.131071408680346391, -7.160822191270668213, 2.357139350475384809 ) ) ;
#2986 = CARTESIAN_POINT ( 'NONE',  ( -0.7530514147243898559, -7.436646086669744804, -3.087206045390448406 ) ) ;
#2987 = CARTESIAN_POINT ( 'NONE',  ( 0.2699980942961930364, -5.107573606817950918, 3.119788067315565350 ) ) ;
#2988 = CARTESIAN_POINT ( 'NONE',  ( -1.286404169249330209, -8.295411056965827257, -2.854760075950133924 ) ) ;
#2989 = PLANE ( 'NONE',  #5952 ) ;
#2990 = CARTESIAN_POINT ( 'NONE',  ( -1.011964800508649232, -5.627169608076976637, 2.443099146032159830 ) ) ;
#2991 = CARTESIAN_POINT ( 'NONE',  ( 1.060066154592383153E-11, -4.054602704630726251, 3.174999999999999822 ) ) ;
#2992 = CARTESIAN_POINT ( 'NONE',  ( -3.012238879039934147, -5.225039862777539845, 1.024604409866720633 ) ) ;
#2993 = CARTESIAN_POINT ( 'NONE',  ( -0.1977522945096192586, -6.078321957384872576, 3.179708553830582041 ) ) ;
#2994 = CARTESIAN_POINT ( 'NONE',  ( -3.141279098100293155, -6.277474400947601119, -0.5317104370955085813 ) ) ;
#2995 = ORIENTED_EDGE ( 'NONE', *, *, #1049, .T. ) ;
#2996 = CARTESIAN_POINT ( 'NONE',  ( 1.499999999999999334, 1.401923788646681990, -4.000000000000000000 ) ) ;
#2997 = VERTEX_POINT ( 'NONE', #2677 ) ;
#2998 = CARTESIAN_POINT ( 'NONE',  ( -2.350759580357184575, -8.091403232371538579, 2.138143702175094418 ) ) ;
#2999 = CARTESIAN_POINT ( 'NONE',  ( 1.210608737178203913E-27, 3.999999999999999112, -8.196031327178998183 ) ) ;
#3000 = CARTESIAN_POINT ( 'NONE',  ( 0.8233677970379411626, -5.968254623283556271, 3.073499524761789559 ) ) ;
#3001 = CARTESIAN_POINT ( 'NONE',  ( 3.099063014932315951, -4.812319585538126887, -0.7387416929129263510 ) ) ;
#3002 = CARTESIAN_POINT ( 'NONE',  ( -2.813688712404804448, -5.115390866879996778, 1.375688803988726283 ) ) ;
#3003 = CARTESIAN_POINT ( 'NONE',  ( 2.525414420702734031, -5.125172079865286001, -1.046060903667665576 ) ) ;
#3004 = ORIENTED_EDGE ( 'NONE', *, *, #99, .F. ) ;
#3005 = DIRECTION ( 'NONE',  ( 0.000000000000000000, -3.469446951953615175E-16, 1.000000000000000000 ) ) ;
#3006 = CARTESIAN_POINT ( 'NONE',  ( 3.130806445948135952, -6.827699111486430716, -0.05199904884668275773 ) ) ;
#3007 = CARTESIAN_POINT ( 'NONE',  ( 2.525414420702734031, -5.186229772172973540, 1.546370343417085175E-16 ) ) ;
#3008 = CARTESIAN_POINT ( 'NONE',  ( 1.785737662185200136, -7.994883618326597663, -1.785737662185199692 ) ) ;
#3009 = CARTESIAN_POINT ( 'NONE',  ( -2.811956660134710351, -3.275112885245147432, 4.129548195964993340 ) ) ;
#3010 = EDGE_CURVE ( 'NONE', #1812, #2336, #300, .T. ) ;
#3011 = CARTESIAN_POINT ( 'NONE',  ( 2.969479150303064419, -3.752818774584024908, -1.154128532284039332 ) ) ;
#3012 = CARTESIAN_POINT ( 'NONE',  ( 1.929735446517129966E-17, 3.999999999999999112, -6.500000000000000000 ) ) ;
#3013 = CARTESIAN_POINT ( 'NONE',  ( 2.916881557332141384, -4.755690149393178245, 1.138700718306521642 ) ) ;
#3014 = EDGE_CURVE ( 'NONE', #3295, #4447, #6524, .T. ) ;
#3015 = CIRCLE ( 'NONE', #318, 0.8499999999999999778 ) ;
#3016 = CARTESIAN_POINT ( 'NONE',  ( 3.888253587292846081E-16, -3.504807692308130385, -3.174999999999999822 ) ) ;
#3017 = AXIS2_PLACEMENT_3D ( 'NONE', #7117, #984, #6089 ) ;
#3018 = DIRECTION ( 'NONE',  ( -0.8660254037844398178, -7.998750567307890238E-17, 0.4999999999999980016 ) ) ;
#3019 = CARTESIAN_POINT ( 'NONE',  ( -3.009161169246821643, -4.350086524953050038, -1.046753585468984671 ) ) ;
#3020 = VERTEX_POINT ( 'NONE', #6893 ) ;
#3021 = CARTESIAN_POINT ( 'NONE',  ( -2.903605091267053240, -7.258740710302622468, 1.173755553554376441 ) ) ;
#3022 = CARTESIAN_POINT ( 'NONE',  ( -1.379777614000905261, -7.403405967530236609, -2.871613737167216573 ) ) ;
#3023 = CARTESIAN_POINT ( 'NONE',  ( -1.711570948083556143, -4.541293474938616015, -2.622069631096772380 ) ) ;
#3024 = VECTOR ( 'NONE', #2076, 1000.000000000000000 ) ;
#3025 = CYLINDRICAL_SURFACE ( 'NONE', #5134, 0.8499999999999999778 ) ;
#3026 = CARTESIAN_POINT ( 'NONE',  ( -2.755159790655272722, -5.193263340257239236, 1.591383143740416006 ) ) ;
#3027 = CARTESIAN_POINT ( 'NONE',  ( 2.991933549187917236E-16, -8.985342684999789498, -2.443099146032160274 ) ) ;
#3028 = DIRECTION ( 'NONE',  ( 1.000000000000000000, 0.000000000000000000, 0.000000000000000000 ) ) ;
#3029 = CARTESIAN_POINT ( 'NONE',  ( -2.098766283776200670, -5.144029922020083134, 2.391373376151128216 ) ) ;
#3030 = CARTESIAN_POINT ( 'NONE',  ( -1.307209761854885022, -6.164570727167602904, 2.837100872434983767 ) ) ;
#3031 = CARTESIAN_POINT ( 'NONE',  ( -2.035210364709894471, -6.326961485844654121, -2.440462497717794221 ) ) ;
#3032 = ORIENTED_EDGE ( 'NONE', *, *, #459, .T. ) ;
#3033 = CARTESIAN_POINT ( 'NONE',  ( 3.175050245476497945, -4.777718832550798211, -0.2061669867326670902 ) ) ;
#3034 = EDGE_LOOP ( 'NONE', ( #2238, #6638, #5635, #1375 ) ) ;
#3035 = CARTESIAN_POINT ( 'NONE',  ( -1.035718984706538892, -8.103277519225777326, 2.955557184465696263 ) ) ;
#3036 = CARTESIAN_POINT ( 'NONE',  ( -2.999999999999997780, 3.398087865897945203, -6.443749432023176738 ) ) ;
#3037 = CARTESIAN_POINT ( 'NONE',  ( 1.937743529564469380, -5.622465305851139128, -2.523763818735115905 ) ) ;
#3038 = AXIS2_PLACEMENT_3D ( 'NONE', #3380, #2758, #4451 ) ;
#3039 = CARTESIAN_POINT ( 'NONE',  ( 0.2378218187316906984, -5.020452579300274998, 3.176978394443438880 ) ) ;
#3040 = CARTESIAN_POINT ( 'NONE',  ( -3.062962382451516419, -5.218363166430699529, -0.6531547216326136773 ) ) ;
#3041 = CARTESIAN_POINT ( 'NONE',  ( 0.8430838073498019281, -8.968871416320057577, -2.327812410238496721 ) ) ;
#3042 = ORIENTED_EDGE ( 'NONE', *, *, #3238, .T. ) ;
#3043 = CARTESIAN_POINT ( 'NONE',  ( 0.000000000000000000, 4.000000000000000888, -3.999999999999999112 ) ) ;
#3044 = DIRECTION ( 'NONE',  ( -0.000000000000000000, 1.000000000000000000, -0.000000000000000000 ) ) ;
#3045 = CIRCLE ( 'NONE', #6320, 2.693104151401475743 ) ;
#3046 = CARTESIAN_POINT ( 'NONE',  ( 1.315128060534577203, -5.641826923077186251, -3.174999999999999378 ) ) ;
#3047 = CARTESIAN_POINT ( 'NONE',  ( -1.046060903667667574, -7.445364387557410701, 2.525414420702733587 ) ) ;
#3048 = CARTESIAN_POINT ( 'NONE',  ( 2.525414420702734031, -8.234443304750469039, -1.046060903667665576 ) ) ;
#3049 = CARTESIAN_POINT ( 'NONE',  ( 2.665569600322429622, -3.720248948808883238, -1.729866399310413305 ) ) ;
#3050 = CARTESIAN_POINT ( 'NONE',  ( 4.986839052915136961, 3.999999999999999112, 0.3625413911823760493 ) ) ;
#3051 = AXIS2_PLACEMENT_3D ( 'NONE', #4470, #6187, #4988 ) ;
#3052 = CARTESIAN_POINT ( 'NONE',  ( -1.833735508764965161, -5.332599697689815343, -2.538144866095215058 ) ) ;
#3053 = EDGE_CURVE ( 'NONE', #4022, #4877, #51, .T. ) ;
#3054 = AXIS2_PLACEMENT_3D ( 'NONE', #118, #1211, #4037 ) ;
#3055 = EDGE_CURVE ( 'NONE', #3657, #5054, #4866, .T. ) ;
#3056 = CARTESIAN_POINT ( 'NONE',  ( 3.174999999999999378, -5.763942307692567546, 1.315128060534576981 ) ) ;
#3057 = CARTESIAN_POINT ( 'NONE',  ( 1.060066154592383153E-11, -4.054602704630726251, 3.174999999999999822 ) ) ;
#3058 = B_SPLINE_CURVE_WITH_KNOTS ( 'NONE', 3,
 ( #3521, #2971, #5940, #838, #5796, #4851 ),
 .UNSPECIFIED., .F., .F.,
 ( 4, 2, 4 ),
 ( 0.004664901509487201503, 0.005978034566648396733, 0.007291167623809591963 ),
 .UNSPECIFIED. ) ;
#3059 = CARTESIAN_POINT ( 'NONE',  ( -3.089093591299001407, -4.199663756344475196, 0.7793600172082417732 ) ) ;
#3060 = CARTESIAN_POINT ( 'NONE',  ( -2.032709092180801758, -7.154613813997671379, 2.442508326359939197 ) ) ;
#3061 = CARTESIAN_POINT ( 'NONE',  ( -1.831428262097546167, -7.316545990180987502, -2.606885097860420775 ) ) ;
#3062 = CARTESIAN_POINT ( 'NONE',  ( -1.831315633784134089, -4.241291742782887120, 2.539818269194248579 ) ) ;
#3063 = CARTESIAN_POINT ( 'NONE',  ( 1.779314990210433045, -6.801305015557002953, 2.576521302304783489 ) ) ;
#3064 = CARTESIAN_POINT ( 'NONE',  ( -3.073522467474097741, -5.315380773226713096, -0.8229801067263409209 ) ) ;
#3065 = CARTESIAN_POINT ( 'NONE',  ( -2.443099146032160274, -6.787265761923038099, -4.487900323781875854E-16 ) ) ;
#3066 = CARTESIAN_POINT ( 'NONE',  ( -2.900312109649819003, -8.140064275979243646, 1.317358738914640170 ) ) ;
#3067 = CARTESIAN_POINT ( 'NONE',  ( -1.937198631548111560, -8.286868245024267665, -2.518993591549387734 ) ) ;
#3068 = CARTESIAN_POINT ( 'NONE',  ( -0.8246921035523175902, -5.479722899814347237, -3.073047422442169108 ) ) ;
#3069 = CARTESIAN_POINT ( 'NONE',  ( 1.998573651507589588, -5.902305207524698893, 2.480955653189597765 ) ) ;
#3070 = CARTESIAN_POINT ( 'NONE',  ( -3.140769828641782446, -6.216831138974680648, -0.5347594894986568148 ) ) ;
#3071 = ORIENTED_EDGE ( 'NONE', *, *, #3774, .T. ) ;
#3072 = LINE ( 'NONE', #5234, #7241 ) ;
#3073 = ORIENTED_EDGE ( 'NONE', *, *, #3333, .T. ) ;
#3074 = CARTESIAN_POINT ( 'NONE',  ( -3.185705628411745760, -8.267332114460053560, -0.004946908970221712727 ) ) ;
#3075 = CARTESIAN_POINT ( 'NONE',  ( 0.000000000000000000, -0.4999999999999995559, 4.500000000000000888 ) ) ;
#3076 = DIRECTION ( 'NONE',  ( 2.846556599890768726E-32, -2.503857664561933362E-16, -1.000000000000000000 ) ) ;
#3077 = CARTESIAN_POINT ( 'NONE',  ( 2.492467012998524911, -4.953322320874441687, 1.984163427872138064 ) ) ;
#3078 = CARTESIAN_POINT ( 'NONE',  ( -2.860190734618198505, -5.204000621828907214, 1.403657170477733862 ) ) ;
#3079 = CARTESIAN_POINT ( 'NONE',  ( -2.170456007981048874, -0.7249199181441114970, -4.499999999999998224 ) ) ;
#3080 = ORIENTED_EDGE ( 'NONE', *, *, #1574, .T. ) ;
#3081 = DIRECTION ( 'NONE',  ( 0.000000000000000000, -1.000000000000000000, 1.599750113461571638E-16 ) ) ;
#3082 = CARTESIAN_POINT ( 'NONE',  ( 0.8584078893252397036, -8.008432733576453799, 3.011292103757063465 ) ) ;
#3083 = CARTESIAN_POINT ( 'NONE',  ( 3.888253587292846081E-16, -7.534615384615499956, -3.174999999999999822 ) ) ;
#3084 = CARTESIAN_POINT ( 'NONE',  ( 0.000000000000000000, -9.338152849095722630, 2.525414420702734031 ) ) ;
#3085 = CARTESIAN_POINT ( 'NONE',  ( -3.897114317029974018, -3.499999999999999556, -2.250000000000000444 ) ) ;
#3086 = CARTESIAN_POINT ( 'NONE',  ( 2.739635362667610430, -3.894216841924037720, 1.625945830218885169 ) ) ;
#3087 = LINE ( 'NONE', #990, #3860 ) ;
#3088 = CARTESIAN_POINT ( 'NONE',  ( 1.192101917795322485, -4.881429030360664001, 2.895398509548357424 ) ) ;
#3089 = DESIGN_CONTEXT ( 'detailed design', #1641, 'design' ) ;
#3090 = CARTESIAN_POINT ( 'NONE',  ( 1.046060903667666020, -6.158481766289094494, -2.525414420702734031 ) ) ;
#3091 = CARTESIAN_POINT ( 'NONE',  ( 1.022680785048451835, -6.546972330026044951, -3.012960550823398531 ) ) ;
#3092 = CARTESIAN_POINT ( 'NONE',  ( 2.941674998992452217, -4.725483066316835234, -1.223234188287485313 ) ) ;
#3093 = CARTESIAN_POINT ( 'NONE',  ( -3.110574850629229893, -7.257165344917615890, 0.6888422658930211107 ) ) ;
#3094 = CARTESIAN_POINT ( 'NONE',  ( 0.8196629453722414915, -7.452568623842739548, -3.070237112135961954 ) ) ;
#3095 = CARTESIAN_POINT ( 'NONE',  ( -2.826312550063271978, -5.295165128434193846, 1.347745293542006673 ) ) ;
#3096 = CARTESIAN_POINT ( 'NONE',  ( -1.089604308853030501, -7.329361925173611958, -2.935492344723306779 ) ) ;
#3097 = CARTESIAN_POINT ( 'NONE',  ( -2.098391208103373096, -5.406955112193637447, -2.391689092876429612 ) ) ;
#3098 = DATE_AND_TIME ( #6515, #4519 ) ;
#3099 = CARTESIAN_POINT ( 'NONE',  ( -2.443099146032159830, -8.680054223461350915, 1.011964800508648343 ) ) ;
#3100 = DIRECTION ( 'NONE',  ( 0.4904004134123088332, 0.000000000000000000, 0.8714972372446379012 ) ) ;
#3101 = CARTESIAN_POINT ( 'NONE',  ( -0.7410759832615551046, -8.324849941814044030, -3.043037376906715608 ) ) ;
#3102 = CARTESIAN_POINT ( 'NONE',  ( -0.2092808661673362935, -5.041247575023059646, 3.175000000000000711 ) ) ;
#3103 = CARTESIAN_POINT ( 'NONE',  ( -1.370199295490222235, -6.427526818129102537, -2.875922947028636489 ) ) ;
#3104 = CARTESIAN_POINT ( 'NONE',  ( 1.439655707381635175, -6.508993410661195078, -2.832942077052278851 ) ) ;
#3105 = CARTESIAN_POINT ( 'NONE',  ( -2.984623252279651862, -8.356189395819958676, -0.8540931988769550065 ) ) ;
#3106 = EDGE_CURVE ( 'NONE', #4439, #5971, #3980, .T. ) ;
#3107 = EDGE_LOOP ( 'NONE', ( #6766, #5089, #1085, #1422, #6406, #479 ) ) ;
#3108 = CARTESIAN_POINT ( 'NONE',  ( -3.089059704202998802, -8.320289521202239413, -0.5147248269093431805 ) ) ;
#3109 = DIRECTION ( 'NONE',  ( 0.000000000000000000, -1.000000000000000000, 0.000000000000000000 ) ) ;
#3110 = CLOSED_SHELL ( 'NONE', ( #2341, #6554, #5495, #2316, #6325, #3591, #2381, #2469, #1987, #3423, #276, #5704, #7145, #3368, #988, #1171, #1432, #2877, #6608, #2642, #511, #3547, #1259, #3641, #3498, #4730, #2918, #671, #4640, #2978, #418, #5931, #5619, #5117, #385, #1611, #4956, #3961, #6194, #1118, #1886, #3197, #6568, #281, #3675, #10, #13, #2655, #4035, #5078, #7235, #724, #2741, #2022, #2826, #2757, #5045, #3194, #5135, #2332, #2212 ) ) ;
#3111 = CARTESIAN_POINT ( 'NONE',  ( 0.000000000000000000, -3.499999999999999556, 4.500000000000000888 ) ) ;
#3112 = CARTESIAN_POINT ( 'NONE',  ( -0.9254858116621452746, -5.077074706623522893, 3.039932584386799697 ) ) ;
#3113 = CARTESIAN_POINT ( 'NONE',  ( -2.855126841813128813, -5.286202887008604634, -1.413592457002297520 ) ) ;
#3114 = DIRECTION ( 'NONE',  ( 2.846556599890768726E-32, -2.503857664561933362E-16, -1.000000000000000000 ) ) ;
#3115 = ORIENTED_EDGE ( 'NONE', *, *, #727, .F. ) ;
#3116 = DIRECTION ( 'NONE',  ( 0.000000000000000000, 0.000000000000000000, -1.000000000000000000 ) ) ;
#3117 = CARTESIAN_POINT ( 'NONE',  ( 0.1144894647401095977, -8.045549907937406431, 3.129383168686901584 ) ) ;
#3118 = CARTESIAN_POINT ( 'NONE',  ( 3.051943173614704463, -5.709252289972116756, 0.6999940804191109311 ) ) ;
#3119 = CARTESIAN_POINT ( 'NONE',  ( -2.245064030267287958, -6.435576923077125144, -2.245064030267288846 ) ) ;
#3120 = CARTESIAN_POINT ( 'NONE',  ( -1.785737662185199692, -8.727575926018847241, -1.785737662185200358 ) ) ;
#3121 = CARTESIAN_POINT ( 'NONE',  ( -1.046060903667665354, -7.013289458596720038, -2.525414420702734475 ) ) ;
#3122 = CARTESIAN_POINT ( 'NONE',  ( 3.081105109667062969, -3.848255197165610486, 0.7773987590737199138 ) ) ;
#3123 = CARTESIAN_POINT ( 'NONE',  ( 0.000000000000000000, -3.499999999999999556, 0.000000000000000000 ) ) ;
#3124 = CARTESIAN_POINT ( 'NONE',  ( -2.734418403910285900, -5.106741157829588929, 1.526005206820950422 ) ) ;
#3125 = CARTESIAN_POINT ( 'NONE',  ( 3.092740686834170350E-16, -5.120500997058406334, -2.525414420702734031 ) ) ;
#3126 = CARTESIAN_POINT ( 'NONE',  ( 1.023552834615302443, -6.934194787196586773, 3.012653164814762086 ) ) ;
#3127 = CARTESIAN_POINT ( 'NONE',  ( -0.9808178708479849961, -4.404493636109633847, -2.974496226713188918 ) ) ;
#3128 = CARTESIAN_POINT ( 'NONE',  ( -2.621847636877411958, -7.385051396022707770, -1.809900131382048416 ) ) ;
#3129 = VECTOR ( 'NONE', #3695, 1000.000000000000000 ) ;
#3130 = CARTESIAN_POINT ( 'NONE',  ( 1.780280062871633318, -7.808058417613426450, 2.642048973461883055 ) ) ;
#3131 = CARTESIAN_POINT ( 'NONE',  ( 3.013594480828513777, -5.810754701429194036, -0.8509153609483938174 ) ) ;
#3132 = CARTESIAN_POINT ( 'NONE',  ( 1.949991573404709744, -7.767691723904520451, 2.449931356401184424 ) ) ;
#3133 = CARTESIAN_POINT ( 'NONE',  ( -1.046060903667667574, -6.468441310634410968, 2.525414420702733587 ) ) ;
#3135 = AXIS2_PLACEMENT_3D ( 'NONE', #2749, #6821, #3441 ) ;
#3134 =( NAMED_UNIT ( * ) PLANE_ANGLE_UNIT ( ) SI_UNIT ( $, .RADIAN. ) );
#3136 = CARTESIAN_POINT ( 'NONE',  ( 2.443099146032160718, -6.359861915769224439, 1.011964800508647677 ) ) ;
#3137 = DIRECTION ( 'NONE',  ( 0.5000000000000101030, -1.385424237964749873E-16, -0.8660254037844328234 ) ) ;
#3138 = CARTESIAN_POINT ( 'NONE',  ( 2.174334507936222849, -3.274175794740261214, 4.499999999999999112 ) ) ;
#3139 = CARTESIAN_POINT ( 'NONE',  ( -3.154846007539756414, -4.278682682434565621, 0.4140101238262872685 ) ) ;
#3140 = CARTESIAN_POINT ( 'NONE',  ( 0.9577822405002732742, -3.551896885018175798, -3.038616328144697842 ) ) ;
#3141 = CARTESIAN_POINT ( 'NONE',  ( -3.066978135593565469, -6.271382269229948569, 0.8616206690031835702 ) ) ;
#3142 = CARTESIAN_POINT ( 'NONE',  ( -1.685583673198683075, -6.318317103725870076, -2.630044504819143203 ) ) ;
#3143 = FACE_OUTER_BOUND ( 'NONE', #4610, .T. ) ;
#3144 = AXIS2_PLACEMENT_3D ( 'NONE', #976, #6044, #1051 ) ;
#3145 = ORIENTED_EDGE ( 'NONE', *, *, #6418, .F. ) ;
#3146 = CARTESIAN_POINT ( 'NONE',  ( -3.035316263730632791, -8.333420877428052265, -0.7704847844102675758 ) ) ;
#3147 = EDGE_CURVE ( 'NONE', #3295, #1837, #1723, .T. ) ;
#3148 = CARTESIAN_POINT ( 'NONE',  ( -3.462973293579226119, -0.5297829098785866719, 3.001954310266647497 ) ) ;
#3149 = CARTESIAN_POINT ( 'NONE',  ( 0.2077346586687285890, -7.482931877733101977, -3.175000000001428457 ) ) ;
#3150 = AXIS2_PLACEMENT_3D ( 'NONE', #1380, #865, #4287 ) ;
#3151 = EDGE_CURVE ( 'NONE', #658, #7147, #4599, .T. ) ;
#3152 = CARTESIAN_POINT ( 'NONE',  ( -2.518614947597139775, -5.233332601869888023, 1.951092890740236951 ) ) ;
#3153 = CARTESIAN_POINT ( 'NONE',  ( -1.823935029243082484, -5.362957431941484998, -2.602189655906194332 ) ) ;
#3154 = CARTESIAN_POINT ( 'NONE',  ( 1.128556891474499890, -8.932486947248566622, -2.241783781560520605 ) ) ;
#3155 = ORIENTED_EDGE ( 'NONE', *, *, #4545, .T. ) ;
#3156 = CARTESIAN_POINT ( 'NONE',  ( 1.925929944387235853E-31, 3.999999999999997335, -6.500000000000000000 ) ) ;
#3157 = DIRECTION ( 'NONE',  ( 0.000000000000000000, 1.000000000000000000, 0.000000000000000000 ) ) ;
#3158 = CARTESIAN_POINT ( 'NONE',  ( -0.8328689534512706549, -5.960411348560904266, 3.018556436717279912 ) ) ;
#3159 = CARTESIAN_POINT ( 'NONE',  ( -1.315128060534579202, -6.130288461538686562, 3.174999999999999378 ) ) ;
#3160 = CARTESIAN_POINT ( 'NONE',  ( 0.8219779829378323077, -4.582636274765678586, -3.073816613973766376 ) ) ;
#3161 = CARTESIAN_POINT ( 'NONE',  ( -0.8648017746903980951, -4.186610321573104976, 3.001681902863755358 ) ) ;
#3162 = DIRECTION ( 'NONE',  ( 0.000000000000000000, -1.000000000000000000, 0.000000000000000000 ) ) ;
#3163 = ORIENTED_EDGE ( 'NONE', *, *, #1896, .F. ) ;
#3164 = CARTESIAN_POINT ( 'NONE',  ( -2.066180118800745369, -4.341222903260224086, -2.352949610946917680 ) ) ;
#3165 = AXIS2_PLACEMENT_3D ( 'NONE', #4602, #4072, #3562 ) ;
#3166 = CONICAL_SURFACE ( 'NONE', #5397, 3.174999999999999822, 0.7853981633974488341 ) ;
#3167 = CARTESIAN_POINT ( 'NONE',  ( 1.785737662185200136, -7.196462535519780879, -1.785737662185199692 ) ) ;
#3168 = CARTESIAN_POINT ( 'NONE',  ( 3.175097721186235233, -6.731022381920621633, -0.2059130463586300863 ) ) ;
#3169 = CARTESIAN_POINT ( 'NONE',  ( -1.002207857318560658, -4.493103537618932997, -3.024366707763245898 ) ) ;
#3170 = CARTESIAN_POINT ( 'NONE',  ( 0.06838239240676000086, -7.537597417577508452, -3.185057150716630314 ) ) ;
#3171 = CARTESIAN_POINT ( 'NONE',  ( 2.697091802118375181, -7.805454088627246989, 1.695909677487589251 ) ) ;
#3172 = CARTESIAN_POINT ( 'NONE',  ( -2.255132238130095335, -5.483745327702582273, -2.172419948231659070 ) ) ;
#3173 = AXIS2_PLACEMENT_3D ( 'NONE', #5268, #2955, #1371 ) ;
#3174 = CARTESIAN_POINT ( 'NONE',  ( 0.5865079889836681826, -7.844330303388056258, 3.075824080456630583 ) ) ;
#3175 = CARTESIAN_POINT ( 'NONE',  ( -1.785737662185200358, -7.506422079865098240, 1.785737662185199470 ) ) ;
#3176 = PERSON_AND_ORGANIZATION ( #2966, #4749 ) ;
#3177 = CARTESIAN_POINT ( 'NONE',  ( -1.011964800508649232, -4.650246531153976015, 2.443099146032159830 ) ) ;
#3178 = DIRECTION ( 'NONE',  ( 0.000000000000000000, 1.000000000000000000, 2.891205793294681285E-16 ) ) ;
#3179 = CARTESIAN_POINT ( 'NONE',  ( -1.829333042706100754, -8.293403346909325791, -2.598409153806715111 ) ) ;
#3180 = CARTESIAN_POINT ( 'NONE',  ( -3.175056232333250517, -4.307855300772688523, -0.2061094034266813535 ) ) ;
#3181 = CARTESIAN_POINT ( 'NONE',  ( 1.422261322306112019, -3.550581642235653757, -2.781272431525493527 ) ) ;
#3182 = CARTESIAN_POINT ( 'NONE',  ( -0.3665106536951339700, -6.479686024469440753, -3.164637030342897894 ) ) ;
#3183 = CARTESIAN_POINT ( 'NONE',  ( 2.336963219769566891, -6.538524350732907386, -2.072894166243917091 ) ) ;
#3184 = CARTESIAN_POINT ( 'NONE',  ( -3.460544645821053589, -0.4999999999999995559, -3.006160851577489801 ) ) ;
#3185 = ORIENTED_EDGE ( 'NONE', *, *, #1139, .F. ) ;
#3186 = CARTESIAN_POINT ( 'NONE',  ( 1.040949779275250140E-16, 1.999999999999998224, 0.8499999999999999778 ) ) ;
#3187 = DIRECTION ( 'NONE',  ( 0.000000000000000000, 1.000000000000000000, -2.891205793294680298E-16 ) ) ;
#3188 = CARTESIAN_POINT ( 'NONE',  ( 0.1455413548131108681, 1.101806076386475874, -4.000000000000000000 ) ) ;
#3189 = CARTESIAN_POINT ( 'NONE',  ( -1.968061143978653504, -5.196562562549793540, 2.505100207166496951 ) ) ;
#3190 = CARTESIAN_POINT ( 'NONE',  ( 2.989776912422283495, -5.709023605375922017, -1.100620165223219704 ) ) ;
#3191 = CARTESIAN_POINT ( 'NONE',  ( 1.123742538784774592, -8.930944516702869151, -2.245926572607865435 ) ) ;
#3192 = ORIENTED_EDGE ( 'NONE', *, *, #4412, .T. ) ;
#3193 = DIRECTION ( 'NONE',  ( 0.000000000000000000, -1.000000000000000000, 0.000000000000000000 ) ) ;
#3194 = ADVANCED_FACE ( 'NONE', ( #5790 ), #1032, .F. ) ;
#3195 = DIRECTION ( 'NONE',  ( 7.143791285570216995E-33, -1.000000000000000000, -2.503857664561933855E-16 ) ) ;
#3196 = CARTESIAN_POINT ( 'NONE',  ( -3.118222317899120632, -6.149802007148471361, 0.2846474677005264020 ) ) ;
#3197 = ADVANCED_FACE ( 'NONE', ( #5237 ), #5142, .T. ) ;
#3198 = CARTESIAN_POINT ( 'NONE',  ( 3.174999999999999822, -5.825000000000249756, 1.944126793646423041E-16 ) ) ;
#3199 = CARTESIAN_POINT ( 'NONE',  ( 2.525414420702734031, -5.186229772172973540, 1.546370343417085175E-16 ) ) ;
#3200 = CARTESIAN_POINT ( 'NONE',  ( -2.572265624685514673, -4.260752239869839642, 1.879777709272811181 ) ) ;
#3201 = SPHERICAL_SURFACE ( 'NONE', #581, 1.249999999999999334 ) ;
#3202 = ORIENTED_EDGE ( 'NONE', *, *, #590, .F. ) ;
#3203 = CARTESIAN_POINT ( 'NONE',  ( 2.083179022555301518, -3.851707738678478155, 2.337684723810392828 ) ) ;
#3204 = EDGE_CURVE ( 'NONE', #5596, #4378, #1382, .T. ) ;
#3205 = B_SPLINE_CURVE_WITH_KNOTS ( 'NONE', 3,
 ( #2490, #6419, #3733, #4741, #908, #6973, #4217, #6458 ),
 .UNSPECIFIED., .F., .F.,
 ( 4, 2, 2, 4 ),
 ( 2.544334156056463277E-07, 0.0008979680449067923339, 0.001346824850652385275, 0.001795681656397978866 ),
 .UNSPECIFIED. ) ;
#3206 = CARTESIAN_POINT ( 'NONE',  ( -2.525414420702733587, -4.937327920135343717, -1.046060903667667130 ) ) ;
#3207 = CARTESIAN_POINT ( 'NONE',  ( 1.589631373831164929, -6.902981179519001920, 2.756256985901489376 ) ) ;
#3208 = CARTESIAN_POINT ( 'NONE',  ( -0.2210190113799855582, -4.471373768797673343, -3.170057117293071602 ) ) ;
#3209 = CARTESIAN_POINT ( 'NONE',  ( 0.06580850793202205895, -7.565572163293589725, -3.131042997531409355 ) ) ;
#3210 = EDGE_CURVE ( 'NONE', #2123, #4692, #2906, .T. ) ;
#3211 = CARTESIAN_POINT ( 'NONE',  ( 3.103125567776352067, -7.752409946504536187, 0.7215661617139825790 ) ) ;
#3212 = CARTESIAN_POINT ( 'NONE',  ( 3.129442592698030268, -5.848210987425215279, -0.1057522726514782269 ) ) ;
#3213 = AXIS2_PLACEMENT_3D ( 'NONE', #1492, #3114, #403 ) ;
#3214 = CARTESIAN_POINT ( 'NONE',  ( 1.071464605931990999, -7.818811727230467135, 2.942216255926608959 ) ) ;
#3215 = CARTESIAN_POINT ( 'NONE',  ( 1.046060903667666020, -6.956902849095910391, -2.525414420702734031 ) ) ;
#3216 = CARTESIAN_POINT ( 'NONE',  ( -2.930472005651357570, -3.500000000000001332, -0.7982533360799919375 ) ) ;
#3217 = CARTESIAN_POINT ( 'NONE',  ( -3.174943532324016271, -4.288628215342678907, 0.2078382332801734234 ) ) ;
#3218 = CARTESIAN_POINT ( 'NONE',  ( 2.068157094160395726, -3.589490467889249192, -2.351798622815102657 ) ) ;
#3219 = CARTESIAN_POINT ( 'NONE',  ( -2.952766611194181490, -6.373257990310994714, -1.195894620595553404 ) ) ;
#3220 = CARTESIAN_POINT ( 'NONE',  ( 2.978899707653100748, -6.734947851322384160, 1.106457497226712272 ) ) ;
#3221 = CARTESIAN_POINT ( 'NONE',  ( 3.154412925032865633, -3.790104553476490779, -0.4163427609732324730 ) ) ;
#3222 = ORIENTED_EDGE ( 'NONE', *, *, #6432, .T. ) ;
#3223 = CARTESIAN_POINT ( 'NONE',  ( -2.756142445393195750, -8.372736752360816936, -1.487300573346816535 ) ) ;
#3224 = DIRECTION ( 'NONE',  ( -0.000000000000000000, 1.000000000000000000, -0.000000000000000000 ) ) ;
#3225 = FACE_OUTER_BOUND ( 'NONE', #5105, .T. ) ;
#3226 = CARTESIAN_POINT ( 'NONE',  ( -1.384441975836913974, -5.192017129941366882, 2.800194572724759023 ) ) ;
#3227 = CARTESIAN_POINT ( 'NONE',  ( 2.624262812651591670, -5.669199579191066540, -1.806887418890162023 ) ) ;
#3228 = DIRECTION ( 'NONE',  ( -3.026521842945509783E-28, -0.000000000000000000, 1.000000000000000000 ) ) ;
#3229 = VERTEX_POINT ( 'NONE', #4134 ) ;
#3230 = FACE_OUTER_BOUND ( 'NONE', #504, .T. ) ;
#3231 = CARTESIAN_POINT ( 'NONE',  ( 0.4181863949244705170, -5.898971206594940675, 3.103265008462946728 ) ) ;
#3232 = CARTESIAN_POINT ( 'NONE',  ( -3.174999999999999378, -4.420673076923436362, -1.315128060534578980 ) ) ;
#3233 = CARTESIAN_POINT ( 'NONE',  ( 1.046060903667666020, -3.049210541403911456, -2.525414420702734031 ) ) ;
#3234 = CARTESIAN_POINT ( 'NONE',  ( -2.935714488092188379, -4.442800648236109318, -1.090695252741243015 ) ) ;
#3235 = CARTESIAN_POINT ( 'NONE',  ( 2.999999999999996003, 5.732050807568872308, -6.035898384862248278 ) ) ;
#3236 = ORIENTED_EDGE ( 'NONE', *, *, #5032, .F. ) ;
#3237 = CARTESIAN_POINT ( 'NONE',  ( 2.060991386148186777, -3.589045208615961435, -2.357257823396205154 ) ) ;
#3238 = EDGE_CURVE ( 'NONE', #3587, #1850, #3727, .T. ) ;
#3239 = CARTESIAN_POINT ( 'NONE',  ( 0.000000000000000000, -8.539731766288905845, 2.525414420702734031 ) ) ;
#3240 = EDGE_CURVE ( 'NONE', #2665, #2158, #1610, .T. ) ;
#3241 = CARTESIAN_POINT ( 'NONE',  ( -2.999999999999996447, 5.597882559004440317, -4.397017490855536614 ) ) ;
#3242 = CARTESIAN_POINT ( 'NONE',  ( -0.3574994047200240055, -4.525588247514526152, -3.157577089156622829 ) ) ;
#3243 = CARTESIAN_POINT ( 'NONE',  ( 0.4499948027483413049, -7.584497897724143733, -3.091199670408784517 ) ) ;
#3244 = CARTESIAN_POINT ( 'NONE',  ( 3.102422425945271289, -7.691767590710441915, 0.7246139077280333574 ) ) ;
#3245 = B_SPLINE_CURVE_WITH_KNOTS ( 'NONE', 3,
 ( #2058, #1434, #4269, #6027, #1984, #5444 ),
 .UNSPECIFIED., .F., .F.,
 ( 4, 2, 4 ),
 ( 0.01091569239105542530, 0.01221161699944728514, 0.01350754160783914498 ),
 .UNSPECIFIED. ) ;
#3246 = CARTESIAN_POINT ( 'NONE',  ( -3.126324496650982443, -6.349691392995742589, -0.1754919678035435637 ) ) ;
#3247 = CARTESIAN_POINT ( 'NONE',  ( -2.525414420702734031, -8.605460541403472163, -4.639111030251255524E-16 ) ) ;
#3248 = DATE_TIME_ROLE ( 'creation_date' ) ;
#3249 = CARTESIAN_POINT ( 'NONE',  ( -1.620150555213106358, -3.499999999999998224, 2.132764831515872483 ) ) ;
#3250 = CARTESIAN_POINT ( 'NONE',  ( -2.673037073725293755, -3.496558153801211155, -1.631522275913703579 ) ) ;
#3251 = DIRECTION ( 'NONE',  ( -1.445602896647340642E-16, 2.503857664561933855E-16, -1.000000000000000000 ) ) ;
#3252 = CARTESIAN_POINT ( 'NONE',  ( 2.100508964846382831, -3.678109452551101111, -2.395338291219985649 ) ) ;
#3253 = CARTESIAN_POINT ( 'NONE',  ( -3.014529234209103237, -6.299351111871422049, 0.8484467521021937797 ) ) ;
#3254 = CARTESIAN_POINT ( 'NONE',  ( 1.633876221039995302, -6.810043689626571251, 2.672129601736289661 ) ) ;
#3255 = DIRECTION ( 'NONE',  ( 0.000000000000000000, 1.836970198721029688E-16, -1.000000000000000000 ) ) ;
#3256 = ORIENTED_EDGE ( 'NONE', *, *, #3854, .T. ) ;
#3257 = AXIS2_PLACEMENT_3D ( 'NONE', #6572, #7227, #6052 ) ;
#3258 = ORIENTED_EDGE ( 'NONE', *, *, #1484, .T. ) ;
#3259 = CARTESIAN_POINT ( 'NONE',  ( -2.918372824975075552, -8.331543016433478499, -1.277257626866028062 ) ) ;
#3260 = CARTESIAN_POINT ( 'NONE',  ( 2.525414420702734031, -9.211366381673469661, -1.046060903667665576 ) ) ;
#3261 = CARTESIAN_POINT ( 'NONE',  ( -2.999999999999996891, 4.303840336304884495, -6.500000000000045297 ) ) ;
#3262 = CARTESIAN_POINT ( 'NONE',  ( -3.077664457124533737, -8.165936656109815672, 0.8223976698161287180 ) ) ;
#3263 = CARTESIAN_POINT ( 'NONE',  ( -3.153366305237195633, -5.355175246844847692, -0.3924441949894703630 ) ) ;
#3264 = AXIS2_PLACEMENT_3D ( 'NONE', #2886, #614, #5679 ) ;
#3265 = CARTESIAN_POINT ( 'NONE',  ( 3.143414223250319939, -5.725123062018850462, 0.4659270664672293116 ) ) ;
#3266 = CARTESIAN_POINT ( 'NONE',  ( 0.4269521144030788973, -8.971948105352735681, -2.442744385159216769 ) ) ;
#3267 = VERTEX_POINT ( 'NONE', #4696 ) ;
#3268 = DIRECTION ( 'NONE',  ( 8.881784197001252323E-16, -1.000000000000000000, -3.479025658754959021E-16 ) ) ;
#3269 = CARTESIAN_POINT ( 'NONE',  ( 0.6694975150323982938, -5.886230851978609735, 3.058773410461429254 ) ) ;
#3270 = AXIS2_PLACEMENT_3D ( 'NONE', #2435, #4649, #6880 ) ;
#3271 = CARTESIAN_POINT ( 'NONE',  ( 3.888253587292846081E-16, -3.626923076923500133, -3.174999999999999822 ) ) ;
#3272 = CARTESIAN_POINT ( 'NONE',  ( -1.046060903667665354, -5.857864387557538244, -2.525414420702734475 ) ) ;
#3273 = CARTESIAN_POINT ( 'NONE',  ( -1.345671868020817508, -4.212724839909976815, 2.827712917054330699 ) ) ;
#3274 = CARTESIAN_POINT ( 'NONE',  ( -1.046060903667665354, -5.857864387557537356, -2.525414420702734475 ) ) ;
#3275 = ORIENTED_EDGE ( 'NONE', *, *, #3863, .F. ) ;
#3276 = CARTESIAN_POINT ( 'NONE',  ( 1.658127750899921482, -3.564170168375723424, -2.656113388176444268 ) ) ;
#3277 = CARTESIAN_POINT ( 'NONE',  ( -2.229136352816702082, -8.769062736518348444, 1.481583697332819805 ) ) ;
#3278 = AXIS2_PLACEMENT_3D ( 'NONE', #2870, #1764, #7247 ) ;
#3279 = CARTESIAN_POINT ( 'NONE',  ( -0.1489122809910721490, -8.965048937067066959, -2.477258755239819088 ) ) ;
#3280 = CARTESIAN_POINT ( 'NONE',  ( 2.453047421229523462, -4.833630750845411939, 2.020070265487346362 ) ) ;
#3281 = CARTESIAN_POINT ( 'NONE',  ( 2.997475112657799645, -7.771576270289322963, 1.079448789051826285 ) ) ;
#3282 = CARTESIAN_POINT ( 'NONE',  ( 2.185693323241897357, -7.782849074691911895, 2.306704387254721933 ) ) ;
#3283 = EDGE_CURVE ( 'NONE', #1279, #1812, #1004, .T. ) ;
#3284 = TOROIDAL_SURFACE ( 'NONE', #3393, 5.070567856518484184, 1.200000000000000400 ) ;
#3285 = CARTESIAN_POINT ( 'NONE',  ( 1.785737662185200136, -7.994883618326597663, -1.785737662185199692 ) ) ;
#3286 = CARTESIAN_POINT ( 'NONE',  ( -2.443099146032159830, -6.633407315000401816, 1.011964800508648343 ) ) ;
#3287 = CARTESIAN_POINT ( 'NONE',  ( 0.000000000000000000, -8.877884615384630251, 3.174999999999999822 ) ) ;
#3288 = CARTESIAN_POINT ( 'NONE',  ( -1.797763083177478460, -3.559170755011947129, -2.564380260083530150 ) ) ;
#3289 = B_SPLINE_CURVE_WITH_KNOTS ( 'NONE', 3,
 ( #1013, #2151, #1561, #400, #7189, #1529 ),
 .UNSPECIFIED., .F., .F.,
 ( 4, 2, 4 ),
 ( 0.01091569239105542183, 0.01221161699944728340, 0.01350754160783914498 ),
 .UNSPECIFIED. ) ;
#3290 = CARTESIAN_POINT ( 'NONE',  ( 2.437551211214073032E-27, 3.999999999999999112, -12.25000000047880455 ) ) ;
#3291 = CARTESIAN_POINT ( 'NONE',  ( -1.821705254113160199, -3.469974390688859600, -2.600387464809139182 ) ) ;
#3292 = CARTESIAN_POINT ( 'NONE',  ( 2.866499038540921251, -6.731467671693841304, -1.389776482257877310 ) ) ;
#3293 = CARTESIAN_POINT ( 'NONE',  ( 2.285334508435597378, -6.560273344736121004, -2.208039578638910871 ) ) ;
#3294 = CARTESIAN_POINT ( 'NONE',  ( 2.755619402125967454, -3.891761239284142526, 1.590883558214986060 ) ) ;
#3295 = VERTEX_POINT ( 'NONE', #3075 ) ;
#3296 = ORIENTED_EDGE ( 'NONE', *, *, #7011, .F. ) ;
#3297 = CARTESIAN_POINT ( 'NONE',  ( -1.040949779275250140E-16, 1.999999999999997780, -2.000000000000000000 ) ) ;
#3298 = CARTESIAN_POINT ( 'NONE',  ( 1.785737662185200136, -8.173385612442780612, -1.785737662185199692 ) ) ;
#3299 = CARTESIAN_POINT ( 'NONE',  ( 0.2883772919311032856, 1.116684894146993345, -3.999999999999999112 ) ) ;
#3300 = CARTESIAN_POINT ( 'NONE',  ( -1.785737662185199692, -8.906077920135031079, -1.785737662185200358 ) ) ;
#3301 = CARTESIAN_POINT ( 'NONE',  ( -1.754521478269169599, -5.489388461268004171, -2.658953234901132667 ) ) ;
#3302 = CARTESIAN_POINT ( 'NONE',  ( 0.6862487929759992777, -5.464297197966283548, -3.055786290221486734 ) ) ;
#3303 = CARTESIAN_POINT ( 'NONE',  ( -2.931344154891282638, -8.267307692307751310, -1.219773112338811805 ) ) ;
#3304 = ORIENTED_EDGE ( 'NONE', *, *, #4503, .T. ) ;
#3305 = CARTESIAN_POINT ( 'NONE',  ( 0.000000000000000000, 0.8959856342811926000, 3.919833519093800955 ) ) ;
#3306 = EDGE_CURVE ( 'NONE', #720, #1958, #4514, .T. ) ;
#3307 = ORIENTED_EDGE ( 'NONE', *, *, #6466, .F. ) ;
#3308 = FACE_OUTER_BOUND ( 'NONE', #4961, .T. ) ;
#3309 = CARTESIAN_POINT ( 'NONE',  ( 2.390709608455041213, -4.674191714926393182, -2.099515976339751511 ) ) ;
#3310 = CARTESIAN_POINT ( 'NONE',  ( -1.997755698391781021, -4.251657923109545045, 2.411698466789439443 ) ) ;
#3311 = CARTESIAN_POINT ( 'NONE',  ( 3.092740686834170350E-16, -8.849691310634222319, -2.525414420702734031 ) ) ;
#3312 = ORIENTED_EDGE ( 'NONE', *, *, #4324, .T. ) ;
#3313 = CARTESIAN_POINT ( 'NONE',  ( 2.523595025359835820, -7.820557358155618921, 1.937999392541916999 ) ) ;
#3314 = CARTESIAN_POINT ( 'NONE',  ( 1.785737662185200136, -4.265693304750781678, -1.785737662185199692 ) ) ;
#3315 = LINE ( 'NONE', #1718, #3625 ) ;
#3316 = CARTESIAN_POINT ( 'NONE',  ( 0.4195115534958631653, -4.950390511012752626, 3.158132399465340079 ) ) ;
#3317 = CARTESIAN_POINT ( 'NONE',  ( 3.023340085707849845, -7.669708513585604237, -0.9783615480599960890 ) ) ;
#3318 = CARTESIAN_POINT ( 'NONE',  ( -1.129543575560690849, -8.018140856276374961, 2.970191726408748067 ) ) ;
#3319 = CARTESIAN_POINT ( 'NONE',  ( -2.443099146032159830, -3.824753468846779469, -1.011964800508649009 ) ) ;
#3320 = CARTESIAN_POINT ( 'NONE',  ( 3.174999999999999378, -8.694711538461568523, 1.315128060534576981 ) ) ;
#3321 = CARTESIAN_POINT ( 'NONE',  ( 1.410620547909378297, -3.698542092544752968, -2.856387139815202314 ) ) ;
#3322 = CARTESIAN_POINT ( 'NONE',  ( -0.4178885479227890110, -4.522720853883586578, -3.154190955549522890 ) ) ;
#3323 = CARTESIAN_POINT ( 'NONE',  ( 1.986647197602647408, -3.887874069727031756, 2.490675629540376690 ) ) ;
#3324 = CARTESIAN_POINT ( 'NONE',  ( 1.865569533163765392, -6.594905167578733796, -2.582550893823467586 ) ) ;
#3325 = CARTESIAN_POINT ( 'NONE',  ( 1.046507939517319574, -6.843088931835866084, 2.943314075699421384 ) ) ;
#3326 = LINE ( 'NONE', #1694, #3600 ) ;
#3327 = EDGE_LOOP ( 'NONE', ( #2706, #1093, #2714, #6192, #7109, #1695 ) ) ;
#3328 = LINE ( 'NONE', #6740, #6545 ) ;
#3329 = CARTESIAN_POINT ( 'NONE',  ( 1.046060903667665798, -7.501750997058219461, 2.525414420702734031 ) ) ;
#3330 = CARTESIAN_POINT ( 'NONE',  ( 0.000000000000000000, -3.499999999999999556, 0.000000000000000000 ) ) ;
#3331 = CARTESIAN_POINT ( 'NONE',  ( -1.785737662185200358, -5.731077920135281722, 1.785737662185199470 ) ) ;
#3332 = CARTESIAN_POINT ( 'NONE',  ( -0.4102759574874115800, -5.500470363245948846, -3.151101713246280855 ) ) ;
#3333 = EDGE_CURVE ( 'NONE', #6640, #6971, #1848, .T. ) ;
#3334 = CARTESIAN_POINT ( 'NONE',  ( 2.646819449709086225, -5.763203105317137975, 1.674519836320067956 ) ) ;
#3335 = CARTESIAN_POINT ( 'NONE',  ( -1.298157847735649684, -3.499999999999999556, -2.897483598290479190 ) ) ;
#3336 = ORIENTED_EDGE ( 'NONE', *, *, #4768, .F. ) ;
#3337 = CARTESIAN_POINT ( 'NONE',  ( 2.764779458370194565, 2.132144549402223976, -6.171703027891143556 ) ) ;
#3338 = VERTEX_POINT ( 'NONE', #6527 ) ;
#3339 = CARTESIAN_POINT ( 'NONE',  ( 0.000000000000000000, -4.115384615384999556, 3.174999999999999822 ) ) ;
#3340 = CARTESIAN_POINT ( 'NONE',  ( 3.174937001470843789, -4.776995285700506244, -0.2098745426498208611 ) ) ;
#3341 = CARTESIAN_POINT ( 'NONE',  ( 1.069800988806898001, -4.685892890694939084, -2.943469739152164699 ) ) ;
#3342 = CARTESIAN_POINT ( 'NONE',  ( -1.785737662185199692, -5.796806695249848929, -1.785737662185200358 ) ) ;
#3343 = VERTEX_POINT ( 'NONE', #6488 ) ;
#3344 = CARTESIAN_POINT ( 'NONE',  ( -3.109720278763030255, -4.191839995281291031, 0.3682653720665400865 ) ) ;
#3345 = CARTESIAN_POINT ( 'NONE',  ( -1.041251212971956441, -8.708560252802460155, 2.541708145634889782 ) ) ;
#3346 = CARTESIAN_POINT ( 'NONE',  ( -5.196152422706632024, -3.175378794048743902, -8.719841642113272980E-16 ) ) ;
#3347 = CARTESIAN_POINT ( 'NONE',  ( 2.948170834703171206, -7.860185907144083828, 1.056779265453647865 ) ) ;
#3348 = CARTESIAN_POINT ( 'NONE',  ( -2.505199023150042947, -8.101705476373762593, 1.968615089508702898 ) ) ;
#3349 = CARTESIAN_POINT ( 'NONE',  ( 0.000000000000000000, -5.473311161154341242, 2.443099146032160274 ) ) ;
#3350 = CARTESIAN_POINT ( 'NONE',  ( 0.000000000000000000, -6.924038461538630784, 3.174999999999999822 ) ) ;
#3351 = CARTESIAN_POINT ( 'NONE',  ( -2.229221333885095468, -3.445354740645338865, -2.275993094752771562 ) ) ;
#3352 = CARTESIAN_POINT ( 'NONE',  ( -0.4132576642076227769, -6.027479798108391407, 3.154908647219389017 ) ) ;
#3353 = CARTESIAN_POINT ( 'NONE',  ( 3.099805336063246930, -3.784647465614151329, 0.7358542051034698828 ) ) ;
#3354 = CARTESIAN_POINT ( 'NONE',  ( 2.738108923610256706, -6.885919552335057148, 1.628227864605995556 ) ) ;
#3355 = CARTESIAN_POINT ( 'NONE',  ( -2.046818720494237631, -7.033172274926965173, 2.441464638619921690 ) ) ;
#3356 = DIRECTION ( 'NONE',  ( -1.445602896647340642E-16, 2.503857664561933855E-16, -1.000000000000000000 ) ) ;
#3357 = ORIENTED_EDGE ( 'NONE', *, *, #4452, .T. ) ;
#3358 = CARTESIAN_POINT ( 'NONE',  ( 3.073480426578415248, -5.803859527600214285, 0.8233333594888292417 ) ) ;
#3359 = CARTESIAN_POINT ( 'NONE',  ( 2.443099146032160718, -9.168515761922851226, -1.011964800508647455 ) ) ;
#3360 = CARTESIAN_POINT ( 'NONE',  ( 1.592041692856358548, -7.879765298123153627, 2.754851615235148099 ) ) ;
#3361 = CARTESIAN_POINT ( 'NONE',  ( 0.000000000000000000, -5.608962535519906645, 2.525414420702734031 ) ) ;
#3362 = CARTESIAN_POINT ( 'NONE',  ( 3.081913754842660058, -5.826016581534824823, -0.5560469949416468882 ) ) ;
#3363 = CARTESIAN_POINT ( 'NONE',  ( 1.285272581127589797, -5.853180368578117410, 2.855964844516580836 ) ) ;
#3364 = B_SPLINE_CURVE_WITH_KNOTS ( 'NONE', 3,
 ( #5672, #4049, #5159, #4016, #538, #6224, #2255, #1697 ),
 .UNSPECIFIED., .F., .F.,
 ( 4, 2, 2, 4 ),
 ( 2.544334156051394844E-07, 0.0008979680449067925507, 0.001346824850652386359, 0.001795681656397979950 ),
 .UNSPECIFIED. ) ;
#3365 = ORIENTED_EDGE ( 'NONE', *, *, #547, .F. ) ;
#3366 = CARTESIAN_POINT ( 'NONE',  ( 5.196152422706632912, -0.8246212059512557646, -8.555773971382430480E-16 ) ) ;
#3367 = CIRCLE ( 'NONE', #199, 2.493116817939212471 ) ;
#3368 = ADVANCED_FACE ( 'NONE', ( #3617 ), #5863, .T. ) ;
#3369 = EDGE_LOOP ( 'NONE', ( #2755, #3545, #5939, #5001, #6239, #142, #91, #6006, #2856, #6772, #6684, #799, #3427, #686 ) ) ;
#3370 = CARTESIAN_POINT ( 'NONE',  ( 1.011964800508647455, -3.551208069615601204, 2.443099146032160718 ) ) ;
#3371 = DIRECTION ( 'NONE',  ( 2.846556599890768726E-32, -2.503857664561933362E-16, -1.000000000000000000 ) ) ;
#3372 = CARTESIAN_POINT ( 'NONE',  ( 0.000000000000000000, -3.499999999999999556, 0.000000000000000000 ) ) ;
#3373 = AXIS2_PLACEMENT_3D ( 'NONE', #5344, #6407, #280 ) ;
#3374 = CARTESIAN_POINT ( 'NONE',  ( -2.464614881453532913, -4.466988483259447307, -2.018455610897424535 ) ) ;
#3375 = CARTESIAN_POINT ( 'NONE',  ( 1.046060903667665798, -8.300172079865035357, 2.525414420702734031 ) ) ;
#3376 = ORIENTED_EDGE ( 'NONE', *, *, #2197, .T. ) ;
#3377 = CARTESIAN_POINT ( 'NONE',  ( -0.4134743099471262506, -4.523470289743366735, -3.154836308813916190 ) ) ;
#3378 = CARTESIAN_POINT ( 'NONE',  ( 3.000599736795398265, -5.897696782218988965, 0.8954976956992062309 ) ) ;
#3379 = AXIS2_PLACEMENT_3D ( 'NONE', #819, #4235, #1298 ) ;
#3380 = CARTESIAN_POINT ( 'NONE',  ( 6.209654695344817788E-16, 0.5556762387720507457, 5.070567856518485961 ) ) ;
#3381 = CARTESIAN_POINT ( 'NONE',  ( -0.8240102309561981864, -7.433083156546977932, -3.073189882207004953 ) ) ;
#3382 = CARTESIAN_POINT ( 'NONE',  ( 2.551430027349261387, -7.617483654325989839, -1.907895837779919557 ) ) ;
#3383 = CARTESIAN_POINT ( 'NONE',  ( 0.2943685649968703633, -7.887246987608193649, 3.172546614077805582 ) ) ;
#3384 = VECTOR ( 'NONE', #2658, 1000.000000000000000 ) ;
#3385 = CARTESIAN_POINT ( 'NONE',  ( 3.888253587292846081E-16, -9.366346153846128786, -3.174999999999999822 ) ) ;
#3386 = CARTESIAN_POINT ( 'NONE',  ( -0.1097129136338141492, -3.621660833092901211, -3.183798036107825524 ) ) ;
#3387 = CARTESIAN_POINT ( 'NONE',  ( -2.390789443329107478, -6.139581271066656853, 2.099442691781375547 ) ) ;
#3388 = CARTESIAN_POINT ( 'NONE',  ( 1.062896781080796549, -4.001254043520470205, 2.994724862095478279 ) ) ;
#3389 = CARTESIAN_POINT ( 'NONE',  ( 0.02333862702739822326, -6.558826790082783909, -3.177618390052038944 ) ) ;
#3390 = CARTESIAN_POINT ( 'NONE',  ( 0.1631087027866860439, -6.916593747668142278, 3.181687957140451939 ) ) ;
#3391 = CARTESIAN_POINT ( 'NONE',  ( 2.473913213799447952, -4.002510379017233610, 1.919410104734933231 ) ) ;
#3392 = ORIENTED_EDGE ( 'NONE', *, *, #1581, .F. ) ;
#3393 = AXIS2_PLACEMENT_3D ( 'NONE', #770, #2385, #5769 ) ;
#3394 = CARTESIAN_POINT ( 'NONE',  ( 0.000000000000000000, -3.499999999999999556, 0.000000000000000000 ) ) ;
#3395 = CARTESIAN_POINT ( 'NONE',  ( 2.523726921012201085, -5.661191708691213798, -1.937659902949029345 ) ) ;
#3396 = CARTESIAN_POINT ( 'NONE',  ( -1.785737662185200358, -4.754154843212281101, 1.785737662185199470 ) ) ;
#3397 = DIRECTION ( 'NONE',  ( 0.000000000000000000, -1.000000000000000000, -0.000000000000000000 ) ) ;
#3398 = CARTESIAN_POINT ( 'NONE',  ( 0.000000000000000000, -4.632039458596906023, 2.525414420702734031 ) ) ;
#3399 = CIRCLE ( 'NONE', #589, 4.500000000000000888 ) ;
#3400 = CARTESIAN_POINT ( 'NONE',  ( -1.528828290050478378, -5.502483459622798279, -2.795020917492788026 ) ) ;
#3401 = CARTESIAN_POINT ( 'NONE',  ( -3.011703292135940124, -6.200759277966588101, 1.039175429409586293 ) ) ;
#3402 = VERTEX_POINT ( 'NONE', #322 ) ;
#3403 = CARTESIAN_POINT ( 'NONE',  ( 3.897114317029972241, -0.4999999999999991673, 2.250000000000001776 ) ) ;
#3404 = ORIENTED_EDGE ( 'NONE', *, *, #3240, .F. ) ;
#3405 = CARTESIAN_POINT ( 'NONE',  ( -1.727531973270403975, -8.770426545769465676, -1.727531973270404198 ) ) ;
#3406 = CONICAL_SURFACE ( 'NONE', #5850, 4.500000000000000888, 1.134464013796316673 ) ;
#3407 = CARTESIAN_POINT ( 'NONE',  ( -5.196152422706632024, -3.175378794048743902, -8.719841642113272980E-16 ) ) ;
#3408 = CARTESIAN_POINT ( 'NONE',  ( 3.897114317029974018, -3.499999999999999556, 2.250000000000000888 ) ) ;
#3409 = CARTESIAN_POINT ( 'NONE',  ( 2.194278068700781681, -4.661725448553274198, -2.298469629200941000 ) ) ;
#3410 = CARTESIAN_POINT ( 'NONE',  ( -2.525414420702733587, -6.712672079865162011, -1.046060903667667130 ) ) ;
#3411 = VERTEX_POINT ( 'NONE', #4769 ) ;
#3412 = CARTESIAN_POINT ( 'NONE',  ( -2.853270977729990943, -4.370373985133320538, -1.408023665696339854 ) ) ;
#3413 = CARTESIAN_POINT ( 'NONE',  ( -0.3396069373234678612, -7.090400795916984578, 3.112757212656753758 ) ) ;
#3414 = ADVANCED_FACE ( 'NONE', ( #6999 ), #3689, .T. ) ;
#3415 = CARTESIAN_POINT ( 'NONE',  ( 2.525414420702734031, -6.102095156788285735, -1.046060903667665576 ) ) ;
#3416 = CARTESIAN_POINT ( 'NONE',  ( 0.000000000000000000, -9.000000000000000000, 0.000000000000000000 ) ) ;
#3417 = CARTESIAN_POINT ( 'NONE',  ( -2.392557380288823143, -7.116630230717739813, 2.097464917863148592 ) ) ;
#3418 = CARTESIAN_POINT ( 'NONE',  ( 2.913225506358113392, -8.490930784206691229, -0.5105544727294207830 ) ) ;
#3419 = CARTESIAN_POINT ( 'NONE',  ( 1.817438027363286190, -7.927769453411944056, 2.606659292573745290 ) ) ;
#3420 = EDGE_CURVE ( 'NONE', #2288, #4246, #1961, .T. ) ;
#3421 = CARTESIAN_POINT ( 'NONE',  ( -1.254525530508421971, -7.964115593678671168, 2.919644758570214549 ) ) ;
#3422 = CARTESIAN_POINT ( 'NONE',  ( 2.245064030267288402, -8.511538461538505018, -2.245064030267287958 ) ) ;
#3423 = ADVANCED_FACE ( 'NONE', ( #507 ), #4075, .T. ) ;
#3424 = CARTESIAN_POINT ( 'NONE',  ( 3.161402831694575699, -3.889627703804146464, 0.3922636464785093091 ) ) ;
#3425 = CARTESIAN_POINT ( 'NONE',  ( -2.184164377040692332E-11, -7.473281910752896273, -3.174999999999999822 ) ) ;
#3426 = CARTESIAN_POINT ( 'NONE',  ( 1.308343771098814612, -3.987958782643884259, 2.895921812396121009 ) ) ;
#3427 = ORIENTED_EDGE ( 'NONE', *, *, #7203, .F. ) ;
#3428 = CARTESIAN_POINT ( 'NONE',  ( 2.736499000737485421, -6.825277418859799994, 1.630919689317578358 ) ) ;
#3429 = CALENDAR_DATE ( 2026, 16, 2 ) ;
#3430 = CARTESIAN_POINT ( 'NONE',  ( -0.8829063921639320744, -7.028012375662153310, 3.061399738884064359 ) ) ;
#3431 = CARTESIAN_POINT ( 'NONE',  ( 3.131084057487776739, -3.901109683276333229, 0.04463451014610943929 ) ) ;
#3432 = ORIENTED_EDGE ( 'NONE', *, *, #321, .F. ) ;
#3433 = CARTESIAN_POINT ( 'NONE',  ( 1.806417529792477161, -3.499999999999951150, 1.718547951577669597 ) ) ;
#3434 = CARTESIAN_POINT ( 'NONE',  ( 2.855193685208799792, -5.835020287204407019, 1.404058540191939208 ) ) ;
#3435 = CARTESIAN_POINT ( 'NONE',  ( 1.785737662185200136, -5.242616381673781412, -1.785737662185199692 ) ) ;
#3436 = CARTESIAN_POINT ( 'NONE',  ( 2.391507731577340756, -7.830008967665360586, 2.098698726061002606 ) ) ;
#3437 = CARTESIAN_POINT ( 'NONE',  ( 1.785737662185200136, -4.509924073981531834, 1.785737662185200136 ) ) ;
#3438 = CARTESIAN_POINT ( 'NONE',  ( 0.7456728192676018718, -5.645588520223869367, -3.041552607709434586 ) ) ;
#3439 = CARTESIAN_POINT ( 'NONE',  ( -3.088507632789062374, -6.214193182936591953, 0.7815894340062912171 ) ) ;
#3440 = ORIENTED_EDGE ( 'NONE', *, *, #4491, .T. ) ;
#3441 = DIRECTION ( 'NONE',  ( 0.000000000000000000, 0.000000000000000000, -1.000000000000000000 ) ) ;
#3442 = ORIENTED_EDGE ( 'NONE', *, *, #3516, .T. ) ;
#3443 = CARTESIAN_POINT ( 'NONE',  ( -1.727531973270404198, -7.549272699615715787, 1.727531973270403531 ) ) ;
#3444 = CARTESIAN_POINT ( 'NONE',  ( 2.999999999999995559, 2.267949192431119698, -4.464101615137752610 ) ) ;
#3445 = SPHERICAL_SURFACE ( 'NONE', #6686, 5.000000000000000000 ) ;
#3446 = CARTESIAN_POINT ( 'NONE',  ( -1.213097624873607838, -4.482317253994656525, -2.945766586863798331 ) ) ;
#3447 = CARTESIAN_POINT ( 'NONE',  ( 2.091184999869990957, -4.919174025545552276, 2.403628613893827648 ) ) ;
#3448 = CARTESIAN_POINT ( 'NONE',  ( -1.589817857415534386, -6.415028987130242832, -2.756138644641491275 ) ) ;
#3449 = ORIENTED_EDGE ( 'NONE', *, *, #3999, .F. ) ;
#3450 = CARTESIAN_POINT ( 'NONE',  ( -0.2075857435533601525, -4.533421193716753450, -3.175000000001250822 ) ) ;
#3451 = CARTESIAN_POINT ( 'NONE',  ( -0.9333534575632053132, -6.539070598424848058, -2.988898340192910119 ) ) ;
#3452 = CARTESIAN_POINT ( 'NONE',  ( -1.046060903667667574, -5.491518233711412122, 2.525414420702733587 ) ) ;
#3453 = DIRECTION ( 'NONE',  ( 2.846556599890768726E-32, -2.503857664561933362E-16, -1.000000000000000000 ) ) ;
#3454 = CARTESIAN_POINT ( 'NONE',  ( -0.2076787816077430016, -7.463634539450360705, -3.174999999998572076 ) ) ;
#3455 = DIRECTION ( 'NONE',  ( -0.000000000000000000, -2.891205793294678819E-16, 1.000000000000000000 ) ) ;
#3456 = CARTESIAN_POINT ( 'NONE',  ( -2.913698745829214953, -8.080341227948927951, 1.288584393421565721 ) ) ;
#3457 = EDGE_CURVE ( 'NONE', #2002, #1812, #7252, .T. ) ;
#3458 = APPROVAL ( #5374, 'UNSPECIFIED' ) ;
#3459 = CARTESIAN_POINT ( 'NONE',  ( 3.174999999999999822, -5.702884615384880007, 1.944126793646423041E-16 ) ) ;
#3460 = CARTESIAN_POINT ( 'NONE',  ( 3.150736406758513741, -3.771413199828896445, 0.4718956859582080221 ) ) ;
#3461 = ORIENTED_EDGE ( 'NONE', *, *, #4953, .T. ) ;
#3462 = CARTESIAN_POINT ( 'NONE',  ( 1.828700074472177306, -6.976509042952162787, 2.542336657810835732 ) ) ;
#3463 = CARTESIAN_POINT ( 'NONE',  ( 1.436295549237990965, -6.911786227684570960, 2.843848188813231204 ) ) ;
#3464 = CARTESIAN_POINT ( 'NONE',  ( -2.489567746039329066, -3.512804336242334902, -1.899541299896465807 ) ) ;
#3465 = CARTESIAN_POINT ( 'NONE',  ( 0.000000000000000000, 3.999999999999999112, -16.50000000047880633 ) ) ;
#3466 = CARTESIAN_POINT ( 'NONE',  ( 1.592304458177463466, -5.925902592182827000, 2.754625679536803151 ) ) ;
#3467 = CARTESIAN_POINT ( 'NONE',  ( 1.785737662185200136, -3.533000997058531656, 1.785737662185200136 ) ) ;
#3468 = B_SPLINE_CURVE_WITH_KNOTS ( 'NONE', 3,
 ( #5097, #6160, #5608, #577, #2815, #2296 ),
 .UNSPECIFIED., .F., .F.,
 ( 4, 2, 4 ),
 ( 0.01564373621985987867, 0.01604992923622134207, 0.01645612225258280548 ),
 .UNSPECIFIED. ) ;
#3469 = CARTESIAN_POINT ( 'NONE',  ( 2.755842005363055680, -7.635629469850454321, -1.590407438536182161 ) ) ;
#3470 = CARTESIAN_POINT ( 'NONE',  ( -2.999999999999996891, 2.267949192431121475, -4.464101615137752610 ) ) ;
#3471 = CARTESIAN_POINT ( 'NONE',  ( 0.06495176149186504544, -6.066408379887183955, 3.185012020952328271 ) ) ;
#3472 = CARTESIAN_POINT ( 'NONE',  ( -0.2388488950821295864, -5.958165063711346576, 3.177016365315061375 ) ) ;
#3473 = ORIENTED_EDGE ( 'NONE', *, *, #6025, .F. ) ;
#3474 = DIRECTION ( 'NONE',  ( -1.000000000000000000, 0.000000000000000000, 0.000000000000000000 ) ) ;
#3475 = EDGE_LOOP ( 'NONE', ( #3512, #2962, #1732 ) ) ;
#3476 = CARTESIAN_POINT ( 'NONE',  ( 2.443099146032160718, -4.283900377307851670, -1.011964800508647455 ) ) ;
#3477 = CARTESIAN_POINT ( 'NONE',  ( -2.999999999999996891, 3.695572347056137463, -4.011817642712833809 ) ) ;
#3478 = CARTESIAN_POINT ( 'NONE',  ( 2.695916926119900747, 3.999999999999999112, -8.196031327178998183 ) ) ;
#3479 = CARTESIAN_POINT ( 'NONE',  ( -2.581062579632022125, -4.481982669788601825, -1.773442390762197673 ) ) ;
#3480 = CARTESIAN_POINT ( 'NONE',  ( -0.8885087789567154282, -5.074460649839847903, 3.059615213693524183 ) ) ;
#3481 = CARTESIAN_POINT ( 'NONE',  ( -2.525414420702733587, -4.758825926019160768, -1.046060903667667130 ) ) ;
#3482 = ORIENTED_EDGE ( 'NONE', *, *, #3772, .T. ) ;
#3483 = CARTESIAN_POINT ( 'NONE',  ( 1.060066154592383153E-11, -4.054602704630726251, 3.174999999999999822 ) ) ;
#3484 = CARTESIAN_POINT ( 'NONE',  ( -1.124474730624318575, -7.505666675031116064, -2.922404185877847560 ) ) ;
#3485 = CIRCLE ( 'NONE', #2308, 0.1999999999999996503 ) ;
#3486 = CARTESIAN_POINT ( 'NONE',  ( -2.525414420702734031, -4.697768233711473229, -4.639111030251255524E-16 ) ) ;
#3487 = CARTESIAN_POINT ( 'NONE',  ( -2.443099146032160274, -5.717541930385091398, -4.487900323781875854E-16 ) ) ;
#3488 = CARTESIAN_POINT ( 'NONE',  ( -3.680738696364783458, -3.500000000000000000, 2.624773568511360011 ) ) ;
#3489 = DIRECTION ( 'NONE',  ( 0.000000000000000000, 1.000000000000000000, 2.891205793294680298E-16 ) ) ;
#3490 = CARTESIAN_POINT ( 'NONE',  ( 2.794302749491979210, -8.537060486239440138, 0.8184223581430259964 ) ) ;
#3491 = CONICAL_SURFACE ( 'NONE', #4191, 3.174999999999999822, 0.7853981633974488341 ) ;
#3492 = CARTESIAN_POINT ( 'NONE',  ( -3.011903635237208388, -8.257367174050182612, -1.039023805994552019 ) ) ;
#3493 = AXIS2_PLACEMENT_3D ( 'NONE', #2591, #4844, #7074 ) ;
#3494 = CARTESIAN_POINT ( 'NONE',  ( -2.525414420702733587, -8.845020227827344428, -1.046060903667667130 ) ) ;
#3495 = CARTESIAN_POINT ( 'NONE',  ( 1.589093219870270302, -3.647948472978089995, -2.756615366408367240 ) ) ;
#3496 = CARTESIAN_POINT ( 'NONE',  ( -2.046070854138946515, -4.163350879120431003, 2.431406044141600997 ) ) ;
#3497 = VERTEX_POINT ( 'NONE', #5534 ) ;
#3498 = ADVANCED_FACE ( 'NONE', ( #2742 ), #4250, .F. ) ;
#3499 = CARTESIAN_POINT ( 'NONE',  ( 2.430018478852268959, -6.911315468060822198, 2.047619251869472468 ) ) ;
#3500 = CARTESIAN_POINT ( 'NONE',  ( 0.1695391560283399102, -7.420495898614644759, -3.181514253736797304 ) ) ;
#3501 = CARTESIAN_POINT ( 'NONE',  ( -2.991548832476654152, -4.341414807247717000, 0.9255342423759704840 ) ) ;
#3502 = CARTESIAN_POINT ( 'NONE',  ( -0.1469515631652550391, -3.500000000000000444, 2.502199305858359146 ) ) ;
#3503 = DIRECTION ( 'NONE',  ( 0.000000000000000000, -3.469446951953615175E-16, 1.000000000000000000 ) ) ;
#3504 = CARTESIAN_POINT ( 'NONE',  ( 2.525414420702734031, -4.326750997058469217, -1.046060903667665576 ) ) ;
#3505 = CARTESIAN_POINT ( 'NONE',  ( 0.000000000000000000, 3.999999999999999112, 4.500000000000001776 ) ) ;
#3506 = CARTESIAN_POINT ( 'NONE',  ( 0.000000000000000000, 1.499999999999998668, 4.330127018922193649 ) ) ;
#3507 = CARTESIAN_POINT ( 'NONE',  ( 0.06525928704337932706, -6.094383344663834023, 3.130945331013497146 ) ) ;
#3508 = CARTESIAN_POINT ( 'NONE',  ( -0.7611367634042938146, -5.984177950144964342, 3.085257690613639081 ) ) ;
#3509 = TOROIDAL_SURFACE ( 'NONE', #1511, 5.070567856518484184, 1.200000000000000400 ) ;
#3510 = EDGE_LOOP ( 'NONE', ( #3145, #4522, #6230, #3889, #2569, #1018 ) ) ;
#3511 = CARTESIAN_POINT ( 'NONE',  ( -3.076100968714196249, -8.321181093821619967, -0.5282367594679304723 ) ) ;
#3512 = ORIENTED_EDGE ( 'NONE', *, *, #6512, .T. ) ;
#3513 = CARTESIAN_POINT ( 'NONE',  ( 1.011964800508647899, -8.953599622692527404, -2.443099146032160718 ) ) ;
#3514 = CARTESIAN_POINT ( 'NONE',  ( 1.742376360783116640, -0.6433107729900917615, 4.499999999999999112 ) ) ;
#3515 = CARTESIAN_POINT ( 'NONE',  ( -3.564761386937312728E-15, -5.519987320015720123, -3.174999999999999822 ) ) ;
#3516 = EDGE_CURVE ( 'NONE', #2523, #3873, #4245, .T. ) ;
#3517 = CARTESIAN_POINT ( 'NONE',  ( 1.716729940727759196, -5.003153654729731947, 2.683506293871312121 ) ) ;
#3518 = CARTESIAN_POINT ( 'NONE',  ( -0.1056640631878656422, -4.947121979470495035, 3.122045093330508614 ) ) ;
#3519 = CARTESIAN_POINT ( 'NONE',  ( -1.499999999999999112, 6.598076211353311571, -6.499999999999999112 ) ) ;
#3520 = VERTEX_POINT ( 'NONE', #1131 ) ;
#3521 = CARTESIAN_POINT ( 'NONE',  ( -2.598076211353316900, -0.8246212059512552095, 4.499999999999999112 ) ) ;
#3522 = CARTESIAN_POINT ( 'NONE',  ( 3.125049056575474271, -6.839342405153987947, 0.2001464364298589926 ) ) ;
#3523 = TOROIDAL_SURFACE ( 'NONE', #236, 0.06062663439566949586, 3.249999999999999556 ) ;
#3524 = CARTESIAN_POINT ( 'NONE',  ( 1.785737662185200136, -3.110268233711598995, -1.785737662185199692 ) ) ;
#3525 = CARTESIAN_POINT ( 'NONE',  ( -2.525414420702734031, -8.605460541403472163, -4.639111030251255524E-16 ) ) ;
#3526 = CARTESIAN_POINT ( 'NONE',  ( 0.8224705714672657653, -6.537030063854453843, -3.073586213718156657 ) ) ;
#3527 = DIRECTION ( 'NONE',  ( 0.000000000000000000, 1.000000000000000000, 2.891205793294680298E-16 ) ) ;
#3528 = CARTESIAN_POINT ( 'NONE',  ( 1.780421504225873530, -8.412123861731275909, -2.459530517809060512 ) ) ;
#3529 = CARTESIAN_POINT ( 'NONE',  ( -2.245064030267288846, -4.115384615385005773, 2.245064030267287514 ) ) ;
#3530 = CARTESIAN_POINT ( 'NONE',  ( 3.154574033319224036, -3.790688733723651005, -0.4152873025146628372 ) ) ;
#3531 = CARTESIAN_POINT ( 'NONE',  ( -1.941718370687298689, -4.156891355851428216, 2.515512670061063716 ) ) ;
#3532 = EDGE_LOOP ( 'NONE', ( #684, #3073 ) ) ;
#3533 = CARTESIAN_POINT ( 'NONE',  ( -2.093860036708499184, -7.188796288160677506, 2.318097156041510676 ) ) ;
#3534 = CARTESIAN_POINT ( 'NONE',  ( -2.044718707804954683, -7.364289842673368724, -2.443420618834446501 ) ) ;
#3535 = CARTESIAN_POINT ( 'NONE',  ( -3.130358228542593935, -4.390924799059942707, -0.07299073371060993409 ) ) ;
#3536 = CARTESIAN_POINT ( 'NONE',  ( -9.614703467775362497E-18, 1.506895848598523768, -6.699999999999999289 ) ) ;
#3537 = CARTESIAN_POINT ( 'NONE',  ( -9.940091136009412779E-18, 3.999999999999999112, -6.702250878640243492 ) ) ;
#3538 = CARTESIAN_POINT ( 'NONE',  ( -1.727531973270403975, -7.886304223461412022, -1.727531973270404198 ) ) ;
#3539 = CARTESIAN_POINT ( 'NONE',  ( 0.2349487191107600681, 0.6715460910866005717, -6.171546091086894670 ) ) ;
#3540 = DIRECTION ( 'NONE',  ( 0.000000000000000000, 1.000000000000000000, 2.891205793294681285E-16 ) ) ;
#3541 = CARTESIAN_POINT ( 'NONE',  ( 2.709230799367326803, -5.934541167169752107, 1.554943571099315358 ) ) ;
#3542 = CARTESIAN_POINT ( 'NONE',  ( 1.297985356189065076, -6.474305322812534236, -2.841388566496657386 ) ) ;
#3543 = VERTEX_POINT ( 'NONE', #5612 ) ;
#3544 = CYLINDRICAL_SURFACE ( 'NONE', #3373, 3.174999999999999822 ) ;
#3545 = ORIENTED_EDGE ( 'NONE', *, *, #4964, .F. ) ;
#3546 = CARTESIAN_POINT ( 'NONE',  ( -1.058032988133233987, -8.014667820624207906, 3.005016289840554577 ) ) ;
#3547 = ADVANCED_FACE ( 'NONE', ( #109 ), #6681, .F. ) ;
#3548 = CARTESIAN_POINT ( 'NONE',  ( 0.000000000000000000, 4.000000000000000888, -3.999999999999999112 ) ) ;
#3549 = CARTESIAN_POINT ( 'NONE',  ( -1.802610607689896755E-11, -6.008448858478057097, 3.174999999999999822 ) ) ;
#3550 = EDGE_CURVE ( 'NONE', #1707, #4439, #4465, .T. ) ;
#3551 = CARTESIAN_POINT ( 'NONE',  ( 3.135642729097593229, -4.874944110300772238, 0.5623779451040804567 ) ) ;
#3552 = CARTESIAN_POINT ( 'NONE',  ( -3.167045042874280458, -5.262953434500153627, 0.2607281885253764919 ) ) ;
#3553 = CARTESIAN_POINT ( 'NONE',  ( -2.098740136025241121, -6.384408083338738216, -2.391395095630490797 ) ) ;
#3554 = EDGE_LOOP ( 'NONE', ( #1233, #5504, #4959, #6408 ) ) ;
#3555 = DIRECTION ( 'NONE',  ( 0.000000000000000000, 1.000000000000000000, 2.891205793294681285E-16 ) ) ;
#3556 = APPROVAL_PERSON_ORGANIZATION ( #5451, #3458, #351 ) ;
#3557 = CARTESIAN_POINT ( 'NONE',  ( 0.5646949426951339834, -6.613213289434328956, -3.079912449856295531 ) ) ;
#3558 = CARTESIAN_POINT ( 'NONE',  ( -1.813352054209861342, -2.863757994385175198, -1.758123270160538265 ) ) ;
#3559 = CARTESIAN_POINT ( 'NONE',  ( -1.780121795199856027, -2.904301039821097774, -1.673290121765355076 ) ) ;
#3560 = CARTESIAN_POINT ( 'NONE',  ( -1.940064277043028751, -8.064293170060850002, 2.526656861153443678 ) ) ;
#3561 = CARTESIAN_POINT ( 'NONE',  ( 3.118926258320821265, -3.779115686724113132, -0.6497061553299334768 ) ) ;
#3562 = DIRECTION ( 'NONE',  ( -1.000000000000000000, 0.000000000000000000, 0.000000000000000000 ) ) ;
#3563 = CARTESIAN_POINT ( 'NONE',  ( 0.4768316469221760556, -3.499999999999999556, -3.084487830482147253 ) ) ;
#3564 = CARTESIAN_POINT ( 'NONE',  ( 3.888253587292846081E-16, -4.481730769231131006, -3.174999999999999822 ) ) ;
#3565 = CARTESIAN_POINT ( 'NONE',  ( -6.097972082098776651E-15, -6.496358833830909951, -3.174999999999999822 ) ) ;
#3566 = CARTESIAN_POINT ( 'NONE',  ( -2.287704044048884722, -4.326775961757212130, -2.138852183391476647 ) ) ;
#3567 = VERTEX_POINT ( 'NONE', #582 ) ;
#3568 = CARTESIAN_POINT ( 'NONE',  ( -2.846679805474432001, -7.217677979904816965, 1.430056563016877114 ) ) ;
#3569 = CARTESIAN_POINT ( 'NONE',  ( -2.957643247417144572, -7.287200783835735329, -1.162086055479258029 ) ) ;
#3570 = CARTESIAN_POINT ( 'NONE',  ( 3.127682111785264230, -4.868973951138117151, -0.1540239204026816744 ) ) ;
#3571 = FACE_OUTER_BOUND ( 'NONE', #606, .T. ) ;
#3572 = CARTESIAN_POINT ( 'NONE',  ( -2.525408694880931115, -5.172868159199243365, 1.935385415374553109 ) ) ;
#3573 = CARTESIAN_POINT ( 'NONE',  ( -1.011964800508649232, -6.604092684999975482, 2.443099146032159830 ) ) ;
#3574 = CARTESIAN_POINT ( 'NONE',  ( 2.576392796731206070E-16, 0.5358983848622457247, -6.035898384862248278 ) ) ;
#3575 = CARTESIAN_POINT ( 'NONE',  ( -2.391539714672114680, -5.163264100074167473, 2.098576739417985504 ) ) ;
#3576 = CARTESIAN_POINT ( 'NONE',  ( 2.457852956359486640, -5.932302712965586977, 2.014138740897755131 ) ) ;
#3577 = CARTESIAN_POINT ( 'NONE',  ( -2.327563237790383432, -6.308290773846487731, -2.175384604673030964 ) ) ;
#3578 = EDGE_LOOP ( 'NONE', ( #788, #6822, #6373, #6090 ) ) ;
#3579 = CARTESIAN_POINT ( 'NONE',  ( 1.022236898472436373, -4.593618651536864661, -3.013177477684158223 ) ) ;
#3580 = ORIENTED_EDGE ( 'NONE', *, *, #5438, .F. ) ;
#3581 = CARTESIAN_POINT ( 'NONE',  ( -2.029664074428686682, -8.161583652143672651, 2.374545999220146975 ) ) ;
#3582 = CARTESIAN_POINT ( 'NONE',  ( 2.474656400288618644E-27, 3.999999999999999112, -12.37260010383188202 ) ) ;
#3583 = CARTESIAN_POINT ( 'NONE',  ( -1.631375498705819549, 6.522226531810582095, -6.499999999999997335 ) ) ;
#3584 = CARTESIAN_POINT ( 'NONE',  ( -0.2879979988955698733, -5.044931256739014991, 3.172823362378909273 ) ) ;
#3585 = CARTESIAN_POINT ( 'NONE',  ( -3.049923887751227358, -5.320379086628491905, -0.9208393135706648414 ) ) ;
#3586 = CARTESIAN_POINT ( 'NONE',  ( -1.406847271397699384, -6.079922990702742780, 2.853882184057681570 ) ) ;
#3587 = VERTEX_POINT ( 'NONE', #3478 ) ;
#3588 = DIRECTION ( 'NONE',  ( 1.224646799147353207E-16, 0.000000000000000000, -1.000000000000000000 ) ) ;
#3589 = EDGE_CURVE ( 'NONE', #4466, #6051, #5042, .T. ) ;
#3590 = CARTESIAN_POINT ( 'NONE',  ( -3.119176442921490544, -8.308491056714951029, -0.2774042450348233602 ) ) ;
#3591 = ADVANCED_FACE ( 'NONE', ( #3993, #5171 ), #3445, .T. ) ;
#3592 = CARTESIAN_POINT ( 'NONE',  ( 3.174999999999999378, -6.862980769230937916, 1.315128060534576981 ) ) ;
#3593 = CARTESIAN_POINT ( 'NONE',  ( -1.046060903667665354, -8.788633618326539221, -2.525414420702734475 ) ) ;
#3594 = CARTESIAN_POINT ( 'NONE',  ( -2.598076211353317344, -3.175378794048743902, 4.499999999999999112 ) ) ;
#3595 = CARTESIAN_POINT ( 'NONE',  ( 3.065075295073452999, -3.867728232214238115, -0.6431360644344318311 ) ) ;
#3596 = DIRECTION ( 'NONE',  ( 0.000000000000000000, -1.000000000000000000, 0.000000000000000000 ) ) ;
#3597 = CARTESIAN_POINT ( 'NONE',  ( -0.4422787026879067551, -5.409304544630899159, -3.099830887593774342 ) ) ;
#3598 = AXIS2_PLACEMENT_3D ( 'NONE', #3043, #3005, #5244 ) ;
#3599 = CARTESIAN_POINT ( 'NONE',  ( -2.245064030267288846, -5.092307692308005507, 2.245064030267287514 ) ) ;
#3600 = VECTOR ( 'NONE', #131, 1000.000000000000000 ) ;
#3601 = DIRECTION ( 'NONE',  ( 0.4999999999999979461, 0.000000000000000000, 0.8660254037844397068 ) ) ;
#3602 = CARTESIAN_POINT ( 'NONE',  ( -3.174395220674027573, -4.310943026933244937, -0.2723042494313657746 ) ) ;
#3603 = CARTESIAN_POINT ( 'NONE',  ( -1.116133098179705074, -7.130727784822118664, 2.926141840918377035 ) ) ;
#3604 = CARTESIAN_POINT ( 'NONE',  ( -1.108689408606334359, -7.328333666117821110, -2.929006834591945108 ) ) ;
#3605 = CARTESIAN_POINT ( 'NONE',  ( -0.5438694012563709546, -4.605476399393391596, -3.083885942026717064 ) ) ;
#3606 = CARTESIAN_POINT ( 'NONE',  ( 2.866775766243099710, -7.693153993756466136, 1.259695362308421940 ) ) ;
#3607 = DIRECTION ( 'NONE',  ( 0.000000000000000000, -1.000000000000000000, -3.469446951953615175E-16 ) ) ;
#3608 = CARTESIAN_POINT ( 'NONE',  ( -2.443099146032160274, -5.810342685000039253, -4.487900323781875854E-16 ) ) ;
#3609 = PLANE ( 'NONE',  #1287 ) ;
#3610 = DIRECTION ( 'NONE',  ( 0.8660254037844432595, -2.399625170192344885E-16, -0.4999999999999919509 ) ) ;
#3611 = CARTESIAN_POINT ( 'NONE',  ( -1.424449283826193291, -6.171222906220988236, 2.780091767854843354 ) ) ;
#3612 = CARTESIAN_POINT ( 'NONE',  ( 1.316130533317514173, -6.562915318645623941, -2.892378049054831202 ) ) ;
#3613 = ORIENTED_EDGE ( 'NONE', *, *, #2663, .T. ) ;
#3614 = CARTESIAN_POINT ( 'NONE',  ( 4.766799996877563395, -0.6428244843946787634, 0.7436602158888940828 ) ) ;
#3615 = ORIENTED_EDGE ( 'NONE', *, *, #2608, .T. ) ;
#3616 = CARTESIAN_POINT ( 'NONE',  ( -3.090079818904942766, -8.229666547524004727, 0.7755963238202344678 ) ) ;
#3617 = FACE_OUTER_BOUND ( 'NONE', #7260, .T. ) ;
#3618 = CARTESIAN_POINT ( 'NONE',  ( 3.073698707306038447, -5.724087373748268703, -0.8220826204893355582 ) ) ;
#3619 = CARTESIAN_POINT ( 'NONE',  ( 0.9920851837507682625, -5.070548770222323753, 2.970317744538053972 ) ) ;
#3620 = CARTESIAN_POINT ( 'NONE',  ( -0.8747441350911003832, -5.415896667075492665, -3.063482782333454502 ) ) ;
#3621 = CARTESIAN_POINT ( 'NONE',  ( -2.598076211353316900, -0.8246212059512549875, -4.499999999999999112 ) ) ;
#3622 = VERTEX_POINT ( 'NONE', #2782 ) ;
#3623 = CARTESIAN_POINT ( 'NONE',  ( 0.000000000000000000, 3.999999999999999112, 0.000000000000000000 ) ) ;
#3624 = CARTESIAN_POINT ( 'NONE',  ( -3.131136284577637596, -8.296798190486772029, -0.02652341432349339043 ) ) ;
#3625 = VECTOR ( 'NONE', #6171, 1000.000000000000000 ) ;
#3626 = CARTESIAN_POINT ( 'NONE',  ( -1.315128060534579202, -5.153365384615686828, 3.174999999999999378 ) ) ;
#3627 = CARTESIAN_POINT ( 'NONE',  ( 1.785737662185200136, -7.017960541403597929, -1.785737662185199692 ) ) ;
#3628 = CARTESIAN_POINT ( 'NONE',  ( -1.785737662185200358, -6.708000997058281456, 1.785737662185199470 ) ) ;
#3629 = CARTESIAN_POINT ( 'NONE',  ( 2.814619301930163964, -3.828355986649782938, -1.373063555196907259 ) ) ;
#3630 = DIRECTION ( 'NONE',  ( 0.000000000000000000, -1.000000000000000000, -3.479043334394289639E-16 ) ) ;
#3631 = CARTESIAN_POINT ( 'NONE',  ( -0.7912806585040647045, -4.981304973634116173, 3.029763306277959423 ) ) ;
#3632 = CARTESIAN_POINT ( 'NONE',  ( -2.525414420702734031, -6.830116381673656534, -4.639111030251255524E-16 ) ) ;
#3633 = ADVANCED_FACE ( 'NONE', ( #5031 ), #2225, .T. ) ;
#3634 = DIRECTION ( 'NONE',  ( -1.224646799147353207E-16, 1.000000000000000000, -3.706420287512767100E-44 ) ) ;
#3635 = CARTESIAN_POINT ( 'NONE',  ( -3.174141430535954989, -4.250298092860095522, -0.2753174404978885881 ) ) ;
#3636 = CARTESIAN_POINT ( 'NONE',  ( -3.090275901692857374, -7.265578012248317563, -0.7400925840877037309 ) ) ;
#3637 = CARTESIAN_POINT ( 'NONE',  ( -0.2222649193015373559, -7.373857537681537622, -3.115924527031772584 ) ) ;
#3638 = CARTESIAN_POINT ( 'NONE',  ( -2.707995402880127855, -5.282241954469530931, 1.572358435450025294 ) ) ;
#3639 = CARTESIAN_POINT ( 'NONE',  ( -2.777501557318278635, -7.065225700324488045, 1.445636134061528688 ) ) ;
#3640 = CARTESIAN_POINT ( 'NONE',  ( 2.999999999999996003, 2.267949192431120586, -6.500000000000000000 ) ) ;
#3641 = ADVANCED_FACE ( 'NONE', ( #4 ), #3166, .T. ) ;
#3642 = CALENDAR_DATE ( 2026, 16, 2 ) ;
#3643 = CARTESIAN_POINT ( 'NONE',  ( -1.011964800508649232, -8.557938838845975837, 2.443099146032159830 ) ) ;
#3644 = CARTESIAN_POINT ( 'NONE',  ( -1.303829255395209552, -3.499999999999998668, 2.293781497579770789 ) ) ;
#3645 = CARTESIAN_POINT ( 'NONE',  ( -2.139654719614284772, -8.274208480521554776, -2.349456142306984407 ) ) ;
#3646 = CARTESIAN_POINT ( 'NONE',  ( -0.4153884757726298838, -5.051195469649740311, 3.154508906752982345 ) ) ;
#3647 = CARTESIAN_POINT ( 'NONE',  ( -3.147746410961477448, -6.334193946643896567, -0.4352541096554221611 ) ) ;
#3648 = CARTESIAN_POINT ( 'NONE',  ( 1.318997600051372787, -6.502273682242527109, -2.891073470125827605 ) ) ;
#3649 = CARTESIAN_POINT ( 'NONE',  ( 0.2075318668658495402, -4.552704789717052947, -3.174999999998749711 ) ) ;
#3650 = VERTEX_POINT ( 'NONE', #3952 ) ;
#3651 = CARTESIAN_POINT ( 'NONE',  ( -1.537270435218422326, -8.041045691284971042, 2.790404328262948042 ) ) ;
#3652 = CARTESIAN_POINT ( 'NONE',  ( -4.113489937695165466, -0.4999999999999995559, -1.875226431488636880 ) ) ;
#3653 = CARTESIAN_POINT ( 'NONE',  ( -1.841168084692692331, -3.500000000000000000, -2.600368566982868224 ) ) ;
#3654 = CARTESIAN_POINT ( 'NONE',  ( 2.711143957309106511, -4.933953670662338808, 1.657558126514232066 ) ) ;
#3655 = CARTESIAN_POINT ( 'NONE',  ( -3.166365554972863539, -5.287840051936979258, -0.2684301212717848384 ) ) ;
#3656 = DIRECTION ( 'NONE',  ( -1.000000000000000000, 0.000000000000000000, -0.000000000000000000 ) ) ;
#3657 = VERTEX_POINT ( 'NONE', #1166 ) ;
#3658 = DIRECTION ( 'NONE',  ( -1.445602896647340642E-16, 2.503857664561933855E-16, -1.000000000000000000 ) ) ;
#3659 = FACE_OUTER_BOUND ( 'NONE', #4630, .T. ) ;
#3660 = CARTESIAN_POINT ( 'NONE',  ( -2.520202259240079901, -6.262818429346675764, -1.858223175535958838 ) ) ;
#3661 = CARTESIAN_POINT ( 'NONE',  ( 2.245064030267288402, -5.702884615384874678, -2.245064030267287958 ) ) ;
#3662 = B_SPLINE_CURVE_WITH_KNOTS ( 'NONE', 3,
 ( #3780, #7125, #6097, #992, #4410, #5474, #489, #6647, #1068, #5548, #3313, #522, #2756, #5002, #7234, #2202, #4448, #6685, #1649, #3890, #6134, #5764, #1823, #4560, #2378, #6203, #587, #1137, #181, #623, #3958, #6312, #732, #5177 ),
 .UNSPECIFIED., .F., .F.,
 ( 4, 2, 2, 2, 2, 2, 2, 2, 2, 2, 2, 2, 2, 2, 2, 2, 4 ),
 ( 0.006252890528251758839, 0.006879214555022872095, 0.007505538581793985350, 0.008131862608565097739, 0.008758186635336211862, 0.009384510662107325984, 0.01001083468887843837, 0.01063715871564955250, 0.01126348274242066488, 0.01188980676919177901, 0.01251613079596289313, 0.01314245482273400725, 0.01376877884950512138, 0.01439510287627623550, 0.01502142690304734962, 0.01564775092981846721, 0.01627407495658958134 ),
 .UNSPECIFIED. ) ;
#3663 = CARTESIAN_POINT ( 'NONE',  ( 2.525414420702734031, -9.093922079864972474, 1.546370343417085175E-16 ) ) ;
#3664 = CARTESIAN_POINT ( 'NONE',  ( 1.046060903667666020, -8.112327920135093962, -2.525414420702734031 ) ) ;
#3665 = CARTESIAN_POINT ( 'NONE',  ( 1.390391027042822136, -4.071600429252573150, 2.806033465441279517 ) ) ;
#3666 = CARTESIAN_POINT ( 'NONE',  ( 1.499999999999999112, 6.598076211353311571, -6.499999999999999112 ) ) ;
#3667 = CARTESIAN_POINT ( 'NONE',  ( 0.7676454812561204211, -4.491611023707589467, -3.035704010119274709 ) ) ;
#3668 = CARTESIAN_POINT ( 'NONE',  ( 1.046060903667666020, -5.181558689366093873, -2.525414420702734031 ) ) ;
#3669 = CARTESIAN_POINT ( 'NONE',  ( -5.196152422706632024, -3.175378794048743902, -8.719841642113272980E-16 ) ) ;
#3670 = CARTESIAN_POINT ( 'NONE',  ( 3.126502590279517158, -4.688959697121348746, -0.1875080062606364062 ) ) ;
#3671 = CARTESIAN_POINT ( 'NONE',  ( -3.165883410172193546, -7.307005127571166270, -0.3542002452287897341 ) ) ;
#3672 = CARTESIAN_POINT ( 'NONE',  ( 2.826465260416966885, -7.731705547579379001, 1.470537179517499959 ) ) ;
#3673 = CARTESIAN_POINT ( 'NONE',  ( 2.698462071614569524, -5.936337514373363433, 1.588517176840052114 ) ) ;
#3674 = EDGE_CURVE ( 'NONE', #1958, #2288, #4606, .T. ) ;
#3675 = ADVANCED_FACE ( 'NONE', ( #38 ), #145, .F. ) ;
#3676 = CARTESIAN_POINT ( 'NONE',  ( 1.802174131863009565, -7.480533981147149625, -2.560633078157126707 ) ) ;
#3677 = CARTESIAN_POINT ( 'NONE',  ( -1.785737662185200358, -6.529499002942099395, 1.785737662185199470 ) ) ;
#3678 = CARTESIAN_POINT ( 'NONE',  ( 2.443099146032160274, -5.321881146538538943, 1.495966774593958618E-16 ) ) ;
#3679 = PLANE ( 'NONE',  #2449 ) ;
#3680 = CARTESIAN_POINT ( 'NONE',  ( -0.4821777614803981482, -8.338081607672060969, -3.094329161171365250 ) ) ;
#3681 = CARTESIAN_POINT ( 'NONE',  ( -1.935644828724387034, -4.156422620742497465, 2.525248438811631857 ) ) ;
#3682 = CARTESIAN_POINT ( 'NONE',  ( 1.648534025713619844, -3.563769817281178476, -2.653421474645762945 ) ) ;
#3683 =( BOUNDED_SURFACE ( )  B_SPLINE_SURFACE ( 1, 2, ( 
 ( #7136, #350, #1513, #6552, #3753, #2693, #928, #2580, #4834, #5373, #5998, #7063, #3247, #1550, #4938, #6476, #460, #5483, #1440, #6591, #1037, #2103, #3285, #6033, #5450, #2029, #966, #4385, #5961, #3788, #3175, #389, #4974, #7209, #7174, #4354, #1000, #887, #2139, #3215, #6621, #425, #2653, #4903, #6068, #1583, #3677, #3133, #6903, #1825, #4034, #2309, #4563, #3415, #5179, #5143, #81, #5213, #5766, #6655, #2938, #6798, #1756, #3452, #219, #4634, #1790, #766, #3007, #1243, #5247, #6242, #2416, #4069, #2973, #6315, #3486, #1209, #5692, #4418, #4002, #661, #2900, #6277, #1318, #152, #5656, #6834, #117, #2350, #734, #4600, #625, #2859, #5108, #5729, #698, #1283, #6865, #183, #1619, #4668, #3524, #3861, #1863, #6352, #2382, #3558, #4107 ),
 ( #5801, #6106, #1074, #2491, #4707, #1498, #5873, #840, #4143, #5835, #6388, #5943, #911, #2051, #1461, #293, #4854, #1426, #5287, #5983, #874, #1975, #4181, #5399, #3083, #6941, #3698, #1903, #1354, #4742, #5322, #2526, #7083, #3735, #4258, #3592, #4778, #952, #2013, #333, #257, #375, #3119, #6497, #4297, #4220, #802, #3159, #5436, #2564, #6536, #5355, #3198, #2601, #3661, #3046, #7012, #2456, #6974, #7048, #1936, #6421, #1389, #3626, #6460, #5908, #4817, #2088, #3885, #6128, #2, #6679, #5507, #2781, #6641, #3232, #3919, #6091, #7197, #2126, #3339, #3810, #2638, #1644, #4888, #7119, #444, #6054, #3271, #5030, #1676, #2194, #4336, #2718, #6163, #7229, #5543, #5469, #5576, #1063, #4443, #2234, #2160, #6576, #2751, #1130, #549, #1096, #1537 ) ),
 .UNSPECIFIED., .F., .F., .F. ) 
 B_SPLINE_SURFACE_WITH_KNOTS ( ( 2, 2 ),
 ( 3, 2, 2, 2, 2, 2, 2, 2, 2, 2, 2, 2, 2, 2, 2, 2, 2, 2, 2, 2, 2, 2, 2, 2, 2, 2, 2, 2, 2, 2, 2, 2, 2, 2, 2, 2, 2, 2, 2, 2, 2, 2, 2, 2, 2, 2, 2, 2, 2, 2, 2, 2, 2, 2, 3 ),
 ( 0.000000000000000000, 1.000000000000000000 ),
 ( 0.000000000000000000, 0.01785714285714285615, 0.03571428571428571230, 0.05357142857142856845, 0.07142857142857142461, 0.08928571428571428770, 0.1071428571428571369, 0.1250000000000000000, 0.1428571428571428492, 0.1607142857142857262, 0.1785714285714285754, 0.1964285714285714246, 0.2142857142857142738, 0.2321428571428571508, 0.2500000000000000000, 0.2678571428571428492, 0.2857142857142856984, 0.3035714285714285476, 0.3214285714285714524, 0.3392857142857143016, 0.3571428571428571508, 0.3750000000000000000, 0.3928571428571428492, 0.4107142857142856984, 0.4285714285714285476, 0.4464285714285714524, 0.4642857142857143016, 0.4821428571428571508, 0.5000000000000000000, 0.5178571428571429047, 0.5357142857142856984, 0.5535714285714286031, 0.5714285714285713969, 0.5892857142857143016, 0.6071428571428570953, 0.6250000000000000000, 0.6428571428571429047, 0.6607142857142856984, 0.6785714285714286031, 0.6964285714285713969, 0.7142857142857143016, 0.7321428571428570953, 0.7500000000000000000, 0.7678571428571429047, 0.7857142857142856984, 0.8035714285714286031, 0.8214285714285713969, 0.8392857142857143016, 0.8571428571428570953, 0.8750000000000000000, 0.8928571428571429047, 0.9107142857142856984, 0.9285714285714286031, 0.9464285714285713969, 0.9471479480524416239 ),
 .UNSPECIFIED. ) 
 GEOMETRIC_REPRESENTATION_ITEM ( )  RATIONAL_B_SPLINE_SURFACE ( (
 ( 1.000000000000000000, 0.9238795325112867385, 1.000000000000000000, 0.9238795325112867385, 1.000000000000000000, 0.9238795325112867385, 1.000000000000000000, 0.9238795325112867385, 1.000000000000000000, 0.9238795325112867385, 1.000000000000000000, 0.9238795325112867385, 1.000000000000000000, 0.9238795325112867385, 1.000000000000000000, 0.9238795325112867385, 1.000000000000000000, 0.9238795325112867385, 1.000000000000000000, 0.9238795325112867385, 1.000000000000000000, 0.9238795325112867385, 1.000000000000000000, 0.9238795325112867385, 1.000000000000000000, 0.9238795325112867385, 1.000000000000000000, 0.9238795325112867385, 1.000000000000000000, 0.9238795325112867385, 1.000000000000000000, 0.9238795325112867385, 1.000000000000000000, 0.9238795325112867385, 1.000000000000000000, 0.9238795325112867385, 1.000000000000000000, 0.9238795325112867385, 1.000000000000000000, 0.9238795325112867385, 1.000000000000000000, 0.9238795325112867385, 1.000000000000000000, 0.9238795325112867385, 1.000000000000000000, 0.9238795325112867385, 1.000000000000000000, 0.9238795325112867385, 1.000000000000000000, 0.9238795325112867385, 1.000000000000000000, 0.9238795325112867385, 1.000000000000000000, 0.9238795325112867385, 1.000000000000000000, 0.9238795325112867385, 1.000000000000000000, 0.9238795325112867385, 1.000000000000000000, 0.9238795325112867385, 1.000000000000000000, 0.9238795325112867385, 1.000000000000000000, 0.9238795325112867385, 1.000000000000000000, 0.9238795325112867385, 1.000000000000000000, 0.9238795325112867385, 1.000000000000000000, 0.9238795325112867385, 1.000000000000000000, 0.9238795325112867385, 1.000000000000000000, 0.9238795325112867385, 1.000000000000000000, 0.9238795325112867385, 1.000000000000000000, 0.9238795325112867385, 1.000000000000000000, 0.9238795325112867385, 1.000000000000000000, 0.9238795325112867385, 1.000000000000000000, 0.9238795325112867385, 1.000000000000000000, 0.9238795325112867385, 1.000000000000000000, 0.9238795325112867385, 1.000000000000000000, 0.9238795325112867385, 1.000000000000000000, 0.9238795325112867385, 1.000000000000000000, 0.9238795325112867385, 1.000000000000000000, 0.9238795325112867385, 1.000000000000000000, 0.9238795325112867385, 1.000000000000000000, 0.9238795325112867385, 1.000000000000000000, 0.9238795325112867385, 1.000000000000000000, 0.9238795325112867385, 1.000000000000000000, 0.9238795325112867385, 1.000000000000000000, 0.9969334800450706524, 0.9941140301606284924),
 ( 1.000000000000000000, 0.9238795325112867385, 1.000000000000000000, 0.9238795325112867385, 1.000000000000000000, 0.9238795325112867385, 1.000000000000000000, 0.9238795325112867385, 1.000000000000000000, 0.9238795325112867385, 1.000000000000000000, 0.9238795325112867385, 1.000000000000000000, 0.9238795325112867385, 1.000000000000000000, 0.9238795325112867385, 1.000000000000000000, 0.9238795325112867385, 1.000000000000000000, 0.9238795325112867385, 1.000000000000000000, 0.9238795325112867385, 1.000000000000000000, 0.9238795325112867385, 1.000000000000000000, 0.9238795325112867385, 1.000000000000000000, 0.9238795325112867385, 1.000000000000000000, 0.9238795325112867385, 1.000000000000000000, 0.9238795325112867385, 1.000000000000000000, 0.9238795325112867385, 1.000000000000000000, 0.9238795325112867385, 1.000000000000000000, 0.9238795325112867385, 1.000000000000000000, 0.9238795325112867385, 1.000000000000000000, 0.9238795325112867385, 1.000000000000000000, 0.9238795325112867385, 1.000000000000000000, 0.9238795325112867385, 1.000000000000000000, 0.9238795325112867385, 1.000000000000000000, 0.9238795325112867385, 1.000000000000000000, 0.9238795325112867385, 1.000000000000000000, 0.9238795325112867385, 1.000000000000000000, 0.9238795325112867385, 1.000000000000000000, 0.9238795325112867385, 1.000000000000000000, 0.9238795325112867385, 1.000000000000000000, 0.9238795325112867385, 1.000000000000000000, 0.9238795325112867385, 1.000000000000000000, 0.9238795325112867385, 1.000000000000000000, 0.9238795325112867385, 1.000000000000000000, 0.9238795325112867385, 1.000000000000000000, 0.9238795325112867385, 1.000000000000000000, 0.9238795325112867385, 1.000000000000000000, 0.9238795325112867385, 1.000000000000000000, 0.9238795325112867385, 1.000000000000000000, 0.9238795325112867385, 1.000000000000000000, 0.9238795325112867385, 1.000000000000000000, 0.9238795325112867385, 1.000000000000000000, 0.9238795325112867385, 1.000000000000000000, 0.9238795325112867385, 1.000000000000000000, 0.9238795325112867385, 1.000000000000000000, 0.9238795325112867385, 1.000000000000000000, 0.9238795325112867385, 1.000000000000000000, 0.9238795325112867385, 1.000000000000000000, 0.9238795325112867385, 1.000000000000000000, 0.9238795325112867385, 1.000000000000000000, 0.9238795325112867385, 1.000000000000000000, 0.9238795325112867385, 1.000000000000000000, 0.9238795325112867385, 1.000000000000000000, 0.9969334800450706524, 0.9941140301606284924) ) ) 
 REPRESENTATION_ITEM ( '' )  SURFACE ( )  );
#3684 = CARTESIAN_POINT ( 'NONE',  ( -2.367076316560560834, -6.452992448998053909, -2.050352146284859511 ) ) ;
#3685 = CARTESIAN_POINT ( 'NONE',  ( -2.504740871423115411, -6.356435008737358672, -1.968848380272673282 ) ) ;
#3686 = CARTESIAN_POINT ( 'NONE',  ( 2.023666828901607317, 1.704262973278704241, -4.056760900696504635 ) ) ;
#3687 = ORIENTED_EDGE ( 'NONE', *, *, #5257, .T. ) ;
#3688 = CARTESIAN_POINT ( 'NONE',  ( -2.127115823624574187, -8.167861170032434615, 2.287653539496703026 ) ) ;
#3689 = SPHERICAL_SURFACE ( 'NONE', #6902, 1.249999999999999334 ) ;
#3690 = CARTESIAN_POINT ( 'NONE',  ( -2.999999999999996891, 5.597882559004439429, -6.102982509144466938 ) ) ;
#3691 = CARTESIAN_POINT ( 'NONE',  ( -2.313085369702778227, -5.480092641878679061, -2.111088233900187738 ) ) ;
#3692 = CARTESIAN_POINT ( 'NONE',  ( -1.826453045864342650, -5.423600869784676703, -2.600419930237605648 ) ) ;
#3693 = DIRECTION ( 'NONE',  ( 0.000000000000000000, 0.000000000000000000, 1.000000000000000000 ) ) ;
#3694 = ORIENTED_EDGE ( 'NONE', *, *, #6466, .T. ) ;
#3695 = DIRECTION ( 'NONE',  ( -0.000000000000000000, -1.000000000000000000, -0.000000000000000000 ) ) ;
#3696 = CARTESIAN_POINT ( 'NONE',  ( 0.000000000000000000, -8.267307692307751310, 0.000000000000000000 ) ) ;
#3697 = CARTESIAN_POINT ( 'NONE',  ( -3.047484354982219923, -6.198742494648780799, -0.7199290275536645023 ) ) ;
#3698 = CARTESIAN_POINT ( 'NONE',  ( -2.245064030267287958, -7.412500000000124878, -2.245064030267288846 ) ) ;
#3699 = CARTESIAN_POINT ( 'NONE',  ( 0.000000000000000000, -4.453537464480723074, 2.525414420702734031 ) ) ;
#3700 = CARTESIAN_POINT ( 'NONE',  ( -3.073584297851455815, -4.360397642540160490, 0.5575557380248581385 ) ) ;
#3701 = CARTESIAN_POINT ( 'NONE',  ( 1.760910066255324757, 6.447439714366513641, -6.500000000000000000 ) ) ;
#3702 = VERTEX_POINT ( 'NONE', #3408 ) ;
#3703 = CARTESIAN_POINT ( 'NONE',  ( -1.868476803803103659, -4.353536399919913258, -2.512605786888844506 ) ) ;
#3704 = CARTESIAN_POINT ( 'NONE',  ( -1.785737662185199692, -6.952231766289031611, -1.785737662185200358 ) ) ;
#3705 = CARTESIAN_POINT ( 'NONE',  ( 2.525283067267294346, -6.638242771930030983, -1.935548744178179570 ) ) ;
#3706 = CARTESIAN_POINT ( 'NONE',  ( 0.04038774013770728838, -4.544434739720097483, -3.177496438070445794 ) ) ;
#3707 = CARTESIAN_POINT ( 'NONE',  ( 0.07133196627244871302, -7.476950621442876255, -3.184997355014233200 ) ) ;
#3708 = AXIS2_PLACEMENT_3D ( 'NONE', #2270, #6275, #4523 ) ;
#3709 = CARTESIAN_POINT ( 'NONE',  ( 3.031741898802637891, -7.704972452867900223, 0.9797584109584266399 ) ) ;
#3710 = CARTESIAN_POINT ( 'NONE',  ( -3.057882373687641486, -6.374567621987497823, -0.6738194770751426699 ) ) ;
#3711 = CARTESIAN_POINT ( 'NONE',  ( 3.131148925752841095, -7.630101283167426196, 0.03406794513250954726 ) ) ;
#3712 = TOROIDAL_SURFACE ( 'NONE', #3840, 2.103814916482225073, 0.2500000000000000000 ) ;
#3713 = CARTESIAN_POINT ( 'NONE',  ( -2.443099146032159830, -4.772361915769351093, 1.011964800508648343 ) ) ;
#3714 = CARTESIAN_POINT ( 'NONE',  ( -1.913975768558277890, -3.499999999999997780, 1.938239621412097380 ) ) ;
#3715 = EDGE_CURVE ( 'NONE', #5653, #4022, #5648, .T. ) ;
#3716 = CARTESIAN_POINT ( 'NONE',  ( -2.663001727406741903, -8.297026813630209219, -1.748818159266911199 ) ) ;
#3717 = CARTESIAN_POINT ( 'NONE',  ( -2.755260586186051075, -4.216340689125725127, 1.591415882618719024 ) ) ;
#3718 = CARTESIAN_POINT ( 'NONE',  ( -0.8569322561984703546, -3.434161303749563299, -3.012302407424135797 ) ) ;
#3719 = CARTESIAN_POINT ( 'NONE',  ( -3.112620780572991297, -6.325056653259584216, 0.3447615736109753137 ) ) ;
#3720 = CARTESIAN_POINT ( 'NONE',  ( 2.979993160947612463, -6.795589482894715871, 1.103503401091343594 ) ) ;
#3721 = CARTESIAN_POINT ( 'NONE',  ( 1.590010263826795445, -3.972189761338130509, 2.756018247763676765 ) ) ;
#3722 = AXIS2_PLACEMENT_3D ( 'NONE', #5521, #2616, #7098 ) ;
#3723 = EDGE_LOOP ( 'NONE', ( #5392, #338 ) ) ;
#3724 = CARTESIAN_POINT ( 'NONE',  ( 0.2083507827434319948, -5.529114344903077516, -3.174999999998935785 ) ) ;
#3725 = CARTESIAN_POINT ( 'NONE',  ( 1.785737662185200136, -9.394539458596531389, 1.785737662185200136 ) ) ;
#3726 = CARTESIAN_POINT ( 'NONE',  ( 0.5687861290940712244, 1.167569433977679427, -4.000000000000000000 ) ) ;
#3727 = CIRCLE ( 'NONE', #5959, 2.695916926119901191 ) ;
#3728 = CARTESIAN_POINT ( 'NONE',  ( -1.048530016704389833, -5.144359377288206581, 2.999724708400925977 ) ) ;
#3729 = CARTESIAN_POINT ( 'NONE',  ( 0.6935652981261014594, -5.552909285018469809, -3.109543903684303334 ) ) ;
#3730 = CARTESIAN_POINT ( 'NONE',  ( 0.000000000000000000, 3.999999999999998224, -2.000000000000000000 ) ) ;
#3731 = ORIENTED_EDGE ( 'NONE', *, *, #1655, .F. ) ;
#3732 = CARTESIAN_POINT ( 'NONE',  ( -0.4349694174946998615, -3.500000000000001332, 4.499999999999999112 ) ) ;
#3733 = CARTESIAN_POINT ( 'NONE',  ( -0.4757650006820808852, 0.8105814360770479121, -6.287101972904192593 ) ) ;
#3734 = CARTESIAN_POINT ( 'NONE',  ( 0.1046631951231496993, -6.412640961980399013, -3.129442514505229589 ) ) ;
#3735 = CARTESIAN_POINT ( 'NONE',  ( 1.315128060534576981, -6.985096153846312106, 3.174999999999999378 ) ) ;
#3736 = TOROIDAL_SURFACE ( 'NONE', #6561, 2.103814916482225073, 0.2500000000000000000 ) ;
#3737 = CARTESIAN_POINT ( 'NONE',  ( 3.092740686834170350E-16, -4.941999002942223385, -2.525414420702734031 ) ) ;
#3738 = ADVANCED_FACE ( 'NONE', ( #6858 ), #4098, .T. ) ;
#3739 = CARTESIAN_POINT ( 'NONE',  ( -0.1038068988125667585, -4.148157385235226258, 3.129960552931150275 ) ) ;
#3740 = DIRECTION ( 'NONE',  ( -1.000000000000000000, 0.000000000000000000, -0.000000000000000000 ) ) ;
#3741 = ORIENTED_EDGE ( 'NONE', *, *, #1210, .F. ) ;
#3742 = CARTESIAN_POINT ( 'NONE',  ( -2.108506136122163088, -5.057503769894079682, 2.314852237677115898 ) ) ;
#3743 = CONICAL_SURFACE ( 'NONE', #1398, 2.999999999999998224, 0.7853981633974500554 ) ;
#3744 = CIRCLE ( 'NONE', #1990, 4.500000000000000888 ) ;
#3745 = CARTESIAN_POINT ( 'NONE',  ( 1.046060903667666020, -7.135404843212093340, -2.525414420702734031 ) ) ;
#3746 = CARTESIAN_POINT ( 'NONE',  ( 2.098652822026125797, -6.872323315839050650, 2.391467661180314952 ) ) ;
#3747 = CARTESIAN_POINT ( 'NONE',  ( 2.002319791378599945, -4.588089193336214677, -2.478354622463883938 ) ) ;
#3748 = CARTESIAN_POINT ( 'NONE',  ( -3.038893226081497367, -7.354190187249884048, -0.7231110745447580923 ) ) ;
#3749 = CARTESIAN_POINT ( 'NONE',  ( 3.179617891204102875, -7.726723692048640402, 0.2001901122751400808 ) ) ;
#3750 = CARTESIAN_POINT ( 'NONE',  ( -0.9840995670387236993, -5.559431103207890246, -2.972549659418842971 ) ) ;
#3751 = AXIS2_PLACEMENT_3D ( 'NONE', #4651, #4687, #6924 ) ;
#3752 = CARTESIAN_POINT ( 'NONE',  ( -2.875618934467777166, -7.203542024405670041, -1.238999637410286514 ) ) ;
#3753 = CARTESIAN_POINT ( 'NONE',  ( 2.525414420702734031, -9.093922079864972474, 1.546370343417085175E-16 ) ) ;
#3754 = CARTESIAN_POINT ( 'NONE',  ( 2.999999999999996003, 5.180671232781946856, -6.278585260386778444 ) ) ;
#3755 = DIRECTION ( 'NONE',  ( 1.000000000000000000, -5.549111195848872054E-32, 1.224646799147353207E-16 ) ) ;
#3756 = CARTESIAN_POINT ( 'NONE',  ( 3.897114317029974018, -3.499999999999999556, -2.250000000000000000 ) ) ;
#3757 = CARTESIAN_POINT ( 'NONE',  ( -1.590848242096227771, -4.135992579220819643, 2.755504028541309491 ) ) ;
#3758 = CARTESIAN_POINT ( 'NONE',  ( 1.756932694374274906, -3.570269541783145595, -2.582888266857373161 ) ) ;
#3759 = CARTESIAN_POINT ( 'NONE',  ( -2.064027275582120957, -6.209739966892854568, 2.355140368632710590 ) ) ;
#3760 = CARTESIAN_POINT ( 'NONE',  ( 2.576270915827323815, -6.557668379504014489, -1.766633169405199766 ) ) ;
#3761 = CARTESIAN_POINT ( 'NONE',  ( -1.795661005293511933E-11, -7.962295012324056565, 3.174999999999999822 ) ) ;
#3762 = VERTEX_POINT ( 'NONE', #5791 ) ;
#3763 = CARTESIAN_POINT ( 'NONE',  ( 0.4175077340396783909, -5.539229020348658494, -3.154213350689101691 ) ) ;
#3764 = CARTESIAN_POINT ( 'NONE',  ( 1.046060903667665798, -9.455597150904221593, 2.525414420702734031 ) ) ;
#3765 = CARTESIAN_POINT ( 'NONE',  ( 1.913657822813154042E-11, -4.543064243093607679, -3.174999999999999822 ) ) ;
#3766 = CARTESIAN_POINT ( 'NONE',  ( -2.626312695881582115, -5.454822807919913252, -1.705729412984267057 ) ) ;
#3767 = CARTESIAN_POINT ( 'NONE',  ( 3.171280975102937383, -5.712369738377199191, 0.2027739053633929867 ) ) ;
#3768 = CARTESIAN_POINT ( 'NONE',  ( 4.331255340480722360, -3.470217090121413328, 1.498045689733352726 ) ) ;
#3769 = ORIENTED_EDGE ( 'NONE', *, *, #7051, .F. ) ;
#3770 = CARTESIAN_POINT ( 'NONE',  ( 2.023666828901608650, 1.704262973278705573, -6.443239099303496253 ) ) ;
#3771 = CARTESIAN_POINT ( 'NONE',  ( 2.589652212247972152, -3.499999999999998224, 0.5459856862454467441 ) ) ;
#3772 = EDGE_CURVE ( 'NONE', #2295, #1752, #1264, .T. ) ;
#3773 = CARTESIAN_POINT ( 'NONE',  ( 2.766644193760038561, -6.575555347371121684, -1.466734539039667773 ) ) ;
#3774 = EDGE_CURVE ( 'NONE', #4302, #4810, #5650, .T. ) ;
#3775 = PLANE ( 'NONE',  #4913 ) ;
#3776 = CARTESIAN_POINT ( 'NONE',  ( 1.785737662185200136, -3.110268233711598995, -1.785737662185199692 ) ) ;
#3777 = CARTESIAN_POINT ( 'NONE',  ( -2.984751695697002383, -4.354191099300371626, -1.113933512747824706 ) ) ;
#3778 = DIRECTION ( 'NONE',  ( -0.000000000000000000, -1.000000000000000000, -0.000000000000000000 ) ) ;
#3779 = ORIENTED_EDGE ( 'NONE', *, *, #1396, .F. ) ;
#3780 = CARTESIAN_POINT ( 'NONE',  ( -1.795661005293511933E-11, -7.962295012324056565, 3.174999999999999822 ) ) ;
#3781 = CARTESIAN_POINT ( 'NONE',  ( 1.046060903667665798, -5.547904843212219106, 2.525414420702734031 ) ) ;
#3782 = CARTESIAN_POINT ( 'NONE',  ( 0.4172114239095799371, -6.516136267666697179, -3.154321075843865341 ) ) ;
#3783 = CARTESIAN_POINT ( 'NONE',  ( 2.984281379843560345, -4.650365170565914141, -0.9501312535239764268 ) ) ;
#3784 = CARTESIAN_POINT ( 'NONE',  ( -0.9627917146829370054, -7.487095597155613902, -3.028319509980935909 ) ) ;
#3785 = CARTESIAN_POINT ( 'NONE',  ( 3.049439994211812888, -7.663798096602919330, 0.7137723785179653779 ) ) ;
#3786 = CARTESIAN_POINT ( 'NONE',  ( 2.817040034452674480, -5.923575443722993938, 1.367405615952163034 ) ) ;
#3787 = CC_DESIGN_APPROVAL ( #6738, ( #5212 ) ) ;
#3788 = CARTESIAN_POINT ( 'NONE',  ( -2.525414420702733587, -7.567479772172787555, 1.046060903667666242 ) ) ;
#3789 = APPROVAL_ROLE ( '' ) ;
#3790 = CARTESIAN_POINT ( 'NONE',  ( -2.836783551649751267, -3.499999999999974687, 0.5957243707064640015 ) ) ;
#3791 = CARTESIAN_POINT ( 'NONE',  ( 3.027428637182385085, -3.357175515605320459, -3.756339784111105473 ) ) ;
#3792 = CARTESIAN_POINT ( 'NONE',  ( 1.760910066255325201, 6.447439714366511865, -3.999999999999999112 ) ) ;
#3793 = CARTESIAN_POINT ( 'NONE',  ( 0.1775986485261523140, -3.512934235586781639, -3.181148726328227649 ) ) ;
#3794 = CARTESIAN_POINT ( 'NONE',  ( -2.032488437855835439, -6.388656650353490285, -2.453056792112949136 ) ) ;
#3795 = CARTESIAN_POINT ( 'NONE',  ( 2.893848355662948624, -6.590759348519521055, -1.197495482615514639 ) ) ;
#3796 = LINE ( 'NONE', #7217, #6302 ) ;
#3797 = ORIENTED_EDGE ( 'NONE', *, *, #5172, .F. ) ;
#3798 = EDGE_LOOP ( 'NONE', ( #5243, #2786, #7226 ) ) ;
#3799 = CARTESIAN_POINT ( 'NONE',  ( 2.392575233881376828, -5.651245284985527029, -2.097479455684893690 ) ) ;
#3800 = CARTESIAN_POINT ( 'NONE',  ( -1.046060903667665354, -7.990212535519718884, -2.525414420702734475 ) ) ;
#3801 = CARTESIAN_POINT ( 'NONE',  ( 0.000000000000000000, 4.000000000000000888, -3.999999999999999112 ) ) ;
#3802 = CARTESIAN_POINT ( 'NONE',  ( 2.525414420702734031, -7.257520227827468418, -1.046060903667665576 ) ) ;
#3803 = CARTESIAN_POINT ( 'NONE',  ( -2.352760706195131224, -5.160514145987377788, 2.147848051949627024 ) ) ;
#3804 = APPROVAL_PERSON_ORGANIZATION ( #3176, #6738, #3869 ) ;
#3805 = CARTESIAN_POINT ( 'NONE',  ( 3.122990553885617082, -5.678248188808680652, 0.07133315188443944965 ) ) ;
#3806 = PLANE ( 'NONE',  #5684 ) ;
#3807 = ORIENTED_EDGE ( 'NONE', *, *, #820, .T. ) ;
#3808 = CARTESIAN_POINT ( 'NONE',  ( 0.000000000000000000, 0.5556762387720517449, 1.734723475976807094E-15 ) ) ;
#3809 = CARTESIAN_POINT ( 'NONE',  ( 0.05928140039974882924, -5.433598259481818182, -3.130667504857457928 ) ) ;
#3810 = CARTESIAN_POINT ( 'NONE',  ( 1.315128060534576981, -4.054326923077312905, 3.174999999999999378 ) ) ;
#3811 = CARTESIAN_POINT ( 'NONE',  ( 1.785737662185200136, -4.087191310634599617, -1.785737662185199692 ) ) ;
#3812 = EDGE_CURVE ( 'NONE', #4024, #25, #3399, .T. ) ;
#3813 = CARTESIAN_POINT ( 'NONE',  ( 0.1520447507574144153, -4.136383956636994874, 3.128134323182265586 ) ) ;
#3814 = CARTESIAN_POINT ( 'NONE',  ( -1.046060903667667574, -7.445364387557410701, 2.525414420702733587 ) ) ;
#3815 = ORIENTED_EDGE ( 'NONE', *, *, #632, .T. ) ;
#3816 = CARTESIAN_POINT ( 'NONE',  ( 2.582490357080824861, -3.815165761269032174, 1.770859527588123372 ) ) ;
#3817 = CARTESIAN_POINT ( 'NONE',  ( -2.590655396373541919, -8.811211573248508344, 0.4785564771497614056 ) ) ;
#3818 = CARTESIAN_POINT ( 'NONE',  ( -3.124151682680983200, -8.291448244994803929, -0.4094084372645054315 ) ) ;
#3819 = CARTESIAN_POINT ( 'NONE',  ( 3.180193373729660600, -4.777586686658708004, -0.1949734705476841856 ) ) ;
#3820 = CARTESIAN_POINT ( 'NONE',  ( 2.851529358360278099, -7.873307201697437918, 1.294573460968563072 ) ) ;
#3821 = CARTESIAN_POINT ( 'NONE',  ( 1.861775868928994715, -7.484176116531537915, -2.518360567213597800 ) ) ;
#3822 = CARTESIAN_POINT ( 'NONE',  ( 2.811956660134711239, -0.7248871147548531235, -4.129548195964994228 ) ) ;
#3823 = CARTESIAN_POINT ( 'NONE',  ( -1.011964800508647233, -3.946868853462153659, -2.443099146032161162 ) ) ;
#3824 = CARTESIAN_POINT ( 'NONE',  ( 3.888253587292846081E-16, -8.389423076923129940, -3.174999999999999822 ) ) ;
#3825 = EDGE_CURVE ( 'NONE', #6287, #2478, #2575, .T. ) ;
#3826 = CARTESIAN_POINT ( 'NONE',  ( -1.128804704706559248, -3.509782868894458119, -2.970441445637525213 ) ) ;
#3827 = CARTESIAN_POINT ( 'NONE',  ( -3.012485426874084382, -4.247638013964461834, 1.023877724361266006 ) ) ;
#3828 = CARTESIAN_POINT ( 'NONE',  ( 2.628222008809805832, -3.715716396626318474, -1.800710170896491213 ) ) ;
#3829 = CARTESIAN_POINT ( 'NONE',  ( 0.4074790225819191480, -6.605451727365498016, -3.097076202707162995 ) ) ;
#3830 = CARTESIAN_POINT ( 'NONE',  ( 2.930527593189706792, -6.741557806335618963, 1.228793701921286674 ) ) ;
#3831 = CARTESIAN_POINT ( 'NONE',  ( 2.525158741115046901, -3.707463426563948339, -1.935715026714937226 ) ) ;
#3832 = ORIENTED_EDGE ( 'NONE', *, *, #2120, .F. ) ;
#3833 = CIRCLE ( 'NONE', #5480, 2.999999999999997335 ) ;
#3834 = VERTEX_POINT ( 'NONE', #3111 ) ;
#3835 = CARTESIAN_POINT ( 'NONE',  ( -2.659167044138406766, -8.357769227962595693, -1.734781022973804543 ) ) ;
#3836 = CARTESIAN_POINT ( 'NONE',  ( 2.525414420702734031, -8.295500997058155690, 1.546370343417085175E-16 ) ) ;
#3837 = CARTESIAN_POINT ( 'NONE',  ( 4.814824860968089633E-32, 1.097787357076614567, -4.000000000000000000 ) ) ;
#3838 = CARTESIAN_POINT ( 'NONE',  ( -1.046060903667667574, -8.600789458596594272, 2.525414420702733587 ) ) ;
#3839 = CARTESIAN_POINT ( 'NONE',  ( -2.920963416322662543, -5.211822409841833093, 1.271473159511698370 ) ) ;
#3840 = AXIS2_PLACEMENT_3D ( 'NONE', #2829, #2943, #4527 ) ;
#3841 = CARTESIAN_POINT ( 'NONE',  ( 2.693321155542799605, -5.791172593398766111, 1.702141268281804010 ) ) ;
#3842 = CARTESIAN_POINT ( 'NONE',  ( 0.7403716366857222564, -8.970101347085670085, -2.361208798589719215 ) ) ;
#3843 = ORIENTED_EDGE ( 'NONE', *, *, #6881, .T. ) ;
#3844 = DIRECTION ( 'NONE',  ( 0.000000000000000000, -3.469446951953615175E-16, 1.000000000000000000 ) ) ;
#3845 = ORIENTED_EDGE ( 'NONE', *, *, #6469, .F. ) ;
#3846 = AXIS2_PLACEMENT_3D ( 'NONE', #3548, #5899, #362 ) ;
#3847 = CARTESIAN_POINT ( 'NONE',  ( 2.999999999999996003, 2.819460529358404965, -4.212059698225746551 ) ) ;
#3848 = CARTESIAN_POINT ( 'NONE',  ( 2.525414420702734031, -5.125172079865286889, -1.046060903667665576 ) ) ;
#3849 = CARTESIAN_POINT ( 'NONE',  ( -3.166675248118592023, -4.375941230337921262, -0.3481814032066776199 ) ) ;
#3850 = CARTESIAN_POINT ( 'NONE',  ( 1.785737662185200136, -7.017960541403597929, -1.785737662185199692 ) ) ;
#3851 = ORIENTED_EDGE ( 'NONE', *, *, #3825, .F. ) ;
#3852 = CARTESIAN_POINT ( 'NONE',  ( 2.567328719982830521, -3.625496374944705558, -1.792630522390435965 ) ) ;
#3853 = CARTESIAN_POINT ( 'NONE',  ( -1.499999999999999112, 6.598076211353311571, -6.499999999999999112 ) ) ;
#3854 = EDGE_CURVE ( 'NONE', #2984, #5717, #6329, .T. ) ;
#3855 = CIRCLE ( 'NONE', #1629, 2.493104151401475566 ) ;
#3856 = DIRECTION ( 'NONE',  ( 1.000000000000000000, 0.000000000000000000, -0.000000000000000000 ) ) ;
#3857 = CARTESIAN_POINT ( 'NONE',  ( -0.4993241348042213867, -5.054873548121647353, 3.138282561360436596 ) ) ;
#3858 = CARTESIAN_POINT ( 'NONE',  ( 2.200446341689816343, -7.653142725976402438, -2.303879302713214727 ) ) ;
#3859 = CARTESIAN_POINT ( 'NONE',  ( -3.056871559434914509, -8.085514329125899735, 0.6431666669809332770 ) ) ;
#3860 = VECTOR ( 'NONE', #5986, 1000.000000000000000 ) ;
#3861 = CARTESIAN_POINT ( 'NONE',  ( 1.046060903667666020, -3.049210541403911456, -2.525414420702734031 ) ) ;
#3862 = CARTESIAN_POINT ( 'NONE',  ( -1.011964800508647233, -4.923791930385153393, -2.443099146032161162 ) ) ;
#3863 = EDGE_CURVE ( 'NONE', #4130, #2926, #1868, .T. ) ;
#3864 = CARTESIAN_POINT ( 'NONE',  ( -2.245064030267287958, -8.267307692307754863, -2.245064030267288846 ) ) ;
#3865 = CARTESIAN_POINT ( 'NONE',  ( -1.605862911612069288, -3.483423920542254137, -2.751419010953908728 ) ) ;
#3866 = CARTESIAN_POINT ( 'NONE',  ( -0.2074627936280156182, -4.532875342042590461, -3.174999999998879829 ) ) ;
#3867 = CARTESIAN_POINT ( 'NONE',  ( 1.040525305450785032, -3.912643908295437623, 2.945443146863227835 ) ) ;
#3868 = CARTESIAN_POINT ( 'NONE',  ( 3.052677781161914350, -6.785767546557144314, 0.9109041588378666843 ) ) ;
#3869 = APPROVAL_ROLE ( '' ) ;
#3870 = CARTESIAN_POINT ( 'NONE',  ( 2.942000121374093169, -6.679368764394125968, -1.222517149822685445 ) ) ;
#3871 = CARTESIAN_POINT ( 'NONE',  ( 2.754987414715038607, -3.727861355394576304, -1.591685797273284075 ) ) ;
#3872 = AXIS2_PLACEMENT_3D ( 'NONE', #2773, #1699, #2223 ) ;
#3873 = VERTEX_POINT ( 'NONE', #5427 ) ;
#3874 = FACE_OUTER_BOUND ( 'NONE', #4573, .T. ) ;
#3875 = DIRECTION ( 'NONE',  ( 1.000000000000000000, 0.000000000000000000, 0.000000000000000000 ) ) ;
#3876 = CARTESIAN_POINT ( 'NONE',  ( -1.785737662185200358, -7.684924073981281190, 1.785737662185199470 ) ) ;
#3877 = CARTESIAN_POINT ( 'NONE',  ( 1.023139117365489570, -7.911138971511522122, 3.012752205807049055 ) ) ;
#3878 = CARTESIAN_POINT ( 'NONE',  ( -3.266279162359718047, 3.999999999999999112, -10.63313090529650218 ) ) ;
#3879 = CARTESIAN_POINT ( 'NONE',  ( 2.901401804095875114, -5.758671196558487360, -1.315350375218897305 ) ) ;
#3880 = CARTESIAN_POINT ( 'NONE',  ( 3.169439523789694846, -5.687775692648068926, -0.3231150296109681630 ) ) ;
#3881 = CARTESIAN_POINT ( 'NONE',  ( -1.901440899385674399, -8.287860678609961340, -2.528267456801488233 ) ) ;
#3882 = ORIENTED_EDGE ( 'NONE', *, *, #6832, .F. ) ;
#3883 = DIRECTION ( 'NONE',  ( 3.026521842945509783E-28, 0.000000000000000000, -1.000000000000000000 ) ) ;
#3884 = ORIENTED_EDGE ( 'NONE', *, *, #2563, .T. ) ;
#3885 = CARTESIAN_POINT ( 'NONE',  ( 3.174999999999999822, -4.848076923077250022, 1.944126793646423041E-16 ) ) ;
#3886 = CARTESIAN_POINT ( 'NONE',  ( 2.525335789878725645, -4.889107147640375572, 1.935513371651533143 ) ) ;
#3887 = CARTESIAN_POINT ( 'NONE',  ( -0.8389714525198136430, -4.501981171954330563, -3.064944095704860594 ) ) ;
#3888 = CARTESIAN_POINT ( 'NONE',  ( 2.525414420702734031, -8.055941310634286978, -1.046060903667665576 ) ) ;
#3889 = ORIENTED_EDGE ( 'NONE', *, *, #2244, .F. ) ;
#3890 = CARTESIAN_POINT ( 'NONE',  ( 3.073595966566494031, -7.677912947585904035, -0.8224832466143892074 ) ) ;
#3891 = CARTESIAN_POINT ( 'NONE',  ( -2.623604279713006804, -8.831842817331487794, -0.05949665438141883700 ) ) ;
#3892 = CARTESIAN_POINT ( 'NONE',  ( -2.754866867210503667, -7.311055109540291141, -1.591931446441675391 ) ) ;
#3893 = CARTESIAN_POINT ( 'NONE',  ( 3.060020950938352691, -7.736864450311213837, -0.8566373573852918977 ) ) ;
#3894 = CARTESIAN_POINT ( 'NONE',  ( -3.080897654034759459, -8.091985384478578069, 0.5161120369109610806 ) ) ;
#3895 = CARTESIAN_POINT ( 'NONE',  ( -1.011964800508647233, -6.877638084231153748, -2.443099146032161162 ) ) ;
#3896 = CARTESIAN_POINT ( 'NONE',  ( 1.315128060534576981, -9.793749999999942446, 3.174999999999999378 ) ) ;
#3897 = CARTESIAN_POINT ( 'NONE',  ( -2.800151083211017689, -3.483238194943588883, -1.402132225861997039 ) ) ;
#3898 = CARTESIAN_POINT ( 'NONE',  ( 3.093225915289815372E-11, -6.007897295367974344, 3.174999999999999822 ) ) ;
#3899 = CARTESIAN_POINT ( 'NONE',  ( 3.177260034581059767, -3.807243827253659507, -0.05646478614442109606 ) ) ;
#3900 = ADVANCED_FACE ( 'NONE', ( #473 ), #7150, .F. ) ;
#3901 = CARTESIAN_POINT ( 'NONE',  ( 1.180394052305883568, -6.555850197693426473, -2.958921843951686892 ) ) ;
#3902 = DATE_AND_TIME ( #3429, #6504 ) ;
#3903 = CARTESIAN_POINT ( 'NONE',  ( 0.1589134296775286392, -6.888620002745770243, 3.127773031510413748 ) ) ;
#3904 = CARTESIAN_POINT ( 'NONE',  ( 0.2094159289278071379, -4.044323073939375845, 3.175000000000001155 ) ) ;
#3905 = ORIENTED_EDGE ( 'NONE', *, *, #3053, .F. ) ;
#3906 = APPROVAL ( #4835, 'UNSPECIFIED' ) ;
#3907 = DIRECTION ( 'NONE',  ( 2.846556599890768726E-32, -2.503857664561933362E-16, 1.000000000000000000 ) ) ;
#3908 = CARTESIAN_POINT ( 'NONE',  ( 1.055567259724158991, -8.916893271605015769, -2.294230972786253098 ) ) ;
#3909 = CARTESIAN_POINT ( 'NONE',  ( 2.525414420702734031, -3.349827920135469927, -1.046060903667665576 ) ) ;
#3910 = CARTESIAN_POINT ( 'NONE',  ( 3.073666556102274683, -7.757648792004072646, 0.8221855235639869974 ) ) ;
#3911 = CARTESIAN_POINT ( 'NONE',  ( 1.046060903667665798, -4.570981766289219372, 2.525414420702734031 ) ) ;
#3912 = CARTESIAN_POINT ( 'NONE',  ( 3.135920526320612023, -5.737403015295510222, -0.5611150324675753254 ) ) ;
#3913 = CARTESIAN_POINT ( 'NONE',  ( -0.6273042357830064253, -6.038183968059077422, 3.115215649945688892 ) ) ;
#3914 = FACE_OUTER_BOUND ( 'NONE', #6274, .T. ) ;
#3915 = EDGE_LOOP ( 'NONE', ( #906, #3155, #956, #245 ) ) ;
#3916 = CARTESIAN_POINT ( 'NONE',  ( 3.897114317029973130, -0.4999999999999982792, -2.249999999999997335 ) ) ;
#3917 = ORIENTED_EDGE ( 'NONE', *, *, #4268, .T. ) ;
#3918 = CARTESIAN_POINT ( 'NONE',  ( -2.443099146032160274, -7.671388084231092641, -4.487900323781875854E-16 ) ) ;
#3919 = CARTESIAN_POINT ( 'NONE',  ( -3.174999999999999822, -4.359615384615749711, -5.832380380939269122E-16 ) ) ;
#3920 = CARTESIAN_POINT ( 'NONE',  ( -5.196152422706632024, -0.8246212059512554315, -8.676912518275677422E-16 ) ) ;
#3921 = CC_DESIGN_SECURITY_CLASSIFICATION ( #5212, ( #414 ) ) ;
#3922 = CARTESIAN_POINT ( 'NONE',  ( -2.624761173659370783, -4.454012354886485170, -1.805295463785740129 ) ) ;
#3923 = CARTESIAN_POINT ( 'NONE',  ( -1.046060903667667574, -8.422287464480410435, 2.525414420702733587 ) ) ;
#3924 = EDGE_LOOP ( 'NONE', ( #514, #975, #5511, #1254, #576 ) ) ;
#3925 = CARTESIAN_POINT ( 'NONE',  ( -1.591799500808904089, -4.136566662058827504, 2.755004797755570056 ) ) ;
#3926 = CARTESIAN_POINT ( 'NONE',  ( -3.005417636479575716, -5.320826022811427691, 0.8785941531871080956 ) ) ;
#3927 = CARTESIAN_POINT ( 'NONE',  ( -1.785737662185199692, -3.044539458597031789, -1.785737662185200358 ) ) ;
#3928 = CARTESIAN_POINT ( 'NONE',  ( -1.601420345627567521, -7.391223335301973840, -2.773231691833812462 ) ) ;
#3929 = CARTESIAN_POINT ( 'NONE',  ( 2.932494626944383675, -7.656555013672346810, -1.224030986336793525 ) ) ;
#3930 = CARTESIAN_POINT ( 'NONE',  ( -3.175072385694161170, -8.139127196508818329, 0.1305949511541568964 ) ) ;
#3931 = CARTESIAN_POINT ( 'NONE',  ( 3.174999999999999378, -7.717788461538567901, 1.315128060534576981 ) ) ;
#3932 = CARTESIAN_POINT ( 'NONE',  ( 2.386740642897112075, -3.789650729864286305, -2.015309827321657199 ) ) ;
#3933 = CARTESIAN_POINT ( 'NONE',  ( -1.590176783913129777, -6.089797630004630591, 2.756021171603966646 ) ) ;
#3934 = CARTESIAN_POINT ( 'NONE',  ( 2.329339471749920509, -3.835114512910015261, 2.093544518269365273 ) ) ;
#3935 = CARTESIAN_POINT ( 'NONE',  ( 0.5445887823344873757, -6.583829571610323228, -3.130651663062772538 ) ) ;
#3936 = CARTESIAN_POINT ( 'NONE',  ( -3.129387806705054675, -7.134167045672337615, 0.1249074675125072531 ) ) ;
#3937 = CARTESIAN_POINT ( 'NONE',  ( 3.124244231345395750, -3.889394032443475258, -0.2088611942928531029 ) ) ;
#3938 = CARTESIAN_POINT ( 'NONE',  ( 0.000000000000000000, -3.499999999999999556, 0.000000000000000000 ) ) ;
#3939 = CARTESIAN_POINT ( 'NONE',  ( 0.000000000000000000, -3.499999999999999556, 0.000000000000000000 ) ) ;
#3940 = ADVANCED_FACE ( 'NONE', ( #3225 ), #3523, .T. ) ;
#3941 = CARTESIAN_POINT ( 'NONE',  ( -1.046060903667667574, -5.670020227827594184, 2.525414420702733587 ) ) ;
#3942 = DIRECTION ( 'NONE',  ( -1.000000000000000000, 0.000000000000000000, -3.026521842945509783E-28 ) ) ;
#3943 = FACE_OUTER_BOUND ( 'NONE', #4057, .T. ) ;
#3944 = CARTESIAN_POINT ( 'NONE',  ( 2.851540107818302694, -5.786639251976005482, -1.294408469271072004 ) ) ;
#3945 = CARTESIAN_POINT ( 'NONE',  ( 0.5536472600588694393, -5.920691964926199091, 3.137640875317004419 ) ) ;
#3946 = ORIENTED_EDGE ( 'NONE', *, *, #5705, .F. ) ;
#3947 = CARTESIAN_POINT ( 'NONE',  ( 2.999999999999997780, 3.999999999999998224, -6.500000000000000000 ) ) ;
#3948 = AXIS2_PLACEMENT_3D ( 'NONE', #2674, #7156, #6639 ) ;
#3949 = ORIENTED_EDGE ( 'NONE', *, *, #1484, .F. ) ;
#3950 = CARTESIAN_POINT ( 'NONE',  ( 1.727531973270403975, -9.258888084230965987, 1.727531973270403975 ) ) ;
#3951 = DIRECTION ( 'NONE',  ( -1.224646799147352221E-16, 0.000000000000000000, -1.000000000000000000 ) ) ;
#3952 = CARTESIAN_POINT ( 'NONE',  ( -4.986839052915142290, 3.999999999999999112, 0.3625413911823062163 ) ) ;
#3953 = AXIS2_PLACEMENT_3D ( 'NONE', #6042, #359, #3255 ) ;
#3954 = EDGE_CURVE ( 'NONE', #6159, #3989, #3289, .T. ) ;
#3955 = CARTESIAN_POINT ( 'NONE',  ( 1.791876047393748506, -4.636646691582064328, -2.634006408708820857 ) ) ;
#3956 = CARTESIAN_POINT ( 'NONE',  ( -2.525414420702734031, -8.605460541403472163, -4.639111030251255524E-16 ) ) ;
#3957 = ORIENTED_EDGE ( 'NONE', *, *, #595, .T. ) ;
#3958 = CARTESIAN_POINT ( 'NONE',  ( 0.8249863974860203175, -7.514080739329974001, -3.073023143871859375 ) ) ;
#3959 = CARTESIAN_POINT ( 'NONE',  ( -1.310578944908559862, -7.141521783536499690, 2.843811122921088952 ) ) ;
#3960 = AXIS2_PLACEMENT_3D ( 'NONE', #484, #3371, #1568 ) ;
#3961 = ADVANCED_FACE ( 'NONE', ( #2628 ), #5626, .T. ) ;
#3962 = CARTESIAN_POINT ( 'NONE',  ( -2.412705260258290352, -8.784831240516687956, 1.122051224776693390 ) ) ;
#3963 = CARTESIAN_POINT ( 'NONE',  ( -1.420666568011534187E-15, -6.984820372292412038, 3.174999999999999822 ) ) ;
#3964 = FACE_OUTER_BOUND ( 'NONE', #2429, .T. ) ;
#3965 = CARTESIAN_POINT ( 'NONE',  ( 0.8443431060638921792, -7.575961602034134934, -3.063457969265757530 ) ) ;
#3966 = B_SPLINE_CURVE_WITH_KNOTS ( 'NONE', 3,
 ( #5583, #12, #6390, #2310 ),
 .UNSPECIFIED., .F., .F.,
 ( 4, 4 ),
 ( 0.000000000000000000, 0.001342111299750149180 ),
 .UNSPECIFIED. ) ;
#3967 = CARTESIAN_POINT ( 'NONE',  ( 0.8223236393418652534, -7.921720233687314483, 3.078231753813362559 ) ) ;
#3968 = VECTOR ( 'NONE', #700, 1000.000000000000000 ) ;
#3969 = CARTESIAN_POINT ( 'NONE',  ( 3.174999999999999822, -7.656730769230880362, 1.944126793646423041E-16 ) ) ;
#3970 = CARTESIAN_POINT ( 'NONE',  ( -2.846380566345926511, -3.394628351714828352, -1.430534255895678619 ) ) ;
#3971 = DIRECTION ( 'NONE',  ( 0.000000000000000000, 1.836970198721029688E-16, -1.000000000000000000 ) ) ;
#3972 = CARTESIAN_POINT ( 'NONE',  ( 1.738062669737411525, -3.873046169659785765, 2.605263711867302767 ) ) ;
#3973 = ORIENTED_EDGE ( 'NONE', *, *, #3457, .T. ) ;
#3974 = CARTESIAN_POINT ( 'NONE',  ( 3.183170549270434080, -6.807892514280797336, 0.1319467647770880270 ) ) ;
#3975 = CARTESIAN_POINT ( 'NONE',  ( -0.1029448690291525081, -6.989424753854096117, 3.184271780756520620 ) ) ;
#3976 = CARTESIAN_POINT ( 'NONE',  ( 2.302547686652371655E-15, -4.054051141523410173, 3.174999999999999822 ) ) ;
#3977 = ORIENTED_EDGE ( 'NONE', *, *, #4503, .F. ) ;
#3978 = FACE_OUTER_BOUND ( 'NONE', #2368, .T. ) ;
#3979 = CARTESIAN_POINT ( 'NONE',  ( 5.236071779972316087E-16, 0.5358983848622450585, -4.464101615137753498 ) ) ;
#3980 = B_SPLINE_CURVE_WITH_KNOTS ( 'NONE', 3,
 ( #1782, #4026, #2266, #4517, #6857, #3407 ),
 .UNSPECIFIED., .F., .F.,
 ( 4, 2, 4 ),
 ( 0.002614009409412738991, 0.003909466513246733638, 0.005204923617080728718 ),
 .UNSPECIFIED. ) ;
#3981 = CARTESIAN_POINT ( 'NONE',  ( 2.525414420702734031, -5.425789458596844028, 1.046060903667665798 ) ) ;
#3982 = CARTESIAN_POINT ( 'NONE',  ( 1.937281660134960282, -7.575750032511540333, -2.524173294974358051 ) ) ;
#3983 = CARTESIAN_POINT ( 'NONE',  ( -1.046060903667665354, -4.082520227827719062, -2.525414420702734475 ) ) ;
#3984 = AXIS2_PLACEMENT_3D ( 'NONE', #5568, #644, #2881 ) ;
#3985 = CARTESIAN_POINT ( 'NONE',  ( -1.032958154025931163, -5.556809752964018578, -2.956504303728518579 ) ) ;
#3986 = CARTESIAN_POINT ( 'NONE',  ( -3.037213418736890436, -6.125581792804572601, 0.7638853095628248546 ) ) ;
#3987 = EDGE_LOOP ( 'NONE', ( #4332, #5564, #2334 ) ) ;
#3988 = DIRECTION ( 'NONE',  ( 0.000000000000000000, -1.000000000000000000, 1.599750113461571638E-16 ) ) ;
#3989 = VERTEX_POINT ( 'NONE', #4806 ) ;
#3990 = CARTESIAN_POINT ( 'NONE',  ( 2.443099146032160718, -9.197830391923279336, 1.011964800508647677 ) ) ;
#3991 = AXIS2_PLACEMENT_3D ( 'NONE', #2956, #168, #717 ) ;
#3992 = CARTESIAN_POINT ( 'NONE',  ( -2.999999999999997335, 2.537271802364450490, -4.329440310171051465 ) ) ;
#3993 = FACE_BOUND ( 'NONE', #2392, .T. ) ;
#3994 = CARTESIAN_POINT ( 'NONE',  ( 1.568239819993394013, -4.684382635702611708, -2.773204938313211798 ) ) ;
#3995 = CARTESIAN_POINT ( 'NONE',  ( 2.365690847673054709, -4.840028888290455633, 2.121695796613868090 ) ) ;
#3996 = CARTESIAN_POINT ( 'NONE',  ( -2.525414420702734031, -3.720845156788473940, -4.639111030251255524E-16 ) ) ;
#3997 = ORIENTED_EDGE ( 'NONE', *, *, #690, .F. ) ;
#3998 = CARTESIAN_POINT ( 'NONE',  ( -0.2069028831467520646, -4.064214032866331650, 3.175000000000690825 ) ) ;
#3999 = EDGE_CURVE ( 'NONE', #7087, #3402, #213, .T. ) ;
#4000 = CARTESIAN_POINT ( 'NONE',  ( 2.746206025871450684, -6.751575391245004276, -1.504578314783874493 ) ) ;
#4001 = ADVANCED_FACE ( 'NONE', ( #6083 ), #364, .T. ) ;
#4002 = CARTESIAN_POINT ( 'NONE',  ( 0.000000000000000000, -4.453537464480723074, 2.525414420702734031 ) ) ;
#4003 = CARTESIAN_POINT ( 'NONE',  ( 0.4168295799583999206, -6.516650876979372065, -3.154305494932238663 ) ) ;
#4004 = CARTESIAN_POINT ( 'NONE',  ( 2.999999999999996447, 3.695572347056140128, -6.488182357287167079 ) ) ;
#4005 = CARTESIAN_POINT ( 'NONE',  ( -2.999999999999997780, 3.999999999999998224, -6.500000000000000000 ) ) ;
#4006 = CARTESIAN_POINT ( 'NONE',  ( 1.483693405746939087, -7.886551706573445841, 2.819180664563336158 ) ) ;
#4007 = CARTESIAN_POINT ( 'NONE',  ( -2.864867959477665149, -8.052373124312344643, 1.265333864847985490 ) ) ;
#4008 = CARTESIAN_POINT ( 'NONE',  ( 2.245064030267288402, -5.825000000000255085, 2.245064030267288402 ) ) ;
#4009 = CARTESIAN_POINT ( 'NONE',  ( -0.2072211721756826996, -6.017523409190270733, 3.175000000002017764 ) ) ;
#4010 = CARTESIAN_POINT ( 'NONE',  ( -0.2429561462197580013, -4.004583647990847872, 3.176832274198137629 ) ) ;
#4011 = ORIENTED_EDGE ( 'NONE', *, *, #2876, .T. ) ;
#4012 = CARTESIAN_POINT ( 'NONE',  ( -1.378683339885543813, -7.055189947577157561, 2.871984617947978879 ) ) ;
#4013 = CARTESIAN_POINT ( 'NONE',  ( -2.725884594888270396, -7.083801362137156943, 1.633317854664415147 ) ) ;
#4014 = CARTESIAN_POINT ( 'NONE',  ( 1.058374842585467324, -4.090037475490197139, 2.946930704228834408 ) ) ;
#4015 = CARTESIAN_POINT ( 'NONE',  ( -3.081493328282276067, -8.144164313397208588, -0.5556308638139121348 ) ) ;
#4016 = CARTESIAN_POINT ( 'NONE',  ( 0.8495525599736394318, 6.973612215946229931, -4.089514819218205588 ) ) ;
#4017 = CARTESIAN_POINT ( 'NONE',  ( -2.525414420702734031, -4.876270227827656178, -4.639111030251255524E-16 ) ) ;
#4018 = DIRECTION ( 'NONE',  ( 0.000000000000000000, -3.469446951953615175E-16, 1.000000000000000000 ) ) ;
#4019 = CARTESIAN_POINT ( 'NONE',  ( 0.000000000000000000, -3.655116381673906734, 2.525414420702734031 ) ) ;
#4020 = CARTESIAN_POINT ( 'NONE',  ( 1.490483960593729895, -5.656877511855689988, -2.815752418853918471 ) ) ;
#4021 = CARTESIAN_POINT ( 'NONE',  ( -2.665621340369589642, -6.100518768885924814, 1.745334468485243207 ) ) ;
#4022 = VERTEX_POINT ( 'NONE', #4366 ) ;
#4023 = DIRECTION ( 'NONE',  ( -0.000000000000000000, -1.000000000000000000, -1.836970198721029688E-16 ) ) ;
#4024 = VERTEX_POINT ( 'NONE', #2005 ) ;
#4025 = CARTESIAN_POINT ( 'NONE',  ( -1.011964800508647233, -3.062746531154101337, -2.443099146032161162 ) ) ;
#4026 = CARTESIAN_POINT ( 'NONE',  ( -4.113489937695163690, -3.499999999999999112, -1.875226431488638879 ) ) ;
#4027 = CARTESIAN_POINT ( 'NONE',  ( 3.073667048799273438, -4.746635113878120649, -0.8222599705546430604 ) ) ;
#4028 = CARTESIAN_POINT ( 'NONE',  ( 2.693445184800470571, -4.759841281710198935, -1.701065351896064559 ) ) ;
#4029 = CARTESIAN_POINT ( 'NONE',  ( -2.387546395232843732, -5.076304316342273637, 2.026830483461900201 ) ) ;
#4030 = CARTESIAN_POINT ( 'NONE',  ( -2.525414420702733587, -4.636710541403785690, 1.046060903667666242 ) ) ;
#4031 = EDGE_LOOP ( 'NONE', ( #434, #488, #4993, #939 ) ) ;
#4032 = CARTESIAN_POINT ( 'NONE',  ( -1.405657800942108793, -4.126011692692516775, 2.854397966460872293 ) ) ;
#4033 = CARTESIAN_POINT ( 'NONE',  ( 1.813873054148810171, -6.977407076734988500, 2.552443299052419068 ) ) ;
#4034 = CARTESIAN_POINT ( 'NONE',  ( 1.785737662185200136, -6.285268233711349239, 1.785737662185200136 ) ) ;
#4035 = ADVANCED_FACE ( 'NONE', ( #5387 ), #1488, .F. ) ;
#4036 = CARTESIAN_POINT ( 'NONE',  ( -2.443099146032159830, -3.702638084231403504, 1.011964800508648343 ) ) ;
#4037 = DIRECTION ( 'NONE',  ( 0.000000000000000000, 0.000000000000000000, 1.000000000000000000 ) ) ;
#4038 = DIRECTION ( 'NONE',  ( 2.846556599890768726E-32, -2.503857664561933362E-16, 1.000000000000000000 ) ) ;
#4039 = CARTESIAN_POINT ( 'NONE',  ( 2.647849800569123335, -8.551067010457442663, 1.177134570799532876 ) ) ;
#4040 = CARTESIAN_POINT ( 'NONE',  ( -3.142143838608215667, -8.170306727930556789, -0.5273469792816234403 ) ) ;
#4041 = CARTESIAN_POINT ( 'NONE',  ( 3.174999999999999822, -4.725961538461881162, 1.944126793646423041E-16 ) ) ;
#4042 = CARTESIAN_POINT ( 'NONE',  ( -2.755624974948522876, -6.170227696194033662, 1.590686970980931925 ) ) ;
#4043 = CARTESIAN_POINT ( 'NONE',  ( -1.686945726276199764, -4.364575716340242550, -2.638695392630940884 ) ) ;
#4044 = ORIENTED_EDGE ( 'NONE', *, *, #1655, .T. ) ;
#4045 = CARTESIAN_POINT ( 'NONE',  ( -1.714693975947410465, -7.135371317643402378, 2.675364143561111074 ) ) ;
#4046 = CARTESIAN_POINT ( 'NONE',  ( -2.013195681893310773, -7.005199658672835561, 2.399106779037073700 ) ) ;
#4047 = CARTESIAN_POINT ( 'NONE',  ( -1.036095181929023168, -4.579711125123227866, -2.955103936244114049 ) ) ;
#4048 = CARTESIAN_POINT ( 'NONE',  ( -3.130681651007639843, -8.119629244030594606, -0.05645728317062555929 ) ) ;
#4049 = CARTESIAN_POINT ( 'NONE',  ( 0.2352205416298009111, 7.328296972108850227, -4.328296972108857332 ) ) ;
#4050 = EDGE_CURVE ( 'NONE', #7087, #2269, #6919, .T. ) ;
#4051 = CARTESIAN_POINT ( 'NONE',  ( 1.011964800508647455, -9.412746531153599605, 2.443099146032160718 ) ) ;
#4052 = DIRECTION ( 'NONE',  ( 0.000000000000000000, 1.960801486690661705E-16, -1.000000000000000000 ) ) ;
#4053 = CARTESIAN_POINT ( 'NONE',  ( -1.331166305408147288, -6.136602354363884793, 2.885434026282766684 ) ) ;
#4054 = CARTESIAN_POINT ( 'NONE',  ( -0.2358441358355917172, -6.018810265994362751, 3.177234511833106456 ) ) ;
#4055 = VERTEX_POINT ( 'NONE', #3765 ) ;
#4056 = CARTESIAN_POINT ( 'NONE',  ( -0.8495525599736399869, 1.026387784053762076, -4.089514819218206476 ) ) ;
#4057 = EDGE_LOOP ( 'NONE', ( #1184, #5466, #1061 ) ) ;
#4058 = CARTESIAN_POINT ( 'NONE',  ( -1.011964800508647233, -4.039669608077101515, -2.443099146032161162 ) ) ;
#4059 = CARTESIAN_POINT ( 'NONE',  ( -1.937564882947400369, -7.371345562045472199, -2.523827192733096858 ) ) ;
#4060 = CARTESIAN_POINT ( 'NONE',  ( 2.853161256543357283, -5.692626451033802049, -1.408340728204450887 ) ) ;
#4061 = CARTESIAN_POINT ( 'NONE',  ( 2.895277381458269073, -4.914258289804108948, 1.309607299987702422 ) ) ;
#4062 = AXIS2_PLACEMENT_3D ( 'NONE', #150, #6863, #4066 ) ;
#4063 = CARTESIAN_POINT ( 'NONE',  ( 2.612551306448378075, -4.820766779809751768, 1.809061047796238331 ) ) ;
#4064 = CARTESIAN_POINT ( 'NONE',  ( -1.802610607689896755E-11, -6.008448858478057097, 3.174999999999999822 ) ) ;
#4065 = ORIENTED_EDGE ( 'NONE', *, *, #5527, .T. ) ;
#4066 = DIRECTION ( 'NONE',  ( 0.4999999999999979461, 1.385424237964760966E-16, 0.8660254037844397068 ) ) ;
#4067 = CARTESIAN_POINT ( 'NONE',  ( -0.3901615428962607601, -7.543956991966933145, -3.107021475991942339 ) ) ;
#4068 = AXIS2_PLACEMENT_3D ( 'NONE', #2737, #2179, #4983 ) ;
#4069 = CARTESIAN_POINT ( 'NONE',  ( -1.046060903667665354, -4.880941310634535846, -2.525414420702734475 ) ) ;
#4070 = CARTESIAN_POINT ( 'NONE',  ( 2.443099146032160718, -6.144945776538903282, -1.011964800508647455 ) ) ;
#4071 = CARTESIAN_POINT ( 'NONE',  ( -1.024438375992693828, -8.012373294713801997, 3.016367446528114282 ) ) ;
#4072 = DIRECTION ( 'NONE',  ( -3.026521842945509783E-28, -0.000000000000000000, 1.000000000000000000 ) ) ;
#4073 = CARTESIAN_POINT ( 'NONE',  ( 2.557587657768478628, -8.558039085496554677, 1.346975257966651185 ) ) ;
#4074 = AXIS2_PLACEMENT_3D ( 'NONE', #3939, #1153, #1806 ) ;
#4075 = CONICAL_SURFACE ( 'NONE', #918, 3.174999999999999822, 0.7853981633974488341 ) ;
#4076 = CARTESIAN_POINT ( 'NONE',  ( 1.046060903667665798, -9.455597150904221593, 2.525414420702734031 ) ) ;
#4077 = CARTESIAN_POINT ( 'NONE',  ( 3.013700951830695196, -3.860849776411018563, 1.020804429833971572 ) ) ;
#4078 = CARTESIAN_POINT ( 'NONE',  ( -2.847934538982648256, -4.370039644110152999, -1.409760126570635652 ) ) ;
#4079 = VERTEX_POINT ( 'NONE', #6009 ) ;
#4080 = CARTESIAN_POINT ( 'NONE',  ( -1.375832104441468973, -7.115831397801732905, 2.873356627774529937 ) ) ;
#4081 = CARTESIAN_POINT ( 'NONE',  ( -0.2275531712709132071, -7.401830923349289826, -3.169604053086884754 ) ) ;
#4082 = CARTESIAN_POINT ( 'NONE',  ( 2.723711709753949606, -4.956858200731786290, 1.544848743392453150 ) ) ;
#4083 = ADVANCED_FACE ( 'NONE', ( #979 ), #1522, .F. ) ;
#4084 = EDGE_CURVE ( 'NONE', #2158, #4302, #1523, .T. ) ;
#4085 = CARTESIAN_POINT ( 'NONE',  ( 1.972324534893747039, -3.499999999999951594, 1.546373426561369335 ) ) ;
#4086 = CARTESIAN_POINT ( 'NONE',  ( 1.925929944387235853E-31, 3.999999999999997335, -4.000000000000000888 ) ) ;
#4087 = CARTESIAN_POINT ( 'NONE',  ( 2.443099146032160718, -8.191592684999850604, -1.011964800508647455 ) ) ;
#4088 = CARTESIAN_POINT ( 'NONE',  ( -0.2599446071688191751, -7.974370305351699884, 3.174999999998547651 ) ) ;
#4089 = CARTESIAN_POINT ( 'NONE',  ( -2.097204172583207349, -5.407587433855723269, -2.392963863948307957 ) ) ;
#4090 = CARTESIAN_POINT ( 'NONE',  ( 0.8302613922074654207, -6.056077039165294273, 3.019531871114125909 ) ) ;
#4091 = CARTESIAN_POINT ( 'NONE',  ( 0.3016516537681816490, -6.449646500975852348, -3.171600459831490859 ) ) ;
#4092 = CONICAL_SURFACE ( 'NONE', #697, 4.500000000000000888, 1.134464013796316673 ) ;
#4093 = ORIENTED_EDGE ( 'NONE', *, *, #6512, .F. ) ;
#4094 = CARTESIAN_POINT ( 'NONE',  ( 2.524785452054905566, -4.684887817836695945, -1.936222648159532600 ) ) ;
#4095 = ORIENTED_EDGE ( 'NONE', *, *, #6511, .F. ) ;
#4096 = CARTESIAN_POINT ( 'NONE',  ( 1.231839406218357302, -7.988215073876916428, 2.879338537732352599 ) ) ;
#4097 = CARTESIAN_POINT ( 'NONE',  ( -3.866963810511701855E-15, -7.473833473861717813, -3.174999999999999822 ) ) ;
#4098 = CONICAL_SURFACE ( 'NONE', #4345, 2.999999999999998224, 0.7853981633974500554 ) ;
#4099 = CARTESIAN_POINT ( 'NONE',  ( 2.525034532938072562, -5.661828285516270931, -1.935951045283385685 ) ) ;
#4100 = CARTESIAN_POINT ( 'NONE',  ( 2.490563673999114602, -4.892677960257914016, 1.986543189652139052 ) ) ;
#4101 = CARTESIAN_POINT ( 'NONE',  ( -0.3665580172170825324, -5.048356159804463950, 3.156534149463918748 ) ) ;
#4102 = CARTESIAN_POINT ( 'NONE',  ( -1.785737662185199692, -3.842960541403849017, -1.785737662185200358 ) ) ;
#4103 = ORIENTED_EDGE ( 'NONE', *, *, #1342, .F. ) ;
#4104 = DIRECTION ( 'NONE',  ( 0.000000000000000000, 1.836970198721029688E-16, -1.000000000000000000 ) ) ;
#4105 = CARTESIAN_POINT ( 'NONE',  ( 3.082120185256582712, -6.803115317970099163, -0.5524125809705827672 ) ) ;
#4106 = AXIS2_PLACEMENT_3D ( 'NONE', #2733, #4357, #7068 ) ;
#4107 = CARTESIAN_POINT ( 'NONE',  ( -1.840099396641020624, -2.861450419634612885, -1.729668236042588125 ) ) ;
#4108 = CARTESIAN_POINT ( 'NONE',  ( 1.785737662185200136, -9.216037464480347552, 1.785737662185200136 ) ) ;
#4109 = FACE_OUTER_BOUND ( 'NONE', #3798, .T. ) ;
#4110 = CARTESIAN_POINT ( 'NONE',  ( 2.741237398924931234, -3.954858999075742343, 1.623248876865523771 ) ) ;
#4111 = CARTESIAN_POINT ( 'NONE',  ( 2.999999999999996003, 3.251865393046783570, -6.411210770232635525 ) ) ;
#4112 = CARTESIAN_POINT ( 'NONE',  ( 2.720161875800104490, -3.499999999999969802, -0.3853099157698735566 ) ) ;
#4113 = AXIS2_PLACEMENT_3D ( 'NONE', #2770, #5017, #1010 ) ;
#4114 = CARTESIAN_POINT ( 'NONE',  ( -2.525414420702734031, -8.783962535519656001, -4.639111030251255524E-16 ) ) ;
#4115 = CARTESIAN_POINT ( 'NONE',  ( 1.023555554521211386, -3.616767409842651215, -3.012625579298392253 ) ) ;
#4116 = CARTESIAN_POINT ( 'NONE',  ( -2.917334583623348188, -4.233905966653035868, 1.280257515257179790 ) ) ;
#4117 = ORIENTED_EDGE ( 'NONE', *, *, #4862, .T. ) ;
#4118 = CARTESIAN_POINT ( 'NONE',  ( -2.530606906907419074, -7.219751362350037560, 1.844769303203220634 ) ) ;
#4119 = CARTESIAN_POINT ( 'NONE',  ( -1.352198410080377222, -7.314796281046825221, -2.824888461892411051 ) ) ;
#4120 = CARTESIAN_POINT ( 'NONE',  ( 1.247309481253163987, -5.056572526301462922, 2.872045723679625961 ) ) ;
#4121 = CARTESIAN_POINT ( 'NONE',  ( -2.745961197919004171, -8.195566698419039398, -1.505042328365745030 ) ) ;
#4122 = CARTESIAN_POINT ( 'NONE',  ( -1.022880576693435906, -5.081598782705354367, 3.012867313307626027 ) ) ;
#4123 = APPLICATION_CONTEXT ( 'configuration controlled 3d designs of mechanical parts and assemblies' ) ;
#4124 = CARTESIAN_POINT ( 'NONE',  ( -2.443099146032159830, -6.726208069615349672, 1.011964800508648343 ) ) ;
#4125 = CARTESIAN_POINT ( 'NONE',  ( -3.104245374767672150, -8.241102605516410051, -0.7157616068122321096 ) ) ;
#4126 = EDGE_CURVE ( 'NONE', #5653, #3411, #4149, .T. ) ;
#4127 = CARTESIAN_POINT ( 'NONE',  ( -3.154405622236483353, -5.295473577608969862, -0.4163657588662190712 ) ) ;
#4128 = CARTESIAN_POINT ( 'NONE',  ( 2.000936259874987133, -5.962949887422750450, 2.479046680219424648 ) ) ;
#4129 = CARTESIAN_POINT ( 'NONE',  ( -2.502853808559799997, -6.295790590961445332, -1.971242207176124195 ) ) ;
#4130 = VERTEX_POINT ( 'NONE', #571 ) ;
#4131 = CARTESIAN_POINT ( 'NONE',  ( 1.950471072969193864, -4.645822074470106422, -2.539879376712386616 ) ) ;
#4132 = ORIENTED_EDGE ( 'NONE', *, *, #7011, .T. ) ;
#4133 = CARTESIAN_POINT ( 'NONE',  ( -1.534512257487563813, -8.101687540592644510, 2.791924483095333365 ) ) ;
#4134 = CARTESIAN_POINT ( 'NONE',  ( -1.651979608748619599, -8.916893271605683680, -1.910152184662805119 ) ) ;
#4135 = CARTESIAN_POINT ( 'NONE',  ( 0.4132398436053409951, -5.988867542369389341, 3.154927366765691410 ) ) ;
#4136 = CARTESIAN_POINT ( 'NONE',  ( 1.256813514051167813, -5.029193657581500609, 2.927249320789531151 ) ) ;
#4137 = CARTESIAN_POINT ( 'NONE',  ( -3.175324094639829564, -5.208653899591213055, 0.1241165146905721522 ) ) ;
#4138 = CARTESIAN_POINT ( 'NONE',  ( -8.490410945321241193E-14, -6.496910396938715415, -3.174999999999999822 ) ) ;
#4139 = EDGE_LOOP ( 'NONE', ( #3949, #56, #1206, #3687 ) ) ;
#4140 = CARTESIAN_POINT ( 'NONE',  ( 1.929735446517129966E-17, 3.999999999999999112, -6.500000000000000000 ) ) ;
#4141 = CIRCLE ( 'NONE', #3213, 2.999999999999998224 ) ;
#4142 = CARTESIAN_POINT ( 'NONE',  ( -1.359877567451756031, -8.121229447998256745, 2.820484692147814609 ) ) ;
#4143 = CARTESIAN_POINT ( 'NONE',  ( 3.888253587292846081E-16, -8.511538461538499689, -3.174999999999999822 ) ) ;
#4144 = CARTESIAN_POINT ( 'NONE',  ( -1.046060903667667574, -8.422287464480412211, 2.525414420702733587 ) ) ;
#4145 = CARTESIAN_POINT ( 'NONE',  ( 3.154486339220407221, -6.760842357317384810, 0.4160580375929759933 ) ) ;
#4146 = CARTESIAN_POINT ( 'NONE',  ( 2.597862271945085233, -3.907071952508624602, 1.844033154658086593 ) ) ;
#4147 = CARTESIAN_POINT ( 'NONE',  ( 2.598076211353317788, -0.8246212059512556536, -4.500000000000000000 ) ) ;
#4148 = CARTESIAN_POINT ( 'NONE',  ( 3.015711660709607056, -4.656059191476135339, -0.8425914403642434936 ) ) ;
#4149 = B_SPLINE_CURVE_WITH_KNOTS ( 'NONE', 3,
 ( #901, #3149, #6671, #5602, #6118, #4541, #2842, #3982, #508, #1736, #6775, #3469, #609, #2328, #1155, #4582, #64, #6742, #1088, #3910, #5674, #4507, #2184, #6152, #3436, #2743, #1120, #3360, #4433, #3877, #1633, #6226, #1193, #98 ),
 .UNSPECIFIED., .F., .F.,
 ( 4, 2, 2, 2, 2, 2, 2, 2, 2, 2, 2, 2, 2, 2, 2, 2, 4 ),
 ( 0.08160904239063679344, 0.08223623293258625067, 0.08286342347453570789, 0.08349061401648517899, 0.08411780455843463622, 0.08474499510038409344, 0.08537218564233355067, 0.08599937618428300790, 0.08662656672623247900, 0.08725375726818193622, 0.08788094781013139345, 0.08850813835208085067, 0.08913532889403030790, 0.08976251943597976513, 0.09038970997792923623, 0.09101690051987869345, 0.09164409106182815068 ),
 .UNSPECIFIED. ) ;
#4150 = CARTESIAN_POINT ( 'NONE',  ( -1.785737662185200358, -8.661847150904280923, 1.785737662185199470 ) ) ;
#4151 =( GEOMETRIC_REPRESENTATION_CONTEXT ( 3 ) GLOBAL_UNCERTAINTY_ASSIGNED_CONTEXT ( ( #7126 ) ) GLOBAL_UNIT_ASSIGNED_CONTEXT ( ( #2506, #3134, #5415 ) ) REPRESENTATION_CONTEXT ( 'NONE', 'WORKASPACE' ) );
#4152 = B_SPLINE_CURVE_WITH_KNOTS ( 'NONE', 3,
 ( #1486, #3724, #3763, #6007, #435, #2666, #4363, #6601, #1559, #3799, #3395, #677, #4505, #4615, #5055, #5707, #642, #2840, #1116, #3358, #2221, #3434, #1224, #62, #6150, #5018, #1191, #3466, #6847, #4468, #7254, #5637, #5600, #2915 ),
 .UNSPECIFIED., .F., .F.,
 ( 4, 2, 2, 2, 2, 2, 2, 2, 2, 2, 2, 2, 2, 2, 2, 2, 4 ),
 ( 0.04147782300790706783, 0.04210467866040335655, 0.04273153431289964527, 0.04335838996539593398, 0.04398524561789222270, 0.04461210127038851142, 0.04523895692288479320, 0.04586581257538108192, 0.04649266822787737063, 0.04711952388037365935, 0.04774637953286994807, 0.04837323518536623679, 0.04900009083786251857, 0.04962694649035881422, 0.05025380214285510294, 0.05088065779535138472, 0.05150751344784767344 ),
 .UNSPECIFIED. ) ;
#4153 = CARTESIAN_POINT ( 'NONE',  ( 1.592627217269864115, -3.972558928801626088, 2.754476231767365224 ) ) ;
#4154 = CARTESIAN_POINT ( 'NONE',  ( -2.338953822829258566, -4.182094522125833436, 2.163327340291608891 ) ) ;
#4155 = CARTESIAN_POINT ( 'NONE',  ( -1.824848482799962257, -7.141906376872925399, 2.601476858845254370 ) ) ;
#4156 = CARTESIAN_POINT ( 'NONE',  ( -2.422286472946614477, -7.339559980783810111, -2.069711853754702346 ) ) ;
#4157 = CARTESIAN_POINT ( 'NONE',  ( -2.213554533279762371, -4.265703264896088420, 2.214633119323754062 ) ) ;
#4158 = CARTESIAN_POINT ( 'NONE',  ( -0.9158667624868903623, -7.918650211483963197, 2.994377748734902589 ) ) ;
#4159 = CARTESIAN_POINT ( 'NONE',  ( -2.097279688215652804, -5.143382247991443279, 2.392819774953891088 ) ) ;
#4160 = CARTESIAN_POINT ( 'NONE',  ( 1.727531973270403975, -7.397842684999912599, 1.727531973270403975 ) ) ;
#4161 = CARTESIAN_POINT ( 'NONE',  ( -3.125082552977922923, -8.178828358991509617, 0.5756375983571168087 ) ) ;
#4162 = CARTESIAN_POINT ( 'NONE',  ( -0.8214593185255091301, -5.071593044986516752, 3.073870299247548843 ) ) ;
#4163 = CARTESIAN_POINT ( 'NONE',  ( -1.334024762309925727, -6.075960706167835568, 2.884111880957989538 ) ) ;
#4164 = CARTESIAN_POINT ( 'NONE',  ( -1.932411319522225002, -6.333315215240769902, -2.522678492248068505 ) ) ;
#4165 = ORIENTED_EDGE ( 'NONE', *, *, #3774, .F. ) ;
#4166 = CARTESIAN_POINT ( 'NONE',  ( 1.935677411582751306, -4.929152212011963741, 2.525218347023391541 ) ) ;
#4167 = EDGE_CURVE ( 'NONE', #615, #2321, #3744, .T. ) ;
#4168 = ORIENTED_EDGE ( 'NONE', *, *, #3210, .T. ) ;
#4169 = CARTESIAN_POINT ( 'NONE',  ( -0.02245038865112205725, -8.052382993011008239, 3.131540270064190334 ) ) ;
#4170 = CARTESIAN_POINT ( 'NONE',  ( 2.999999999999996003, 5.732050807568871420, -4.464101615137752610 ) ) ;
#4171 = CARTESIAN_POINT ( 'NONE',  ( 1.937736306006041742, -5.905951795357788470, 2.523765201278902914 ) ) ;
#4172 = ADVANCED_FACE ( 'NONE', ( #5639 ), #4584, .T. ) ;
#4173 = CARTESIAN_POINT ( 'NONE',  ( 3.131344974767613643, -4.877879489655441603, 0.04149761399521343513 ) ) ;
#4174 = CARTESIAN_POINT ( 'NONE',  ( -1.133090100262742705, -5.463050545089534360, -2.977562100771714793 ) ) ;
#4175 = CARTESIAN_POINT ( 'NONE',  ( 0.000000000000000000, 3.999999999999998224, -10.00000000047880633 ) ) ;
#4176 = ORIENTED_EDGE ( 'NONE', *, *, #374, .F. ) ;
#4177 = DIRECTION ( 'NONE',  ( 0.000000000000000000, 0.000000000000000000, 1.000000000000000000 ) ) ;
#4178 = CARTESIAN_POINT ( 'NONE',  ( 4.814824860968089633E-32, 1.097787357076614567, -4.000000000000000000 ) ) ;
#4179 = EDGE_CURVE ( 'NONE', #26, #4475, #6212, .T. ) ;
#4180 = EDGE_CURVE ( 'NONE', #2523, #4055, #6260, .T. ) ;
#4181 = CARTESIAN_POINT ( 'NONE',  ( 2.245064030267288402, -7.656730769230875033, -2.245064030267287958 ) ) ;
#4182 = CARTESIAN_POINT ( 'NONE',  ( -2.525414420702733587, -8.666518233711160590, -1.046060903667667130 ) ) ;
#4183 = CARTESIAN_POINT ( 'NONE',  ( 0.000000000000000000, -7.562808689365906112, 2.525414420702734031 ) ) ;
#4184 = CARTESIAN_POINT ( 'NONE',  ( 1.960798765946233146, -3.950589663947113639, 2.500565600595530569 ) ) ;
#4185 = DIRECTION ( 'NONE',  ( 0.000000000000000000, 0.000000000000000000, -1.000000000000000000 ) ) ;
#4186 = CARTESIAN_POINT ( 'NONE',  ( 0.2712471431234103614, -4.466529635845993162, -3.119491247225399722 ) ) ;
#4187 = EDGE_CURVE ( 'NONE', #1970, #104, #7039, .T. ) ;
#4188 = CIRCLE ( 'NONE', #1140, 0.8500000000000000888 ) ;
#4189 = B_SPLINE_CURVE_WITH_KNOTS ( 'NONE', 3,
 ( #3669, #2610, #995, #4305 ),
 .UNSPECIFIED., .F., .F.,
 ( 4, 4 ),
 ( 2.339750666364771831E-07, 0.002614009409412740726 ),
 .UNSPECIFIED. ) ;
#4190 = CARTESIAN_POINT ( 'NONE',  ( 2.525414420702734031, -6.280597150904468684, -1.046060903667665576 ) ) ;
#4191 = AXIS2_PLACEMENT_3D ( 'NONE', #3696, #3044, #7007 ) ;
#4192 = CARTESIAN_POINT ( 'NONE',  ( -2.524940308512494180, -6.149749672857994121, 1.936086382540141759 ) ) ;
#4193 = CARTESIAN_POINT ( 'NONE',  ( -2.869685566929635723, -4.145296518709560729, 1.254292777698049033 ) ) ;
#4194 = CARTESIAN_POINT ( 'NONE',  ( -3.090999603698401987, -7.326220622059227416, -0.7370663226600990825 ) ) ;
#4195 = CARTESIAN_POINT ( 'NONE',  ( 1.196627313694740069, -7.472500924406062062, -2.943828958063073209 ) ) ;
#4196 = CARTESIAN_POINT ( 'NONE',  ( -2.681353341641082189, -4.302682559754097191, 1.617140666783656533 ) ) ;
#4197 = CARTESIAN_POINT ( 'NONE',  ( 2.188910530509336816, -7.505092218699027207, -2.239056254990223316 ) ) ;
#4198 = CARTESIAN_POINT ( 'NONE',  ( -2.756067745665633506, -5.357102711917121951, -1.590139805853600485 ) ) ;
#4199 = PERSON_AND_ORGANIZATION ( #2966, #4749 ) ;
#4200 = CARTESIAN_POINT ( 'NONE',  ( -1.011964800508647233, -5.993515761923101870, -2.443099146032161162 ) ) ;
#4201 = CARTESIAN_POINT ( 'NONE',  ( 4.336808689942017736E-16, 0.5358983848622457247, -6.500000000000000888 ) ) ;
#4202 = CARTESIAN_POINT ( 'NONE',  ( -2.235078558161322171, -8.268138634976677892, -2.258839077387096328 ) ) ;
#4203 = DIRECTION ( 'NONE',  ( 0.000000000000000000, -0.000000000000000000, -1.000000000000000000 ) ) ;
#4204 = CARTESIAN_POINT ( 'NONE',  ( 2.160169592993750776, -5.978930708832751684, 2.267485775716457486 ) ) ;
#4205 = CARTESIAN_POINT ( 'NONE',  ( 0.9467836525858709384, -6.543054785971784248, -3.033401951209013792 ) ) ;
#4206 = CARTESIAN_POINT ( 'NONE',  ( 0.8241766417232848640, -4.583271455031487918, -3.073151722793225460 ) ) ;
#4207 = EDGE_LOOP ( 'NONE', ( #2047, #3004, #4621 ) ) ;
#4208 = CARTESIAN_POINT ( 'NONE',  ( -2.348763972678467482, -8.152049465797405858, 2.140334802821530324 ) ) ;
#4209 = DIRECTION ( 'NONE',  ( -1.000000000000000000, 0.000000000000000000, 0.000000000000000000 ) ) ;
#4210 = DIRECTION ( 'NONE',  ( 0.000000000000000000, 1.000000000000000000, -2.891205793294680298E-16 ) ) ;
#4211 = VECTOR ( 'NONE', #2976, 1000.000000000000000 ) ;
#4212 = CARTESIAN_POINT ( 'NONE',  ( 3.099780661888046573, -4.751677285656598748, -0.7356950411271572232 ) ) ;
#4213 = CARTESIAN_POINT ( 'NONE',  ( -0.09734527677654966626, -5.514728354517517417, -3.184667828769562448 ) ) ;
#4214 = CARTESIAN_POINT ( 'NONE',  ( 1.139150084404954466, -8.940810708730088763, -2.227067259496473994 ) ) ;
#4215 = ORIENTED_EDGE ( 'NONE', *, *, #1021, .T. ) ;
#4216 = CARTESIAN_POINT ( 'NONE',  ( 0.4767844997393110296, 0.8111700441321773036, -4.212096350734392480 ) ) ;
#4217 = CARTESIAN_POINT ( 'NONE',  ( -1.368624501294179119, 1.326074109103958509, -6.500000000000003553 ) ) ;
#4218 = CIRCLE ( 'NONE', #44, 1.200000000000000622 ) ;
#4219 = CARTESIAN_POINT ( 'NONE',  ( 2.900968246960420327, -5.734801405049477552, 1.178441035567537210 ) ) ;
#4220 = CARTESIAN_POINT ( 'NONE',  ( -3.174999999999999378, -6.252403846154061640, 1.315128060534577648 ) ) ;
#4221 = CARTESIAN_POINT ( 'NONE',  ( 1.785737662185200136, -7.262191310634348085, 1.785737662185200136 ) ) ;
#4222 = CARTESIAN_POINT ( 'NONE',  ( 2.525414420702734031, -8.356558689365844117, 1.046060903667665798 ) ) ;
#4223 = EDGE_CURVE ( 'NONE', #2039, #4550, #5404, .T. ) ;
#4224 = CARTESIAN_POINT ( 'NONE',  ( 3.047606131965255649, -3.915383363057495902, 0.8998807100046520846 ) ) ;
#4225 = CARTESIAN_POINT ( 'NONE',  ( -0.8499999999999999778, 3.999999999999999112, -2.000000000000000000 ) ) ;
#4226 = CIRCLE ( 'NONE', #1643, 2.999999999999997335 ) ;
#4227 = CARTESIAN_POINT ( 'NONE',  ( 0.02058633422259196349, -4.454861127503023432, -3.131367136692623010 ) ) ;
#4228 = CARTESIAN_POINT ( 'NONE',  ( 0.000000000000000000, -5.608962535519906645, 2.525414420702734031 ) ) ;
#4229 = CARTESIAN_POINT ( 'NONE',  ( 1.935603958670006675, -6.882471984783732566, 2.525335184125093946 ) ) ;
#4230 = CARTESIAN_POINT ( 'NONE',  ( 2.197668087373445989, -4.660856397614674407, -2.306638819912977478 ) ) ;
#4231 = CARTESIAN_POINT ( 'NONE',  ( -0.9597973783387946378, -7.426453737813158540, -3.029267531339654873 ) ) ;
#4232 = CARTESIAN_POINT ( 'NONE',  ( -2.378514798757431326, -7.250931731795916768, -2.037744404868070180 ) ) ;
#4233 = CARTESIAN_POINT ( 'NONE',  ( 0.2164919955076084757, -6.086995881560499200, 3.123749915134373722 ) ) ;
#4234 = CARTESIAN_POINT ( 'NONE',  ( -1.326480128530593383, -7.316235564022288251, -2.836372414308141465 ) ) ;
#4235 = DIRECTION ( 'NONE',  ( -1.000000000000000000, 0.000000000000000000, 0.000000000000000000 ) ) ;
#4236 = PERSON_AND_ORGANIZATION_ROLE ( 'design_owner' ) ;
#4237 = CARTESIAN_POINT ( 'NONE',  ( -1.727531973270404198, -8.618996531153662488, 1.727531973270403531 ) ) ;
#4238 = CARTESIAN_POINT ( 'NONE',  ( -2.966359251702652244, -3.499999999999999112, -0.09409239826853757482 ) ) ;
#4239 = DIRECTION ( 'NONE',  ( 2.846556599890768726E-32, -2.503857664561933362E-16, -1.000000000000000000 ) ) ;
#4240 = CARTESIAN_POINT ( 'NONE',  ( -1.023433271878001039, -4.104703691259016907, 3.012746776649271929 ) ) ;
#4241 = CARTESIAN_POINT ( 'NONE',  ( -1.787115149580897677, -3.381360141878618997, -2.558837611482779995 ) ) ;
#4242 = CARTESIAN_POINT ( 'NONE',  ( -2.295472044900396469, -6.133207748883629407, 2.208960269921865116 ) ) ;
#4243 = CARTESIAN_POINT ( 'NONE',  ( -1.718558968829229983, -6.406929821091317478, -2.672949432931790881 ) ) ;
#4244 = CARTESIAN_POINT ( 'NONE',  ( 3.091661742629247200, -4.827539381396673157, 0.8326768312178954856 ) ) ;
#4245 = B_SPLINE_CURVE_WITH_KNOTS ( 'NONE', 3,
 ( #1064, #5944, #4406, #3160, #6611, #5400, #1604, #3309, #518, #7084, #2052, #6235, #4027, #6199, #3340, #6129, #654, #6164, #2300, #3886, #5101, #5683, #4480, #6787, #6716, #5577, #6751, #6269 ),
 .UNSPECIFIED., .F., .F.,
 ( 4, 2, 2, 2, 2, 2, 2, 2, 2, 2, 2, 2, 2, 4 ),
 ( 0.02140821049328638787, 0.02203540886583534031, 0.02266260723838429622, 0.02391700398348220458, 0.02454420235603115702, 0.02517140072858010946, 0.02579859910112906538, 0.02642579747367801782, 0.02768019421877592617, 0.02830739259132487862, 0.02893459096387383106, 0.02956178933642278350, 0.03018898770897173595, 0.03144338445406964083 ),
 .UNSPECIFIED. ) ;
#4246 = VERTEX_POINT ( 'NONE', #6816 ) ;
#4247 = CARTESIAN_POINT ( 'NONE',  ( 0.4922226291177240198, -7.938900447427965190, 3.147403596908316281 ) ) ;
#4248 = CARTESIAN_POINT ( 'NONE',  ( 2.999999999999996447, 5.461134476104833269, -4.334432833622618553 ) ) ;
#4249 = CARTESIAN_POINT ( 'NONE',  ( -2.999999999999997780, 5.036160343039396636, -6.329160514345463895 ) ) ;
#4250 =( BOUNDED_SURFACE ( )  B_SPLINE_SURFACE ( 3, 2, ( 
 ( #4397, #3764, #3725, #6008, #5461, #3260, #6602, #6632, #941, #2772, #5019, #436, #2667, #1012, #7149, #2183, #2077, #1560, #1052, #1594, #3836, #4365, #3298, #4987, #6564, #3800, #6045, #7220, #4432, #1632, #3876, #5973, #5498, #3329, #2222, #6117, #1087, #5567, #5426, #539, #1527, #4469, #978, #399, #2708, #1487, #4951, #2627, #7188, #4879, #7111, #6225, #4506, #6741, #5601, #97, #63, #2256, #134, #678, #1666, #5123, #1698, #3941, #5638, #2399, #6815, #3981, #2954, #5194, #3435, #166, #1154, #4616, #6259, #5160, #4017, #5673, #3396, #608, #6705, #6186, #2841, #5091, #1192, #3504, #2327, #570, #1735, #2290, #4540, #2916, #6774, #2808, #5056, #28, #643, #2880, #3467, #1772, #2363, #3909, #6848, #5708, #6151, #1226, #1265, #4581, #5747 ),
 ( #1807, #4051, #6295, #1119, #715, #3359, #4650, #5267, #3027, #6332, #748, #1299, #856, #3099, #4237, #3643, #6478, #5922, #5337, #272, #6439, #4087, #5889, #2437, #4758, #4686, #3538, #4722, #1994, #5817, #888, #6367, #7029, #1952, #4160, #6923, #1883, #5780, #5303, #239, #200, #310, #2543, #6883, #3065, #4124, #1333, #3573, #352, #6989, #1918, #3136, #5376, #1370, #1844, #783, #4796, #4200, #1441, #1408, #3608, #2473, #6955, #2990, #6401, #5853, #821, #2507, #3678, #5228, #4836, #6516, #4276, #1476, #5963, #2031, #7065, #3713, #930, #3177, #5416, #2582, #4591, #5718, #2232, #3476, #1234, #5202, #2337, #4058, #2890, #6304, #1781, #1200, #2817, #5646, #143, #3370, #6823, #36, #72, #2298, #1816, #5131, #4478, #4025, #1273, #616, #6162 ),
 ( #6714, #4516, #3950, #3990, #4551, #107, #1675, #3513, #5757, #1163, #3405, #1745, #2850, #2927, #5065, #6784, #6267, #687, #5169, #5099, #2371, #4624, #2265, #6233, #6196, #6856, #723, #2963, #3918, #1129, #3443, #5610, #579, #6749, #1708, #5681, #652, #6727, #4975, #1107, #2694, #3895, #4419, #7210, #6867, #3286, #2172, #6656, #461, #5587, #496, #1620, #1284, #4070, #6107, #1038, #5730, #5043, #5484, #559, #3487, #2210, #5522, #7176, #3349, #699, #1826, #6622, #2140, #529, #2730, #2939, #2762, #3862, #2383, #6139, #4493, #1656, #5554, #4457, #2795, #4386, #17, #4939, #1075, #2245, #6316, #1584, #1791, #3823, #6069, #3319, #5007, #4036, #7243, #6278, #6693, #1244, #5180, #153, #4635, #5802, #334, #6389, #4708, #6942, #5249, #1427, #3559 ),
 ( #3084, #2492, #4108, #1904, #3663, #4669, #841, #1319, #1355, #3593, #3120, #4182, #3525, #5874, #2565, #4144, #184, #2457, #5909, #6498, #767, #5767, #3008, #221, #5288, #5836, #1390, #2974, #4818, #7049, #803, #3047, #258, #4743, #4221, #6353, #6975, #5323, #3627, #294, #1937, #6422, #2527, #4779, #7013, #1976, #6461, #875, #5356, #2014, #4259, #735, #5214, #2418, #6904, #1864, #1024, #3272, #912, #485, #6537, #1569, #1499, #376, #1538, #6093, #2639, #2752, #3199, #3848, #6055, #987, #3737, #5984, #2602, #2127, #2089, #4298, #2161, #2719, #3699, #7160, #953, #5437, #409, #4444, #3811, #6019, #4998, #7230, #5470, #2195, #4889, #6642, #5509, #7198, #4963, #445, #7120, #4339, #1462, #6577, #3776, #3233, #2678, #5544, #4375, #4855, #4924 ) ),
 .UNSPECIFIED., .F., .F., .T. ) 
 B_SPLINE_SURFACE_WITH_KNOTS ( ( 4, 4 ),
 ( 3, 2, 2, 2, 2, 2, 2, 2, 2, 2, 2, 2, 2, 2, 2, 2, 2, 2, 2, 2, 2, 2, 2, 2, 2, 2, 2, 2, 2, 2, 2, 2, 2, 2, 2, 2, 2, 2, 2, 2, 2, 2, 2, 2, 2, 2, 2, 2, 2, 2, 2, 2, 2, 2, 3 ),
 ( 0.000000000000000000, 1.000000000000000000 ),
 ( 0.000000000000000000, 0.01785714285714285615, 0.03571428571428571230, 0.05357142857142856845, 0.07142857142857142461, 0.08928571428571428770, 0.1071428571428571369, 0.1250000000000000000, 0.1428571428571428492, 0.1607142857142857262, 0.1785714285714285754, 0.1964285714285714246, 0.2142857142857142738, 0.2321428571428571508, 0.2500000000000000000, 0.2678571428571428492, 0.2857142857142856984, 0.3035714285714285476, 0.3214285714285714524, 0.3392857142857143016, 0.3571428571428571508, 0.3750000000000000000, 0.3928571428571428492, 0.4107142857142856984, 0.4285714285714285476, 0.4464285714285714524, 0.4642857142857143016, 0.4821428571428571508, 0.5000000000000000000, 0.5178571428571429047, 0.5357142857142856984, 0.5535714285714286031, 0.5714285714285713969, 0.5892857142857143016, 0.6071428571428570953, 0.6250000000000000000, 0.6428571428571429047, 0.6607142857142856984, 0.6785714285714286031, 0.6964285714285713969, 0.7142857142857143016, 0.7321428571428570953, 0.7500000000000000000, 0.7678571428571429047, 0.7857142857142856984, 0.8035714285714286031, 0.8214285714285713969, 0.8392857142857143016, 0.8571428571428570953, 0.8750000000000000000, 0.8928571428571429047, 0.9107142857142856984, 0.9285714285714286031, 0.9464285714285713969, 0.9471479479846937055 ),
 .UNSPECIFIED. ) 
 GEOMETRIC_REPRESENTATION_ITEM ( )  RATIONAL_B_SPLINE_SURFACE ( (
 ( 1.000000000000000000, 0.9238795325112867385, 1.000000000000000000, 0.9238795325112867385, 1.000000000000000000, 0.9238795325112867385, 1.000000000000000000, 0.9238795325112867385, 1.000000000000000000, 0.9238795325112867385, 1.000000000000000000, 0.9238795325112867385, 1.000000000000000000, 0.9238795325112867385, 1.000000000000000000, 0.9238795325112867385, 1.000000000000000000, 0.9238795325112867385, 1.000000000000000000, 0.9238795325112867385, 1.000000000000000000, 0.9238795325112867385, 1.000000000000000000, 0.9238795325112867385, 1.000000000000000000, 0.9238795325112867385, 1.000000000000000000, 0.9238795325112867385, 1.000000000000000000, 0.9238795325112867385, 1.000000000000000000, 0.9238795325112867385, 1.000000000000000000, 0.9238795325112867385, 1.000000000000000000, 0.9238795325112867385, 1.000000000000000000, 0.9238795325112867385, 1.000000000000000000, 0.9238795325112867385, 1.000000000000000000, 0.9238795325112867385, 1.000000000000000000, 0.9238795325112867385, 1.000000000000000000, 0.9238795325112867385, 1.000000000000000000, 0.9238795325112867385, 1.000000000000000000, 0.9238795325112867385, 1.000000000000000000, 0.9238795325112867385, 1.000000000000000000, 0.9238795325112867385, 1.000000000000000000, 0.9238795325112867385, 1.000000000000000000, 0.9238795325112867385, 1.000000000000000000, 0.9238795325112867385, 1.000000000000000000, 0.9238795325112867385, 1.000000000000000000, 0.9238795325112867385, 1.000000000000000000, 0.9238795325112867385, 1.000000000000000000, 0.9238795325112867385, 1.000000000000000000, 0.9238795325112867385, 1.000000000000000000, 0.9238795325112867385, 1.000000000000000000, 0.9238795325112867385, 1.000000000000000000, 0.9238795325112867385, 1.000000000000000000, 0.9238795325112867385, 1.000000000000000000, 0.9238795325112867385, 1.000000000000000000, 0.9238795325112867385, 1.000000000000000000, 0.9238795325112867385, 1.000000000000000000, 0.9238795325112867385, 1.000000000000000000, 0.9238795325112867385, 1.000000000000000000, 0.9238795325112867385, 1.000000000000000000, 0.9238795325112867385, 1.000000000000000000, 0.9238795325112867385, 1.000000000000000000, 0.9238795325112867385, 1.000000000000000000, 0.9238795325112867385, 1.000000000000000000, 0.9238795325112867385, 1.000000000000000000, 0.9238795325112867385, 1.000000000000000000, 0.9238795325112867385, 1.000000000000000000, 0.9238795325112867385, 1.000000000000000000, 0.9969334803338627538, 0.9941140306916766978),
 ( 0.6411657421566884230, 0.5923599061259735565, 0.6411657421566884230, 0.5923599061259735565, 0.6411657421566884230, 0.5923599061259735565, 0.6411657421566884230, 0.5923599061259735565, 0.6411657421566884230, 0.5923599061259735565, 0.6411657421566884230, 0.5923599061259735565, 0.6411657421566884230, 0.5923599061259735565, 0.6411657421566884230, 0.5923599061259735565, 0.6411657421566884230, 0.5923599061259735565, 0.6411657421566884230, 0.5923599061259735565, 0.6411657421566884230, 0.5923599061259735565, 0.6411657421566884230, 0.5923599061259735565, 0.6411657421566884230, 0.5923599061259735565, 0.6411657421566884230, 0.5923599061259735565, 0.6411657421566884230, 0.5923599061259735565, 0.6411657421566884230, 0.5923599061259735565, 0.6411657421566884230, 0.5923599061259735565, 0.6411657421566884230, 0.5923599061259735565, 0.6411657421566884230, 0.5923599061259735565, 0.6411657421566884230, 0.5923599061259735565, 0.6411657421566884230, 0.5923599061259735565, 0.6411657421566884230, 0.5923599061259735565, 0.6411657421566884230, 0.5923599061259735565, 0.6411657421566884230, 0.5923599061259735565, 0.6411657421566884230, 0.5923599061259735565, 0.6411657421566884230, 0.5923599061259735565, 0.6411657421566884230, 0.5923599061259735565, 0.6411657421566884230, 0.5923599061259735565, 0.6411657421566884230, 0.5923599061259735565, 0.6411657421566884230, 0.5923599061259735565, 0.6411657421566884230, 0.5923599061259735565, 0.6411657421566884230, 0.5923599061259735565, 0.6411657421566884230, 0.5923599061259735565, 0.6411657421566884230, 0.5923599061259735565, 0.6411657421566884230, 0.5923599061259735565, 0.6411657421566884230, 0.5923599061259735565, 0.6411657421566884230, 0.5923599061259735565, 0.6411657421566884230, 0.5923599061259735565, 0.6411657421566884230, 0.5923599061259735565, 0.6411657421566884230, 0.5923599061259735565, 0.6411657421566884230, 0.5923599061259735565, 0.6411657421566884230, 0.5923599061259735565, 0.6411657421566884230, 0.5923599061259735565, 0.6411657421566884230, 0.5923599061259735565, 0.6411657421566884230, 0.5923599061259735565, 0.6411657421566884230, 0.5923599061259735565, 0.6411657421566884230, 0.5923599061259735565, 0.6411657421566884230, 0.5923599061259735565, 0.6411657421566884230, 0.5923599061259735565, 0.6411657421566884230, 0.5923599061259735565, 0.6411657421566884230, 0.5923599061259735565, 0.6411657421566884230, 0.5923599061259735565, 0.6411657421566884230, 0.5923599061259735565, 0.6411657421566884230, 0.6391995947991114813, 0.6373918602768058328),
 ( 0.6411657421566884230, 0.5923599061259735565, 0.6411657421566884230, 0.5923599061259735565, 0.6411657421566884230, 0.5923599061259735565, 0.6411657421566884230, 0.5923599061259735565, 0.6411657421566884230, 0.5923599061259735565, 0.6411657421566884230, 0.5923599061259735565, 0.6411657421566884230, 0.5923599061259735565, 0.6411657421566884230, 0.5923599061259735565, 0.6411657421566884230, 0.5923599061259735565, 0.6411657421566884230, 0.5923599061259735565, 0.6411657421566884230, 0.5923599061259735565, 0.6411657421566884230, 0.5923599061259735565, 0.6411657421566884230, 0.5923599061259735565, 0.6411657421566884230, 0.5923599061259735565, 0.6411657421566884230, 0.5923599061259735565, 0.6411657421566884230, 0.5923599061259735565, 0.6411657421566884230, 0.5923599061259735565, 0.6411657421566884230, 0.5923599061259735565, 0.6411657421566884230, 0.5923599061259735565, 0.6411657421566884230, 0.5923599061259735565, 0.6411657421566884230, 0.5923599061259735565, 0.6411657421566884230, 0.5923599061259735565, 0.6411657421566884230, 0.5923599061259735565, 0.6411657421566884230, 0.5923599061259735565, 0.6411657421566884230, 0.5923599061259735565, 0.6411657421566884230, 0.5923599061259735565, 0.6411657421566884230, 0.5923599061259735565, 0.6411657421566884230, 0.5923599061259735565, 0.6411657421566884230, 0.5923599061259735565, 0.6411657421566884230, 0.5923599061259735565, 0.6411657421566884230, 0.5923599061259735565, 0.6411657421566884230, 0.5923599061259735565, 0.6411657421566884230, 0.5923599061259735565, 0.6411657421566884230, 0.5923599061259735565, 0.6411657421566884230, 0.5923599061259735565, 0.6411657421566884230, 0.5923599061259735565, 0.6411657421566884230, 0.5923599061259735565, 0.6411657421566884230, 0.5923599061259735565, 0.6411657421566884230, 0.5923599061259735565, 0.6411657421566884230, 0.5923599061259735565, 0.6411657421566884230, 0.5923599061259735565, 0.6411657421566884230, 0.5923599061259735565, 0.6411657421566884230, 0.5923599061259735565, 0.6411657421566884230, 0.5923599061259735565, 0.6411657421566884230, 0.5923599061259735565, 0.6411657421566884230, 0.5923599061259735565, 0.6411657421566884230, 0.5923599061259735565, 0.6411657421566884230, 0.5923599061259735565, 0.6411657421566884230, 0.5923599061259735565, 0.6411657421566884230, 0.5923599061259735565, 0.6411657421566884230, 0.5923599061259735565, 0.6411657421566884230, 0.5923599061259735565, 0.6411657421566884230, 0.5923599061259735565, 0.6411657421566884230, 0.6391995947991114813, 0.6373918602768058328),
 ( 1.000000000000000000, 0.9238795325112867385, 1.000000000000000000, 0.9238795325112867385, 1.000000000000000000, 0.9238795325112867385, 1.000000000000000000, 0.9238795325112867385, 1.000000000000000000, 0.9238795325112867385, 1.000000000000000000, 0.9238795325112867385, 1.000000000000000000, 0.9238795325112867385, 1.000000000000000000, 0.9238795325112867385, 1.000000000000000000, 0.9238795325112867385, 1.000000000000000000, 0.9238795325112867385, 1.000000000000000000, 0.9238795325112867385, 1.000000000000000000, 0.9238795325112867385, 1.000000000000000000, 0.9238795325112867385, 1.000000000000000000, 0.9238795325112867385, 1.000000000000000000, 0.9238795325112867385, 1.000000000000000000, 0.9238795325112867385, 1.000000000000000000, 0.9238795325112867385, 1.000000000000000000, 0.9238795325112867385, 1.000000000000000000, 0.9238795325112867385, 1.000000000000000000, 0.9238795325112867385, 1.000000000000000000, 0.9238795325112867385, 1.000000000000000000, 0.9238795325112867385, 1.000000000000000000, 0.9238795325112867385, 1.000000000000000000, 0.9238795325112867385, 1.000000000000000000, 0.9238795325112867385, 1.000000000000000000, 0.9238795325112867385, 1.000000000000000000, 0.9238795325112867385, 1.000000000000000000, 0.9238795325112867385, 1.000000000000000000, 0.9238795325112867385, 1.000000000000000000, 0.9238795325112867385, 1.000000000000000000, 0.9238795325112867385, 1.000000000000000000, 0.9238795325112867385, 1.000000000000000000, 0.9238795325112867385, 1.000000000000000000, 0.9238795325112867385, 1.000000000000000000, 0.9238795325112867385, 1.000000000000000000, 0.9238795325112867385, 1.000000000000000000, 0.9238795325112867385, 1.000000000000000000, 0.9238795325112867385, 1.000000000000000000, 0.9238795325112867385, 1.000000000000000000, 0.9238795325112867385, 1.000000000000000000, 0.9238795325112867385, 1.000000000000000000, 0.9238795325112867385, 1.000000000000000000, 0.9238795325112867385, 1.000000000000000000, 0.9238795325112867385, 1.000000000000000000, 0.9238795325112867385, 1.000000000000000000, 0.9238795325112867385, 1.000000000000000000, 0.9238795325112867385, 1.000000000000000000, 0.9238795325112867385, 1.000000000000000000, 0.9238795325112867385, 1.000000000000000000, 0.9238795325112867385, 1.000000000000000000, 0.9238795325112867385, 1.000000000000000000, 0.9238795325112867385, 1.000000000000000000, 0.9238795325112867385, 1.000000000000000000, 0.9969334803338627538, 0.9941140306916766978) ) ) 
 REPRESENTATION_ITEM ( '' )  SURFACE ( )  );
#4251 = CARTESIAN_POINT ( 'NONE',  ( -2.807498467031094069, -5.198751310985898932, 1.506039071669249330 ) ) ;
#4252 = CARTESIAN_POINT ( 'NONE',  ( -3.175207604583355714, -5.269302430473215004, 0.1269785294372323403 ) ) ;
#4253 = CARTESIAN_POINT ( 'NONE',  ( 3.897114317029974018, -3.499999999999999556, 2.250000000000000888 ) ) ;
#4254 = EDGE_LOOP ( 'NONE', ( #3115, #1339, #3815, #2682, #2092, #4168, #1778, #1059, #755, #3185 ) ) ;
#4255 = DIRECTION ( 'NONE',  ( 0.000000000000000000, 1.000000000000000000, 2.891205793294680298E-16 ) ) ;
#4256 = CARTESIAN_POINT ( 'NONE',  ( -3.076100968714196249, -8.321181093821619967, -0.5282367594679304723 ) ) ;
#4257 = CARTESIAN_POINT ( 'NONE',  ( 2.335645887043150903, -6.537903895249564279, -2.085484599415420970 ) ) ;
#4258 = CARTESIAN_POINT ( 'NONE',  ( 2.245064030267288402, -6.924038461538624567, 2.245064030267288402 ) ) ;
#4259 = CARTESIAN_POINT ( 'NONE',  ( 1.785737662185200136, -6.285268233711349239, 1.785737662185200136 ) ) ;
#4260 = CARTESIAN_POINT ( 'NONE',  ( -1.046060903667667574, -6.646943304750593029, 2.525414420702733587 ) ) ;
#4261 = CARTESIAN_POINT ( 'NONE',  ( -1.373145261370161796, -4.124115171154408621, 2.874501391118009952 ) ) ;
#4262 = DIRECTION ( 'NONE',  ( 0.000000000000000000, 1.000000000000000000, -2.891205793294680298E-16 ) ) ;
#4263 = ORIENTED_EDGE ( 'NONE', *, *, #3550, .T. ) ;
#4264 = CARTESIAN_POINT ( 'NONE',  ( -0.7330719748865807128, -4.417558338382357341, -3.044195326197062013 ) ) ;
#4265 = EDGE_CURVE ( 'NONE', #3295, #4024, #7158, .T. ) ;
#4266 = ADVANCED_FACE ( 'NONE', ( #5057 ), #705, .T. ) ;
#4267 = CARTESIAN_POINT ( 'NONE',  ( -1.046060903667665354, -5.059443304750718795, -2.525414420702734475 ) ) ;
#4268 = EDGE_CURVE ( 'NONE', #670, #5667, #123, .T. ) ;
#4269 = CARTESIAN_POINT ( 'NONE',  ( 1.742376360783115974, -3.356689227009908016, -4.500000000000000888 ) ) ;
#4270 = CARTESIAN_POINT ( 'NONE',  ( -0.7463108778651295072, -4.445587501559743693, -3.097340570531051274 ) ) ;
#4271 = CARTESIAN_POINT ( 'NONE',  ( -3.184386398098929760, -7.234048648405946302, -0.09183303877866855203 ) ) ;
#4272 = CARTESIAN_POINT ( 'NONE',  ( 2.425031641385066550, -7.521456808435145192, -1.982116396321139007 ) ) ;
#4273 = CARTESIAN_POINT ( 'NONE',  ( 2.721083618237828183, -5.772044641222731975, -1.549383973415018323 ) ) ;
#4274 = CARTESIAN_POINT ( 'NONE',  ( -1.569907263683331555, -6.978194151170697523, 2.709275162362369205 ) ) ;
#4275 = CYLINDRICAL_SURFACE ( 'NONE', #6895, 3.174999999999999822 ) ;
#4276 = CARTESIAN_POINT ( 'NONE',  ( 2.991933549187917236E-16, -5.077650377307788787, -2.443099146032160274 ) ) ;
#4277 = CARTESIAN_POINT ( 'NONE',  ( -3.897114317029981123, 3.999999999999999112, 2.249999999999992006 ) ) ;
#4278 = CARTESIAN_POINT ( 'NONE',  ( 2.598076211353317788, -3.175378794048743458, -4.500000000000000000 ) ) ;
#4279 = CARTESIAN_POINT ( 'NONE',  ( -0.4165959993651269788, -4.073799669500713705, 3.154337598892904992 ) ) ;
#4280 = CARTESIAN_POINT ( 'NONE',  ( 1.324821652851160492, -3.571825915131425777, -2.888417866179530780 ) ) ;
#4281 = CARTESIAN_POINT ( 'NONE',  ( -1.112839071429420290, -6.529390260271260793, -2.927368690513393545 ) ) ;
#4282 = CARTESIAN_POINT ( 'NONE',  ( 2.927825424004118382, -6.706979481857485936, 1.089093452535684570 ) ) ;
#4283 = CARTESIAN_POINT ( 'NONE',  ( 3.012268619162306038, -3.860532324886805533, 1.024514742855515470 ) ) ;
#4284 = EDGE_CURVE ( 'NONE', #6855, #6023, #1341, .T. ) ;
#4285 = ORIENTED_EDGE ( 'NONE', *, *, #5475, .F. ) ;
#4286 = CARTESIAN_POINT ( 'NONE',  ( -1.574859258904129065E-11, -8.776723596056013932, -2.665584096251736756 ) ) ;
#4287 = DIRECTION ( 'NONE',  ( 0.000000000000000000, -1.000000000000000000, 0.000000000000000000 ) ) ;
#4288 = CARTESIAN_POINT ( 'NONE',  ( 0.000000000000000000, 3.999999999999999112, -10.09806841365865182 ) ) ;
#4289 = B_SPLINE_CURVE_WITH_KNOTS ( 'NONE', 3,
 ( #4932, #4827, #342, #7057, #7168, #4381, #6617, #1578, #3818, #847, #6063, #46, #5074, #1759, #1033, #6801, #2828, #6724 ),
 .UNSPECIFIED., .F., .F.,
 ( 4, 2, 2, 2, 2, 2, 2, 2, 4 ),
 ( 4.471384362423543254E-17, 6.222442404941189642E-05, 0.0001244488480987789340, 0.0001400049541111211880, 0.0001555610601234634150, 0.0001866732721481468931, 0.0002488976961975136325, 0.0004977953923949804274, 0.0009955907847899144510 ),
 .UNSPECIFIED. ) ;
#4290 = CARTESIAN_POINT ( 'NONE',  ( -0.9224853419271752397, -5.137716695400149192, 3.040845292324988680 ) ) ;
#4291 = CARTESIAN_POINT ( 'NONE',  ( 1.951681703266397339, -5.813754170841447078, 2.449340211589996930 ) ) ;
#4292 = CARTESIAN_POINT ( 'NONE',  ( 0.000000000000000000, 0.5556762387720526331, -5.070567856518482408 ) ) ;
#4293 = ORIENTED_EDGE ( 'NONE', *, *, #1703, .T. ) ;
#4294 = DIRECTION ( 'NONE',  ( -1.000000000000000000, 0.000000000000000000, 0.000000000000000000 ) ) ;
#4295 = CARTESIAN_POINT ( 'NONE',  ( -1.124151699780665981, -8.108101055320334538, 2.922487440808042347 ) ) ;
#4296 = CARTESIAN_POINT ( 'NONE',  ( 1.383913100616509073, -5.847599494994370595, 2.808818259660432748 ) ) ;
#4297 = CARTESIAN_POINT ( 'NONE',  ( -3.174999999999999822, -6.313461538461750067, -5.832380380939269122E-16 ) ) ;
#4298 = CARTESIAN_POINT ( 'NONE',  ( -2.525414420702733587, -4.636710541403785690, 1.046060903667666242 ) ) ;
#4299 = CARTESIAN_POINT ( 'NONE',  ( -3.118867160592865950, -4.379344140437497757, 0.1751092627187265383 ) ) ;
#4300 = CONICAL_SURFACE ( 'NONE', #1127, 2.999999999999998224, 0.7853981633974500554 ) ;
#4301 = CARTESIAN_POINT ( 'NONE',  ( -2.598076211353317344, -0.4999999999999995559, 4.499999999999999112 ) ) ;
#4302 = VERTEX_POINT ( 'NONE', #240 ) ;
#4303 = CARTESIAN_POINT ( 'NONE',  ( -2.035183351619036962, -5.320010469419911736, -2.379582739642609024 ) ) ;
#4304 = CARTESIAN_POINT ( 'NONE',  ( 2.525414420702734031, -8.295500997058155690, 1.546370343417085175E-16 ) ) ;
#4305 = CARTESIAN_POINT ( 'NONE',  ( -3.897114317029974462, -3.499999999999999556, 2.249999999999999556 ) ) ;
#4306 = CARTESIAN_POINT ( 'NONE',  ( 2.986447229533118808, -4.781104300351762149, 1.109639922232671383 ) ) ;
#4307 = CARTESIAN_POINT ( 'NONE',  ( -3.057470035907999151, -7.285134960199190601, 0.6786097389613250375 ) ) ;
#4308 = AXIS2_PLACEMENT_3D ( 'NONE', #480, #2124, #6677 ) ;
#4309 = CARTESIAN_POINT ( 'NONE',  ( 3.185126410617383996, -7.714501687599903512, -0.06909782124577186491 ) ) ;
#4310 = CARTESIAN_POINT ( 'NONE',  ( 2.408252523317006233, -5.961510728060348541, 2.001356024708732306 ) ) ;
#4311 = CARTESIAN_POINT ( 'NONE',  ( -2.764643753150015204, -7.216632062425770933, -1.470190334775658858 ) ) ;
#4312 = FACE_OUTER_BOUND ( 'NONE', #731, .T. ) ;
#4314 = CIRCLE ( 'NONE', #451, 0.8500000000000000888 ) ;
#4313 = PERSON_AND_ORGANIZATION_ROLE ( 'design_supplier' ) ;
#4315 = CARTESIAN_POINT ( 'NONE',  ( -2.733704037533980724, -3.499999999999998224, -1.477345229755115286 ) ) ;
#4316 = CARTESIAN_POINT ( 'NONE',  ( -1.939609358504241765, -8.347512491669075274, -2.517133894734782551 ) ) ;
#4317 = DIRECTION ( 'NONE',  ( 0.000000000000000000, 1.000000000000000000, 0.000000000000000000 ) ) ;
#4318 = CARTESIAN_POINT ( 'NONE',  ( 2.302547686652371655E-15, -4.054051141523410173, 3.174999999999999822 ) ) ;
#4319 = EDGE_CURVE ( 'NONE', #4447, #2018, #5818, .T. ) ;
#4320 = CARTESIAN_POINT ( 'NONE',  ( -0.3695414801054192622, -6.540330292298945025, -3.164293767535712121 ) ) ;
#4321 = ADVANCED_FACE ( 'NONE', ( #1919, #6402 ), #3609, .T. ) ;
#4322 = CARTESIAN_POINT ( 'NONE',  ( 3.060528929648421492, -6.721709829148594828, 0.8551339728338542834 ) ) ;
#4323 = CARTESIAN_POINT ( 'NONE',  ( 2.308734071506168996E-11, -3.565589603062983670, -3.174999999999999822 ) ) ;
#4324 = EDGE_CURVE ( 'NONE', #5599, #1837, #5864, .T. ) ;
#4325 = ORIENTED_EDGE ( 'NONE', *, *, #363, .F. ) ;
#4326 = CARTESIAN_POINT ( 'NONE',  ( -2.626990216321198890, -3.500000000000000444, -1.685333234703298544 ) ) ;
#4327 = CARTESIAN_POINT ( 'NONE',  ( -2.598076211353316900, -0.8246212059512552095, 4.499999999999999112 ) ) ;
#4328 = DIRECTION ( 'NONE',  ( 0.8660254037844387076, -0.000000000000000000, 0.5000000000000001110 ) ) ;
#4329 = CARTESIAN_POINT ( 'NONE',  ( -3.088944109129648563, -5.374378996173526879, -0.7793905270522455409 ) ) ;
#4330 = CARTESIAN_POINT ( 'NONE',  ( 2.890010864273941493, -5.635124038868325691, -1.341440548960937562 ) ) ;
#4331 = CARTESIAN_POINT ( 'NONE',  ( 0.000000000000000000, 3.999999999999999112, -16.50000000047880633 ) ) ;
#4332 = ORIENTED_EDGE ( 'NONE', *, *, #1258, .F. ) ;
#4333 = CARTESIAN_POINT ( 'NONE',  ( -9.940091136009412779E-18, 3.999999999999999112, -6.702250878640243492 ) ) ;
#4334 = CARTESIAN_POINT ( 'NONE',  ( -9.614703467775482675E-18, 3.999999999999999112, -6.699999999999999289 ) ) ;
#4335 = CARTESIAN_POINT ( 'NONE',  ( 3.026090344721959813, -5.634938577235019785, -0.8054699574780060933 ) ) ;
#4336 = CARTESIAN_POINT ( 'NONE',  ( -3.174999999999999822, -3.382692307692750422, -5.832380380939269122E-16 ) ) ;
#4337 = AXIS2_PLACEMENT_3D ( 'NONE', #5452, #3755, #4940 ) ;
#4338 = B_SPLINE_CURVE_WITH_KNOTS ( 'NONE', 3,
 ( #5920, #6514, #4870, #2066, #3822, #495 ),
 .UNSPECIFIED., .F., .F.,
 ( 4, 2, 4 ),
 ( 0.002614009409412738558, 0.003909466513246734505, 0.005204923617080730452 ),
 .UNSPECIFIED. ) ;
#4339 = CARTESIAN_POINT ( 'NONE',  ( 2.525414420702734031, -3.293441310634661168, 1.046060903667665798 ) ) ;
#4340 = CARTESIAN_POINT ( 'NONE',  ( -3.093879118378326520, -4.366763971857684723, 0.4311532266987308515 ) ) ;
#4341 = CARTESIAN_POINT ( 'NONE',  ( 1.925929944387235853E-31, 3.999999999999997335, -4.000000000000000888 ) ) ;
#4342 = VERTEX_POINT ( 'NONE', #2991 ) ;
#4343 = CARTESIAN_POINT ( 'NONE',  ( 1.884719150593265224, -3.864070910490065458, 2.500494359620598406 ) ) ;
#4344 = CIRCLE ( 'NONE', #348, 4.330127018922191873 ) ;
#4345 = AXIS2_PLACEMENT_3D ( 'NONE', #833, #3076, #4210 ) ;
#4346 = CARTESIAN_POINT ( 'NONE',  ( 1.785737662185200136, -5.242616381673781412, -1.785737662185199692 ) ) ;
#4347 = CARTESIAN_POINT ( 'NONE',  ( -2.999999999999996891, 4.303840336304881831, -3.999999999999956035 ) ) ;
#4348 = CARTESIAN_POINT ( 'NONE',  ( 2.893534624817466039, -4.636873649653207252, -1.198202730551084505 ) ) ;
#4349 = CARTESIAN_POINT ( 'NONE',  ( -1.651960146135468932, -7.475629069667347082, -2.660450574373938171 ) ) ;
#4350 = CARTESIAN_POINT ( 'NONE',  ( 3.011595297375191826, -7.587351901567995327, -0.8298052673743306906 ) ) ;
#4351 = CARTESIAN_POINT ( 'NONE',  ( 0.5131001625580917658, -5.633674019801884647, -3.089075870999336004 ) ) ;
#4352 = CIRCLE ( 'NONE', #3991, 2.850000000000000089 ) ;
#4353 = CARTESIAN_POINT ( 'NONE',  ( 2.776280582709601319, -6.726915237856865737, 1.448432393167385923 ) ) ;
#4354 = CARTESIAN_POINT ( 'NONE',  ( 2.525414420702734031, -7.201133618326661434, 1.046060903667665798 ) ) ;
#4355 = PLANE ( 'NONE',  #2233 ) ;
#4356 = CARTESIAN_POINT ( 'NONE',  ( -0.2314221725704068144, -8.378515760018757419, -3.166556125942950217 ) ) ;
#4357 = DIRECTION ( 'NONE',  ( 0.5000000000000001110, -0.8660254037844385966, -2.503857664561931883E-16 ) ) ;
#4358 = CARTESIAN_POINT ( 'NONE',  ( -1.819188552869777098, -3.409330892108388245, -2.602150543558037654 ) ) ;
#4359 = CARTESIAN_POINT ( 'NONE',  ( -2.569218379676063702, -6.351778985485025508, -1.883831817731838054 ) ) ;
#4360 = CARTESIAN_POINT ( 'NONE',  ( 1.995064447114829997, -6.602279603574138456, -2.484075418624075215 ) ) ;
#4361 = CARTESIAN_POINT ( 'NONE',  ( 1.936829026284776267, -3.668034133754040305, -2.524307110516312402 ) ) ;
#4362 = EDGE_LOOP ( 'NONE', ( #6862, #279, #6324 ) ) ;
#4363 = CARTESIAN_POINT ( 'NONE',  ( 1.591504356981891410, -5.601415559644018494, -2.755092555434370372 ) ) ;
#4364 = ADVANCED_FACE ( 'NONE', ( #5304 ), #1062, .T. ) ;
#4365 = CARTESIAN_POINT ( 'NONE',  ( 2.525414420702734031, -8.234443304750469039, -1.046060903667665576 ) ) ;
#4366 = CARTESIAN_POINT ( 'NONE',  ( -3.866963810511701855E-15, -7.473833473861717813, -3.174999999999999822 ) ) ;
#4367 = EDGE_CURVE ( 'NONE', #4810, #6456, #4226, .T. ) ;
#4368 = CARTESIAN_POINT ( 'NONE',  ( -1.721089629938754806, -5.211514574472719374, 2.616235002532527165 ) ) ;
#4369 = CARTESIAN_POINT ( 'NONE',  ( 3.115803633041411835, -5.659803489790767195, -0.3161861886887867845 ) ) ;
#4370 = CARTESIAN_POINT ( 'NONE',  ( -1.043059050750546168, -8.313113096179048256, -2.960152691900268085 ) ) ;
#4371 = VERTEX_POINT ( 'NONE', #6990 ) ;
#4372 = CYLINDRICAL_SURFACE ( 'NONE', #3135, 3.174999999999999822 ) ;
#4373 = CARTESIAN_POINT ( 'NONE',  ( 3.099074396173015167, -5.696411180084118620, 0.4476044065791330295 ) ) ;
#4374 = DIRECTION ( 'NONE',  ( 1.000000000000000000, 0.000000000000000000, 0.000000000000000000 ) ) ;
#4375 = CARTESIAN_POINT ( 'NONE',  ( -1.785737662185199692, -2.866037464480848840, -1.785737662185200358 ) ) ;
#4376 = CARTESIAN_POINT ( 'NONE',  ( -1.608178537001782482, -4.137423189930912848, 2.750002419181480917 ) ) ;
#4377 = CARTESIAN_POINT ( 'NONE',  ( -1.046060903667667574, -6.468441310634410968, 2.525414420702733587 ) ) ;
#4378 = VERTEX_POINT ( 'NONE', #5161 ) ;
#4379 = CARTESIAN_POINT ( 'NONE',  ( -0.7474463235338115741, -4.002098471182955919, 3.040667034250580159 ) ) ;
#4380 = CARTESIAN_POINT ( 'NONE',  ( 1.785737662185200136, -4.509924073981531834, 1.785737662185200136 ) ) ;
#4381 = CARTESIAN_POINT ( 'NONE',  ( -3.114390781446843892, -8.301542674843316760, -0.4061990355244526896 ) ) ;
#4382 = CARTESIAN_POINT ( 'NONE',  ( 2.507917144374302243, -4.597322298122339390, -1.875954964563202765 ) ) ;
#4383 = CARTESIAN_POINT ( 'NONE',  ( 3.178631584664117327, -7.768921746142908979, -0.2122713979128552919 ) ) ;
#4384 = CARTESIAN_POINT ( 'NONE',  ( 2.465954504622775101, -7.549429211872642043, -2.017469546604848674 ) ) ;
#4385 = CARTESIAN_POINT ( 'NONE',  ( -2.525414420702733587, -7.689595156788160857, -1.046060903667667130 ) ) ;
#4386 = CARTESIAN_POINT ( 'NONE',  ( 1.011964800508647455, -4.435330391923654858, 2.443099146032160718 ) ) ;
#4387 = DIRECTION ( 'NONE',  ( -0.000000000000000000, -1.000000000000000000, -0.000000000000000000 ) ) ;
#4388 = CARTESIAN_POINT ( 'NONE',  ( -0.1068338681101442117, -3.561012406935909702, -3.183902008336724876 ) ) ;
#4389 = CARTESIAN_POINT ( 'NONE',  ( -2.764779458370195453, 5.867855450597769362, -4.328296972108858220 ) ) ;
#4390 = CARTESIAN_POINT ( 'NONE',  ( 3.145600702192121290, -3.727541547929327681, -0.4508320587435498128 ) ) ;
#4391 = CARTESIAN_POINT ( 'NONE',  ( 3.002216468237406399, -6.785572273720188008, -0.8907852833105618373 ) ) ;
#4392 = CARTESIAN_POINT ( 'NONE',  ( 2.715425162427216321, -6.733392063566548735, 1.560358520083248601 ) ) ;
#4393 = CARTESIAN_POINT ( 'NONE',  ( 3.073339378235815378, -3.850040800924284135, 0.8238655758500034176 ) ) ;
#4394 = ORIENTED_EDGE ( 'NONE', *, *, #4589, .F. ) ;
#4395 = CARTESIAN_POINT ( 'NONE',  ( 3.789903294327067639E-16, -8.347616801051799484, -3.094690891255948983 ) ) ;
#4396 = PLANE ( 'NONE',  #4792 ) ;
#4397 = CARTESIAN_POINT ( 'NONE',  ( 0.000000000000000000, -9.516654843211906467, 2.525414420702734031 ) ) ;
#4398 = CARTESIAN_POINT ( 'NONE',  ( -2.999999999999997780, 3.999999999999998224, -6.500000000000000000 ) ) ;
#4399 = CARTESIAN_POINT ( 'NONE',  ( -2.525414420702733587, -7.868097150904343806, -1.046060903667667130 ) ) ;
#4400 = CARTESIAN_POINT ( 'NONE',  ( -2.758159633667910171, -5.441746967599070395, -1.483466003500524266 ) ) ;
#4401 = CARTESIAN_POINT ( 'NONE',  ( 3.130934630253740636, -5.674673164529767000, -0.5893819706665115454 ) ) ;
#4402 = CARTESIAN_POINT ( 'NONE',  ( -0.2748699020118586245, -3.500000000000000000, -3.152152154594799693 ) ) ;
#4403 = ORIENTED_EDGE ( 'NONE', *, *, #4084, .F. ) ;
#4404 = ORIENTED_EDGE ( 'NONE', *, *, #4187, .F. ) ;
#4405 = CARTESIAN_POINT ( 'NONE',  ( 2.999999999999996003, 3.999999999999997335, -4.000000000000000888 ) ) ;
#4406 = CARTESIAN_POINT ( 'NONE',  ( 0.4134206646665075646, -4.562103875182700996, -3.154850192133122899 ) ) ;
#4407 = CARTESIAN_POINT ( 'NONE',  ( -3.177428173919742083, -4.296876973348338957, 0.04115835569804950772 ) ) ;
#4408 = CARTESIAN_POINT ( 'NONE',  ( 2.525414420702734031, -7.201133618326660546, 1.046060903667665798 ) ) ;
#4409 = EDGE_LOOP ( 'NONE', ( #3432, #5756 ) ) ;
#4410 = CARTESIAN_POINT ( 'NONE',  ( 1.023550771414747596, -7.911634683595562656, 3.012625680025440289 ) ) ;
#4411 = EDGE_CURVE ( 'NONE', #1852, #4466, #5751, .T. ) ;
#4412 = EDGE_CURVE ( 'NONE', #6023, #2597, #2438, .T. ) ;
#4413 = CARTESIAN_POINT ( 'NONE',  ( 1.785737662185200136, -3.288770227827781500, -1.785737662185199692 ) ) ;
#4414 = CARTESIAN_POINT ( 'NONE',  ( 0.06062663439566949586, 3.999999999999999112, -10.09806841365865182 ) ) ;
#4415 = CARTESIAN_POINT ( 'NONE',  ( 1.429762777695398279, -4.897509772235649095, 2.847297492474058611 ) ) ;
#4416 = CARTESIAN_POINT ( 'NONE',  ( 2.488666277215702216, -7.884375285676044065, 1.988700517678949176 ) ) ;
#4417 = CARTESIAN_POINT ( 'NONE',  ( -1.469203005902334436, -7.949431838752249568, 2.756772573820231109 ) ) ;
#4418 = CARTESIAN_POINT ( 'NONE',  ( -1.046060903667667574, -4.514595156788410613, 2.525414420702733587 ) ) ;
#4419 = CARTESIAN_POINT ( 'NONE',  ( -1.727531973270403975, -6.816580391923467097, -1.727531973270404198 ) ) ;
#4420 = FACE_OUTER_BOUND ( 'NONE', #6891, .T. ) ;
#4421 = VECTOR ( 'NONE', #5505, 1000.000000000000000 ) ;
#4422 = CARTESIAN_POINT ( 'NONE',  ( -1.582571574986146201, -3.572035049382472405, -2.702415441828129872 ) ) ;
#4423 = CARTESIAN_POINT ( 'NONE',  ( -1.760910066255326090, 1.552560285633480808, -6.500000000000002665 ) ) ;
#4424 = CARTESIAN_POINT ( 'NONE',  ( 3.177310298164618185, -3.746596820587190457, -0.05353409293239616562 ) ) ;
#4425 = CARTESIAN_POINT ( 'NONE',  ( 0.1587594104604945766, -6.504301791901308860, -3.173719101796848019 ) ) ;
#4426 = CARTESIAN_POINT ( 'NONE',  ( 2.618143699315927719, -6.646282161414535317, -1.800904934275139313 ) ) ;
#4427 = CARTESIAN_POINT ( 'NONE',  ( -1.574859258904129065E-11, -8.776723596056013932, -2.665584096251736756 ) ) ;
#4428 = EDGE_LOOP ( 'NONE', ( #3449, #1713, #2370, #3163 ) ) ;
#4429 = AXIS2_PLACEMENT_3D ( 'NONE', #6125, #6533, #1566 ) ;
#4430 = ORIENTED_EDGE ( 'NONE', *, *, #913, .T. ) ;
#4431 = CARTESIAN_POINT ( 'NONE',  ( 0.000000000000000000, 1.999999999999998224, 0.000000000000000000 ) ) ;
#4432 = CARTESIAN_POINT ( 'NONE',  ( -2.525414420702734031, -7.807039458596656267, -4.639111030251255524E-16 ) ) ;
#4433 = CARTESIAN_POINT ( 'NONE',  ( 1.405726163560277131, -7.890330733806594665, 2.854369187782263673 ) ) ;
#4434 = CARTESIAN_POINT ( 'NONE',  ( -2.931344154891282638, -8.267307692307751310, -1.219773112338811805 ) ) ;
#4435 = CARTESIAN_POINT ( 'NONE',  ( 2.650387621748656830, -5.672060196093240414, -1.767407533469107950 ) ) ;
#4436 = VECTOR ( 'NONE', #5733, 1000.000000000000000 ) ;
#4437 = CARTESIAN_POINT ( 'NONE',  ( 2.466066666200767532, -5.656391508292409220, -2.017131274739140778 ) ) ;
#4438 = FACE_OUTER_BOUND ( 'NONE', #1162, .T. ) ;
#4439 = VERTEX_POINT ( 'NONE', #5854 ) ;
#4440 = CARTESIAN_POINT ( 'NONE',  ( -2.598076211353317344, -3.175378794048743902, 4.499999999999999112 ) ) ;
#4441 = B_SPLINE_CURVE_WITH_KNOTS ( 'NONE', 3,
 ( #5895, #3105, #2549, #4802, #7035, #2001, #5930, #2960, #2147, #4427 ),
 .UNSPECIFIED., .F., .F.,
 ( 4, 2, 2, 2, 4 ),
 ( 0.0005383604717374788212, 0.001559106966041983811, 0.002579853460346488801, 0.003600599954650994007, 0.004621346448955498780 ),
 .UNSPECIFIED. ) ;
#4442 = EDGE_LOOP ( 'NONE', ( #5070, #2193, #5869, #2282, #3615, #3357 ) ) ;
#4443 = CARTESIAN_POINT ( 'NONE',  ( 3.174999999999999822, -2.894230769231250111, 1.944126793646423041E-16 ) ) ;
#4444 = CARTESIAN_POINT ( 'NONE',  ( 2.525414420702734031, -4.148249002942287156, -1.046060903667665576 ) ) ;
#4445 = CARTESIAN_POINT ( 'NONE',  ( -2.423715026554352114, -4.494960987312638601, -1.983088528977796861 ) ) ;
#4446 = CARTESIAN_POINT ( 'NONE',  ( 2.525414420702734031, -6.224210541403661701, 1.046060903667665798 ) ) ;
#4447 = VERTEX_POINT ( 'NONE', #1808 ) ;
#4448 = CARTESIAN_POINT ( 'NONE',  ( 3.174897555042196728, -7.727793241392348911, 0.2094782589215909430 ) ) ;
#4449 =( BOUNDED_CURVE ( )  B_SPLINE_CURVE ( 2, ( #5324, #6634, #3300, #7014, #7222, #295, #1055, #3838, #1391, #2566, #2493, #4222, #1596, #3048, #6462, #3664, #4744, #1938, #6976, #4399, #6084, #5536, #5289, #2529, #4183, #4780, #1977, #335, #876, #3802, #6423, #2185, #6672, #3121, #5359, #7050, #2015, #509, #3628, #4260, #475, #2710, #6499, #6047, #1014, #4954, #7190, #2744, #4989, #2292, #5125, #645, #610, #6188, #3331, #100, #3361, #6776, #1089, #4543, #2810, #1667, #2774, #1737, #1121, #4583, #1228, #5059, #5162, #5603, #6261, #1194, #3398, #3911, #3437, #2843, #6154, #4471, #6707, #6817, #2329, #3983, #1774, #136, #5021, #541, #1156, #572, #4019, #5640, #30, #680, #6227 ),
 .UNSPECIFIED., .F., .T. ) 
 B_SPLINE_CURVE_WITH_KNOTS ( ( 3, 2, 2, 2, 2, 2, 2, 2, 2, 2, 2, 2, 2, 2, 2, 2, 2, 2, 2, 2, 2, 2, 2, 2, 2, 2, 2, 2, 2, 2, 2, 2, 2, 2, 2, 2, 2, 2, 2, 2, 2, 2, 2, 2, 2, 2, 3 ),
 ( 0.08760900405159102733, 0.08928571428571428770, 0.1071428571428571369, 0.1250000000000000000, 0.1428571428571428492, 0.1607142857142857262, 0.1785714285714285754, 0.1964285714285714246, 0.2142857142857142738, 0.2321428571428571508, 0.2500000000000000000, 0.2678571428571427937, 0.2857142857142856984, 0.3035714285714285476, 0.3214285714285714524, 0.3392857142857143016, 0.3571428571428570953, 0.3750000000000000000, 0.3928571428571427937, 0.4107142857142856984, 0.4285714285714284921, 0.4464285714285713969, 0.4642857142857143016, 0.4821428571428572063, 0.5000000000000000000, 0.5178571428571429047, 0.5357142857142856984, 0.5535714285714286031, 0.5714285714285715079, 0.5892857142857143016, 0.6071428571428570953, 0.6250000000000000000, 0.6428571428571429047, 0.6607142857142856984, 0.6785714285714286031, 0.6964285714285713969, 0.7142857142857143016, 0.7321428571428572063, 0.7500000000000000000, 0.7678571428571429047, 0.7857142857142856984, 0.8035714285714286031, 0.8214285714285713969, 0.8392857142857143016, 0.8571428571428570953, 0.8750000000000000000, 0.8799509546097907808 ),
 .UNSPECIFIED. ) 
 CURVE ( )  GEOMETRIC_REPRESENTATION_ITEM ( )  RATIONAL_B_SPLINE_CURVE ( ( 0.9870474391578383244, 0.9928526098555839896, 1.000000000000000000, 0.9238795325112867385, 1.000000000000000000, 0.9238795325112867385, 1.000000000000000000, 0.9238795325112867385, 1.000000000000000000, 0.9238795325112867385, 1.000000000000000000, 0.9238795325112867385, 1.000000000000000000, 0.9238795325112867385, 1.000000000000000000, 0.9238795325112867385, 1.000000000000000000, 0.9238795325112867385, 1.000000000000000000, 0.9238795325112867385, 1.000000000000000000, 0.9238795325112867385, 1.000000000000000000, 0.9238795325112867385, 1.000000000000000000, 0.9238795325112867385, 1.000000000000000000, 0.9238795325112867385, 1.000000000000000000, 0.9238795325112867385, 1.000000000000000000, 0.9238795325112867385, 1.000000000000000000, 0.9238795325112867385, 1.000000000000000000, 0.9238795325112867385, 1.000000000000000000, 0.9238795325112867385, 1.000000000000000000, 0.9238795325112867385, 1.000000000000000000, 0.9238795325112867385, 1.000000000000000000, 0.9238795325112867385, 1.000000000000000000, 0.9238795325112867385, 1.000000000000000000, 0.9238795325112867385, 1.000000000000000000, 0.9238795325112867385, 1.000000000000000000, 0.9238795325112867385, 1.000000000000000000, 0.9238795325112867385, 1.000000000000000000, 0.9238795325112867385, 1.000000000000000000, 0.9238795325112867385, 1.000000000000000000, 0.9238795325112867385, 1.000000000000000000, 0.9238795325112867385, 1.000000000000000000, 0.9238795325112867385, 1.000000000000000000, 0.9238795325112867385, 1.000000000000000000, 0.9238795325112867385, 1.000000000000000000, 0.9238795325112867385, 1.000000000000000000, 0.9238795325112867385, 1.000000000000000000, 0.9238795325112867385, 1.000000000000000000, 0.9238795325112867385, 1.000000000000000000, 0.9238795325112867385, 1.000000000000000000, 0.9238795325112867385, 1.000000000000000000, 0.9238795325112867385, 1.000000000000000000, 0.9238795325112867385, 1.000000000000000000, 0.9238795325112867385, 1.000000000000000000, 0.9238795325112867385, 1.000000000000000000, 0.9238795325112867385, 1.000000000000000000, 0.9788953371528902325, 0.9694933558206100255 ) ) 
 REPRESENTATION_ITEM ( '' )  );
#4450 = EDGE_CURVE ( 'NONE', #3834, #3702, #1528, .T. ) ;
#4451 = DIRECTION ( 'NONE',  ( -1.224646799147352221E-16, 0.000000000000000000, -1.000000000000000000 ) ) ;
#4452 = EDGE_CURVE ( 'NONE', #2288, #3295, #5053, .T. ) ;
#4453 = AXIS2_PLACEMENT_3D ( 'NONE', #774, #3018, #3601 ) ;
#4454 = CARTESIAN_POINT ( 'NONE',  ( -3.091745911018679127, -7.188821211703825931, 0.8324006414242353102 ) ) ;
#4455 = CARTESIAN_POINT ( 'NONE',  ( 2.505441832592788298, -7.706098770823531119, -1.879105512480308438 ) ) ;
#4456 = CARTESIAN_POINT ( 'NONE',  ( -2.507092433567261303, -8.041061304317210556, 1.966218359236586499 ) ) ;
#4457 = CARTESIAN_POINT ( 'NONE',  ( -1.011964800508649232, -4.557445776539028159, 2.443099146032159830 ) ) ;
#4458 = CARTESIAN_POINT ( 'NONE',  ( -1.315128060534576537, -6.374519230769442046, -3.175000000000000266 ) ) ;
#4459 = CARTESIAN_POINT ( 'NONE',  ( 2.430815550832831295, -3.701032440367202803, -2.046682861210603388 ) ) ;
#4460 = FACE_OUTER_BOUND ( 'NONE', #3554, .T. ) ;
#4461 = CARTESIAN_POINT ( 'NONE',  ( -1.590673683423559304, -4.048812823514985837, 2.688472903142064663 ) ) ;
#4462 = CARTESIAN_POINT ( 'NONE',  ( 1.830266050185398008, -6.683519455159872891, -2.541373643365327784 ) ) ;
#4463 = CARTESIAN_POINT ( 'NONE',  ( -2.916965482273002230, -7.082377879827184586, 1.140226069348649007 ) ) ;
#4464 = FACE_OUTER_BOUND ( 'NONE', #5403, .T. ) ;
#4465 = CIRCLE ( 'NONE', #6805, 4.500000000000000888 ) ;
#4466 = VERTEX_POINT ( 'NONE', #5748 ) ;
#4467 = DIRECTION ( 'NONE',  ( 0.000000000000000000, 1.000000000000000000, -2.891205793294680298E-16 ) ) ;
#4468 = CARTESIAN_POINT ( 'NONE',  ( 1.022161725258459608, -5.957345900655411697, 3.013152905750473565 ) ) ;
#4469 = CARTESIAN_POINT ( 'NONE',  ( -1.046060903667665354, -7.013289458596720038, -2.525414420702734475 ) ) ;
#4470 = CARTESIAN_POINT ( 'NONE',  ( 0.000000000000000000, -9.000000000000000000, 0.000000000000000000 ) ) ;
#4471 = CARTESIAN_POINT ( 'NONE',  ( 2.525414420702734031, -4.326750997058468329, -1.046060903667665576 ) ) ;
#4472 = CARTESIAN_POINT ( 'NONE',  ( 2.492030324668562447, -5.719727688327706616, -1.984590603190774960 ) ) ;
#4473 = CARTESIAN_POINT ( 'NONE',  ( -0.7496677658765840135, -5.956208496352253690, 3.032547237870103274 ) ) ;
#4474 = CARTESIAN_POINT ( 'NONE',  ( 0.000000000000000000, -3.499999999999999556, -3.174999999999999822 ) ) ;
#4475 = VERTEX_POINT ( 'NONE', #1884 ) ;
#4476 = CARTESIAN_POINT ( 'NONE',  ( 4.333683988238896667, -0.5000000000000002220, -1.493839148422507979 ) ) ;
#4477 = ORIENTED_EDGE ( 'NONE', *, *, #6692, .F. ) ;
#4478 = CARTESIAN_POINT ( 'NONE',  ( 2.991933549187917236E-16, -3.123804223461788876, -2.443099146032160274 ) ) ;
#4479 = DIRECTION ( 'NONE',  ( -3.026521842945509783E-28, -0.000000000000000000, 1.000000000000000000 ) ) ;
#4480 = CARTESIAN_POINT ( 'NONE',  ( 1.937604284676720079, -4.928503546601558760, 2.523808020894154680 ) ) ;
#4481 = CARTESIAN_POINT ( 'NONE',  ( 0.06250909412533592335, -4.606941916274846172, -3.185039305416501598 ) ) ;
#4482 = CARTESIAN_POINT ( 'NONE',  ( 2.525414420702734031, -5.247287464480661079, 1.046060903667665798 ) ) ;
#4483 = ORIENTED_EDGE ( 'NONE', *, *, #1392, .T. ) ;
#4484 = CARTESIAN_POINT ( 'NONE',  ( 3.003558107153173840, -3.676895296134599089, -0.8850017097706592839 ) ) ;
#4485 = CARTESIAN_POINT ( 'NONE',  ( -1.623785170375695364, -6.500365597561239994, -2.677260499402943861 ) ) ;
#4486 = CARTESIAN_POINT ( 'NONE',  ( -0.2670996643507881907, -8.678189278087337755, 2.764118414220442688 ) ) ;
#4487 = FACE_OUTER_BOUND ( 'NONE', #3327, .T. ) ;
#4488 = VECTOR ( 'NONE', #7253, 1000.000000000000000 ) ;
#4489 = CARTESIAN_POINT ( 'NONE',  ( 0.9720211437611745442, -7.521823052448163516, -3.025347884999220138 ) ) ;
#4490 = CARTESIAN_POINT ( 'NONE',  ( -3.166743266918772282, -8.132764005099041071, 0.2642602521446412722 ) ) ;
#4491 = EDGE_CURVE ( 'NONE', #6571, #1741, #2389, .T. ) ;
#4492 = EDGE_CURVE ( 'NONE', #2478, #4079, #5375, .T. ) ;
#4493 = CARTESIAN_POINT ( 'NONE',  ( -2.443099146032160274, -4.740618853462090776, -4.487900323781875854E-16 ) ) ;
#4494 = CARTESIAN_POINT ( 'NONE',  ( -1.315128060534579202, -8.938942307692318678, 3.174999999999999378 ) ) ;
#4495 = CARTESIAN_POINT ( 'NONE',  ( 2.031661460780195050, -3.765331412391927479, -2.383100003011478840 ) ) ;
#4496 = CARTESIAN_POINT ( 'NONE',  ( -0.8229060692743044303, -6.048068033594191206, 3.073606362317322649 ) ) ;
#4497 = CARTESIAN_POINT ( 'NONE',  ( 0.2916769811661210632, -4.040473297689223919, 3.172737264616137587 ) ) ;
#4498 = CARTESIAN_POINT ( 'NONE',  ( 2.511836510651740628, -6.905040008434503385, 1.946341225358932281 ) ) ;
#4499 = CARTESIAN_POINT ( 'NONE',  ( 0.5430638685177433533, -6.869467273275430053, 3.076232073666278932 ) ) ;
#4500 = CARTESIAN_POINT ( 'NONE',  ( 2.791600372135909502, -3.825770795335360130, -1.418265422770516260 ) ) ;
#4501 = EDGE_LOOP ( 'NONE', ( #4011, #6253, #1648 ) ) ;
#4502 = EDGE_CURVE ( 'NONE', #3497, #4884, #226, .T. ) ;
#4503 = EDGE_CURVE ( 'NONE', #5384, #2780, #4569, .T. ) ;
#4504 = CARTESIAN_POINT ( 'NONE',  ( 1.925929944387235853E-31, 3.999999999999997335, -6.500000000000000000 ) ) ;
#4505 = CARTESIAN_POINT ( 'NONE',  ( 2.854100479399139800, -5.692223778820737934, -1.406261652966853459 ) ) ;
#4506 = CARTESIAN_POINT ( 'NONE',  ( 2.525414420702734031, -6.341654843212157111, 1.546370343417085175E-16 ) ) ;
#4507 = CARTESIAN_POINT ( 'NONE',  ( 2.853167639055270932, -7.789111662009937653, 1.408501443786463581 ) ) ;
#4508 = DIRECTION ( 'NONE',  ( 0.000000000000000000, 1.000000000000000000, 0.000000000000000000 ) ) ;
#4509 = CARTESIAN_POINT ( 'NONE',  ( 3.117206825939648152, -5.838677900231825646, -0.3025564989768292912 ) ) ;
#4510 = CARTESIAN_POINT ( 'NONE',  ( 0.7970688020043670274, -5.879617574485216380, 3.028720462926417945 ) ) ;
#4511 = VERTEX_POINT ( 'NONE', #6517 ) ;
#4512 = DIRECTION ( 'NONE',  ( 0.000000000000000000, -1.659563602185054515E-16, -1.000000000000000000 ) ) ;
#4513 = EDGE_CURVE ( 'NONE', #991, #2748, #2117, .T. ) ;
#4514 = B_SPLINE_CURVE_WITH_KNOTS ( 'NONE', 3,
 ( #4733, #3652, #6966, #7075, #6410, #1928 ),
 .UNSPECIFIED., .F., .F.,
 ( 4, 2, 4 ),
 ( 0.002614009409412740726, 0.003909466513246735372, 0.005204923617080730452 ),
 .UNSPECIFIED. ) ;
#4515 = ORIENTED_EDGE ( 'NONE', *, *, #727, .T. ) ;
#4516 = CARTESIAN_POINT ( 'NONE',  ( 1.011964800508647455, -9.319945776538654414, 2.443099146032160718 ) ) ;
#4517 = CARTESIAN_POINT ( 'NONE',  ( -4.766799996877561618, -3.357175515605320459, -0.7436602158888947489 ) ) ;
#4518 = DIRECTION ( 'NONE',  ( 0.4999999999999999445, 0.000000000000000000, 0.8660254037844387076 ) ) ;
#4519 = LOCAL_TIME ( 8, 8, 11.00000000000000000, #426 ) ;
#4520 = CARTESIAN_POINT ( 'NONE',  ( -0.8291426471458678282, -4.590592449002349973, -3.011727181827630773 ) ) ;
#4521 = CARTESIAN_POINT ( 'NONE',  ( 1.046060903667665798, -7.323249002942035624, 2.525414420702734031 ) ) ;
#4522 = ORIENTED_EDGE ( 'NONE', *, *, #1576, .F. ) ;
#4523 = DIRECTION ( 'NONE',  ( 1.445602896647343107E-16, 0.000000000000000000, 1.000000000000000000 ) ) ;
#4524 = CARTESIAN_POINT ( 'NONE',  ( 1.050792080948891316, -6.638719915487419243, -2.949671826084744541 ) ) ;
#4525 = CARTESIAN_POINT ( 'NONE',  ( -2.594126832447609221, -8.841692786241106106, -0.3263693211501125235 ) ) ;
#4526 = DIRECTION ( 'NONE',  ( 0.000000000000000000, -1.000000000000000000, 0.000000000000000000 ) ) ;
#4527 = DIRECTION ( 'NONE',  ( -1.000000000000000000, 0.000000000000000000, -3.026521842945509783E-28 ) ) ;
#4528 = CARTESIAN_POINT ( 'NONE',  ( 2.650278194012710031, -7.718886449603038713, -1.668355969867451050 ) ) ;
#4529 = CARTESIAN_POINT ( 'NONE',  ( 1.553831916360391974, -7.882049185592219231, 2.781328696030274994 ) ) ;
#4530 = CARTESIAN_POINT ( 'NONE',  ( -2.245064030267287958, -6.313461538461755396, -2.245064030267288846 ) ) ;
#4531 = CARTESIAN_POINT ( 'NONE',  ( -2.409375711804817577, -3.433385149311115381, -2.084068292937475420 ) ) ;
#4532 = CARTESIAN_POINT ( 'NONE',  ( 0.000000000000000000, -3.499999999999999556, 0.000000000000000000 ) ) ;
#4533 = CARTESIAN_POINT ( 'NONE',  ( 2.370466926254134243, -3.863092290466135559, 2.128641541299554518 ) ) ;
#4534 = ORIENTED_EDGE ( 'NONE', *, *, #4179, .F. ) ;
#4535 = CARTESIAN_POINT ( 'NONE',  ( 1.647111561453259876, -6.581984604663817962, -2.726824545411852707 ) ) ;
#4536 = CARTESIAN_POINT ( 'NONE',  ( -2.965598274230677678, -7.170987325746958518, 1.164291584532591184 ) ) ;
#4537 = CARTESIAN_POINT ( 'NONE',  ( -2.999999999999996891, 5.732050807568874085, -6.499999999999999112 ) ) ;
#4538 = ORIENTED_EDGE ( 'NONE', *, *, #2020, .F. ) ;
#4539 = CYLINDRICAL_SURFACE ( 'NONE', #4074, 3.174999999999999822 ) ;
#4540 = CARTESIAN_POINT ( 'NONE',  ( -1.785737662185199692, -4.021462535520031523, -1.785737662185200358 ) ) ;
#4541 = CARTESIAN_POINT ( 'NONE',  ( 1.405957968554781168, -7.544741991990451702, -2.854250098346285291 ) ) ;
#4542 = EDGE_CURVE ( 'NONE', #4984, #3650, #6221, .T. ) ;
#4543 = CARTESIAN_POINT ( 'NONE',  ( 2.525414420702734031, -5.425789458596844028, 1.046060903667665798 ) ) ;
#4544 = CARTESIAN_POINT ( 'NONE',  ( -1.725990305429989435, -5.517358280305750817, -2.613011422930106242 ) ) ;
#4545 = EDGE_CURVE ( 'NONE', #104, #2748, #242, .T. ) ;
#4546 = CARTESIAN_POINT ( 'NONE',  ( -1.476930765515168442, -5.995854449946786069, 2.761684022184858645 ) ) ;
#4547 = EDGE_LOOP ( 'NONE', ( #6719, #7228, #5861 ) ) ;
#4548 = LINE ( 'NONE', #5063, #2196 ) ;
#4549 = AXIS2_PLACEMENT_3D ( 'NONE', #4140, #2598, #6385 ) ;
#4550 = VERTEX_POINT ( 'NONE', #2656 ) ;
#4551 = CARTESIAN_POINT ( 'NONE',  ( 2.443099146032160274, -9.136772699615592686, 1.495966774593958618E-16 ) ) ;
#4552 = CARTESIAN_POINT ( 'NONE',  ( -2.755374903470926728, -7.311524378155604076, -1.591042133483126175 ) ) ;
#4553 = B_SPLINE_CURVE_WITH_KNOTS ( 'NONE', 3,
 ( #3898, #4009, #3352, #4496, #20, #1690, #3933, #6178, #1147, #3387, #4192, #4042, #6840, #5220, #707, #812, #5186, #191, #126, #6948, #1911, #2464, #1362, #231, #6913, #4642, #6873, #1400, #158, #2390, #1835, #2427, #6981, #3565 ),
 .UNSPECIFIED., .F., .F.,
 ( 4, 2, 2, 2, 2, 2, 2, 2, 2, 2, 2, 2, 2, 2, 2, 2, 4 ),
 ( 0.05150751344784767344, 0.05213471973865774212, 0.05276192602946780386, 0.05338913232027787253, 0.05401633861108793427, 0.05464354490189800295, 0.05527075119270806469, 0.05589795748351813337, 0.05652516377432820205, 0.05715237006513826379, 0.05777957635594833247, 0.05840678264675839421, 0.05903398893756846288, 0.05966119522837852462, 0.06028840151918859330, 0.06091560780999866198, 0.06154281410080872372 ),
 .UNSPECIFIED. ) ;
#4554 = CARTESIAN_POINT ( 'NONE',  ( 0.000000000000000000, -8.267307692307751310, 0.000000000000000000 ) ) ;
#4555 = VECTOR ( 'NONE', #2624, 1000.000000000000000 ) ;
#4556 = CARTESIAN_POINT ( 'NONE',  ( -1.196792422881964191, -4.570926675516672866, -2.894016867580043506 ) ) ;
#4557 = CARTESIAN_POINT ( 'NONE',  ( 2.614303363178285267, -4.881410182162803757, 1.806527951653328579 ) ) ;
#4558 = CARTESIAN_POINT ( 'NONE',  ( -1.046060903667665354, -3.904018233711537444, -2.525414420702734475 ) ) ;
#4559 = ORIENTED_EDGE ( 'NONE', *, *, #6957, .F. ) ;
#4560 = CARTESIAN_POINT ( 'NONE',  ( 2.525426679249501039, -7.615709231503514864, -1.935363870102549733 ) ) ;
#4561 = CARTESIAN_POINT ( 'NONE',  ( -2.868847005877751766, -7.254217323296768605, 1.255134344944578206 ) ) ;
#4562 = AXIS2_PLACEMENT_3D ( 'NONE', #569, #96, #4580 ) ;
#4563 = CARTESIAN_POINT ( 'NONE',  ( 2.525414420702734031, -6.163152849095974162, 1.546370343417085175E-16 ) ) ;
#4564 = CARTESIAN_POINT ( 'NONE',  ( -3.462973293579225675, -3.470217090121413772, 3.001954310266646608 ) ) ;
#4565 = CARTESIAN_POINT ( 'NONE',  ( -3.073212781533987581, -7.269289744234151307, -0.8242045681633981546 ) ) ;
#4566 = CARTESIAN_POINT ( 'NONE',  ( 1.293596978863675195, -8.392423728970442198, -2.768579822397646328 ) ) ;
#4567 = CARTESIAN_POINT ( 'NONE',  ( 2.123715807541601830, -7.848092630853059859, 2.363800586518575830 ) ) ;
#4568 = CARTESIAN_POINT ( 'NONE',  ( -2.109235644571581414, -7.988002249357757378, 2.315410459761094053 ) ) ;
#4569 = CIRCLE ( 'NONE', #1174, 0.8500000000000000888 ) ;
#4570 = CARTESIAN_POINT ( 'NONE',  ( -3.174999999999999822, -8.145192307692381561, -5.832380380939269122E-16 ) ) ;
#4571 = CARTESIAN_POINT ( 'NONE',  ( -3.897114317029966468, 3.999999999999998224, -2.250000000000019984 ) ) ;
#4572 = CARTESIAN_POINT ( 'NONE',  ( 0.2886675740159517778, -3.979828193784986645, 3.173005870324818734 ) ) ;
#4573 = EDGE_LOOP ( 'NONE', ( #7036, #2590, #3296 ) ) ;
#4574 = CARTESIAN_POINT ( 'NONE',  ( -0.3649699359012077982, -7.091647606149416028, 3.110260827566201591 ) ) ;
#4575 = APPROVAL_DATE_TIME ( #3902, #6738 ) ;
#4576 = CARTESIAN_POINT ( 'NONE',  ( -2.724278218934980345, -7.144443782539033450, 1.635990803122580273 ) ) ;
#4577 = CARTESIAN_POINT ( 'NONE',  ( 3.050642627156919584, -3.864488981895994435, -0.7057482304760667180 ) ) ;
#4578 = AXIS2_PLACEMENT_3D ( 'NONE', #6356, #224, #5694 ) ;
#4579 = CARTESIAN_POINT ( 'NONE',  ( 0.000000000000000000, -3.499999999999999556, 0.000000000000000000 ) ) ;
#4580 = DIRECTION ( 'NONE',  ( -1.000000000000000000, 0.000000000000000000, 0.000000000000000000 ) ) ;
#4581 = CARTESIAN_POINT ( 'NONE',  ( -1.813352051601252679, -3.042259988716689012, -1.758123272769147150 ) ) ;
#4582 = CARTESIAN_POINT ( 'NONE',  ( 3.154485098936926413, -7.697826777404892518, -0.4157280262198140286 ) ) ;
#4583 = CARTESIAN_POINT ( 'NONE',  ( -1.046060903667665354, -5.059443304750718795, -2.525414420702734475 ) ) ;
#4584 = CONICAL_SURFACE ( 'NONE', #6575, 2.999999999999998224, 0.7853981633974500554 ) ;
#4585 = CARTESIAN_POINT ( 'NONE',  ( 2.136440394542880927, -5.634535376937581219, -2.363149311426989918 ) ) ;
#4586 = CARTESIAN_POINT ( 'NONE',  ( -3.153754750456978506, -6.172851671207443047, 0.3895400282151709748 ) ) ;
#4587 = ORIENTED_EDGE ( 'NONE', *, *, #2199, .T. ) ;
#4588 = DIRECTION ( 'NONE',  ( 0.000000000000000000, 1.000000000000000000, 0.000000000000000000 ) ) ;
#4589 = EDGE_CURVE ( 'NONE', #5596, #3267, #4906, .T. ) ;
#4590 = ORIENTED_EDGE ( 'NONE', *, *, #7018, .F. ) ;
#4591 = CARTESIAN_POINT ( 'NONE',  ( 1.727531973270403975, -4.467073454230914287, 1.727531973270403975 ) ) ;
#4592 = CARTESIAN_POINT ( 'NONE',  ( -2.391366376898396595, -7.342110723412201168, -2.098846943996590220 ) ) ;
#4593 = DIRECTION ( 'NONE',  ( 0.000000000000000000, -1.000000000000000000, -0.000000000000000000 ) ) ;
#4594 = CARTESIAN_POINT ( 'NONE',  ( -2.068017545148009617, -4.519324091930140064, -2.351674608161991475 ) ) ;
#4595 = CARTESIAN_POINT ( 'NONE',  ( -2.207605357195853824, -5.064012060257470083, 2.221447951332713888 ) ) ;
#4596 = CARTESIAN_POINT ( 'NONE',  ( -2.525223522987801505, -6.150308444909884820, 1.935628167723368875 ) ) ;
#4597 = EDGE_LOOP ( 'NONE', ( #1815, #5283, #6502, #106 ) ) ;
#4598 = CARTESIAN_POINT ( 'NONE',  ( -1.956175089550006740, -7.179813124909476763, 2.444949254555590645 ) ) ;
#4599 = B_SPLINE_CURVE_WITH_KNOTS ( 'NONE', 3,
 ( #1274, #6198, #725, #2964, #5203, #5647 ),
 .UNSPECIFIED., .F., .F.,
 ( 4, 2, 4 ),
 ( 0.001795681656397976047, 0.002687105552633570378, 0.003578529448869164926 ),
 .UNSPECIFIED. ) ;
#4600 = CARTESIAN_POINT ( 'NONE',  ( -2.525414420702733587, -3.781902849096161923, -1.046060903667667130 ) ) ;
#4601 = DIRECTION ( 'NONE',  ( 2.846556599890768726E-32, -2.503857664561933362E-16, -1.000000000000000000 ) ) ;
#4602 = CARTESIAN_POINT ( 'NONE',  ( 0.000000000000000000, 3.999999999999999112, -12.50000000047880455 ) ) ;
#4603 = CARTESIAN_POINT ( 'NONE',  ( 1.925929944387235853E-31, 6.999999999999995559, -6.499999999999999112 ) ) ;
#4604 = CARTESIAN_POINT ( 'NONE',  ( -2.959289099207439211, -8.168757441943549580, -1.025761993528487626 ) ) ;
#4605 = EDGE_CURVE ( 'NONE', #5275, #2295, #2141, .T. ) ;
#4606 = B_SPLINE_CURVE_WITH_KNOTS ( 'NONE', 3,
 ( #3920, #2820, #5067, #1783 ),
 .UNSPECIFIED., .F., .F.,
 ( 4, 4 ),
 ( 2.339750666364989942E-07, 0.002614009409412742894 ),
 .UNSPECIFIED. ) ;
#4607 = CARTESIAN_POINT ( 'NONE',  ( -3.174999999999999378, -4.176442307692693312, 1.315128060534577648 ) ) ;
#4608 = CARTESIAN_POINT ( 'NONE',  ( 1.022917998387690597, -4.003976073132951896, 3.012850154811826275 ) ) ;
#4609 = CARTESIAN_POINT ( 'NONE',  ( -3.120160348519993132, -4.222325300206143162, -0.2720843371764903873 ) ) ;
#4610 = EDGE_LOOP ( 'NONE', ( #7196, #7079, #2131 ) ) ;
#4611 = CARTESIAN_POINT ( 'NONE',  ( 1.641852909413164863, -6.961373428135297914, 2.730165112904884950 ) ) ;
#4612 = CARTESIAN_POINT ( 'NONE',  ( 0.6830178576880554520, -6.890951902864551393, 3.103486202752806733 ) ) ;
#4613 = CARTESIAN_POINT ( 'NONE',  ( -1.755944586008094221, -3.561696380699403530, -2.592516261094799823 ) ) ;
#4614 = CARTESIAN_POINT ( 'NONE',  ( -2.467636970702160593, -8.220977176840005285, -1.927755708616125219 ) ) ;
#4615 = CARTESIAN_POINT ( 'NONE',  ( 3.012511691359387012, -5.713025195964853253, -1.023833332400576390 ) ) ;
#4616 = CARTESIAN_POINT ( 'NONE',  ( -1.046060903667665354, -5.059443304750718795, -2.525414420702734475 ) ) ;
#4617 = CARTESIAN_POINT ( 'NONE',  ( 0.000000000000000000, 0.5556762387720517449, 1.734723475976807094E-15 ) ) ;
#4618 = DIRECTION ( 'NONE',  ( 1.000000000000000000, 0.000000000000000000, 0.000000000000000000 ) ) ;
#4619 = CARTESIAN_POINT ( 'NONE',  ( 1.329375289410453354, -5.941327727390064872, 2.895020957023814123 ) ) ;
#4620 = CARTESIAN_POINT ( 'NONE',  ( -2.962102718256838241, -6.112149518562461026, 1.017173139502613788 ) ) ;
#4621 = ORIENTED_EDGE ( 'NONE', *, *, #1049, .F. ) ;
#4622 = DIRECTION ( 'NONE',  ( 2.846556599890768726E-32, -2.503857664561933362E-16, -1.000000000000000000 ) ) ;
#4623 = VERTEX_POINT ( 'NONE', #931 ) ;
#4624 = CARTESIAN_POINT ( 'NONE',  ( 2.443099146032160718, -8.098791930384903637, -1.011964800508647455 ) ) ;
#4625 = CARTESIAN_POINT ( 'NONE',  ( 0.4346389173687330576, -0.4999999999999987232, 4.500000000000000000 ) ) ;
#4626 = CARTESIAN_POINT ( 'NONE',  ( 0.2071476516421437986, -5.529610018562894247, -3.175000000000000711 ) ) ;
#4627 = CARTESIAN_POINT ( 'NONE',  ( 3.185338678884886754, -4.789257454328817332, 0.04658831094905266368 ) ) ;
#4628 = CARTESIAN_POINT ( 'NONE',  ( -2.688762634875801361, -5.102074342702437093, 1.605911567098584625 ) ) ;
#4629 = CARTESIAN_POINT ( 'NONE',  ( -3.154703280059098613, -6.272312132233732740, -0.4146679327465444542 ) ) ;
#4630 = EDGE_LOOP ( 'NONE', ( #4739, #5680, #5540 ) ) ;
#4631 = CARTESIAN_POINT ( 'NONE',  ( -0.8218291534482724536, -4.502948190013360552, -3.073849375447561982 ) ) ;
#4632 = CARTESIAN_POINT ( 'NONE',  ( -3.033765286972977204, -7.280079684122520156, 0.7758349253299207104 ) ) ;
#4633 = LOCAL_TIME ( 8, 8, 11.00000000000000000, #929 ) ;
#4634 = CARTESIAN_POINT ( 'NONE',  ( 1.046060903667665798, -5.369402849096037933, 2.525414420702734031 ) ) ;
#4635 = CARTESIAN_POINT ( 'NONE',  ( 2.443099146032160274, -3.275234238077592064, 1.495966774593958618E-16 ) ) ;
#4636 = CARTESIAN_POINT ( 'NONE',  ( 1.925929944387235853E-31, 3.999999999999997335, -4.000000000000000888 ) ) ;
#4637 = EDGE_CURVE ( 'NONE', #6855, #753, #1397, .T. ) ;
#4638 = CARTESIAN_POINT ( 'NONE',  ( 5.196152422706632912, -0.8246212059512557646, -8.555773971382430480E-16 ) ) ;
#4639 = CARTESIAN_POINT ( 'NONE',  ( 2.665677862949283661, -3.499999999999969802, -0.8504836692286432687 ) ) ;
#4640 = ADVANCED_FACE ( 'NONE', ( #889 ), #3679, .T. ) ;
#4641 = CARTESIAN_POINT ( 'NONE',  ( 3.174999999999999378, -3.810096153846568079, 1.315128060534576981 ) ) ;
#4642 = CARTESIAN_POINT ( 'NONE',  ( -2.097626884691416560, -6.383927338553148978, -2.392398313295477585 ) ) ;
#4643 = CARTESIAN_POINT ( 'NONE',  ( -1.490913469160656701, -4.466401864815071399, -2.815739973749900926 ) ) ;
#4644 = EDGE_LOOP ( 'NONE', ( #7233, #6736, #6581 ) ) ;
#4645 = CARTESIAN_POINT ( 'NONE',  ( -0.3727447788041953203, -7.063675829659375793, 3.163777451587370226 ) ) ;
#4646 = CARTESIAN_POINT ( 'NONE',  ( 0.4315376610760744969, -7.432886569067918892, -3.156688548031719055 ) ) ;
#4647 = CARTESIAN_POINT ( 'NONE',  ( -1.166449024278402247, -4.202730127737441812, 2.905939923708277473 ) ) ;
#4648 = CARTESIAN_POINT ( 'NONE',  ( -1.436648323678185278E-11, -8.967047291273180676, -2.475260401034564239 ) ) ;
#4649 = DIRECTION ( 'NONE',  ( 0.8660254037844432595, -2.399625170192344392E-16, -0.4999999999999919509 ) ) ;
#4650 = CARTESIAN_POINT ( 'NONE',  ( 1.727531973270403975, -9.107458069615162799, -1.727531973270403975 ) ) ;
#4651 = CARTESIAN_POINT ( 'NONE',  ( 0.000000000000000000, -3.499999999999999556, 0.000000000000000000 ) ) ;
#4652 = PLANE ( 'NONE',  #7146 ) ;
#4653 = CARTESIAN_POINT ( 'NONE',  ( 1.541748183792492899, -6.016731569585794581, 2.725965606826128429 ) ) ;
#4654 = CARTESIAN_POINT ( 'NONE',  ( -2.795096311451714666, -6.330432853176127139, -1.528897441684293312 ) ) ;
#4655 = ORIENTED_EDGE ( 'NONE', *, *, #1876, .T. ) ;
#4656 = CARTESIAN_POINT ( 'NONE',  ( 3.897114317029974018, -3.499999999999999556, -2.250000000000000000 ) ) ;
#4657 = ORIENTED_EDGE ( 'NONE', *, *, #4452, .F. ) ;
#4658 = CARTESIAN_POINT ( 'NONE',  ( -3.175682418010311370, -8.255468270824358967, 0.2553067517077781123 ) ) ;
#4659 = CARTESIAN_POINT ( 'NONE',  ( -0.2076164805849372852, -6.995016412613729528, 3.175000000000000266 ) ) ;
#4660 = CARTESIAN_POINT ( 'NONE',  ( -2.472376088405984440, -3.500000000000000444, -1.946944718815386555 ) ) ;
#4661 = CARTESIAN_POINT ( 'NONE',  ( 2.709516032890041615, -4.873311143075651941, 1.660212917719027237 ) ) ;
#4662 = AXIS2_PLACEMENT_3D ( 'NONE', #4893, #5512, #6024 ) ;
#4663 = CARTESIAN_POINT ( 'NONE',  ( 2.685184192483115684, -4.814275193113187967, 1.699323796552151267 ) ) ;
#4664 = CARTESIAN_POINT ( 'NONE',  ( 1.785737662185200136, -5.064114387557598462, -1.785737662185199692 ) ) ;
#4665 = ORIENTED_EDGE ( 'NONE', *, *, #3457, .F. ) ;
#4666 = CARTESIAN_POINT ( 'NONE',  ( -3.093232137622582645, -4.258752158877098459, 0.8290762444670770615 ) ) ;
#4667 = CARTESIAN_POINT ( 'NONE',  ( 0.3160984381104428587, -6.600775568879730493, -3.115482410395370216 ) ) ;
#4668 = CARTESIAN_POINT ( 'NONE',  ( 2.525414420702734031, -3.171325926019286090, -1.046060903667665576 ) ) ;
#4669 = CARTESIAN_POINT ( 'NONE',  ( 2.525414420702734031, -9.032864387557285824, -1.046060903667665576 ) ) ;
#4670 = CARTESIAN_POINT ( 'NONE',  ( 1.591054740307954685, -6.578832591369862648, -2.755378223470204002 ) ) ;
#4671 = CARTESIAN_POINT ( 'NONE',  ( 0.1502393161911941277, -4.047764083742316110, 3.182329579164044464 ) ) ;
#4672 = DIRECTION ( 'NONE',  ( 0.000000000000000000, 0.7071067811865471286, 0.7071067811865479058 ) ) ;
#4673 = LINE ( 'NONE', #1760, #675 ) ;
#4674 = VECTOR ( 'NONE', #6081, 1000.000000000000000 ) ;
#4675 = EDGE_CURVE ( 'NONE', #1602, #670, #353, .T. ) ;
#4676 = ADVANCED_FACE ( 'NONE', ( #390 ), #1740, .T. ) ;
#4677 = CARTESIAN_POINT ( 'NONE',  ( 1.785737662185200136, -9.394539458596531389, 1.785737662185200136 ) ) ;
#4678 = CARTESIAN_POINT ( 'NONE',  ( 3.012127213316254881, -3.759635876393708998, -1.024975329024484960 ) ) ;
#4679 = CARTESIAN_POINT ( 'NONE',  ( -2.736491520208312878, -4.288133778819303465, -1.506609385139036750 ) ) ;
#4680 = EDGE_LOOP ( 'NONE', ( #5473, #3973, #5319 ) ) ;
#4681 = CARTESIAN_POINT ( 'NONE',  ( 1.152916470559866680, -7.015654932562803481, 2.911824920820605733 ) ) ;
#4682 = CARTESIAN_POINT ( 'NONE',  ( -0.7500259727777776053, -7.376003539263961351, -3.087943393564918093 ) ) ;
#4683 = CARTESIAN_POINT ( 'NONE',  ( -0.4360493995994102479, -4.164419432247871811, 3.100867429469133629 ) ) ;
#4684 = CARTESIAN_POINT ( 'NONE',  ( -2.377727056783907500, -8.006382477467132830, 2.037397422990929741 ) ) ;
#4685 = CARTESIAN_POINT ( 'NONE',  ( -1.701590194663359881E-11, -5.030974218447200386, 3.174999999999999822 ) ) ;
#4686 = CARTESIAN_POINT ( 'NONE',  ( -1.011964800508647233, -7.947361915769100449, -2.443099146032161162 ) ) ;
#4687 = DIRECTION ( 'NONE',  ( -0.000000000000000000, 1.000000000000000000, -0.000000000000000000 ) ) ;
#4688 = CARTESIAN_POINT ( 'NONE',  ( -3.175091373428124530, -5.285322305112875263, -0.2058840909698571864 ) ) ;
#4689 = CARTESIAN_POINT ( 'NONE',  ( 3.148801755822530968, -5.787150686484498152, 0.4833367888450791905 ) ) ;
#4690 = CARTESIAN_POINT ( 'NONE',  ( 0.2986328869310875822, -6.510291230101195481, -3.171876411183943922 ) ) ;
#4691 = AXIS2_PLACEMENT_3D ( 'NONE', #4787, #382, #5407 ) ;
#4692 = VERTEX_POINT ( 'NONE', #7137 ) ;
#4693 = CARTESIAN_POINT ( 'NONE',  ( 1.408604316021224934, -4.959919915906975341, 2.853057806808600994 ) ) ;
#4694 = ORIENTED_EDGE ( 'NONE', *, *, #4367, .T. ) ;
#4695 = CARTESIAN_POINT ( 'NONE',  ( -0.8063537713468417190, -8.001506080754454686, 3.081919088927937533 ) ) ;
#4696 = CARTESIAN_POINT ( 'NONE',  ( 3.208850468987951565, 3.999999999999999112, -10.79601380559696722 ) ) ;
#4697 = AXIS2_PLACEMENT_3D ( 'NONE', #3801, #6565, #437 ) ;
#4698 = CARTESIAN_POINT ( 'NONE',  ( 1.590572283321090685, -5.926525422114862884, 2.755774409187192298 ) ) ;
#4699 = CARTESIAN_POINT ( 'NONE',  ( 1.932965155413247649, -4.990208400508167053, 2.532392154523165129 ) ) ;
#4700 = CARTESIAN_POINT ( 'NONE',  ( -1.932085355789122216, -5.356412056783000253, -2.522927305776880402 ) ) ;
#4701 = CARTESIAN_POINT ( 'NONE',  ( -0.4153133852820937721, -6.477224945243074572, -3.154519857206211420 ) ) ;
#4702 = B_SPLINE_CURVE_WITH_KNOTS ( 'NONE', 3,
 ( #172, #5274, #246, #5200, #3686, #754, #1340, #2996 ),
 .UNSPECIFIED., .F., .F.,
 ( 4, 2, 2, 4 ),
 ( 2.544334156062197690E-07, 0.0008979680449067912497, 0.001346824850652383323, 0.001795681656397975397 ),
 .UNSPECIFIED. ) ;
#4703 = ORIENTED_EDGE ( 'NONE', *, *, #2887, .T. ) ;
#4704 = CARTESIAN_POINT ( 'NONE',  ( 1.499999999999999334, 1.401923788646681990, -4.000000000000000000 ) ) ;
#4705 = CARTESIAN_POINT ( 'NONE',  ( 2.643501041658030459, -7.895507951241376610, 1.678491836288028116 ) ) ;
#4706 = AXIS2_PLACEMENT_3D ( 'NONE', #7030, #2544, #3178 ) ;
#4707 = CARTESIAN_POINT ( 'NONE',  ( 3.174999999999999822, -8.755769230769249845, 1.944126793646423041E-16 ) ) ;
#4708 = CARTESIAN_POINT ( 'NONE',  ( 2.991933549187917236E-16, -3.031003468846841464, -2.443099146032160274 ) ) ;
#4709 = CARTESIAN_POINT ( 'NONE',  ( -3.897114317029974462, -3.499999999999999556, 2.249999999999999556 ) ) ;
#4710 = CARTESIAN_POINT ( 'NONE',  ( 2.913035120503685960, -3.935139005912877241, 1.269658434944549885 ) ) ;
#4711 = DIRECTION ( 'NONE',  ( 1.000000000000000000, 0.000000000000000000, 3.026521842945509783E-28 ) ) ;
#4712 = CARTESIAN_POINT ( 'NONE',  ( -1.174829459061229597, -5.370849050704713967, -2.902694502902801510 ) ) ;
#4713 = CARTESIAN_POINT ( 'NONE',  ( 3.174999999999999378, -4.787019230769569589, 1.315128060534576981 ) ) ;
#4714 = CARTESIAN_POINT ( 'NONE',  ( 0.4162234060581381234, -4.034874421985149340, 3.154490822378339221 ) ) ;
#4715 = CARTESIAN_POINT ( 'NONE',  ( -1.728655610117894703, -4.083305421176791405, 2.666425705760987697 ) ) ;
#4716 = CIRCLE ( 'NONE', #958, 4.500000000000000888 ) ;
#4717 = CARTESIAN_POINT ( 'NONE',  ( 0.4133917283007811361, -7.026648906239457482, 3.158725234667808301 ) ) ;
#4718 = CARTESIAN_POINT ( 'NONE',  ( -2.789070777141260393, -7.307192321885787045, -1.522889563797685142 ) ) ;
#4719 = CARTESIAN_POINT ( 'NONE',  ( -1.662298254972137235, -5.208008878852597334, 2.653513327588971293 ) ) ;
#4720 = CYLINDRICAL_SURFACE ( 'NONE', #6176, 3.174999999999999822 ) ;
#4721 = CARTESIAN_POINT ( 'NONE',  ( -3.175102967435998735, -5.265623686843135864, 0.2062139737336889656 ) ) ;
#4722 = CARTESIAN_POINT ( 'NONE',  ( -2.443099146032159830, -7.825246531153725371, -1.011964800508649009 ) ) ;
#4723 = CARTESIAN_POINT ( 'NONE',  ( -3.185041769770217357, -8.203996401942303507, 0.05859447250710888427 ) ) ;
#4724 = PLANE ( 'NONE',  #6909 ) ;
#4725 = ADVANCED_FACE ( 'NONE', ( #2105 ), #4355, .F. ) ;
#4726 = CARTESIAN_POINT ( 'NONE',  ( 2.688118900217976392, -5.913040180343839047, 1.694619324790366477 ) ) ;
#4727 = CARTESIAN_POINT ( 'NONE',  ( -0.9866367900521131329, -6.358027093967519860, -2.972559922181861936 ) ) ;
#4728 = ORIENTED_EDGE ( 'NONE', *, *, #3306, .T. ) ;
#4729 = CARTESIAN_POINT ( 'NONE',  ( 0.4167611521768046501, -5.011769144478215310, 3.154314797186399844 ) ) ;
#4730 = ADVANCED_FACE ( 'NONE', ( #4420 ), #6737, .F. ) ;
#4731 = ORIENTED_EDGE ( 'NONE', *, *, #811, .F. ) ;
#4732 = CARTESIAN_POINT ( 'NONE',  ( -0.8033193503867593899, -8.062148324017607948, 3.082708407382430682 ) ) ;
#4733 = CARTESIAN_POINT ( 'NONE',  ( -3.897114317029972685, -0.4999999999999982792, -2.249999999999997780 ) ) ;
#4734 = CARTESIAN_POINT ( 'NONE',  ( 2.097674326254658883, -5.896011387566627349, 2.392349382661342450 ) ) ;
#4735 = EDGE_CURVE ( 'NONE', #3229, #7201, #5286, .T. ) ;
#4736 = CARTESIAN_POINT ( 'NONE',  ( 3.076854908770586317, -4.827487987319310392, 0.8254104410528754210 ) ) ;
#4737 = CARTESIAN_POINT ( 'NONE',  ( -1.109537806256863934, -5.374441045537547090, -2.928680182800565746 ) ) ;
#4738 = CARTESIAN_POINT ( 'NONE',  ( 1.499999999999999112, 1.401923788646683766, -6.500000000000000888 ) ) ;
#4739 = ORIENTED_EDGE ( 'NONE', *, *, #4450, .T. ) ;
#4740 = DIRECTION ( 'NONE',  ( -0.000000000000000000, -1.000000000000000000, -1.836970198721029688E-16 ) ) ;
#4741 = CARTESIAN_POINT ( 'NONE',  ( -0.8495525599736399869, 1.026387784053762520, -6.410485180781793524 ) ) ;
#4742 = CARTESIAN_POINT ( 'NONE',  ( -3.174999999999999378, -7.229326923077064038, 1.315128060534577648 ) ) ;
#4743 = CARTESIAN_POINT ( 'NONE',  ( 1.046060903667665798, -7.323249002942035624, 2.525414420702734031 ) ) ;
#4744 = CARTESIAN_POINT ( 'NONE',  ( 3.092740686834170350E-16, -8.051270227827405535, -2.525414420702734031 ) ) ;
#4745 = CARTESIAN_POINT ( 'NONE',  ( 1.646651802625820116, -4.030321778903590335, 2.727064930380238561 ) ) ;
#4746 = FACE_OUTER_BOUND ( 'NONE', #1095, .T. ) ;
#4747 = CARTESIAN_POINT ( 'NONE',  ( 1.013308947538043014, -4.504641365360228633, -2.962684775241862578 ) ) ;
#4748 = CARTESIAN_POINT ( 'NONE',  ( 2.525414420702734031, -8.234443304750469039, -1.046060903667665576 ) ) ;
#4749 = ORGANIZATION ( 'UNSPECIFIED', 'UNSPECIFIED', '' ) ;
#4750 = CARTESIAN_POINT ( 'NONE',  ( 2.103814916482225073, 3.999999999999999112, -12.25000000047880455 ) ) ;
#4751 = CARTESIAN_POINT ( 'NONE',  ( -2.138308667846481992, -4.427601188574502800, -2.361698540127734169 ) ) ;
#4752 = CARTESIAN_POINT ( 'NONE',  ( -2.288261547806142548, -7.410352180080350237, -2.216682052229860034 ) ) ;
#4753 = CARTESIAN_POINT ( 'NONE',  ( -0.3638848324844088933, -7.456046967492358846, -3.156839761514710130 ) ) ;
#4754 = CARTESIAN_POINT ( 'NONE',  ( -0.4874044152879455361, -5.143920083457371284, 3.093100136366588870 ) ) ;
#4755 = CARTESIAN_POINT ( 'NONE',  ( 3.048059403177467264, -7.593406536502305570, -0.7167143307632529714 ) ) ;
#4756 = PLANE ( 'NONE',  #3270 ) ;
#4757 = PERSON_AND_ORGANIZATION ( #2966, #4749 ) ;
#4758 = CARTESIAN_POINT ( 'NONE',  ( 2.991933549187917236E-16, -8.008419608076787100, -2.443099146032160274 ) ) ;
#4759 = DIRECTION ( 'NONE',  ( -0.000000000000000000, -2.891205793294678819E-16, 1.000000000000000000 ) ) ;
#4760 = CARTESIAN_POINT ( 'NONE',  ( -0.4919831929694514217, -8.366052410896751113, -3.147513558821359858 ) ) ;
#4761 = CARTESIAN_POINT ( 'NONE',  ( -3.073367231674208000, -5.235542841502734746, 0.8237324237326372200 ) ) ;
#4762 = CARTESIAN_POINT ( 'NONE',  ( -0.7040586671483556325, -6.131887543756033843, 3.051623383132742173 ) ) ;
#4763 = CARTESIAN_POINT ( 'NONE',  ( -0.2252167336979459533, -6.425063615488003421, -3.177942189567223519 ) ) ;
#4764 = ORIENTED_EDGE ( 'NONE', *, *, #4412, .F. ) ;
#4765 = CARTESIAN_POINT ( 'NONE',  ( 3.154480199929354800, -4.767572939451480529, -0.4160853487568575981 ) ) ;
#4766 = ORIENTED_EDGE ( 'NONE', *, *, #5657, .F. ) ;
#4767 = CARTESIAN_POINT ( 'NONE',  ( -0.02425561218334177163, -8.024407008753495774, 3.185575845673402462 ) ) ;
#4768 = EDGE_CURVE ( 'NONE', #4550, #2039, #2796, .T. ) ;
#4769 = CARTESIAN_POINT ( 'NONE',  ( -1.385460142027024141E-11, -7.961743449216055701, 3.174999999999999822 ) ) ;
#4770 = CARTESIAN_POINT ( 'NONE',  ( -2.150447440026357349, 6.222540206760389658, -6.410485180781791748 ) ) ;
#4771 = CARTESIAN_POINT ( 'NONE',  ( 2.731487316861588965, -4.955322265755204292, 1.515549632767712485 ) ) ;
#4772 = CARTESIAN_POINT ( 'NONE',  ( -0.3606535010789612694, -5.502516801517689515, -3.165446165689934865 ) ) ;
#4773 = CARTESIAN_POINT ( 'NONE',  ( 5.196152422706632912, -3.175378794048743458, -8.598703094210284079E-16 ) ) ;
#4774 = ORIENTED_EDGE ( 'NONE', *, *, #7100, .F. ) ;
#4775 = CARTESIAN_POINT ( 'NONE',  ( -2.103814916482225073, 3.999999999999999112, -12.50000000047880455 ) ) ;
#4776 = CARTESIAN_POINT ( 'NONE',  ( 1.997499113398961348E-27, 3.999999999999999112, -10.79601380559696722 ) ) ;
#4777 = CARTESIAN_POINT ( 'NONE',  ( -2.629002019038936044, -6.073326044151111880, 1.701248231939178623 ) ) ;
#4778 = CARTESIAN_POINT ( 'NONE',  ( 3.174999999999999822, -6.801923076923249489, 1.944126793646423041E-16 ) ) ;
#4779 = CARTESIAN_POINT ( 'NONE',  ( -2.525414420702733587, -6.712672079865162011, -1.046060903667667130 ) ) ;
#4780 = CARTESIAN_POINT ( 'NONE',  ( 1.046060903667665798, -7.501750997058219461, 2.525414420702734031 ) ) ;
#4781 = CARTESIAN_POINT ( 'NONE',  ( 2.863881722159610455, -3.800387808604041240, -1.395383097176779996 ) ) ;
#4782 = DIRECTION ( 'NONE',  ( 1.445602896647340642E-16, -2.503857664561933855E-16, 1.000000000000000000 ) ) ;
#4783 = CARTESIAN_POINT ( 'NONE',  ( -3.130343926212548755, -5.182727919887902601, 0.07353876780463899920 ) ) ;
#4784 = AXIS2_PLACEMENT_3D ( 'NONE', #676, #2914, #2471 ) ;
#4785 = CARTESIAN_POINT ( 'NONE',  ( 1.046060903667665798, -7.501750997058219461, 2.525414420702734031 ) ) ;
#4786 = CONICAL_SURFACE ( 'NONE', #790, 2.999999999999998224, 0.7853981633974500554 ) ;
#4787 = CARTESIAN_POINT ( 'NONE',  ( 0.000000000000000000, 3.999999999999998224, -2.000000000000000000 ) ) ;
#4788 = CARTESIAN_POINT ( 'NONE',  ( 0.04328194858043165477, -4.483786873001178286, -3.177457679386992861 ) ) ;
#4789 = CARTESIAN_POINT ( 'NONE',  ( -0.9478848840378952811, -7.515064269242841100, -2.976476441475077284 ) ) ;
#4790 = CARTESIAN_POINT ( 'NONE',  ( 0.1666872534222745283, -7.481144907431358959, -3.181671640667482759 ) ) ;
#4791 = CARTESIAN_POINT ( 'NONE',  ( -2.387499334871526102, -4.277622371925311029, 2.025998346133370376 ) ) ;
#4792 = AXIS2_PLACEMENT_3D ( 'NONE', #5385, #471, #7219 ) ;
#4793 = CARTESIAN_POINT ( 'NONE',  ( 1.344721738538406708, -6.826743714449152733, 2.827743638602899789 ) ) ;
#4794 = DIRECTION ( 'NONE',  ( 2.846556599890768726E-32, -2.503857664561933362E-16, -1.000000000000000000 ) ) ;
#4795 = APPLICATION_PROTOCOL_DEFINITION ( 'international standard', 'config_control_design', 1994, #1641 ) ;
#4796 = CARTESIAN_POINT ( 'NONE',  ( 2.991933549187917236E-16, -6.054573454230788521, -2.443099146032160274 ) ) ;
#4797 = CARTESIAN_POINT ( 'NONE',  ( -2.753994756855330017, -3.499999999999997780, 0.8207028215664883275 ) ) ;
#4798 = CARTESIAN_POINT ( 'NONE',  ( -2.196167448706935588, -8.240162651990303289, -2.221490685658169983 ) ) ;
#4799 = CARTESIAN_POINT ( 'NONE',  ( -2.755716225789600404, -5.193824482602082071, 1.590734094641038210 ) ) ;
#4800 = CARTESIAN_POINT ( 'NONE',  ( -3.069658685483768412, -6.353629602971538226, -0.8215351867565268140 ) ) ;
#4801 = CARTESIAN_POINT ( 'NONE',  ( -3.120733530261117217, -6.169877946535595292, -0.1390475839601283681 ) ) ;
#4802 = CARTESIAN_POINT ( 'NONE',  ( -2.448282836923732386, -8.467466240723782178, -1.722973121553552200 ) ) ;
#4803 = EDGE_LOOP ( 'NONE', ( #3336, #1787, #3769, #2839, #379, #2849, #6222 ) ) ;
#4804 = CARTESIAN_POINT ( 'NONE',  ( -3.086562341970928713, -8.244809561536289522, -0.7883006805014016738 ) ) ;
#4805 = CARTESIAN_POINT ( 'NONE',  ( -3.897114317029973574, -0.4999999999999991673, 2.250000000000000888 ) ) ;
#4806 = CARTESIAN_POINT ( 'NONE',  ( -7.511572993685790226E-16, -0.4999999999999978351, -4.499999999999997335 ) ) ;
#4807 = CARTESIAN_POINT ( 'NONE',  ( -3.174963174909132935, -5.330454021838080259, 0.1310512109447055096 ) ) ;
#4808 = CARTESIAN_POINT ( 'NONE',  ( -3.166113056948428817, -5.227194851562664724, -0.2714250344845142160 ) ) ;
#4809 = CARTESIAN_POINT ( 'NONE',  ( 2.999999999999996003, 2.267949192431120586, -6.035898384862248278 ) ) ;
#4810 = VERTEX_POINT ( 'NONE', #3853 ) ;
#4811 = CARTESIAN_POINT ( 'NONE',  ( 0.000000000000000000, 3.999999999999999112, 4.500000000000001776 ) ) ;
#4812 = EDGE_CURVE ( 'NONE', #1837, #1101, #1159, .T. ) ;
#4813 = CARTESIAN_POINT ( 'NONE',  ( -2.358260286376026027, -8.183251564133914968, 2.060095391400538656 ) ) ;
#4814 = AXIS2_PLACEMENT_3D ( 'NONE', #2681, #2017, #2091 ) ;
#4815 = CARTESIAN_POINT ( 'NONE',  ( -1.530951182251620191, -5.998998291580700304, 2.731401393638743791 ) ) ;
#4816 = B_SPLINE_CURVE_WITH_KNOTS ( 'NONE', 3,
 ( #3519, #5762, #2632, #2046, #869, #5431 ),
 .UNSPECIFIED., .F., .F.,
 ( 4, 2, 4 ),
 ( 0.001795681656397976264, 0.002687105552633570812, 0.003578529448869164926 ),
 .UNSPECIFIED. ) ;
#4817 = CARTESIAN_POINT ( 'NONE',  ( 2.245064030267288402, -4.970192307692625100, 2.245064030267288402 ) ) ;
#4818 = CARTESIAN_POINT ( 'NONE',  ( -2.525414420702734031, -7.628537464480473318, -4.639111030251255524E-16 ) ) ;
#4819 = CARTESIAN_POINT ( 'NONE',  ( -2.946411145419102873, -8.146344945153376926, 1.190050092072538312 ) ) ;
#4820 = CARTESIAN_POINT ( 'NONE',  ( 2.663882357298347436, -3.780891891530135940, -1.732464873568684283 ) ) ;
#4821 = FACE_OUTER_BOUND ( 'NONE', #1465, .T. ) ;
#4822 = ORIENTED_EDGE ( 'NONE', *, *, #6345, .T. ) ;
#4823 = AXIS2_PLACEMENT_3D ( 'NONE', #784, #6333, #6368 ) ;
#4824 = CARTESIAN_POINT ( 'NONE',  ( 0.4616534329616476251, -4.919872282306930522, 3.096988451031795542 ) ) ;
#4825 = B_SPLINE_CURVE_WITH_KNOTS ( 'NONE', 3,
 ( #6605, #1092, #6710, #1124, #4402, #440, #5025, #3335 ),
 .UNSPECIFIED., .F., .F.,
 ( 4, 2, 2, 4 ),
 ( 0.000000000000000000, 0.0004569566431723095807, 0.0009139132863446191614, 0.001827826572689237889 ),
 .UNSPECIFIED. ) ;
#4826 = CARTESIAN_POINT ( 'NONE',  ( -1.046060903667665354, -7.013289458596720038, -2.525414420702734475 ) ) ;
#4827 = CARTESIAN_POINT ( 'NONE',  ( -3.081678360950595774, -8.319046639230814222, -0.5083693070923387403 ) ) ;
#4828 = CARTESIAN_POINT ( 'NONE',  ( 1.536396829551078147, -4.533910842442739231, -2.729358366865154206 ) ) ;
#4829 = CARTESIAN_POINT ( 'NONE',  ( -0.7002454540648053172, -7.528085548141408623, -3.044266827828037592 ) ) ;
#4830 = EDGE_CURVE ( 'NONE', #5459, #1705, #3966, .T. ) ;
#4831 = CARTESIAN_POINT ( 'NONE',  ( 1.523449531557886427, -7.793438564203784225, 2.736374084835564879 ) ) ;
#4832 = CARTESIAN_POINT ( 'NONE',  ( -0.5409832709204523971, -6.123549556114005199, 3.084116463375676798 ) ) ;
#4833 = CARTESIAN_POINT ( 'NONE',  ( 2.361421823771720163, -7.516692901260293880, -2.056648323748710983 ) ) ;
#4834 = CARTESIAN_POINT ( 'NONE',  ( 3.092740686834170350E-16, -8.849691310634222319, -2.525414420702734031 ) ) ;
#4835 = APPROVAL_STATUS ( 'not_yet_approved' ) ;
#4836 = CARTESIAN_POINT ( 'NONE',  ( 1.727531973270403975, -5.199765761923164753, -1.727531973270403975 ) ) ;
#4837 = DIRECTION ( 'NONE',  ( 0.000000000000000000, 1.000000000000000000, 0.000000000000000000 ) ) ;
#4838 = CARTESIAN_POINT ( 'NONE',  ( 3.462973293579227452, -3.470217090121413328, -3.001954310266647941 ) ) ;
#4839 = CARTESIAN_POINT ( 'NONE',  ( -0.2093989951530655647, -4.063778422477192009, 3.174999999999999822 ) ) ;
#4840 = CARTESIAN_POINT ( 'NONE',  ( -3.101260638383810164, -6.347043873747333365, -0.6927745714989089754 ) ) ;
#4841 = CARTESIAN_POINT ( 'NONE',  ( 3.185237248856836789, -6.683381696608346800, 0.07275373320398495491 ) ) ;
#4842 = CARTESIAN_POINT ( 'NONE',  ( -2.598076211353316900, -0.8246212059512549875, -4.499999999999999112 ) ) ;
#4843 = EDGE_LOOP ( 'NONE', ( #319, #3741, #4858, #4731, #404, #3365, #2934, #3832, #3917, #1047 ) ) ;
#4844 = DIRECTION ( 'NONE',  ( 0.000000000000000000, -1.000000000000000000, -0.000000000000000000 ) ) ;
#4845 = CARTESIAN_POINT ( 'NONE',  ( 0.000000000000000000, -0.4999999999999995559, 0.000000000000000000 ) ) ;
#4846 = DIRECTION ( 'NONE',  ( 0.000000000000000000, 0.000000000000000000, 1.000000000000000000 ) ) ;
#4847 = CARTESIAN_POINT ( 'NONE',  ( -3.015156616892351593, -5.387378651286665487, -1.028827525101442930 ) ) ;
#4848 = CARTESIAN_POINT ( 'NONE',  ( -3.174658413783428834, -5.220934302005842298, -0.1401175793454924323 ) ) ;
#4849 = DIRECTION ( 'NONE',  ( 1.000000000000000000, 0.000000000000000000, 0.000000000000000000 ) ) ;
#4850 = ORIENTED_EDGE ( 'NONE', *, *, #890, .F. ) ;
#4851 = CARTESIAN_POINT ( 'NONE',  ( 0.000000000000000000, -0.4999999999999995559, 4.500000000000000888 ) ) ;
#4852 = DIRECTION ( 'NONE',  ( 3.026521842945509783E-28, 0.000000000000000000, -1.000000000000000000 ) ) ;
#4853 = CARTESIAN_POINT ( 'NONE',  ( -3.095257252591827157, -6.186181322562858576, -0.4737335143568473517 ) ) ;
#4854 = CARTESIAN_POINT ( 'NONE',  ( 0.000000000000000000, -8.023076923076999378, 3.174999999999999822 ) ) ;
#4855 = CARTESIAN_POINT ( 'NONE',  ( -1.813352051601252679, -2.863757994600506507, -1.758123272769147150 ) ) ;
#4856 = CARTESIAN_POINT ( 'NONE',  ( -1.008519761283996896, -4.104516844408443887, 3.013374882119770337 ) ) ;
#4857 = DIRECTION ( 'NONE',  ( 1.000000000000000000, 0.000000000000000000, 0.000000000000000000 ) ) ;
#4858 = ORIENTED_EDGE ( 'NONE', *, *, #1139, .T. ) ;
#4859 = CARTESIAN_POINT ( 'NONE',  ( 2.049580589446197809, -4.830687925666829585, 2.367318267586879799 ) ) ;
#4860 = EDGE_CURVE ( 'NONE', #3343, #7147, #6135, .T. ) ;
#4861 = CARTESIAN_POINT ( 'NONE',  ( 1.785737662185200136, -8.173385612442780612, -1.785737662185199692 ) ) ;
#4862 = EDGE_CURVE ( 'NONE', #2229, #5054, #591, .T. ) ;
#4863 = CARTESIAN_POINT ( 'NONE',  ( -6.097972082098776651E-15, -6.496358833830909951, -3.174999999999999822 ) ) ;
#4864 = CARTESIAN_POINT ( 'NONE',  ( 2.656991813732318075, -4.610536053549907365, -1.657900936889590282 ) ) ;
#4865 = CARTESIAN_POINT ( 'NONE',  ( -0.5727412865345725690, -7.534626679176616548, -3.070832816123539644 ) ) ;
#4866 = B_SPLINE_CURVE_WITH_KNOTS ( 'NONE', 3,
 ( #1746, #3992, #5682, #5132, #37, #3477, #1709, #6824 ),
 .UNSPECIFIED., .F., .F.,
 ( 4, 2, 2, 4 ),
 ( 0.002662154160577992652, 0.003559892833227413979, 0.004008762169552125727, 0.004457631505876837041 ),
 .UNSPECIFIED. ) ;
#4867 = CARTESIAN_POINT ( 'NONE',  ( 1.666775080141875032, -7.559525001508369257, -2.715090564185091981 ) ) ;
#4868 = CARTESIAN_POINT ( 'NONE',  ( 3.127556118570679722, -5.860063197918731426, 0.1513024182038836263 ) ) ;
#4869 = CARTESIAN_POINT ( 'NONE',  ( 0.6251865500635158668, -6.865433814760983466, 3.068332827587380240 ) ) ;
#4870 = CARTESIAN_POINT ( 'NONE',  ( 3.462973293579227452, -0.5297829098785868940, -3.001954310266647052 ) ) ;
#4871 = CARTESIAN_POINT ( 'NONE',  ( 1.925929944387235853E-31, 3.999999999999997335, -6.500000000000000000 ) ) ;
#4872 = DIRECTION ( 'NONE',  ( 0.000000000000000000, 0.000000000000000000, 1.000000000000000000 ) ) ;
#4873 = DIRECTION ( 'NONE',  ( -1.000000000000000000, 0.000000000000000000, 0.000000000000000000 ) ) ;
#4874 = CARTESIAN_POINT ( 'NONE',  ( 0.7039248753053968244, -3.538788858461286324, -3.107368857425639064 ) ) ;
#4875 = CARTESIAN_POINT ( 'NONE',  ( -3.147327018076164773, -6.273549784951033104, -0.4382741955696912162 ) ) ;
#4876 = CARTESIAN_POINT ( 'NONE',  ( 2.244890634657026762, -6.772043967195113368, 2.183791654935719695 ) ) ;
#4877 = VERTEX_POINT ( 'NONE', #1905 ) ;
#4878 = CYLINDRICAL_SURFACE ( 'NONE', #2317, 0.8499999999999999778 ) ;
#4879 = CARTESIAN_POINT ( 'NONE',  ( 1.046060903667665798, -6.524827920135218839, 2.525414420702734031 ) ) ;
#4880 = DIRECTION ( 'NONE',  ( 2.846556599890768726E-32, -2.503857664561933362E-16, 1.000000000000000000 ) ) ;
#4881 = CARTESIAN_POINT ( 'NONE',  ( -3.089320291150251752, -5.237988350182279262, 0.7776705044820356738 ) ) ;
#4882 = CARTESIAN_POINT ( 'NONE',  ( 2.427037326878055179, -5.567774457918718056, -1.979478864001769312 ) ) ;
#4883 = DIRECTION ( 'NONE',  ( 1.000000000000000000, 0.000000000000000000, 0.000000000000000000 ) ) ;
#4884 = VERTEX_POINT ( 'NONE', #1245 ) ;
#4885 = CARTESIAN_POINT ( 'NONE',  ( -9.614703467775482675E-18, 3.999999999999999112, -6.699999999999999289 ) ) ;
#4886 = FACE_OUTER_BOUND ( 'NONE', #3915, .T. ) ;
#4887 = CARTESIAN_POINT ( 'NONE',  ( 1.149322409695864300, -5.860709480692297468, 2.912622511968497196 ) ) ;
#4888 = CARTESIAN_POINT ( 'NONE',  ( 3.174999999999999822, -3.871153846154250289, 1.944126793646423041E-16 ) ) ;
#4889 = CARTESIAN_POINT ( 'NONE',  ( -2.525414420702734031, -3.720845156788473940, -4.639111030251255524E-16 ) ) ;
#4890 = CARTESIAN_POINT ( 'NONE',  ( -2.670315643771900227, -4.301575116966906975, 1.636016490536598145 ) ) ;
#4891 = CYLINDRICAL_SURFACE ( 'NONE', #1982, 3.174999999999999822 ) ;
#4892 = ORIENTED_EDGE ( 'NONE', *, *, #6377, .T. ) ;
#4893 = CARTESIAN_POINT ( 'NONE',  ( 0.000000000000000000, 3.999999999999999112, -11.25000000047880633 ) ) ;
#4894 = CARTESIAN_POINT ( 'NONE',  ( 2.525414420702734031, -8.356558689365844117, 1.046060903667665798 ) ) ;
#4895 = CARTESIAN_POINT ( 'NONE',  ( 0.8213019812050582624, -6.944761330613379968, 3.073918048130717562 ) ) ;
#4896 = CARTESIAN_POINT ( 'NONE',  ( 2.550310964004012693, -4.625293621969008839, -1.909528073814448668 ) ) ;
#4897 = CARTESIAN_POINT ( 'NONE',  ( -2.578200790601118619, -7.413021820534296147, -1.777972690645448495 ) ) ;
#4898 = AXIS2_PLACEMENT_3D ( 'NONE', #4885, #6607, #6014 ) ;
#4899 = CARTESIAN_POINT ( 'NONE',  ( 2.464026378940034956, -7.610073850868271705, -2.019814774631651044 ) ) ;
#4900 = CARTESIAN_POINT ( 'NONE',  ( -3.129026749614508773, -5.370215281757740655, -0.1225600673599503698 ) ) ;
#4901 = EDGE_CURVE ( 'NONE', #1707, #2345, #125, .T. ) ;
#4902 = CARTESIAN_POINT ( 'NONE',  ( 3.092231694114778939, -6.675582049738365775, 0.4923678822377119957 ) ) ;
#4903 = CARTESIAN_POINT ( 'NONE',  ( -2.525414420702733587, -6.712672079865162011, -1.046060903667667130 ) ) ;
#4905 = CONICAL_SURFACE ( 'NONE', #5246, 2.999999999999998224, 0.7853981633974500554 ) ;
#4904 = CARTESIAN_POINT ( 'NONE',  ( 0.000000000000000000, 0.000000000000000000, 0.000000000000000000 ) ) ;
#4906 = LINE ( 'NONE', #857, #575 ) ;
#4907 = CARTESIAN_POINT ( 'NONE',  ( -1.831846235893811237, -8.354046819439925997, -2.596635004664275659 ) ) ;
#4908 = DIRECTION ( 'NONE',  ( 1.000000000000000000, 0.000000000000000000, 0.000000000000000000 ) ) ;
#4909 = CARTESIAN_POINT ( 'NONE',  ( 3.072370210227406861, -3.768718558080047298, -0.8431318979785551448 ) ) ;
#4910 = CARTESIAN_POINT ( 'NONE',  ( -2.845443115839282555, -6.386325198375978118, -1.432895934740548993 ) ) ;
#4911 = CARTESIAN_POINT ( 'NONE',  ( 2.092395555964274401, -6.812043158217325534, 2.402766373780903297 ) ) ;
#4912 = CARTESIAN_POINT ( 'NONE',  ( 2.393713414279847740, -3.697472895152004835, -2.096363009879357531 ) ) ;
#4913 = AXIS2_PLACEMENT_3D ( 'NONE', #4962, #6018, #408 ) ;
#4914 = ORIENTED_EDGE ( 'NONE', *, *, #6732, .F. ) ;
#4915 = CARTESIAN_POINT ( 'NONE',  ( 0.000000000000000000, -8.267307692307751310, 0.000000000000000000 ) ) ;
#4916 = CARTESIAN_POINT ( 'NONE',  ( 1.925929944387235853E-31, 3.999999999999997335, -6.500000000000000000 ) ) ;
#4917 = CARTESIAN_POINT ( 'NONE',  ( -1.409711243108929368, -5.164048597106454253, 2.847853464107052979 ) ) ;
#4918 = CARTESIAN_POINT ( 'NONE',  ( 2.099106747194147804, -5.631700080205757963, -2.396675665491959872 ) ) ;
#4919 = DIRECTION ( 'NONE',  ( 0.000000000000000000, 0.000000000000000000, -1.000000000000000000 ) ) ;
#4920 = ORIENTED_EDGE ( 'NONE', *, *, #4223, .T. ) ;
#4921 = CARTESIAN_POINT ( 'NONE',  ( -2.170456007981048430, -3.275080081855886949, 4.500000000000000000 ) ) ;
#4922 = CARTESIAN_POINT ( 'NONE',  ( 2.613811566034040634, -5.583490945217032042, -1.724041307825838309 ) ) ;
#4923 = CARTESIAN_POINT ( 'NONE',  ( 2.999999999999996447, 3.695572347056139240, -4.011817642712833809 ) ) ;
#4924 = CARTESIAN_POINT ( 'NONE',  ( -1.840099391588824185, -2.861450420070481560, -1.729668241417344099 ) ) ;
#4925 = CARTESIAN_POINT ( 'NONE',  ( -0.4964070579625976531, -4.139130618573709341, 3.138676036615941189 ) ) ;
#4926 = CARTESIAN_POINT ( 'NONE',  ( 3.888253587292846081E-16, -8.267307692307751310, -3.174999999999999822 ) ) ;
#4927 = EDGE_LOOP ( 'NONE', ( #1, #5026, #4892, #5948, #2643 ) ) ;
#4928 = CARTESIAN_POINT ( 'NONE',  ( -3.009224124960024227, -4.166349476313401468, 0.8663315314864101779 ) ) ;
#4929 = TOROIDAL_SURFACE ( 'NONE', #5513, 5.070567856518484184, 1.200000000000000400 ) ;
#4930 = AXIS2_PLACEMENT_3D ( 'NONE', #29, #4018, #1227 ) ;
#4931 = CARTESIAN_POINT ( 'NONE',  ( -1.046060903667665354, -3.105597150904718884, -2.525414420702734475 ) ) ;
#4932 = CARTESIAN_POINT ( 'NONE',  ( -3.076100968714196249, -8.321181093821619967, -0.5282367594679304723 ) ) ;
#4933 = CARTESIAN_POINT ( 'NONE',  ( 3.153044001797783658, -4.765128199205669546, -0.4567096921357115535 ) ) ;
#4934 = CARTESIAN_POINT ( 'NONE',  ( 3.178826117039573074, -7.708272305570248228, -0.2094410320229305178 ) ) ;
#4935 = CARTESIAN_POINT ( 'NONE',  ( 2.328878218034504233, -7.742515542872449252, 2.081991467751891811 ) ) ;
#4936 = CARTESIAN_POINT ( 'NONE',  ( -2.390098174055136582, -6.451352007472824113, -2.023053383447892095 ) ) ;
#4937 = AXIS2_PLACEMENT_3D ( 'NONE', #6479, #6036, #427 ) ;
#4938 = CARTESIAN_POINT ( 'NONE',  ( -1.785737662185200358, -8.483345156788097086, 1.785737662185199470 ) ) ;
#4939 = CARTESIAN_POINT ( 'NONE',  ( 2.443099146032160718, -4.313215007308279780, 1.011964800508647677 ) ) ;
#4940 = DIRECTION ( 'NONE',  ( 1.224646799147353207E-16, 0.000000000000000000, -1.000000000000000000 ) ) ;
#4941 = CARTESIAN_POINT ( 'NONE',  ( -2.716744882499979141, -3.407946506036565459, -1.663649366204450475 ) ) ;
#4942 = CARTESIAN_POINT ( 'NONE',  ( -1.631375498705820437, 6.522226531810583872, -4.000000000000001776 ) ) ;
#4943 = CARTESIAN_POINT ( 'NONE',  ( 2.770113068326721439, -3.668167309529364317, -1.574167629433644411 ) ) ;
#4944 = CARTESIAN_POINT ( 'NONE',  ( -3.109370352881341226, -6.355871940664444608, -0.2993233379050069254 ) ) ;
#4945 = CARTESIAN_POINT ( 'NONE',  ( 1.997427558021648952, -6.541634885561433244, -2.482167716376393329 ) ) ;
#4946 = CARTESIAN_POINT ( 'NONE',  ( 2.854306427285970837, -3.738392498847534995, -1.406026749162221146 ) ) ;
#4947 = ORIENTED_EDGE ( 'NONE', *, *, #5438, .T. ) ;
#4948 = ADVANCED_FACE ( 'NONE', ( #185 ), #808, .T. ) ;
#4949 = CARTESIAN_POINT ( 'NONE',  ( 3.897114317029973130, -0.4999999999999982792, -2.249999999999997335 ) ) ;
#4950 = CARTESIAN_POINT ( 'NONE',  ( -2.869456283542056951, -8.359511050726888826, -1.254195286047839364 ) ) ;
#4951 = CARTESIAN_POINT ( 'NONE',  ( -1.785737662185200358, -6.708000997058281456, 1.785737662185199470 ) ) ;
#4952 = DIRECTION ( 'NONE',  ( -3.026521842945509783E-28, -0.000000000000000000, 1.000000000000000000 ) ) ;
#4953 = EDGE_CURVE ( 'NONE', #4877, #3020, #6340, .T. ) ;
#4954 = CARTESIAN_POINT ( 'NONE',  ( 2.525414420702734031, -6.280597150904468684, -1.046060903667665576 ) ) ;
#4955 = CARTESIAN_POINT ( 'NONE',  ( -3.088179397678093352, -5.313736663558989548, -0.7824277560182452129 ) ) ;
#4956 = ADVANCED_FACE ( 'NONE', ( #4109 ), #6435, .T. ) ;
#4957 = CARTESIAN_POINT ( 'NONE',  ( 3.031161113510088878, -5.811999235983224210, 0.9810925706649816780 ) ) ;
#4958 = CARTESIAN_POINT ( 'NONE',  ( -1.963645132120663570E-15, 7.464101615137749057, -4.464101615137753498 ) ) ;
#4959 = ORIENTED_EDGE ( 'NONE', *, *, #5749, .T. ) ;
#4960 = CARTESIAN_POINT ( 'NONE',  ( 0.000000000000000000, 3.999999999999999112, -3.999999999999998224 ) ) ;
#4961 = EDGE_LOOP ( 'NONE', ( #5531, #5763, #6678, #4394 ) ) ;
#4962 = CARTESIAN_POINT ( 'NONE',  ( -5.000000000000000000, 9.000000000000000000, -3.999999999999997335 ) ) ;
#4963 = CARTESIAN_POINT ( 'NONE',  ( 0.000000000000000000, -3.476614387557724228, 2.525414420702734031 ) ) ;
#4964 = EDGE_CURVE ( 'NONE', #3411, #2997, #1084, .T. ) ;
#4965 = CARTESIAN_POINT ( 'NONE',  ( -2.033369974170244010, -4.223685321138081150, 2.452385657794024620 ) ) ;
#4966 = CARTESIAN_POINT ( 'NONE',  ( -1.785737662185200358, -5.552575926019098773, 1.785737662185199470 ) ) ;
#4967 = EDGE_LOOP ( 'NONE', ( #6541, #983 ) ) ;
#4968 = CARTESIAN_POINT ( 'NONE',  ( -0.9924309435885146913, -4.015052909135506276, 2.969887320800847164 ) ) ;
#4969 = CARTESIAN_POINT ( 'NONE',  ( -2.606696611183512591, -8.816476050025203293, 0.3438061839004442066 ) ) ;
#4970 = CARTESIAN_POINT ( 'NONE',  ( 0.000000000000000000, 3.999999999999999112, 4.500000000000001776 ) ) ;
#4971 = CARTESIAN_POINT ( 'NONE',  ( 0.6716511764693929853, -4.909210001352459329, 3.058975707360575225 ) ) ;
#4972 = CARTESIAN_POINT ( 'NONE',  ( 2.646135359487894689, -7.871373014547616620, 1.773868368129502437 ) ) ;
#4973 = CARTESIAN_POINT ( 'NONE',  ( 3.062342828836507991, -7.675963174144618151, -0.8486105792813843918 ) ) ;
#4974 = CARTESIAN_POINT ( 'NONE',  ( 0.000000000000000000, -7.384306695249723163, 2.525414420702734031 ) ) ;
#4975 = CARTESIAN_POINT ( 'NONE',  ( 1.727531973270403975, -7.060811161154218141, -1.727531973270403975 ) ) ;
#4976 = EDGE_CURVE ( 'NONE', #2181, #4439, #2865, .T. ) ;
#4977 = CARTESIAN_POINT ( 'NONE',  ( 1.315128060534577203, -7.473557692307817746, -3.174999999999999378 ) ) ;
#4978 = CARTESIAN_POINT ( 'NONE',  ( 1.175742550525867181, -3.624824386825131750, -2.961033868074352426 ) ) ;
#4979 = FACE_OUTER_BOUND ( 'NONE', #2558, .T. ) ;
#4980 = CARTESIAN_POINT ( 'NONE',  ( -1.600256610980558936, -3.422438669906328279, -2.755208047288184137 ) ) ;
#4981 = CARTESIAN_POINT ( 'NONE',  ( 2.864591515317770121, -6.872603921503825042, 1.393811523216481829 ) ) ;
#4982 = CARTESIAN_POINT ( 'NONE',  ( 1.407800488116434545, -6.823176327791488305, 2.797669601713677068 ) ) ;
#4983 = DIRECTION ( 'NONE',  ( 0.000000000000000000, 1.927470528863119295E-16, -1.000000000000000000 ) ) ;
#4984 = VERTEX_POINT ( 'NONE', #1428 ) ;
#4985 = DIRECTION ( 'NONE',  ( 2.846556599890768726E-32, -2.503857664561933362E-16, -1.000000000000000000 ) ) ;
#4986 = DIRECTION ( 'NONE',  ( 0.000000000000000000, -3.469446951953615175E-16, 1.000000000000000000 ) ) ;
#4987 = CARTESIAN_POINT ( 'NONE',  ( 1.046060903667666020, -8.112327920135093962, -2.525414420702734031 ) ) ;
#4988 = DIRECTION ( 'NONE',  ( 0.000000000000000000, 0.000000000000000000, 1.000000000000000000 ) ) ;
#4989 = CARTESIAN_POINT ( 'NONE',  ( 3.092740686834170350E-16, -6.097424073981406956, -2.525414420702734031 ) ) ;
#4990 = CARTESIAN_POINT ( 'NONE',  ( -0.2814674524597362004, -5.567513699032956787, -3.165202159580039698 ) ) ;
#4991 = CARTESIAN_POINT ( 'NONE',  ( 2.543902038520148068, -5.864869529904152223, 1.918188669302816507 ) ) ;
#4992 = FACE_BOUND ( 'NONE', #5345, .T. ) ;
#4993 = ORIENTED_EDGE ( 'NONE', *, *, #6643, .T. ) ;
#4994 = DIRECTION ( 'NONE',  ( 1.000000000000000000, -1.224646799147352961E-16, -1.445602896647340889E-16 ) ) ;
#4995 = EDGE_CURVE ( 'NONE', #3229, #3622, #4449, .T. ) ;
#4996 = ORIENTED_EDGE ( 'NONE', *, *, #2603, .F. ) ;
#4997 = FACE_OUTER_BOUND ( 'NONE', #4428, .T. ) ;
#4998 = CARTESIAN_POINT ( 'NONE',  ( 3.092740686834170350E-16, -3.965075926019224095, -2.525414420702734031 ) ) ;
#4999 = CARTESIAN_POINT ( 'NONE',  ( -3.166347661686379489, -4.315296548281351896, -0.3512018336855073364 ) ) ;
#5000 = CARTESIAN_POINT ( 'NONE',  ( 3.092740686834170350E-16, -6.895845156788223740, -2.525414420702734031 ) ) ;
#5001 = ORIENTED_EDGE ( 'NONE', *, *, #6030, .F. ) ;
#5002 = CARTESIAN_POINT ( 'NONE',  ( 3.012126634182588081, -7.768766231805987132, 1.024980501331807181 ) ) ;
#5003 = CARTESIAN_POINT ( 'NONE',  ( -2.156756863835536553, -8.763959808634870896, 1.593676888203359177 ) ) ;
#5004 = CARTESIAN_POINT ( 'NONE',  ( -3.175038196041496619, -7.238633555572169698, -0.2062962172634474345 ) ) ;
#5005 = CARTESIAN_POINT ( 'NONE',  ( 3.007691987310425308, -7.764833488251486671, -0.8435417891598818718 ) ) ;
#5006 = CARTESIAN_POINT ( 'NONE',  ( -1.234621653045924194, -7.936147297429719139, 2.869505004111002400 ) ) ;
#5007 = CARTESIAN_POINT ( 'NONE',  ( -2.443099146032160274, -3.763695776539091487, -4.487900323781875854E-16 ) ) ;
#5008 = CARTESIAN_POINT ( 'NONE',  ( -3.174999999999999378, -8.206250000000068212, -1.315128060534578980 ) ) ;
#5009 = AXIS2_PLACEMENT_3D ( 'NONE', #1387, #3081, #291 ) ;
#5010 = CARTESIAN_POINT ( 'NONE',  ( 2.344861141047608566, -3.694837896693647483, -2.144568101668096638 ) ) ;
#5011 = DIRECTION ( 'NONE',  ( -0.000000000000000000, -1.000000000000000000, -1.836970198721029688E-16 ) ) ;
#5012 = CARTESIAN_POINT ( 'NONE',  ( 1.398808912045334862, -3.892742672693968675, 2.793109257616813945 ) ) ;
#5013 = CARTESIAN_POINT ( 'NONE',  ( 2.440582690674672151, -6.631948951745947340, -2.047542552615963629 ) ) ;
#5014 = CARTESIAN_POINT ( 'NONE',  ( -2.792295586046183331, -7.090480877165565410, 1.516955198169330998 ) ) ;
#5015 = CARTESIAN_POINT ( 'NONE',  ( 1.595207822744325155, -3.738656460272724136, -2.694377913879457243 ) ) ;
#5016 = CIRCLE ( 'NONE', #4068, 4.499999999999999112 ) ;
#5017 = DIRECTION ( 'NONE',  ( 1.669238443041287183E-16, -0.000000000000000000, 1.000000000000000000 ) ) ;
#5018 = CARTESIAN_POINT ( 'NONE',  ( 2.096557444304360640, -5.895537497899725032, 2.393542469342080370 ) ) ;
#5019 = CARTESIAN_POINT ( 'NONE',  ( -1.785737662185199692, -8.906077920135031079, -1.785737662185200358 ) ) ;
#5020 = DIRECTION ( 'NONE',  ( -1.776356839400250465E-15, 0.000000000000000000, 1.000000000000000000 ) ) ;
#5021 = CARTESIAN_POINT ( 'NONE',  ( -2.525414420702734031, -3.899347150904656889, -4.639111030251255524E-16 ) ) ;
#5022 = CARTESIAN_POINT ( 'NONE',  ( 2.902707792110684082, -5.698029715723834876, -1.312467679031288359 ) ) ;
#5023 = CIRCLE ( 'NONE', #211, 3.000000000000001332 ) ;
#5024 = CARTESIAN_POINT ( 'NONE',  ( 3.120956079770296210, -5.731691870063713168, 0.5981111726695095276 ) ) ;
#5025 = CARTESIAN_POINT ( 'NONE',  ( -1.020282992730985105, -3.500000000000000444, -3.021979703781997539 ) ) ;
#5026 = ORIENTED_EDGE ( 'NONE', *, *, #4223, .F. ) ;
#5027 = CARTESIAN_POINT ( 'NONE',  ( 0.000000000000000000, 1.499999999999999556, 1.928818708657080950E-15 ) ) ;
#5028 = EDGE_LOOP ( 'NONE', ( #2406, #397, #4285 ) ) ;
#5029 = AXIS2_PLACEMENT_3D ( 'NONE', #472, #6082, #3187 ) ;
#5030 = CARTESIAN_POINT ( 'NONE',  ( -1.315128060534576537, -3.565865384615813038, -3.175000000000000266 ) ) ;
#5031 = FACE_OUTER_BOUND ( 'NONE', #6931, .T. ) ;
#5032 = EDGE_CURVE ( 'NONE', #2229, #3657, #7166, .T. ) ;
#5033 = CARTESIAN_POINT ( 'NONE',  ( -1.428913324619600633, -4.557865948290590552, -2.786782442762842038 ) ) ;
#5034 = CARTESIAN_POINT ( 'NONE',  ( -1.046060903667665354, -6.834787464480536201, -2.525414420702734475 ) ) ;
#5035 = ORIENTED_EDGE ( 'NONE', *, *, #1793, .T. ) ;
#5036 = CARTESIAN_POINT ( 'NONE',  ( 3.106474369936318425, -3.702148123380875955, -0.3929693109574775023 ) ) ;
#5037 = CARTESIAN_POINT ( 'NONE',  ( -0.5362676551010550074, -8.688269560293079508, 2.714452496873700937 ) ) ;
#5038 = AXIS2_PLACEMENT_3D ( 'NONE', #7139, #4317, #7032 ) ;
#5039 = CARTESIAN_POINT ( 'NONE',  ( -1.935750036586800338, -7.087198555849660409, 2.525153631482886407 ) ) ;
#5040 = CARTESIAN_POINT ( 'NONE',  ( 1.311543968654898640, -7.630030834213266999, -2.843712266194398985 ) ) ;
#5041 = CARTESIAN_POINT ( 'NONE',  ( -3.133321256210396921, -8.180599875508269392, 0.5295229935451090109 ) ) ;
#5042 = CIRCLE ( 'NONE', #2578, 5.000000000000000000 ) ;
#5043 = CARTESIAN_POINT ( 'NONE',  ( -1.011964800508647233, -5.900715007308154014, -2.443099146032161162 ) ) ;
#5044 = CARTESIAN_POINT ( 'NONE',  ( 3.174999999999999378, -6.618750000000192202, -1.315128060534576759 ) ) ;
#5045 = ADVANCED_FACE ( 'NONE', ( #5710 ), #2224, .F. ) ;
#5046 = CARTESIAN_POINT ( 'NONE',  ( -1.131750055508937258, -3.570424480902843811, -2.969322574957544703 ) ) ;
#5047 = B_SPLINE_CURVE_WITH_KNOTS ( 'NONE', 3,
 ( #2230, #6265, #685, #6782, #1232, #1271, #5129, #140 ),
 .UNSPECIFIED., .F., .F.,
 ( 4, 2, 2, 4 ),
 ( 2.544334156052300110E-07, 0.0008979680449067928760, 0.001346824850652386576, 0.001795681656397980384 ),
 .UNSPECIFIED. ) ;
#5048 = CYLINDRICAL_SURFACE ( 'NONE', #6800, 3.174999999999999822 ) ;
#5049 = CARTESIAN_POINT ( 'NONE',  ( 3.176761973294760288, -3.752634300481638263, 0.07819388412939352884 ) ) ;
#5050 = CARTESIAN_POINT ( 'NONE',  ( 2.742444166673426054, -6.657545432879047098, -1.621071980965934189 ) ) ;
#5051 = CARTESIAN_POINT ( 'NONE',  ( -2.044505444647247927, -7.093817377673879321, 2.443406668586400876 ) ) ;
#5052 = CARTESIAN_POINT ( 'NONE',  ( 1.144353770114521884, -3.713055922608967219, -2.914585483031908453 ) ) ;
#5053 = CIRCLE ( 'NONE', #3173, 4.500000000000000888 ) ;
#5054 = VERTEX_POINT ( 'NONE', #6850 ) ;
#5055 = CARTESIAN_POINT ( 'NONE',  ( 3.072824868718080804, -5.723375007814522242, -0.8258576735281317749 ) ) ;
#5056 = CARTESIAN_POINT ( 'NONE',  ( -1.785737662185200358, -3.777231766289281811, 1.785737662185199470 ) ) ;
#5057 = FACE_OUTER_BOUND ( 'NONE', #6361, .T. ) ;
#5058 = MANIFOLD_SOLID_BREP ( 'Mirror2', #416 ) ;
#5059 = CARTESIAN_POINT ( 'NONE',  ( -2.525414420702733587, -4.937327920135343717, -1.046060903667667130 ) ) ;
#5060 = CARTESIAN_POINT ( 'NONE',  ( 0.5019943713724739354, -5.543842731975174409, -3.145845139924780209 ) ) ;
#5061 = CARTESIAN_POINT ( 'NONE',  ( 0.02707367336204365843, -6.006853155146916201, 3.186002731348263506 ) ) ;
#5062 = VERTEX_POINT ( 'NONE', #3878 ) ;
#5063 = CARTESIAN_POINT ( 'NONE',  ( 2.999999999999996003, 2.267949192431120586, -6.500000000000000000 ) ) ;
#5064 = ORIENTED_EDGE ( 'NONE', *, *, #5800, .T. ) ;
#5065 = CARTESIAN_POINT ( 'NONE',  ( -1.727531973270404198, -8.526195776538715521, 1.727531973270403531 ) ) ;
#5066 = CARTESIAN_POINT ( 'NONE',  ( -1.023498171199864082, -7.035995573812522608, 3.012622612486693718 ) ) ;
#5067 = CARTESIAN_POINT ( 'NONE',  ( -4.333683988238894003, -0.4999999999999989453, 1.493839148422509311 ) ) ;
#5068 = CARTESIAN_POINT ( 'NONE',  ( 0.06006233628020425652, -4.634918354963499354, -3.131030008292176703 ) ) ;
#5069 = CARTESIAN_POINT ( 'NONE',  ( -1.785737662185199692, -8.727575926018847241, -1.785737662185200358 ) ) ;
#5070 = ORIENTED_EDGE ( 'NONE', *, *, #3147, .T. ) ;
#5071 = CARTESIAN_POINT ( 'NONE',  ( -3.174930177817013810, -4.308580546207666728, -0.2098538702176995230 ) ) ;
#5072 = CARTESIAN_POINT ( 'NONE',  ( -0.2862887430526582788, -6.110854379815699566, 3.118122167570320791 ) ) ;
#5073 = CARTESIAN_POINT ( 'NONE',  ( 0.000000000000000000, -3.655116381673906734, 2.525414420702734031 ) ) ;
#5074 = CARTESIAN_POINT ( 'NONE',  ( -3.123180665624790020, -8.281720053264585601, -0.4852514750079966466 ) ) ;
#5075 = CARTESIAN_POINT ( 'NONE',  ( 0.7059523352852133948, -3.499999999999999112, -3.026352182910152511 ) ) ;
#5076 = CARTESIAN_POINT ( 'NONE',  ( 2.880956839448618467, -7.745164897132948312, -1.207509517151950984 ) ) ;
#5077 = CARTESIAN_POINT ( 'NONE',  ( -1.607415022977544128, -8.044728270848958473, 2.741218215836386030 ) ) ;
#5078 = ADVANCED_FACE ( 'NONE', ( #3943 ), #3406, .T. ) ;
#5079 = EDGE_CURVE ( 'NONE', #5667, #4884, #2462, .T. ) ;
#5080 = CARTESIAN_POINT ( 'NONE',  ( 3.174999999999999822, -8.633653846153880096, 1.944126793646423041E-16 ) ) ;
#5081 = CARTESIAN_POINT ( 'NONE',  ( -1.234740550853938856, -3.591729359418509127, -2.869385249921504233 ) ) ;
#5082 = DIRECTION ( 'NONE',  ( -0.000000000000000000, -1.000000000000000000, -0.000000000000000000 ) ) ;
#5083 = CARTESIAN_POINT ( 'NONE',  ( 3.176829948217505972, -3.813281014419615200, 0.07525246295240960170 ) ) ;
#5084 = ORIENTED_EDGE ( 'NONE', *, *, #3772, .F. ) ;
#5085 = CC_DESIGN_APPROVAL ( #3458, ( #414 ) ) ;
#5086 = CARTESIAN_POINT ( 'NONE',  ( 1.644430394283292296, -6.642626851212163785, -2.728445686151565130 ) ) ;
#5087 = CARTESIAN_POINT ( 'NONE',  ( 0.9388574636207569490, -6.877774239054331495, 3.035899705330850296 ) ) ;
#5088 = DIRECTION ( 'NONE',  ( 1.445602896647340642E-16, -2.503857664561933855E-16, 1.000000000000000000 ) ) ;
#5089 = ORIENTED_EDGE ( 'NONE', *, *, #2113, .T. ) ;
#5090 = FACE_OUTER_BOUND ( 'NONE', #1822, .T. ) ;
#5091 = CARTESIAN_POINT ( 'NONE',  ( 2.525414420702734031, -4.448866381673845183, 1.046060903667665798 ) ) ;
#5092 = DIRECTION ( 'NONE',  ( 2.846556599890768726E-32, -2.503857664561933362E-16, -1.000000000000000000 ) ) ;
#5093 = DIRECTION ( 'NONE',  ( 0.000000000000000000, -3.469446951953615175E-16, 1.000000000000000000 ) ) ;
#5094 = CARTESIAN_POINT ( 'NONE',  ( 1.936504816475327573, -5.622291239432670729, -2.529806009909964182 ) ) ;
#5095 = CARTESIAN_POINT ( 'NONE',  ( 1.521898248318676927, -5.839681369299228209, 2.737176373800356277 ) ) ;
#5096 = ORIENTED_EDGE ( 'NONE', *, *, #1225, .F. ) ;
#5097 = CARTESIAN_POINT ( 'NONE',  ( 3.789903294327067639E-16, -8.347616801051799484, -3.094690891255948983 ) ) ;
#5098 = VERTEX_POINT ( 'NONE', #1846 ) ;
#5099 = CARTESIAN_POINT ( 'NONE',  ( 2.443099146032160718, -8.220907315000278714, 1.011964800508647677 ) ) ;
#5100 = CARTESIAN_POINT ( 'NONE',  ( -3.154366206866353828, -7.249321810181121428, -0.4163941685319446639 ) ) ;
#5101 = CARTESIAN_POINT ( 'NONE',  ( 2.391248127921796751, -4.899257027706301670, 2.098970574910748788 ) ) ;
#5102 = CARTESIAN_POINT ( 'NONE',  ( 2.094334975997834025, -4.716179615237278355, -2.389864099338921299 ) ) ;
#5103 = CARTESIAN_POINT ( 'NONE',  ( 1.404151890643518863, -4.869541409634488893, 2.799659501593432687 ) ) ;
#5104 = CARTESIAN_POINT ( 'NONE',  ( 1.046060903667666020, -5.003056695249910923, -2.525414420702734031 ) ) ;
#5105 = EDGE_LOOP ( 'NONE', ( #4703, #827, #6888, #1600 ) ) ;
#5106 = CARTESIAN_POINT ( 'NONE',  ( 0.000000000000000000, 3.999999999999999112, 0.000000000000000000 ) ) ;
#5107 = CARTESIAN_POINT ( 'NONE',  ( -2.181309861507356729, -7.442525791348245434, -2.246396660623586783 ) ) ;
#5108 = CARTESIAN_POINT ( 'NONE',  ( -1.785737662185200358, -3.598729772173098862, 1.785737662185199470 ) ) ;
#5109 = CARTESIAN_POINT ( 'NONE',  ( 3.091680054236794817, -6.700865705866704936, -0.8326151984310912191 ) ) ;
#5110 = PLANE ( 'NONE',  #2805 ) ;
#5111 = CARTESIAN_POINT ( 'NONE',  ( 1.924582815792982959, -7.921293431681047714, 2.528577164140404676 ) ) ;
#5112 = CARTESIAN_POINT ( 'NONE',  ( -1.584071765375048901, -7.956116635657015657, 2.692392582062655748 ) ) ;
#5113 = CARTESIAN_POINT ( 'NONE',  ( -2.245064030267287958, -7.290384615384756017, -2.245064030267288846 ) ) ;
#5114 = DIRECTION ( 'NONE',  ( 1.000000000000000000, 0.000000000000000000, 0.000000000000000000 ) ) ;
#5115 = CARTESIAN_POINT ( 'NONE',  ( 0.9356670643768635331, -4.007970803394454329, 3.036874682754070243 ) ) ;
#5116 = ORIENTED_EDGE ( 'NONE', *, *, #2470, .T. ) ;
#5117 = ADVANCED_FACE ( 'NONE', ( #2439 ), #4652, .F. ) ;
#5118 = CARTESIAN_POINT ( 'NONE',  ( 3.066125498016479600, -6.798789826325775998, -0.6373801073834302056 ) ) ;
#5119 = CARTESIAN_POINT ( 'NONE',  ( -0.8723457023274853173, -6.939401866884010950, 3.008174113952296391 ) ) ;
#5120 = CARTESIAN_POINT ( 'NONE',  ( 2.668023984990257613, -3.812912904858743346, -1.639315663339655949 ) ) ;
#5121 = FACE_OUTER_BOUND ( 'NONE', #2189, .T. ) ;
#5122 = DIRECTION ( 'NONE',  ( 0.000000000000000000, 0.000000000000000000, 1.000000000000000000 ) ) ;
#5123 = CARTESIAN_POINT ( 'NONE',  ( -2.525414420702733587, -5.792135612442969261, 1.046060903667666242 ) ) ;
#5124 = DIRECTION ( 'NONE',  ( 0.000000000000000000, 1.000000000000000000, 0.000000000000000000 ) ) ;
#5125 = CARTESIAN_POINT ( 'NONE',  ( -1.785737662185199692, -5.975308689366031878, -1.785737662185200358 ) ) ;
#5126 = CARTESIAN_POINT ( 'NONE',  ( -1.504206467594779717, -5.530452083870235569, -2.746868368414430606 ) ) ;
#5127 = CARTESIAN_POINT ( 'NONE',  ( -3.100418704197926978, -6.144879744062862414, 0.3814880707113178504 ) ) ;
#5128 = ORIENTED_EDGE ( 'NONE', *, *, #6025, .T. ) ;
#5129 = CARTESIAN_POINT ( 'NONE',  ( 1.368624501294178009, 6.673925890896038382, -6.500000000000000888 ) ) ;
#5130 = VERTEX_POINT ( 'NONE', #6885 ) ;
#5131 = CARTESIAN_POINT ( 'NONE',  ( 1.011964800508647899, -3.184861915769476415, -2.443099146032160718 ) ) ;
#5132 = CARTESIAN_POINT ( 'NONE',  ( -2.999999999999997335, 3.251865393046783126, -4.088789229767366251 ) ) ;
#5133 = DIRECTION ( 'NONE',  ( 0.000000000000000000, 0.000000000000000000, 1.000000000000000000 ) ) ;
#5134 = AXIS2_PLACEMENT_3D ( 'NONE', #3465, #1805, #5778 ) ;
#5135 = ADVANCED_FACE ( 'NONE', ( #1955, #6403 ), #4724, .T. ) ;
#5136 = CARTESIAN_POINT ( 'NONE',  ( 2.458907547624578527, -4.740858492767782373, -2.012788188271255496 ) ) ;
#5137 = CARTESIAN_POINT ( 'NONE',  ( -0.5023531665247086275, -4.994229845140834456, 3.137801656022659813 ) ) ;
#5138 = CARTESIAN_POINT ( 'NONE',  ( -2.525414420702733587, -3.659787464480786845, 1.046060903667666242 ) ) ;
#5139 = ORIENTED_EDGE ( 'NONE', *, *, #598, .F. ) ;
#5140 = CARTESIAN_POINT ( 'NONE',  ( -2.097465401844521349, -4.167023292972704240, 2.392575264650270483 ) ) ;
#5141 = CARTESIAN_POINT ( 'NONE',  ( 2.859152427029636012, -6.764553059011454650, -1.276584496713855543 ) ) ;
#5142 = CONICAL_SURFACE ( 'NONE', #1966, 4.500000000000000888, 1.134464013796316673 ) ;
#5143 = CARTESIAN_POINT ( 'NONE',  ( 1.046060903667666020, -5.979979772172910657, -2.525414420702734031 ) ) ;
#5144 = CARTESIAN_POINT ( 'NONE',  ( 1.023336863934994456, -6.547523312008903140, -3.012790437472637972 ) ) ;
#5145 = LINE ( 'NONE', #1358, #3 ) ;
#5146 = CARTESIAN_POINT ( 'NONE',  ( 2.439238757480160391, -3.500000000000000888, -1.519698830995083183 ) ) ;
#5147 = CARTESIAN_POINT ( 'NONE',  ( 0.02967657672451465278, -7.871309958730534184, 3.131758569522734348 ) ) ;
#5148 = AXIS2_PLACEMENT_3D ( 'NONE', #844, #7086, #6464 ) ;
#5149 = CARTESIAN_POINT ( 'NONE',  ( 2.245064030267288402, -3.626923076923505462, -2.245064030267287958 ) ) ;
#5150 = CARTESIAN_POINT ( 'NONE',  ( 2.097295615659059198, -3.942193258387463484, 2.392795867379462926 ) ) ;
#5151 = CARTESIAN_POINT ( 'NONE',  ( -2.511324221534053880, -4.133707083927403936, 1.960689095005766491 ) ) ;
#5152 = ORIENTED_EDGE ( 'NONE', *, *, #1258, .T. ) ;
#5153 = CARTESIAN_POINT ( 'NONE',  ( 2.155820999628427881, -6.869117831514986783, 2.334566287355631875 ) ) ;
#5154 = CARTESIAN_POINT ( 'NONE',  ( -2.537465384165374260, -7.042756526554287966, 1.821991573987394197 ) ) ;
#5155 = CARTESIAN_POINT ( 'NONE',  ( 4.740078536367993249E-16, 0.5556762387720517449, 3.870567856518485783 ) ) ;
#5156 = CIRCLE ( 'NONE', #2929, 2.179449471770332103 ) ;
#5157 = B_SPLINE_CURVE_WITH_KNOTS ( 'NONE', 3,
 ( #593, #3279, #5584, #83, #5623, #2792, #5517, #2241, #2167, #491 ),
 .UNSPECIFIED., .F., .F.,
 ( 4, 2, 2, 2, 4 ),
 ( 0.001250624564620982006, 0.001683581201043952719, 0.002116537837466922999, 0.002549494473889893711, 0.002982451110312864424 ),
 .UNSPECIFIED. ) ;
#5158 = CARTESIAN_POINT ( 'NONE',  ( 2.598076211353316456, -0.4999999999999995559, 4.499999999999999112 ) ) ;
#5159 = CARTESIAN_POINT ( 'NONE',  ( 0.4757650006820795530, 7.189418563922945538, -4.212898027095807407 ) ) ;
#5160 = CARTESIAN_POINT ( 'NONE',  ( -2.525414420702733587, -4.937327920135343717, -1.046060903667667130 ) ) ;
#5161 = CARTESIAN_POINT ( 'NONE',  ( -2.321689225793385436, 3.999999999999999112, -12.37260010383188202 ) ) ;
#5162 = CARTESIAN_POINT ( 'NONE',  ( -2.525414420702734031, -4.876270227827656178, -4.639111030251255524E-16 ) ) ;
#5163 = AXIS2_PLACEMENT_3D ( 'NONE', #4916, #4880, #5462 ) ;
#5164 = CARTESIAN_POINT ( 'NONE',  ( -2.102999903194215037, -6.121121066640618835, 2.392842459220048568 ) ) ;
#5165 = CARTESIAN_POINT ( 'NONE',  ( -3.089271445770383817, -6.153550848486472269, 0.7785519160922805826 ) ) ;
#5166 = ORIENTED_EDGE ( 'NONE', *, *, #6788, .T. ) ;
#5167 = PLANE ( 'NONE',  #2670 ) ;
#5168 = ORIENTED_EDGE ( 'NONE', *, *, #6866, .F. ) ;
#5169 = CARTESIAN_POINT ( 'NONE',  ( 1.727531973270403975, -8.281965007307965365, 1.727531973270403975 ) ) ;
#5170 = CARTESIAN_POINT ( 'NONE',  ( -1.591851627024537752, -7.391835225403411869, -2.754971827795944073 ) ) ;
#5171 = FACE_OUTER_BOUND ( 'NONE', #4254, .T. ) ;
#5172 = EDGE_CURVE ( 'NONE', #78, #5717, #4352, .T. ) ;
#5173 = CARTESIAN_POINT ( 'NONE',  ( 0.06541434160244496976, -4.546294195064953136, -3.184973012703097073 ) ) ;
#5174 = CARTESIAN_POINT ( 'NONE',  ( -0.3695715743612211224, -4.987711642727539640, 3.156185926700746158 ) ) ;
#5175 = CARTESIAN_POINT ( 'NONE',  ( -0.8214175295233331342, -6.456814101582797782, -3.073882557889053402 ) ) ;
#5176 = ORIENTED_EDGE ( 'NONE', *, *, #286, .T. ) ;
#5177 = CARTESIAN_POINT ( 'NONE',  ( -3.866963810511701855E-15, -7.473833473861717813, -3.174999999999999822 ) ) ;
#5178 = CARTESIAN_POINT ( 'NONE',  ( 2.795175851183145710, -6.902999639262537457, 1.411308102618569871 ) ) ;
#5179 = CARTESIAN_POINT ( 'NONE',  ( 1.785737662185200136, -6.041037464480599084, -1.785737662185199692 ) ) ;
#5180 = CARTESIAN_POINT ( 'NONE',  ( 1.727531973270403975, -3.397349622692966253, 1.727531973270403975 ) ) ;
#5181 = CARTESIAN_POINT ( 'NONE',  ( 3.073245549593173198, -6.781340459126885989, 0.8240449908103605337 ) ) ;
#5182 = CARTESIAN_POINT ( 'NONE',  ( 2.999999999999996447, 2.537271802364449602, -6.170559689828952088 ) ) ;
#5183 = CARTESIAN_POINT ( 'NONE',  ( 0.7718276235840829669, -8.640905398278716731, 2.720025853648379677 ) ) ;
#5184 = CARTESIAN_POINT ( 'NONE',  ( -3.175099018383965799, -8.218205089894841109, -0.2633346213736121322 ) ) ;
#5185 = CARTESIAN_POINT ( 'NONE',  ( 0.000000000000000000, -3.993269230769630695, 3.174999999999999822 ) ) ;
#5186 = CARTESIAN_POINT ( 'NONE',  ( -3.174980609030881418, -6.242378614155540184, 0.2098842429400210596 ) ) ;
#5187 = CARTESIAN_POINT ( 'NONE',  ( -3.090774518819441763, -4.184992788584351864, 0.5053864558573673005 ) ) ;
#5188 = EDGE_LOOP ( 'NONE', ( #3202, #5199, #1524, #360 ) ) ;
#5189 = CARTESIAN_POINT ( 'NONE',  ( 2.428078451898330936, -6.850670261793049498, 2.049914312914772108 ) ) ;
#5190 = CARTESIAN_POINT ( 'NONE',  ( -2.956490660362706802, -7.226559184229369492, -1.165019162097574501 ) ) ;
#5191 = CARTESIAN_POINT ( 'NONE',  ( 2.998532216153154462, -4.831128342378359974, -0.9019166327380377934 ) ) ;
#5192 = CARTESIAN_POINT ( 'NONE',  ( -2.303216913258387510, -8.233043615988606234, -2.121239112693954265 ) ) ;
#5193 = CARTESIAN_POINT ( 'NONE',  ( 1.639679350753628105E-11, -5.519435756908671387, -3.174999999999999822 ) ) ;
#5194 = CARTESIAN_POINT ( 'NONE',  ( 2.525414420702734031, -5.303674073981469839, -1.046060903667665576 ) ) ;
#5195 = CARTESIAN_POINT ( 'NONE',  ( -3.179438481279639905, -8.215700101022569868, -0.1995619410387068360 ) ) ;
#5196 = CARTESIAN_POINT ( 'NONE',  ( -3.073440175147069020, -5.315911261093411611, -0.8231650894840822907 ) ) ;
#5197 = CARTESIAN_POINT ( 'NONE',  ( 3.028789904097769714, -5.873655331484118669, 0.9874147390167555827 ) ) ;
#5198 = CARTESIAN_POINT ( 'NONE',  ( -3.123834609764298609, -6.163701797605475541, -0.007302656087895945114 ) ) ;
#5199 = ORIENTED_EDGE ( 'NONE', *, *, #6030, .T. ) ;
#5200 = CARTESIAN_POINT ( 'NONE',  ( 2.150447440026356016, 1.777459793239602792, -4.089514819218205588 ) ) ;
#5201 = ORIENTED_EDGE ( 'NONE', *, *, #2157, .F. ) ;
#5202 = CARTESIAN_POINT ( 'NONE',  ( 1.011964800508647899, -4.161784992692476592, -2.443099146032160718 ) ) ;
#5203 = CARTESIAN_POINT ( 'NONE',  ( -0.2349487191107613726, 7.328453908913394876, -4.328453908913107107 ) ) ;
#5204 = CARTESIAN_POINT ( 'NONE',  ( 1.405585559549515251, -5.937009410230058570, 2.854424009985688571 ) ) ;
#5205 = CARTESIAN_POINT ( 'NONE',  ( 3.077667375878028189, -4.888130089987499538, 0.8223776276758700821 ) ) ;
#5206 = CARTESIAN_POINT ( 'NONE',  ( -1.811835890182987185, -5.038802220156938461, 2.554520098721827281 ) ) ;
#5207 = CARTESIAN_POINT ( 'NONE',  ( -2.393451257392595455, -6.140313205823501264, 2.096641855954982869 ) ) ;
#5208 = ORIENTED_EDGE ( 'NONE', *, *, #5582, .T. ) ;
#5209 = CARTESIAN_POINT ( 'NONE',  ( -1.937577305631988045, -4.157071878654024388, 2.523820768424646754 ) ) ;
#5210 = ADVANCED_FACE ( 'NONE', ( #5750 ), #6335, .F. ) ;
#5211 = CARTESIAN_POINT ( 'NONE',  ( 1.334628746688754752, -7.631336109809899071, -2.832720276734759679 ) ) ;
#5212 = SECURITY_CLASSIFICATION ( '', '', #6988 ) ;
#5213 = CARTESIAN_POINT ( 'NONE',  ( -1.046060903667665354, -5.857864387557538244, -2.525414420702734475 ) ) ;
#5214 = CARTESIAN_POINT ( 'NONE',  ( 2.525414420702734031, -6.163152849095974162, 1.546370343417085175E-16 ) ) ;
#5215 = CARTESIAN_POINT ( 'NONE',  ( 2.099164000897780991, -6.609439081842235275, -2.391057766855908984 ) ) ;
#5216 = CARTESIAN_POINT ( 'NONE',  ( 1.963185670432775476, -4.011234189593843702, 2.498692360303624849 ) ) ;
#5217 = LINE ( 'NONE', #2421, #1048 ) ;
#5218 = CARTESIAN_POINT ( 'NONE',  ( 0.7563812510844374337, -8.372647659855880775, -2.981192113037105962 ) ) ;
#5219 = CARTESIAN_POINT ( 'NONE',  ( 0.000000000000000000, -5.947115384615630163, 3.174999999999999822 ) ) ;
#5220 = CARTESIAN_POINT ( 'NONE',  ( -3.012523340655654192, -6.201478817082974437, 1.024008814608195594 ) ) ;
#5221 = CARTESIAN_POINT ( 'NONE',  ( -3.008121430413353448, -4.289445008268812032, -1.049740868927522053 ) ) ;
#5222 = ORIENTED_EDGE ( 'NONE', *, *, #2645, .F. ) ;
#5223 = CARTESIAN_POINT ( 'NONE',  ( -2.367952186027421302, -7.206996624843386989, 2.049334909460641008 ) ) ;
#5224 = CARTESIAN_POINT ( 'NONE',  ( -2.850813939708143785, -7.300481831999852567, -1.403907924508336125 ) ) ;
#5225 = CARTESIAN_POINT ( 'NONE',  ( 0.5202286240167774967, -5.095129221336426539, 3.087712449382842728 ) ) ;
#5226 = CARTESIAN_POINT ( 'NONE',  ( -1.934652011994189902, -8.257114162700080584, -2.462021946618090151 ) ) ;
#5227 = FACE_OUTER_BOUND ( 'NONE', #4547, .T. ) ;
#5228 = CARTESIAN_POINT ( 'NONE',  ( 2.443099146032160718, -5.260823454230851404, -1.011964800508647455 ) ) ;
#5229 = CARTESIAN_POINT ( 'NONE',  ( 2.119902860583477128E-31, 3.999999999999998224, -6.500000000000000000 ) ) ;
#5230 = CARTESIAN_POINT ( 'NONE',  ( -2.853866622500890404, -5.204254027786928916, 1.406713390173510270 ) ) ;
#5231 = CARTESIAN_POINT ( 'NONE',  ( -0.1929647131324643827, -6.106295355632236799, 3.125842835211760207 ) ) ;
#5232 = CARTESIAN_POINT ( 'NONE',  ( -2.793582387272138590, -6.269790911065174832, -1.531656846958246332 ) ) ;
#5233 = ORIENTED_EDGE ( 'NONE', *, *, #5257, .F. ) ;
#5234 = CARTESIAN_POINT ( 'NONE',  ( 3.888253587292846081E-16, -3.499999999999999556, 3.174999999999999822 ) ) ;
#5235 = ORIENTED_EDGE ( 'NONE', *, *, #2528, .T. ) ;
#5236 = CARTESIAN_POINT ( 'NONE',  ( 0.7504575519810972040, -7.925922503832199872, 3.096182871390044333 ) ) ;
#5237 = FACE_OUTER_BOUND ( 'NONE', #1270, .T. ) ;
#5238 = CARTESIAN_POINT ( 'NONE',  ( 1.590492639268285879, -5.601874827305376670, -2.755824189522767309 ) ) ;
#5239 = CARTESIAN_POINT ( 'NONE',  ( 2.777898782732539207, -4.927353302107239763, 1.543042626461457623 ) ) ;
#5240 = TOROIDAL_SURFACE ( 'NONE', #4898, 2.693104151401475743, 0.2000000000000000111 ) ;
#5241 = CARTESIAN_POINT ( 'NONE',  ( -3.049012835878297967, -5.259737328223852870, -0.9238579186770377039 ) ) ;
#5242 = CARTESIAN_POINT ( 'NONE',  ( -3.073376803313462968, -6.292859693742454574, -0.8236851974623849992 ) ) ;
#5243 = ORIENTED_EDGE ( 'NONE', *, *, #3014, .T. ) ;
#5244 = DIRECTION ( 'NONE',  ( 0.000000000000000000, -1.000000000000000000, -2.891205793294677340E-16 ) ) ;
#5245 = CARTESIAN_POINT ( 'NONE',  ( 3.131450482290804249, -7.807171398197961132, 0.001717202652636824712 ) ) ;
#5246 = AXIS2_PLACEMENT_3D ( 'NONE', #2847, #4622, #6301 ) ;
#5247 = CARTESIAN_POINT ( 'NONE',  ( 1.785737662185200136, -5.064114387557598462, -1.785737662185199692 ) ) ;
#5248 = EDGE_CURVE ( 'NONE', #2123, #2269, #824, .T. ) ;
#5249 = CARTESIAN_POINT ( 'NONE',  ( -1.727531973270403975, -2.908888084231466387, -1.727531973270404198 ) ) ;
#5250 = CARTESIAN_POINT ( 'NONE',  ( -2.497109824316356086, -8.101120014189641338, 1.977870247747881338 ) ) ;
#5251 = CARTESIAN_POINT ( 'NONE',  ( 2.968333608469123863, -3.813460134538827262, -1.157082224115018709 ) ) ;
#5252 = CARTESIAN_POINT ( 'NONE',  ( 0.000000000000000000, 3.999999999999999112, -6.633490009669500864 ) ) ;
#5253 = CARTESIAN_POINT ( 'NONE',  ( 0.7139843996658339353, -4.907009860167557136, 3.048716801008127586 ) ) ;
#5254 = CONICAL_SURFACE ( 'NONE', #1497, 4.500000000000000888, 1.134464013796316673 ) ;
#5255 = EDGE_CURVE ( 'NONE', #6456, #1272, #11, .T. ) ;
#5256 = CARTESIAN_POINT ( 'NONE',  ( -1.315128060534576537, -3.443750000000442846, -3.175000000000000266 ) ) ;
#5257 = EDGE_CURVE ( 'NONE', #1752, #441, #2331, .T. ) ;
#5258 = CARTESIAN_POINT ( 'NONE',  ( 2.392276091476178923, -3.922817928043917934, 2.097888477627542603 ) ) ;
#5259 = CARTESIAN_POINT ( 'NONE',  ( -2.801953456764097794, -4.159913333781558364, 1.516611374845351801 ) ) ;
#5260 = CARTESIAN_POINT ( 'NONE',  ( -0.3757691870445736271, -7.003031315186349914, 3.163425408193426769 ) ) ;
#5261 = CARTESIAN_POINT ( 'NONE',  ( -3.116581877155847113, -7.260869125968902438, -0.6608310775894057354 ) ) ;
#5262 = CARTESIAN_POINT ( 'NONE',  ( 0.2083253364330580060, -4.641788241191147968, -3.124316460263959261 ) ) ;
#5263 = VECTOR ( 'NONE', #4387, 1000.000000000000000 ) ;
#5264 = CARTESIAN_POINT ( 'NONE',  ( 2.126876931388983927, -3.500000000000000000, 1.361658002223284925 ) ) ;
#5265 = CARTESIAN_POINT ( 'NONE',  ( -2.853717218867574790, -5.203703678472662908, 1.407364381541636345 ) ) ;
#5266 = ADVANCED_FACE ( 'NONE', ( #1809 ), #3736, .T. ) ;
#5267 = CARTESIAN_POINT ( 'NONE',  ( 1.011964800508647899, -9.046400377307476148, -2.443099146032160718 ) ) ;
#5268 = CARTESIAN_POINT ( 'NONE',  ( 0.000000000000000000, -0.4999999999999995559, 0.000000000000000000 ) ) ;
#5269 = CARTESIAN_POINT ( 'NONE',  ( -1.935540439249713751, -5.133870568830324110, 2.525369019688301631 ) ) ;
#5270 = CARTESIAN_POINT ( 'NONE',  ( 2.455936500675989453, -5.871657815359943910, 2.016470061781510559 ) ) ;
#5271 = CARTESIAN_POINT ( 'NONE',  ( -1.604297740455686405, -6.413584309487086799, -2.743051723523735053 ) ) ;
#5272 = CIRCLE ( 'NONE', #2101, 0.2500000000000000000 ) ;
#5273 = ORIENTED_EDGE ( 'NONE', *, *, #1880, .F. ) ;
#5274 = CARTESIAN_POINT ( 'NONE',  ( 2.764779458370193677, 2.132144549402224420, -4.328296972108858220 ) ) ;
#5275 = VERTEX_POINT ( 'NONE', #6297 ) ;
#5276 = CARTESIAN_POINT ( 'NONE',  ( -1.757177322715092860, -8.114613272124545418, 2.657346304444118346 ) ) ;
#5277 = CARTESIAN_POINT ( 'NONE',  ( -2.999999999999996891, 2.267949192431122363, -6.035898384862248278 ) ) ;
#5278 = AXIS2_PLACEMENT_3D ( 'NONE', #1710, #689, #2340 ) ;
#5279 = CARTESIAN_POINT ( 'NONE',  ( 2.755573513084903059, -5.846122700112053927, 1.590757001434260909 ) ) ;
#5280 = CARTESIAN_POINT ( 'NONE',  ( -0.5459300920511154231, -5.057559134001142986, 3.138620995821453707 ) ) ;
#5281 = CARTESIAN_POINT ( 'NONE',  ( -3.116147171003168292, -5.246333016968408813, -0.6629485272589555889 ) ) ;
#5282 = LINE ( 'NONE', #1969, #5799 ) ;
#5283 = ORIENTED_EDGE ( 'NONE', *, *, #5486, .T. ) ;
#5284 = CARTESIAN_POINT ( 'NONE',  ( -1.499999999999999556, 6.598076211353311571, -4.000000000000001776 ) ) ;
#5285 = CARTESIAN_POINT ( 'NONE',  ( 2.338647960587355801, -7.920543225471416093, 2.082350414873389344 ) ) ;
#5286 = B_SPLINE_CURVE_WITH_KNOTS ( 'NONE', 3,
 ( #2724, #45, #2240, #5658, #2791, #4525, #3891, #4969, #3817, #555, #6757, #3962, #1031, #3277, #5003, #7204, #1717, #7238, #6649, #1175, #3345, #5037, #4486, #6723 ),
 .UNSPECIFIED., .F., .F.,
 ( 4, 2, 2, 2, 2, 2, 2, 2, 2, 2, 2, 4 ),
 ( 1.107762092351296422E-14, 0.0008033480571012433912, 0.001606696114191409272, 0.002410044171281574936, 0.002811718199826657768, 0.003213392228371740600, 0.003615066256916823432, 0.004016740285461907131, 0.004418414314006989529, 0.004820088342552073662, 0.005623436399642239326, 0.006426784456732404123 ),
 .UNSPECIFIED. ) ;
#5287 = CARTESIAN_POINT ( 'NONE',  ( 2.245064030267288402, -7.900961538461624301, 2.245064030267288402 ) ) ;
#5288 = CARTESIAN_POINT ( 'NONE',  ( 3.092740686834170350E-16, -7.872768233711222585, -2.525414420702734031 ) ) ;
#5289 = CARTESIAN_POINT ( 'NONE',  ( -1.785737662185200358, -7.684924073981281190, 1.785737662185199470 ) ) ;
#5290 = CARTESIAN_POINT ( 'NONE',  ( 2.063817741838370523, -4.004976962619488212, 2.416264617980230511 ) ) ;
#5291 = CARTESIAN_POINT ( 'NONE',  ( -2.184164377040692332E-11, -7.473281910752896273, -3.174999999999999822 ) ) ;
#5292 = CARTESIAN_POINT ( 'NONE',  ( -3.057207443943660508, -5.219623773661832722, -0.6774641152994657078 ) ) ;
#5293 = CARTESIAN_POINT ( 'NONE',  ( -2.245064030267288846, -6.069230769231005240, 2.245064030267287514 ) ) ;
#5294 = CARTESIAN_POINT ( 'NONE',  ( 1.406114895278205656, -3.983134408697258433, 2.854201847811729476 ) ) ;
#5295 = CARTESIAN_POINT ( 'NONE',  ( -2.330205043487865613, -4.415396726308552289, -2.172550820947853012 ) ) ;
#5296 = CARTESIAN_POINT ( 'NONE',  ( -2.848097345209529507, -7.157036312208743034, 1.427234880987267918 ) ) ;
#5297 = CARTESIAN_POINT ( 'NONE',  ( -0.3533116810570764432, -7.367430155021930993, -3.103777818258458332 ) ) ;
#5298 = CARTESIAN_POINT ( 'NONE',  ( 1.642327226823423691, -4.718358198376408019, -2.666088587428851575 ) ) ;
#5299 = EDGE_CURVE ( 'NONE', #2201, #4342, #1005, .T. ) ;
#5300 = EDGE_CURVE ( 'NONE', #2002, #1279, #1022, .T. ) ;
#5301 = CARTESIAN_POINT ( 'NONE',  ( 1.984554748460205964, -6.788589952796702853, 2.421993614799961669 ) ) ;
#5302 = CARTESIAN_POINT ( 'NONE',  ( -3.012128168569675246, -5.325940527315334627, -1.024964543130657102 ) ) ;
#5303 = CARTESIAN_POINT ( 'NONE',  ( 1.727531973270403975, -7.153611915769163332, -1.727531973270403975 ) ) ;
#5304 = FACE_OUTER_BOUND ( 'NONE', #5542, .T. ) ;
#5305 = CARTESIAN_POINT ( 'NONE',  ( -0.7553488233643409488, -8.352819149065551230, -3.095205803976481373 ) ) ;
#5306 = CARTESIAN_POINT ( 'NONE',  ( -3.154711794944624614, -5.256106708915976533, 0.4146260212221327124 ) ) ;
#5307 = CARTESIAN_POINT ( 'NONE',  ( 1.968114847251552391, -5.990921975588386239, 2.436066642509203017 ) ) ;
#5308 = CARTESIAN_POINT ( 'NONE',  ( 1.071493810478782782, -6.549648380830520367, -2.991646933294524136 ) ) ;
#5309 = ORIENTED_EDGE ( 'NONE', *, *, #2287, .T. ) ;
#5310 = CARTESIAN_POINT ( 'NONE',  ( 5.196152422706632912, -3.175378794048743458, -8.598703094210284079E-16 ) ) ;
#5311 = EDGE_LOOP ( 'NONE', ( #1766, #41 ) ) ;
#5312 = CARTESIAN_POINT ( 'NONE',  ( -3.037281556709740649, -8.257635776899757474, 0.7638876511631496058 ) ) ;
#5313 = CARTESIAN_POINT ( 'NONE',  ( 0.000000000000000000, -3.499999999999999556, 0.000000000000000000 ) ) ;
#5314 = CARTESIAN_POINT ( 'NONE',  ( 1.023368424775771945, -5.957797671073861601, 3.012660661469999557 ) ) ;
#5315 = B_SPLINE_CURVE_WITH_KNOTS ( 'NONE', 3,
 ( #464, #4389, #933, #1042, #1479, #2143, #4942, #1517 ),
 .UNSPECIFIED., .F., .F.,
 ( 4, 2, 2, 4 ),
 ( 2.544334156056525216E-07, 0.0008979680449067909244, 0.001346824850652383323, 0.001795681656397976047 ),
 .UNSPECIFIED. ) ;
#5316 = CARTESIAN_POINT ( 'NONE',  ( 3.178409003723494219, -4.838009175162709674, -0.2182757596852342163 ) ) ;
#5317 = CARTESIAN_POINT ( 'NONE',  ( -3.066009137320811373, -5.155106010698443875, 0.6393077699002376324 ) ) ;
#5318 = CARTESIAN_POINT ( 'NONE',  ( 1.099161566502133924, -8.923791311424764672, -2.266138571044790773 ) ) ;
#5319 = ORIENTED_EDGE ( 'NONE', *, *, #3283, .F. ) ;
#5320 = CARTESIAN_POINT ( 'NONE',  ( 1.239089933744672134, 1.251287291659886947, -4.000000000000001776 ) ) ;
#5321 = CARTESIAN_POINT ( 'NONE',  ( 3.039978774331016709, -7.769856257615006534, -0.7505631722272528839 ) ) ;
#5322 = CARTESIAN_POINT ( 'NONE',  ( -2.245064030267288846, -7.168269230769374722, 2.245064030267287514 ) ) ;
#5323 = CARTESIAN_POINT ( 'NONE',  ( 2.525414420702734031, -7.079018233711286356, -1.046060903667665576 ) ) ;
#5324 = CARTESIAN_POINT ( 'NONE',  ( -1.651979608748619599, -8.916893271605683680, -1.910152184662805119 ) ) ;
#5325 = CARTESIAN_POINT ( 'NONE',  ( 1.410180422450230564, -3.982990590534082109, 2.856552693885632266 ) ) ;
#5326 = FACE_OUTER_BOUND ( 'NONE', #3034, .T. ) ;
#5327 = CARTESIAN_POINT ( 'NONE',  ( -1.403375283450029043, -5.358029837150216856, -2.799158405410682615 ) ) ;
#5328 = CARTESIAN_POINT ( 'NONE',  ( -1.046060903667665354, -6.036366381673718529, -2.525414420702734475 ) ) ;
#5329 = CARTESIAN_POINT ( 'NONE',  ( 1.592843786979737164, -6.578415505560775145, -2.754328287100098915 ) ) ;
#5330 = CARTESIAN_POINT ( 'NONE',  ( 2.702050864126714913, -4.638505511108727219, -1.687807900056568666 ) ) ;
#5331 = CARTESIAN_POINT ( 'NONE',  ( -2.063429912960150769, -7.450231919123666557, -2.355684823153917584 ) ) ;
#5332 = CARTESIAN_POINT ( 'NONE',  ( -1.132229131881783868, -7.416943173401553402, -2.977900702268825750 ) ) ;
#5333 = CARTESIAN_POINT ( 'NONE',  ( -1.269468908035644050, -4.566875138277830537, -2.862370050786041453 ) ) ;
#5334 = CARTESIAN_POINT ( 'NONE',  ( -0.8724289064123144088, -6.939425130598896985, 3.007186660580221549 ) ) ;
#5335 = CARTESIAN_POINT ( 'NONE',  ( -1.937231866421440074, -5.133442846226420109, 2.524026206534965677 ) ) ;
#5336 = PERSON_AND_ORGANIZATION ( #2966, #4749 ) ;
#5337 = CARTESIAN_POINT ( 'NONE',  ( 1.727531973270403975, -8.374765761922912333, 1.727531973270403975 ) ) ;
#5338 = DIRECTION ( 'NONE',  ( 0.8660254037844328234, -7.998750567307696721E-17, 0.5000000000000101030 ) ) ;
#5339 = ADVANCED_FACE ( 'NONE', ( #5525 ), #1553, .F. ) ;
#5340 = CARTESIAN_POINT ( 'NONE',  ( 0.8700755033162548280, -3.470080152675203422, 4.499999999999999112 ) ) ;
#5341 = CARTESIAN_POINT ( 'NONE',  ( -2.198894842130905429E-15, -5.031525781554218923, 3.174999999999999822 ) ) ;
#5342 = CARTESIAN_POINT ( 'NONE',  ( -2.253529416178597256, -6.221829495423256695, 2.174577625157791072 ) ) ;
#5343 = CARTESIAN_POINT ( 'NONE',  ( -3.033363725647258757, -6.201862294041718293, -0.7801410924589459173 ) ) ;
#5344 = CARTESIAN_POINT ( 'NONE',  ( 0.000000000000000000, -3.499999999999999556, 0.000000000000000000 ) ) ;
#5345 = EDGE_LOOP ( 'NONE', ( #1136, #6746 ) ) ;
#5346 = CARTESIAN_POINT ( 'NONE',  ( 0.7535012831822924806, -7.986564795273682016, 3.095446638072371304 ) ) ;
#5347 = CARTESIAN_POINT ( 'NONE',  ( 0.000000000000000000, 1.999999999999998224, 0.000000000000000000 ) ) ;
#5348 = CARTESIAN_POINT ( 'NONE',  ( -3.166993571594019841, -5.348790314385345468, -0.2605633729277041510 ) ) ;
#5349 = CARTESIAN_POINT ( 'NONE',  ( -2.727809970078458157, -5.299454888699062671, -1.646292168720552507 ) ) ;
#5350 = DIRECTION ( 'NONE',  ( 2.846556599890768726E-32, -2.503857664561933362E-16, -1.000000000000000000 ) ) ;
#5351 = ORIENTED_EDGE ( 'NONE', *, *, #763, .F. ) ;
#5352 = DIRECTION ( 'NONE',  ( -0.4904004134123088332, 6.005672965859228415E-17, 0.8714972372446379012 ) ) ;
#5353 = CARTESIAN_POINT ( 'NONE',  ( 3.120930024738793218, -7.818881103505927577, 0.2538169477963544418 ) ) ;
#5354 = CARTESIAN_POINT ( 'NONE',  ( 0.3156939446659550175, -5.445634776455849035, -3.115242076353279099 ) ) ;
#5355 = CARTESIAN_POINT ( 'NONE',  ( 3.174999999999999378, -5.886057692307937295, 1.315128060534576981 ) ) ;
#5356 = CARTESIAN_POINT ( 'NONE',  ( 0.000000000000000000, -6.407383618326724317, 2.525414420702734031 ) ) ;
#5357 = EDGE_CURVE ( 'NONE', #6486, #6232, #1870, .T. ) ;
#5358 = CIRCLE ( 'NONE', #5945, 5.000000000000000000 ) ;
#5359 = CARTESIAN_POINT ( 'NONE',  ( -1.785737662185199692, -6.952231766289031611, -1.785737662185200358 ) ) ;
#5360 = CARTESIAN_POINT ( 'NONE',  ( 2.963411956531081248, -3.928480984517148222, 1.147117329754778092 ) ) ;
#5361 = CARTESIAN_POINT ( 'NONE',  ( -0.8499999999999999778, 3.999999999999999112, -3.999999999999998224 ) ) ;
#5362 = VERTEX_POINT ( 'NONE', #6481 ) ;
#5363 = CARTESIAN_POINT ( 'NONE',  ( -1.711853985342609574, -5.032763518707923822, 2.621806470582555004 ) ) ;
#5364 = CARTESIAN_POINT ( 'NONE',  ( 1.046060903667665798, -8.478674073981217418, 2.525414420702734031 ) ) ;
#5365 = AXIS2_PLACEMENT_3D ( 'NONE', #5561, #7251, #5703 ) ;
#5366 = CARTESIAN_POINT ( 'NONE',  ( -1.420666568011534187E-15, -6.984820372292412038, 3.174999999999999822 ) ) ;
#5367 = CARTESIAN_POINT ( 'NONE',  ( -0.7321897871674807323, -4.417618292647685685, -3.045129923190152965 ) ) ;
#5368 = CARTESIAN_POINT ( 'NONE',  ( -3.006751389556619358, -7.360670700264560828, -0.8470071612384462156 ) ) ;
#5369 = CARTESIAN_POINT ( 'NONE',  ( 2.187781777649122184, -7.843497333172202879, 2.304724719271039390 ) ) ;
#5370 = CARTESIAN_POINT ( 'NONE',  ( -2.453407532838893346, -6.236557423570994629, 1.945558042843793745 ) ) ;
#5371 = AXIS2_PLACEMENT_3D ( 'NONE', #3297, #7148, #2626 ) ;
#5372 = CARTESIAN_POINT ( 'NONE',  ( 3.084921758017855620, -7.654760874852806651, 0.5371061088928266170 ) ) ;
#5373 = CARTESIAN_POINT ( 'NONE',  ( -1.046060903667665354, -8.788633618326539221, -2.525414420702734475 ) ) ;
#5374 = APPROVAL_STATUS ( 'not_yet_approved' ) ;
#5375 = B_SPLINE_CURVE_WITH_KNOTS ( 'NONE', 3,
 ( #5487, #4315, #462, #3216, #2618, #4238, #7066, #3790, #4797, #968, #1442, #1477, #3714, #3249, #6553, #3644, #5999, #2695, #2032, #312 ),
 .UNSPECIFIED., .F., .F.,
 ( 4, 2, 2, 2, 2, 2, 2, 2, 2, 4 ),
 ( 0.0005749070096116225227, 0.001276064070580010083, 0.001977221131548397536, 0.002678378192516785421, 0.003379535253485172874, 0.004080692314453559892, 0.004781849375421948212, 0.005132427905906141070, 0.005483006436390333929, 0.006184163497358720514 ),
 .UNSPECIFIED. ) ;
#5376 = CARTESIAN_POINT ( 'NONE',  ( 2.443099146032160274, -6.298804223461538676, 1.495966774593958618E-16 ) ) ;
#5377 = DIRECTION ( 'NONE',  ( 0.4999999999999979461, 0.000000000000000000, 0.8660254037844397068 ) ) ;
#5378 = CARTESIAN_POINT ( 'NONE',  ( -2.460425036712202917, -8.221586785030812194, -1.937674661613828508 ) ) ;
#5379 = CARTESIAN_POINT ( 'NONE',  ( -3.073278784362772242, -4.338504569729115801, -0.8238885872156588297 ) ) ;
#5380 = CARTESIAN_POINT ( 'NONE',  ( 1.786018509418633160, -3.598239931984909656, -2.628317677110744821 ) ) ;
#5381 = CARTESIAN_POINT ( 'NONE',  ( -1.822844787806364275, -6.462247800074300663, -2.612586215562901604 ) ) ;
#5382 = CARTESIAN_POINT ( 'NONE',  ( 2.543240238299366851, -6.579202353358891031, -1.905251480279064102 ) ) ;
#5383 = DIRECTION ( 'NONE',  ( 2.846556599890768726E-32, -2.503857664561933362E-16, 1.000000000000000000 ) ) ;
#5384 = VERTEX_POINT ( 'NONE', #6038 ) ;
#5385 = CARTESIAN_POINT ( 'NONE',  ( 3.000000000000000000, 3.999999999999999112, -4.000000000000000000 ) ) ;
#5386 = CARTESIAN_POINT ( 'NONE',  ( 0.000000000000000000, 1.999999999999997780, -2.000000000000000000 ) ) ;
#5387 = FACE_OUTER_BOUND ( 'NONE', #947, .T. ) ;
#5388 = AXIS2_PLACEMENT_3D ( 'NONE', #1997, #3251, #5489 ) ;
#5389 = CARTESIAN_POINT ( 'NONE',  ( -1.051499488437027896, -5.083717659648292475, 2.998683543142087515 ) ) ;
#5390 = CARTESIAN_POINT ( 'NONE',  ( -0.8777688779799543983, -5.476538662916108358, -3.062620148267074516 ) ) ;
#5391 = CARTESIAN_POINT ( 'NONE',  ( 0.000000000000000000, 3.999999999999999112, -11.25000000047880633 ) ) ;
#5392 = ORIENTED_EDGE ( 'NONE', *, *, #6126, .T. ) ;
#5393 = CARTESIAN_POINT ( 'NONE',  ( -7.511572993685794170E-16, -3.499999999999999556, -4.500000000000000888 ) ) ;
#5394 = CARTESIAN_POINT ( 'NONE',  ( 2.968325893215742362, -7.856955440331983453, 0.9967285158876074691 ) ) ;
#5395 = EDGE_CURVE ( 'NONE', #3267, #1128, #2818, .T. ) ;
#5396 = CARTESIAN_POINT ( 'NONE',  ( 2.375861488649054554, -5.785715478900759656, 2.039945966211801576 ) ) ;
#5397 = AXIS2_PLACEMENT_3D ( 'NONE', #4554, #6825, #2930 ) ;
#5398 = EDGE_CURVE ( 'NONE', #5459, #6287, #119, .T. ) ;
#5399 = CARTESIAN_POINT ( 'NONE',  ( 1.315128060534577203, -7.595673076923188383, -3.174999999999999378 ) ) ;
#5400 = CARTESIAN_POINT ( 'NONE',  ( 1.596945895161609785, -4.624360414680957376, -2.775177306627198082 ) ) ;
#5401 = CARTESIAN_POINT ( 'NONE',  ( -0.4865358435105578416, -4.167101701611474418, 3.085645715186842608 ) ) ;
#5402 = DIRECTION ( 'NONE',  ( -0.000000000000000000, 1.000000000000000000, 0.000000000000000000 ) ) ;
#5403 = EDGE_LOOP ( 'NONE', ( #4728, #1189, #6938 ) ) ;
#5404 = CIRCLE ( 'NONE', #3051, 2.442307692307750688 ) ;
#5405 = CARTESIAN_POINT ( 'NONE',  ( -2.924394032088959872, -4.266152561952896605, -1.119028432767871228 ) ) ;
#5406 = CARTESIAN_POINT ( 'NONE',  ( 2.525414420702734031, -6.402712535519842874, 1.046060903667665798 ) ) ;
#5407 = DIRECTION ( 'NONE',  ( 1.000000000000000000, 0.000000000000000000, 0.000000000000000000 ) ) ;
#5408 = CARTESIAN_POINT ( 'NONE',  ( 0.5646121030908272109, -4.569499318184714554, -3.135442396051657088 ) ) ;
#5409 = CARTESIAN_POINT ( 'NONE',  ( -2.926612759732096336, -7.291838914630739410, -1.238000572389860832 ) ) ;
#5410 = CARTESIAN_POINT ( 'NONE',  ( 3.070118467310916532, -7.600447948689781796, -0.5767704637992935313 ) ) ;
#5411 = AXIS2_PLACEMENT_3D ( 'NONE', #3394, #7185, #5636 ) ;
#5412 = CARTESIAN_POINT ( 'NONE',  ( -3.067363393626630685, -5.333817722682193008, 0.6291577653878550613 ) ) ;
#5413 = CARTESIAN_POINT ( 'NONE',  ( -3.088834722752707318, -7.165130852289754770, -0.5139839806829813451 ) ) ;
#5414 = DIRECTION ( 'NONE',  ( -0.000000000000000000, -1.000000000000000000, -0.000000000000000000 ) ) ;
#5415 =( NAMED_UNIT ( * ) SI_UNIT ( $, .STERADIAN. ) SOLID_ANGLE_UNIT ( ) );
#5416 = CARTESIAN_POINT ( 'NONE',  ( 0.000000000000000000, -4.589188838846288476, 2.443099146032160274 ) ) ;
#5417 = DIRECTION ( 'NONE',  ( 4.773934607579100670E-16, -1.000000000000000000, -3.469446951953615175E-16 ) ) ;
#5418 = CYLINDRICAL_SURFACE ( 'NONE', #6667, 0.8499999999999999778 ) ;
#5419 = CARTESIAN_POINT ( 'NONE',  ( -3.154465337860498320, -4.318007411364125581, -0.4161530040684339737 ) ) ;
#5420 = CARTESIAN_POINT ( 'NONE',  ( 1.445451625973040111, -3.578550251383095127, -2.829978950649483238 ) ) ;
#5421 = CARTESIAN_POINT ( 'NONE',  ( -2.407027657845207447, -6.425014169723160862, -2.086784898687158218 ) ) ;
#5422 = CARTESIAN_POINT ( 'NONE',  ( 2.374356375881960801, -6.627143968596385548, -2.111981659406271916 ) ) ;
#5423 = CARTESIAN_POINT ( 'NONE',  ( 1.022547479758917355, -3.616195689371667132, -3.013024067360698943 ) ) ;
#5424 = EDGE_LOOP ( 'NONE', ( #7194, #791, #4996 ) ) ;
#5425 = FACE_OUTER_BOUND ( 'NONE', #1558, .T. ) ;
#5426 = CARTESIAN_POINT ( 'NONE',  ( 1.785737662185200136, -7.196462535519780879, -1.785737662185199692 ) ) ;
#5427 = CARTESIAN_POINT ( 'NONE',  ( -1.701590194663359881E-11, -5.030974218447200386, 3.174999999999999822 ) ) ;
#5428 = CARTESIAN_POINT ( 'NONE',  ( -2.806005923948303060, -5.259393180777471422, 1.508813300456043116 ) ) ;
#5429 = CARTESIAN_POINT ( 'NONE',  ( 3.171467093878522991, -5.773015449425613177, 0.1997953703450489893 ) ) ;
#5430 = ADVANCED_BREP_SHAPE_REPRESENTATION ( '1095K122_Zinc-Plated Steel Grease Fitting', ( #2636, #2497, #5058, #2630 ), #4151 ) ;
#5431 = CARTESIAN_POINT ( 'NONE',  ( -2.091132383515411982E-15, 7.464101615137749945, -6.035898384862245614 ) ) ;
#5432 = EDGE_LOOP ( 'NONE', ( #2959, #2846 ) ) ;
#5433 = DIRECTION ( 'NONE',  ( 0.000000000000000000, 0.000000000000000000, 1.000000000000000000 ) ) ;
#5434 = CARTESIAN_POINT ( 'NONE',  ( 2.126876931388983927, -3.500000000000000000, 1.361658002223284925 ) ) ;
#5435 = CARTESIAN_POINT ( 'NONE',  ( -3.032763810066815946, -6.124786465773965460, 0.7788815659153376370 ) ) ;
#5436 = CARTESIAN_POINT ( 'NONE',  ( 0.000000000000000000, -6.069230769230999911, 3.174999999999999822 ) ) ;
#5437 = CARTESIAN_POINT ( 'NONE',  ( 2.525414420702734031, -4.270364387557661345, 1.046060903667665798 ) ) ;
#5438 = EDGE_CURVE ( 'NONE', #4511, #2404, #7151, .T. ) ;
#5439 = CARTESIAN_POINT ( 'NONE',  ( -2.527745569805928572, -4.288723070612745936, 1.849068640598577673 ) ) ;
#5440 = DIRECTION ( 'NONE',  ( 0.000000000000000000, 1.836970198721029688E-16, -1.000000000000000000 ) ) ;
#5441 = ORIENTED_EDGE ( 'NONE', *, *, #2436, .T. ) ;
#5442 = CARTESIAN_POINT ( 'NONE',  ( 0.4768316469221760556, -3.499999999999999556, -3.084487830482147253 ) ) ;
#5443 = CARTESIAN_POINT ( 'NONE',  ( -2.525414420702734031, -4.876270227827656178, -4.639111030251255524E-16 ) ) ;
#5444 = CARTESIAN_POINT ( 'NONE',  ( -7.511572993685794170E-16, -3.499999999999999556, -4.500000000000000888 ) ) ;
#5445 = CARTESIAN_POINT ( 'NONE',  ( 0.1733569976395702983, -4.461916795500824762, -3.118993448765618570 ) ) ;
#5446 = CARTESIAN_POINT ( 'NONE',  ( -3.102474536306991659, -7.297916727854648400, 0.4265949704695862765 ) ) ;
#5447 = CARTESIAN_POINT ( 'NONE',  ( 3.032710261682990627, -7.765614083554320146, 0.9767520284337609660 ) ) ;
#5448 = CARTESIAN_POINT ( 'NONE',  ( 0.4671733211209789793, -6.074727855386729658, 3.096404446064489058 ) ) ;
#5449 = CARTESIAN_POINT ( 'NONE',  ( 2.786467344014063929, -7.554678546258276839, -1.428359724958458532 ) ) ;
#5450 = CARTESIAN_POINT ( 'NONE',  ( 3.092740686834170350E-16, -7.872768233711222585, -2.525414420702734031 ) ) ;
#5451 = PERSON_AND_ORGANIZATION ( #2966, #4749 ) ;
#5452 = CARTESIAN_POINT ( 'NONE',  ( 0.000000000000000000, 3.999999999999999112, 0.000000000000000000 ) ) ;
#5453 = CARTESIAN_POINT ( 'NONE',  ( -2.943834659552998279, -3.381555136698566777, -1.189311774605161132 ) ) ;
#5454 = DIRECTION ( 'NONE',  ( 3.026521842945509783E-28, 0.000000000000000000, -1.000000000000000000 ) ) ;
#5455 = CARTESIAN_POINT ( 'NONE',  ( 2.768555856751425459, -3.728809277147350887, -1.576899903848289819 ) ) ;
#5456 = CARTESIAN_POINT ( 'NONE',  ( -3.166834734965468634, -6.236440099835293793, 0.3462156604052858411 ) ) ;
#5457 = CARTESIAN_POINT ( 'NONE',  ( 3.099837319737619001, -6.630201709631401208, -0.4477155635307304427 ) ) ;
#5458 = CARTESIAN_POINT ( 'NONE',  ( -3.028054992628045117, -0.6241188073986975171, -3.755254904655624060 ) ) ;
#5459 = VERTEX_POINT ( 'NONE', #2107 ) ;
#5460 = CARTESIAN_POINT ( 'NONE',  ( 0.000000000000000000, 4.000000000000000888, -3.999999999999999112 ) ) ;
#5461 = CARTESIAN_POINT ( 'NONE',  ( 2.525414420702734031, -9.272424073981156312, 1.546370343417085175E-16 ) ) ;
#5462 = DIRECTION ( 'NONE',  ( 0.000000000000000000, 1.000000000000000000, 2.891205793294680298E-16 ) ) ;
#5463 = CARTESIAN_POINT ( 'NONE',  ( -1.754657858498303247, -5.122901905358632213, 2.658846972961174782 ) ) ;
#5464 = CARTESIAN_POINT ( 'NONE',  ( 2.888672187642113087, -5.695765435210133454, -1.344310398216320923 ) ) ;
#5465 = DIRECTION ( 'NONE',  ( -1.000000000000000000, 0.000000000000000000, 0.000000000000000000 ) ) ;
#5466 = ORIENTED_EDGE ( 'NONE', *, *, #4976, .F. ) ;
#5467 = DIRECTION ( 'NONE',  ( 0.000000000000000000, 1.960801486690661705E-16, -1.000000000000000000 ) ) ;
#5468 = CARTESIAN_POINT ( 'NONE',  ( 2.746209147184371258, -5.596456838850998317, -1.504333427039246107 ) ) ;
#5469 = CARTESIAN_POINT ( 'NONE',  ( 1.315128060534576981, -3.077403846154313616, 3.174999999999999378 ) ) ;
#5470 = CARTESIAN_POINT ( 'NONE',  ( -1.785737662185199692, -3.842960541403849017, -1.785737662185200358 ) ) ;
#5471 = CARTESIAN_POINT ( 'NONE',  ( -2.882516276965818580, -4.367409449624001461, -1.356295210046543742 ) ) ;
#5472 = FACE_OUTER_BOUND ( 'NONE', #6127, .T. ) ;
#5473 = ORIENTED_EDGE ( 'NONE', *, *, #5300, .F. ) ;
#5474 = CARTESIAN_POINT ( 'NONE',  ( 1.406464319003742247, -7.890806991154852845, 2.854019584547696553 ) ) ;
#5475 = EDGE_CURVE ( 'NONE', #2231, #658, #5315, .T. ) ;
#5476 = CARTESIAN_POINT ( 'NONE',  ( 1.046060903667665798, -6.524827920135218839, 2.525414420702734031 ) ) ;
#5477 = CARTESIAN_POINT ( 'NONE',  ( 0.4150586296825059529, -6.965166934048333758, 3.154557884217879860 ) ) ;
#5478 = CARTESIAN_POINT ( 'NONE',  ( -0.7493515286937518782, -4.506229963897741442, -3.096609901135802367 ) ) ;
#5479 = CARTESIAN_POINT ( 'NONE',  ( 3.134969873871032764, -7.805962669873945714, 0.5674695431223243380 ) ) ;
#5480 = AXIS2_PLACEMENT_3D ( 'NONE', #370, #3658, #3555 ) ;
#5481 = CARTESIAN_POINT ( 'NONE',  ( 2.765191926288205870, -7.636169681425010403, -1.582653256630512484 ) ) ;
#5482 = CARTESIAN_POINT ( 'NONE',  ( -2.992330723449141416, -6.387578674176055848, -0.9221456627903078518 ) ) ;
#5483 = CARTESIAN_POINT ( 'NONE',  ( 1.046060903667665798, -8.300172079865035357, 2.525414420702734031 ) ) ;
#5485 = AXIS2_PLACEMENT_3D ( 'NONE', #2913, #59, #2769 ) ;
#5484 = CARTESIAN_POINT ( 'NONE',  ( -1.727531973270403975, -5.839657315000466475, -1.727531973270404198 ) ) ;
#5486 = EDGE_CURVE ( 'NONE', #2201, #2523, #2685, .T. ) ;
#5487 = CARTESIAN_POINT ( 'NONE',  ( -2.626990216321198890, -3.500000000000000444, -1.685333234703298544 ) ) ;
#5488 = CARTESIAN_POINT ( 'NONE',  ( -1.825034432511820404, -3.470556976545603689, -2.611287353578116033 ) ) ;
#5489 = DIRECTION ( 'NONE',  ( 0.000000000000000000, -1.000000000000000000, -3.479025658754959021E-16 ) ) ;
#5490 = CARTESIAN_POINT ( 'NONE',  ( 2.259339170141009490, -3.601703857877346593, -2.168880817238173719 ) ) ;
#5491 = CARTESIAN_POINT ( 'NONE',  ( -1.373052531655412745, -6.488168376886978450, -2.874560511722277667 ) ) ;
#5492 = CARTESIAN_POINT ( 'NONE',  ( 1.785995108715931368, -6.528814768940177871, -2.638369447400716883 ) ) ;
#5493 = CARTESIAN_POINT ( 'NONE',  ( 2.308734071506168996E-11, -3.565589603062983670, -3.174999999999999822 ) ) ;
#5494 = TOROIDAL_SURFACE ( 'NONE', #3144, 5.070567856518484184, 1.200000000000000400 ) ;
#5495 = ADVANCED_FACE ( 'NONE', ( #6807 ), #4929, .F. ) ;
#5496 = ORIENTED_EDGE ( 'NONE', *, *, #1972, .F. ) ;
#5497 = CARTESIAN_POINT ( 'NONE',  ( 2.999999999999995559, 2.267949192431119698, -4.464101615137752610 ) ) ;
#5498 = CARTESIAN_POINT ( 'NONE',  ( 0.000000000000000000, -7.562808689365906112, 2.525414420702734031 ) ) ;
#5499 = CARTESIAN_POINT ( 'NONE',  ( -9.614703467775482675E-18, 3.999999999999999112, -6.699999999999999289 ) ) ;
#5500 = CARTESIAN_POINT ( 'NONE',  ( -3.185292868025469293, -8.203813739197437727, 0.05083724935439774134 ) ) ;
#5501 = CARTESIAN_POINT ( 'NONE',  ( -3.100038205132572777, -5.383147151077501746, -0.3843427860114250749 ) ) ;
#5502 = CARTESIAN_POINT ( 'NONE',  ( 3.067720009425558114, -5.703721479697263064, 0.5894117910037861563 ) ) ;
#5503 = CARTESIAN_POINT ( 'NONE',  ( 0.000000000000000000, -3.499999999999999556, 0.000000000000000000 ) ) ;
#5504 = ORIENTED_EDGE ( 'NONE', *, *, #5299, .T. ) ;
#5505 = DIRECTION ( 'NONE',  ( 4.773934607578992202E-16, 1.000000000000000000, 3.469446951953615175E-16 ) ) ;
#5506 = CARTESIAN_POINT ( 'NONE',  ( 2.532286705190920362, -5.773354143211279599, 1.841998605767482422 ) ) ;
#5507 = CARTESIAN_POINT ( 'NONE',  ( 3.888253587292846081E-16, -4.603846153846499867, -3.174999999999999822 ) ) ;
#5508 = VECTOR ( 'NONE', #5417, 1000.000000000000000 ) ;
#5509 = CARTESIAN_POINT ( 'NONE',  ( -1.785737662185200358, -3.598729772173098862, 1.785737662185199470 ) ) ;
#5510 = CARTESIAN_POINT ( 'NONE',  ( -1.370290815040805077, -4.184756677043062645, 2.875864272805871202 ) ) ;
#5511 = ORIENTED_EDGE ( 'NONE', *, *, #5357, .T. ) ;
#5512 = DIRECTION ( 'NONE',  ( 1.000000000000000000, -1.224646799147353207E-16, -4.248847104521536772E-32 ) ) ;
#5513 = AXIS2_PLACEMENT_3D ( 'NONE', #1110, #6661, #3971 ) ;
#5514 = B_SPLINE_CURVE_WITH_KNOTS ( 'NONE', 3,
 ( #3666, #3701, #7053, #2054, #1394, #3235 ),
 .UNSPECIFIED., .F., .F.,
 ( 4, 2, 4 ),
 ( 0.001795681656397980384, 0.002687105552633574715, 0.003578529448869168829 ),
 .UNSPECIFIED. ) ;
#5515 = AXIS2_PLACEMENT_3D ( 'NONE', #6894, #1855, #6046 ) ;
#5516 = CARTESIAN_POINT ( 'NONE',  ( 0.000000000000000000, -4.632039458596906023, 2.525414420702734031 ) ) ;
#5517 = CARTESIAN_POINT ( 'NONE',  ( -1.152005035599388050, -8.938639558250935480, -2.227805213076308188 ) ) ;
#5518 = CARTESIAN_POINT ( 'NONE',  ( 2.883460469577990626, -4.855266169251791553, 1.354777580252162439 ) ) ;
#5519 = CARTESIAN_POINT ( 'NONE',  ( 1.575361152339955773, -7.554766697460742364, -2.768893004782456480 ) ) ;
#5520 = CARTESIAN_POINT ( 'NONE',  ( 2.051648799644896215, -7.761046234468730098, 2.355610992972292816 ) ) ;
#5521 = CARTESIAN_POINT ( 'NONE',  ( 1.619378318282800569E-28, 3.999999999999999112, -10.63313090529650218 ) ) ;
#5522 = CARTESIAN_POINT ( 'NONE',  ( -1.727531973270404198, -5.595426545769718096, 1.727531973270403531 ) ) ;
#5523 = CARTESIAN_POINT ( 'NONE',  ( -3.174999999999999378, -9.183173076923067057, -1.315128060534578980 ) ) ;
#5524 = CARTESIAN_POINT ( 'NONE',  ( -1.254646568557588937, -3.563761060234995615, -2.919522975153904465 ) ) ;
#5525 = FACE_OUTER_BOUND ( 'NONE', #6853, .T. ) ;
#5526 = CARTESIAN_POINT ( 'NONE',  ( -1.341034343876257307, -3.407734757606272868, -2.830180583542606598 ) ) ;
#5527 = EDGE_CURVE ( 'NONE', #3567, #3267, #809, .T. ) ;
#5528 = CARTESIAN_POINT ( 'NONE',  ( 3.183252305292821216, -6.735473817732766655, -0.1254064046299908641 ) ) ;
#5529 = CARTESIAN_POINT ( 'NONE',  ( 2.286692498537481466, -6.860665957341208099, 2.218350315739697542 ) ) ;
#5530 = CARTESIAN_POINT ( 'NONE',  ( 2.098823303076909230, -3.941543450844184449, 2.391326502133697574 ) ) ;
#5531 = ORIENTED_EDGE ( 'NONE', *, *, #3204, .T. ) ;
#5532 = FACE_OUTER_BOUND ( 'NONE', #6167, .T. ) ;
#5533 = FACE_OUTER_BOUND ( 'NONE', #6929, .T. ) ;
#5534 = CARTESIAN_POINT ( 'NONE',  ( 4.800411572348724238E-16, 0.8959856342811913787, -3.919833519093798291 ) ) ;
#5535 = CARTESIAN_POINT ( 'NONE',  ( 0.3589494866343953539, 1.127519411796039650, -4.000000000000000000 ) ) ;
#5536 = CARTESIAN_POINT ( 'NONE',  ( -2.525414420702733587, -7.745981766288968728, 1.046060903667666242 ) ) ;
#5537 = CARTESIAN_POINT ( 'NONE',  ( -0.4132956706687613280, -5.561114602816787489, -3.150709703790417482 ) ) ;
#5538 = CARTESIAN_POINT ( 'NONE',  ( 2.498029644947099559, -5.776254241498648412, 1.889209404614668575 ) ) ;
#5539 = LINE ( 'NONE', #4474, #6034 ) ;
#5540 = ORIENTED_EDGE ( 'NONE', *, *, #2246, .F. ) ;
#5541 = LINE ( 'NONE', #1060, #4421 ) ;
#5542 = EDGE_LOOP ( 'NONE', ( #2885, #6217, #5208 ) ) ;
#5543 = CARTESIAN_POINT ( 'NONE',  ( 0.000000000000000000, -3.138461538462000266, 3.174999999999999822 ) ) ;
#5544 = CARTESIAN_POINT ( 'NONE',  ( -1.046060903667665354, -2.927095156788535935, -2.525414420702734475 ) ) ;
#5545 = CARTESIAN_POINT ( 'NONE',  ( -2.717206047527841228, -4.273605850728000810, 1.662959116935548431 ) ) ;
#5546 = CARTESIAN_POINT ( 'NONE',  ( -1.785737662185200358, -7.506422079865098240, 1.785737662185199470 ) ) ;
#5547 = ORIENTED_EDGE ( 'NONE', *, *, #690, .T. ) ;
#5548 = CARTESIAN_POINT ( 'NONE',  ( 2.390927989727574587, -7.830599760095722672, 2.099257284771876009 ) ) ;
#5549 = CARTESIAN_POINT ( 'NONE',  ( 1.046060903667666020, -4.204635612443094139, -2.525414420702734031 ) ) ;
#5550 = CARTESIAN_POINT ( 'NONE',  ( -1.591263110871498077, -7.066785922174925183, 2.755251491010680454 ) ) ;
#5551 = CARTESIAN_POINT ( 'NONE',  ( 0.9511566099469437319, -7.610433566310310205, -2.975412039123693564 ) ) ;
#5552 = PRODUCT ( '1095K122_Zinc-Plated Steel Grease Fitting', '1095K122_Zinc-Plated Steel Grease Fitting', '', ( #2617 ) ) ;
#5553 = CARTESIAN_POINT ( 'NONE',  ( -1.114678676124311263, -7.929530904955923276, 2.918152053826515324 ) ) ;
#5554 = CARTESIAN_POINT ( 'NONE',  ( -1.727531973270404198, -4.618503468846716586, 1.727531973270403531 ) ) ;
#5555 = CARTESIAN_POINT ( 'NONE',  ( -2.245064030267288846, -7.046153846154005862, 2.245064030267287514 ) ) ;
#5556 = CARTESIAN_POINT ( 'NONE',  ( 1.385329553730412222, -3.726510413211026052, -2.808585957060828253 ) ) ;
#5557 = CARTESIAN_POINT ( 'NONE',  ( 2.321689225793385436, 3.999999999999999112, -12.37260010383188202 ) ) ;
#5558 = CARTESIAN_POINT ( 'NONE',  ( -1.014871141328088866, -4.104168039248357935, 3.019941949007811210 ) ) ;
#5559 = CARTESIAN_POINT ( 'NONE',  ( 2.263356545915607754, -6.680713805752915846, -2.242138637970449544 ) ) ;
#5560 = CARTESIAN_POINT ( 'NONE',  ( -2.208188922282106947, -7.017479298063983073, 2.220865146570295767 ) ) ;
#5561 = CARTESIAN_POINT ( 'NONE',  ( 0.000000000000000000, -0.4999999999999995559, 0.000000000000000000 ) ) ;
#5562 = EDGE_LOOP ( 'NONE', ( #5166, #3312, #6711, #2910, #1572, #1565 ) ) ;
#5563 = CIRCLE ( 'NONE', #6387, 4.500000000000000888 ) ;
#5564 = ORIENTED_EDGE ( 'NONE', *, *, #7018, .T. ) ;
#5565 = CARTESIAN_POINT ( 'NONE',  ( -1.574859258904129065E-11, -8.776723596056013932, -2.665584096251736756 ) ) ;
#5566 = EDGE_CURVE ( 'NONE', #4623, #7087, #4344, .T. ) ;
#5567 = CARTESIAN_POINT ( 'NONE',  ( 2.525414420702734031, -7.257520227827468418, -1.046060903667665576 ) ) ;
#5568 = CARTESIAN_POINT ( 'NONE',  ( 0.000000000000000000, -9.000000000000000000, 0.000000000000000000 ) ) ;
#5569 = CARTESIAN_POINT ( 'NONE',  ( -1.760910066255325424, 1.552560285633479920, -3.999999999999999112 ) ) ;
#5570 = CARTESIAN_POINT ( 'NONE',  ( 0.1128033006988988507, -5.525208840918602426, -3.175662004003405592 ) ) ;
#5571 = CARTESIAN_POINT ( 'NONE',  ( 2.841606997586707539, -5.607155871903857225, -1.317305319766201244 ) ) ;
#5572 = CARTESIAN_POINT ( 'NONE',  ( 0.2150716040403080065, -8.969933482000772784, -2.472374210308223130 ) ) ;
#5573 = ORIENTED_EDGE ( 'NONE', *, *, #3204, .F. ) ;
#5574 = CARTESIAN_POINT ( 'NONE',  ( 2.524234999317915396, 1.993266141216318621, -6.287101972904192593 ) ) ;
#5575 = ORIENTED_EDGE ( 'NONE', *, *, #5032, .T. ) ;
#5576 = CARTESIAN_POINT ( 'NONE',  ( 2.245064030267288402, -3.016346153846625189, 2.245064030267288402 ) ) ;
#5577 = CARTESIAN_POINT ( 'NONE',  ( 0.8320177272685027603, -4.990764477892779105, 3.091871435084243114 ) ) ;
#5578 = CARTESIAN_POINT ( 'NONE',  ( 1.540319404568371908, -4.712351436286653872, -2.726886222640476642 ) ) ;
#5579 = CARTESIAN_POINT ( 'NONE',  ( 0.000000000000000000, -5.430460541403723695, 2.525414420702734031 ) ) ;
#5580 = ORIENTED_EDGE ( 'NONE', *, *, #6432, .F. ) ;
#5581 = CARTESIAN_POINT ( 'NONE',  ( -0.2522813800044056975, -3.977142742047000468, 3.121010871326571845 ) ) ;
#5582 = EDGE_CURVE ( 'NONE', #753, #2665, #1098, .T. ) ;
#5583 = CARTESIAN_POINT ( 'NONE',  ( -1.298157847735649684, -3.499999999999999556, -2.897483598290479190 ) ) ;
#5584 = CARTESIAN_POINT ( 'NONE',  ( -0.2984652091189509693, -8.962351819685277832, -2.466348314857774060 ) ) ;
#5585 = CARTESIAN_POINT ( 'NONE',  ( 0.5784420161099201874, -7.590984532478087132, -3.069741373064948764 ) ) ;
#5586 = CARTESIAN_POINT ( 'NONE',  ( -3.012039810604281165, -8.093867498246943626, 1.037974773535332851 ) ) ;
#5587 = CARTESIAN_POINT ( 'NONE',  ( 1.011964800508647455, -6.389176545769653437, 2.443099146032160718 ) ) ;
#5588 = CARTESIAN_POINT ( 'NONE',  ( 3.174999999999999378, -7.595673076923191935, -1.315128060534576759 ) ) ;
#5589 = CIRCLE ( 'NONE', #3948, 0.8499999999999999778 ) ;
#5590 = CARTESIAN_POINT ( 'NONE',  ( -0.3704914645082648672, -3.637244053675915190, -3.109601209696375435 ) ) ;
#5591 = CARTESIAN_POINT ( 'NONE',  ( -0.8879868924893535853, -3.522618359393618448, -3.056452354460865717 ) ) ;
#5592 = CARTESIAN_POINT ( 'NONE',  ( 1.427131054369376928, -3.981353020693559674, 2.839226447798428143 ) ) ;
#5593 = CARTESIAN_POINT ( 'NONE',  ( 2.509970363048223518, -6.844395682531262182, 1.948742923048040865 ) ) ;
#5594 = CARTESIAN_POINT ( 'NONE',  ( -2.243209067872052209, -7.106102362269254513, 2.262251803750111367 ) ) ;
#5595 = CARTESIAN_POINT ( 'NONE',  ( 0.9022927679776440169, -3.699982576162260006, -2.998463255271461403 ) ) ;
#5596 = VERTEX_POINT ( 'NONE', #5557 ) ;
#5597 = B_SPLINE_CURVE_WITH_KNOTS ( 'NONE', 3,
 ( #4253, #5868, #3768, #5938, #6492, #4773 ),
 .UNSPECIFIED., .F., .F.,
 ( 4, 2, 4 ),
 ( 0.002614009409412738991, 0.003909466513246735372, 0.005204923617080731320 ),
 .UNSPECIFIED. ) ;
#5598 = CIRCLE ( 'NONE', #5950, 2.999999999999997335 ) ;
#5599 = VERTEX_POINT ( 'NONE', #532 ) ;
#5600 = CARTESIAN_POINT ( 'NONE',  ( 0.2071053256915763585, -5.998276563003690498, 3.174999999997981881 ) ) ;
#5601 = CARTESIAN_POINT ( 'NONE',  ( 1.785737662185200136, -6.219539458596782033, -1.785737662185199692 ) ) ;
#5602 = CARTESIAN_POINT ( 'NONE',  ( 0.8215864170003072120, -7.513385689512946719, -3.073901453497224878 ) ) ;
#5603 = CARTESIAN_POINT ( 'NONE',  ( -2.525414420702733587, -4.815212535519969528, 1.046060903667666242 ) ) ;
#5604 = CARTESIAN_POINT ( 'NONE',  ( 3.171431123750045877, -5.750060619556049524, -0.3032942105286965395 ) ) ;
#5605 = AXIS2_PLACEMENT_3D ( 'NONE', #3537, #5779, #747 ) ;
#5606 = CARTESIAN_POINT ( 'NONE',  ( -1.015218252840779378, -5.997397925011872744, 3.011225065244204302 ) ) ;
#5607 = ORIENTED_EDGE ( 'NONE', *, *, #2705, .F. ) ;
#5608 = CARTESIAN_POINT ( 'NONE',  ( -0.2727306625506698001, -8.338974015097258885, -3.094294995094619694 ) ) ;
#5609 = ORIENTED_EDGE ( 'NONE', *, *, #1880, .T. ) ;
#5610 = CARTESIAN_POINT ( 'NONE',  ( -1.011964800508649232, -7.488215007308028248, 2.443099146032159830 ) ) ;
#5611 = CARTESIAN_POINT ( 'NONE',  ( -2.853154563318200942, -7.301167423538942103, -1.408496973977485967 ) ) ;
#5612 = CARTESIAN_POINT ( 'NONE',  ( -2.493116817939212471, 3.999999999999999112, -6.702250878640243492 ) ) ;
#5613 = CARTESIAN_POINT ( 'NONE',  ( -2.102669354442330718, -4.491345868001124231, -2.393170960530853986 ) ) ;
#5614 = CARTESIAN_POINT ( 'NONE',  ( -2.525414420702733587, -5.735749002942161390, -1.046060903667667130 ) ) ;
#5615 = ORIENTED_EDGE ( 'NONE', *, *, #4167, .T. ) ;
#5616 = DIRECTION ( 'NONE',  ( 1.000000000000000000, 0.000000000000000000, 0.000000000000000000 ) ) ;
#5617 = EDGE_CURVE ( 'NONE', #5062, #1850, #1747, .T. ) ;
#5618 = CARTESIAN_POINT ( 'NONE',  ( -3.007984612715237649, -5.407887137319953297, -0.8700133677097032781 ) ) ;
#5619 = ADVANCED_FACE ( 'NONE', ( #4979 ), #562, .T. ) ;
#5620 = AXIS2_PLACEMENT_3D ( 'NONE', #2940, #4601, #5768 ) ;
#5621 = CARTESIAN_POINT ( 'NONE',  ( 2.525414420702734031, -4.387808689366156756, 1.546370343417085175E-16 ) ) ;
#5622 = AXIS2_PLACEMENT_3D ( 'NONE', #5252, #2460, #4711 ) ;
#5623 = CARTESIAN_POINT ( 'NONE',  ( -0.7332385586933568566, -8.952096567554695739, -2.384448209005307184 ) ) ;
#5624 = CARTESIAN_POINT ( 'NONE',  ( 2.998544269871410428, -7.832217802168671028, 1.076471809899376408 ) ) ;
#5625 = CARTESIAN_POINT ( 'NONE',  ( -0.4917797085141292213, -7.985110622397744606, 3.147759123425516226 ) ) ;
#5626 = CONICAL_SURFACE ( 'NONE', #2348, 4.500000000000000888, 1.134464013796316673 ) ;
#5627 = CARTESIAN_POINT ( 'NONE',  ( 1.315128060534576981, -7.839903846153942979, 3.174999999999999378 ) ) ;
#5628 = CARTESIAN_POINT ( 'NONE',  ( 0.4111393642078107757, -3.646318596150275759, -3.159046527298175366 ) ) ;
#5629 = CARTESIAN_POINT ( 'NONE',  ( -1.100648956520107413, -3.511403603741046986, -2.986762360896304980 ) ) ;
#5630 = CARTESIAN_POINT ( 'NONE',  ( 1.305472668326331798, -3.927317159588792794, 2.897218876527104747 ) ) ;
#5631 = CARTESIAN_POINT ( 'NONE',  ( 2.867875320322340826, -6.670826152519290453, -1.386929503991674917 ) ) ;
#5632 = CARTESIAN_POINT ( 'NONE',  ( 1.068979942604195710, -6.931699048237524252, 2.992549914162538460 ) ) ;
#5633 = CARTESIAN_POINT ( 'NONE',  ( 2.308674281956952790, -4.014716266938484601, 2.115410549235200222 ) ) ;
#5634 = AXIS2_PLACEMENT_3D ( 'NONE', #4636, #3453, #6799 ) ;
#5635 = ORIENTED_EDGE ( 'NONE', *, *, #7100, .T. ) ;
#5636 = DIRECTION ( 'NONE',  ( 0.000000000000000000, 0.000000000000000000, 1.000000000000000000 ) ) ;
#5637 = CARTESIAN_POINT ( 'NONE',  ( 0.4174399417311410732, -5.988127751642383423, 3.154266989997326576 ) ) ;
#5638 = CARTESIAN_POINT ( 'NONE',  ( 0.000000000000000000, -5.608962535519906645, 2.525414420702734031 ) ) ;
#5639 = FACE_OUTER_BOUND ( 'NONE', #4680, .T. ) ;
#5640 = CARTESIAN_POINT ( 'NONE',  ( 1.046060903667665798, -3.594058689366219639, 2.525414420702734031 ) ) ;
#5641 = CARTESIAN_POINT ( 'NONE',  ( 0.7630643247233017679, -5.556976987505073851, -3.092944722314178829 ) ) ;
#5642 = CARTESIAN_POINT ( 'NONE',  ( 0.5427935179783794917, -5.892721602487450916, 3.084653309918512054 ) ) ;
#5643 = ORIENTED_EDGE ( 'NONE', *, *, #6015, .T. ) ;
#5644 = CARTESIAN_POINT ( 'NONE',  ( 0.000000000000000000, 0.5556762387720526331, -5.070567856518482408 ) ) ;
#5645 = ORIENTED_EDGE ( 'NONE', *, *, #459, .F. ) ;
#5646 = CARTESIAN_POINT ( 'NONE',  ( -1.011964800508649232, -3.673323454230977170, 2.443099146032159830 ) ) ;
#5647 = CARTESIAN_POINT ( 'NONE',  ( -1.963645132120663570E-15, 7.464101615137749057, -4.464101615137753498 ) ) ;
#5648 = LINE ( 'NONE', #618, #9 ) ;
#5649 = CARTESIAN_POINT ( 'NONE',  ( -0.4500798464672446375, -4.610048121171531399, -3.091178869445125432 ) ) ;
#5650 = B_SPLINE_CURVE_WITH_KNOTS ( 'NONE', 3,
 ( #2448, #1418, #2519, #4770, #794, #1895, #3583, #7000 ),
 .UNSPECIFIED., .F., .F.,
 ( 4, 2, 2, 4 ),
 ( 2.544334156056525216E-07, 0.0008979680449067908160, 0.001346824850652383106, 0.001795681656397976264 ),
 .UNSPECIFIED. ) ;
#5651 = CARTESIAN_POINT ( 'NONE',  ( 0.02845314246508143241, -5.029703915532671488, 3.177595880268164752 ) ) ;
#5652 = CARTESIAN_POINT ( 'NONE',  ( -2.525414420702734031, -6.651614387557474473, -4.639111030251255524E-16 ) ) ;
#5653 = VERTEX_POINT ( 'NONE', #3425 ) ;
#5654 = CARTESIAN_POINT ( 'NONE',  ( -2.525362554603054477, -4.196472140872807621, 1.935473493750361040 ) ) ;
#5655 = CARTESIAN_POINT ( 'NONE',  ( -3.131100302353119869, -7.317320436174123977, 0.02756069947687977972 ) ) ;
#5656 = CARTESIAN_POINT ( 'NONE',  ( 1.785737662185200136, -4.087191310634599617, -1.785737662185199692 ) ) ;
#5657 = EDGE_CURVE ( 'NONE', #1850, #3587, #2455, .T. ) ;
#5658 = CARTESIAN_POINT ( 'NONE',  ( -2.340847692982561234, -8.874138979093137536, -1.090409483360248899 ) ) ;
#5659 = CARTESIAN_POINT ( 'NONE',  ( -2.755121071071320760, -7.147097953257334879, 1.591615762816693369 ) ) ;
#5660 = CARTESIAN_POINT ( 'NONE',  ( 2.920254680284101845, -8.516863290307789214, 0.2586892345322742703 ) ) ;
#5661 = CARTESIAN_POINT ( 'NONE',  ( 1.486481420764431682, -7.947193514214233367, 2.817709306753613863 ) ) ;
#5662 = CARTESIAN_POINT ( 'NONE',  ( -1.493217553398124453, -7.977400606026487928, 2.805077717300357154 ) ) ;
#5663 = CARTESIAN_POINT ( 'NONE',  ( -1.315128060534576537, -7.351442307692442668, -3.175000000000000266 ) ) ;
#5664 = CARTESIAN_POINT ( 'NONE',  ( 2.307782710508436086, -4.014537377268587726, 2.105280966458703329 ) ) ;
#5665 = CARTESIAN_POINT ( 'NONE',  ( 9.660939655386972975E-15, -3.566141166169721100, -3.174999999999999822 ) ) ;
#5666 = CARTESIAN_POINT ( 'NONE',  ( 0.9154072768509541325, -3.919360097062909887, 2.986688673579900311 ) ) ;
#5667 = VERTEX_POINT ( 'NONE', #89 ) ;
#5668 = CARTESIAN_POINT ( 'NONE',  ( 0.4189989546208410798, -6.516835727353578633, -3.149942438132258715 ) ) ;
#5669 = CARTESIAN_POINT ( 'NONE',  ( -2.245291751670712710, -7.045455118355876678, 2.260195690909869271 ) ) ;
#5670 = CARTESIAN_POINT ( 'NONE',  ( 3.028891012353533085, -3.938514787757077862, 0.7942417617836031729 ) ) ;
#5671 = CARTESIAN_POINT ( 'NONE',  ( 0.09276235033233073968, -3.499999999999999112, 2.491960752616212194 ) ) ;
#5672 = CARTESIAN_POINT ( 'NONE',  ( -1.963645132120663570E-15, 7.464101615137749057, -4.464101615137753498 ) ) ;
#5673 = CARTESIAN_POINT ( 'NONE',  ( -2.525414420702733587, -4.815212535519970416, 1.046060903667666242 ) ) ;
#5674 = CARTESIAN_POINT ( 'NONE',  ( 3.013390226508886105, -7.768073524341229330, 1.021724638286418907 ) ) ;
#5675 = CARTESIAN_POINT ( 'NONE',  ( -1.499999999999999334, 1.401923788646683322, -4.000000000000000000 ) ) ;
#5676 = CARTESIAN_POINT ( 'NONE',  ( 1.463860400136655526, -5.684846072281580120, -2.768677450970121079 ) ) ;
#5677 = CARTESIAN_POINT ( 'NONE',  ( -1.501073176790259645, -6.023822971160480932, 2.810079699777677575 ) ) ;
#5678 = VERTEX_POINT ( 'NONE', #2280 ) ;
#5679 = DIRECTION ( 'NONE',  ( 0.000000000000000000, 0.000000000000000000, -1.000000000000000000 ) ) ;
#5680 = ORIENTED_EDGE ( 'NONE', *, *, #7141, .F. ) ;
#5681 = CARTESIAN_POINT ( 'NONE',  ( 2.443099146032160718, -7.243984238077277205, 1.011964800508647677 ) ) ;
#5682 = CARTESIAN_POINT ( 'NONE',  ( -2.999999999999996891, 2.819460529358406742, -4.212059698225750992 ) ) ;
#5683 = CARTESIAN_POINT ( 'NONE',  ( 2.097490522509633859, -4.918551908868057154, 2.392546465925565968 ) ) ;
#5684 = AXIS2_PLACEMENT_3D ( 'NONE', #7193, #2154, #6087 ) ;
#5685 = CARTESIAN_POINT ( 'NONE',  ( 2.057725948672333161, -4.744153209253454406, -2.350254889988220963 ) ) ;
#5686 = CARTESIAN_POINT ( 'NONE',  ( -1.140740533162776460, -5.027002097293197913, 2.974845235349126149 ) ) ;
#5687 = CARTESIAN_POINT ( 'NONE',  ( -2.854232403534623153, -6.181207965115063985, 1.406199969852145459 ) ) ;
#5688 = EDGE_LOOP ( 'NONE', ( #4117, #1630, #3236 ) ) ;
#5689 = CARTESIAN_POINT ( 'NONE',  ( -2.390709960006848434, -4.411385065096554037, -2.099513039931391489 ) ) ;
#5690 = CARTESIAN_POINT ( 'NONE',  ( 2.670228351086934460, -6.916022985115799493, 1.635315221250490447 ) ) ;
#5691 = B_SPLINE_CURVE_WITH_KNOTS ( 'NONE', 3,
 ( #3963, #6208, #627, #1176, #5550, #5039, #525, #3417, #2311, #5659, #2861, #4454, #2759, #5004, #7239, #4565, #2206, #6688, #3892, #6136, #14, #1684, #3928, #1142, #3381, #1867, #3454, #5291 ),
 .UNSPECIFIED., .F., .F.,
 ( 4, 2, 2, 2, 2, 2, 2, 2, 2, 2, 2, 2, 2, 4 ),
 ( 0.07157669297756871774, 0.07283073665420222720, 0.07345775849251898193, 0.07408478033083573666, 0.07471180216915249139, 0.07533882400746924612, 0.07659286768410275559, 0.07721988952241951032, 0.07784691136073626505, 0.07847393319905301978, 0.07910095503736977451, 0.08035499871400328398, 0.08098202055232003871, 0.08160904239063679344 ),
 .UNSPECIFIED. ) ;
#5692 = CARTESIAN_POINT ( 'NONE',  ( -1.785737662185200358, -4.575652849096098151, 1.785737662185199470 ) ) ;
#5693 = CARTESIAN_POINT ( 'NONE',  ( 0.4179220339787396710, -6.965558814590552039, 3.154181455339597484 ) ) ;
#5694 = DIRECTION ( 'NONE',  ( 7.143791285570216995E-33, -1.000000000000000000, -2.503857664561933855E-16 ) ) ;
#5695 = LINE ( 'NONE', #4603, #4436 ) ;
#5696 = CARTESIAN_POINT ( 'NONE',  ( -3.011009888206982676, -8.154509092955132488, 1.040962987552310759 ) ) ;
#5697 = CARTESIAN_POINT ( 'NONE',  ( 2.245064030267288402, -4.603846153846506084, -2.245064030267287958 ) ) ;
#5698 = DIRECTION ( 'NONE',  ( -0.8660254037844363761, -2.399625170192363127E-16, -0.5000000000000039968 ) ) ;
#5699 = CARTESIAN_POINT ( 'NONE',  ( 0.2823262446561967121, -3.951855687383043492, 3.119293439538961543 ) ) ;
#5700 = ORIENTED_EDGE ( 'NONE', *, *, #6247, .T. ) ;
#5701 = CARTESIAN_POINT ( 'NONE',  ( -2.575172604980027646, -7.191780535134776109, 1.875401815948580575 ) ) ;
#5702 = CARTESIAN_POINT ( 'NONE',  ( -1.381037454442300083, -7.054795829763559567, 2.871311130475219908 ) ) ;
#5703 = DIRECTION ( 'NONE',  ( 0.000000000000000000, 0.000000000000000000, 1.000000000000000000 ) ) ;
#5704 = ADVANCED_FACE ( 'NONE', ( #4460 ), #5048, .T. ) ;
#5705 = EDGE_CURVE ( 'NONE', #6300, #6287, #6120, .T. ) ;
#5706 = CARTESIAN_POINT ( 'NONE',  ( 0.2117309895681543375, -3.500000000066214145, 2.479897095712629618 ) ) ;
#5707 = CARTESIAN_POINT ( 'NONE',  ( 3.154559887332229362, -5.743970033298228195, -0.4159873651591652899 ) ) ;
#5708 = CARTESIAN_POINT ( 'NONE',  ( 1.046060903667666020, -3.227712535520093962, -2.525414420702734031 ) ) ;
#5709 = CARTESIAN_POINT ( 'NONE',  ( -3.067612800954969021, -8.165956792077974313, 0.8290062189070551701 ) ) ;
#5710 = FACE_OUTER_BOUND ( 'NONE', #6702, .T. ) ;
#5711 = CARTESIAN_POINT ( 'NONE',  ( -1.787279292215322224, -6.162740681448687141, 2.627393226612094068 ) ) ;
#5712 = CARTESIAN_POINT ( 'NONE',  ( 1.552252266102887468, -5.928292005027596900, 2.782142698706770556 ) ) ;
#5713 = ORIENTED_EDGE ( 'NONE', *, *, #2192, .T. ) ;
#5714 = CARTESIAN_POINT ( 'NONE',  ( -1.499999999999999334, 1.401923788646683322, -4.000000000000000000 ) ) ;
#5715 = EDGE_CURVE ( 'NONE', #5275, #5098, #4553, .T. ) ;
#5716 = CIRCLE ( 'NONE', #3708, 0.1999999999999996503 ) ;
#5717 = VERTEX_POINT ( 'NONE', #5809 ) ;
#5718 = CARTESIAN_POINT ( 'NONE',  ( 2.443099146032160718, -4.406015761923227636, 1.011964800508647677 ) ) ;
#5719 = CARTESIAN_POINT ( 'NONE',  ( -0.8217758156919682255, -7.025454066088168581, 3.073860876440635437 ) ) ;
#5720 = DIRECTION ( 'NONE',  ( 0.000000000000000000, -5.204170427930421283E-16, 1.000000000000000000 ) ) ;
#5721 = CIRCLE ( 'NONE', #2550, 3.174999999999999822 ) ;
#5722 = CARTESIAN_POINT ( 'NONE',  ( -2.100524302477054572, -4.430696776620551169, -2.395042262456360316 ) ) ;
#5723 = CARTESIAN_POINT ( 'NONE',  ( -2.425846062340882181, -5.164922340969382297, 2.065225847849289753 ) ) ;
#5724 = CARTESIAN_POINT ( 'NONE',  ( -1.785737662185200358, -3.598729772173098862, 1.785737662185199470 ) ) ;
#5725 = EDGE_LOOP ( 'NONE', ( #5580, #4215, #5609, #2180, #3042 ) ) ;
#5726 = PLANE ( 'NONE',  #4062 ) ;
#5727 = CARTESIAN_POINT ( 'NONE',  ( 0.6179254488613794560, -7.592851657543021382, -3.069632060700596465 ) ) ;
#5728 = AXIS2_PLACEMENT_3D ( 'NONE', #2149, #6631, #1593 ) ;
#5729 = CARTESIAN_POINT ( 'NONE',  ( -1.046060903667667574, -3.537672079865411767, 2.525414420702733587 ) ) ;
#5730 = CARTESIAN_POINT ( 'NONE',  ( 2.991933549187917236E-16, -5.961772699615842441, -2.443099146032160274 ) ) ;
#5731 = CARTESIAN_POINT ( 'NONE',  ( 0.2075620059863578504, -6.975729988713300855, 3.174999999999999822 ) ) ;
#5732 = CARTESIAN_POINT ( 'NONE',  ( 1.925929944387235853E-31, 3.999999999999997335, -6.500000000000000000 ) ) ;
#5733 = DIRECTION ( 'NONE',  ( 2.012819474814081075E-32, 0.7071067811865485719, 0.7071067811865465735 ) ) ;
#5734 = CARTESIAN_POINT ( 'NONE',  ( -2.661292253574939259, -8.236383959969941770, -1.751416927511984412 ) ) ;
#5735 = B_SPLINE_CURVE_WITH_KNOTS ( 'NONE', 3,
 ( #5806, #1177, #5183, #703, #6245, #2903, #1795, #1829, #155, #4073, #4039, #3490, #6319, #5660, #6281, #1247, #3418, #628, #1288, #1214, #738, #2862, #84, #2312, #3528, #5770, #4566, #2977, #5218, #2422, #1869, #4395 ),
 .UNSPECIFIED., .F., .F.,
 ( 4, 2, 2, 2, 2, 2, 2, 2, 2, 2, 2, 2, 2, 2, 2, 4 ),
 ( 0.006426784456732404123, 0.007578903427123338116, 0.008154962912318805546, 0.008731022397514272976, 0.009307081882709740406, 0.009883141367905209571, 0.01045920085310067527, 0.01103526033829614270, 0.01161131982349161013, 0.01218737930868707756, 0.01276343879388254499, 0.01333949827907801242, 0.01391555776427347985, 0.01449161724946894381, 0.01506767673466441124, 0.01564373621985987867 ),
 .UNSPECIFIED. ) ;
#5736 = AXIS2_PLACEMENT_3D ( 'NONE', #1794, #4038, #3527 ) ;
#5737 = CARTESIAN_POINT ( 'NONE',  ( 1.785737662185200136, -9.150308689365781234, -1.785737662185199692 ) ) ;
#5738 = CARTESIAN_POINT ( 'NONE',  ( 1.406508717197371583, -3.637597329383359224, -2.853999313714354891 ) ) ;
#5739 = CARTESIAN_POINT ( 'NONE',  ( -2.340899817945808703, -4.121445930886513231, 2.161212061726536682 ) ) ;
#5740 = ORIENTED_EDGE ( 'NONE', *, *, #5398, .F. ) ;
#5741 = CARTESIAN_POINT ( 'NONE',  ( 2.389712340871928298, -6.939288480992935604, 2.011777696970599383 ) ) ;
#5742 = CARTESIAN_POINT ( 'NONE',  ( -2.905768231187776607, -7.198590879731009196, -1.146651544463610728 ) ) ;
#5743 = CARTESIAN_POINT ( 'NONE',  ( 0.3188933528155851183, -4.128246517375422364, 3.114931864635638092 ) ) ;
#5744 = AXIS2_PLACEMENT_3D ( 'NONE', #4341, #1540, #4262 ) ;
#5745 = CARTESIAN_POINT ( 'NONE',  ( 1.234377663216016607, -3.500000000000000888, 2.154210050274889987 ) ) ;
#5746 = CARTESIAN_POINT ( 'NONE',  ( -1.406611696102528120, -5.447973916069054567, -2.853952704015525921 ) ) ;
#5747 = CARTESIAN_POINT ( 'NONE',  ( -1.840099391588824185, -3.039952414186663177, -1.729668241417344099 ) ) ;
#5748 = CARTESIAN_POINT ( 'NONE',  ( 0.000000000000000000, 6.179449471770333879, 4.500000000000001776 ) ) ;
#5749 = EDGE_CURVE ( 'NONE', #4342, #6300, #1213, .T. ) ;
#5750 = FACE_OUTER_BOUND ( 'NONE', #5725, .T. ) ;
#5751 = CIRCLE ( 'NONE', #6582, 2.179449471770334767 ) ;
#5752 = CARTESIAN_POINT ( 'NONE',  ( 2.934447153648771955, -5.826391171468466190, 1.239898572800568699 ) ) ;
#5753 = CARTESIAN_POINT ( 'NONE',  ( -2.621205343418531619, -6.072548849675952098, 1.714475571348109684 ) ) ;
#5754 = EDGE_LOOP ( 'NONE', ( #916, #2889, #1859 ) ) ;
#5755 = CARTESIAN_POINT ( 'NONE',  ( -0.4757650006820806632, 0.8105814360770472460, -4.212898027095808295 ) ) ;
#5756 = ORIENTED_EDGE ( 'NONE', *, *, #6832, .T. ) ;
#5757 = CARTESIAN_POINT ( 'NONE',  ( 2.991933549187917236E-16, -8.892541930384840754, -2.443099146032160274 ) ) ;
#5758 = CARTESIAN_POINT ( 'NONE',  ( -1.405668703219850046, -7.402389579312897538, -2.854393542750732315 ) ) ;
#5759 = CARTESIAN_POINT ( 'NONE',  ( -1.585789958714925119, -3.499999999999999556, -2.767512027659126517 ) ) ;
#5760 = CARTESIAN_POINT ( 'NONE',  ( 0.2379058738362891945, -5.109080767372988774, 3.122756151818975034 ) ) ;
#5761 = CARTESIAN_POINT ( 'NONE',  ( 2.367674689589634340, -4.900674920604485507, 2.119482629930999451 ) ) ;
#5762 = CARTESIAN_POINT ( 'NONE',  ( -1.239089933744673022, 6.748712708340109501, -6.500000000000000000 ) ) ;
#5763 = ORIENTED_EDGE ( 'NONE', *, *, #763, .T. ) ;
#5764 = CARTESIAN_POINT ( 'NONE',  ( 2.853565782602399015, -7.646510075056708544, -1.407701007863931597 ) ) ;
#5765 = CARTESIAN_POINT ( 'NONE',  ( -2.977451429575922681, -7.367042029173920703, -0.9697677227455238080 ) ) ;
#5766 = CARTESIAN_POINT ( 'NONE',  ( -1.785737662185199692, -5.796806695249848929, -1.785737662185200358 ) ) ;
#5767 = CARTESIAN_POINT ( 'NONE',  ( 2.525414420702734031, -8.055941310634286978, -1.046060903667665576 ) ) ;
#5768 = DIRECTION ( 'NONE',  ( 0.000000000000000000, 1.000000000000000000, -2.891205793294680298E-16 ) ) ;
#5769 = DIRECTION ( 'NONE',  ( 0.000000000000000000, 1.836970198721029688E-16, -1.000000000000000000 ) ) ;
#5770 = CARTESIAN_POINT ( 'NONE',  ( 1.461328878804600828, -8.398992108571155413, -2.676464964060359719 ) ) ;
#5771 = CARTESIAN_POINT ( 'NONE',  ( 0.000000000000000000, -9.516654843211906467, 2.525414420702734031 ) ) ;
#5772 = CARTESIAN_POINT ( 'NONE',  ( 3.073541666937245953, -3.770200857667833638, -0.8228866853476497489 ) ) ;
#5773 = CARTESIAN_POINT ( 'NONE',  ( -1.700565921654037194, -4.055335450642540529, 2.620372568733331242 ) ) ;
#5774 = EDGE_LOOP ( 'NONE', ( #6754, #6148, #6783 ) ) ;
#5775 = CARTESIAN_POINT ( 'NONE',  ( -2.409717334969531333, -7.179018072239833792, 2.083660971361500636 ) ) ;
#5776 = CARTESIAN_POINT ( 'NONE',  ( -2.006641839701726049, -7.275672217548469156, -2.404804869120714450 ) ) ;
#5777 = CARTESIAN_POINT ( 'NONE',  ( 1.690292854961206181, -5.031028275973222996, 2.635782137861005570 ) ) ;
#5778 = DIRECTION ( 'NONE',  ( 1.000000000000000000, 0.000000000000000000, 0.000000000000000000 ) ) ;
#5779 = DIRECTION ( 'NONE',  ( -1.445602896647340642E-16, 2.503857664561933855E-16, -1.000000000000000000 ) ) ;
#5780 = CARTESIAN_POINT ( 'NONE',  ( 2.443099146032160718, -7.214669608076849094, -1.011964800508647455 ) ) ;
#5781 = DIRECTION ( 'NONE',  ( -0.000000000000000000, -1.000000000000000000, -1.836970198721029688E-16 ) ) ;
#5782 = CARTESIAN_POINT ( 'NONE',  ( -1.406895615241083641, -5.448476225762401093, -2.853861095747873833 ) ) ;
#5783 = CARTESIAN_POINT ( 'NONE',  ( 2.886453584064511801, -5.915000604394585970, 1.214595245874273033 ) ) ;
#5784 = CARTESIAN_POINT ( 'NONE',  ( 1.436853412042865319, -6.569635250942422289, -2.834363394072100473 ) ) ;
#5785 = EDGE_LOOP ( 'NONE', ( #1028, #3071, #2297 ) ) ;
#5786 = CARTESIAN_POINT ( 'NONE',  ( 5.196152422706632912, -0.8246212059512557646, -8.555773971382430480E-16 ) ) ;
#5787 = EDGE_CURVE ( 'NONE', #3650, #4984, #1165, .T. ) ;
#5788 = ORIENTED_EDGE ( 'NONE', *, *, #2788, .F. ) ;
#5789 = CARTESIAN_POINT ( 'NONE',  ( -1.507153320733509716, -8.129656195938432361, 2.745272988369580780 ) ) ;
#5790 = FACE_OUTER_BOUND ( 'NONE', #139, .T. ) ;
#5791 = CARTESIAN_POINT ( 'NONE',  ( 2.807389581144761781, 3.999999999999999112, 4.137458608817716765 ) ) ;
#5792 = CARTESIAN_POINT ( 'NONE',  ( 2.946445818861760824, -4.907719668301488092, 1.189965836893900342 ) ) ;
#5793 = CARTESIAN_POINT ( 'NONE',  ( -2.416262262965816809, -5.325431276608745712, -2.076752060365822050 ) ) ;
#5794 = CARTESIAN_POINT ( 'NONE',  ( -2.755018448054293856, -6.170692604006490889, 1.591629226803643160 ) ) ;
#5795 = ORIENTED_EDGE ( 'NONE', *, *, #913, .F. ) ;
#5796 = CARTESIAN_POINT ( 'NONE',  ( -0.4349694174947004166, -0.4999999999999989453, 4.499999999999999112 ) ) ;
#5797 = CARTESIAN_POINT ( 'NONE',  ( 3.026420176593174194, -6.790179851401197730, -0.8032477051402722168 ) ) ;
#5798 = EDGE_CURVE ( 'NONE', #5596, #1875, #5272, .T. ) ;
#5799 = VECTOR ( 'NONE', #253, 1000.000000000000000 ) ;
#5800 = EDGE_CURVE ( 'NONE', #78, #6486, #2923, .T. ) ;
#5801 = CARTESIAN_POINT ( 'NONE',  ( 0.000000000000000000, -9.000000000000000000, 3.174999999999999822 ) ) ;
#5802 = CARTESIAN_POINT ( 'NONE',  ( 2.443099146032160718, -3.214176545769904081, -1.011964800508647455 ) ) ;
#5803 = CARTESIAN_POINT ( 'NONE',  ( 2.755190592392777305, -6.659162678288749859, -1.591516500936242196 ) ) ;
#5804 = CARTESIAN_POINT ( 'NONE',  ( 3.118293189387645103, -3.839758398131524864, -0.6527557259646445953 ) ) ;
#5805 = LINE ( 'NONE', #1828, #4211 ) ;
#5806 = CARTESIAN_POINT ( 'NONE',  ( 0.000000000000000000, -8.668853236027988629, 2.773454456279762503 ) ) ;
#5807 = EDGE_CURVE ( 'NONE', #5054, #2231, #7175, .T. ) ;
#5808 = CARTESIAN_POINT ( 'NONE',  ( -1.315128060534576537, -4.420673076923443467, -3.175000000000000266 ) ) ;
#5809 = CARTESIAN_POINT ( 'NONE',  ( 1.040949779275250140E-16, 1.999999999999998224, 0.8499999999999999778 ) ) ;
#5810 = CARTESIAN_POINT ( 'NONE',  ( -2.572752223235814206, -4.335675768359089410, -1.865173743210958746 ) ) ;
#5811 = EDGE_LOOP ( 'NONE', ( #5201, #1115, #6202 ) ) ;
#5812 = CARTESIAN_POINT ( 'NONE',  ( -2.797693338360155657, -7.245646240239986824, 1.407139375189002006 ) ) ;
#5813 = CARTESIAN_POINT ( 'NONE',  ( -2.849424391781078203, -7.239840068387255023, -1.406729267414392970 ) ) ;
#5814 = CARTESIAN_POINT ( 'NONE',  ( -3.056082555858913530, -4.354183230804951954, 0.6818990947199539132 ) ) ;
#5815 = CARTESIAN_POINT ( 'NONE',  ( -0.3882165267451062052, -3.499999999999999556, 2.495396947312249036 ) ) ;
#5816 = CARTESIAN_POINT ( 'NONE',  ( -1.592684865866628385, -5.113021398673367912, 2.754438329967360932 ) ) ;
#5817 = CARTESIAN_POINT ( 'NONE',  ( -2.443099146032159830, -7.703131146538350293, 1.011964800508648343 ) ) ;
#5818 = LINE ( 'NONE', #2474, #1755 ) ;
#5819 = CARTESIAN_POINT ( 'NONE',  ( 2.119902860583477128E-31, 3.999999999999998224, -6.500000000000000000 ) ) ;
#5820 = CARTESIAN_POINT ( 'NONE',  ( 1.332252339507818739, -6.001969159898888684, 2.893700849871283065 ) ) ;
#5821 = CARTESIAN_POINT ( 'NONE',  ( -3.177759671939457853, -6.252325185208601255, -0.003103669337788008808 ) ) ;
#5822 = ORIENTED_EDGE ( 'NONE', *, *, #5800, .F. ) ;
#5823 = CARTESIAN_POINT ( 'NONE',  ( 4.331255340480722360, -0.5297829098785865609, 1.498045689733353614 ) ) ;
#5824 = ORIENTED_EDGE ( 'NONE', *, *, #7108, .F. ) ;
#5825 = CARTESIAN_POINT ( 'NONE',  ( -2.809672653727840697, -8.129775158142662050, 1.501454450689633013 ) ) ;
#5826 = CARTESIAN_POINT ( 'NONE',  ( -2.999999999999996447, 2.819460529358405854, -6.287940301774249896 ) ) ;
#5827 = CARTESIAN_POINT ( 'NONE',  ( -2.557020674487929135, -3.500000000000000000, -1.821705686260179036 ) ) ;
#5828 = CARTESIAN_POINT ( 'NONE',  ( 2.665915462025612470, -4.961923216910248513, 1.628161198284955313 ) ) ;
#5829 = CARTESIAN_POINT ( 'NONE',  ( -1.486120984033852066, -5.382614461702393882, -2.808801716600985543 ) ) ;
#5830 = CARTESIAN_POINT ( 'NONE',  ( -1.022614244804414652, -6.059024348239092639, 3.012992345135330208 ) ) ;
#5831 = EDGE_LOOP ( 'NONE', ( #2896, #4665, #7124, #4477, #6532, #2924, #1664 ) ) ;
#5832 = CARTESIAN_POINT ( 'NONE',  ( 8.602421240728327589, 3.999999999999999112, -6.633490009669500864 ) ) ;
#5833 = CARTESIAN_POINT ( 'NONE',  ( 1.929735446517131507E-17, 1.306895848598523591, -6.500000000000000888 ) ) ;
#5834 = CIRCLE ( 'NONE', #903, 3.208850468987952453 ) ;
#5835 = CARTESIAN_POINT ( 'NONE',  ( -1.315128060534576537, -8.450480769230813038, -3.175000000000000266 ) ) ;
#5836 = CARTESIAN_POINT ( 'NONE',  ( -1.046060903667665354, -7.811710541403535935, -2.525414420702734475 ) ) ;
#5837 = CARTESIAN_POINT ( 'NONE',  ( -2.598076211353316900, -3.175378794048744346, -4.499999999999999112 ) ) ;
#5838 = EDGE_CURVE ( 'NONE', #254, #615, #3245, .T. ) ;
#5839 = CARTESIAN_POINT ( 'NONE',  ( 2.061538566865698474, -3.944331518488584987, 2.418210022299613016 ) ) ;
#5840 = CARTESIAN_POINT ( 'NONE',  ( 2.999999999999996447, 3.848353308865070321, -6.500000000000046185 ) ) ;
#5841 = CARTESIAN_POINT ( 'NONE',  ( 3.104569467375895897, -4.717563482264379715, 0.4091258602441491532 ) ) ;
#5842 = AXIS2_PLACEMENT_3D ( 'NONE', #1817, #6305, #3951 ) ;
#5843 = EDGE_CURVE ( 'NONE', #5971, #1707, #4189, .T. ) ;
#5844 = CARTESIAN_POINT ( 'NONE',  ( 3.174999999999999378, -4.664903846154192735, -1.315128060534576759 ) ) ;
#5845 = CARTESIAN_POINT ( 'NONE',  ( 2.523544130906361538, -3.707855058828122718, -1.938071619005990787 ) ) ;
#5846 = CARTESIAN_POINT ( 'NONE',  ( -2.785971399001843096, -4.376744770506443061, -1.528535570133300325 ) ) ;
#5847 = CARTESIAN_POINT ( 'NONE',  ( 0.1447999072982871505, -6.978511012476647402, 3.182372665478116591 ) ) ;
#5848 = CARTESIAN_POINT ( 'NONE',  ( -2.582843887753435652, -7.266258282470358765, -1.865332226960402462 ) ) ;
#5849 = CARTESIAN_POINT ( 'NONE',  ( -0.2947215257873228023, -4.617896798993728957, -3.117347745869293973 ) ) ;
#5850 = AXIS2_PLACEMENT_3D ( 'NONE', #6119, #4508, #6743 ) ;
#5851 = CARTESIAN_POINT ( 'NONE',  ( 2.979155496875689035, -7.580380372234844621, -0.9639731460213289971 ) ) ;
#5852 = DIRECTION ( 'NONE',  ( -0.4999999999999999445, 0.8660254037844387076, 2.503857664561932869E-16 ) ) ;
#5853 = CARTESIAN_POINT ( 'NONE',  ( 1.011964800508647455, -5.505054223461601559, 2.443099146032160718 ) ) ;
#5854 = CARTESIAN_POINT ( 'NONE',  ( -3.897114317029974018, -3.499999999999999556, -2.250000000000000444 ) ) ;
#5855 = CARTESIAN_POINT ( 'NONE',  ( -0.2071126088279715283, -5.510366249324011534, -3.174999999999999822 ) ) ;
#5856 = CARTESIAN_POINT ( 'NONE',  ( -1.680778508469648491, -6.095664618830726411, 2.696799465755149061 ) ) ;
#5857 = CARTESIAN_POINT ( 'NONE',  ( -3.086104592964796556, -6.229831356132581988, -0.7921300141128221339 ) ) ;
#5858 = VECTOR ( 'NONE', #1614, 1000.000000000000000 ) ;
#5859 = EDGE_LOOP ( 'NONE', ( #6096, #4103, #3997 ) ) ;
#5860 = CARTESIAN_POINT ( 'NONE',  ( 4.982271973925239905, -0.7248871147548531235, 0.3704518040350047170 ) ) ;
#5861 = ORIENTED_EDGE ( 'NONE', *, *, #3151, .F. ) ;
#5862 = CARTESIAN_POINT ( 'NONE',  ( 0.4952683370882521863, -7.999543940705843958, 3.146934142300872317 ) ) ;
#5863 = CYLINDRICAL_SURFACE ( 'NONE', #567, 3.174999999999999822 ) ;
#5864 = CIRCLE ( 'NONE', #2703, 3.870567856518484007 ) ;
#5865 = CARTESIAN_POINT ( 'NONE',  ( 2.755584954002493703, -5.682283177395913043, -1.590741149131026377 ) ) ;
#5866 = CARTESIAN_POINT ( 'NONE',  ( 0.2406379114044550904, -5.081102308877973428, 3.176759247450352763 ) ) ;
#5867 = CARTESIAN_POINT ( 'NONE',  ( -0.3501126873243927129, -5.413900343833581097, -3.112230300050049525 ) ) ;
#5868 = CARTESIAN_POINT ( 'NONE',  ( 4.113489937695164578, -3.499999999999999112, 1.875226431488638212 ) ) ;
#5869 = ORIENTED_EDGE ( 'NONE', *, *, #6788, .F. ) ;
#5870 = DIRECTION ( 'NONE',  ( 0.000000000000000000, 0.000000000000000000, -1.000000000000000000 ) ) ;
#5871 = CARTESIAN_POINT ( 'NONE',  ( 0.000000000000000000, -3.499999999999999556, 0.000000000000000000 ) ) ;
#5872 = VECTOR ( 'NONE', #4759, 1000.000000000000000 ) ;
#5873 = CARTESIAN_POINT ( 'NONE',  ( 2.245064030267288402, -8.633653846153874767, -2.245064030267287958 ) ) ;
#5874 = CARTESIAN_POINT ( 'NONE',  ( -2.525414420702733587, -8.544402849095785513, 1.046060903667666242 ) ) ;
#5875 = CARTESIAN_POINT ( 'NONE',  ( -3.102373269951316459, -8.240957521576161682, -0.7231078170966545038 ) ) ;
#5876 = CARTESIAN_POINT ( 'NONE',  ( 2.865265874399664181, -3.739746212319621677, -1.392541806735343002 ) ) ;
#5877 = LINE ( 'NONE', #4926, #229 ) ;
#5878 = CARTESIAN_POINT ( 'NONE',  ( -3.113785153052820220, -5.170653260793013573, 0.3299306125421163083 ) ) ;
#5879 = EDGE_CURVE ( 'NONE', #5098, #5130, #523, .T. ) ;
#5880 = CARTESIAN_POINT ( 'NONE',  ( -1.785737662185200358, -7.684924073981281190, 1.785737662185199470 ) ) ;
#5881 = CARTESIAN_POINT ( 'NONE',  ( 3.154368815845281837, -3.830093783808770969, 0.4164543668845493984 ) ) ;
#5882 = CARTESIAN_POINT ( 'NONE',  ( -3.031760098028306150, -4.248325485313762861, -0.7860270225261566379 ) ) ;
#5883 = CARTESIAN_POINT ( 'NONE',  ( -0.1899639827248420509, -7.553782176948113936, -3.125993110930207930 ) ) ;
#5884 = CARTESIAN_POINT ( 'NONE',  ( 1.193706104321711869, -7.533142507173814728, -2.945012732246532039 ) ) ;
#5885 = CARTESIAN_POINT ( 'NONE',  ( -2.802453791721073451, -4.315438535877322401, 1.397222108253407757 ) ) ;
#5886 = CARTESIAN_POINT ( 'NONE',  ( -2.649689961550276696, -7.052203552532652964, 1.668432691661946299 ) ) ;
#5887 = CARTESIAN_POINT ( 'NONE',  ( -2.523411429447111942, -5.377733122000821986, -1.938259213468169762 ) ) ;
#5888 = CARTESIAN_POINT ( 'NONE',  ( 2.999999999999996447, 4.303840336304884495, -6.500000000000046185 ) ) ;
#5889 = CARTESIAN_POINT ( 'NONE',  ( 1.727531973270403975, -8.130534992692163954, -1.727531973270403975 ) ) ;
#5890 = CARTESIAN_POINT ( 'NONE',  ( 3.897114317029950037, 3.999999999999999112, 2.250000000000045297 ) ) ;
#5891 = CARTESIAN_POINT ( 'NONE',  ( -0.4950231238467538430, -8.426696132651606774, -3.147042001392838628 ) ) ;
#5892 = CARTESIAN_POINT ( 'NONE',  ( -2.854254685837034344, -5.347191042885742540, -1.406147874915476770 ) ) ;
#5893 = CARTESIAN_POINT ( 'NONE',  ( -3.094533649725796476, -6.362165501972026682, -0.4264235835402811481 ) ) ;
#5894 = CARTESIAN_POINT ( 'NONE',  ( -0.2200456105773457571, -6.397085136496406754, -3.124124466883472007 ) ) ;
#5895 = CARTESIAN_POINT ( 'NONE',  ( -3.076100968714196249, -8.321181093821619967, -0.5282367594679304723 ) ) ;
#5896 = EDGE_CURVE ( 'NONE', #1315, #6571, #4289, .T. ) ;
#5897 = ORIENTED_EDGE ( 'NONE', *, *, #481, .F. ) ;
#5898 = CARTESIAN_POINT ( 'NONE',  ( -0.02717639176726279610, -7.963759635971047857, 3.185544531501244059 ) ) ;
#5899 = DIRECTION ( 'NONE',  ( 0.000000000000000000, -3.469446951953615175E-16, 1.000000000000000000 ) ) ;
#5900 = CARTESIAN_POINT ( 'NONE',  ( 0.000000000000000000, -0.4999999999999995559, 0.000000000000000000 ) ) ;
#5901 = CARTESIAN_POINT ( 'NONE',  ( 0.4945553565725595013, -5.096431800231227882, 3.092321309377167093 ) ) ;
#5902 = CARTESIAN_POINT ( 'NONE',  ( -3.002906531677727475, -5.142035887767741897, 0.8898980178568346444 ) ) ;
#5903 = LINE ( 'NONE', #2522, #2864 ) ;
#5904 = ORIENTED_EDGE ( 'NONE', *, *, #4324, .F. ) ;
#5905 = CARTESIAN_POINT ( 'NONE',  ( 0.2349487191107601791, 0.6715460910866003497, -4.328453908913106218 ) ) ;
#5906 = CARTESIAN_POINT ( 'NONE',  ( 2.164366343575092611, -7.932110575330346691, 2.262902300403177858 ) ) ;
#5907 = CARTESIAN_POINT ( 'NONE',  ( -0.08586974321745251271, -5.923305414396553559, 3.130142501898759644 ) ) ;
#5908 = CARTESIAN_POINT ( 'NONE',  ( 1.315128060534576981, -5.031250000000312639, 3.174999999999999378 ) ) ;
#5909 = CARTESIAN_POINT ( 'NONE',  ( 1.785737662185200136, -8.239114387557348707, 1.785737662185200136 ) ) ;
#5910 = CARTESIAN_POINT ( 'NONE',  ( -2.894517372590561965, -8.139721571568044212, 1.311214157964806670 ) ) ;
#5911 = CARTESIAN_POINT ( 'NONE',  ( 0.6718108126738151498, -4.022229739844684460, 3.114235642100088519 ) ) ;
#5912 = CARTESIAN_POINT ( 'NONE',  ( -3.020965273437569376, -5.145522102276014920, 0.8235657514884678898 ) ) ;
#5913 = CARTESIAN_POINT ( 'NONE',  ( 2.525414420702734031, -5.425789458596844028, 1.046060903667665798 ) ) ;
#5914 = CARTESIAN_POINT ( 'NONE',  ( 3.154393451377754953, -6.720870735135010321, -0.4164003767265579414 ) ) ;
#5915 = CARTESIAN_POINT ( 'NONE',  ( 0.04393268508482631174, -4.455810583441805584, -3.123526605325570582 ) ) ;
#5916 = CARTESIAN_POINT ( 'NONE',  ( -3.112324178912504902, -7.334977082521811020, -0.3467422637119844664 ) ) ;
#5917 = CARTESIAN_POINT ( 'NONE',  ( 1.642384817532041241, -7.470913281625766622, -2.666623349328965276 ) ) ;
#5918 = CARTESIAN_POINT ( 'NONE',  ( -0.4960810751094350546, -5.584808536511526533, -3.091669834147401819 ) ) ;
#5919 = CARTESIAN_POINT ( 'NONE',  ( -2.333917530565541298, -7.254016467438186844, -2.087785772063811773 ) ) ;
#5920 = CARTESIAN_POINT ( 'NONE',  ( 3.897114317029973130, -0.4999999999999982792, -2.249999999999997335 ) ) ;
#5921 = CARTESIAN_POINT ( 'NONE',  ( 2.999999999999996447, 5.461134476104833269, -6.165567166377382335 ) ) ;
#5922 = CARTESIAN_POINT ( 'NONE',  ( 1.011964800508647455, -8.435823454230602536, 2.443099146032160718 ) ) ;
#5923 = DIRECTION ( 'NONE',  ( 0.000000000000000000, -1.000000000000000000, -3.479043334394289639E-16 ) ) ;
#5924 = CARTESIAN_POINT ( 'NONE',  ( -2.503816457788462291, -8.249558513562039508, -1.969955914727270718 ) ) ;
#5925 = CARTESIAN_POINT ( 'NONE',  ( -2.099124222946268326, -4.166575250136015818, 2.391085080220256565 ) ) ;
#5926 = CARTESIAN_POINT ( 'NONE',  ( 2.297339773051426004, -3.629678833553035222, -2.207347917169763196 ) ) ;
#5927 = CARTESIAN_POINT ( 'NONE',  ( -2.034810894818102511, -6.449301714936294339, -2.451122588750249243 ) ) ;
#5928 = ADVANCED_FACE ( 'NONE', ( #4487 ), #5110, .F. ) ;
#5929 = CARTESIAN_POINT ( 'NONE',  ( -1.005128683087749719, -6.385995331018652799, -3.023389622314893721 ) ) ;
#5930 = CARTESIAN_POINT ( 'NONE',  ( -1.338267360839941356, -8.616381240972952327, -2.511482237111839932 ) ) ;
#5931 = ADVANCED_FACE ( 'NONE', ( #1070 ), #7205, .T. ) ;
#5932 = ORIENTED_EDGE ( 'NONE', *, *, #50, .T. ) ;
#5933 = CARTESIAN_POINT ( 'NONE',  ( -0.2904190176511366461, -8.036611091024292719, 3.172391439880183572 ) ) ;
#5934 = DIRECTION ( 'NONE',  ( 0.000000000000000000, -1.000000000000000000, 0.000000000000000000 ) ) ;
#5935 = CARTESIAN_POINT ( 'NONE',  ( -2.999999999999996891, 5.732050807568874085, -6.035898384862246502 ) ) ;
#5936 = CARTESIAN_POINT ( 'NONE',  ( -2.164127543538752363, -5.464193957722923933, -2.337718314608750347 ) ) ;
#5937 = CARTESIAN_POINT ( 'NONE',  ( -1.601175244230012451, -5.376043569042150416, -2.744880382567649768 ) ) ;
#5938 = CARTESIAN_POINT ( 'NONE',  ( 4.766799996877562506, -3.357175515605320459, 0.7436602158888936387 ) ) ;
#5939 = ORIENTED_EDGE ( 'NONE', *, *, #4126, .F. ) ;
#5940 = CARTESIAN_POINT ( 'NONE',  ( -1.736082609046329717, -0.6423494001235382500, 4.499999999999999112 ) ) ;
#5941 = CARTESIAN_POINT ( 'NONE',  ( 1.499999999999998668, 6.598076211353309795, -3.999999999999999112 ) ) ;
#5942 = CARTESIAN_POINT ( 'NONE',  ( -1.074983524106329469, -5.973365299144380636, 2.940879403013222149 ) ) ;
#5943 = CARTESIAN_POINT ( 'NONE',  ( -3.174999999999999378, -8.328365384615437961, -1.315128060534578980 ) ) ;
#5944 = CARTESIAN_POINT ( 'NONE',  ( 0.2075151114392969343, -4.552152448263862894, -3.175000000001120259 ) ) ;
#5945 = AXIS2_PLACEMENT_3D ( 'NONE', #3623, #762, #3588 ) ;
#5946 = CARTESIAN_POINT ( 'NONE',  ( -2.188281767077817186, -4.263591217174647063, 2.240537197530330094 ) ) ;
#5947 = DIRECTION ( 'NONE',  ( -0.000000000000000000, -1.000000000000000000, -0.000000000000000000 ) ) ;
#5948 = ORIENTED_EDGE ( 'NONE', *, *, #4735, .F. ) ;
#5949 = CARTESIAN_POINT ( 'NONE',  ( -2.569544101443509199, -4.304763737366887888, -1.789557855579220647 ) ) ;
#5950 = AXIS2_PLACEMENT_3D ( 'NONE', #6182, #2218, #1083 ) ;
#5951 = CARTESIAN_POINT ( 'NONE',  ( -1.785737662185199692, -4.998385612443031256, -1.785737662185200358 ) ) ;
#5952 = AXIS2_PLACEMENT_3D ( 'NONE', #198, #3503, #3607 ) ;
#5953 = CARTESIAN_POINT ( 'NONE',  ( -2.999999999999997335, 5.461134476104833269, -4.334432833622618553 ) ) ;
#5954 = CARTESIAN_POINT ( 'NONE',  ( 2.548461455094153560, -4.685937354911848374, -1.911981139992908751 ) ) ;
#5955 = CARTESIAN_POINT ( 'NONE',  ( -1.676530898172303052, -7.387017199961056768, -2.708827643940532770 ) ) ;
#5956 = CARTESIAN_POINT ( 'NONE',  ( 2.777805263815062986, -7.703737134237068851, 1.446922073360776606 ) ) ;
#5957 = B_SPLINE_CURVE_WITH_KNOTS ( 'NONE', 3,
 ( #5815, #1190, #3502, #5671, #5706, #6257, #1842, #5745, #6846, #6879, #3433, #4085, #713, #5264 ),
 .UNSPECIFIED., .F., .F.,
 ( 4, 2, 2, 2, 2, 2, 4 ),
 ( 0.000000000000000000, 0.0003616005391016820312, 0.0007232010782033640624, 0.001446402156406728125, 0.002169603234610091753, 0.002531203773711774435, 0.002892804312813456683 ),
 .UNSPECIFIED. ) ;
#5958 = CARTESIAN_POINT ( 'NONE',  ( -1.221242798162524901, -5.546488098237972508, -2.883441410687951567 ) ) ;
#5959 = AXIS2_PLACEMENT_3D ( 'NONE', #2999, #1964, #2483 ) ;
#5960 = CARTESIAN_POINT ( 'NONE',  ( 0.8937540371143385398, -7.429013668622614475, -3.001058349130226066 ) ) ;
#5961 = CARTESIAN_POINT ( 'NONE',  ( -2.525414420702734031, -7.628537464480473318, -4.639111030251255524E-16 ) ) ;
#5962 = PERSON_AND_ORGANIZATION_ROLE ( 'classification_officer' ) ;
#5963 = CARTESIAN_POINT ( 'NONE',  ( -1.727531973270403975, -4.955534992692413709, -1.727531973270404198 ) ) ;
#5964 = DIRECTION ( 'NONE',  ( -0.8660254037844398178, -7.998750567307890238E-17, 0.4999999999999980016 ) ) ;
#5965 = DIRECTION ( 'NONE',  ( -0.000000000000000000, 1.000000000000000000, -0.000000000000000000 ) ) ;
#5966 = CARTESIAN_POINT ( 'NONE',  ( -0.8222797683170374183, -4.094192168521882280, 3.073638543663352873 ) ) ;
#5967 = CARTESIAN_POINT ( 'NONE',  ( -0.6143250491581782047, -3.536141344028742584, -3.126112959704902661 ) ) ;
#5968 = CARTESIAN_POINT ( 'NONE',  ( -0.6265281493504296639, -6.527616619484020610, -3.123601869339934556 ) ) ;
#5969 = CARTESIAN_POINT ( 'NONE',  ( 2.619301135228949473, -6.774695494803254725, 1.813635285023666111 ) ) ;
#5970 = CARTESIAN_POINT ( 'NONE',  ( 1.407622660417250371, -3.982533573896942958, 2.853495727604780097 ) ) ;
#5971 = VERTEX_POINT ( 'NONE', #3346 ) ;
#5972 = EDGE_CURVE ( 'NONE', #193, #3229, #5157, .T. ) ;
#5973 = CARTESIAN_POINT ( 'NONE',  ( -1.046060903667667574, -7.623866381673593651, 2.525414420702733587 ) ) ;
#5974 = CARTESIAN_POINT ( 'NONE',  ( 0.07183012416610413953, 1.097787357076615677, -4.000000000000000000 ) ) ;
#5975 = EDGE_CURVE ( 'NONE', #6640, #6486, #6101, .T. ) ;
#5976 = CARTESIAN_POINT ( 'NONE',  ( -3.142905683671543215, -5.311774993969627268, 0.5201033081706116779 ) ) ;
#5977 = CARTESIAN_POINT ( 'NONE',  ( 2.582303424822055327, -5.580586239034089679, -1.772497058112644464 ) ) ;
#5978 = CARTESIAN_POINT ( 'NONE',  ( 1.055567259724158991, -8.916893271605015769, -2.294230972786253098 ) ) ;
#5979 = ORIENTED_EDGE ( 'NONE', *, *, #5395, .T. ) ;
#5980 = FACE_OUTER_BOUND ( 'NONE', #1197, .T. ) ;
#5981 = CARTESIAN_POINT ( 'NONE',  ( 3.040082977542296838, -7.843898552584138706, 0.7500000195889471311 ) ) ;
#5982 = CARTESIAN_POINT ( 'NONE',  ( -1.361758455309482363, -6.337322498908719126, -2.819816799692347331 ) ) ;
#5983 = CARTESIAN_POINT ( 'NONE',  ( 3.174999999999999378, -7.839903846153937650, 1.315128060534576981 ) ) ;
#5984 = CARTESIAN_POINT ( 'NONE',  ( -1.046060903667665354, -4.880941310634535846, -2.525414420702734475 ) ) ;
#5985 = CARTESIAN_POINT ( 'NONE',  ( -3.041755256690165332, -4.313105376681845016, 0.9466072819353255063 ) ) ;
#5986 = DIRECTION ( 'NONE',  ( -0.000000000000000000, -2.891205793294678819E-16, 1.000000000000000000 ) ) ;
#5987 = ORIENTED_EDGE ( 'NONE', *, *, #3055, .T. ) ;
#5988 = AXIS2_PLACEMENT_3D ( 'NONE', #2585, #1444, #4908 ) ;
#5989 = CARTESIAN_POINT ( 'NONE',  ( 1.436536353872089222, -3.551234204144297024, -2.782372378950665137 ) ) ;
#5990 = CARTESIAN_POINT ( 'NONE',  ( -2.525414420702734031, -5.853193304750656800, -4.639111030251255524E-16 ) ) ;
#5991 = B_SPLINE_CURVE_WITH_KNOTS ( 'NONE', 3,
 ( #4685, #6922, #7027, #1882, #4122, #6366, #5816, #5335, #4159, #6331, #3572, #3026, #5265, #6987, #238, #2472, #4721, #165, #6400, #3064, #5302, #270, #4198, #5887, #855, #3097, #308, #2540, #5746, #1992, #1263, #714, #2953, #5193 ),
 .UNSPECIFIED., .F., .F.,
 ( 4, 2, 2, 2, 2, 2, 2, 2, 2, 2, 2, 2, 2, 2, 2, 2, 4 ),
 ( 0.03144338445406964083, 0.03207053686368448175, 0.03269768927329932268, 0.03332484168291415666, 0.03395199409252899758, 0.03457914650214383850, 0.03520629891175867943, 0.03583345132137352035, 0.03646060373098835433, 0.03708775614060319525, 0.03771490855021803618, 0.03834206095983287710, 0.03896921336944771802, 0.03959636577906255894, 0.04022351818867739293, 0.04085067059829222691, 0.04147782300790706783 ),
 .UNSPECIFIED. ) ;
#5992 = CARTESIAN_POINT ( 'NONE',  ( 3.073415717540171066, -6.780791488962226055, 0.8234979123299615011 ) ) ;
#5993 = CARTESIAN_POINT ( 'NONE',  ( 3.100178111047311891, -4.676513158291064620, -0.4445196407339673250 ) ) ;
#5994 = CARTESIAN_POINT ( 'NONE',  ( -1.679184226770925381, -7.447659747739961311, -2.707179632448744933 ) ) ;
#5995 = CARTESIAN_POINT ( 'NONE',  ( 3.122263273408847795, -7.689061678175674430, -0.5912322454982829045 ) ) ;
#5996 = CARTESIAN_POINT ( 'NONE',  ( 1.004764734111442515, -5.659307062123132503, -2.965821042044018530 ) ) ;
#5997 = CARTESIAN_POINT ( 'NONE',  ( -2.174480210265773206, -7.015669786238310834, 2.253331129272376554 ) ) ;
#5998 = CARTESIAN_POINT ( 'NONE',  ( -1.785737662185199692, -8.727575926018847241, -1.785737662185200358 ) ) ;
#5999 = CARTESIAN_POINT ( 'NONE',  ( -1.195017098350957374, -3.499999999999999112, 2.337133958898860442 ) ) ;
#6000 = FACE_OUTER_BOUND ( 'NONE', #1343, .T. ) ;
#6001 = CARTESIAN_POINT ( 'NONE',  ( 2.765051280889236907, 5.867698513793225601, -4.328453908913105330 ) ) ;
#6002 = CARTESIAN_POINT ( 'NONE',  ( -1.368432120097761828, -3.496344396770269203, -2.877018403707575001 ) ) ;
#6003 = CARTESIAN_POINT ( 'NONE',  ( -3.184619549944032180, -6.248750836983239410, 0.08067471566516594417 ) ) ;
#6004 = CARTESIAN_POINT ( 'NONE',  ( 2.284639361328545171, -6.800018962027163383, 2.220457405921719474 ) ) ;
#6005 = CARTESIAN_POINT ( 'NONE',  ( 0.000000000000000000, -3.499999999999999556, -3.174999999999999822 ) ) ;
#6006 = ORIENTED_EDGE ( 'NONE', *, *, #2867, .F. ) ;
#6007 = CARTESIAN_POINT ( 'NONE',  ( 0.8230588612886272637, -5.559617045820476555, -3.073426211982741574 ) ) ;
#6008 = CARTESIAN_POINT ( 'NONE',  ( 2.525414420702734031, -9.333481766288844739, 1.046060903667665798 ) ) ;
#6009 = CARTESIAN_POINT ( 'NONE',  ( -0.3882165267451062052, -3.499999999999999556, 2.495396947312249036 ) ) ;
#6010 = CARTESIAN_POINT ( 'NONE',  ( -3.143400267462781006, -5.251131640899722619, 0.5170558331469747859 ) ) ;
#6011 = CARTESIAN_POINT ( 'NONE',  ( 0.4317342402266973744, -5.451369688041652672, -3.102205549615866698 ) ) ;
#6012 = CARTESIAN_POINT ( 'NONE',  ( 1.044910001796568011, -8.960904195982198672, -2.251299064534274308 ) ) ;
#6013 = ORIENTED_EDGE ( 'NONE', *, *, #2887, .F. ) ;
#6014 = DIRECTION ( 'NONE',  ( 7.143791285570216995E-33, -1.000000000000000000, -2.503857664561933855E-16 ) ) ;
#6015 = EDGE_CURVE ( 'NONE', #3567, #3587, #2219, .T. ) ;
#6016 = CARTESIAN_POINT ( 'NONE',  ( 2.653756199152831119, -3.500000000000082157, 0.3183482751156989643 ) ) ;
#6017 = CARTESIAN_POINT ( 'NONE',  ( 1.766235639497048204, -6.501426769953137175, -2.585509964879627365 ) ) ;
#6018 = DIRECTION ( 'NONE',  ( 0.000000000000000000, -3.469446951953615175E-16, 1.000000000000000000 ) ) ;
#6019 = CARTESIAN_POINT ( 'NONE',  ( 1.046060903667666020, -4.026133618326912078, -2.525414420702734031 ) ) ;
#6020 = CIRCLE ( 'NONE', #398, 1.249999999999999334 ) ;
#6021 = CARTESIAN_POINT ( 'NONE',  ( -2.985855909879027159, -4.414832587885557658, -1.110967721768732375 ) ) ;
#6022 = CARTESIAN_POINT ( 'NONE',  ( 3.897114317029949593, 3.999999999999999112, 2.250000000000046629 ) ) ;
#6023 = VERTEX_POINT ( 'NONE', #6758 ) ;
#6024 = DIRECTION ( 'NONE',  ( 1.224646799147353207E-16, 1.000000000000000000, 0.000000000000000000 ) ) ;
#6025 = EDGE_CURVE ( 'NONE', #1958, #5971, #3315, .T. ) ;
#6026 = CARTESIAN_POINT ( 'NONE',  ( -2.525414420702733587, -7.745981766288968728, 1.046060903667666242 ) ) ;
#6027 = CARTESIAN_POINT ( 'NONE',  ( 0.8700755033162553831, -3.470080152675202978, -4.500000000000000000 ) ) ;
#6028 = CARTESIAN_POINT ( 'NONE',  ( 3.034373461636952651, -4.738975248162163645, -0.9710035610012229812 ) ) ;
#6029 = CARTESIAN_POINT ( 'NONE',  ( -0.7108594638140321997, -7.500115831018486112, -3.097154407576246271 ) ) ;
#6030 = EDGE_CURVE ( 'NONE', #5130, #5653, #5691, .T. ) ;
#6031 = CARTESIAN_POINT ( 'NONE',  ( 2.286827982314308727, -7.597852335764136100, -2.218187307120726537 ) ) ;
#6032 = CARTESIAN_POINT ( 'NONE',  ( 1.858084658689016067, -5.997766945217811951, 2.520300688219918150 ) ) ;
#6033 = CARTESIAN_POINT ( 'NONE',  ( 1.046060903667666020, -7.933825926018911012, -2.525414420702734031 ) ) ;
#6034 = VECTOR ( 'NONE', #982, 1000.000000000000000 ) ;
#6035 = DATE_AND_TIME ( #3642, #4633 ) ;
#6036 = DIRECTION ( 'NONE',  ( 1.000000000000000000, -1.224646799147352961E-16, -1.445602896647340889E-16 ) ) ;
#6037 = CARTESIAN_POINT ( 'NONE',  ( -1.797089579431209616, -8.265432589416626286, -2.555164728965461318 ) ) ;
#6038 = CARTESIAN_POINT ( 'NONE',  ( 0.8499999999999999778, 3.999999999999999112, -6.499999999999999112 ) ) ;
#6039 = CARTESIAN_POINT ( 'NONE',  ( 0.1746093498256837684, -3.573579900177997981, -3.181307469340253657 ) ) ;
#6040 = CARTESIAN_POINT ( 'NONE',  ( -2.001396656515636252, -6.477274185890430580, -2.408603267479504151 ) ) ;
#6041 = CARTESIAN_POINT ( 'NONE',  ( 2.574008406866984178, -6.746725235009775723, 1.784077177419653326 ) ) ;
#6042 = CARTESIAN_POINT ( 'NONE',  ( 0.000000000000000000, 0.5556762387720516339, 1.734723475976807094E-15 ) ) ;
#6043 = EDGE_LOOP ( 'NONE', ( #2442, #2625, #3580, #5273, #7044 ) ) ;
#6044 = DIRECTION ( 'NONE',  ( -0.000000000000000000, -1.000000000000000000, -1.836970198721029688E-16 ) ) ;
#6045 = CARTESIAN_POINT ( 'NONE',  ( -1.785737662185199692, -7.929154843212030457, -1.785737662185200358 ) ) ;
#6046 = DIRECTION ( 'NONE',  ( -1.000000000000000000, 0.000000000000000000, 0.000000000000000000 ) ) ;
#6047 = CARTESIAN_POINT ( 'NONE',  ( 2.525414420702734031, -6.402712535519843762, 1.046060903667665798 ) ) ;
#6048 = CARTESIAN_POINT ( 'NONE',  ( -3.175080929624980453, -5.269807742651269500, 0.1280930690976832542 ) ) ;
#6049 = CARTESIAN_POINT ( 'NONE',  ( 3.176924283324851217, -5.706224809072343085, 0.07116094321528099176 ) ) ;
#6050 = CARTESIAN_POINT ( 'NONE',  ( 3.897114317029974018, -3.499999999999999556, 2.250000000000000888 ) ) ;
#6051 = VERTEX_POINT ( 'NONE', #261 ) ;
#6052 = DIRECTION ( 'NONE',  ( 0.5000000000000098810, 0.000000000000000000, -0.8660254037844328234 ) ) ;
#6053 = CARTESIAN_POINT ( 'NONE',  ( -2.891699969616667421, -6.224531714177572894, -1.201466534777925421 ) ) ;
#6054 = CARTESIAN_POINT ( 'NONE',  ( 1.315128060534577203, -3.687980769231187672, -3.174999999999999378 ) ) ;
#6055 = CARTESIAN_POINT ( 'NONE',  ( 1.785737662185200136, -5.064114387557598462, -1.785737662185199692 ) ) ;
#6056 = CARTESIAN_POINT ( 'NONE',  ( 0.1532212705943231390, -4.108409946490244380, 3.182194196721462642 ) ) ;
#6057 = CARTESIAN_POINT ( 'NONE',  ( 1.046060903667666020, -5.979979772172910657, -2.525414420702734031 ) ) ;
#6058 = ORIENTED_EDGE ( 'NONE', *, *, #1021, .F. ) ;
#6059 = CARTESIAN_POINT ( 'NONE',  ( 2.833594624862291855, -3.789555911863464299, 1.332639670472845150 ) ) ;
#6060 = EDGE_CURVE ( 'NONE', #1293, #7005, #2888, .T. ) ;
#6061 = CARTESIAN_POINT ( 'NONE',  ( -1.046060903667665354, -4.082520227827719062, -2.525414420702734475 ) ) ;
#6062 = PRODUCT_DEFINITION ( 'UNKNOWN', '', #414, #3089 ) ;
#6063 = CARTESIAN_POINT ( 'NONE',  ( -3.125520697445038909, -8.286748796683450990, -0.4344812182881909179 ) ) ;
#6064 = CARTESIAN_POINT ( 'NONE',  ( -0.2158424144129016675, -4.443400319363009388, -3.116366956847705705 ) ) ;
#6065 = CARTESIAN_POINT ( 'NONE',  ( 2.644400624580249826, -7.810730129413612666, 1.776446450155100276 ) ) ;
#6066 = AXIS2_PLACEMENT_3D ( 'NONE', #6330, #2878, #95 ) ;
#6067 = CARTESIAN_POINT ( 'NONE',  ( 2.457158043458069319, -7.764088088371344121, 2.015055055007747953 ) ) ;
#6068 = CARTESIAN_POINT ( 'NONE',  ( -2.525414420702734031, -6.651614387557474473, -4.639111030251255524E-16 ) ) ;
#6070 = CIRCLE ( 'NONE', #2904, 2.179449471770326774 ) ;
#6069 = CARTESIAN_POINT ( 'NONE',  ( -1.727531973270403975, -3.885811161154467008, -1.727531973270404198 ) ) ;
#6071 = CARTESIAN_POINT ( 'NONE',  ( 0.000000000000000000, -9.854807692307629097, 3.174999999999999822 ) ) ;
#6072 = CARTESIAN_POINT ( 'NONE',  ( -0.8701834624016391295, -3.611504105814591359, -3.000120892147038365 ) ) ;
#6073 = CARTESIAN_POINT ( 'NONE',  ( -3.073164810889064125, -4.258051070724351739, 0.8246913113604193990 ) ) ;
#6074 = CARTESIAN_POINT ( 'NONE',  ( 0.6934351432128216253, -3.510819252884461505, -3.054312772224372363 ) ) ;
#6075 = CARTESIAN_POINT ( 'NONE',  ( 1.615243655809329049, -6.670596053387236601, -2.682919988649869580 ) ) ;
#6076 = CARTESIAN_POINT ( 'NONE',  ( 2.621064775449315043, -6.835338804277431457, 1.811093633446056339 ) ) ;
#6077 = CARTESIAN_POINT ( 'NONE',  ( 3.028054992628044229, -0.6241188073986978502, 3.755254904655624948 ) ) ;
#6078 = EDGE_LOOP ( 'NONE', ( #2717, #5116, #4655, #6739 ) ) ;
#6079 = AXIS2_PLACEMENT_3D ( 'NONE', #3582, #2447, #4209 ) ;
#6080 = EDGE_LOOP ( 'NONE', ( #2264, #776 ) ) ;
#6081 = DIRECTION ( 'NONE',  ( 0.000000000000000000, -1.000000000000000000, 0.000000000000000000 ) ) ;
#6082 = DIRECTION ( 'NONE',  ( 2.846556599890768726E-32, -2.503857664561933362E-16, -1.000000000000000000 ) ) ;
#6083 = FACE_OUTER_BOUND ( 'NONE', #3475, .T. ) ;
#6084 = CARTESIAN_POINT ( 'NONE',  ( -2.525414420702734031, -7.807039458596656267, -4.639111030251255524E-16 ) ) ;
#6085 = CARTESIAN_POINT ( 'NONE',  ( -3.166746560029817470, -5.288144954319264457, -0.2635532160119553047 ) ) ;
#6086 = CARTESIAN_POINT ( 'NONE',  ( 1.421587439014529552, -5.504213961844479641, -2.790569542829987704 ) ) ;
#6087 = DIRECTION ( 'NONE',  ( -0.4999999999999998335, 0.000000000000000000, -0.8660254037844387076 ) ) ;
#6088 = ORIENTED_EDGE ( 'NONE', *, *, #3106, .T. ) ;
#6089 = DIRECTION ( 'NONE',  ( 0.000000000000000000, 0.000000000000000000, 1.000000000000000000 ) ) ;
#6090 = ORIENTED_EDGE ( 'NONE', *, *, #1173, .F. ) ;
#6091 = CARTESIAN_POINT ( 'NONE',  ( -3.174999999999999378, -4.298557692308062173, 1.315128060534577648 ) ) ;
#6092 = VECTOR ( 'NONE', #5947, 1000.000000000000000 ) ;
#6093 = CARTESIAN_POINT ( 'NONE',  ( 1.046060903667665798, -5.369402849096037933, 2.525414420702734031 ) ) ;
#6094 = CARTESIAN_POINT ( 'NONE',  ( -1.605470141208072521, -4.198065231689919408, 2.751591704010289074 ) ) ;
#6095 = CARTESIAN_POINT ( 'NONE',  ( 0.000000000000000000, -7.384306695249723163, 2.525414420702734031 ) ) ;
#6096 = ORIENTED_EDGE ( 'NONE', *, *, #6920, .T. ) ;
#6097 = CARTESIAN_POINT ( 'NONE',  ( 0.4141815504946284032, -7.942665545509812297, 3.154697574274694993 ) ) ;
#6098 = CIRCLE ( 'NONE', #5744, 2.999999999999998224 ) ;
#6099 = AXIS2_PLACEMENT_3D ( 'NONE', #1645, #1748, #1677 ) ;
#6100 = CARTESIAN_POINT ( 'NONE',  ( 3.092740686834170350E-16, -3.166654843212406867, -2.525414420702734031 ) ) ;
#6101 = LINE ( 'NONE', #556, #5858 ) ;
#6102 = CARTESIAN_POINT ( 'NONE',  ( 2.638825000503575158, -4.786305410794398973, 1.671742967711186134 ) ) ;
#6103 = CARTESIAN_POINT ( 'NONE',  ( 2.878886765158823469, -7.649896340690610863, -1.345252927607502036 ) ) ;
#6104 = CARTESIAN_POINT ( 'NONE',  ( -2.912412394120555970, -8.140982590546867570, 1.291479440138574297 ) ) ;
#6105 = ADVANCED_FACE ( 'NONE', ( #1907 ), #6207, .F. ) ;
#6106 = CARTESIAN_POINT ( 'NONE',  ( 1.315128060534576981, -8.938942307692311573, 3.174999999999999378 ) ) ;
#6107 = CARTESIAN_POINT ( 'NONE',  ( 1.727531973270403975, -6.083888084231216631, -1.727531973270403975 ) ) ;
#6108 = CARTESIAN_POINT ( 'NONE',  ( 2.245064030267288402, -7.534615384615505285, -2.245064030267287958 ) ) ;
#6109 = CARTESIAN_POINT ( 'NONE',  ( 1.172798551035209913, -3.685465820355131150, -2.962200625978900437 ) ) ;
#6110 = CARTESIAN_POINT ( 'NONE',  ( -0.8242571416124330197, -4.502301387773310459, -3.073133838129466167 ) ) ;
#6111 = CARTESIAN_POINT ( 'NONE',  ( -1.002028441074676923, -4.015558204468370640, 2.967227080580873366 ) ) ;
#6112 = CARTESIAN_POINT ( 'NONE',  ( 1.863072320810251536, -6.655548569310936635, -2.584363266239364521 ) ) ;
#6113 = CARTESIAN_POINT ( 'NONE',  ( 3.103862628303761362, -6.645090548111586060, -0.7182950103499002870 ) ) ;
#6114 = CARTESIAN_POINT ( 'NONE',  ( 0.8215562339021493798, -4.013978830706622425, 3.073841767552026205 ) ) ;
#6115 = ORIENTED_EDGE ( 'NONE', *, *, #2287, .F. ) ;
#6116 = CARTESIAN_POINT ( 'NONE',  ( -9.940091136009298764E-18, 1.506883182060787307, -6.702250878640244380 ) ) ;
#6117 = CARTESIAN_POINT ( 'NONE',  ( 2.525414420702734031, -7.379635612442843495, 1.046060903667665798 ) ) ;
#6118 = CARTESIAN_POINT ( 'NONE',  ( 1.023512565151122766, -7.523940560084059648, -3.012620696707475343 ) ) ;
#6119 = CARTESIAN_POINT ( 'NONE',  ( 0.000000000000000000, -3.499999999999999556, 0.000000000000000000 ) ) ;
#6120 = B_SPLINE_CURVE_WITH_KNOTS ( 'NONE', 3,
 ( #5665, #1659, #635, #5591, #5629, #6730 ),
 .UNSPECIFIED., .F., .F.,
 ( 4, 2, 4 ),
 ( 0.09643928792293597618, 0.09711712252807150336, 0.09779495713320701666 ),
 .UNSPECIFIED. ) ;
#6121 = CARTESIAN_POINT ( 'NONE',  ( -0.8004062556091092739, -5.541851620215757279, -3.083599967108491491 ) ) ;
#6122 = CARTESIAN_POINT ( 'NONE',  ( 3.117381436985109389, -5.684396084921732317, 0.2007568922606499384 ) ) ;
#6123 = CARTESIAN_POINT ( 'NONE',  ( -1.268683747441023968, -8.305984775156353805, -2.878379316628745688 ) ) ;
#6124 = ORIENTED_EDGE ( 'NONE', *, *, #5475, .T. ) ;
#6125 = CARTESIAN_POINT ( 'NONE',  ( 0.000000000000000000, -3.499999999999999556, 0.000000000000000000 ) ) ;
#6126 = EDGE_CURVE ( 'NONE', #1970, #991, #3045, .T. ) ;
#6127 = EDGE_LOOP ( 'NONE', ( #3884, #2995, #722, #1125, #1728, #5645 ) ) ;
#6128 = CARTESIAN_POINT ( 'NONE',  ( 3.174999999999999378, -4.787019230769561595, -1.315128060534576759 ) ) ;
#6129 = CARTESIAN_POINT ( 'NONE',  ( 3.175125565981025577, -4.806106664937032313, 0.4168834226713666324 ) ) ;
#6130 = B_SPLINE_CURVE_WITH_KNOTS ( 'NONE', 3,
 ( #513, #7225, #5921, #3754, #1993, #1407, #5888, #6438 ),
 .UNSPECIFIED., .F., .F.,
 ( 4, 2, 2, 4 ),
 ( 0.001809801667233461612, 0.002259085915353532641, 0.002708370163473603886, 0.003606938659713745943 ),
 .UNSPECIFIED. ) ;
#6131 = CARTESIAN_POINT ( 'NONE',  ( -0.8419884146825269422, -4.562623361453616688, -3.064118708212835607 ) ) ;
#6132 = CARTESIAN_POINT ( 'NONE',  ( 2.525414420702734031, -6.102095156788285735, -1.046060903667665576 ) ) ;
#6133 = ORIENTED_EDGE ( 'NONE', *, *, #993, .F. ) ;
#6134 = CARTESIAN_POINT ( 'NONE',  ( 3.013707223780101252, -7.667552520203074984, -1.020798007695940646 ) ) ;
#6135 = LINE ( 'NONE', #6279, #3968 ) ;
#6136 = CARTESIAN_POINT ( 'NONE',  ( -2.524661630051468375, -7.331468658458621057, -1.936393771930172036 ) ) ;
#6137 = CARTESIAN_POINT ( 'NONE',  ( 2.003392282478934749, -7.641053069558486399, -2.476890467443844113 ) ) ;
#6138 = CARTESIAN_POINT ( 'NONE',  ( 0.8039343093745171531, -7.833109195259086555, 3.027172759791537437 ) ) ;
#6139 = CARTESIAN_POINT ( 'NONE',  ( -2.443099146032159830, -4.801676545769778315, -1.011964800508649009 ) ) ;
#6140 = CARTESIAN_POINT ( 'NONE',  ( -3.174999999999999378, -7.107211538461691624, 1.315128060534577648 ) ) ;
#6141 = CARTESIAN_POINT ( 'NONE',  ( 0.6714052084290456079, -3.598464441970536942, -3.114371069589296770 ) ) ;
#6142 = DIRECTION ( 'NONE',  ( -1.224646799147353207E-16, 1.000000000000000000, -3.706420287512767100E-44 ) ) ;
#6143 = CARTESIAN_POINT ( 'NONE',  ( 3.151182159740542055, -3.832056822996813494, 0.4688515846417839472 ) ) ;
#6144 = CARTESIAN_POINT ( 'NONE',  ( 3.053578132924316790, -6.846409375232862971, 0.9078851546015875851 ) ) ;
#6145 = APPROVAL_STATUS ( 'not_yet_approved' ) ;
#6146 = CARTESIAN_POINT ( 'NONE',  ( -0.6207484811449335282, -6.926315356824647829, 3.069750758761112586 ) ) ;
#6147 = CARTESIAN_POINT ( 'NONE',  ( 0.4095759154906905564, -3.674638748885107553, -3.104380740411254891 ) ) ;
#6148 = ORIENTED_EDGE ( 'NONE', *, *, #1449, .F. ) ;
#6149 = DIRECTION ( 'NONE',  ( 0.000000000000000000, 1.000000000000000000, 2.891205793294680298E-16 ) ) ;
#6150 = CARTESIAN_POINT ( 'NONE',  ( 2.393144736819969420, -5.876054300948069908, 2.097011430212789129 ) ) ;
#6151 = CARTESIAN_POINT ( 'NONE',  ( 3.092740686834170350E-16, -3.166654843212406867, -2.525414420702734031 ) ) ;
#6152 = CARTESIAN_POINT ( 'NONE',  ( 2.525403997642496901, -7.819870307292748457, 1.935410820495546913 ) ) ;
#6153 = EDGE_CURVE ( 'NONE', #2926, #4130, #2692, .T. ) ;
#6154 = CARTESIAN_POINT ( 'NONE',  ( 2.525414420702734031, -4.387808689366156756, 1.546370343417085175E-16 ) ) ;
#6155 = CARTESIAN_POINT ( 'NONE',  ( 3.135377749474336007, -5.798046163656735530, -0.5641638374874500261 ) ) ;
#6156 = EDGE_CURVE ( 'NONE', #6971, #5678, #5145, .T. ) ;
#6157 = CARTESIAN_POINT ( 'NONE',  ( -0.9994155772220307821, -5.969429390975059313, 2.959646488312420054 ) ) ;
#6158 = CARTESIAN_POINT ( 'NONE',  ( -0.8070971375544091497, -8.321182697435389741, -3.014965247588844210 ) ) ;
#6159 = VERTEX_POINT ( 'NONE', #4147 ) ;
#6160 = CARTESIAN_POINT ( 'NONE',  ( -0.1353832325077521659, -8.343375900400509693, -3.098931791907236999 ) ) ;
#6161 = EDGE_LOOP ( 'NONE', ( #4694, #1889, #1925, #1231, #6829, #2357, #7218 ) ) ;
#6162 = CARTESIAN_POINT ( 'NONE',  ( -1.780121795199856027, -2.997101794436045630, -1.673290121765355076 ) ) ;
#6163 = CARTESIAN_POINT ( 'NONE',  ( -2.245064030267288846, -3.260576923077375344, 2.245064030267287514 ) ) ;
#6164 = CARTESIAN_POINT ( 'NONE',  ( 2.853147609686651265, -4.858341992387416930, 1.408483735137960213 ) ) ;
#6165 = CARTESIAN_POINT ( 'NONE',  ( -2.462683620307553500, -4.406343843741459487, -2.020796667286860249 ) ) ;
#6166 = CARTESIAN_POINT ( 'NONE',  ( -1.785737662185200358, -8.483345156788097086, 1.785737662185199470 ) ) ;
#6167 = EDGE_LOOP ( 'NONE', ( #3957, #6842, #6338, #1639, #5168, #1415 ) ) ;
#6168 = DIRECTION ( 'NONE',  ( -0.000000000000000000, -1.000000000000000000, -0.000000000000000000 ) ) ;
#6169 = CARTESIAN_POINT ( 'NONE',  ( 3.063139309286572853, -5.884847372229576656, 0.6493470750761833887 ) ) ;
#6170 = CARTESIAN_POINT ( 'NONE',  ( -2.525414420702733587, -3.960404843212343984, -1.046060903667667130 ) ) ;
#6171 = DIRECTION ( 'NONE',  ( -0.000000000000000000, -1.000000000000000000, -0.000000000000000000 ) ) ;
#6172 = CARTESIAN_POINT ( 'NONE',  ( 2.931280725954759969, -7.717196597731792451, -1.226939730970622700 ) ) ;
#6173 = CARTESIAN_POINT ( 'NONE',  ( -3.174950155643189387, -8.199775789058646680, 0.1334540520946638220 ) ) ;
#6174 = B_SPLINE_CURVE_WITH_KNOTS ( 'NONE', 3,
 ( #4178, #839, #292, #7046, #2560, #2011 ),
 .UNSPECIFIED., .F., .F.,
 ( 4, 2, 4 ),
 ( 1.820749857483588898E-19, 0.0008522665018262410045, 0.001704533003652481792 ),
 .UNSPECIFIED. ) ;
#6175 = CARTESIAN_POINT ( 'NONE',  ( 3.888253587292846081E-16, -7.412500000000130207, -3.174999999999999822 ) ) ;
#6176 = AXIS2_PLACEMENT_3D ( 'NONE', #4579, #746, #1733 ) ;
#6177 = CARTESIAN_POINT ( 'NONE',  ( -1.251750070945818027, -3.503119459990688966, -2.920764638937821900 ) ) ;
#6178 = CARTESIAN_POINT ( 'NONE',  ( -1.937763450330667103, -6.110395631121305904, 2.523764591436409965 ) ) ;
#6179 = CARTESIAN_POINT ( 'NONE',  ( 2.372371675094769650, -3.923741033774119646, 2.126505397864753899 ) ) ;
#6180 = CARTESIAN_POINT ( 'NONE',  ( 0.4159814682890583537, -6.577480019666999134, -3.150342242574963869 ) ) ;
#6181 = CARTESIAN_POINT ( 'NONE',  ( -0.1059125816786476854, -6.928778510229404830, 3.184181554500620681 ) ) ;
#6182 = CARTESIAN_POINT ( 'NONE',  ( 2.119902860583477128E-31, 3.999999999999998224, -6.500000000000000000 ) ) ;
#6183 = CONICAL_SURFACE ( 'NONE', #5365, 4.500000000000000888, 1.134464013796316673 ) ;
#6184 = EDGE_LOOP ( 'NONE', ( #4914, #2738, #1962, #6493, #1674 ) ) ;
#6185 = CARTESIAN_POINT ( 'NONE',  ( 0.000000000000000000, -0.4999999999999995559, 0.000000000000000000 ) ) ;
#6186 = CARTESIAN_POINT ( 'NONE',  ( 1.046060903667665798, -4.570981766289219372, 2.525414420702734031 ) ) ;
#6187 = DIRECTION ( 'NONE',  ( -0.000000000000000000, -1.000000000000000000, -0.000000000000000000 ) ) ;
#6188 = CARTESIAN_POINT ( 'NONE',  ( -2.525414420702733587, -5.792135612442969261, 1.046060903667666242 ) ) ;
#6189 = CARTESIAN_POINT ( 'NONE',  ( 3.124446529025052488, -5.863277796341497705, 0.2153805189788690067 ) ) ;
#6190 = CONICAL_SURFACE ( 'NONE', #102, 3.250000000000000000, 0.5125491481694439688 ) ;
#6191 = CARTESIAN_POINT ( 'NONE',  ( -2.298505759475261812, -6.046723043993845970, 2.127684782234612992 ) ) ;
#6192 = ORIENTED_EDGE ( 'NONE', *, *, #1392, .F. ) ;
#6193 = FACE_BOUND ( 'NONE', #578, .T. ) ;
#6194 = ADVANCED_FACE ( 'NONE', ( #6318 ), #4092, .T. ) ;
#6195 = VERTEX_POINT ( 'NONE', #3050 ) ;
#6196 = CARTESIAN_POINT ( 'NONE',  ( 2.991933549187917236E-16, -7.915618853461841908, -2.443099146032160274 ) ) ;
#6197 = CC_DESIGN_DATE_AND_TIME_ASSIGNMENT ( #7028, #2030, ( #5212 ) ) ;
#6198 = CARTESIAN_POINT ( 'NONE',  ( -1.239089933744672800, 6.748712708340107724, -4.000000000000001776 ) ) ;
#6199 = CARTESIAN_POINT ( 'NONE',  ( 3.154453273777538591, -4.767049381437011846, -0.4158907664340709687 ) ) ;
#6200 = CARTESIAN_POINT ( 'NONE',  ( 1.092687624163010129, -4.597283300955517404, -2.992667783822879901 ) ) ;
#6201 = CARTESIAN_POINT ( 'NONE',  ( 3.092740686834170350E-16, -7.872768233711222585, -2.525414420702734031 ) ) ;
#6202 = ORIENTED_EDGE ( 'NONE', *, *, #6785, .T. ) ;
#6203 = CARTESIAN_POINT ( 'NONE',  ( 2.097301392085876959, -7.586242373063877942, -2.392786692803533288 ) ) ;
#6204 = CARTESIAN_POINT ( 'NONE',  ( -1.749719225004418011, -7.167092933072682470, 2.596800648831919744 ) ) ;
#6205 = AXIS2_PLACEMENT_3D ( 'NONE', #4277, #5964, #5377 ) ;
#6206 = CARTESIAN_POINT ( 'NONE',  ( 2.525414420702734031, -3.471943304750844117, 1.046060903667665798 ) ) ;
#6207 = TOROIDAL_SURFACE ( 'NONE', #4578, 2.693104151401475743, 0.2000000000000000111 ) ;
#6208 = CARTESIAN_POINT ( 'NONE',  ( -0.4179873476991898262, -7.004237277150163088, 3.175000000000000711 ) ) ;
#6209 = DIRECTION ( 'NONE',  ( -0.000000000000000000, -1.000000000000000000, -0.000000000000000000 ) ) ;
#6210 = CARTESIAN_POINT ( 'NONE',  ( 1.544638502642447619, -7.643377526430076507, -2.724182644758801342 ) ) ;
#6211 = CARTESIAN_POINT ( 'NONE',  ( -0.4878827278596506445, -7.896496136210658712, 3.093659892114460241 ) ) ;
#6212 = CIRCLE ( 'NONE', #3984, 0.8499999999999999778 ) ;
#6213 = DIRECTION ( 'NONE',  ( -0.5000000000000003331, -0.8660254037844385966, -2.503857664561931883E-16 ) ) ;
#6214 = CARTESIAN_POINT ( 'NONE',  ( 2.556399297804510695, -3.995685906296902790, 1.809066136742198072 ) ) ;
#6215 = CARTESIAN_POINT ( 'NONE',  ( -2.017384003235464185, 1.700635582189086392, -6.453934018742399026 ) ) ;
#6216 = CARTESIAN_POINT ( 'NONE',  ( 1.771902912608110947, -3.961659048602224065, 2.647663978148476982 ) ) ;
#6217 = ORIENTED_EDGE ( 'NONE', *, *, #1831, .F. ) ;
#6218 = CARTESIAN_POINT ( 'NONE',  ( 2.816642428455629510, -6.900572132874337683, 1.368799491920803968 ) ) ;
#6219 = CARTESIAN_POINT ( 'NONE',  ( -1.615851597843740661, -7.007311652480463948, 2.745768131708835380 ) ) ;
#6220 = DIRECTION ( 'NONE',  ( -0.000000000000000000, -2.891205793294678819E-16, 1.000000000000000000 ) ) ;
#6221 = CIRCLE ( 'NONE', #6205, 2.179449471770332103 ) ;
#6222 = ORIENTED_EDGE ( 'NONE', *, *, #6377, .F. ) ;
#6223 = CARTESIAN_POINT ( 'NONE',  ( -1.052814620353160091, -8.308290444054872381, -2.949186307658135497 ) ) ;
#6224 = CARTESIAN_POINT ( 'NONE',  ( 1.235283114677420135, 6.750910576353341241, -4.011907144364004196 ) ) ;
#6225 = CARTESIAN_POINT ( 'NONE',  ( 2.525414420702734031, -6.402712535519842874, 1.046060903667665798 ) ) ;
#6226 = CARTESIAN_POINT ( 'NONE',  ( 0.4146070728974979858, -7.942114831440949096, 3.154758364733843301 ) ) ;
#6227 = CARTESIAN_POINT ( 'NONE',  ( 2.126876931388984371, -3.500000000000000000, 1.361658002223284925 ) ) ;
#6228 = CARTESIAN_POINT ( 'NONE',  ( -0.02132352822315861096, -5.607854796789366603, -3.123704559826702809 ) ) ;
#6229 = CARTESIAN_POINT ( 'NONE',  ( 1.988903023547988758, -5.902370602571915370, 2.488788833250143551 ) ) ;
#6230 = ORIENTED_EDGE ( 'NONE', *, *, #5896, .T. ) ;
#6231 = CARTESIAN_POINT ( 'NONE',  ( -0.4349694174947006386, -3.499999999999999112, -4.500000000000000000 ) ) ;
#6232 = VERTEX_POINT ( 'NONE', #120 ) ;
#6233 = CARTESIAN_POINT ( 'NONE',  ( 1.011964800508647899, -7.976676545769528559, -2.443099146032160718 ) ) ;
#6234 = CARTESIAN_POINT ( 'NONE',  ( -2.390712133119869964, -7.117053855615334435, 2.099509596882350948 ) ) ;
#6235 = CARTESIAN_POINT ( 'NONE',  ( 3.012300865834024677, -4.736063490973613455, -1.024578164449899242 ) ) ;
#6236 = CARTESIAN_POINT ( 'NONE',  ( 2.153999618738883459, -4.750350308590702397, -2.262377174119678980 ) ) ;
#6237 = CARTESIAN_POINT ( 'NONE',  ( 1.188041009602635922, -4.910824681390039359, 2.956105255621751748 ) ) ;
#6238 = CARTESIAN_POINT ( 'NONE',  ( -1.023545437375652289, -6.446251050716667486, -3.012664021359734434 ) ) ;
#6239 = ORIENTED_EDGE ( 'NONE', *, *, #5879, .F. ) ;
#6240 = DIRECTION ( 'NONE',  ( 0.000000000000000000, 0.000000000000000000, 1.000000000000000000 ) ) ;
#6241 = CARTESIAN_POINT ( 'NONE',  ( 1.728167067605813401, -6.677333934926567238, -2.611096527726933125 ) ) ;
#6242 = CARTESIAN_POINT ( 'NONE',  ( 1.046060903667666020, -5.003056695249910923, -2.525414420702734031 ) ) ;
#6243 = CARTESIAN_POINT ( 'NONE',  ( 0.2091997562681974232, -6.506628422582518390, -3.175000000000006928 ) ) ;
#6244 = CARTESIAN_POINT ( 'NONE',  ( 2.999999999999996003, 3.398087865897944759, -6.443749432023174961 ) ) ;
#6245 = CARTESIAN_POINT ( 'NONE',  ( 1.479722213695924715, -8.612329924069523912, 2.419937623296633422 ) ) ;
#6246 = CARTESIAN_POINT ( 'NONE',  ( 1.922157620561092850, -7.860649209658325809, 2.530421333641210246 ) ) ;
#6247 = EDGE_CURVE ( 'NONE', #5062, #3567, #1862, .T. ) ;
#6248 = CARTESIAN_POINT ( 'NONE',  ( -1.610106910181726469, -7.984085898583416885, 2.739638613921804744 ) ) ;
#6249 = CARTESIAN_POINT ( 'NONE',  ( -3.174999999999999378, -5.275480769231068123, -1.315128060534578980 ) ) ;
#6250 = ADVANCED_FACE ( 'NONE', ( #4746 ), #474, .F. ) ;
#6251 = DIRECTION ( 'NONE',  ( -1.000000000000000000, 0.000000000000000000, 0.000000000000000000 ) ) ;
#6252 = CARTESIAN_POINT ( 'NONE',  ( -0.4992273415017913218, -3.989375766900198794, 3.091809357840561656 ) ) ;
#6253 = ORIENTED_EDGE ( 'NONE', *, *, #3954, .T. ) ;
#6254 = CARTESIAN_POINT ( 'NONE',  ( 0.9225215019923770354, -7.000904524873637236, 3.049162825813026334 ) ) ;
#6255 = CARTESIAN_POINT ( 'NONE',  ( -3.051704978683631886, -7.184181743755433835, 0.9157365060858531081 ) ) ;
#6256 = CARTESIAN_POINT ( 'NONE',  ( 3.082864687146253502, -3.925884148703585375, 0.5491777063056684227 ) ) ;
#6257 = CARTESIAN_POINT ( 'NONE',  ( 0.5657295167561701144, -3.500000000066213701, 2.420977736693108007 ) ) ;
#6258 = CARTESIAN_POINT ( 'NONE',  ( 0.1855960834662175318, -8.798131029974006978, -2.644176662334841499 ) ) ;
#6259 = CARTESIAN_POINT ( 'NONE',  ( -1.785737662185199692, -4.998385612443031256, -1.785737662185200358 ) ) ;
#6260 = LINE ( 'NONE', #540, #483 ) ;
#6261 = CARTESIAN_POINT ( 'NONE',  ( -1.785737662185200358, -4.754154843212281101, 1.785737662185199470 ) ) ;
#6262 = CARTESIAN_POINT ( 'NONE',  ( -1.526064125373547187, -5.441841597893236404, -2.796529971139568360 ) ) ;
#6263 = CARTESIAN_POINT ( 'NONE',  ( 1.986525540678109047, -5.841726224903239562, 2.490694019365464751 ) ) ;
#6264 = ORIENTED_EDGE ( 'NONE', *, *, #3674, .F. ) ;
#6265 = CARTESIAN_POINT ( 'NONE',  ( 0.2352205416298005503, 7.328296972108852003, -6.171703027891139115 ) ) ;
#6266 = ORIENTED_EDGE ( 'NONE', *, *, #4675, .F. ) ;
#6267 = CARTESIAN_POINT ( 'NONE',  ( 0.000000000000000000, -8.404080391923340443, 2.443099146032160274 ) ) ;
#6268 = CARTESIAN_POINT ( 'NONE',  ( -3.154468044369474367, -7.209892986779588675, 0.4158143733118083163 ) ) ;
#6269 = CARTESIAN_POINT ( 'NONE',  ( -1.701590194663359881E-11, -5.030974218447200386, 3.174999999999999822 ) ) ;
#6270 = ADVANCED_FACE ( 'NONE', ( #6945 ), #6445, .T. ) ;
#6271 = CARTESIAN_POINT ( 'NONE',  ( 2.096577984791498483, -4.655533949485768375, -2.387892771100340372 ) ) ;
#6272 = CARTESIAN_POINT ( 'NONE',  ( 1.883393998111861922, -4.871113546817293027, 2.569854049534201046 ) ) ;
#6273 = CARTESIAN_POINT ( 'NONE',  ( -0.4173988019509635716, -6.028216096003240487, 3.154287581767764692 ) ) ;
#6274 = EDGE_LOOP ( 'NONE', ( #3442, #3258, #3080, #7184 ) ) ;
#6275 = DIRECTION ( 'NONE',  ( -1.000000000000000000, -3.619583892683376808E-32, 1.445602896647340642E-16 ) ) ;
#6276 = CARTESIAN_POINT ( 'NONE',  ( 1.773822651568800923, -7.657011158035506249, -2.580524037150417893 ) ) ;
#6277 = CARTESIAN_POINT ( 'NONE',  ( 2.525414420702734031, -4.270364387557661345, 1.046060903667665798 ) ) ;
#6278 = CARTESIAN_POINT ( 'NONE',  ( -1.011964800508649232, -3.580522699616029314, 2.443099146032159830 ) ) ;
#6279 = CARTESIAN_POINT ( 'NONE',  ( 1.925929944387235853E-31, 6.999999999999995559, -4.000000000000001776 ) ) ;
#6280 = CARTESIAN_POINT ( 'NONE',  ( 2.999999999999996891, 2.819460529358405854, -6.287940301774250784 ) ) ;
#6281 = CARTESIAN_POINT ( 'NONE',  ( 2.937473484093341192, -8.510422328915666412, 0.06426686338213823124 ) ) ;
#6282 = CARTESIAN_POINT ( 'NONE',  ( -2.863351660999682746, -8.182107722619477386, -1.268698441527221110 ) ) ;
#6283 = ADVANCED_FACE ( 'NONE', ( #187 ), #3743, .T. ) ;
#6284 = CARTESIAN_POINT ( 'NONE',  ( 2.525414420702734031, -9.333481766288844739, 1.046060903667665798 ) ) ;
#6285 = CARTESIAN_POINT ( 'NONE',  ( 0.2068905509395199682, -4.044991949268218256, 3.174999999999308375 ) ) ;
#6286 = CARTESIAN_POINT ( 'NONE',  ( -2.048367233774373464, -4.102705584957935692, 2.429471192341591479 ) ) ;
#6287 = VERTEX_POINT ( 'NONE', #702 ) ;
#6288 = CARTESIAN_POINT ( 'NONE',  ( -2.411564251510333712, -7.118368728089130570, 2.081509508426515165 ) ) ;
#6289 = CARTESIAN_POINT ( 'NONE',  ( -2.578599454967055227, -7.131371144241235527, 1.857143659739014074 ) ) ;
#6290 = CARTESIAN_POINT ( 'NONE',  ( 2.403927027551258977, -4.767331841859054009, -2.006382230459298199 ) ) ;
#6291 = CARTESIAN_POINT ( 'NONE',  ( -3.124869981173860722, -8.107780483581491282, 0.1999134498554326900 ) ) ;
#6292 = CARTESIAN_POINT ( 'NONE',  ( 0.000000000000000000, -3.499999999999999556, 0.000000000000000000 ) ) ;
#6293 = B_SPLINE_CURVE_WITH_KNOTS ( 'NONE', 3,
 ( #1207, #3450, #3377, #4631, #6900, #2935, #2824, #5689, #1170, #2414, #3412, #1714, #2305, #659, #5071, #695, #4666, #2346, #2897, #5654, #114, #5140, #5209, #3925, #4032, #1788, #2857, #6794, #3998, #3483 ),
 .UNSPECIFIED., .F., .F.,
 ( 4, 2, 2, 2, 2, 2, 2, 2, 2, 2, 2, 2, 2, 2, 4 ),
 ( 0.07639640290399866973, 0.07702276172756944428, 0.07764912055114023270, 0.07890183819828179568, 0.07952819702185257023, 0.08015455584542334477, 0.08078091466899413320, 0.08140727349256490775, 0.08265999113970647072, 0.08328634996327724527, 0.08391270878684803369, 0.08453906761041880824, 0.08516542643398958279, 0.08579178525756037121, 0.08641814408113114576 ),
 .UNSPECIFIED. ) ;
#6294 = AXIS2_PLACEMENT_3D ( 'NONE', #5832, #1316, #3116 ) ;
#6295 = CARTESIAN_POINT ( 'NONE',  ( 1.727531973270403975, -9.351688838845912954, 1.727531973270403975 ) ) ;
#6296 = CARTESIAN_POINT ( 'NONE',  ( -2.935283169158990457, -8.267307692307751310, -1.210263490671329878 ) ) ;
#6297 = CARTESIAN_POINT ( 'NONE',  ( 3.093225915289815372E-11, -6.007897295367974344, 3.174999999999999822 ) ) ;
#6298 = CARTESIAN_POINT ( 'NONE',  ( 1.311019407122718361, -6.029937294057810426, 2.843963855523008011 ) ) ;
#6299 = CARTESIAN_POINT ( 'NONE',  ( 0.8123049902780327125, -5.907586520692881038, 3.080613617088777900 ) ) ;
#6300 = VERTEX_POINT ( 'NONE', #737 ) ;
#6301 = DIRECTION ( 'NONE',  ( 0.000000000000000000, 1.000000000000000000, -2.891205793294680298E-16 ) ) ;
#6302 = VECTOR ( 'NONE', #2662, 1000.000000000000000 ) ;
#6303 = EDGE_LOOP ( 'NONE', ( #5128, #1801, #1386, #6668, #1169, #6264 ) ) ;
#6304 = CARTESIAN_POINT ( 'NONE',  ( -2.443099146032159830, -3.917554223461726437, -1.011964800508649009 ) ) ;
#6305 = DIRECTION ( 'NONE',  ( 1.000000000000000000, 2.249639673992786412E-32, -1.224646799147353207E-16 ) ) ;
#6306 = CARTESIAN_POINT ( 'NONE',  ( 2.097687810849284240, -5.632422850939916792, -2.392335670556037019 ) ) ;
#6307 = CIRCLE ( 'NONE', #5605, 2.493116817939212471 ) ;
#6308 = CARTESIAN_POINT ( 'NONE',  ( 2.776375093290994300, -4.866711207194526878, 1.545778547037608641 ) ) ;
#6309 = CARTESIAN_POINT ( 'NONE',  ( -0.4952767393463434753, -4.966258788921648737, 3.084326555277833393 ) ) ;
#6310 = CARTESIAN_POINT ( 'NONE',  ( -2.097205924152676371, -6.120850042132947699, 2.392957021209423107 ) ) ;
#6311 = ORIENTED_EDGE ( 'NONE', *, *, #6511, .T. ) ;
#6312 = CARTESIAN_POINT ( 'NONE',  ( 0.4161393583971555454, -7.493538078110851153, -3.154505006051163907 ) ) ;
#6313 = CARTESIAN_POINT ( 'NONE',  ( -0.1925593577518825428, -6.576552533550811930, -3.125556711165378587 ) ) ;
#6314 = AXIS2_PLACEMENT_3D ( 'NONE', #6292, #1771, #6814 ) ;
#6315 = CARTESIAN_POINT ( 'NONE',  ( -2.525414420702733587, -4.758825926019160768, -1.046060903667667130 ) ) ;
#6316 = CARTESIAN_POINT ( 'NONE',  ( 1.727531973270403975, -4.130041930385216276, -1.727531973270403975 ) ) ;
#6317 = CARTESIAN_POINT ( 'NONE',  ( 1.950572521646773083, -6.882613712906785253, 2.539783139760688258 ) ) ;
#6318 = FACE_OUTER_BOUND ( 'NONE', #4501, .T. ) ;
#6319 = CARTESIAN_POINT ( 'NONE',  ( 2.848509686087576487, -8.530224123209373843, 0.6346698750288893853 ) ) ;
#6320 = AXIS2_PLACEMENT_3D ( 'NONE', #3012, #663, #2902 ) ;
#6321 = CARTESIAN_POINT ( 'NONE',  ( 1.046060903667666020, -9.089250997058098136, -2.525414420702734031 ) ) ;
#6322 = CARTESIAN_POINT ( 'NONE',  ( 3.175102201464135909, -3.819957890799338784, 0.2063144886958097335 ) ) ;
#6323 = CARTESIAN_POINT ( 'NONE',  ( -1.488125310804614410, -4.405760148570315948, -2.817216504189131498 ) ) ;
#6324 = ORIENTED_EDGE ( 'NONE', *, *, #4637, .F. ) ;
#6325 = ADVANCED_FACE ( 'NONE', ( #2942 ), #3284, .F. ) ;
#6326 = CARTESIAN_POINT ( 'NONE',  ( -1.792679474446915888, -7.169877108468102556, 2.558178613243939470 ) ) ;
#6327 = CARTESIAN_POINT ( 'NONE',  ( 1.314517502342128497, -7.539749795374113717, -2.893091161873997397 ) ) ;
#6328 = CARTESIAN_POINT ( 'NONE',  ( 2.275046893858597929, -4.993936984328602335, 2.151661404069046490 ) ) ;
#6329 = CIRCLE ( 'NONE', #938, 0.8499999999999999778 ) ;
#6330 = CARTESIAN_POINT ( 'NONE',  ( 4.336808689942017736E-16, 0.5358983848622457247, -6.500000000000000888 ) ) ;
#6331 = CARTESIAN_POINT ( 'NONE',  ( -2.392413552871970328, -5.162768394652278658, 2.097743062924259050 ) ) ;
#6332 = CARTESIAN_POINT ( 'NONE',  ( -1.011964800508647233, -8.924284992692101071, -2.443099146032161162 ) ) ;
#6333 = DIRECTION ( 'NONE',  ( 2.846556599890768726E-32, -2.503857664561933362E-16, 1.000000000000000000 ) ) ;
#6334 = CARTESIAN_POINT ( 'NONE',  ( -2.393530128270057400, -5.388116606229576000, -2.096557874404223476 ) ) ;
#6335 = TOROIDAL_SURFACE ( 'NONE', #942, 8.602421240728327589, 6.109691365970318699 ) ;
#6336 = CARTESIAN_POINT ( 'NONE',  ( 2.497520074081780450, -5.953856745566876718, 1.876256921783413079 ) ) ;
#6337 = CARTESIAN_POINT ( 'NONE',  ( 0.5604113407931268220, -6.434778892762833991, -3.081277417667670715 ) ) ;
#6338 = ORIENTED_EDGE ( 'NONE', *, *, #1335, .T. ) ;
#6339 = CARTESIAN_POINT ( 'NONE',  ( 2.754877096131864267, -4.705292609264525971, -1.591901977937734136 ) ) ;
#6340 = B_SPLINE_CURVE_WITH_KNOTS ( 'NONE', 3,
 ( #1285, #5731, #5693, #1320, #1865, #2860, #6317, #662, #2901, #1792, #626, #736, #5181, #4145, #1356, #6868, #5109, #2351, #5803, #2419, #6354, #5215, #1758, #4670, #82, #5144, #3526, #4003, #6243, #2975 ),
 .UNSPECIFIED., .F., .F.,
 ( 4, 2, 2, 2, 2, 2, 2, 2, 2, 2, 2, 2, 2, 2, 4 ),
 ( 0.02629579593988178032, 0.02692198915707822923, 0.02754818237427467467, 0.02880056880866756902, 0.02942676202586401793, 0.03005295524306046684, 0.03067914846025691228, 0.03130534167745335772, 0.03255772811184625554, 0.03318392132904270098, 0.03381011454623915335, 0.03443630776343559879, 0.03506250098063204423, 0.03568869419782849661, 0.03631488741502494205 ),
 .UNSPECIFIED. ) ;
#6341 = VERTEX_POINT ( 'NONE', #4638 ) ;
#6342 = CARTESIAN_POINT ( 'NONE',  ( -1.759768088730233826, -8.053970523847189256, 2.655622415619887100 ) ) ;
#6343 = CARTESIAN_POINT ( 'NONE',  ( -0.2068961120244806884, -7.464222460167809992, -3.175000000000000711 ) ) ;
#6344 = CARTESIAN_POINT ( 'NONE',  ( 1.405592571527061407, -5.591392847525379572, -2.854420453718669481 ) ) ;
#6345 = EDGE_CURVE ( 'NONE', #6384, #2181, #5805, .T. ) ;
#6346 = CARTESIAN_POINT ( 'NONE',  ( 2.945262986404261429, -4.847078071805392518, 1.192886969655231555 ) ) ;
#6347 = CARTESIAN_POINT ( 'NONE',  ( -3.116787132599907473, -5.306975639188102001, -0.6598978716120013077 ) ) ;
#6348 = CARTESIAN_POINT ( 'NONE',  ( -2.523098747366046446, -6.355212984978887647, -1.938660290637311379 ) ) ;
#6349 = ORIENTED_EDGE ( 'NONE', *, *, #5807, .T. ) ;
#6350 = LINE ( 'NONE', #907, #1605 ) ;
#6351 = CARTESIAN_POINT ( 'NONE',  ( 2.200353340336666186, -6.952803032672457029, 2.227908614357382966 ) ) ;
#6352 = CARTESIAN_POINT ( 'NONE',  ( -1.046060903667665354, -2.927095156788535935, -2.525414420702734475 ) ) ;
#6353 = CARTESIAN_POINT ( 'NONE',  ( 2.525414420702734031, -7.201133618326661434, 1.046060903667665798 ) ) ;
#6354 = CARTESIAN_POINT ( 'NONE',  ( 2.392401762011617805, -6.628706939906175322, -2.097632130815805684 ) ) ;
#6355 = CARTESIAN_POINT ( 'NONE',  ( 2.996314929794635429, -3.943352225449002102, 0.8831729443713772776 ) ) ;
#6356 = CARTESIAN_POINT ( 'NONE',  ( -9.614703467775482675E-18, 3.999999999999999112, -6.699999999999999289 ) ) ;
#6357 = CARTESIAN_POINT ( 'NONE',  ( 2.327758812071064831, -3.500000000000000000, -1.726944640404147968 ) ) ;
#6358 = CARTESIAN_POINT ( 'NONE',  ( 3.174999999999999378, -5.641826923077194245, -1.315128060534576759 ) ) ;
#6359 = CARTESIAN_POINT ( 'NONE',  ( 0.8211620756922557440, -3.606192548173309032, -3.073978585653772022 ) ) ;
#6360 = CARTESIAN_POINT ( 'NONE',  ( -2.528235242173837438, -4.307704715993614819, -1.834711257259694861 ) ) ;
#6361 = EDGE_LOOP ( 'NONE', ( #6013, #4065, #1152, #651 ) ) ;
#6362 = CARTESIAN_POINT ( 'NONE',  ( 2.157991408982002479, -6.929764251011730103, 2.332559784151716276 ) ) ;
#6363 = CARTESIAN_POINT ( 'NONE',  ( 0.1680303290260469762, -7.392518360365044394, -3.127459128089899121 ) ) ;
#6364 = CARTESIAN_POINT ( 'NONE',  ( 2.232897624257601521, -4.755455544268078150, -2.195343020835334169 ) ) ;
#6365 = CARTESIAN_POINT ( 'NONE',  ( -1.606150948042786686, -7.957244243123743566, 2.688052073938492992 ) ) ;
#6366 = CARTESIAN_POINT ( 'NONE',  ( -1.406195842051595646, -5.102446948905258850, 2.854166669199788675 ) ) ;
#6367 = CARTESIAN_POINT ( 'NONE',  ( -1.011964800508649232, -7.581015761922975216, 2.443099146032159830 ) ) ;
#6368 = DIRECTION ( 'NONE',  ( 0.000000000000000000, 1.000000000000000000, 2.891205793294680298E-16 ) ) ;
#6369 = CIRCLE ( 'NONE', #1575, 2.321689225793385436 ) ;
#6370 = DIRECTION ( 'NONE',  ( 0.000000000000000000, -1.000000000000000000, 0.000000000000000000 ) ) ;
#6371 = CARTESIAN_POINT ( 'NONE',  ( -0.7207374548449367868, -6.043275595597066285, 3.103258872164471605 ) ) ;
#6372 = CARTESIAN_POINT ( 'NONE',  ( -2.459480086871144611, -6.267818830260430296, -1.938939291741333726 ) ) ;
#6373 = ORIENTED_EDGE ( 'NONE', *, *, #1210, .T. ) ;
#6374 = FACE_OUTER_BOUND ( 'NONE', #4597, .T. ) ;
#6375 = ORIENTED_EDGE ( 'NONE', *, *, #3715, .F. ) ;
#6376 = CARTESIAN_POINT ( 'NONE',  ( -2.392182154030795260, -8.186218841147827163, 2.008793120559774881 ) ) ;
#6377 = EDGE_CURVE ( 'NONE', #2039, #7201, #5217, .T. ) ;
#6378 = DIRECTION ( 'NONE',  ( 0.000000000000000000, 0.000000000000000000, -1.000000000000000000 ) ) ;
#6379 = DIRECTION ( 'NONE',  ( -0.000000000000000000, 1.000000000000000000, 0.000000000000000000 ) ) ;
#6380 = ADVANCED_FACE ( 'NONE', ( #6907 ), #3201, .T. ) ;
#6381 = CARTESIAN_POINT ( 'NONE',  ( 1.236877867267862419, -5.057161670585525570, 2.876976736339040830 ) ) ;
#6382 = CARTESIAN_POINT ( 'NONE',  ( -1.603871362545983947, -5.436685860304896423, -2.743302971734798756 ) ) ;
#6383 = CARTESIAN_POINT ( 'NONE',  ( -3.174906351519707126, -6.262374673971911498, -0.2087437424429008925 ) ) ;
#6384 = VERTEX_POINT ( 'NONE', #6580 ) ;
#6385 = DIRECTION ( 'NONE',  ( 0.000000000000000000, 1.000000000000000000, 3.220676547310781097E-16 ) ) ;
#6386 = CARTESIAN_POINT ( 'NONE',  ( -2.782811845353431401, -8.220929418313220438, 1.435696838671477682 ) ) ;
#6387 = AXIS2_PLACEMENT_3D ( 'NONE', #1456, #2487, #6970 ) ;
#6388 = CARTESIAN_POINT ( 'NONE',  ( -2.245064030267287958, -8.389423076923124611, -2.245064030267288846 ) ) ;
#6389 = CARTESIAN_POINT ( 'NONE',  ( 1.011964800508647899, -3.092061161154529003, -2.443099146032160718 ) ) ;
#6390 = CARTESIAN_POINT ( 'NONE',  ( -0.4433608926308439391, -3.544994012508094983, -3.175000000003223910 ) ) ;
#6391 = CARTESIAN_POINT ( 'NONE',  ( 2.599656970677039602, -3.967715212173350992, 1.841516223259672902 ) ) ;
#6392 = CARTESIAN_POINT ( 'NONE',  ( 2.936484196451102591, -4.642968163793228520, -1.086951203332245486 ) ) ;
#6393 = CARTESIAN_POINT ( 'NONE',  ( -2.245064030267287958, -3.382692307692755307, -2.245064030267288846 ) ) ;
#6394 = CARTESIAN_POINT ( 'NONE',  ( 1.936124970307284476, -3.668520423450276180, -2.524988245340761495 ) ) ;
#6395 = CARTESIAN_POINT ( 'NONE',  ( -2.509438252799085056, -4.194351241546834252, 1.963093568491303120 ) ) ;
#6396 = CARTESIAN_POINT ( 'NONE',  ( 2.216154383016533558, -6.951643125164352455, 2.201511079916194102 ) ) ;
#6397 = CARTESIAN_POINT ( 'NONE',  ( 0.9452391168089182560, -7.519896544494266699, -3.033901328099415817 ) ) ;
#6398 = CARTESIAN_POINT ( 'NONE',  ( -3.021936015210523685, -4.428354304962869747, -0.8205364146140690096 ) ) ;
#6399 = CARTESIAN_POINT ( 'NONE',  ( -3.042872006516832872, -7.103783733176607385, 0.7391524880981182877 ) ) ;
#6400 = CARTESIAN_POINT ( 'NONE',  ( -3.154589570322324565, -5.294884407531074366, -0.4152123034653200651 ) ) ;
#6401 = CARTESIAN_POINT ( 'NONE',  ( 0.000000000000000000, -5.566111915769289986, 2.443099146032160274 ) ) ;
#6402 = FACE_OUTER_BOUND ( 'NONE', #6161, .T. ) ;
#6403 = FACE_OUTER_BOUND ( 'NONE', #863, .T. ) ;
#6404 = CARTESIAN_POINT ( 'NONE',  ( -1.453191501391406071, -6.082612428834754503, 2.825947312551050139 ) ) ;
#6405 = CARTESIAN_POINT ( 'NONE',  ( -0.2280472784315917545, -6.485712898173741969, -3.177731267395321080 ) ) ;
#6406 = ORIENTED_EDGE ( 'NONE', *, *, #3825, .T. ) ;
#6407 = DIRECTION ( 'NONE',  ( -0.000000000000000000, -1.000000000000000000, -0.000000000000000000 ) ) ;
#6408 = ORIENTED_EDGE ( 'NONE', *, *, #50, .F. ) ;
#6409 = CARTESIAN_POINT ( 'NONE',  ( -2.964321357698614712, -8.244589526438041105, 1.009912465756208855 ) ) ;
#6410 = CARTESIAN_POINT ( 'NONE',  ( -4.982271973925239017, -0.7248871147548529015, -0.3704518040350057162 ) ) ;
#6411 = CARTESIAN_POINT ( 'NONE',  ( 3.174997374791516336, -5.754469385584234153, -0.2098590775786919882 ) ) ;
#6412 = CARTESIAN_POINT ( 'NONE',  ( 2.320183970086049818, -4.904734285881500178, 2.183150391140716629 ) ) ;
#6413 = AXIS2_PLACEMENT_3D ( 'NONE', #4811, #7045, #2010 ) ;
#6414 = CARTESIAN_POINT ( 'NONE',  ( -0.8584514934289846355, -5.387928022670160466, -3.011909215306325827 ) ) ;
#6415 = DIRECTION ( 'NONE',  ( 0.000000000000000000, 0.000000000000000000, 1.000000000000000000 ) ) ;
#6416 = VERTEX_POINT ( 'NONE', #298 ) ;
#6417 = CARTESIAN_POINT ( 'NONE',  ( 0.000000000000000000, 0.5556762387720516339, 1.734723475976807094E-15 ) ) ;
#6418 = EDGE_CURVE ( 'NONE', #2514, #2948, #5877, .T. ) ;
#6419 = CARTESIAN_POINT ( 'NONE',  ( -0.2352205416298022989, 0.6717030278911416685, -6.171703027891143556 ) ) ;
#6420 = AXIS2_PLACEMENT_3D ( 'NONE', #2925, #3988, #4512 ) ;
#6421 = CARTESIAN_POINT ( 'NONE',  ( -3.174999999999999378, -5.275480769231061906, 1.315128060534577648 ) ) ;
#6422 = CARTESIAN_POINT ( 'NONE',  ( -1.046060903667665354, -6.834787464480536201, -2.525414420702734475 ) ) ;
#6423 = CARTESIAN_POINT ( 'NONE',  ( 1.785737662185200136, -7.196462535519780879, -1.785737662185199692 ) ) ;
#6424 = CARTESIAN_POINT ( 'NONE',  ( 3.107937410163057024, -3.917599336712291436, 0.3841569707031204928 ) ) ;
#6425 = CARTESIAN_POINT ( 'NONE',  ( -2.935283169158990457, -8.267307692307751310, -1.210263490671329878 ) ) ;
#6426 = CARTESIAN_POINT ( 'NONE',  ( -0.6902996848468736513, -5.396701222526409047, -3.054399305191472180 ) ) ;
#6427 = CIRCLE ( 'NONE', #7244, 4.500000000000000888 ) ;
#6428 = CARTESIAN_POINT ( 'NONE',  ( -1.785737662185199692, -7.929154843212030457, -1.785737662185200358 ) ) ;
#6429 = CARTESIAN_POINT ( 'NONE',  ( 9.660939655386972975E-15, -3.566141166169721100, -3.174999999999999822 ) ) ;
#6430 = CARTESIAN_POINT ( 'NONE',  ( -3.143390907618889507, -4.273607042563927649, 0.5186345568263924788 ) ) ;
#6431 = CARTESIAN_POINT ( 'NONE',  ( -1.444252814845979227, -7.400310849151580328, -2.839453448245225164 ) ) ;
#6432 = EDGE_CURVE ( 'NONE', #3543, #1850, #6680, .T. ) ;
#6433 = CARTESIAN_POINT ( 'NONE',  ( -3.115937439006052134, -7.200226464674376103, -0.6638803313461757449 ) ) ;
#6434 = CARTESIAN_POINT ( 'NONE',  ( -2.419090503791153868, -5.256941328934772173, 1.988359277298272776 ) ) ;
#6435 = CONICAL_SURFACE ( 'NONE', #3054, 4.500000000000000888, 1.134464013796316673 ) ;
#6436 = CARTESIAN_POINT ( 'NONE',  ( -1.152546108593895724, -7.931448842629109208, 2.911524624741073541 ) ) ;
#6437 = FACE_BOUND ( 'NONE', #3532, .T. ) ;
#6438 = CARTESIAN_POINT ( 'NONE',  ( 2.999999999999997780, 3.999999999999998224, -6.500000000000000000 ) ) ;
#6439 = CARTESIAN_POINT ( 'NONE',  ( 2.443099146032160274, -8.252650377307539031, 1.495966774593958618E-16 ) ) ;
#6440 = CARTESIAN_POINT ( 'NONE',  ( -2.324174406149116745, -8.089359623891271056, 2.178807506047747200 ) ) ;
#6441 = CARTESIAN_POINT ( 'NONE',  ( -1.260882678246151967, -8.386893763157148740, -2.925923101488961731 ) ) ;
#6442 = CARTESIAN_POINT ( 'NONE',  ( -3.564761386937312728E-15, -5.519987320015720123, -3.174999999999999822 ) ) ;
#6443 = CARTESIAN_POINT ( 'NONE',  ( -2.844015761111859497, -6.325683656234002861, -1.435715762437493659 ) ) ;
#6444 = CARTESIAN_POINT ( 'NONE',  ( -2.911096429471131675, -6.256543796897441112, -1.295001838067983524 ) ) ;
#6445 = CONICAL_SURFACE ( 'NONE', #5736, 2.999999999999998224, 0.7853981633974500554 ) ;
#6446 = CARTESIAN_POINT ( 'NONE',  ( 0.4179151599395038996, -4.562857441679657455, -3.154183819494669194 ) ) ;
#6447 = B_SPLINE_CURVE_WITH_KNOTS ( 'NONE', 3,
 ( #3366, #1161, #4476, #3916 ),
 .UNSPECIFIED., .F., .F.,
 ( 4, 4 ),
 ( 2.339750666364969296E-07, 0.002614009409412738558 ),
 .UNSPECIFIED. ) ;
#6448 = ORIENTED_EDGE ( 'NONE', *, *, #1896, .T. ) ;
#6449 = CARTESIAN_POINT ( 'NONE',  ( 0.4883173855045506162, -8.027514939792901316, 3.093309520439062155 ) ) ;
#6450 = CARTESIAN_POINT ( 'NONE',  ( -2.999999999999997780, 3.999999999999998224, -6.500000000000000000 ) ) ;
#6451 = AXIS2_PLACEMENT_3D ( 'NONE', #2235, #2373, #4518 ) ;
#6452 = CARTESIAN_POINT ( 'NONE',  ( 0.4132426946225654651, -5.539549445446750653, -3.154923449234030564 ) ) ;
#6453 = CARTESIAN_POINT ( 'NONE',  ( -0.5428858998872612140, -5.118202519752278690, 3.139147409360492968 ) ) ;
#6454 = CARTESIAN_POINT ( 'NONE',  ( -3.053408060061925777, -5.230646287128169369, 0.9097492563218808614 ) ) ;
#6455 = CARTESIAN_POINT ( 'NONE',  ( 1.108367347194266106, -8.952166208589646956, -2.229910928734571751 ) ) ;
#6456 = VERTEX_POINT ( 'NONE', #1979 ) ;
#6457 = CARTESIAN_POINT ( 'NONE',  ( -3.250000000000000000, 3.999999999999999112, -10.72288641497880057 ) ) ;
#6458 = CARTESIAN_POINT ( 'NONE',  ( -1.499999999999999334, 1.401923788646684654, -6.500000000000000000 ) ) ;
#6459 = CARTESIAN_POINT ( 'NONE',  ( 2.638980044881992448, -6.562735784137965211, -1.685303274416017016 ) ) ;
#6460 = CARTESIAN_POINT ( 'NONE',  ( 0.000000000000000000, -5.092307692308000178, 3.174999999999999822 ) ) ;
#6461 = CARTESIAN_POINT ( 'NONE',  ( -1.785737662185200358, -6.529499002942099395, 1.785737662185199470 ) ) ;
#6462 = CARTESIAN_POINT ( 'NONE',  ( 1.785737662185200136, -8.173385612442780612, -1.785737662185199692 ) ) ;
#6463 = CARTESIAN_POINT ( 'NONE',  ( 2.864204842555356123, -3.963107323025406359, 1.246731865584662202 ) ) ;
#6464 = DIRECTION ( 'NONE',  ( -1.000000000000000000, 1.419649023221408301E-16, 0.000000000000000000 ) ) ;
#6465 = CARTESIAN_POINT ( 'NONE',  ( 2.725070346168999791, -4.617331663700655398, -1.542205639661316852 ) ) ;
#6466 = EDGE_CURVE ( 'NONE', #6341, #605, #411, .T. ) ;
#6467 = B_SPLINE_CURVE_WITH_KNOTS ( 'NONE', 3,
 ( #4138, #6898, #4701, #5175, #6238, #1205, #3448, #1314, #3553, #6937, #6348, #148, #730, #657, #5242, #4629, #6383, #1278, #1349, #2376, #1858, #5687, #5794, #4596, #5207, #6310, #2412, #2895, #3586, #5830, #1786, #6273, #1821, #4064 ),
 .UNSPECIFIED., .F., .F.,
 ( 4, 2, 2, 2, 2, 2, 2, 2, 2, 2, 2, 2, 2, 2, 2, 2, 4 ),
 ( 0.03631488741502494205, 0.03694115413466237535, 0.03756742085429980865, 0.03819368757393724195, 0.03881995429357466831, 0.03944622101321210161, 0.04007248773284953491, 0.04069875445248696821, 0.04132502117212440151, 0.04195128789176182788, 0.04257755461139926118, 0.04320382133103669448, 0.04383008805067412778, 0.04445635477031155414, 0.04508262148994898744, 0.04570888820958642074, 0.04633515492922385404 ),
 .UNSPECIFIED. ) ;
#6468 = CARTESIAN_POINT ( 'NONE',  ( 2.525414420702734031, -5.303674073981469839, -1.046060903667665576 ) ) ;
#6469 = EDGE_CURVE ( 'NONE', #3989, #720, #6566, .T. ) ;
#6470 = CARTESIAN_POINT ( 'NONE',  ( 1.407202700493508596, -6.913325949784779212, 2.853685346432083936 ) ) ;
#6471 = CARTESIAN_POINT ( 'NONE',  ( 3.113978890433338531, -4.713952886254303642, 0.3365671041836544863 ) ) ;
#6472 = CARTESIAN_POINT ( 'NONE',  ( -2.759129263611090010, -7.311521081460296223, -1.592533000393488551 ) ) ;
#6473 = CARTESIAN_POINT ( 'NONE',  ( 2.090406570624489646, -7.849665348938358100, 2.393347416198775335 ) ) ;
#6474 = CARTESIAN_POINT ( 'NONE',  ( -2.829485901548347115, -5.433634273510302037, -1.341231188525367379 ) ) ;
#6475 = CARTESIAN_POINT ( 'NONE',  ( 1.586419499370316899, -7.467625734180403541, -2.699555114742723916 ) ) ;
#6476 = CARTESIAN_POINT ( 'NONE',  ( -1.046060903667667574, -8.422287464480412211, 2.525414420702733587 ) ) ;
#6477 = COORDINATED_UNIVERSAL_TIME_OFFSET ( 6, 0, .BEHIND. ) ;
#6478 = CARTESIAN_POINT ( 'NONE',  ( 0.000000000000000000, -8.496881146538289187, 2.443099146032160274 ) ) ;
#6479 = CARTESIAN_POINT ( 'NONE',  ( 3.201954344106511291E-16, 6.693104151401474411, -6.699999999999998401 ) ) ;
#6480 = CARTESIAN_POINT ( 'NONE',  ( -1.235233534061662919, -8.298284343102093175, -2.878100206848597242 ) ) ;
#6481 = CARTESIAN_POINT ( 'NONE',  ( -2.091132383515411982E-15, 7.464101615137749945, -6.035898384862245614 ) ) ;
#6482 = CARTESIAN_POINT ( 'NONE',  ( -0.09088590166385329683, -3.561557597532174047, -3.184606295248581187 ) ) ;
#6483 = CARTESIAN_POINT ( 'NONE',  ( -2.293424546706249956, -6.193854634233178835, 2.211078894792918970 ) ) ;
#6484 = CARTESIAN_POINT ( 'NONE',  ( -0.4919196958571626643, -6.473010347497794470, -3.147887303203933840 ) ) ;
#6485 = CARTESIAN_POINT ( 'NONE',  ( 1.600844116087717817, -4.625091084913520945, -2.773490629238491323 ) ) ;
#6486 = VERTEX_POINT ( 'NONE', #4225 ) ;
#6487 = CARTESIAN_POINT ( 'NONE',  ( -0.7882340397498455165, -8.090117272759195899, 3.030773831288708919 ) ) ;
#6488 = CARTESIAN_POINT ( 'NONE',  ( 1.992380847621429577E-31, 6.999999999999995559, -4.000000000000001776 ) ) ;
#6489 = CARTESIAN_POINT ( 'NONE',  ( -2.999999999999996003, 4.600216527799585009, -6.453257636517751195 ) ) ;
#6490 = CARTESIAN_POINT ( 'NONE',  ( -2.352031710079780069, -5.452118528623256744, -2.148593425362205434 ) ) ;
#6491 = CARTESIAN_POINT ( 'NONE',  ( -1.934501176818300916, -5.417056262836598357, -2.521071496699065939 ) ) ;
#6492 = CARTESIAN_POINT ( 'NONE',  ( 4.982271973925239017, -3.275112885245146988, 0.3704518040350056607 ) ) ;
#6493 = ORIENTED_EDGE ( 'NONE', *, *, #4995, .T. ) ;
#6494 = LINE ( 'NONE', #1458, #3129 ) ;
#6495 = DIRECTION ( 'NONE',  ( 0.000000000000000000, 0.000000000000000000, 1.000000000000000000 ) ) ;
#6496 = CARTESIAN_POINT ( 'NONE',  ( -0.6489639209033751799, -6.375750323844665779, -3.063276873671830103 ) ) ;
#6497 = CARTESIAN_POINT ( 'NONE',  ( -3.174999999999999378, -6.374519230769436717, -1.315128060534578980 ) ) ;
#6498 = CARTESIAN_POINT ( 'NONE',  ( 2.525414420702734031, -8.178056695249662056, 1.046060903667665798 ) ) ;
#6499 = CARTESIAN_POINT ( 'NONE',  ( 1.785737662185200136, -6.463770227827532189, 1.785737662185200136 ) ) ;
#6500 = CARTESIAN_POINT ( 'NONE',  ( -2.901470285738960264, -4.327710929297758469, 1.178387881930274661 ) ) ;
#6501 = DIRECTION ( 'NONE',  ( 0.5000000000000098810, 0.000000000000000000, -0.8660254037844328234 ) ) ;
#6502 = ORIENTED_EDGE ( 'NONE', *, *, #4180, .T. ) ;
#6503 = CARTESIAN_POINT ( 'NONE',  ( -1.210486760292736497, -4.391950028572267684, -2.887773154682511390 ) ) ;
#6504 = LOCAL_TIME ( 8, 8, 11.00000000000000000, #1186 ) ;
#6505 = CARTESIAN_POINT ( 'NONE',  ( -2.525414420702733587, -5.792135612442969261, 1.046060903667666242 ) ) ;
#6506 = CARTESIAN_POINT ( 'NONE',  ( 0.8247890060119763556, -6.536628037933335023, -3.073032690570543846 ) ) ;
#6507 = CARTESIAN_POINT ( 'NONE',  ( 3.180375697184253614, -4.716937742073336715, -0.1921258691672178831 ) ) ;
#6508 = CARTESIAN_POINT ( 'NONE',  ( -0.5781202269348327816, -7.446012893567603541, -3.124673749430163738 ) ) ;
#6509 = CARTESIAN_POINT ( 'NONE',  ( 1.669439552678011029, -7.498882579045349495, -2.713452871081238449 ) ) ;
#6510 = CARTESIAN_POINT ( 'NONE',  ( 0.2615674603674275067, -5.621183028730100339, -3.120276499816316385 ) ) ;
#6511 = EDGE_CURVE ( 'NONE', #2748, #104, #3855, .T. ) ;
#6512 = EDGE_CURVE ( 'NONE', #1272, #3338, #5514, .T. ) ;
#6513 = CARTESIAN_POINT ( 'NONE',  ( 2.316959391884042319, -7.743640298170697100, 2.106267683934627488 ) ) ;
#6514 = CARTESIAN_POINT ( 'NONE',  ( 3.680738696364783902, -0.4999999999999998890, -2.624773568511360899 ) ) ;
#6515 = CALENDAR_DATE ( 2026, 16, 2 ) ;
#6516 = CARTESIAN_POINT ( 'NONE',  ( 1.011964800508647899, -5.138708069615475438, -2.443099146032160718 ) ) ;
#6517 = CARTESIAN_POINT ( 'NONE',  ( 2.493116817939212471, 3.999999999999999112, -6.702250878640243492 ) ) ;
#6518 = CARTESIAN_POINT ( 'NONE',  ( -3.897114317029973574, -0.4999999999999991673, 2.250000000000000888 ) ) ;
#6519 = CARTESIAN_POINT ( 'NONE',  ( -3.013260836640148543, -4.348847450025215444, -1.021772329117219380 ) ) ;
#6520 = CARTESIAN_POINT ( 'NONE',  ( 2.992515988031720475, -3.755547525734605152, -1.093783753803238001 ) ) ;
#6521 = CARTESIAN_POINT ( 'NONE',  ( -2.987693017363857173, -6.197697084986075744, 1.106306298153919343 ) ) ;
#6522 = CARTESIAN_POINT ( 'NONE',  ( 2.283325963254482005, -6.620921315794917383, -2.210117531697464166 ) ) ;
#6523 = CARTESIAN_POINT ( 'NONE',  ( 2.853917489499010696, -3.881317050862498341, 1.406608565113249165 ) ) ;
#6524 = B_SPLINE_CURVE_WITH_KNOTS ( 'NONE', 3,
 ( #2372, #4625, #175, #3514, #1164, #1854 ),
 .UNSPECIFIED., .F., .F.,
 ( 4, 2, 4 ),
 ( 0.007291167623809591963, 0.008603302931190354164, 0.009915438238571114629 ),
 .UNSPECIFIED. ) ;
#6525 = ORIENTED_EDGE ( 'NONE', *, *, #2645, .T. ) ;
#6526 = CARTESIAN_POINT ( 'NONE',  ( -1.712171429773310084E-11, -4.542512679984116453, -3.174999999999999822 ) ) ;
#6527 = CARTESIAN_POINT ( 'NONE',  ( 2.999999999999996003, 5.732050807568872308, -6.035898384862248278 ) ) ;
#6528 = CARTESIAN_POINT ( 'NONE',  ( 0.000000000000000000, -0.4999999999999995559, 0.000000000000000000 ) ) ;
#6529 = CARTESIAN_POINT ( 'NONE',  ( -0.9053959024173157122, -5.165685474993741977, 2.989679571512880774 ) ) ;
#6530 = CARTESIAN_POINT ( 'NONE',  ( 0.6966133422892780702, -5.492266768288590839, -3.108865962826392160 ) ) ;
#6531 = DIRECTION ( 'NONE',  ( 0.000000000000000000, 0.000000000000000000, 1.000000000000000000 ) ) ;
#6532 = ORIENTED_EDGE ( 'NONE', *, *, #2961, .F. ) ;
#6533 = DIRECTION ( 'NONE',  ( -0.000000000000000000, -1.000000000000000000, -0.000000000000000000 ) ) ;
#6534 = CARTESIAN_POINT ( 'NONE',  ( -1.995971199370095484, -8.159245026416536817, 2.412767772410421507 ) ) ;
#6535 = CARTESIAN_POINT ( 'NONE',  ( 1.092621338443393597, -6.462783123112860295, -2.934577027237502467 ) ) ;
#6536 = CARTESIAN_POINT ( 'NONE',  ( 2.245064030267288402, -5.947115384615624833, 2.245064030267288402 ) ) ;
#6537 = CARTESIAN_POINT ( 'NONE',  ( -2.525414420702734031, -5.674691310634473851, -4.639111030251255524E-16 ) ) ;
#6538 = CIRCLE ( 'NONE', #7121, 2.999999999999998224 ) ;
#6539 = CARTESIAN_POINT ( 'NONE',  ( -0.1100050384617125843, -4.059536586917659839, 3.183842294539206197 ) ) ;
#6540 = FACE_OUTER_BOUND ( 'NONE', #5562, .T. ) ;
#6541 = ORIENTED_EDGE ( 'NONE', *, *, #852, .T. ) ;
#6542 = CARTESIAN_POINT ( 'NONE',  ( 1.422204745137200188, -4.868495841688677217, 2.789794028441888063 ) ) ;
#6543 = AXIS2_PLACEMENT_3D ( 'NONE', #5644, #3474, #34 ) ;
#6544 = CARTESIAN_POINT ( 'NONE',  ( -2.525414420702733587, -6.769058689365968107, 1.046060903667666242 ) ) ;
#6545 = VECTOR ( 'NONE', #2326, 1000.000000000000000 ) ;
#6546 = CARTESIAN_POINT ( 'NONE',  ( 2.854135345497196941, -6.669140037415533406, -1.406423105699790232 ) ) ;
#6547 = CARTESIAN_POINT ( 'NONE',  ( 2.987544776712269368, -4.841745689909250139, 1.106669378363430711 ) ) ;
#6548 = CARTESIAN_POINT ( 'NONE',  ( -3.156632349831780981, -7.209301368774742258, 0.4294441144133749888 ) ) ;
#6549 = CARTESIAN_POINT ( 'NONE',  ( 3.144034608623867300, -7.695502112560797414, -0.4614827406346718175 ) ) ;
#6550 = CARTESIAN_POINT ( 'NONE',  ( -3.128512084411490424, -5.358568778052398507, 0.1303689513083392815 ) ) ;
#6551 = CARTESIAN_POINT ( 'NONE',  ( -2.348750981260909754, -7.027318592263863017, 2.070728792987642120 ) ) ;
#6552 = CARTESIAN_POINT ( 'NONE',  ( 2.525414420702734031, -9.154979772172662678, 1.046060903667665798 ) ) ;
#6553 = CARTESIAN_POINT ( 'NONE',  ( -1.516279791674735256, -3.499999999999998224, 2.191758023934281319 ) ) ;
#6554 = ADVANCED_FACE ( 'NONE', ( #6540 ), #3509, .F. ) ;
#6555 = CARTESIAN_POINT ( 'NONE',  ( -1.903174611765966917, -8.258896469919639216, -2.477138301808559984 ) ) ;
#6556 = DIRECTION ( 'NONE',  ( -1.000000000000000000, 0.000000000000000000, -3.026521842945509783E-28 ) ) ;
#6557 = CARTESIAN_POINT ( 'NONE',  ( 1.675705338935872035, -3.591739451048201026, -2.700022696726092963 ) ) ;
#6558 = CARTESIAN_POINT ( 'NONE',  ( -2.935384273258498489, -6.286306616330352703, 1.091870113772003936 ) ) ;
#6559 = CARTESIAN_POINT ( 'NONE',  ( 2.500961505966247334, -6.551230897100988493, -1.871754362981846276 ) ) ;
#6560 = CARTESIAN_POINT ( 'NONE',  ( 3.073416898667486574, -3.769660421948583640, -0.8232683421669643176 ) ) ;
#6561 = AXIS2_PLACEMENT_3D ( 'NONE', #3290, #5454, #6556 ) ;
#6562 = ORIENTED_EDGE ( 'NONE', *, *, #890, .T. ) ;
#6563 = FACE_OUTER_BOUND ( 'NONE', #4031, .T. ) ;
#6564 = CARTESIAN_POINT ( 'NONE',  ( 3.092740686834170350E-16, -8.051270227827405535, -2.525414420702734031 ) ) ;
#6565 = DIRECTION ( 'NONE',  ( 0.000000000000000000, -3.469446951953615175E-16, 1.000000000000000000 ) ) ;
#6566 = CIRCLE ( 'NONE', #7025, 4.500000000000000888 ) ;
#6567 = CARTESIAN_POINT ( 'NONE',  ( -2.669114915631800589, -5.366210301498499646, -1.739048416895837335 ) ) ;
#6568 = ADVANCED_FACE ( 'NONE', ( #5472 ), #2605, .F. ) ;
#6569 = CARTESIAN_POINT ( 'NONE',  ( 3.078079768342249611, -5.646703002922712322, -0.5779225994319958648 ) ) ;
#6570 = CARTESIAN_POINT ( 'NONE',  ( 1.925929944387235853E-31, 3.999999999999997335, -4.000000000000000888 ) ) ;
#6571 = VERTEX_POINT ( 'NONE', #6425 ) ;
#6572 = CARTESIAN_POINT ( 'NONE',  ( 3.897114317029949593, 3.999999999999999112, 2.250000000000046629 ) ) ;
#6573 = CARTESIAN_POINT ( 'NONE',  ( 0.000000000000000000, -9.000000000000000000, 2.442307692307750688 ) ) ;
#6574 = CARTESIAN_POINT ( 'NONE',  ( -3.131167041929704631, -6.161719098707059139, 0.02940245600754720981 ) ) ;
#6575 = AXIS2_PLACEMENT_3D ( 'NONE', #2809, #5092, #2291 ) ;
#6576 = CARTESIAN_POINT ( 'NONE',  ( 1.315128060534577203, -2.711057692308187494, -3.174999999999999378 ) ) ;
#6577 = CARTESIAN_POINT ( 'NONE',  ( 2.525414420702734031, -3.171325926019286090, -1.046060903667665576 ) ) ;
#6578 = EDGE_CURVE ( 'NONE', #3338, #1279, #3087, .T. ) ;
#6579 = CARTESIAN_POINT ( 'NONE',  ( -3.172941073713651861, -4.290724309436199313, 0.1737156040869244911 ) ) ;
#6580 = CARTESIAN_POINT ( 'NONE',  ( -2.598076211353316900, -0.8246212059512549875, -4.499999999999999112 ) ) ;
#6581 = ORIENTED_EDGE ( 'NONE', *, *, #1301, .T. ) ;
#6582 = AXIS2_PLACEMENT_3D ( 'NONE', #3505, #6849, #3028 ) ;
#6583 = CARTESIAN_POINT ( 'NONE',  ( 0.7513972337511022337, -3.928148867015720747, 3.039982973265230815 ) ) ;
#6584 = CARTESIAN_POINT ( 'NONE',  ( -1.785737662185200358, -4.754154843212281101, 1.785737662185199470 ) ) ;
#6585 = CARTESIAN_POINT ( 'NONE',  ( -2.999999999999996003, 4.600216527799583233, -4.046742363482247917 ) ) ;
#6586 = CARTESIAN_POINT ( 'NONE',  ( 2.942893276646865175, -4.664841715850640114, -1.220309185002766306 ) ) ;
#6587 = CARTESIAN_POINT ( 'NONE',  ( -3.165546604137398301, -7.246360556940532049, -0.3572232123687562599 ) ) ;
#6588 = CARTESIAN_POINT ( 'NONE',  ( 3.131166759393576360, -7.625880104920728542, -0.06361316463213552430 ) ) ;
#6589 = CARTESIAN_POINT ( 'NONE',  ( 1.684495677978280481, -5.697790972557130296, -2.639595188644149104 ) ) ;
#6590 = CARTESIAN_POINT ( 'NONE',  ( 3.131180912801539762, -6.651206046015271767, -0.007682175456375840185 ) ) ;
#6591 = CARTESIAN_POINT ( 'NONE',  ( 2.525414420702734031, -8.178056695249662056, 1.046060903667665798 ) ) ;
#6592 = DIRECTION ( 'NONE',  ( 0.000000000000000000, 0.000000000000000000, 1.000000000000000000 ) ) ;
#6593 = CARTESIAN_POINT ( 'NONE',  ( -1.893457546385824546E-15, 7.464101615137749945, -6.499999999999999112 ) ) ;
#6594 = CARTESIAN_POINT ( 'NONE',  ( 0.000000000000000000, -8.267307692307751310, 0.000000000000000000 ) ) ;
#6595 = CARTESIAN_POINT ( 'NONE',  ( 2.523215500260685307, 6.007322466838803443, -4.212096350734390704 ) ) ;
#6596 = CARTESIAN_POINT ( 'NONE',  ( -0.5994476844148116657, -3.447528267456660522, -3.073931178163730848 ) ) ;
#6597 = CARTESIAN_POINT ( 'NONE',  ( -2.405177637322698736, -6.364364584407329772, -2.088927334368509303 ) ) ;
#6598 = CARTESIAN_POINT ( 'NONE',  ( 3.153133847617541452, -6.658172785203031019, -0.4569245648460973364 ) ) ;
#6599 = LINE ( 'NONE', #6005, #4555 ) ;
#6600 = ORIENTED_EDGE ( 'NONE', *, *, #2509, .F. ) ;
#6601 = CARTESIAN_POINT ( 'NONE',  ( 1.935555558350240624, -5.621802458855934326, -2.525281328454656027 ) ) ;
#6602 = CARTESIAN_POINT ( 'NONE',  ( 1.785737662185200136, -9.150308689365781234, -1.785737662185199692 ) ) ;
#6603 = CARTESIAN_POINT ( 'NONE',  ( -2.310020669446071206, -5.249140028470334229, 2.114511850739460463 ) ) ;
#6604 = CARTESIAN_POINT ( 'NONE',  ( 1.441944567724380954, -5.592823952973221324, -2.840871712613530331 ) ) ;
#6605 = CARTESIAN_POINT ( 'NONE',  ( 0.4768316469221760556, -3.499999999999999556, -3.084487830482147253 ) ) ;
#6606 = EDGE_LOOP ( 'NONE', ( #160, #6820, #2823, #3440 ) ) ;
#6607 = DIRECTION ( 'NONE',  ( 1.445602896647340642E-16, -2.503857664561933855E-16, 1.000000000000000000 ) ) ;
#6608 = ADVANCED_FACE ( 'NONE', ( #5326 ), #4891, .T. ) ;
#6609 = CARTESIAN_POINT ( 'NONE',  ( 1.513110865239131630, -5.509496462202385203, -2.741506113129029032 ) ) ;
#6610 = CARTESIAN_POINT ( 'NONE',  ( 2.999999999999996447, 3.848353308865069433, -3.999999999999953371 ) ) ;
#6611 = CARTESIAN_POINT ( 'NONE',  ( 1.023479739307032288, -4.593169690424161900, -3.012626643321576481 ) ) ;
#6612 = CARTESIAN_POINT ( 'NONE',  ( -0.9870490802815403697, -4.193127188949739015, 2.963696282667474424 ) ) ;
#6613 = CARTESIAN_POINT ( 'NONE',  ( -1.785737662185199692, -6.773729772172849550, -1.785737662185200358 ) ) ;
#6614 = ORIENTED_EDGE ( 'NONE', *, *, #1972, .T. ) ;
#6615 = CARTESIAN_POINT ( 'NONE',  ( 0.004184251005801611738, -3.965227133973449725, 3.131242639467267441 ) ) ;
#6616 = CARTESIAN_POINT ( 'NONE',  ( 3.092740686834170350E-16, -4.143577920135406600, -2.525414420702734031 ) ) ;
#6617 = CARTESIAN_POINT ( 'NONE',  ( -3.117300456064683090, -8.299540809148155063, -0.3992786133868558296 ) ) ;
#6618 = CARTESIAN_POINT ( 'NONE',  ( 1.558844750914712973, -4.622521578268162123, -2.778767574169046295 ) ) ;
#6619 = CARTESIAN_POINT ( 'NONE',  ( 1.968271048207685059, -7.669025320551577707, -2.435776872978081986 ) ) ;
#6620 = CARTESIAN_POINT ( 'NONE',  ( 2.887554011903792350, -7.588695042196938800, -1.346349384878060107 ) ) ;
#6621 = CARTESIAN_POINT ( 'NONE',  ( 3.092740686834170350E-16, -6.895845156788223740, -2.525414420702734031 ) ) ;
#6622 = CARTESIAN_POINT ( 'NONE',  ( 2.443099146032160718, -5.290138084231278626, 1.011964800508647677 ) ) ;
#6623 = DIRECTION ( 'NONE',  ( 1.445602896647340642E-16, -2.503857664561933855E-16, 1.000000000000000000 ) ) ;
#6624 = CARTESIAN_POINT ( 'NONE',  ( -0.1092318150564954155, -3.649637642226780443, -3.129728981254062070 ) ) ;
#6625 = CARTESIAN_POINT ( 'NONE',  ( -1.408469946564157693, -4.125649648841330119, 2.853116052988917239 ) ) ;
#6626 = CARTESIAN_POINT ( 'NONE',  ( 3.145165788256567119, -3.788185612613950592, -0.4538539863225641291 ) ) ;
#6627 = CARTESIAN_POINT ( 'NONE',  ( 0.02624307170616467511, -6.498179191804319466, -3.177592555608696134 ) ) ;
#6628 = CARTESIAN_POINT ( 'NONE',  ( 2.764622699477806922, -6.822002988745370367, 1.583242420301629760 ) ) ;
#6629 = CARTESIAN_POINT ( 'NONE',  ( 0.8246356783146755465, -3.605851215697868373, -3.073057146010821583 ) ) ;
#6630 = LINE ( 'NONE', #505, #4488 ) ;
#6631 = DIRECTION ( 'NONE',  ( 3.026521842945509783E-28, 0.000000000000000000, -1.000000000000000000 ) ) ;
#6632 = CARTESIAN_POINT ( 'NONE',  ( 1.046060903667666020, -9.089250997058098136, -2.525414420702734031 ) ) ;
#6633 = DIRECTION ( 'NONE',  ( 7.143791285570216995E-33, -1.000000000000000000, -2.503857664561933855E-16 ) ) ;
#6634 = CARTESIAN_POINT ( 'NONE',  ( -1.721109980208695767, -8.911412706006347051, -1.850365344161704062 ) ) ;
#6635 = CARTESIAN_POINT ( 'NONE',  ( -1.294733533068468834, -5.096869952215280719, 2.901968167372370289 ) ) ;
#6636 = CARTESIAN_POINT ( 'NONE',  ( 3.121533457793451483, -5.792335059872003811, 0.5950778973743579003 ) ) ;
#6637 = DIRECTION ( 'NONE',  ( -1.000000000000000000, 0.000000000000000000, -3.026521842945509783E-28 ) ) ;
#6638 = ORIENTED_EDGE ( 'NONE', *, *, #5715, .T. ) ;
#6639 = DIRECTION ( 'NONE',  ( 1.000000000000000000, 0.000000000000000000, 0.000000000000000000 ) ) ;
#6640 = VERTEX_POINT ( 'NONE', #5361 ) ;
#6641 = CARTESIAN_POINT ( 'NONE',  ( -2.245064030267287958, -4.481730769231124789, -2.245064030267288846 ) ) ;
#6642 = CARTESIAN_POINT ( 'NONE',  ( -2.525414420702733587, -3.659787464480786845, 1.046060903667666242 ) ) ;
#6643 = EDGE_CURVE ( 'NONE', #5062, #1128, #701, .T. ) ;
#6644 = CARTESIAN_POINT ( 'NONE',  ( -3.177388754921350422, -4.357524847540858559, 0.04405215760242184309 ) ) ;
#6645 = CARTESIAN_POINT ( 'NONE',  ( 2.525414420702734031, -7.079018233711286356, -1.046060903667665576 ) ) ;
#6646 = EDGE_LOOP ( 'NONE', ( #171, #898 ) ) ;
#6647 = CARTESIAN_POINT ( 'NONE',  ( 1.936177136053063297, -7.859893130843952136, 2.524952352278545309 ) ) ;
#6648 = B_SPLINE_CURVE_WITH_KNOTS ( 'NONE', 3,
 ( #4704, #5320, #6939, #4216, #5905, #1860 ),
 .UNSPECIFIED., .F., .F.,
 ( 4, 2, 4 ),
 ( 0.001795681656397975397, 0.002687105552633569944, 0.003578529448869164492 ),
 .UNSPECIFIED. ) ;
#6649 = CARTESIAN_POINT ( 'NONE',  ( -1.609747033498419189, -8.734272999709098428, 2.181740722968600554 ) ) ;
#6650 = DIRECTION ( 'NONE',  ( 0.000000000000000000, 0.000000000000000000, -1.000000000000000000 ) ) ;
#6651 = CARTESIAN_POINT ( 'NONE',  ( -1.122797021892204761, -4.999034060895092502, 2.923820667957764297 ) ) ;
#6652 = CARTESIAN_POINT ( 'NONE',  ( 2.218738449092487297, -7.842067722788372386, 2.274807966592685027 ) ) ;
#6653 = AXIS2_PLACEMENT_3D ( 'NONE', #3808, #1019, #5467 ) ;
#6654 = CARTESIAN_POINT ( 'NONE',  ( -2.617025774904167879, -8.026034155192608210, 1.720385237680870594 ) ) ;
#6655 = CARTESIAN_POINT ( 'NONE',  ( -2.525414420702733587, -5.735749002942161390, -1.046060903667667130 ) ) ;
#6657 = CIRCLE ( 'NONE', #1260, 2.999999999999998224 ) ;
#6656 = CARTESIAN_POINT ( 'NONE',  ( -1.011964800508649232, -6.511291930385028515, 2.443099146032159830 ) ) ;
#6658 = CARTESIAN_POINT ( 'NONE',  ( 3.174999999999999378, -9.549519230769192291, -1.315128060534576759 ) ) ;
#6659 = ADVANCED_FACE ( 'NONE', ( #4821 ), #7123, .T. ) ;
#6660 = CARTESIAN_POINT ( 'NONE',  ( -0.3723835172869103816, -3.548627899290839327, -3.163801955241142494 ) ) ;
#6661 = DIRECTION ( 'NONE',  ( -0.000000000000000000, -1.000000000000000000, -1.836970198721029688E-16 ) ) ;
#6662 = CARTESIAN_POINT ( 'NONE',  ( 1.769320593555169685, -3.901016194673829762, 2.649394973663841135 ) ) ;
#6663 = CARTESIAN_POINT ( 'NONE',  ( 2.265408548221966356, -6.620066522677416465, -2.240054220750048231 ) ) ;
#6664 = CARTESIAN_POINT ( 'NONE',  ( 3.093878913993129753, -6.715040660240908288, 0.7252998266001675631 ) ) ;
#6665 = CARTESIAN_POINT ( 'NONE',  ( 1.925929944387235853E-31, 3.999999999999997335, -6.500000000000000000 ) ) ;
#6666 = ORIENTED_EDGE ( 'NONE', *, *, #4812, .F. ) ;
#6667 = AXIS2_PLACEMENT_3D ( 'NONE', #391, #4872, #2068 ) ;
#6668 = ORIENTED_EDGE ( 'NONE', *, *, #2563, .F. ) ;
#6669 = CARTESIAN_POINT ( 'NONE',  ( -2.657474575685883078, -8.297126228683145754, -1.737369816585731641 ) ) ;
#6670 = DIRECTION ( 'NONE',  ( 0.000000000000000000, 0.000000000000000000, 1.000000000000000000 ) ) ;
#6671 = CARTESIAN_POINT ( 'NONE',  ( 0.4136013559440028242, -7.492882324357013957, -3.154807173944715881 ) ) ;
#6672 = CARTESIAN_POINT ( 'NONE',  ( 3.092740686834170350E-16, -7.074347150904405801, -2.525414420702734031 ) ) ;
#6673 = CARTESIAN_POINT ( 'NONE',  ( -0.2781238093660684529, -5.595486609421146618, -3.111368740082049111 ) ) ;
#6674 = CARTESIAN_POINT ( 'NONE',  ( 3.089861812977234834, -5.697151720497428684, 0.4594671034557722411 ) ) ;
#6675 = CARTESIAN_POINT ( 'NONE',  ( 3.460544645821052701, -3.499999999999999556, 3.006160851577491133 ) ) ;
#6676 = EDGE_LOOP ( 'NONE', ( #4920, #1892 ) ) ;
#6677 = DIRECTION ( 'NONE',  ( 0.000000000000000000, 1.000000000000000000, -2.891205793294680298E-16 ) ) ;
#6678 = ORIENTED_EDGE ( 'NONE', *, *, #1927, .T. ) ;
#6679 = CARTESIAN_POINT ( 'NONE',  ( 1.315128060534577203, -4.664903846154187406, -3.174999999999999378 ) ) ;
#6680 = CIRCLE ( 'NONE', #5148, 6.109691365970318699 ) ;
#6681 = CYLINDRICAL_SURFACE ( 'NONE', #6099, 0.8499999999999999778 ) ;
#6682 = CARTESIAN_POINT ( 'NONE',  ( -2.835572222212662474, -4.456019073722862878, -1.329097080523137908 ) ) ;
#6683 = CARTESIAN_POINT ( 'NONE',  ( 2.525414420702734031, -6.163152849095974162, 1.546370343417085175E-16 ) ) ;
#6684 = ORIENTED_EDGE ( 'NONE', *, *, #1775, .F. ) ;
#6685 = CARTESIAN_POINT ( 'NONE',  ( 3.175101679917936792, -7.708480027521759759, -0.2063612079729014726 ) ) ;
#6686 = AXIS2_PLACEMENT_3D ( 'NONE', #1236, #74, #5720 ) ;
#6687 = CARTESIAN_POINT ( 'NONE',  ( 1.046060903667665798, -4.570981766289219372, 2.525414420702734031 ) ) ;
#6688 = CARTESIAN_POINT ( 'NONE',  ( -2.854518194702287293, -7.300484121084406475, -1.405485164794703756 ) ) ;
#6689 = CARTESIAN_POINT ( 'NONE',  ( 2.970621346066016244, -7.758318951418333498, -0.9661274767359621096 ) ) ;
#6690 = CARTESIAN_POINT ( 'NONE',  ( 0.03160530060342343212, -7.899286024344537083, 3.185794468004389479 ) ) ;
#6691 =( BOUNDED_CURVE ( )  B_SPLINE_CURVE ( 2, ( #2754, #1066, #3311, #1607, #5069, #40, #3956, #2163, #6166, #3923, #1135, #3375, #1712, #2268, #2721, #3888, #1571, #585, #6201, #6718, #6753, #7162, #2237, #1168, #5546, #3814, #6095, #4521, #2855, #4408, #2130, #6645, #3850, #1647, #5000, #5034, #6613, #3410, #5652, #520, #7232, #4377, #6, #2200, #621, #4446, #6683, #6132, #1100, #6057, #1027, #3274, #3342, #5614, #2822, #487, #4966, #7200, #5579, #551, #2785, #4482, #1679, #3003, #4664, #5104, #77, #179, #1899, #3481, #1751, #4030, #215, #798, #112, #2303, #2344, #6828, #6861, #2933, #2969, #760, #1239, #4558, #4102, #6792, #3996, #5138, #5724, #693, #2452 ),
 .UNSPECIFIED., .F., .T. ) 
 B_SPLINE_CURVE_WITH_KNOTS ( ( 3, 2, 2, 2, 2, 2, 2, 2, 2, 2, 2, 2, 2, 2, 2, 2, 2, 2, 2, 2, 2, 2, 2, 2, 2, 2, 2, 2, 2, 2, 2, 2, 2, 2, 2, 2, 2, 2, 2, 2, 2, 2, 2, 2, 2, 3 ),
 ( 0.06163538897156840141, 0.07142857142857142461, 0.08928571428571428770, 0.1071428571428571369, 0.1250000000000000000, 0.1428571428571428492, 0.1607142857142857262, 0.1785714285714285754, 0.1964285714285714246, 0.2142857142857142738, 0.2321428571428571508, 0.2499999999999999722, 0.2678571428571428492, 0.2857142857142856984, 0.3035714285714285476, 0.3214285714285714524, 0.3392857142857143016, 0.3571428571428571508, 0.3750000000000000000, 0.3928571428571429047, 0.4107142857142856984, 0.4285714285714285476, 0.4464285714285714524, 0.4642857142857143016, 0.4821428571428571508, 0.5000000000000000000, 0.5178571428571429047, 0.5357142857142856984, 0.5535714285714286031, 0.5714285714285713969, 0.5892857142857143016, 0.6071428571428570953, 0.6250000000000000000, 0.6428571428571429047, 0.6607142857142856984, 0.6785714285714286031, 0.6964285714285713969, 0.7142857142857143016, 0.7321428571428569843, 0.7500000000000000000, 0.7678571428571429047, 0.7857142857142856984, 0.8035714285714286031, 0.8214285714285713969, 0.8392857142857143016, 0.8535894600898524809 ),
 .UNSPECIFIED. ) 
 CURVE ( )  GEOMETRIC_REPRESENTATION_ITEM ( )  RATIONAL_B_SPLINE_CURVE ( ( 0.9622966683020539591, 0.9582541488975572230, 1.000000000000000000, 0.9238795325112867385, 1.000000000000000000, 0.9238795325112867385, 1.000000000000000000, 0.9238795325112867385, 1.000000000000000000, 0.9238795325112867385, 1.000000000000000000, 0.9238795325112867385, 1.000000000000000000, 0.9238795325112867385, 1.000000000000000000, 0.9238795325112867385, 1.000000000000000000, 0.9238795325112867385, 1.000000000000000000, 0.9238795325112867385, 1.000000000000000000, 0.9238795325112867385, 1.000000000000000000, 0.9238795325112867385, 1.000000000000000000, 0.9238795325112867385, 1.000000000000000000, 0.9238795325112867385, 1.000000000000000000, 0.9238795325112867385, 1.000000000000000000, 0.9238795325112867385, 1.000000000000000000, 0.9238795325112867385, 1.000000000000000000, 0.9238795325112867385, 1.000000000000000000, 0.9238795325112867385, 1.000000000000000000, 0.9238795325112867385, 1.000000000000000000, 0.9238795325112867385, 1.000000000000000000, 0.9238795325112867385, 1.000000000000000000, 0.9238795325112867385, 1.000000000000000000, 0.9238795325112867385, 1.000000000000000000, 0.9238795325112867385, 1.000000000000000000, 0.9238795325112867385, 1.000000000000000000, 0.9238795325112867385, 1.000000000000000000, 0.9238795325112867385, 1.000000000000000000, 0.9238795325112867385, 1.000000000000000000, 0.9238795325112867385, 1.000000000000000000, 0.9238795325112867385, 1.000000000000000000, 0.9238795325112867385, 1.000000000000000000, 0.9238795325112867385, 1.000000000000000000, 0.9238795325112867385, 1.000000000000000000, 0.9238795325112867385, 1.000000000000000000, 0.9238795325112867385, 1.000000000000000000, 0.9238795325112867385, 1.000000000000000000, 0.9238795325112867385, 1.000000000000000000, 0.9238795325112867385, 1.000000000000000000, 0.9238795325112867385, 1.000000000000000000, 0.9238795325112867385, 1.000000000000000000, 0.9238795325112867385, 1.000000000000000000, 0.9238795325112867385, 1.000000000000000000, 0.9238795325112867385, 1.000000000000000000, 0.9390267622227594924, 0.9757338421758627867 ) ) 
 REPRESENTATION_ITEM ( '' )  );
#6692 = EDGE_CURVE ( 'NONE', #658, #3343, #6098, .T. ) ;
#6693 = CARTESIAN_POINT ( 'NONE',  ( 0.000000000000000000, -3.519465007308341775, 2.443099146032160274 ) ) ;
#6694 = EDGE_CURVE ( 'NONE', #3762, #6195, #5156, .T. ) ;
#6695 = CARTESIAN_POINT ( 'NONE',  ( -2.718384317620140767, -3.468588777940583956, -1.660981923177191844 ) ) ;
#6696 = CONICAL_SURFACE ( 'NONE', #5411, 4.500000000000000888, 1.134464013796316673 ) ;
#6697 = CARTESIAN_POINT ( 'NONE',  ( -1.022284107560226474, -4.491955611953601490, -3.013153168729465925 ) ) ;
#6698 = CARTESIAN_POINT ( 'NONE',  ( -1.616825118458057542, -4.076782127405897960, 2.735653922525386417 ) ) ;
#6699 = CARTESIAN_POINT ( 'NONE',  ( 3.054476365685473649, -6.757603668975608713, -0.9046929213611035747 ) ) ;
#6700 = CARTESIAN_POINT ( 'NONE',  ( -3.161952695727303642, -7.149827053292393764, 0.3918090416165736500 ) ) ;
#6701 = CARTESIAN_POINT ( 'NONE',  ( -2.328597480796633867, -3.524888057554744769, -2.093657682238559747 ) ) ;
#6702 = EDGE_LOOP ( 'NONE', ( #6781, #180, #1493, #6614, #5064 ) ) ;
#6703 = FACE_OUTER_BOUND ( 'NONE', #5811, .T. ) ;
#6704 = FACE_OUTER_BOUND ( 'NONE', #2377, .T. ) ;
#6705 = CARTESIAN_POINT ( 'NONE',  ( 0.000000000000000000, -4.632039458596906023, 2.525414420702734031 ) ) ;
#6706 = CARTESIAN_POINT ( 'NONE',  ( 0.000000000000000000, -0.4999999999999995559, 0.000000000000000000 ) ) ;
#6707 = CARTESIAN_POINT ( 'NONE',  ( 1.785737662185200136, -4.265693304750781678, -1.785737662185199692 ) ) ;
#6708 = CARTESIAN_POINT ( 'NONE',  ( 2.949571344825451913, -5.799990066323083227, -1.052328814535858026 ) ) ;
#6709 = CARTESIAN_POINT ( 'NONE',  ( 0.02413930798003195016, -5.946205974164864294, 3.186020942279739199 ) ) ;
#6710 = CARTESIAN_POINT ( 'NONE',  ( 0.1771845081662319354, -3.500000000000000000, -3.141733888233913419 ) ) ;
#6711 = ORIENTED_EDGE ( 'NONE', *, *, #3147, .F. ) ;
#6712 = FACE_OUTER_BOUND ( 'NONE', #6676, .T. ) ;
#6713 = ORIENTED_EDGE ( 'NONE', *, *, #2417, .F. ) ;
#6714 = CARTESIAN_POINT ( 'NONE',  ( 0.000000000000000000, -9.381003468846341065, 2.443099146032160274 ) ) ;
#6715 = CARTESIAN_POINT ( 'NONE',  ( 3.789903294327067639E-16, -8.347616801051799484, -3.094690891255948983 ) ) ;
#6716 = CARTESIAN_POINT ( 'NONE',  ( 1.405630074505940907, -4.959566738997560620, 2.854409476763830167 ) ) ;
#6717 = CARTESIAN_POINT ( 'NONE',  ( 0.3212357892355662270, -4.647179403298488332, -3.115108555562937642 ) ) ;
#6718 = CARTESIAN_POINT ( 'NONE',  ( -1.046060903667665354, -7.811710541403535935, -2.525414420702734475 ) ) ;
#6719 = ORIENTED_EDGE ( 'NONE', *, *, #6692, .T. ) ;
#6720 = CARTESIAN_POINT ( 'NONE',  ( -2.715148160553908951, -4.127851767440534836, 1.559658947399269247 ) ) ;
#6721 = CARTESIAN_POINT ( 'NONE',  ( -3.068141285587617784, -5.395201696533323599, -0.6263479621442805678 ) ) ;
#6722 = LOCAL_TIME ( 8, 8, 11.00000000000000000, #6477 ) ;
#6723 = CARTESIAN_POINT ( 'NONE',  ( 0.000000000000000000, -8.668853236027988629, 2.773454456279762503 ) ) ;
#6724 = CARTESIAN_POINT ( 'NONE',  ( -2.935283169158990457, -8.267307692307751310, -1.210263490671329878 ) ) ;
#6725 = CARTESIAN_POINT ( 'NONE',  ( 2.184126804692770651, -7.930691688175604881, 2.233255146938723179 ) ) ;
#6726 = CARTESIAN_POINT ( 'NONE',  ( -3.166492295982790584, -8.193409328421710214, 0.2672512577978035653 ) ) ;
#6727 = CARTESIAN_POINT ( 'NONE',  ( 2.443099146032160718, -7.121868853461903903, -1.011964800508647455 ) ) ;
#6728 = CARTESIAN_POINT ( 'NONE',  ( 3.174999999999999822, -9.610576923076878941, 1.944126793646423041E-16 ) ) ;
#6729 = CARTESIAN_POINT ( 'NONE',  ( 2.428880452738079399, -3.761677732248750239, -2.048978928568066404 ) ) ;
#6730 = CARTESIAN_POINT ( 'NONE',  ( -1.307552596726650362, -3.499999999999999556, -2.893256159898980329 ) ) ;
#6731 = CARTESIAN_POINT ( 'NONE',  ( 3.046859941424400198, -3.756678111314125879, 0.7248225966260305464 ) ) ;
#6732 = EDGE_CURVE ( 'NONE', #6416, #4079, #6691, .T. ) ;
#6733 = CARTESIAN_POINT ( 'NONE',  ( 1.156064994451974082, -6.644459643631203782, -2.910425825429176161 ) ) ;
#6734 = CARTESIAN_POINT ( 'NONE',  ( 0.5569420814304658629, -6.958081422266952032, 3.128534281594717470 ) ) ;
#6735 = CARTESIAN_POINT ( 'NONE',  ( 2.982483461015133397, -3.851451717187036827, -0.9535733590954694749 ) ) ;
#6736 = ORIENTED_EDGE ( 'NONE', *, *, #2157, .T. ) ;
#6737 =( BOUNDED_SURFACE ( )  B_SPLINE_SURFACE ( 1, 2, ( 
 ( #6071, #3896, #2868, #1145, #6728, #6658, #6762, #18, #3385, #1180, #1108, #5523, #1040, #2832, #1076, #4494, #3287, #2247, #530, #3320, #5080, #497, #3422, #1585, #3824, #1688, #3864, #5008, #4570, #87, #2211, #1621, #1724, #5627, #2731, #3931, #3969, #5588, #6108, #4977, #6175, #5663, #5113, #7211, #2173, #6140, #5555, #633, #3350, #7245, #2318, #597, #52, #5044, #1657, #560, #2278, #4458, #4530, #2797, #6839, #2425, #5293, #1216, #5219, #1763, #4008, #3056, #3459, #6358, #810, #1871, #157, #190, #1290, #6249, #6912, #1798, #3599, #2387, #706, #2945, #1250, #4713, #4041, #5844, #5697, #2354, #3564, #5808, #772, #1361, #6947, #4607, #3529, #666, #5185, #2463, #6806, #4641, #6871, #2907, #5149, #124, #3016, #5256, #6393, #230, #1833 ),
 ( #5771, #4076, #4677, #6284, #263, #2498, #5737, #6321, #739, #2980, #1910, #3494, #4114, #1324, #4150, #452, #3239, #5364, #301, #4894, #4304, #4748, #4861, #2646, #1467, #2533, #6428, #2609, #7128, #6026, #5880, #1399, #7056, #4785, #2094, #2021, #1433, #1543, #3167, #3745, #920, #4826, #3704, #2057, #3632, #6544, #6980, #7019, #381, #5476, #846, #5406, #1942, #4190, #994, #3090, #1504, #5328, #7091, #341, #5990, #6505, #1983, #959, #4228, #3781, #2571, #5913, #880, #6468, #4346, #3668, #3125, #4267, #5951, #3206, #5443, #417, #6584, #592, #5516, #6687, #4380, #1069, #5621, #2684, #3314, #5549, #6616, #6061, #1577, #6170, #1141, #2272, #1683, #524, #5073, #1650, #490, #6206, #1103, #2204, #4413, #2827, #6100, #4931, #3927, #7167, #2133 ) ),
 .UNSPECIFIED., .F., .F., .T. ) 
 B_SPLINE_SURFACE_WITH_KNOTS ( ( 2, 2 ),
 ( 3, 2, 2, 2, 2, 2, 2, 2, 2, 2, 2, 2, 2, 2, 2, 2, 2, 2, 2, 2, 2, 2, 2, 2, 2, 2, 2, 2, 2, 2, 2, 2, 2, 2, 2, 2, 2, 2, 2, 2, 2, 2, 2, 2, 2, 2, 2, 2, 2, 2, 2, 2, 2, 2, 3 ),
 ( 0.000000000000000000, 1.000000000000000000 ),
 ( 0.000000000000000000, 0.01785714285714285615, 0.03571428571428571230, 0.05357142857142856845, 0.07142857142857142461, 0.08928571428571428770, 0.1071428571428571369, 0.1250000000000000000, 0.1428571428571428492, 0.1607142857142857262, 0.1785714285714285754, 0.1964285714285714246, 0.2142857142857142738, 0.2321428571428571508, 0.2500000000000000000, 0.2678571428571428492, 0.2857142857142856984, 0.3035714285714285476, 0.3214285714285714524, 0.3392857142857143016, 0.3571428571428571508, 0.3750000000000000000, 0.3928571428571428492, 0.4107142857142856984, 0.4285714285714285476, 0.4464285714285714524, 0.4642857142857143016, 0.4821428571428571508, 0.5000000000000000000, 0.5178571428571429047, 0.5357142857142856984, 0.5535714285714286031, 0.5714285714285713969, 0.5892857142857143016, 0.6071428571428570953, 0.6250000000000000000, 0.6428571428571429047, 0.6607142857142856984, 0.6785714285714286031, 0.6964285714285713969, 0.7142857142857143016, 0.7321428571428570953, 0.7500000000000000000, 0.7678571428571429047, 0.7857142857142856984, 0.8035714285714286031, 0.8214285714285713969, 0.8392857142857143016, 0.8571428571428570953, 0.8750000000000000000, 0.8928571428571429047, 0.9107142857142856984, 0.9285714285714286031, 0.9464285714285713969, 0.9471479135105548286 ),
 .UNSPECIFIED. ) 
 GEOMETRIC_REPRESENTATION_ITEM ( )  RATIONAL_B_SPLINE_SURFACE ( (
 ( 1.000000000000000000, 0.9238795325112867385, 1.000000000000000000, 0.9238795325112867385, 1.000000000000000000, 0.9238795325112867385, 1.000000000000000000, 0.9238795325112867385, 1.000000000000000000, 0.9238795325112867385, 1.000000000000000000, 0.9238795325112867385, 1.000000000000000000, 0.9238795325112867385, 1.000000000000000000, 0.9238795325112867385, 1.000000000000000000, 0.9238795325112867385, 1.000000000000000000, 0.9238795325112867385, 1.000000000000000000, 0.9238795325112867385, 1.000000000000000000, 0.9238795325112867385, 1.000000000000000000, 0.9238795325112867385, 1.000000000000000000, 0.9238795325112867385, 1.000000000000000000, 0.9238795325112867385, 1.000000000000000000, 0.9238795325112867385, 1.000000000000000000, 0.9238795325112867385, 1.000000000000000000, 0.9238795325112867385, 1.000000000000000000, 0.9238795325112867385, 1.000000000000000000, 0.9238795325112867385, 1.000000000000000000, 0.9238795325112867385, 1.000000000000000000, 0.9238795325112867385, 1.000000000000000000, 0.9238795325112867385, 1.000000000000000000, 0.9238795325112867385, 1.000000000000000000, 0.9238795325112867385, 1.000000000000000000, 0.9238795325112867385, 1.000000000000000000, 0.9238795325112867385, 1.000000000000000000, 0.9238795325112867385, 1.000000000000000000, 0.9238795325112867385, 1.000000000000000000, 0.9238795325112867385, 1.000000000000000000, 0.9238795325112867385, 1.000000000000000000, 0.9238795325112867385, 1.000000000000000000, 0.9238795325112867385, 1.000000000000000000, 0.9238795325112867385, 1.000000000000000000, 0.9238795325112867385, 1.000000000000000000, 0.9238795325112867385, 1.000000000000000000, 0.9238795325112867385, 1.000000000000000000, 0.9238795325112867385, 1.000000000000000000, 0.9238795325112867385, 1.000000000000000000, 0.9238795325112867385, 1.000000000000000000, 0.9238795325112867385, 1.000000000000000000, 0.9238795325112867385, 1.000000000000000000, 0.9238795325112867385, 1.000000000000000000, 0.9238795325112867385, 1.000000000000000000, 0.9238795325112867385, 1.000000000000000000, 0.9238795325112867385, 1.000000000000000000, 0.9238795325112867385, 1.000000000000000000, 0.9238795325112867385, 1.000000000000000000, 0.9238795325112867385, 1.000000000000000000, 0.9238795325112867385, 1.000000000000000000, 0.9238795325112867385, 1.000000000000000000, 0.9238795325112867385, 1.000000000000000000, 0.9238795325112867385, 1.000000000000000000, 0.9969336272883665417, 0.9941143009209516546),
 ( 1.000000000000000000, 0.9238795325112867385, 1.000000000000000000, 0.9238795325112867385, 1.000000000000000000, 0.9238795325112867385, 1.000000000000000000, 0.9238795325112867385, 1.000000000000000000, 0.9238795325112867385, 1.000000000000000000, 0.9238795325112867385, 1.000000000000000000, 0.9238795325112867385, 1.000000000000000000, 0.9238795325112867385, 1.000000000000000000, 0.9238795325112867385, 1.000000000000000000, 0.9238795325112867385, 1.000000000000000000, 0.9238795325112867385, 1.000000000000000000, 0.9238795325112867385, 1.000000000000000000, 0.9238795325112867385, 1.000000000000000000, 0.9238795325112867385, 1.000000000000000000, 0.9238795325112867385, 1.000000000000000000, 0.9238795325112867385, 1.000000000000000000, 0.9238795325112867385, 1.000000000000000000, 0.9238795325112867385, 1.000000000000000000, 0.9238795325112867385, 1.000000000000000000, 0.9238795325112867385, 1.000000000000000000, 0.9238795325112867385, 1.000000000000000000, 0.9238795325112867385, 1.000000000000000000, 0.9238795325112867385, 1.000000000000000000, 0.9238795325112867385, 1.000000000000000000, 0.9238795325112867385, 1.000000000000000000, 0.9238795325112867385, 1.000000000000000000, 0.9238795325112867385, 1.000000000000000000, 0.9238795325112867385, 1.000000000000000000, 0.9238795325112867385, 1.000000000000000000, 0.9238795325112867385, 1.000000000000000000, 0.9238795325112867385, 1.000000000000000000, 0.9238795325112867385, 1.000000000000000000, 0.9238795325112867385, 1.000000000000000000, 0.9238795325112867385, 1.000000000000000000, 0.9238795325112867385, 1.000000000000000000, 0.9238795325112867385, 1.000000000000000000, 0.9238795325112867385, 1.000000000000000000, 0.9238795325112867385, 1.000000000000000000, 0.9238795325112867385, 1.000000000000000000, 0.9238795325112867385, 1.000000000000000000, 0.9238795325112867385, 1.000000000000000000, 0.9238795325112867385, 1.000000000000000000, 0.9238795325112867385, 1.000000000000000000, 0.9238795325112867385, 1.000000000000000000, 0.9238795325112867385, 1.000000000000000000, 0.9238795325112867385, 1.000000000000000000, 0.9238795325112867385, 1.000000000000000000, 0.9238795325112867385, 1.000000000000000000, 0.9238795325112867385, 1.000000000000000000, 0.9238795325112867385, 1.000000000000000000, 0.9238795325112867385, 1.000000000000000000, 0.9238795325112867385, 1.000000000000000000, 0.9238795325112867385, 1.000000000000000000, 0.9969336272883665417, 0.9941143009209516546) ) ) 
 REPRESENTATION_ITEM ( '' )  SURFACE ( )  );
#6738 = APPROVAL ( #6145, 'UNSPECIFIED' ) ;
#6739 = ORIENTED_EDGE ( 'NONE', *, *, #6797, .F. ) ;
#6740 = CARTESIAN_POINT ( 'NONE',  ( 0.000000000000000000, 1.999999999999998224, -0.8499999999999999778 ) ) ;
#6741 = CARTESIAN_POINT ( 'NONE',  ( 2.525414420702734031, -6.280597150904468684, -1.046060903667665576 ) ) ;
#6742 = CARTESIAN_POINT ( 'NONE',  ( 3.175081171752285769, -7.727141908585766217, 0.2073217358144820721 ) ) ;
#6743 = DIRECTION ( 'NONE',  ( 0.000000000000000000, 0.000000000000000000, 1.000000000000000000 ) ) ;
#6744 = CARTESIAN_POINT ( 'NONE',  ( 3.178065058354397010, -5.774650143140894976, 0.2233052522838780696 ) ) ;
#6745 = CARTESIAN_POINT ( 'NONE',  ( -2.114593679852589059, -6.034805077375685833, 2.310216213366723004 ) ) ;
#6746 = ORIENTED_EDGE ( 'NONE', *, *, #6153, .T. ) ;
#6747 = CARTESIAN_POINT ( 'NONE',  ( -1.736082609046332159, -3.357650599876460085, -4.499999999999999112 ) ) ;
#6748 = ORIENTED_EDGE ( 'NONE', *, *, #5798, .F. ) ;
#6749 = CARTESIAN_POINT ( 'NONE',  ( 1.011964800508647455, -7.366099622692653170, 2.443099146032160718 ) ) ;
#6750 = CARTESIAN_POINT ( 'NONE',  ( -3.073654718071916481, -7.189459928670062894, 0.8223240906571529507 ) ) ;
#6751 = CARTESIAN_POINT ( 'NONE',  ( 0.4138432142748432185, -5.011749822392675746, 3.175000000002217160 ) ) ;
#6752 = CARTESIAN_POINT ( 'NONE',  ( -0.7134079427093215076, -4.569217149809936096, -3.096575547067067724 ) ) ;
#6753 = CARTESIAN_POINT ( 'NONE',  ( -1.785737662185199692, -7.750652849095848396, -1.785737662185200358 ) ) ;
#6754 = ORIENTED_EDGE ( 'NONE', *, *, #1080, .T. ) ;
#6755 = FACE_OUTER_BOUND ( 'NONE', #5432, .T. ) ;
#6756 = CARTESIAN_POINT ( 'NONE',  ( 2.985246602801749027, -6.877260134362979116, 0.9450406835164153474 ) ) ;
#6757 = CARTESIAN_POINT ( 'NONE',  ( -2.503528307650150886, -8.795436418141767021, 0.8696195069548094958 ) ) ;
#6758 = CARTESIAN_POINT ( 'NONE',  ( 2.576392796731206070E-16, 0.5358983848622457247, -6.035898384862248278 ) ) ;
#6759 = LINE ( 'NONE', #1719, #1251 ) ;
#6760 = CARTESIAN_POINT ( 'NONE',  ( 3.170623828691022883, -7.793308901854060444, 0.3096875928180905513 ) ) ;
#6761 = CARTESIAN_POINT ( 'NONE',  ( -1.251628858450124504, -8.024757192443594533, 2.920886333383823974 ) ) ;
#6762 = CARTESIAN_POINT ( 'NONE',  ( 2.245064030267288402, -9.488461538461503864, -2.245064030267287958 ) ) ;
#6763 = CARTESIAN_POINT ( 'NONE',  ( 1.860779356091134096, -3.663851266490425029, -2.585781810306697182 ) ) ;
#6764 = CARTESIAN_POINT ( 'NONE',  ( -1.499999999999999334, 1.401923788646684654, -6.500000000000000000 ) ) ;
#6765 = CARTESIAN_POINT ( 'NONE',  ( 2.935786857326402099, -3.811092104914845624, 1.237509990230785117 ) ) ;
#6766 = ORIENTED_EDGE ( 'NONE', *, *, #156, .T. ) ;
#6767 = CARTESIAN_POINT ( 'NONE',  ( 2.396327968742799630, -6.720566749303062082, -2.016175791619486901 ) ) ;
#6768 = CARTESIAN_POINT ( 'NONE',  ( -3.107109529302094053, -7.159063399722996657, -0.3930730935685790572 ) ) ;
#6769 = CARTESIAN_POINT ( 'NONE',  ( 1.810087708697588837, -3.751528704863834385, -2.555104338869735425 ) ) ;
#6770 = ORIENTED_EDGE ( 'NONE', *, *, #595, .F. ) ;
#6771 = AXIS2_PLACEMENT_3D ( 'NONE', #1731, #3356, #2838 ) ;
#6772 = ORIENTED_EDGE ( 'NONE', *, *, #5486, .F. ) ;
#6773 = PLANE ( 'NONE',  #2203 ) ;
#6774 = CARTESIAN_POINT ( 'NONE',  ( -2.525414420702734031, -3.899347150904656889, -4.639111030251255524E-16 ) ) ;
#6775 = CARTESIAN_POINT ( 'NONE',  ( 2.524295941357927564, -7.615079198912438230, -1.937005673589673460 ) ) ;
#6776 = CARTESIAN_POINT ( 'NONE',  ( 1.046060903667665798, -5.547904843212219106, 2.525414420702734031 ) ) ;
#6777 = CARTESIAN_POINT ( 'NONE',  ( -1.751929059690423562, -5.428745511036686011, -2.660666814189936780 ) ) ;
#6778 = AXIS2_PLACEMENT_3D ( 'NONE', #5386, #1452, #6378 ) ;
#6779 = EDGE_CURVE ( 'NONE', #3020, #2295, #6467, .T. ) ;
#6780 = CARTESIAN_POINT ( 'NONE',  ( -2.337194922923367280, -6.074697386061494342, 2.165466755894919437 ) ) ;
#6781 = ORIENTED_EDGE ( 'NONE', *, *, #5975, .F. ) ;
#6782 = CARTESIAN_POINT ( 'NONE',  ( 0.8495525599736388767, 6.973612215946232595, -6.410485180781795300 ) ) ;
#6783 = ORIENTED_EDGE ( 'NONE', *, *, #3010, .F. ) ;
#6784 = CARTESIAN_POINT ( 'NONE',  ( -1.011964800508649232, -8.465138084231027094, 2.443099146032159830 ) ) ;
#6785 = EDGE_CURVE ( 'NONE', #4810, #5362, #4816, .T. ) ;
#6786 = CARTESIAN_POINT ( 'NONE',  ( -0.4135005560449283024, -7.004947825195677602, 3.154830180710067822 ) ) ;
#6787 = CARTESIAN_POINT ( 'NONE',  ( 1.591660923044286635, -4.949018376803328678, 2.755092157511443762 ) ) ;
#6788 = EDGE_CURVE ( 'NONE', #3989, #5599, #4218, .T. ) ;
#6789 = B_SPLINE_CURVE_WITH_KNOTS ( 'NONE', 3,
 ( #4323, #7072, #1521, #6629, #5423, #2038, #2702, #4361, #468, #4912, #3831, #3871, #4946, #7183, #6560, #3221, #896, #1557, #433, #4393, #4283, #6523, #3294, #1483, #1591, #5530, #503, #3721, #5970, #937, #6114, #2286, #3904, #3976 ),
 .UNSPECIFIED., .F., .F.,
 ( 4, 2, 2, 2, 2, 2, 2, 2, 2, 2, 2, 2, 2, 2, 2, 2, 4 ),
 ( 0.001342111299750149180, 0.001969202253438386788, 0.002596293207126624397, 0.003223384160814862440, 0.003850475114503100049, 0.004477566068191338525, 0.005104657021879575700, 0.005731747975567812875, 0.006358838929256050918, 0.006985929882944288960, 0.007613020836632527003, 0.008240111790320765045, 0.008867202744009001353, 0.009494293697697241130, 0.01012138465138548091, 0.01074847560507371722, 0.01137556655876195699 ),
 .UNSPECIFIED. ) ;
#6790 = CARTESIAN_POINT ( 'NONE',  ( -0.3271690725582340198, -4.588383795861760817, -3.160780335961147713 ) ) ;
#6791 = CARTESIAN_POINT ( 'NONE',  ( 2.324600426986277668, -4.812054957142565037, 2.086753992746073205 ) ) ;
#6792 = CARTESIAN_POINT ( 'NONE',  ( -2.525414420702733587, -3.781902849096161479, -1.046060903667667130 ) ) ;
#6793 = ORIENTED_EDGE ( 'NONE', *, *, #2705, .T. ) ;
#6794 = CARTESIAN_POINT ( 'NONE',  ( -0.4140266117285618108, -4.074202564328000875, 3.154852934722292890 ) ) ;
#6795 = CARTESIAN_POINT ( 'NONE',  ( -3.122806475906943380, -7.329229078552740972, -0.2293897980061029851 ) ) ;
#6796 = AXIS2_PLACEMENT_3D ( 'NONE', #1701, #5093, #65 ) ;
#6797 = EDGE_CURVE ( 'NONE', #4130, #5384, #5282, .T. ) ;
#6798 = CARTESIAN_POINT ( 'NONE',  ( -2.525414420702733587, -5.613633618326786312, 1.046060903667666242 ) ) ;
#6799 = DIRECTION ( 'NONE',  ( 0.000000000000000000, 1.000000000000000000, -2.891205793294680298E-16 ) ) ;
#6800 = AXIS2_PLACEMENT_3D ( 'NONE', #4532, #5082, #54 ) ;
#6801 = CARTESIAN_POINT ( 'NONE',  ( -3.046839078232957299, -8.268044771964660811, -0.9050297585482892648 ) ) ;
#6802 = CARTESIAN_POINT ( 'NONE',  ( -3.897114317029967356, 3.999999999999998224, -2.250000000000020428 ) ) ;
#6803 = CARTESIAN_POINT ( 'NONE',  ( 1.814912024487660203, -7.867126005660507460, 2.608418012665201680 ) ) ;
#6804 = CARTESIAN_POINT ( 'NONE',  ( -2.142476170843854444, -8.076628283610965298, 2.358233104169208616 ) ) ;
#6805 = AXIS2_PLACEMENT_3D ( 'NONE', #3372, #4593, #1202 ) ;
#6806 = CARTESIAN_POINT ( 'NONE',  ( 2.245064030267288402, -3.871153846154255618, 2.245064030267288402 ) ) ;
#6807 = FACE_OUTER_BOUND ( 'NONE', #4442, .T. ) ;
#6808 = CARTESIAN_POINT ( 'NONE',  ( -0.2401844801827989762, -3.976605167670349328, 3.122826925115873564 ) ) ;
#6809 = ORIENTED_EDGE ( 'NONE', *, *, #1876, .F. ) ;
#6810 = CARTESIAN_POINT ( 'NONE',  ( -0.6354304953603990835, -7.015882013035410480, 3.121833015148533619 ) ) ;
#6811 = CARTESIAN_POINT ( 'NONE',  ( -2.790796069673337154, -7.151122890440841040, 1.519708212776123446 ) ) ;
#6812 = CARTESIAN_POINT ( 'NONE',  ( 1.292599253338694520, -4.077122134036698320, 2.852195498784626970 ) ) ;
#6813 = CARTESIAN_POINT ( 'NONE',  ( -2.857528917230839571, -8.182776474508363762, -1.280446314568976840 ) ) ;
#6814 = DIRECTION ( 'NONE',  ( 0.000000000000000000, 0.000000000000000000, 1.000000000000000000 ) ) ;
#6815 = CARTESIAN_POINT ( 'NONE',  ( 1.785737662185200136, -5.486847150904531567, 1.785737662185200136 ) ) ;
#6816 = CARTESIAN_POINT ( 'NONE',  ( -2.598076211353316900, -0.8246212059512552095, 4.499999999999999112 ) ) ;
#6817 = CARTESIAN_POINT ( 'NONE',  ( 1.046060903667666020, -4.204635612443094139, -2.525414420702734031 ) ) ;
#6818 = CARTESIAN_POINT ( 'NONE',  ( 2.493928233216033519, -5.659083079328826926, -1.982214467483362830 ) ) ;
#6819 = CARTESIAN_POINT ( 'NONE',  ( -3.153380783295737455, -6.233496124549320783, 0.3925541310797903694 ) ) ;
#6820 = ORIENTED_EDGE ( 'NONE', *, *, #4964, .T. ) ;
#6821 = DIRECTION ( 'NONE',  ( -0.000000000000000000, -1.000000000000000000, -0.000000000000000000 ) ) ;
#6822 = ORIENTED_EDGE ( 'NONE', *, *, #4812, .T. ) ;
#6823 = CARTESIAN_POINT ( 'NONE',  ( 1.727531973270403975, -3.490150377307914109, 1.727531973270403975 ) ) ;
#6824 = CARTESIAN_POINT ( 'NONE',  ( -2.999999999999996891, 3.999999999999997335, -4.000000000000000888 ) ) ;
#6825 = DIRECTION ( 'NONE',  ( -0.000000000000000000, 1.000000000000000000, -0.000000000000000000 ) ) ;
#6826 = CARTESIAN_POINT ( 'NONE',  ( 2.416270143104170209, -4.768831063197603193, -1.979751564102368189 ) ) ;
#6827 = CARTESIAN_POINT ( 'NONE',  ( 2.686842772955124747, -4.874917961376364239, 1.696698649233864709 ) ) ;
#6828 = CARTESIAN_POINT ( 'NONE',  ( 2.525414420702734031, -4.270364387557661345, 1.046060903667665798 ) ) ;
#6829 = ORIENTED_EDGE ( 'NONE', *, *, #4637, .T. ) ;
#6830 = CARTESIAN_POINT ( 'NONE',  ( 0.000000000000000000, -9.000000000000000000, 0.000000000000000000 ) ) ;
#6831 = ADVANCED_FACE ( 'NONE', ( #2596 ), #2276, .T. ) ;
#6832 = EDGE_CURVE ( 'NONE', #1608, #6964, #6020, .T. ) ;
#6833 = CARTESIAN_POINT ( 'NONE',  ( 1.100700682237856221, -7.618358213229020848, -2.931368175271821475 ) ) ;
#6834 = CARTESIAN_POINT ( 'NONE',  ( 1.046060903667666020, -4.026133618326912078, -2.525414420702734031 ) ) ;
#6835 = CARTESIAN_POINT ( 'NONE',  ( -3.027428637182384197, -3.357175515605320459, 3.756339784111105473 ) ) ;
#6836 = CARTESIAN_POINT ( 'NONE',  ( 1.619378318282800569E-28, 3.999999999999999112, -10.63313090529650218 ) ) ;
#6837 = CARTESIAN_POINT ( 'NONE',  ( 2.886751345948152192, 4.816496580927648097, -3.999999999999999112 ) ) ;
#6838 = CARTESIAN_POINT ( 'NONE',  ( -2.913404787193380585, -8.210075743991215091, -1.289190257460935740 ) ) ;
#6839 = CARTESIAN_POINT ( 'NONE',  ( -3.174999999999999822, -6.191346153846380318, -5.832380380939269122E-16 ) ) ;
#6840 = CARTESIAN_POINT ( 'NONE',  ( -2.853175489405104681, -6.180573355644775724, 1.408289940689883668 ) ) ;
#6841 = CARTESIAN_POINT ( 'NONE',  ( -2.797567025192793988, -4.281429340063968247, -1.389954691927813180 ) ) ;
#6842 = ORIENTED_EDGE ( 'NONE', *, *, #5838, .T. ) ;
#6843 = CARTESIAN_POINT ( 'NONE',  ( 1.615276036225385292, -6.989342571798466075, 2.683063744925114236 ) ) ;
#6844 = CARTESIAN_POINT ( 'NONE',  ( 1.066015565716064817, -6.871057357513792319, 2.993608773911928811 ) ) ;
#6845 = CARTESIAN_POINT ( 'NONE',  ( -1.318882321672971258, -3.587178682472977886, -2.839897717763303131 ) ) ;
#6846 = CARTESIAN_POINT ( 'NONE',  ( 1.441596769362722741, -3.499999999999999556, 2.025670413843234208 ) ) ;
#6847 = CARTESIAN_POINT ( 'NONE',  ( 1.406601426022582313, -5.936437051602699633, 2.854010766329922788 ) ) ;
#6848 = CARTESIAN_POINT ( 'NONE',  ( 1.785737662185200136, -3.288770227827781500, -1.785737662185199692 ) ) ;
#6849 = DIRECTION ( 'NONE',  ( 0.000000000000000000, 0.000000000000000000, 1.000000000000000000 ) ) ;
#6850 = CARTESIAN_POINT ( 'NONE',  ( -2.999999999999996891, 3.999999999999997335, -4.000000000000000888 ) ) ;
#6851 = CARTESIAN_POINT ( 'NONE',  ( 2.537899481538619995, -5.865241212180323238, 1.912267573521488240 ) ) ;
#6852 = CARTESIAN_POINT ( 'NONE',  ( -3.113598177960232416, -6.151218016073619843, 0.2527553457046777807 ) ) ;
#6853 = EDGE_LOOP ( 'NONE', ( #5035, #6124, #7073, #6915, #1541, #4165 ) ) ;
#6854 = CARTESIAN_POINT ( 'NONE',  ( -2.170456007981051094, -3.275080081855887393, -4.499999999999999112 ) ) ;
#6855 = VERTEX_POINT ( 'NONE', #4738 ) ;
#6856 = CARTESIAN_POINT ( 'NONE',  ( -1.011964800508647233, -7.854561161154156146, -2.443099146032161162 ) ) ;
#6857 = CARTESIAN_POINT ( 'NONE',  ( -4.982271973925239017, -3.275112885245147432, -0.3704518040350067709 ) ) ;
#6858 = FACE_OUTER_BOUND ( 'NONE', #5424, .T. ) ;
#6859 = CARTESIAN_POINT ( 'NONE',  ( 2.322155755447707026, -4.965382615627336627, 2.181044085023048584 ) ) ;
#6860 = CARTESIAN_POINT ( 'NONE',  ( -1.839369287749509363, -5.127416213810334966, 2.601274467931550038 ) ) ;
#6861 = CARTESIAN_POINT ( 'NONE',  ( 2.525414420702734031, -4.209306695249973806, 1.546370343417085175E-16 ) ) ;
#6862 = ORIENTED_EDGE ( 'NONE', *, *, #4284, .T. ) ;
#6863 = DIRECTION ( 'NONE',  ( -0.8660254037844398178, -7.998750567307892703E-17, 0.4999999999999980016 ) ) ;
#6864 = CARTESIAN_POINT ( 'NONE',  ( -1.794442099418641190, -7.467051614754832478, -2.566000719823363418 ) ) ;
#6865 = CARTESIAN_POINT ( 'NONE',  ( 1.785737662185200136, -3.354499002942349151, 1.785737662185200136 ) ) ;
#6866 = EDGE_CURVE ( 'NONE', #3989, #6384, #1652, .T. ) ;
#6867 = CARTESIAN_POINT ( 'NONE',  ( -2.443099146032160274, -6.694465007308092019, -4.487900323781875854E-16 ) ) ;
#6868 = CARTESIAN_POINT ( 'NONE',  ( 3.174904617351777869, -6.721880578645273552, -0.4145829286302639138 ) ) ;
#6869 = CARTESIAN_POINT ( 'NONE',  ( 0.000000000000000000, -0.4999999999999995559, 0.000000000000000000 ) ) ;
#6870 = CARTESIAN_POINT ( 'NONE',  ( -2.598076211353316900, -3.175378794048744346, -4.499999999999999112 ) ) ;
#6871 = CARTESIAN_POINT ( 'NONE',  ( 3.174999999999999822, -3.749038461538880540, 1.944126793646423041E-16 ) ) ;
#6872 = B_SPLINE_CURVE_WITH_KNOTS ( 'NONE', 3,
 ( #3403, #828, #5823, #3614, #5860, #5786 ),
 .UNSPECIFIED., .F., .F.,
 ( 4, 2, 4 ),
 ( 0.002614009409412737257, 0.003909466513246734505, 0.005204923617080732187 ),
 .UNSPECIFIED. ) ;
#6873 = CARTESIAN_POINT ( 'NONE',  ( -1.937711902715712586, -6.393882411075633598, -2.523768771505868092 ) ) ;
#6874 = CARTESIAN_POINT ( 'NONE',  ( -2.014708771088197459, -4.074732598294444230, 2.387321292211830315 ) ) ;
#6875 = ORIENTED_EDGE ( 'NONE', *, *, #4492, .F. ) ;
#6876 = CARTESIAN_POINT ( 'NONE',  ( -1.139797267521878599, -7.042118290675102976, 2.974974870121595227 ) ) ;
#6877 = CARTESIAN_POINT ( 'NONE',  ( 0.4284983455421420562, -7.493530462220061139, -3.157097383119374268 ) ) ;
#6878 = CARTESIAN_POINT ( 'NONE',  ( 3.014448225437303730, -4.918214147050668394, 0.8470408706665933929 ) ) ;
#6879 = CARTESIAN_POINT ( 'NONE',  ( 1.719063711534315697, -3.499999999999998668, 1.799672328077311034 ) ) ;
#6880 = DIRECTION ( 'NONE',  ( -0.4999999999999919509, -1.385424237964766390E-16, -0.8660254037844432595 ) ) ;
#6881 = EDGE_CURVE ( 'NONE', #2321, #3702, #5563, .T. ) ;
#6882 = VECTOR ( 'NONE', #5352, 1000.000000000000000 ) ;
#6883 = CARTESIAN_POINT ( 'NONE',  ( -2.443099146032159830, -6.848323454230723861, -1.011964800508649009 ) ) ;
#6884 = CARTESIAN_POINT ( 'NONE',  ( -1.021274704161019731, -8.012724642011281873, 3.017330566868589692 ) ) ;
#6885 = CARTESIAN_POINT ( 'NONE',  ( -1.420666568011534187E-15, -6.984820372292412038, 3.174999999999999822 ) ) ;
#6886 = CARTESIAN_POINT ( 'NONE',  ( 2.686458363032406371, -5.852397478462539659, 1.697245567037663605 ) ) ;
#6887 = CARTESIAN_POINT ( 'NONE',  ( -0.4791268394673627307, -6.384395795723322387, -3.095160464919503251 ) ) ;
#6888 = ORIENTED_EDGE ( 'NONE', *, *, #3238, .F. ) ;
#6889 = CARTESIAN_POINT ( 'NONE',  ( 2.854257135422101577, -4.858718961045213725, 1.405921659948772273 ) ) ;
#6890 = TOROIDAL_SURFACE ( 'NONE', #1030, 2.693104151401475743, 0.2000000000000000111 ) ;
#6891 = EDGE_LOOP ( 'NONE', ( #1642, #4587, #2551, #5176, #2261, #1378 ) ) ;
#6892 = CARTESIAN_POINT ( 'NONE',  ( -3.185705030282393935, -8.206684757256079266, -0.007873386491259716513 ) ) ;
#6893 = CARTESIAN_POINT ( 'NONE',  ( -8.490410945321241193E-14, -6.496910396938715415, -3.174999999999999822 ) ) ;
#6894 = CARTESIAN_POINT ( 'NONE',  ( 0.000000000000000000, 3.999999999999999112, -12.50000000047880455 ) ) ;
#6895 = AXIS2_PLACEMENT_3D ( 'NONE', #1474, #5414, #2171 ) ;
#6896 = CARTESIAN_POINT ( 'NONE',  ( 1.253903445793158822, -4.968552223395486855, 2.928497441049036087 ) ) ;
#6897 = CARTESIAN_POINT ( 'NONE',  ( -1.592366878971867905, -5.025649040316559457, 2.696993547815349501 ) ) ;
#6898 = CARTESIAN_POINT ( 'NONE',  ( -0.2092243120960523839, -6.487191230594905100, -3.174999999999995381 ) ) ;
#6899 = ORIENTED_EDGE ( 'NONE', *, *, #4167, .F. ) ;
#6900 = CARTESIAN_POINT ( 'NONE',  ( -1.023490839987220458, -4.492406674155852819, -3.012624409233675138 ) ) ;
#6901 = CARTESIAN_POINT ( 'NONE',  ( 2.501368177509303070, -7.705811897729331506, -1.883492002060130455 ) ) ;
#6902 = AXIS2_PLACEMENT_3D ( 'NONE', #7038, #2004, #5934 ) ;
#6903 = CARTESIAN_POINT ( 'NONE',  ( 0.000000000000000000, -6.407383618326724317, 2.525414420702734031 ) ) ;
#6904 = CARTESIAN_POINT ( 'NONE',  ( 1.785737662185200136, -6.041037464480599084, -1.785737662185199692 ) ) ;
#6905 = CARTESIAN_POINT ( 'NONE',  ( -1.728172706228881195, -8.051581625423368749, 2.676325852566526997 ) ) ;
#6906 = CARTESIAN_POINT ( 'NONE',  ( 2.911772793948046889, -3.874497411994358043, 1.272546025580314266 ) ) ;
#6907 = FACE_OUTER_BOUND ( 'NONE', #4409, .T. ) ;
#6908 = CARTESIAN_POINT ( 'NONE',  ( 1.894216090914449202, -3.499999999999999556, -2.283791575188648615 ) ) ;
#6909 = AXIS2_PLACEMENT_3D ( 'NONE', #2401, #6370, #4203 ) ;
#6910 = AXIS2_PLACEMENT_3D ( 'NONE', #2214, #2249, #5114 ) ;
#6911 = B_SPLINE_CURVE_WITH_KNOTS ( 'NONE', 3,
 ( #5978, #905, #5318, #3191, #3154, #289, #7004, #4214, #7115, #2082, #6455, #6012, #1421, #3041, #3842, #3266, #5572, #2713 ),
 .UNSPECIFIED., .F., .F.,
 ( 4, 2, 2, 2, 2, 2, 2, 2, 4 ),
 ( 6.133173666733496745E-19, 7.816403528881220211E-05, 9.770504411101566260E-05, 0.0001074755485221173861, 0.0001172460529332191231, 0.0001563280705776249192, 0.0003126561411552472363, 0.0006253122823104923043, 0.001250624564620982006 ),
 .UNSPECIFIED. ) ;
#6912 = CARTESIAN_POINT ( 'NONE',  ( -3.174999999999999822, -5.214423076923379696, -5.832380380939269122E-16 ) ) ;
#6913 = CARTESIAN_POINT ( 'NONE',  ( -2.390929852941956479, -6.364662777226743451, -2.099300520447279883 ) ) ;
#6914 = CARTESIAN_POINT ( 'NONE',  ( -2.956576585063772633, -4.261476829946264644, -1.033355580295243437 ) ) ;
#6915 = ORIENTED_EDGE ( 'NONE', *, *, #2192, .F. ) ;
#6916 = CARTESIAN_POINT ( 'NONE',  ( -2.035020723092765493, -7.093968744443019503, 2.440579069370093279 ) ) ;
#6917 = CARTESIAN_POINT ( 'NONE',  ( -0.6096398660771380484, -7.354540205856380908, -3.063754737527023320 ) ) ;
#6918 = CARTESIAN_POINT ( 'NONE',  ( 0.4636763899767321062, -4.654267807895645426, -3.096678539435739008 ) ) ;
#6919 = CIRCLE ( 'NONE', #4697, 3.000000000000001332 ) ;
#6920 = EDGE_CURVE ( 'NONE', #2673, #2229, #4141, .T. ) ;
#6921 = CARTESIAN_POINT ( 'NONE',  ( -2.202709061299079618, -7.994472319429100082, 2.225419727838858108 ) ) ;
#6922 = CARTESIAN_POINT ( 'NONE',  ( -0.2069064433413977944, -5.040585712064433288, 3.174999999998891376 ) ) ;
#6923 = CARTESIAN_POINT ( 'NONE',  ( 2.443099146032160718, -7.336784992692225948, 1.011964800508647677 ) ) ;
#6924 = DIRECTION ( 'NONE',  ( 0.000000000000000000, 0.000000000000000000, 1.000000000000000000 ) ) ;
#6925 = CARTESIAN_POINT ( 'NONE',  ( -3.174908005444456283, -5.266060315024176042, 0.2086927059024243913 ) ) ;
#6926 = AXIS2_PLACEMENT_3D ( 'NONE', #2697, #2034, #4873 ) ;
#6927 = CARTESIAN_POINT ( 'NONE',  ( -0.9715090929296893441, -6.056247596549985346, 3.034005391509922767 ) ) ;
#6928 = CARTESIAN_POINT ( 'NONE',  ( 0.5686033048375677135, -6.462749276460669101, -3.134732656946537688 ) ) ;
#6929 = EDGE_LOOP ( 'NONE', ( #4850, #2872, #2481, #412 ) ) ;
#6930 = CARTESIAN_POINT ( 'NONE',  ( 2.099152783770734221, -4.919000203635190083, 2.391065289225027257 ) ) ;
#6931 = EDGE_LOOP ( 'NONE', ( #2055, #5700, #5643, #4766 ) ) ;
#6932 = CARTESIAN_POINT ( 'NONE',  ( -2.434413681410895425, -8.158245922140112683, 2.042346294750206237 ) ) ;
#6933 = CARTESIAN_POINT ( 'NONE',  ( 2.999999999999996891, 4.600216527799584121, -4.046742363482247029 ) ) ;
#6934 = CARTESIAN_POINT ( 'NONE',  ( 3.073699192963870619, -5.804317388399264921, 0.8220785917147456212 ) ) ;
#6935 = CARTESIAN_POINT ( 'NONE',  ( 1.688855018471517200, -5.031123251977718702, 2.637165245740165975 ) ) ;
#6936 = CARTESIAN_POINT ( 'NONE',  ( -1.459576367868155922, -5.354645716498264818, -2.761840296177430876 ) ) ;
#6937 = CARTESIAN_POINT ( 'NONE',  ( -2.391497927113003463, -6.365174714569365122, -2.098622959605422889 ) ) ;
#6938 = ORIENTED_EDGE ( 'NONE', *, *, #2608, .F. ) ;
#6939 = CARTESIAN_POINT ( 'NONE',  ( 0.9826159967645344828, 1.103211995104281362, -4.046065981257600974 ) ) ;
#6940 = CARTESIAN_POINT ( 'NONE',  ( 1.102124028223935515, -7.995348394455259466, 2.930818218187498658 ) ) ;
#6941 = CARTESIAN_POINT ( 'NONE',  ( -1.315128060534576537, -7.473557692307812417, -3.175000000000000266 ) ) ;
#6942 = CARTESIAN_POINT ( 'NONE',  ( -1.011964800508647233, -2.969945776539153925, -2.443099146032161162 ) ) ;
#6943 = CARTESIAN_POINT ( 'NONE',  ( -2.324276707804949105, -8.088815437962026067, 2.178435695316170762 ) ) ;
#6944 = CARTESIAN_POINT ( 'NONE',  ( 3.129210780097032352, -3.905176416991610555, 0.1232948942508428902 ) ) ;
#6945 = FACE_OUTER_BOUND ( 'NONE', #5785, .T. ) ;
#6946 = CARTESIAN_POINT ( 'NONE',  ( -2.805801621774083543, -5.258199780181646688, -1.390136246046999480 ) ) ;
#6947 = CARTESIAN_POINT ( 'NONE',  ( -3.174999999999999822, -4.237500000000380851, -5.832380380939269122E-16 ) ) ;
#6948 = CARTESIAN_POINT ( 'NONE',  ( -3.073700280689326991, -6.292257999914785849, -0.8220664750277194566 ) ) ;
#6949 = CARTESIAN_POINT ( 'NONE',  ( -2.918605996059903340, -4.173264543695429651, 1.277357054058833707 ) ) ;
#6950 = CARTESIAN_POINT ( 'NONE',  ( -1.136840315986833216, -7.102759752628865719, 2.976105305103220466 ) ) ;
#6951 = CARTESIAN_POINT ( 'NONE',  ( -2.739545929968669302, -7.218581370809950215, -1.501064555067000983 ) ) ;
#6952 = CARTESIAN_POINT ( 'NONE',  ( -0.1831961746091884113, -4.152170157958777530, 3.125854610475035766 ) ) ;
#6953 = CARTESIAN_POINT ( 'NONE',  ( -2.972779542095414396, -7.090879353354344161, 0.9833411502621340894 ) ) ;
#6954 = CARTESIAN_POINT ( 'NONE',  ( 2.957024984277038726E-16, 6.493104151401475121, -6.699999999999999289 ) ) ;
#6955 = CARTESIAN_POINT ( 'NONE',  ( -1.727531973270404198, -5.688227300384663288, 1.727531973270403531 ) ) ;
#6956 = CARTESIAN_POINT ( 'NONE',  ( -3.146223965462117800, -8.185265776817825412, 0.4457853810964967356 ) ) ;
#6957 = EDGE_CURVE ( 'NONE', #6232, #5678, #977, .T. ) ;
#6958 = DIRECTION ( 'NONE',  ( 0.000000000000000000, -1.000000000000000000, -1.836970198721029688E-16 ) ) ;
#6959 = CARTESIAN_POINT ( 'NONE',  ( 2.417062935622286801, -5.960275328228307856, 1.978847685824852265 ) ) ;
#6960 = CC_DESIGN_PERSON_AND_ORGANIZATION_ASSIGNMENT ( #4757, #1514, ( #414 ) ) ;
#6961 = CARTESIAN_POINT ( 'NONE',  ( 0.2979729049055957479, -6.421673872426767460, -3.117651312657168994 ) ) ;
#6962 = ORIENTED_EDGE ( 'NONE', *, *, #4319, .T. ) ;
#6963 = CARTESIAN_POINT ( 'NONE',  ( 3.013219159878185671, -4.736723751888355594, -1.021878291663791405 ) ) ;
#6964 = VERTEX_POINT ( 'NONE', #4175 ) ;
#6965 = CARTESIAN_POINT ( 'NONE',  ( -1.055049457920314016, -8.075309316463750164, 3.006067384370661344 ) ) ;
#6966 = CARTESIAN_POINT ( 'NONE',  ( -4.331255340480722360, -0.5297829098785870050, -1.498045689733352059 ) ) ;
#6967 = CARTESIAN_POINT ( 'NONE',  ( 3.175002624711551036, -5.773963102547675419, 0.2097796354510125527 ) ) ;
#6968 = CARTESIAN_POINT ( 'NONE',  ( 1.004752981865014050, -4.981938879967714229, 3.023070589192436763 ) ) ;
#6969 = CARTESIAN_POINT ( 'NONE',  ( -2.729429043483866391, -5.360097274661099753, -1.643613060226327915 ) ) ;
#6970 = DIRECTION ( 'NONE',  ( 1.776356839400250465E-15, 0.000000000000000000, 1.000000000000000000 ) ) ;
#6971 = VERTEX_POINT ( 'NONE', #327 ) ;
#6972 = FACE_OUTER_BOUND ( 'NONE', #328, .T. ) ;
#6973 = CARTESIAN_POINT ( 'NONE',  ( -1.235283114677421024, 1.249089423646654540, -6.488092855635994916 ) ) ;
#6974 = CARTESIAN_POINT ( 'NONE',  ( -2.245064030267287958, -5.458653846154125411, -2.245064030267288846 ) ) ;
#6975 = CARTESIAN_POINT ( 'NONE',  ( 2.525414420702734031, -7.140075926018973007, 1.546370343417085175E-16 ) ) ;
#6976 = CARTESIAN_POINT ( 'NONE',  ( -1.785737662185199692, -7.929154843212030457, -1.785737662185200358 ) ) ;
#6977 = CARTESIAN_POINT ( 'NONE',  ( 2.962271958365031210, -3.867839367737338385, 1.150054638066478674 ) ) ;
#6978 = CARTESIAN_POINT ( 'NONE',  ( 2.999999999999996003, 2.267949192431120586, -6.035898384862248278 ) ) ;
#6979 = CARTESIAN_POINT ( 'NONE',  ( -1.031185033767641812, -4.994065888512220219, 2.956614919211925319 ) ) ;
#6980 = CARTESIAN_POINT ( 'NONE',  ( -1.785737662185200358, -6.708000997058281456, 1.785737662185199470 ) ) ;
#6981 = CARTESIAN_POINT ( 'NONE',  ( -0.2070659962344973404, -6.486739928449464010, -3.174999999999999822 ) ) ;
#6982 = CARTESIAN_POINT ( 'NONE',  ( -2.800446244761525705, -4.220555069290448102, 1.519380641401065324 ) ) ;
#6983 = CARTESIAN_POINT ( 'NONE',  ( -2.927840926502876862, -7.352480498766657213, -1.235097858343486621 ) ) ;
#6984 = CARTESIAN_POINT ( 'NONE',  ( 0.8166424886923967508, -7.513210877648916153, -3.071039315170057016 ) ) ;
#6985 = CARTESIAN_POINT ( 'NONE',  ( -1.873340126714251541, -5.220799897281949598, 2.509120583550252359 ) ) ;
#6986 = CARTESIAN_POINT ( 'NONE',  ( 2.754792146031382671, -7.706148462052916592, 1.488444129695063900 ) ) ;
#6987 = CARTESIAN_POINT ( 'NONE',  ( -3.013685686064401459, -5.224726093685371886, 1.020820774330095215 ) ) ;
#6988 = SECURITY_CLASSIFICATION_LEVEL ( 'unclassified' ) ;
#6989 = CARTESIAN_POINT ( 'NONE',  ( 1.011964800508647455, -6.481977300384600404, 2.443099146032160718 ) ) ;
#6990 = CARTESIAN_POINT ( 'NONE',  ( 2.953786619629595922E-16, 6.493116817939211138, -6.702250878640242604 ) ) ;
#6991 = CARTESIAN_POINT ( 'NONE',  ( 2.886751345948151748, 3.183503419072350127, -3.999999999999999112 ) ) ;
#6992 = DIRECTION ( 'NONE',  ( 0.000000000000000000, 1.836970198721029688E-16, -1.000000000000000000 ) ) ;
#6993 = CARTESIAN_POINT ( 'NONE',  ( 2.977859964173955820, -5.901623628525443088, 0.9692217308505240991 ) ) ;
#6994 = CARTESIAN_POINT ( 'NONE',  ( 0.9350964154202148215, -6.454444189045351443, -2.980560073196385495 ) ) ;
#6995 = ORIENTED_EDGE ( 'NONE', *, *, #5838, .F. ) ;
#6996 = CARTESIAN_POINT ( 'NONE',  ( 4.766173641431904251, -3.375881192601300818, -0.7447450953443751631 ) ) ;
#6997 = ORIENTED_EDGE ( 'NONE', *, *, #99, .T. ) ;
#6998 = CARTESIAN_POINT ( 'NONE',  ( -3.141632124471244847, -8.231675382520290185, -0.5281345706083643288 ) ) ;
#6999 = FACE_OUTER_BOUND ( 'NONE', #2606, .T. ) ;
#7000 = CARTESIAN_POINT ( 'NONE',  ( -1.499999999999999112, 6.598076211353311571, -6.499999999999999112 ) ) ;
#7001 = CARTESIAN_POINT ( 'NONE',  ( 1.901329134600636461, -5.018179748101125881, 2.488529123576890711 ) ) ;
#7002 = CIRCLE ( 'NONE', #3017, 5.000000000000000000 ) ;
#7003 = CARTESIAN_POINT ( 'NONE',  ( -1.791780827207527071, -5.334986719612095918, -2.558878928990903745 ) ) ;
#7004 = CARTESIAN_POINT ( 'NONE',  ( 1.137147040201510473, -8.937059391362941696, -2.232301501280820943 ) ) ;
#7005 = VERTEX_POINT ( 'NONE', #4809 ) ;
#7006 = CARTESIAN_POINT ( 'NONE',  ( -1.499999999999999334, 1.401923788646684654, -6.500000000000000000 ) ) ;
#7007 = DIRECTION ( 'NONE',  ( 0.000000000000000000, 0.000000000000000000, 1.000000000000000000 ) ) ;
#7008 = ADVANCED_FACE ( 'NONE', ( #2008 ), #946, .F. ) ;
#7009 = CARTESIAN_POINT ( 'NONE',  ( -1.999829412870301582, -6.299160780129284376, -2.409401722358628373 ) ) ;
#7010 = CIRCLE ( 'NONE', #6543, 1.200000000000000622 ) ;
#7011 = EDGE_CURVE ( 'NONE', #3702, #605, #5597, .T. ) ;
#7012 = CARTESIAN_POINT ( 'NONE',  ( 3.888253587292846081E-16, -5.580769230769499600, -3.174999999999999822 ) ) ;
#7013 = CARTESIAN_POINT ( 'NONE',  ( -2.525414420702734031, -6.651614387557474473, -4.639111030251255524E-16 ) ) ;
#7014 = CARTESIAN_POINT ( 'NONE',  ( -2.525414420702733587, -8.845020227827344428, -1.046060903667667130 ) ) ;
#7015 = CARTESIAN_POINT ( 'NONE',  ( 2.253176627488103989, -3.932027549278747536, 2.240731144061309799 ) ) ;
#7016 = DIRECTION ( 'NONE',  ( 8.659560562354937789E-17, 0.7071067811865471286, -0.7071067811865479058 ) ) ;
#7017 = CARTESIAN_POINT ( 'NONE',  ( -2.603369563101411988, -5.094075486753586013, 1.739915323559445115 ) ) ;
#7018 = EDGE_CURVE ( 'NONE', #5667, #7087, #5903, .T. ) ;
#7019 = CARTESIAN_POINT ( 'NONE',  ( -1.046060903667667574, -6.646943304750593917, 2.525414420702733587 ) ) ;
#7020 = CARTESIAN_POINT ( 'NONE',  ( -2.999999999999996891, 3.999999999999997335, -4.000000000000000888 ) ) ;
#7021 = CARTESIAN_POINT ( 'NONE',  ( 0.1719337427217122738, -4.550536656811577707, -3.173066970549534460 ) ) ;
#7022 = CARTESIAN_POINT ( 'NONE',  ( -0.1887972385167580314, -7.465162999110440012, -3.180207029645239825 ) ) ;
#7023 = CARTESIAN_POINT ( 'NONE',  ( 0.9335784832165104907, -7.431285942173872172, -2.981052634372068688 ) ) ;
#7024 = CARTESIAN_POINT ( 'NONE',  ( -1.618136051388730401, -4.228466261712044982, 2.680808271576906598 ) ) ;
#7025 = AXIS2_PLACEMENT_3D ( 'NONE', #1501, #5402, #2531 ) ;
#7026 = CARTESIAN_POINT ( 'NONE',  ( 2.346283701873595362, -6.764692012761621243, 2.073523098045136681 ) ) ;
#7027 = CARTESIAN_POINT ( 'NONE',  ( -0.4164216727455912204, -5.050712352880091238, 3.154457355950196717 ) ) ;
#7028 = DATE_AND_TIME ( #2541, #1909 ) ;
#7029 = CARTESIAN_POINT ( 'NONE',  ( 0.000000000000000000, -7.519958069615289453, 2.443099146032160274 ) ) ;
#7030 = CARTESIAN_POINT ( 'NONE',  ( 2.119902860583477128E-31, 3.999999999999998224, -6.500000000000000000 ) ) ;
#7031 = CARTESIAN_POINT ( 'NONE',  ( 0.000000000000000000, -3.499999999999999556, 4.500000000000000888 ) ) ;
#7032 = DIRECTION ( 'NONE',  ( 0.000000000000000000, 0.000000000000000000, 1.000000000000000000 ) ) ;
#7033 = CARTESIAN_POINT ( 'NONE',  ( -2.951576622353310420, -6.312616564556519094, -1.198829371685941281 ) ) ;
#7034 = CARTESIAN_POINT ( 'NONE',  ( -1.898465966633221758, -6.305343499918665273, -2.480758868796265393 ) ) ;
#7035 = CARTESIAN_POINT ( 'NONE',  ( -2.204584830408196972, -8.503712225902019028, -1.971800955200633032 ) ) ;
#7036 = ORIENTED_EDGE ( 'NONE', *, *, #6881, .F. ) ;
#7037 = CARTESIAN_POINT ( 'NONE',  ( -3.087336661384284753, -8.305451800993099098, -0.7852634065875128133 ) ) ;
#7038 = CARTESIAN_POINT ( 'NONE',  ( 0.000000000000000000, 3.999999999999999112, -11.25000000047880633 ) ) ;
#7039 = CIRCLE ( 'NONE', #3872, 0.1999999999999996503 ) ;
#7040 = CARTESIAN_POINT ( 'NONE',  ( 1.385625982222090880, 1.418116074262638859, -4.000000000000000000 ) ) ;
#7041 = CARTESIAN_POINT ( 'NONE',  ( -3.014132274508316556, -5.326737110631050598, -1.031818569858909074 ) ) ;
#7042 = CARTESIAN_POINT ( 'NONE',  ( -2.236694123166696802, -5.337384212816859375, -2.268867153395174974 ) ) ;
#7043 = CARTESIAN_POINT ( 'NONE',  ( -1.736082609046331715, -0.6423494001235385831, -4.500000000000000000 ) ) ;
#7044 = ORIENTED_EDGE ( 'NONE', *, *, #820, .F. ) ;
#7045 = DIRECTION ( 'NONE',  ( 0.000000000000000000, 0.000000000000000000, 1.000000000000000000 ) ) ;
#7046 = CARTESIAN_POINT ( 'NONE',  ( -1.114085006688323221, 1.324006022641532443, -4.000000000000000000 ) ) ;
#7047 = CARTESIAN_POINT ( 'NONE',  ( -2.359407499373369799, -6.275318537877443426, -2.058583419987603413 ) ) ;
#7048 = CARTESIAN_POINT ( 'NONE',  ( -3.174999999999999378, -5.397596153846437872, -1.315128060534578980 ) ) ;
#7049 = CARTESIAN_POINT ( 'NONE',  ( -2.525414420702733587, -7.567479772172787555, 1.046060903667666242 ) ) ;
#7050 = CARTESIAN_POINT ( 'NONE',  ( -2.525414420702733587, -6.891174073981343184, -1.046060903667667130 ) ) ;
#7051 = EDGE_CURVE ( 'NONE', #6416, #193, #6911, .T. ) ;
#7052 = CARTESIAN_POINT ( 'NONE',  ( 2.917413676130504729, -3.841428230691317669, -1.138857886301210653 ) ) ;
#7053 = CARTESIAN_POINT ( 'NONE',  ( 2.017384003235463741, 6.299364417810908279, -6.453934018742399026 ) ) ;
#7054 = ORIENTED_EDGE ( 'NONE', *, *, #371, .F. ) ;
#7055 = CARTESIAN_POINT ( 'NONE',  ( 1.853580149780604147, -4.842921586891486108, 2.523860894216185091 ) ) ;
#7056 = CARTESIAN_POINT ( 'NONE',  ( 0.000000000000000000, -7.562808689365906112, 2.525414420702734031 ) ) ;
#7057 = CARTESIAN_POINT ( 'NONE',  ( -3.098725572649838611, -8.311283316093566853, -0.4490309599063838086 ) ) ;
#7058 = CARTESIAN_POINT ( 'NONE',  ( 1.969474551168529430, -4.560117103716532228, -2.435385664897725455 ) ) ;
#7059 = CARTESIAN_POINT ( 'NONE',  ( -2.714603713104518423, -7.400132023935070080, -1.561533277857441337 ) ) ;
#7060 = CARTESIAN_POINT ( 'NONE',  ( 2.886214456944831586, -7.649336511849917919, -1.349216916590352700 ) ) ;
#7061 = CARTESIAN_POINT ( 'NONE',  ( -3.130555202557151695, -6.338098370662184067, 0.07601917518417598829 ) ) ;
#7062 = CARTESIAN_POINT ( 'NONE',  ( -1.763170674236445246, -7.290746163561578008, -2.587624351257754363 ) ) ;
#7063 = CARTESIAN_POINT ( 'NONE',  ( -2.525414420702733587, -8.666518233711160590, -1.046060903667667130 ) ) ;
#7064 = APPROVAL_DATE_TIME ( #6035, #3906 ) ;
#7065 = CARTESIAN_POINT ( 'NONE',  ( -2.443099146032160274, -4.833419608077039520, -4.487900323781875854E-16 ) ) ;
#7066 = CARTESIAN_POINT ( 'NONE',  ( -2.942331368178274786, -3.499999999999973799, 0.1406643823835075635 ) ) ;
#7067 = CARTESIAN_POINT ( 'NONE',  ( 2.811956660134710795, -3.275112885245146988, -4.129548195964995116 ) ) ;
#7068 = DIRECTION ( 'NONE',  ( 0.8660254037844385966, 0.5000000000000001110, 0.000000000000000000 ) ) ;
#7069 = CARTESIAN_POINT ( 'NONE',  ( 2.102758958057939775, -3.617463788539826641, -2.393358073645535988 ) ) ;
#7070 = CARTESIAN_POINT ( 'NONE',  ( -2.625287491194867151, -6.158313241763077706, 1.804594960534980475 ) ) ;
#7071 = CARTESIAN_POINT ( 'NONE',  ( 2.931743684056902666, -6.802199398511471706, 1.225886017935636563 ) ) ;
#7072 = CARTESIAN_POINT ( 'NONE',  ( 0.2071568915969683178, -3.575212730835800379, -3.174999999998493472 ) ) ;
#7073 = ORIENTED_EDGE ( 'NONE', *, *, #3151, .T. ) ;
#7074 = DIRECTION ( 'NONE',  ( 1.776356839400250465E-15, 0.000000000000000000, 1.000000000000000000 ) ) ;
#7075 = CARTESIAN_POINT ( 'NONE',  ( -4.766799996877561618, -0.6428244843946788745, -0.7436602158888937497 ) ) ;
#7076 = CARTESIAN_POINT ( 'NONE',  ( -2.919700452413898084, -5.272463787065843732, 1.274377994094776367 ) ) ;
#7077 = CARTESIAN_POINT ( 'NONE',  ( -3.113663339405737585, -5.174334964753738220, 0.2519348623242909646 ) ) ;
#7078 = DIRECTION ( 'NONE',  ( -1.000000000000000000, 0.000000000000000000, 0.000000000000000000 ) ) ;
#7079 = ORIENTED_EDGE ( 'NONE', *, *, #993, .T. ) ;
#7080 = CARTESIAN_POINT ( 'NONE',  ( 2.150447440026357793, 1.777459793239604569, -6.410485180781795300 ) ) ;
#7081 = CARTESIAN_POINT ( 'NONE',  ( 2.770876687998253818, -7.882617861910848234, 1.458310630012079612 ) ) ;
#7082 = CARTESIAN_POINT ( 'NONE',  ( 3.116538442669578579, -5.660331572110089304, -0.3053098730174605424 ) ) ;
#7083 = CARTESIAN_POINT ( 'NONE',  ( 0.000000000000000000, -7.046153846153999645, 3.174999999999999822 ) ) ;
#7084 = CARTESIAN_POINT ( 'NONE',  ( 2.755758695278859083, -4.704853783879284990, -1.590511912601674460 ) ) ;
#7085 = CARTESIAN_POINT ( 'NONE',  ( -2.229152896507438530, -4.174967565281232140, 2.276186460582627635 ) ) ;
#7086 = DIRECTION ( 'NONE',  ( 1.224646799147353207E-16, 1.000000000000000000, 3.706420287512767100E-44 ) ) ;
#7087 = VERTEX_POINT ( 'NONE', #1017 ) ;
#7088 = CARTESIAN_POINT ( 'NONE',  ( -3.107528050624960514, -4.227891470081252656, -0.3847188583800685291 ) ) ;
#7089 = AXIS2_PLACEMENT_3D ( 'NONE', #7154, #2672, #6637 ) ;
#7090 = ADVANCED_FACE ( 'NONE', ( #4992, #4438 ), #1670, .T. ) ;
#7091 = CARTESIAN_POINT ( 'NONE',  ( -1.785737662185199692, -5.975308689366031878, -1.785737662185200358 ) ) ;
#7092 = CARTESIAN_POINT ( 'NONE',  ( -2.999999999999996891, 5.732050807568873196, -4.464101615137753498 ) ) ;
#7093 = CARTESIAN_POINT ( 'NONE',  ( -0.3544907509726140105, -4.464943561310778186, -3.157916407170668904 ) ) ;
#7094 = CARTESIAN_POINT ( 'NONE',  ( -2.095692571086751332, -7.361613034497372254, -2.399286499064805067 ) ) ;
#7095 = CARTESIAN_POINT ( 'NONE',  ( 2.766758142835916701, -7.575527745485867825, -1.579926212336993041 ) ) ;
#7096 = CARTESIAN_POINT ( 'NONE',  ( 1.238971645338486249, -5.672130513890178527, -2.875748266543400877 ) ) ;
#7097 = CARTESIAN_POINT ( 'NONE',  ( 1.747241873861682837, -7.780176358871571551, 2.598687866354304266 ) ) ;
#7098 = DIRECTION ( 'NONE',  ( 1.000000000000000000, 0.000000000000000000, 0.000000000000000000 ) ) ;
#7099 = DIRECTION ( 'NONE',  ( 1.000000000000000000, 0.000000000000000000, 0.000000000000000000 ) ) ;
#7100 = EDGE_CURVE ( 'NONE', #5098, #3020, #5539, .T. ) ;
#7101 = DIRECTION ( 'NONE',  ( 2.846556599890768726E-32, -2.503857664561933362E-16, 1.000000000000000000 ) ) ;
#7102 = CARTESIAN_POINT ( 'NONE',  ( -2.141845043544712279, -8.334854618131135595, -2.347455498420126574 ) ) ;
#7103 = CARTESIAN_POINT ( 'NONE',  ( -2.754886075305852167, -4.380283168881284439, -1.591881035704424630 ) ) ;
#7104 = CARTESIAN_POINT ( 'NONE',  ( 1.442652724410233400, -3.639192104917273962, -2.831405772177734370 ) ) ;
#7105 = CARTESIAN_POINT ( 'NONE',  ( -2.528285440858218713, -6.440393524966600225, -1.848239872456472588 ) ) ;
#7106 = CARTESIAN_POINT ( 'NONE',  ( 3.103157045586820928, -6.705733055448474644, -0.7213385101328197990 ) ) ;
#7107 = CARTESIAN_POINT ( 'NONE',  ( 2.598076211353316456, -0.8246212059512549875, 4.499999999999999112 ) ) ;
#7108 = EDGE_CURVE ( 'NONE', #4378, #5596, #6369, .T. ) ;
#7109 = ORIENTED_EDGE ( 'NONE', *, *, #6060, .F. ) ;
#7110 = DIRECTION ( 'NONE',  ( 0.000000000000000000, 0.000000000000000000, -1.000000000000000000 ) ) ;
#7111 = CARTESIAN_POINT ( 'NONE',  ( 1.785737662185200136, -6.463770227827532189, 1.785737662185200136 ) ) ;
#7112 = DIRECTION ( 'NONE',  ( 0.5000000000000000000, 0.000000000000000000, -0.8660254037844385966 ) ) ;
#7113 = CARTESIAN_POINT ( 'NONE',  ( -2.803547120503491197, -5.353136626787182273, -1.513197433402180048 ) ) ;
#7114 = CARTESIAN_POINT ( 'NONE',  ( 3.143858187089636491, -5.785766973176083461, 0.4629010877445223215 ) ) ;
#7115 = CARTESIAN_POINT ( 'NONE',  ( 1.136935160257961819, -8.943689816980748830, -2.224966671145792496 ) ) ;
#7116 = ORIENTED_EDGE ( 'NONE', *, *, #6866, .T. ) ;
#7117 = CARTESIAN_POINT ( 'NONE',  ( 0.000000000000000000, 3.999999999999999112, 0.000000000000000000 ) ) ;
#7118 = CARTESIAN_POINT ( 'NONE',  ( 2.014447377270616624, -5.809776349601706080, 2.397511851429830809 ) ) ;
#7119 = CARTESIAN_POINT ( 'NONE',  ( 3.174999999999999378, -3.810096153846562750, -1.315128060534576759 ) ) ;
#7120 = CARTESIAN_POINT ( 'NONE',  ( 1.785737662185200136, -3.354499002942349151, 1.785737662185200136 ) ) ;
#7121 = AXIS2_PLACEMENT_3D ( 'NONE', #3156, #1423, #4255 ) ;
#7122 = CARTESIAN_POINT ( 'NONE',  ( -0.6299054978589293530, -4.084995222620846356, 3.114640487859831719 ) ) ;
#7123 = PLANE ( 'NONE',  #4814 ) ;
#7124 = ORIENTED_EDGE ( 'NONE', *, *, #2283, .F. ) ;
#7125 = CARTESIAN_POINT ( 'NONE',  ( 0.2082998924590483136, -7.952618788351328405, 3.175000000001194422 ) ) ;
#7126 = UNCERTAINTY_MEASURE_WITH_UNIT (LENGTH_MEASURE( 1.000000000000000082E-05 ), #2506, 'distance_accuracy_value', 'NONE');
#7127 = AXIS2_PLACEMENT_3D ( 'NONE', #5027, #4023, #2369 ) ;
#7128 = CARTESIAN_POINT ( 'NONE',  ( -2.525414420702734031, -7.807039458596656267, -4.639111030251255524E-16 ) ) ;
#7129 = TOROIDAL_SURFACE ( 'NONE', #5728, 2.773101850365458532, 0.5000000000000000000 ) ;
#7130 = CARTESIAN_POINT ( 'NONE',  ( -2.999999999999997335, 5.180671232781949520, -4.221414739613221556 ) ) ;
#7131 = CARTESIAN_POINT ( 'NONE',  ( 2.700390822582730443, -4.699147944602194649, -1.690456472200200899 ) ) ;
#7132 = CARTESIAN_POINT ( 'NONE',  ( -3.057388199224498226, -7.272059553620215944, -0.8661051327888746876 ) ) ;
#7133 = CARTESIAN_POINT ( 'NONE',  ( 3.024804738502458790, -7.608621313250361951, -0.9740064401160165586 ) ) ;
#7134 = CARTESIAN_POINT ( 'NONE',  ( -1.670531777077471913, -5.520673625766914228, -2.648584719015516065 ) ) ;
#7135 = CARTESIAN_POINT ( 'NONE',  ( 2.883184991084530857, -6.714106562398417744, 1.221512231008205385 ) ) ;
#7136 = CARTESIAN_POINT ( 'NONE',  ( 0.000000000000000000, -9.338152849095722630, 2.525414420702734031 ) ) ;
#7137 = CARTESIAN_POINT ( 'NONE',  ( 4.898587196589411843E-16, 7.000000000000002665, -3.999999999999998224 ) ) ;
#7138 = CARTESIAN_POINT ( 'NONE',  ( -1.468354820318327203, -8.285090312447616512, -2.766445384019340370 ) ) ;
#7139 = CARTESIAN_POINT ( 'NONE',  ( 0.000000000000000000, -3.499999999999999556, 0.000000000000000000 ) ) ;
#7140 = CARTESIAN_POINT ( 'NONE',  ( 3.092431645669822871, -3.699570116452472135, -0.4417363024165237295 ) ) ;
#7141 = EDGE_CURVE ( 'NONE', #2018, #3702, #1133, .T. ) ;
#7142 = CARTESIAN_POINT ( 'NONE',  ( -2.578167675304828599, -6.246926728091331427, 1.777696655275332382 ) ) ;
#7143 = CARTESIAN_POINT ( 'NONE',  ( 2.943213902026496687, -6.618727347852809473, -1.219591664819228649 ) ) ;
#7144 = CARTESIAN_POINT ( 'NONE',  ( 0.000000000000000000, 3.999999999999999112, -12.50000000047880455 ) ) ;
#7145 = ADVANCED_FACE ( 'NONE', ( #3914 ), #7259, .T. ) ;
#7146 = AXIS2_PLACEMENT_3D ( 'NONE', #3506, #6958, #6992 ) ;
#7147 = VERTEX_POINT ( 'NONE', #4958 ) ;
#7148 = DIRECTION ( 'NONE',  ( 1.000000000000000000, 0.000000000000000000, 0.000000000000000000 ) ) ;
#7149 = CARTESIAN_POINT ( 'NONE',  ( -1.785737662185200358, -8.661847150904280923, 1.785737662185199470 ) ) ;
#7150 = PLANE ( 'NONE',  #2112 ) ;
#7151 = CIRCLE ( 'NONE', #5388, 2.493116817939212471 ) ;
#7152 = CARTESIAN_POINT ( 'NONE',  ( -1.291856113766596259, -5.157511566757232657, 2.903251858737145863 ) ) ;
#7153 = CARTESIAN_POINT ( 'NONE',  ( 1.200454765008902136, -5.518691868408970969, -2.951139968410403824 ) ) ;
#7154 = CARTESIAN_POINT ( 'NONE',  ( 2.250000000000000000, 3.999999999999999112, -12.50000000047880455 ) ) ;
#7155 = ORIENTED_EDGE ( 'NONE', *, *, #4491, .F. ) ;
#7156 = DIRECTION ( 'NONE',  ( 0.000000000000000000, -1.000000000000000000, 2.168404344971008868E-16 ) ) ;
#7157 = CARTESIAN_POINT ( 'NONE',  ( 2.304972230939509981, -5.558783672735452264, -2.119306143862923264 ) ) ;
#7158 = CIRCLE ( 'NONE', #2937, 4.500000000000000888 ) ;
#7159 = CARTESIAN_POINT ( 'NONE',  ( 2.999999999999996003, 3.398087865897943871, -4.056250567976825927 ) ) ;
#7160 = CARTESIAN_POINT ( 'NONE',  ( 1.046060903667665798, -4.392479772173036423, 2.525414420702734031 ) ) ;
#7161 = CARTESIAN_POINT ( 'NONE',  ( -1.576932644423916674, -4.226034297886199553, 2.705656828531544988 ) ) ;
#7162 = CARTESIAN_POINT ( 'NONE',  ( -2.525414420702733587, -7.689595156788160857, -1.046060903667667130 ) ) ;
#7163 = ORIENTED_EDGE ( 'NONE', *, *, #5896, .F. ) ;
#7164 = AXIS2_PLACEMENT_3D ( 'NONE', #2919, #2365, #4618 ) ;
#7165 = CARTESIAN_POINT ( 'NONE',  ( -2.929700282073789630, -4.153513107513881586, 1.105177318620525817 ) ) ;
#7166 = B_SPLINE_CURVE_WITH_KNOTS ( 'NONE', 3,
 ( #5675, #5569, #2882, #2258, #7256, #3470 ),
 .UNSPECIFIED., .F., .F.,
 ( 4, 2, 4 ),
 ( 0.001795681656397977999, 0.002687105552633572113, 0.003578529448869166660 ),
 .UNSPECIFIED. ) ;
#7167 = CARTESIAN_POINT ( 'NONE',  ( -1.813350724187398288, -3.042260098289993664, -1.758124600183001318 ) ) ;
#7168 = CARTESIAN_POINT ( 'NONE',  ( -3.104000529742855896, -8.308879124472984046, -0.4288572240014564829 ) ) ;
#7169 = CARTESIAN_POINT ( 'NONE',  ( 0.8176562875466140135, -4.494216572768917395, -3.023244477608642011 ) ) ;
#7170 = CARTESIAN_POINT ( 'NONE',  ( 1.335582568877090370, -7.602062732210034035, -2.892156363996958746 ) ) ;
#7171 = CARTESIAN_POINT ( 'NONE',  ( 3.091330095050580429, -7.606886715435555502, -0.4492345703058563400 ) ) ;
#7172 = CARTESIAN_POINT ( 'NONE',  ( -2.220440260800052190, -6.463001959637524330, -2.207937112699756455 ) ) ;
#7173 = AXIS2_PLACEMENT_3D ( 'NONE', #2739, #4985, #4467 ) ;
#7174 = CARTESIAN_POINT ( 'NONE',  ( 1.785737662185200136, -7.262191310634348085, 1.785737662185200136 ) ) ;
#7175 = B_SPLINE_CURVE_WITH_KNOTS ( 'NONE', 3,
 ( #7020, #4347, #6585, #454, #7130, #5953, #3241, #7092 ),
 .UNSPECIFIED., .F., .F.,
 ( 4, 2, 2, 4 ),
 ( 0.004457631505876837041, 0.005356989144906974809, 0.005806667964422042826, 0.006256346783937110842 ),
 .UNSPECIFIED. ) ;
#7176 = CARTESIAN_POINT ( 'NONE',  ( -1.011964800508649232, -5.534368853462027893, 2.443099146032159830 ) ) ;
#7177 = CARTESIAN_POINT ( 'NONE',  ( 0.000000000000000000, 3.999999999999999112, -6.499999999999999112 ) ) ;
#7178 = CARTESIAN_POINT ( 'NONE',  ( -2.411348637869002776, -3.494030403742569568, -2.081794749790977228 ) ) ;
#7179 = CARTESIAN_POINT ( 'NONE',  ( 2.302547686652371655E-15, -4.054051141523410173, 3.174999999999999822 ) ) ;
#7180 = CARTESIAN_POINT ( 'NONE',  ( -0.8731973162295043611, -3.462130005448442738, -3.063882025873375881 ) ) ;
#7181 = CARTESIAN_POINT ( 'NONE',  ( -1.130609751481575831, -6.501422133874622311, -2.978447418105365951 ) ) ;
#7182 = CARTESIAN_POINT ( 'NONE',  ( 3.168628615056708231, -6.756149252708219421, 0.3323203894550030291 ) ) ;
#7183 = CARTESIAN_POINT ( 'NONE',  ( 3.013480901749871155, -3.759318571677216170, -1.021229286200934672 ) ) ;
#7184 = ORIENTED_EDGE ( 'NONE', *, *, #4180, .F. ) ;
#7185 = DIRECTION ( 'NONE',  ( 0.000000000000000000, 1.000000000000000000, 0.000000000000000000 ) ) ;
#7186 = CARTESIAN_POINT ( 'NONE',  ( -2.801484854332291441, -8.284126397729147939, -1.517092216222927448 ) ) ;
#7187 = EDGE_CURVE ( 'NONE', #2997, #290, #773, .T. ) ;
#7188 = CARTESIAN_POINT ( 'NONE',  ( 0.000000000000000000, -6.585885612442906378, 2.525414420702734031 ) ) ;
#7189 = CARTESIAN_POINT ( 'NONE',  ( 0.4346389173687335572, -0.4999999999999990563, -4.500000000000000000 ) ) ;
#7190 = CARTESIAN_POINT ( 'NONE',  ( 1.785737662185200136, -6.219539458596782033, -1.785737662185199692 ) ) ;
#7191 = CARTESIAN_POINT ( 'NONE',  ( -1.933523414700095255, -5.224534496902730751, 2.463495312993551956 ) ) ;
#7192 = CARTESIAN_POINT ( 'NONE',  ( 2.888357410775291179, -5.736596169272159429, 1.211219267304351810 ) ) ;
#7193 = CARTESIAN_POINT ( 'NONE',  ( -5.196152422706632024, -0.4999999999999995559, -8.673617379884035472E-16 ) ) ;
#7194 = ORIENTED_EDGE ( 'NONE', *, *, #4860, .F. ) ;
#7195 = DIRECTION ( 'NONE',  ( -1.445602896647340642E-16, 2.503857664561933855E-16, -1.000000000000000000 ) ) ;
#7196 = ORIENTED_EDGE ( 'NONE', *, *, #6060, .T. ) ;
#7197 = CARTESIAN_POINT ( 'NONE',  ( -2.245064030267288846, -4.237500000000374634, 2.245064030267287514 ) ) ;
#7198 = CARTESIAN_POINT ( 'NONE',  ( -1.046060903667667574, -3.537672079865411767, 2.525414420702733587 ) ) ;
#7199 = CARTESIAN_POINT ( 'NONE',  ( -2.952136713930149980, -4.299742917683972543, 1.197301716013994044 ) ) ;
#7200 = CARTESIAN_POINT ( 'NONE',  ( -1.046060903667667574, -5.491518233711411234, 2.525414420702733587 ) ) ;
#7201 = VERTEX_POINT ( 'NONE', #2228 ) ;
#7202 = CARTESIAN_POINT ( 'NONE',  ( 0.9703652206009345527, -3.525406525991007012, -2.977183865392798889 ) ) ;
#7203 = EDGE_CURVE ( 'NONE', #1450, #5459, #4825, .T. ) ;
#7204 = CARTESIAN_POINT ( 'NONE',  ( -1.995145788948299304, -8.753955436877644658, 1.806789953989737629 ) ) ;
#7205 = PLANE ( 'NONE',  #1282 ) ;
#7206 = CARTESIAN_POINT ( 'NONE',  ( 0.02370161030290811321, -4.941081163722188307, 3.123715705437187573 ) ) ;
#7207 = CARTESIAN_POINT ( 'NONE',  ( 2.602061230771288702, -7.899343080388367078, 1.742535323959488958 ) ) ;
#7208 = CARTESIAN_POINT ( 'NONE',  ( 2.695426456611789590, -7.744811448316989200, 1.698548279725556664 ) ) ;
#7209 = CARTESIAN_POINT ( 'NONE',  ( 1.046060903667665798, -7.323249002942035624, 2.525414420702734031 ) ) ;
#7210 = CARTESIAN_POINT ( 'NONE',  ( -2.443099146032159830, -6.755522699615778670, -1.011964800508649009 ) ) ;
#7211 = CARTESIAN_POINT ( 'NONE',  ( -3.174999999999999378, -7.229326923077066702, -1.315128060534578980 ) ) ;
#7212 = CARTESIAN_POINT ( 'NONE',  ( 0.6683593239977738687, -3.659107174979783661, -3.115025459532925201 ) ) ;
#7213 = CARTESIAN_POINT ( 'NONE',  ( -2.393677177270477685, -4.410632135753093763, -2.096345674266753445 ) ) ;
#7214 = CARTESIAN_POINT ( 'NONE',  ( 0.9326685822790564684, -3.947328841755636475, 3.037797756393006754 ) ) ;
#7215 = CARTESIAN_POINT ( 'NONE',  ( 2.438638747417311237, -6.692594088317567191, -2.049852085310780225 ) ) ;
#7216 = CARTESIAN_POINT ( 'NONE',  ( 1.783425513689315567, -6.589457825316672235, -2.640108472495513503 ) ) ;
#7217 = CARTESIAN_POINT ( 'NONE',  ( -2.999999999999996891, 2.267949192431122363, -6.500000000000000000 ) ) ;
#7218 = ORIENTED_EDGE ( 'NONE', *, *, #631, .T. ) ;
#7219 = DIRECTION ( 'NONE',  ( 1.000000000000000000, 0.000000000000000000, 3.026521842945509783E-28 ) ) ;
#7220 = CARTESIAN_POINT ( 'NONE',  ( -2.525414420702733587, -7.868097150904342918, -1.046060903667667130 ) ) ;
#7221 = DIRECTION ( 'NONE',  ( 0.000000000000000000, 0.000000000000000000, 1.000000000000000000 ) ) ;
#7222 = CARTESIAN_POINT ( 'NONE',  ( -2.525414420702734031, -8.783962535519656001, -4.639111030251255524E-16 ) ) ;
#7223 = CARTESIAN_POINT ( 'NONE',  ( 1.934073931006555336, -5.682935191828794252, -2.531671412328091897 ) ) ;
#7224 = CARTESIAN_POINT ( 'NONE',  ( 0.4377109728963445301, -5.479341131530703457, -3.155954976602259432 ) ) ;
#7225 = CARTESIAN_POINT ( 'NONE',  ( 2.999999999999996447, 5.597882559004436764, -6.102982509144466938 ) ) ;
#7226 = ORIENTED_EDGE ( 'NONE', *, *, #4265, .F. ) ;
#7227 = DIRECTION ( 'NONE',  ( 0.8660254037844328234, -7.998750567307696721E-17, 0.5000000000000101030 ) ) ;
#7228 = ORIENTED_EDGE ( 'NONE', *, *, #4860, .T. ) ;
#7229 = CARTESIAN_POINT ( 'NONE',  ( -1.315128060534579202, -3.199519230769687805, 3.174999999999999378 ) ) ;
#7230 = CARTESIAN_POINT ( 'NONE',  ( -1.046060903667665354, -3.904018233711537444, -2.525414420702734475 ) ) ;
#7231 = CARTESIAN_POINT ( 'NONE',  ( -3.113097953700710185, -4.403913214846260082, -0.3408251874280190385 ) ) ;
#7232 = CARTESIAN_POINT ( 'NONE',  ( -1.785737662185200358, -6.529499002942099395, 1.785737662185199470 ) ) ;
#7233 = ORIENTED_EDGE ( 'NONE', *, *, #5255, .F. ) ;
#7234 = CARTESIAN_POINT ( 'NONE',  ( 3.073548239603729471, -7.758202421029807283, 0.8228537254175524174 ) ) ;
#7235 = ADVANCED_FACE ( 'NONE', ( #1564 ), #3806, .F. ) ;
#7236 = EDGE_CURVE ( 'NONE', #3338, #1293, #6130, .T. ) ;
#7237 = AXIS2_PLACEMENT_3D ( 'NONE', #5106, #5616, #1753 ) ;
#7238 = CARTESIAN_POINT ( 'NONE',  ( -1.712199261046650767, -8.739269640354649482, 2.095909152926627605 ) ) ;
#7239 = CARTESIAN_POINT ( 'NONE',  ( -3.154513310650640445, -7.248765250278855987, -0.4159275702489821924 ) ) ;
#7240 = CARTESIAN_POINT ( 'NONE',  ( 2.900115673950609096, -7.845339058260345055, 1.318321559920184738 ) ) ;
#7241 = VECTOR ( 'NONE', #789, 1000.000000000000000 ) ;
#7242 = CARTESIAN_POINT ( 'NONE',  ( -1.940506684245510316, -8.064310730933726745, 2.526816229983286810 ) ) ;
#7244 = AXIS2_PLACEMENT_3D ( 'NONE', #6185, #2879, #5122 ) ;
#7243 = CARTESIAN_POINT ( 'NONE',  ( -1.727531973270404198, -3.641580391923716409, 1.727531973270403531 ) ) ;
#7245 = CARTESIAN_POINT ( 'NONE',  ( 1.315128060534576981, -6.862980769230941469, 3.174999999999999378 ) ) ;
#7246 = CARTESIAN_POINT ( 'NONE',  ( 2.342861554733987273, -3.755484200699279462, -2.146751512243445958 ) ) ;
#7247 = DIRECTION ( 'NONE',  ( -1.000000000000000000, 0.000000000000000000, 0.000000000000000000 ) ) ;
#7248 = CARTESIAN_POINT ( 'NONE',  ( -1.269201240666403718, -4.057056562681045087, 2.922144471158395262 ) ) ;
#7249 = CARTESIAN_POINT ( 'NONE',  ( 0.1517348685351646298, -6.592922053533729176, -3.120081970614282607 ) ) ;
#7250 = CARTESIAN_POINT ( 'NONE',  ( 1.433475131136088265, -6.851144628459439723, 2.845272428805623921 ) ) ;
#7251 = DIRECTION ( 'NONE',  ( 0.000000000000000000, -1.000000000000000000, 0.000000000000000000 ) ) ;
#7252 = CIRCLE ( 'NONE', #5029, 2.999999999999998224 ) ;
#7253 = DIRECTION ( 'NONE',  ( -0.000000000000000000, -1.000000000000000000, -0.000000000000000000 ) ) ;
#7254 = CARTESIAN_POINT ( 'NONE',  ( 0.8243100390367958941, -5.967683604355688232, 3.073136721443166408 ) ) ;
#7255 = DIRECTION ( 'NONE',  ( -0.000000000000000000, -1.000000000000000000, -0.000000000000000000 ) ) ;
#7256 = CARTESIAN_POINT ( 'NONE',  ( -2.765051280889237351, 2.132301486206766405, -4.328453908913106218 ) ) ;
#7257 = CARTESIAN_POINT ( 'NONE',  ( 3.002059131208866916, -5.711380406028133017, -1.066062193207084396 ) ) ;
#7258 = CARTESIAN_POINT ( 'NONE',  ( 2.190621005223780227, -5.890002151566909205, 2.313453039095678676 ) ) ;
#7259 = CYLINDRICAL_SURFACE ( 'NONE', #2848, 3.174999999999999822 ) ;
#7260 = EDGE_LOOP ( 'NONE', ( #5235, #516, #3482, #3392 ) ) ;
#7261 = CARTESIAN_POINT ( 'NONE',  ( -1.368624501294178231, 1.326074109103956289, -3.999999999999999112 ) ) ;
ENDSEC;
END-ISO-10303-21;
