ISO-10303-21;
HEADER;
FILE_DESCRIPTION (( 'STEP AP203' ),
    '1' );
FILE_NAME ('1095K104_Zinc-Plated Steel Grease Fitting.STEP',
    '2026-01-03T23:20:04',
    ( 'McMaster Carr Supply' ),
    ( 'McMaster Carr Supply' ),
    'SwSTEP 2.0',
    'SolidWorks 2024',
    '' );
FILE_SCHEMA (( 'CONFIG_CONTROL_DESIGN' ));
ENDSEC;

DATA;
#1 = DIRECTION ( 'NONE',  ( 0.000000000000000000, 1.000000000000000000, -7.703719777548943412E-32 ) ) ;
#2 = CARTESIAN_POINT ( 'NONE',  ( 1.930456638835946981, -3.608590514334566901, 2.534403384320762509 ) ) ;
#3 = ORIENTED_EDGE ( 'NONE', *, *, #2792, .F. ) ;
#4 = CARTESIAN_POINT ( 'NONE',  ( 0.09927347073602520167, -6.623245381793733344, 3.144480335607541477 ) ) ;
#5 = CARTESIAN_POINT ( 'NONE',  ( -3.073699961595634633, -4.001524445399394558, 0.8220671436611399763 ) ) ;
#6 = CARTESIAN_POINT ( 'NONE',  ( -2.724081830564410556, -2.000450268801574616, 1.651447385871227524 ) ) ;
#7 = CIRCLE ( 'NONE', #2775, 3.194135250727565101 ) ;
#9 = CARTESIAN_POINT ( 'NONE',  ( -2.405783540856625269, -3.983772355513715890, 2.038513378654507324 ) ) ;
#8 = CARTESIAN_POINT ( 'NONE',  ( 2.870783822084417292, -6.556431728696717975, 1.380305451273134754 ) ) ;
#10 = CARTESIAN_POINT ( 'NONE',  ( -1.853960803369584687, -2.865816780848897238, 2.590578786451978033 ) ) ;
#11 = CARTESIAN_POINT ( 'NONE',  ( -2.646418556328221428, -5.804246835367253610, 1.715944443684519927 ) ) ;
#12 = CARTESIAN_POINT ( 'NONE',  ( 2.470551841763084511, -4.933012499999997580, 0.000000000000000000 ) ) ;
#14 = CARTESIAN_POINT ( 'NONE',  ( 3.153291003372414192, -2.471663152713769573, 0.0009818087667182158560 ) ) ;
#13 = CARTESIAN_POINT ( 'NONE',  ( 2.684804143944097721, -5.633296392636945704, 1.714088950882187490 ) ) ;
#15 = CARTESIAN_POINT ( 'NONE',  ( -1.746943960583591027, -5.666437499999998018, -1.746943960583593025 ) ) ;
#16 = CARTESIAN_POINT ( 'NONE',  ( 0.2078311692164986346, -2.289111383971260238, -3.175000000000038458 ) ) ;
#17 = CARTESIAN_POINT ( 'NONE',  ( -2.969475473264061804, -4.875453646617150305, 1.153391676651528197 ) ) ;
#18 = CARTESIAN_POINT ( 'NONE',  ( -2.391908403346182155, -4.103356866904048772, -2.098170453503860777 ) ) ;
#19 = EDGE_CURVE ( 'NONE', #4881, #453, #2060, .T. ) ;
#20 = CARTESIAN_POINT ( 'NONE',  ( 1.023336079404099319, -6.705456249999998342, -2.470551841763084955 ) ) ;
#21 = ADVANCED_FACE ( 'NONE', ( #324, #3225 ), #2868, .F. ) ;
#22 = ORIENTED_EDGE ( 'NONE', *, *, #5072, .F. ) ;
#24 = CARTESIAN_POINT ( 'NONE',  ( 2.951449477630115670, -6.327547481754699277, -1.110497909897175894 ) ) ;
#23 = CARTESIAN_POINT ( 'NONE',  ( -3.153708347235379961, -4.056088291879314411, 0.4486859055803479879 ) ) ;
#25 = COORDINATED_UNIVERSAL_TIME_OFFSET ( 6, 0, .BEHIND. ) ;
#26 = CARTESIAN_POINT ( 'NONE',  ( -0.4168529611039111793, -6.222186170143505279, -3.154302244380071230 ) ) ;
#27 = CARTESIAN_POINT ( 'NONE',  ( 7.025315519256028786E-14, -3.257349587359799514, -3.175000000000000266 ) ) ;
#28 = ORIENTED_EDGE ( 'NONE', *, *, #367, .T. ) ;
#29 = CARTESIAN_POINT ( 'NONE',  ( -2.989578416334982336, -3.153061603306446692, -1.076783311583831670 ) ) ;
#30 = CARTESIAN_POINT ( 'NONE',  ( 3.174999999999999822, -8.294543749999995441, -1.315128060534576981 ) ) ;
#31 = CARTESIAN_POINT ( 'NONE',  ( -2.033719910170658896, -2.091870298862805733, -2.342135883031497112 ) ) ;
#32 = CARTESIAN_POINT ( 'NONE',  ( -2.528344665688398774, -4.057641575652944255, -1.938329682434010381 ) ) ;
#33 = ORIENTED_EDGE ( 'NONE', *, *, #1798, .F. ) ;
#34 = CARTESIAN_POINT ( 'NONE',  ( 2.774556963554668965, -3.470754692935325458, -1.597999527785281648 ) ) ;
#35 = DIRECTION ( 'NONE',  ( 0.000000000000000000, 0.000000000000000000, -1.000000000000000000 ) ) ;
#37 = CARTESIAN_POINT ( 'NONE',  ( -3.017105141965108928, -5.026218967251659286, 0.9166975491989026725 ) ) ;
#36 = CARTESIAN_POINT ( 'NONE',  ( -0.2887840159221704006, -6.796640624204203895, 3.140514108152966166 ) ) ;
#38 = CARTESIAN_POINT ( 'NONE',  ( -2.584864353000137172, -2.915625253459898314, 1.848269775333200249 ) ) ;
#39 = CARTESIAN_POINT ( 'NONE',  ( -2.977480104645773284, -5.843541815517621529, 1.015951682951076407 ) ) ;
#40 = CARTESIAN_POINT ( 'NONE',  ( 1.746943960583591915, -3.832874999999997812, -1.746943960583591471 ) ) ;
#41 = EDGE_CURVE ( 'NONE', #3801, #1950, #5119, .T. ) ;
#42 = VECTOR ( 'NONE', #171, 1000.000000000000000 ) ;
#44 = CARTESIAN_POINT ( 'NONE',  ( -2.848505932618925041, -3.029979542146623128, -1.352520378736178808 ) ) ;
#43 = CARTESIAN_POINT ( 'NONE',  ( 0.5983151703862171766, -5.776129291021844026, 3.096340578942561539 ) ) ;
#45 = CARTESIAN_POINT ( 'NONE',  ( 2.470551841763084067, -4.138468749999996810, 1.023336079404100207 ) ) ;
#46 = CARTESIAN_POINT ( 'NONE',  ( 2.523932616179198618, -2.626502438669882533, 1.937426468611619157 ) ) ;
#47 = CARTESIAN_POINT ( 'NONE',  ( 1.592928871444815986, -4.641990227079691778, 2.749595540054537768 ) ) ;
#48 = CARTESIAN_POINT ( 'NONE',  ( -3.174925009824864919, -4.000457177083128535, -0.2082474386589173165 ) ) ;
#50 = VERTEX_POINT ( 'NONE', #3335 ) ;
#49 = CARTESIAN_POINT ( 'NONE',  ( -2.470551841763084067, -4.505181249999997029, -1.023336079404099763 ) ) ;
#51 = ORIENTED_EDGE ( 'NONE', *, *, #3934, .T. ) ;
#53 = CARTESIAN_POINT ( 'NONE',  ( -2.211530041584125250, -6.748731466706621163, 2.247707205137645214 ) ) ;
#52 = CARTESIAN_POINT ( 'NONE',  ( 3.026168266711774635, -4.626720458088549925, 0.8880567338344501627 ) ) ;
#54 = CARTESIAN_POINT ( 'NONE',  ( -1.992033961198868373E-11, -5.753012912641125354, 3.174999999999999378 ) ) ;
#55 = EDGE_CURVE ( 'NONE', #3445, #4564, #1935, .T. ) ;
#56 = CARTESIAN_POINT ( 'NONE',  ( -3.012806690861195236, -5.019347929094328364, -1.022972454598028325 ) ) ;
#57 = CARTESIAN_POINT ( 'NONE',  ( -2.470551841763084067, -3.527281249999997481, -1.023336079404099541 ) ) ;
#58 = CARTESIAN_POINT ( 'NONE',  ( -0.02805424353197406503, -3.342573456906847706, -3.177491503486452373 ) ) ;
#59 = CARTESIAN_POINT ( 'NONE',  ( -1.746943960583592581, -2.488262499999997601, 1.746943960583590361 ) ) ;
#60 = CARTESIAN_POINT ( 'NONE',  ( -3.499999999999998224, 0.7930270108568993059, 1.708417157784282603 ) ) ;
#61 = CARTESIAN_POINT ( 'NONE',  ( -3.177653146734648715, -3.990260308243828824, 0.01216995785440245538 ) ) ;
#62 = CARTESIAN_POINT ( 'NONE',  ( 1.589755023173813786, -3.664366679078999489, 2.756283819871971907 ) ) ;
#63 = DIRECTION ( 'NONE',  ( 0.000000000000000000, -3.626417049084485510E-16, 1.000000000000000000 ) ) ;
#64 = CARTESIAN_POINT ( 'NONE',  ( -2.891219060105590266, -2.152609202853888792, -1.318348840907801467 ) ) ;
#66 = CARTESIAN_POINT ( 'NONE',  ( -3.148364089079983774, -5.063551982261397022, 0.1757151933244668895 ) ) ;
#65 = CARTESIAN_POINT ( 'NONE',  ( 2.075152911274117162, -6.670809411902252961, 2.375046519070928230 ) ) ;
#67 = CARTESIAN_POINT ( 'NONE',  ( -3.162900735685203468, -3.030763231427754167, -0.3797928901116691125 ) ) ;
#68 = CARTESIAN_POINT ( 'NONE',  ( -2.808101315165747014, -5.987888778357686625, -1.504374343063743957 ) ) ;
#69 = CARTESIAN_POINT ( 'NONE',  ( 1.023336079404098209, -5.116368749999997689, 2.470551841763083178 ) ) ;
#70 = ORIENTED_EDGE ( 'NONE', *, *, #1171, .T. ) ;
#72 = CARTESIAN_POINT ( 'NONE',  ( 2.377348703066341606, -2.583852669304715910, 2.071687823355536029 ) ) ;
#71 = CARTESIAN_POINT ( 'NONE',  ( 2.542879047512632162, -5.407192933364813214, -1.918737502004962403 ) ) ;
#73 = CARTESIAN_POINT ( 'NONE',  ( -1.666893832545530474, -6.766574999999998674, 2.702237952331671966 ) ) ;
#74 = CARTESIAN_POINT ( 'NONE',  ( -3.055861269165239147, -1.944530503767283980, 0.7802405531859016863 ) ) ;
#75 = CARTESIAN_POINT ( 'NONE',  ( -3.056235827024811336, -5.012764594093804149, -0.8993107988082578164 ) ) ;
#76 = CARTESIAN_POINT ( 'NONE',  ( -2.098972695299121227, -4.122617796948865987, -2.391204442606994274 ) ) ;
#77 = EDGE_LOOP ( 'NONE', ( #3245, #2966, #2484, #4621 ) ) ;
#78 = EDGE_LOOP ( 'NONE', ( #4122, #1050, #940, #2261, #2431, #356, #1713, #3, #2974, #425, #4591, #3161, #4013, #3422 ) ) ;
#80 = CARTESIAN_POINT ( 'NONE',  ( -2.034827849773301445, -6.029134828678936131, -2.408846645339157266 ) ) ;
#79 = CARTESIAN_POINT ( 'NONE',  ( 2.100589104068995461, -4.434319692201112773, -2.394866407516664353 ) ) ;
#81 = CARTESIAN_POINT ( 'NONE',  ( 3.911687510847241070E-16, 5.754792120177906867, 3.194135250727567321 ) ) ;
#82 = PERSON_AND_ORGANIZATION ( #2072, #4707 ) ;
#83 = DIRECTION ( 'NONE',  ( 0.000000000000000000, 0.000000000000000000, 1.000000000000000000 ) ) ;
#84 = ORIENTED_EDGE ( 'NONE', *, *, #2033, .T. ) ;
#85 = CARTESIAN_POINT ( 'NONE',  ( 1.746943960583591915, -4.810774999999997803, -1.746943960583591471 ) ) ;
#86 = CARTESIAN_POINT ( 'NONE',  ( 2.005893143228263842, -3.414964900327629671, -2.474445726362777265 ) ) ;
#87 = CARTESIAN_POINT ( 'NONE',  ( 3.174999999999999822, -8.355662499999995774, 0.000000000000000000 ) ) ;
#88 = CARTESIAN_POINT ( 'NONE',  ( 3.500000000000000444, 7.500000000000000000, -2.020725942163691613 ) ) ;
#89 = CARTESIAN_POINT ( 'NONE',  ( -0.5574376059424793750, -4.156206496573843445, -3.104311539949168974 ) ) ;
#90 = CARTESIAN_POINT ( 'NONE',  ( 1.589626510384174463, -3.390190305106485891, -2.756260245099305006 ) ) ;
#91 = CARTESIAN_POINT ( 'NONE',  ( -2.646174938820029965, -2.000391215445405990, 1.753938081702967944 ) ) ;
#92 = ADVANCED_FACE ( 'NONE', ( #3715 ), #2743, .T. ) ;
#93 = CARTESIAN_POINT ( 'NONE',  ( -1.927971311912940688, -2.279384786920287453, -2.495691061165979718 ) ) ;
#94 = CARTESIAN_POINT ( 'NONE',  ( -2.325218728121524858, -5.187325647017990704, -2.129996953817557159 ) ) ;
#95 = CARTESIAN_POINT ( 'NONE',  ( -2.075799564096617811, -3.110413818444401013, -2.405982873454496129 ) ) ;
#96 = CARTESIAN_POINT ( 'NONE',  ( 1.703315467288754714, -6.243841590414857201, -2.692137855570477356 ) ) ;
#97 = CARTESIAN_POINT ( 'NONE',  ( -1.023336079404100429, -3.282806249999997039, 2.470551841763083178 ) ) ;
#98 = VERTEX_POINT ( 'NONE', #4094 ) ;
#99 = AXIS2_PLACEMENT_3D ( 'NONE', #4763, #677, #2331 ) ;
#101 = CARTESIAN_POINT ( 'NONE',  ( -2.541749153768520397, -2.237301226335821625, -1.866149861829353052 ) ) ;
#100 = CARTESIAN_POINT ( 'NONE',  ( 3.174575182153706265, -5.556457495867999086, 0.2635711748129478393 ) ) ;
#102 = CARTESIAN_POINT ( 'NONE',  ( 2.750073892522647778, -2.370934284686791127, 0.8208753056786944891 ) ) ;
#103 = CARTESIAN_POINT ( 'NONE',  ( -3.153889431641000662, -1.982182074684725626, 0.01008479020687388754 ) ) ;
#104 = AXIS2_PLACEMENT_3D ( 'NONE', #4933, #2453, #449 ) ;
#105 = CARTESIAN_POINT ( 'NONE',  ( -1.410007814236816648, -5.088586040256645404, -2.821472712294210261 ) ) ;
#106 = CARTESIAN_POINT ( 'NONE',  ( -0.4177407308348778381, -3.766119124659522477, 3.154222973845420608 ) ) ;
#107 = EDGE_LOOP ( 'NONE', ( #3302, #2890 ) ) ;
#108 = APPROVAL_PERSON_ORGANIZATION ( #82, #926, #1802 ) ;
#109 = VERTEX_POINT ( 'NONE', #2020 ) ;
#111 = CARTESIAN_POINT ( 'NONE',  ( -2.240129063995300651, -5.037918333358850198, -2.219562684557200516 ) ) ;
#110 = CARTESIAN_POINT ( 'NONE',  ( 2.462443953952439646, -4.422995635232691569, -2.020954343422412869 ) ) ;
#112 = CARTESIAN_POINT ( 'NONE',  ( -2.856951823563502302, -2.014056686041708844, 1.413677267472393639 ) ) ;
#113 = CARTESIAN_POINT ( 'NONE',  ( -0.7898644939422605482, -6.848783025075070086, 2.999914063252661744 ) ) ;
#114 = DIRECTION ( 'NONE',  ( -1.000000000000000000, -0.000000000000000000, 0.000000000000000000 ) ) ;
#115 = CARTESIAN_POINT ( 'NONE',  ( 1.746943960583590583, -5.055249999999997357, 1.746943960583591693 ) ) ;
#116 = ORIENTED_EDGE ( 'NONE', *, *, #2663, .F. ) ;
#117 = CARTESIAN_POINT ( 'NONE',  ( 1.795392356884939922, -3.402163094290768797, -2.631140089107806279 ) ) ;
#118 = CARTESIAN_POINT ( 'NONE',  ( 7.745085315923348724E-16, -6.155387499999996237, -3.175000000000000266 ) ) ;
#119 = DIRECTION ( 'NONE',  ( 0.000000000000000000, 0.000000000000000000, 1.000000000000000000 ) ) ;
#120 = CARTESIAN_POINT ( 'NONE',  ( -0.7320988479624104261, -6.766574999999998674, 3.089442712984351136 ) ) ;
#121 = CARTESIAN_POINT ( 'NONE',  ( -2.777188690869873966, -2.305021749048866031, -0.9372083671700922602 ) ) ;
#122 = CARTESIAN_POINT ( 'NONE',  ( -2.711251563897392192, -2.207491336395188686, -1.657154615053078928 ) ) ;
#123 = CARTESIAN_POINT ( 'NONE',  ( -2.279846999308758448, -5.930556915825025754, 2.178396677066565701 ) ) ;
#124 = CARTESIAN_POINT ( 'NONE',  ( -3.183479736350539824, -2.982780631220947054, -0.1163045660995259967 ) ) ;
#125 = EDGE_CURVE ( 'NONE', #5005, #1634, #1251, .T. ) ;
#126 = CARTESIAN_POINT ( 'NONE',  ( -0.5547889667105109224, -6.128876167110105300, -3.137178546532251477 ) ) ;
#127 = CARTESIAN_POINT ( 'NONE',  ( -1.023336079404100429, -5.238606249999998354, 2.470551841763083178 ) ) ;
#129 = CARTESIAN_POINT ( 'NONE',  ( 2.741479987526350914, -2.545996164971330966, -1.558217961507327276 ) ) ;
#128 = CARTESIAN_POINT ( 'NONE',  ( 1.554198560885664104, -5.724415637887155128, 2.744349520826759203 ) ) ;
#130 = CARTESIAN_POINT ( 'NONE',  ( 1.900799785754575089, -2.245147619277078732, -2.288970727164772789 ) ) ;
#131 = CARTESIAN_POINT ( 'NONE',  ( -3.185596633605518591, -1.998597553974437613, 0.01099058658041873054 ) ) ;
#132 = CARTESIAN_POINT ( 'NONE',  ( 0.09632775440945672007, -5.165380475953063488, -3.152415307699135028 ) ) ;
#133 = CARTESIAN_POINT ( 'NONE',  ( -3.073354989419933236, -3.950553911124275785, 0.8235430179474686474 ) ) ;
#135 = CARTESIAN_POINT ( 'NONE',  ( -2.408961686434815341, -5.026350889141453671, -2.034733362560602110 ) ) ;
#134 = CARTESIAN_POINT ( 'NONE',  ( 2.847617215029996984, -4.513367761793078081, -1.355671574624034426 ) ) ;
#136 = CARTESIAN_POINT ( 'NONE',  ( -0.2732759727830798013, 0.7948195375141190455, -3.883675927878011525 ) ) ;
#137 = CARTESIAN_POINT ( 'NONE',  ( 2.397402769217759300, -7.110357387076251534, -1.516895951340537785 ) ) ;
#138 = CARTESIAN_POINT ( 'NONE',  ( 1.023336079404098209, -3.160568749999996818, 2.470551841763083178 ) ) ;
#139 = CARTESIAN_POINT ( 'NONE',  ( 0.3540147183739070225, -3.377183308099569015, -3.133800406291954221 ) ) ;
#140 = CARTESIAN_POINT ( 'NONE',  ( -3.174999999999999822, -3.955112499999995812, -1.549017063184669745E-15 ) ) ;
#141 = CARTESIAN_POINT ( 'NONE',  ( 0.000000000000000000, -7.500000000000000000, -5.800958522276924697E-16 ) ) ;
#142 = CARTESIAN_POINT ( 'NONE',  ( 1.591195457611693120, -3.339384791054746948, -2.755384583073384963 ) ) ;
#143 = CARTESIAN_POINT ( 'NONE',  ( -2.992600090108294975, -2.170979911476486279, 0.5022881215947551103 ) ) ;
#144 = CARTESIAN_POINT ( 'NONE',  ( 0.1019819977407105671, -2.335122126239624230, -3.175947219980248537 ) ) ;
#145 = CARTESIAN_POINT ( 'NONE',  ( 0.6700576726097209335, -6.326741304112327491, -3.081238821585830401 ) ) ;
#146 = CARTESIAN_POINT ( 'NONE',  ( -2.945232047197919201, -3.017591833763416886, -1.128686653867261303 ) ) ;
#147 = CARTESIAN_POINT ( 'NONE',  ( -3.143589112300424038, -5.971159059565847471, -0.5158419219489158714 ) ) ;
#148 = CARTESIAN_POINT ( 'NONE',  ( 1.405674367381578138, -5.335551497889055028, -2.854391063125725658 ) ) ;
#150 = CARTESIAN_POINT ( 'NONE',  ( 2.853806365686251567, -2.695545259154667583, 1.341250095897458250 ) ) ;
#149 = CARTESIAN_POINT ( 'NONE',  ( -2.996065036387446145, -6.051203256361431748, -1.081926499565584177 ) ) ;
#151 = CARTESIAN_POINT ( 'NONE',  ( 2.589889322170576325, -2.286038842348204536, -1.393800392180488013 ) ) ;
#152 = CARTESIAN_POINT ( 'NONE',  ( -3.011291745576360146, -1.983483523366646351, 1.040370921592801201 ) ) ;
#153 = CARTESIAN_POINT ( 'NONE',  ( -2.268152661246320978, -5.054423341972102968, -2.236844351675659759 ) ) ;
#154 = CARTESIAN_POINT ( 'NONE',  ( -1.315128060534576537, -7.194406249999999226, -3.175000000000000266 ) ) ;
#156 = CARTESIAN_POINT ( 'NONE',  ( -2.505402302540922221, -4.814270307933949056, 1.914815163501822015 ) ) ;
#155 = CARTESIAN_POINT ( 'NONE',  ( 3.089491821154997098, -4.552000560887698555, -0.6328401510823611353 ) ) ;
#157 = CARTESIAN_POINT ( 'NONE',  ( -2.368756706952908520, 1.226627174761315775, -2.673849561923386631 ) ) ;
#158 = CARTESIAN_POINT ( 'NONE',  ( 1.238361479720990532, -7.279630246812074823, 2.363406694598383151 ) ) ;
#159 = CARTESIAN_POINT ( 'NONE',  ( -2.470551841763084067, -4.505181249999997029, -1.023336079404099541 ) ) ;
#160 = ORIENTED_EDGE ( 'NONE', *, *, #4102, .T. ) ;
#161 = CARTESIAN_POINT ( 'NONE',  ( 1.108928089183990107, -3.399094701787552353, -2.986242652869065317 ) ) ;
#162 = CARTESIAN_POINT ( 'NONE',  ( 0.8539329653325241631, -6.689018112896339296, 3.060692394457116716 ) ) ;
#163 = CARTESIAN_POINT ( 'NONE',  ( 2.245064030267288846, -4.321824999999996031, -2.245064030267287958 ) ) ;
#164 = CARTESIAN_POINT ( 'NONE',  ( -3.500000000000000000, 1.221648349330231031, -0.6927295964252376814 ) ) ;
#165 = CARTESIAN_POINT ( 'NONE',  ( -2.605087008798498527, -2.683626363908311330, -0.09054518998490895809 ) ) ;
#166 = CARTESIAN_POINT ( 'NONE',  ( -2.446312725408623656, -2.016286937797442835, 2.002394669564142138 ) ) ;
#167 = CARTESIAN_POINT ( 'NONE',  ( 0.2282952650525301441, -2.376742744868957757, -3.169398549436799772 ) ) ;
#168 = CARTESIAN_POINT ( 'NONE',  ( -1.086039321496363286, -5.261641453900033127, -2.960347692408960008 ) ) ;
#169 = CARTESIAN_POINT ( 'NONE',  ( 1.344422984105152707, -3.325532515717684934, -2.879266833473499432 ) ) ;
#170 = CARTESIAN_POINT ( 'NONE',  ( -2.921417707640970196, -5.974851558820547304, -1.270782026953535260 ) ) ;
#171 = DIRECTION ( 'NONE',  ( -0.000000000000000000, -1.000000000000000000, 7.703719777548942317E-32 ) ) ;
#173 = CARTESIAN_POINT ( 'NONE',  ( 1.918045506927740895, -2.768944363488889504, 2.503077177692945465 ) ) ;
#172 = CARTESIAN_POINT ( 'NONE',  ( -2.030675795023032748, -5.914655615823343204, 2.412816113093471770 ) ) ;
#174 = CARTESIAN_POINT ( 'NONE',  ( 1.023336079404098431, -6.216506249999997458, 2.470551841763084067 ) ) ;
#175 = CARTESIAN_POINT ( 'NONE',  ( -2.268538391589164593, -2.155737064004802583, -2.225131550136530745 ) ) ;
#176 = CARTESIAN_POINT ( 'NONE',  ( 0.6062177159143834482, -5.190584099550566322, -3.087088787311271343 ) ) ;
#177 = CARTESIAN_POINT ( 'NONE',  ( 3.174999999999999822, -5.544199999999999129, 0.000000000000000000 ) ) ;
#179 = CARTESIAN_POINT ( 'NONE',  ( -0.3841593740634947629, -4.690376560002388118, 3.130000024493837074 ) ) ;
#178 = CARTESIAN_POINT ( 'NONE',  ( 0.9765188223805360002, -4.726972486168778076, 3.032238151168616724 ) ) ;
#180 = CARTESIAN_POINT ( 'NONE',  ( -2.949338023411798737, -2.037671222673698157, -1.087339177777851607 ) ) ;
#181 = CARTESIAN_POINT ( 'NONE',  ( 0.1821232070960059624, -7.322535561681716487, 2.619039438316752122 ) ) ;
#182 = CARTESIAN_POINT ( 'NONE',  ( -0.5656489034189955412, -4.208200262812789916, -3.135060782663388945 ) ) ;
#183 = EDGE_CURVE ( 'NONE', #899, #3445, #3736, .T. ) ;
#184 = CARTESIAN_POINT ( 'NONE',  ( 1.746943960583592359, -6.888812499999998451, -1.746943960583591693 ) ) ;
#185 = CARTESIAN_POINT ( 'NONE',  ( 2.189579680312987442, -3.678869136290408459, 2.313467093240308525 ) ) ;
#186 = CARTESIAN_POINT ( 'NONE',  ( 0.3494115057921258205, -6.750016310955566645, 3.158351681128737098 ) ) ;
#187 = CARTESIAN_POINT ( 'NONE',  ( 1.315128060534577648, -5.238606249999995690, -3.174999999999999822 ) ) ;
#188 = CARTESIAN_POINT ( 'NONE',  ( 3.500000000000000000, 1.221648349330229477, 0.6927295964252432325 ) ) ;
#189 = CARTESIAN_POINT ( 'NONE',  ( -2.610855973230657323, -2.677263852337417482, 0.07404198466478346952 ) ) ;
#190 = CARTESIAN_POINT ( 'NONE',  ( -1.937090174803663301, -3.154802238759265798, -2.524121909436022104 ) ) ;
#191 = CARTESIAN_POINT ( 'NONE',  ( -2.452827511396848514, -2.012608498957220160, 1.999300680580016198 ) ) ;
#192 = ORIENTED_EDGE ( 'NONE', *, *, #4066, .F. ) ;
#193 = CARTESIAN_POINT ( 'NONE',  ( 3.119328145701841581, -2.605878064109528491, 0.6450190102928050617 ) ) ;
#194 = CARTESIAN_POINT ( 'NONE',  ( 0.000000000000000000, 7.500000000000000000, 0.7500000000000016653 ) ) ;
#195 = CARTESIAN_POINT ( 'NONE',  ( 0.6020319956573788600, -3.286235802497631031, -3.128244304030025180 ) ) ;
#196 = CARTESIAN_POINT ( 'NONE',  ( 1.596168679285040692, -6.597780981825768443, 2.756919118948329306 ) ) ;
#197 = CARTESIAN_POINT ( 'NONE',  ( 3.073653038295568241, -5.548696596912098933, 0.8223323847981174328 ) ) ;
#199 = FACE_OUTER_BOUND ( 'NONE', #5163, .T. ) ;
#198 = CARTESIAN_POINT ( 'NONE',  ( -2.721826006611150373, -5.947504886431898896, 1.655170316988120449 ) ) ;
#200 = ADVANCED_FACE ( 'NONE', ( #4231 ), #848, .T. ) ;
#201 = CARTESIAN_POINT ( 'NONE',  ( 2.470551841763085399, -6.949931249999997895, -1.023336079404098653 ) ) ;
#202 = FACE_OUTER_BOUND ( 'NONE', #4257, .T. ) ;
#203 = CARTESIAN_POINT ( 'NONE',  ( 3.111988817002836250, -2.449523320809269489, -0.4617367726545278384 ) ) ;
#204 = CARTESIAN_POINT ( 'NONE',  ( 3.121346421542865901, -5.383811427761674651, -0.4530832175247103688 ) ) ;
#205 = CC_DESIGN_PERSON_AND_ORGANIZATION_ASSIGNMENT ( #4567, #4484, ( #2496 ) ) ;
#206 = CARTESIAN_POINT ( 'NONE',  ( 1.315128060534577648, -6.338743749999999011, -3.174999999999999822 ) ) ;
#208 = CARTESIAN_POINT ( 'NONE',  ( 2.315159361739068444, -5.521817991469426090, 2.140937553812678029 ) ) ;
#207 = CARTESIAN_POINT ( 'NONE',  ( 0.2215195488148870295, -4.816878595481553837, 3.145873257233098297 ) ) ;
#209 = CARTESIAN_POINT ( 'NONE',  ( 0.000000000000000000, -7.500000000000000000, -5.800958522276924697E-16 ) ) ;
#210 = CYLINDRICAL_SURFACE ( 'NONE', #3214, 3.174999999999999822 ) ;
#211 = CARTESIAN_POINT ( 'NONE',  ( 0.4782503513973862530, -4.222303616852522090, -3.149529462937485480 ) ) ;
#212 = CARTESIAN_POINT ( 'NONE',  ( 2.470551841763084511, -1.999312499999997605, 0.000000000000000000 ) ) ;
#213 = ADVANCED_FACE ( 'NONE', ( #3821 ), #2386, .F. ) ;
#214 = PRODUCT_DEFINITION_SHAPE ( 'NONE', 'NONE',  #1891 ) ;
#215 = CARTESIAN_POINT ( 'NONE',  ( -0.03738247543705173342, -3.798904113059265786, 3.177363439840143577 ) ) ;
#216 = CARTESIAN_POINT ( 'NONE',  ( 3.010707087490965937E-11, -2.768399587358396197, 3.174999999999999378 ) ) ;
#217 = CARTESIAN_POINT ( 'NONE',  ( 3.174999999999998934, -6.460981249999997011, 1.315128060534579202 ) ) ;
#218 = CARTESIAN_POINT ( 'NONE',  ( 3.500000000000001332, 1.311141269941938914, -0.3866173041966468049 ) ) ;
#219 = CARTESIAN_POINT ( 'NONE',  ( -0.8098834888968826640, -2.542386883895098926, 2.601842238628464088 ) ) ;
#220 = CARTESIAN_POINT ( 'NONE',  ( -0.1688847466270598230, -2.839528623375211502, -2.466230898171897223 ) ) ;
#221 = CARTESIAN_POINT ( 'NONE',  ( -2.447181508889898272, -2.015392697055648163, 2.002517883643903929 ) ) ;
#222 = ORIENTED_EDGE ( 'NONE', *, *, #4224, .F. ) ;
#223 = CARTESIAN_POINT ( 'NONE',  ( 0.9792622134802866363, -2.771026315549188546, 3.031267745580287443 ) ) ;
#224 = FACE_OUTER_BOUND ( 'NONE', #1743, .T. ) ;
#225 = CARTESIAN_POINT ( 'NONE',  ( 0.8605520740367558208, -3.299427908877957449, -3.067157485845442455 ) ) ;
#226 = CARTESIAN_POINT ( 'NONE',  ( 2.456749714260720641, -6.277220888347256889, -1.977737578882484692 ) ) ;
#227 = CARTESIAN_POINT ( 'NONE',  ( 2.755802388718312734, -5.590512704121337606, 1.590456675310717660 ) ) ;
#229 = CARTESIAN_POINT ( 'NONE',  ( -2.900163011066294150, -3.178752794503608037, -1.238117173149604566 ) ) ;
#228 = CARTESIAN_POINT ( 'NONE',  ( -3.040457491579574789, -5.986414088994709282, 0.9499195909654103431 ) ) ;
#230 = CARTESIAN_POINT ( 'NONE',  ( -2.470551841763084511, -4.627418749999997694, -1.023336079404099763 ) ) ;
#231 = CARTESIAN_POINT ( 'NONE',  ( 2.043712439350058078E-15, -3.308262912640198561, -3.175000000000000266 ) ) ;
#232 = CARTESIAN_POINT ( 'NONE',  ( 0.2139383398391325464, -2.253796640738419566, -3.178472476619273568 ) ) ;
#233 = CARTESIAN_POINT ( 'NONE',  ( 2.484935231798670596, -5.527900420987861274, 1.993698982837168954 ) ) ;
#234 = CARTESIAN_POINT ( 'NONE',  ( -1.315128060534579202, -4.871893749999999024, 3.174999999999998934 ) ) ;
#236 = CARTESIAN_POINT ( 'NONE',  ( 3.152875895345068180, -4.430607106996191646, 0.05992727171244772305 ) ) ;
#235 = CARTESIAN_POINT ( 'NONE',  ( -0.4219839654685728636, -4.830878373435985473, 3.149439667893308759 ) ) ;
#237 = CARTESIAN_POINT ( 'NONE',  ( 2.098039256586577750, -2.706737416994005052, 2.391999963643436811 ) ) ;
#238 = CARTESIAN_POINT ( 'NONE',  ( 3.175093469078748232, -6.496011213047339972, 0.2058889187395431253 ) ) ;
#239 = CARTESIAN_POINT ( 'NONE',  ( 1.919082522276328584, -4.586987038219627166, 2.532737250108709759 ) ) ;
#240 = CARTESIAN_POINT ( 'NONE',  ( -1.746943960583591027, -7.622237499999998889, -1.746943960583593025 ) ) ;
#241 = VERTEX_POINT ( 'NONE', #2188 ) ;
#242 = CARTESIAN_POINT ( 'NONE',  ( 0.4753740104207811457, -3.826362684079961607, 3.109853736452524942 ) ) ;
#243 = CARTESIAN_POINT ( 'NONE',  ( 0.000000000000000000, 7.500000000000000000, 2.755455298081544383E-15 ) ) ;
#244 = CARTESIAN_POINT ( 'NONE',  ( 1.315128060534577648, -2.304906249999995271, -3.174999999999999822 ) ) ;
#245 = CARTESIAN_POINT ( 'NONE',  ( -3.146963744330135704, -2.011916173357621407, 0.4846865036946255700 ) ) ;
#246 = CARTESIAN_POINT ( 'NONE',  ( -0.8212060567201593386, -2.808518218171741854, 3.073950059330540885 ) ) ;
#247 = DIRECTION ( 'NONE',  ( 0.000000000000000000, 1.000000000000000000, -7.703719777548943412E-32 ) ) ;
#248 = VERTEX_POINT ( 'NONE', #4174 ) ;
#249 = CARTESIAN_POINT ( 'NONE',  ( 0.9720574760609819176, -2.823018009173221099, 3.000268470383872899 ) ) ;
#250 = CARTESIAN_POINT ( 'NONE',  ( 2.997122585062723221, -6.587398833295741163, 0.9799496919608832179 ) ) ;
#251 = CARTESIAN_POINT ( 'NONE',  ( 0.6038004877508903467, -3.250654601490013285, -3.127907595451945522 ) ) ;
#252 = CARTESIAN_POINT ( 'NONE',  ( 3.028533761254113443, -6.447394720389586276, 0.9621152614012016269 ) ) ;
#253 = EDGE_CURVE ( 'NONE', #5014, #248, #2584, .T. ) ;
#254 = CARTESIAN_POINT ( 'NONE',  ( 3.012249312513754163, -5.559282785755449652, 1.024706638387676838 ) ) ;
#256 = CARTESIAN_POINT ( 'NONE',  ( 1.526707196388586762, -3.439516400011382036, -2.759134160391139901 ) ) ;
#255 = CARTESIAN_POINT ( 'NONE',  ( -0.6701745114808587145, -5.837787491762645331, 3.081717132887005661 ) ) ;
#257 = CARTESIAN_POINT ( 'NONE',  ( 1.023336079404098431, -7.194406249999998337, 2.470551841763084067 ) ) ;
#258 = CARTESIAN_POINT ( 'NONE',  ( 3.024228045220328731, -2.440026537592173028, -0.9754648398775772611 ) ) ;
#259 = CARTESIAN_POINT ( 'NONE',  ( 0.8732153254619354765, -5.623551904987669658, 3.055317001176110381 ) ) ;
#260 = CARTESIAN_POINT ( 'NONE',  ( 2.245064030267288846, -4.444062500000000249, -2.245064030267287958 ) ) ;
#262 = CARTESIAN_POINT ( 'NONE',  ( -2.081518923420841105, -4.070365615315744812, -2.368850737913344329 ) ) ;
#261 = CARTESIAN_POINT ( 'NONE',  ( -0.4169579203236753462, -4.847291435373968227, 3.118195531838716228 ) ) ;
#263 = CYLINDRICAL_SURFACE ( 'NONE', #4702, 3.174999999999999822 ) ;
#264 = CARTESIAN_POINT ( 'NONE',  ( 1.935554867906937870, -6.344415009474769107, -2.525362297527853350 ) ) ;
#265 = CARTESIAN_POINT ( 'NONE',  ( 3.005825780251551116, -4.475113951215963226, 0.9550680562988260736 ) ) ;
#266 = CARTESIAN_POINT ( 'NONE',  ( 1.023336079404099319, -7.805593749999998110, -2.470551841763085399 ) ) ;
#267 = AXIS2_PLACEMENT_3D ( 'NONE', #3835, #2219, #489 ) ;
#268 = CARTESIAN_POINT ( 'NONE',  ( 2.989230025584684647, -3.655052700327086512, 1.005521810783724490 ) ) ;
#269 = CARTESIAN_POINT ( 'NONE',  ( -0.7922839846858996671, -6.821985333024313647, 3.052621613796970834 ) ) ;
#270 = CARTESIAN_POINT ( 'NONE',  ( 3.500000000000000444, 0.6204091765964264704, -2.020725942163691613 ) ) ;
#271 = CARTESIAN_POINT ( 'NONE',  ( -0.5173894126186164844, -6.990238554658231074, -2.917199269833879782 ) ) ;
#272 = AXIS2_PLACEMENT_3D ( 'NONE', #1417, #4037, #4832 ) ;
#273 = CARTESIAN_POINT ( 'NONE',  ( -3.154640400970722069, -2.993203266850022359, 0.4149667084954342666 ) ) ;
#274 = CARTESIAN_POINT ( 'NONE',  ( -0.2680842415749805641, -2.623201677743744575, -2.652071702056168157 ) ) ;
#275 = VERTEX_POINT ( 'NONE', #880 ) ;
#276 = CARTESIAN_POINT ( 'NONE',  ( -0.5493669087086140435, -2.881377039517543537, 3.129766051775046520 ) ) ;
#277 = SECURITY_CLASSIFICATION ( '', '', #853 ) ;
#278 = DIRECTION ( 'NONE',  ( 0.000000000000000000, 0.000000000000000000, 1.000000000000000000 ) ) ;
#279 = CARTESIAN_POINT ( 'NONE',  ( 3.119665730053867048, -3.427494326737714925, -0.4634025741505228280 ) ) ;
#280 = CARTESIAN_POINT ( 'NONE',  ( 2.307619337002841053, -6.281469434076638159, -2.196364710296908385 ) ) ;
#281 = CARTESIAN_POINT ( 'NONE',  ( -3.154451671699399107, -5.966304097000469042, -0.4158987215077813993 ) ) ;
#282 = EDGE_CURVE ( 'NONE', #1168, #3414, #1253, .T. ) ;
#284 = CARTESIAN_POINT ( 'NONE',  ( -1.593637523424677127, -3.277359714060995799, -2.720971100642586293 ) ) ;
#283 = CARTESIAN_POINT ( 'NONE',  ( 2.946639380202054070, -6.481983805897140627, -1.123663687827483493 ) ) ;
#285 = CARTESIAN_POINT ( 'NONE',  ( 3.120658817364041493, -2.495037019913338483, -0.5992376820936528015 ) ) ;
#286 = CARTESIAN_POINT ( 'NONE',  ( 3.124000300448641632, -5.449973470358168370, 0.5816083624025399912 ) ) ;
#287 = CARTESIAN_POINT ( 'NONE',  ( 2.470551841763084955, -6.827693749999997230, -1.023336079404098431 ) ) ;
#289 = CARTESIAN_POINT ( 'NONE',  ( -2.485086163458761987, -3.834736835284676904, 1.941200280672648715 ) ) ;
#288 = CARTESIAN_POINT ( 'NONE',  ( 0.6055288168589857412, -5.345544178084203679, -3.095020767121426264 ) ) ;
#290 = CARTESIAN_POINT ( 'NONE',  ( -1.369907864364995564, -7.387529207414086585, 2.160487444114361111 ) ) ;
#291 = FACE_OUTER_BOUND ( 'NONE', #3709, .T. ) ;
#292 = CARTESIAN_POINT ( 'NONE',  ( 3.153218514822502261, -4.424397709605988105, -0.07248662629564893434 ) ) ;
#293 = CARTESIAN_POINT ( 'NONE',  ( 2.470551841763084955, -6.033149999999997348, 0.000000000000000000 ) ) ;
#294 = ORIENTED_EDGE ( 'NONE', *, *, #485, .T. ) ;
#295 = B_SPLINE_CURVE_WITH_KNOTS ( 'NONE', 3,
 ( #938, #600, #1346, #3515, #484, #2286 ),
 .UNSPECIFIED., .F., .F.,
 ( 4, 2, 4 ),
 ( 3.582332609738671137E-17, 0.0008471426690809319903, 0.001694285338161828202 ),
 .UNSPECIFIED. ) ;
#296 = CARTESIAN_POINT ( 'NONE',  ( -1.849375043313946421, -3.930010708938874053, 2.593786556705711899 ) ) ;
#297 = LINE ( 'NONE', #3196, #4268 ) ;
#298 = FACE_OUTER_BOUND ( 'NONE', #2048, .T. ) ;
#299 = CARTESIAN_POINT ( 'NONE',  ( -1.939369422190117875, -6.935816417880907636, -2.310843746156908018 ) ) ;
#300 = CARTESIAN_POINT ( 'NONE',  ( -1.746943960583592359, -3.343924999999997816, 1.746943960583590361 ) ) ;
#301 = CARTESIAN_POINT ( 'NONE',  ( -2.470551841763084067, -6.460981249999997900, -1.023336079404099763 ) ) ;
#302 = CARTESIAN_POINT ( 'NONE',  ( 0.9810049898867004847, -2.806606739164198228, 3.030706857042154478 ) ) ;
#303 = CARTESIAN_POINT ( 'NONE',  ( 2.678977944802444888, -6.625669275081508935, 1.663465361776553353 ) ) ;
#304 = CARTESIAN_POINT ( 'NONE',  ( -0.2809403512733437136, -3.723881417268325666, 3.165243786254185565 ) ) ;
#305 = CARTESIAN_POINT ( 'NONE',  ( 2.374991720537230400, -6.495764521206918829, 2.075273572242546383 ) ) ;
#306 = CARTESIAN_POINT ( 'NONE',  ( 3.154592996117933978, -5.437941731759361907, -0.4151953195498453986 ) ) ;
#308 = CARTESIAN_POINT ( 'NONE',  ( 1.304105331623029773, -3.426889678189617428, -2.871137826528058046 ) ) ;
#307 = CARTESIAN_POINT ( 'NONE',  ( 0.3535123593521338203, -6.311010899344903002, -3.126022930555789614 ) ) ;
#309 = CARTESIAN_POINT ( 'NONE',  ( 0.9722425903098814715, -2.275913006449609810, -2.992052224946667227 ) ) ;
#310 = CARTESIAN_POINT ( 'NONE',  ( 2.020002530352350334, -5.285060111481058698, -2.463518682488391232 ) ) ;
#311 = CARTESIAN_POINT ( 'NONE',  ( -3.175000000000000711, -1.082912746785176461, 1.306919170019146259 ) ) ;
#312 = ORIENTED_EDGE ( 'NONE', *, *, #644, .T. ) ;
#314 = CARTESIAN_POINT ( 'NONE',  ( 1.552614182254707709, -4.591445858516231660, 2.744518714694465622 ) ) ;
#313 = CARTESIAN_POINT ( 'NONE',  ( -2.690932452146677978, -5.157702981285131827, -1.644635501225102381 ) ) ;
#315 = CARTESIAN_POINT ( 'NONE',  ( -2.470551841763084511, -5.605318749999997685, -1.023336079404099985 ) ) ;
#316 = DIRECTION ( 'NONE',  ( 0.000000000000000000, 0.000000000000000000, 1.000000000000000000 ) ) ;
#317 = CARTESIAN_POINT ( 'NONE',  ( 2.669333893935479818, -4.340232166416050141, -1.665033784387667470 ) ) ;
#318 = CARTESIAN_POINT ( 'NONE',  ( 1.746943960583592359, -4.933012499999998468, -1.746943960583591693 ) ) ;
#319 = VERTEX_POINT ( 'NONE', #2997 ) ;
#320 = CARTESIAN_POINT ( 'NONE',  ( -1.160112241063358640, -4.228065665899055858, -2.958238458238076518 ) ) ;
#321 = DIRECTION ( 'NONE',  ( 0.000000000000000000, 1.000000000000000000, -7.703719777548943412E-32 ) ) ;
#322 = CARTESIAN_POINT ( 'NONE',  ( 7.745085315923348724E-16, -2.243787499999995827, -3.175000000000000266 ) ) ;
#323 = CARTESIAN_POINT ( 'NONE',  ( 3.174928472089285858, -4.489523841568022533, 0.2107583946626861715 ) ) ;
#324 = FACE_BOUND ( 'NONE', #107, .T. ) ;
#325 = CARTESIAN_POINT ( 'NONE',  ( -2.904162054622616562, -2.997753641262653979, 1.308492497348262340 ) ) ;
#326 = CARTESIAN_POINT ( 'NONE',  ( 2.755928709961930068, -4.448659114562342864, -1.590207013749118437 ) ) ;
#327 = CARTESIAN_POINT ( 'NONE',  ( -1.037014438972010399, -3.746062067061122658, 2.978745711706164645 ) ) ;
#328 = CARTESIAN_POINT ( 'NONE',  ( -2.940362642482042599, -6.814848046476948973, 1.141043869309552150 ) ) ;
#329 = CARTESIAN_POINT ( 'NONE',  ( 2.391018925762698810, -5.344980746610071165, -2.099155060135195594 ) ) ;
#331 = CARTESIAN_POINT ( 'NONE',  ( 0.08943942641801500004, -3.364409325717943489, -3.151999150593927546 ) ) ;
#330 = CARTESIAN_POINT ( 'NONE',  ( -2.622886957542193365, -6.141931292787647934, -1.751268904434902129 ) ) ;
#332 = CARTESIAN_POINT ( 'NONE',  ( -1.159946741563545825, -2.774820031759379191, 2.933103142420468767 ) ) ;
#333 = CARTESIAN_POINT ( 'NONE',  ( -2.431552623943728175, -5.837191536377718926, 2.045795918790883405 ) ) ;
#334 = CARTESIAN_POINT ( 'NONE',  ( 1.023336079404098209, -7.072168749999998560, 2.470551841763083178 ) ) ;
#336 = CARTESIAN_POINT ( 'NONE',  ( 2.516668641775157145, -3.551082462038561260, 1.900015051109707365 ) ) ;
#335 = CARTESIAN_POINT ( 'NONE',  ( -2.863375597714479692, -5.138321427403927721, -1.303165719233682518 ) ) ;
#337 = CYLINDRICAL_SURFACE ( 'NONE', #2087, 0.7500000000000001110 ) ;
#338 = CARTESIAN_POINT ( 'NONE',  ( 2.098659448825385798, -2.392055802740686854, -2.391596175328922769 ) ) ;
#339 = CARTESIAN_POINT ( 'NONE',  ( 2.198270841176288126, -4.551752009372404650, 2.261685774794332193 ) ) ;
#340 = CARTESIAN_POINT ( 'NONE',  ( -2.470551841763085843, -2.549381249999997934, 1.023336079404096877 ) ) ;
#341 = ORIENTED_EDGE ( 'NONE', *, *, #2126, .T. ) ;
#342 = CARTESIAN_POINT ( 'NONE',  ( -1.722267330491668469, -4.247683121073665191, -2.641851596367997601 ) ) ;
#343 = COORDINATED_UNIVERSAL_TIME_OFFSET ( 6, 0, .BEHIND. ) ;
#344 = CARTESIAN_POINT ( 'NONE',  ( 2.245064030267287070, -2.610499999999995602, 2.245064030267288846 ) ) ;
#345 = ADVANCED_FACE ( 'NONE', ( #5101 ), #1072, .T. ) ;
#346 = CARTESIAN_POINT ( 'NONE',  ( -0.4732619767074813244, -2.256953177152881462, -3.148583728853366015 ) ) ;
#347 = CARTESIAN_POINT ( 'NONE',  ( 0.2931673675338309359, -2.679119649426426442, -2.605150952641027917 ) ) ;
#348 = CARTESIAN_POINT ( 'NONE',  ( -2.844040139574166126, -3.136814078949781148, -1.434473259161005432 ) ) ;
#349 = CARTESIAN_POINT ( 'NONE',  ( 1.023336079404099319, -5.849793749999999903, -2.470551841763085399 ) ) ;
#350 = DIRECTION ( 'NONE',  ( -0.000000000000000000, 1.000000000000000000, -0.000000000000000000 ) ) ;
#351 = CIRCLE ( 'NONE', #2427, 3.250000000001644906 ) ;
#352 = CARTESIAN_POINT ( 'NONE',  ( 1.488526010990004700, -3.670236047713746341, 2.816760081446066710 ) ) ;
#353 = CARTESIAN_POINT ( 'NONE',  ( -0.4206603223335323438, -6.699885695178358525, 3.157820713245571120 ) ) ;
#354 = CARTESIAN_POINT ( 'NONE',  ( -1.023477912361868469, -6.140369083463554922, -3.012627030782767612 ) ) ;
#355 = VECTOR ( 'NONE', #4885, 1000.000000000000000 ) ;
#356 = ORIENTED_EDGE ( 'NONE', *, *, #485, .F. ) ;
#357 = CARTESIAN_POINT ( 'NONE',  ( -3.076747799036285702, -2.104222989130896782, 0.6920610190782903182 ) ) ;
#359 = CARTESIAN_POINT ( 'NONE',  ( 2.250405894320126166, -4.703426288685915502, 2.209122889056522432 ) ) ;
#358 = CARTESIAN_POINT ( 'NONE',  ( 2.616334362362870092, -6.391236692379528073, -1.816938648914112608 ) ) ;
#360 = CARTESIAN_POINT ( 'NONE',  ( 3.180611685884757733, -2.532221054651869085, 0.1807812080607535399 ) ) ;
#361 = CARTESIAN_POINT ( 'NONE',  ( -0.7992053808665975367, -5.689290851364895651, 3.051184076097048337 ) ) ;
#362 = CARTESIAN_POINT ( 'NONE',  ( 3.174999999999998934, -2.671618749999999043, 1.315128060534579202 ) ) ;
#364 = CARTESIAN_POINT ( 'NONE',  ( 0.6774383633684580852, -2.683245071209408916, 3.079714026026126650 ) ) ;
#363 = CARTESIAN_POINT ( 'NONE',  ( 2.004098618526205744, -5.406319313210561361, -2.475965832342034378 ) ) ;
#365 = CARTESIAN_POINT ( 'NONE',  ( -2.426062149576721616, -7.471023158236911321, 0.4667428084396666454 ) ) ;
#366 = CARTESIAN_POINT ( 'NONE',  ( 1.591499602846334405, -2.686362951557988321, 2.755108072225645355 ) ) ;
#367 = EDGE_CURVE ( 'NONE', #109, #2021, #4274, .T. ) ;
#368 = CARTESIAN_POINT ( 'NONE',  ( 1.479144820270416494, -4.648487790272970877, 2.812400350602249244 ) ) ;
#369 = CARTESIAN_POINT ( 'NONE',  ( 1.023336079404098431, -5.238606249999998354, 2.470551841763084067 ) ) ;
#370 = ORIENTED_EDGE ( 'NONE', *, *, #1370, .T. ) ;
#371 = CARTESIAN_POINT ( 'NONE',  ( -2.624597325981028462, -4.185985729870283834, -1.748876318519170692 ) ) ;
#372 = PERSON_AND_ORGANIZATION_ROLE ( 'creator' ) ;
#373 = CARTESIAN_POINT ( 'NONE',  ( -2.098316722852038740, -4.887703638629245617, 2.391753453466048729 ) ) ;
#374 = CARTESIAN_POINT ( 'NONE',  ( 2.098176597195067217, -4.347832515660956965, -2.391896990066816997 ) ) ;
#375 = ORIENTED_EDGE ( 'NONE', *, *, #2574, .T. ) ;
#376 = EDGE_CURVE ( 'NONE', #275, #2840, #2226, .T. ) ;
#377 = CARTESIAN_POINT ( 'NONE',  ( -3.184922929927941126, -3.096854195258764708, 0.05996980808954617548 ) ) ;
#378 = CARTESIAN_POINT ( 'NONE',  ( 1.746943960583590805, -3.221687499999998039, 1.746943960583591915 ) ) ;
#379 = CARTESIAN_POINT ( 'NONE',  ( 3.073493596375441950, -4.490411737045390872, -0.8233307352595005124 ) ) ;
#380 = CARTESIAN_POINT ( 'NONE',  ( 1.486909756451209486, -3.634655581466328833, 2.817616777903343639 ) ) ;
#381 = CARTESIAN_POINT ( 'NONE',  ( -2.837770548401671533, -6.801792759864669691, 1.376671195496316003 ) ) ;
#382 = CARTESIAN_POINT ( 'NONE',  ( -0.2075030260088003842, -6.181403045692698939, -3.175000000000000711 ) ) ;
#383 = CARTESIAN_POINT ( 'NONE',  ( -3.154514335825019167, -3.044058519295281151, 0.4159221175468010845 ) ) ;
#385 = CARTESIAN_POINT ( 'NONE',  ( -2.346600376077222272, -4.208183921630200608, -2.106646522626792972 ) ) ;
#384 = CARTESIAN_POINT ( 'NONE',  ( -2.125215121162317367, -6.178771684202590819, -2.329998354649331027 ) ) ;
#386 = CARTESIAN_POINT ( 'NONE',  ( 2.204676853109278412, -2.595534051188796987, 2.255653877762585857 ) ) ;
#387 = CARTESIAN_POINT ( 'NONE',  ( -1.046779080408561713, -5.702390732248394656, 2.975129719695559061 ) ) ;
#388 = CARTESIAN_POINT ( 'NONE',  ( 1.746943960583591915, -6.766574999999997786, -1.746943960583591471 ) ) ;
#390 = CARTESIAN_POINT ( 'NONE',  ( 1.819079442140406400, -2.323758058069470334, -2.575813959970763012 ) ) ;
#389 = CARTESIAN_POINT ( 'NONE',  ( -0.6670593007396891094, -5.231897516506155199, -3.114914684788447907 ) ) ;
#391 = DIRECTION ( 'NONE',  ( -0.000000000000000000, 1.000000000000000000, -0.000000000000000000 ) ) ;
#392 = CARTESIAN_POINT ( 'NONE',  ( 3.175026984400262098, -2.514327423507736636, -0.2064297227843553406 ) ) ;
#393 = CARTESIAN_POINT ( 'NONE',  ( -0.6720694765173248486, -4.704833915237887965, 3.081489871888634990 ) ) ;
#394 = CARTESIAN_POINT ( 'NONE',  ( -2.470551841763084955, -4.566299999999998249, -1.462747044969661094E-15 ) ) ;
#395 = CARTESIAN_POINT ( 'NONE',  ( 0.000000000000000000, 6.999999999999999112, 2.610431335024620995E-15 ) ) ;
#396 = ORIENTED_EDGE ( 'NONE', *, *, #4440, .T. ) ;
#397 = ORIENTED_EDGE ( 'NONE', *, *, #4102, .F. ) ;
#399 = CARTESIAN_POINT ( 'NONE',  ( 0.7946862496771661677, -6.178021754104257468, -3.051543013016111416 ) ) ;
#398 = CARTESIAN_POINT ( 'NONE',  ( -3.144976835258825432, -4.063361308356388868, -0.4540492674444084331 ) ) ;
#400 = PERSON_AND_ORGANIZATION ( #2072, #4707 ) ;
#401 = CARTESIAN_POINT ( 'NONE',  ( -0.2082905673526141699, -4.784796066064421538, 3.175000000000015810 ) ) ;
#402 = CARTESIAN_POINT ( 'NONE',  ( -1.165382156881759945, -2.221216708443283228, -2.962864457167582621 ) ) ;
#403 = CARTESIAN_POINT ( 'NONE',  ( -2.134450320220239838, -6.770735960021122324, 2.362130377848897123 ) ) ;
#404 = CARTESIAN_POINT ( 'NONE',  ( -2.414891183301571154, -3.210618986538071873, -2.077236698791596670 ) ) ;
#405 = CARTESIAN_POINT ( 'NONE',  ( -1.746943960583591027, -2.732737499999998043, -1.746943960583593025 ) ) ;
#406 = DIRECTION ( 'NONE',  ( 0.000000000000000000, 0.000000000000000000, 1.000000000000000000 ) ) ;
#407 = CARTESIAN_POINT ( 'NONE',  ( -0.01825552065289135981, -3.747097657063858112, 3.177633180927306622 ) ) ;
#408 = ORIENTED_EDGE ( 'NONE', *, *, #3168, .F. ) ;
#409 = CARTESIAN_POINT ( 'NONE',  ( 2.854129968254668803, -3.624266882680512225, 1.406435247782671372 ) ) ;
#410 = CARTESIAN_POINT ( 'NONE',  ( -2.709478946907126318, -2.000000000000000000, 1.655097832838606786 ) ) ;
#411 = CARTESIAN_POINT ( 'NONE',  ( -3.175038010243079523, -3.054198108175776305, 0.2062982885526169208 ) ) ;
#413 = CARTESIAN_POINT ( 'NONE',  ( -3.074550426083681121, -4.059569917186854227, 0.7008031115264797828 ) ) ;
#412 = CARTESIAN_POINT ( 'NONE',  ( 3.130972077091918049, -6.520537025273831944, -0.3786803314218392114 ) ) ;
#414 = CARTESIAN_POINT ( 'NONE',  ( 3.184786038899273031, -2.520453150554291977, -0.07878232016558589512 ) ) ;
#415 = EDGE_CURVE ( 'NONE', #98, #1647, #3564, .T. ) ;
#416 = CARTESIAN_POINT ( 'NONE',  ( -3.185634975438412120, -5.910668738664105248, 0.0008359350050610343807 ) ) ;
#417 = CARTESIAN_POINT ( 'NONE',  ( 1.023336079404099319, -2.793856249999997043, -2.470551841763084955 ) ) ;
#419 = CARTESIAN_POINT ( 'NONE',  ( 1.156291818395076998, -2.657927583288035134, 2.933691352925626106 ) ) ;
#418 = CARTESIAN_POINT ( 'NONE',  ( 1.338902890113224053, -5.685298814901391218, 2.890312948924536940 ) ) ;
#420 = CARTESIAN_POINT ( 'NONE',  ( -1.746943960583592581, -7.377762499999998447, 1.746943960583590361 ) ) ;
#421 = DIRECTION ( 'NONE',  ( -0.000000000000000000, 1.000000000000000000, 2.900479261138468265E-16 ) ) ;
#422 = CARTESIAN_POINT ( 'NONE',  ( -1.840704697424254244, -4.769998953646604534, 2.551350010223345066 ) ) ;
#423 = CARTESIAN_POINT ( 'NONE',  ( -2.470551841763085843, -4.505181249999997917, 1.023336079404096877 ) ) ;
#424 = CARTESIAN_POINT ( 'NONE',  ( -2.470551841763085399, -7.316643749999996338, 1.023336079404096655 ) ) ;
#425 = ORIENTED_EDGE ( 'NONE', *, *, #253, .F. ) ;
#427 = CARTESIAN_POINT ( 'NONE',  ( 3.129948256478774837, -6.365149906430169757, -0.3833985892906753845 ) ) ;
#426 = CARTESIAN_POINT ( 'NONE',  ( -1.513550169580348603, -4.244319362988512978, -2.802754576007855380 ) ) ;
#428 = CARTESIAN_POINT ( 'NONE',  ( -2.754872694188548632, -5.915409524938764818, 1.591912819821185821 ) ) ;
#429 = CARTESIAN_POINT ( 'NONE',  ( -2.632713957529473348, -2.128638153151652723, -1.790631935496227678 ) ) ;
#430 = DIRECTION ( 'NONE',  ( 0.000000000000000000, 1.000000000000000000, -7.703719777548942317E-32 ) ) ;
#431 = CARTESIAN_POINT ( 'NONE',  ( -2.218185439704029704, -3.238728718057175993, -2.242029363887851012 ) ) ;
#432 = CARTESIAN_POINT ( 'NONE',  ( 2.470551841763085399, -4.016231249999997921, -1.023336079404098653 ) ) ;
#433 = CARTESIAN_POINT ( 'NONE',  ( 0.2081838719329042187, -4.765434719345175374, 3.175000000000015810 ) ) ;
#434 = CARTESIAN_POINT ( 'NONE',  ( -0.3067205258950248536, -4.185256688660284219, -3.171042315963520597 ) ) ;
#435 = CARTESIAN_POINT ( 'NONE',  ( 3.073418202314150971, -3.512503037686399932, -0.8234867027653601790 ) ) ;
#436 = CARTESIAN_POINT ( 'NONE',  ( -3.012742381924523816, -3.990991709966984491, 1.023437620578014240 ) ) ;
#437 = CARTESIAN_POINT ( 'NONE',  ( -3.131336444635659522, -2.113900836433852071, -0.5848434711621263160 ) ) ;
#439 = CARTESIAN_POINT ( 'NONE',  ( -1.672299836451786259, -4.914869692665949863, 2.673282648423156882 ) ) ;
#438 = CARTESIAN_POINT ( 'NONE',  ( 3.082663043655630375, -6.524031469984841181, 0.7708589504287454153 ) ) ;
#440 = CARTESIAN_POINT ( 'NONE',  ( -0.4118370947778041136, -2.752185805020532783, 3.158950284597159097 ) ) ;
#441 = CARTESIAN_POINT ( 'NONE',  ( -2.161888449784560517, -5.783176730249485864, 2.328917165894314856 ) ) ;
#442 = CONICAL_SURFACE ( 'NONE', #1477, 3.174999999999999378, 0.6981317007977333455 ) ;
#443 = CARTESIAN_POINT ( 'NONE',  ( -1.746943960583590805, -3.588399999999997814, -1.746943960583592581 ) ) ;
#444 = ADVANCED_FACE ( 'NONE', ( #3069 ), #5247, .T. ) ;
#446 = CARTESIAN_POINT ( 'NONE',  ( 0.9499689022588736487, -3.252481620393813166, -3.006750630133223190 ) ) ;
#445 = CARTESIAN_POINT ( 'NONE',  ( 3.143079267491205808, -5.568878066617640066, 0.5177856797702553582 ) ) ;
#447 = CARTESIAN_POINT ( 'NONE',  ( 1.023336079404098431, -3.282806249999997483, 2.470551841763084067 ) ) ;
#448 = LOCAL_TIME ( 17, 20, 4.000000000000000000, #3305 ) ;
#449 = DIRECTION ( 'NONE',  ( 0.8660254037844388186, 0.000000000000000000, 0.4999999999999997780 ) ) ;
#450 = CARTESIAN_POINT ( 'NONE',  ( 1.574780325122759006, -4.589997705658961813, 2.723547383541051303 ) ) ;
#451 = CARTESIAN_POINT ( 'NONE',  ( -0.2072798755014767791, -3.755935755054483405, 3.174999999999999822 ) ) ;
#452 = CARTESIAN_POINT ( 'NONE',  ( -1.023336079404097543, -4.627418749999997694, -2.470551841763085399 ) ) ;
#453 = VERTEX_POINT ( 'NONE', #4326 ) ;
#455 = CARTESIAN_POINT ( 'NONE',  ( 7.025315519256028786E-14, -3.257349587359799514, -3.175000000000000266 ) ) ;
#454 = CARTESIAN_POINT ( 'NONE',  ( 2.283029808937862448, -4.651037894426697683, 2.221272307115654154 ) ) ;
#456 = CARTESIAN_POINT ( 'NONE',  ( -3.154566150369094046, -4.999887242007746480, 0.4153256962184502799 ) ) ;
#457 = CARTESIAN_POINT ( 'NONE',  ( -0.8232255512360876493, -5.172944232087070660, -3.073384653021634438 ) ) ;
#458 = CARTESIAN_POINT ( 'NONE',  ( 2.470551841763083178, -4.994131249999997912, 1.023336079404100207 ) ) ;
#459 = CARTESIAN_POINT ( 'NONE',  ( 3.090385481751684260, -3.590248452522741385, 0.7722778670962442416 ) ) ;
#460 = CARTESIAN_POINT ( 'NONE',  ( -2.470551841763085843, -3.527281249999997481, 1.023336079404096877 ) ) ;
#461 = SPHERICAL_SURFACE ( 'NONE', #3645, 3.250000000001644906 ) ;
#462 = CARTESIAN_POINT ( 'NONE',  ( -3.086508763785919207, -3.916745477644453466, 0.7889065923544541503 ) ) ;
#463 = CARTESIAN_POINT ( 'NONE',  ( 2.525227161030022316, -3.399364421160140370, -1.935672455612605702 ) ) ;
#464 = CARTESIAN_POINT ( 'NONE',  ( -1.023337072508538226, -3.847886003971944913, 3.012672108858376330 ) ) ;
#465 = CARTESIAN_POINT ( 'NONE',  ( -2.026605151900472190, -2.003057805478520415, 2.402870998298862748 ) ) ;
#467 = CARTESIAN_POINT ( 'NONE',  ( -3.139150715995627117, -4.107870345832193237, -0.2979059439961308509 ) ) ;
#466 = CARTESIAN_POINT ( 'NONE',  ( 2.945821862074478492, -6.595241391476145409, 1.125771350447628327 ) ) ;
#468 = CARTESIAN_POINT ( 'NONE',  ( -2.634508639294072641, -2.870143937093694309, 1.719596152705004322 ) ) ;
#469 = CARTESIAN_POINT ( 'NONE',  ( -0.2925033934683041736, -6.125143642650284548, -3.140326799409416392 ) ) ;
#470 = CARTESIAN_POINT ( 'NONE',  ( 1.746943960583590583, -4.077349999999997365, 1.746943960583591693 ) ) ;
#471 = ORIENTED_EDGE ( 'NONE', *, *, #19, .F. ) ;
#473 = CARTESIAN_POINT ( 'NONE',  ( -3.132691159223118138, -2.943623424839059588, 0.3606011844951207412 ) ) ;
#472 = CARTESIAN_POINT ( 'NONE',  ( 2.688699339070049987, -5.455460852554715245, -1.708024923229847891 ) ) ;
#474 = CARTESIAN_POINT ( 'NONE',  ( 0.9360220900334069727, -2.472975018329524488, 2.622482351834241943 ) ) ;
#475 = CARTESIAN_POINT ( 'NONE',  ( -0.2672170628296392514, -6.794343881934018725, 3.135949761517638823 ) ) ;
#476 = CARTESIAN_POINT ( 'NONE',  ( -1.857086420259533632, -4.821993368579930106, 2.578540315848253162 ) ) ;
#477 = CARTESIAN_POINT ( 'NONE',  ( 3.174999999999999822, -7.438881249999998779, -1.315128060534576981 ) ) ;
#478 = VERTEX_POINT ( 'NONE', #4689 ) ;
#480 = CARTESIAN_POINT ( 'NONE',  ( -0.8248670881952153700, -3.217061005649395344, -3.073023578214268525 ) ) ;
#479 = CARTESIAN_POINT ( 'NONE',  ( 2.974281812047876450, -4.623166552434143206, 1.140485881316751993 ) ) ;
#481 = CARTESIAN_POINT ( 'NONE',  ( -1.592175662962863392, 1.315296942635408417, -3.122208836718601166 ) ) ;
#482 = CALENDAR_DATE ( 2026, 3, 1 ) ;
#483 = CARTESIAN_POINT ( 'NONE',  ( 1.681876454419006350, -7.072136415908980567, -2.331866384339705167 ) ) ;
#484 = CARTESIAN_POINT ( 'NONE',  ( 0.2816479797964410725, -2.839528623375211502, -2.470551841763085399 ) ) ;
#485 = EDGE_CURVE ( 'NONE', #2031, #850, #1349, .T. ) ;
#486 = CARTESIAN_POINT ( 'NONE',  ( -1.746943960583592359, -6.277624999999997790, 1.746943960583590361 ) ) ;
#487 = CARTESIAN_POINT ( 'NONE',  ( -1.165420134907410254, -3.285712347428633606, -2.964527288037682951 ) ) ;
#488 = CARTESIAN_POINT ( 'NONE',  ( -2.470551841763084955, -2.610499999999997378, -1.462747044969661094E-15 ) ) ;
#489 = DIRECTION ( 'NONE',  ( 0.000000000000000000, -0.000000000000000000, -1.000000000000000000 ) ) ;
#490 = CARTESIAN_POINT ( 'NONE',  ( -3.143769597594296084, -3.944238543472259551, -0.1190152658638624350 ) ) ;
#491 = CARTESIAN_POINT ( 'NONE',  ( 0.4150511356473412516, -3.327939723772173064, -3.154559086538548218 ) ) ;
#492 = CARTESIAN_POINT ( 'NONE',  ( -2.853176848139847621, -4.113321242935685795, -1.408285876103492429 ) ) ;
#493 = CARTESIAN_POINT ( 'NONE',  ( 2.287650165933420965, -2.490791000595700577, -2.216535058139069481 ) ) ;
#494 = CARTESIAN_POINT ( 'NONE',  ( 2.919481869840377719, -5.620970798081874165, 1.192179288982607721 ) ) ;
#495 = CARTESIAN_POINT ( 'NONE',  ( -2.333174903513477894, -3.075577742386266245, -2.110422923952572027 ) ) ;
#496 = CARTESIAN_POINT ( 'NONE',  ( -1.303997405041655622, -6.089618406351800850, -2.906563816339475359 ) ) ;
#497 = CARTESIAN_POINT ( 'NONE',  ( -1.023336079404100429, -4.260706249999998363, 2.470551841763083178 ) ) ;
#498 = ORIENTED_EDGE ( 'NONE', *, *, #4334, .T. ) ;
#500 = CARTESIAN_POINT ( 'NONE',  ( 0.000000000000000000, -2.000000000000000000, 2.168404344971008868E-15 ) ) ;
#499 = CARTESIAN_POINT ( 'NONE',  ( 2.510108012835516433, -5.662586989291173545, 1.909196982093265493 ) ) ;
#501 = CARTESIAN_POINT ( 'NONE',  ( 1.023336079404099319, -2.916093749999997708, -2.470551841763085399 ) ) ;
#502 = CARTESIAN_POINT ( 'NONE',  ( -3.113551200687959319, -2.007044588916049754, -0.5028935266429348516 ) ) ;
#503 = CARTESIAN_POINT ( 'NONE',  ( -3.183119232165080970, -4.939027451189113016, -0.1260683687181670121 ) ) ;
#504 = DIRECTION ( 'NONE',  ( 5.827127624625124689E-17, -0.8795420967331791795, 0.4758210798968481314 ) ) ;
#505 = ORIENTED_EDGE ( 'NONE', *, *, #1798, .T. ) ;
#507 = CARTESIAN_POINT ( 'NONE',  ( -2.024133595248524653, -6.737002250431483041, 2.418015477283327108 ) ) ;
#506 = CARTESIAN_POINT ( 'NONE',  ( 3.131095925640670519, -4.564850079747114542, -0.3763229236440147618 ) ) ;
#508 = CARTESIAN_POINT ( 'NONE',  ( 0.000000000000000000, 5.754792120177906867, 2.168404344971008868E-15 ) ) ;
#509 = DATE_TIME_ROLE ( 'classification_date' ) ;
#510 = CARTESIAN_POINT ( 'NONE',  ( 2.679266233216210047, -7.137393322067936197, -0.8473358741926438897 ) ) ;
#511 = SPHERICAL_SURFACE ( 'NONE', #870, 0.8726039399110456785 ) ;
#512 = CARTESIAN_POINT ( 'NONE',  ( 2.470551841763083178, -4.016231249999997033, 1.023336079404100207 ) ) ;
#513 = EDGE_CURVE ( 'NONE', #4513, #2031, #4339, .T. ) ;
#514 = CARTESIAN_POINT ( 'NONE',  ( 0.3584111462938956438, -3.360770143486625283, -3.165219947534518852 ) ) ;
#515 = CARTESIAN_POINT ( 'NONE',  ( -3.174999999999999378, -5.972031249999996128, -1.315128060534578092 ) ) ;
#516 = DIRECTION ( 'NONE',  ( -0.000000000000000000, 1.000000000000000000, 2.900479261138468265E-16 ) ) ;
#517 = CARTESIAN_POINT ( 'NONE',  ( -3.060643588293221029, -3.976005662939608776, -0.7613638912632789690 ) ) ;
#518 = CARTESIAN_POINT ( 'NONE',  ( 2.853142695567720377, -3.430183457363315203, -1.408439585475403710 ) ) ;
#519 = CARTESIAN_POINT ( 'NONE',  ( -0.8228823504099613828, -4.245959853702195197, -3.073611827402394692 ) ) ;
#520 = CARTESIAN_POINT ( 'NONE',  ( -1.280486270811157290, -2.301548467740864634, -2.916925124529048396 ) ) ;
#521 = CARTESIAN_POINT ( 'NONE',  ( -1.019095119724030329, -5.856060878140333159, 2.984291273499491304 ) ) ;
#522 = CARTESIAN_POINT ( 'NONE',  ( -3.183544061197483011, -3.018365231728443732, -0.1146386327423413454 ) ) ;
#523 = CARTESIAN_POINT ( 'NONE',  ( -2.260013197350108527, -6.032238053257768406, -2.233790390218596489 ) ) ;
#524 = CARTESIAN_POINT ( 'NONE',  ( 1.023336079404099319, -4.749656249999996582, -2.470551841763084955 ) ) ;
#526 = CARTESIAN_POINT ( 'NONE',  ( -2.466488361834530352, -2.088252538830861038, -1.964866974539303923 ) ) ;
#525 = CARTESIAN_POINT ( 'NONE',  ( 2.918032390291743550, -5.607605795692862216, 1.257895387230582918 ) ) ;
#527 = CARTESIAN_POINT ( 'NONE',  ( -0.2532349139925139658, -2.839528623375212391, -2.457539110812720917 ) ) ;
#528 = CARTESIAN_POINT ( 'NONE',  ( 0.000000000000000000, 5.754792120177907755, 2.249261371901603189E-15 ) ) ;
#529 = AXIS2_PLACEMENT_3D ( 'NONE', #2507, #4476, #3294 ) ;
#530 = CARTESIAN_POINT ( 'NONE',  ( -2.568845467275298500, -5.012984197185121005, -1.816216052327802810 ) ) ;
#531 = CARTESIAN_POINT ( 'NONE',  ( -2.523341634845467585, -4.093403860694654561, -1.938288348495207591 ) ) ;
#533 = CARTESIAN_POINT ( 'NONE',  ( -1.804442267841857239, -5.745524384103241289, 2.585923055221375222 ) ) ;
#532 = CARTESIAN_POINT ( 'NONE',  ( 3.055842992987638063, -4.574728487452579095, 0.8995719209683398221 ) ) ;
#534 = CARTESIAN_POINT ( 'NONE',  ( 1.144401025603482370E-15, 0.6204091765964134808, -4.041451884327381450 ) ) ;
#535 = DIRECTION ( 'NONE',  ( 0.000000000000000000, 1.000000000000000000, -7.703719777548943412E-32 ) ) ;
#536 = CARTESIAN_POINT ( 'NONE',  ( 1.023336079404099319, -3.771756249999997035, -2.470551841763084955 ) ) ;
#537 = CARTESIAN_POINT ( 'NONE',  ( 3.185323228037597598, -3.588664999218014184, 0.001422054360678069295 ) ) ;
#538 = CARTESIAN_POINT ( 'NONE',  ( 2.245064030267287070, -4.566299999999995585, 2.245064030267288846 ) ) ;
#539 = CYLINDRICAL_SURFACE ( 'NONE', #608, 0.7500000000000001110 ) ;
#540 = CARTESIAN_POINT ( 'NONE',  ( 0.8321533207247092667, -3.297633925191625348, -3.091817198129723110 ) ) ;
#541 = CARTESIAN_POINT ( 'NONE',  ( -3.011282567541873956, -2.207150789046626649, 0.1016660096579434930 ) ) ;
#542 = CARTESIAN_POINT ( 'NONE',  ( -1.032103561600970609, -2.330855252149322876, -2.979995647613089105 ) ) ;
#543 = CARTESIAN_POINT ( 'NONE',  ( -1.757780437789527195, -5.223454769824189547, -2.618128388251089955 ) ) ;
#544 = CARTESIAN_POINT ( 'NONE',  ( -2.425741032753341742, -2.867394536921595627, 2.052660080694416855 ) ) ;
#545 = CARTESIAN_POINT ( 'NONE',  ( -2.236958347912517464, -6.015822488579009253, -2.212117970193823613 ) ) ;
#546 = CARTESIAN_POINT ( 'NONE',  ( -1.033928862999106603E-15, -2.243787499999996715, 2.470551841763084067 ) ) ;
#548 = CARTESIAN_POINT ( 'NONE',  ( -2.301467055049922106, -2.100094581393569637, -2.155540624014186335 ) ) ;
#547 = CARTESIAN_POINT ( 'NONE',  ( -3.171496313648960452, -6.042353547395470592, -0.1965823379607175014 ) ) ;
#549 = CARTESIAN_POINT ( 'NONE',  ( -2.470551841763084511, -3.649518749999997702, -1.023336079404099985 ) ) ;
#550 = FACE_OUTER_BOUND ( 'NONE', #78, .T. ) ;
#551 = CARTESIAN_POINT ( 'NONE',  ( 0.6097198620374435496, -5.242577771340612536, -3.118639013758126133 ) ) ;
#552 = CARTESIAN_POINT ( 'NONE',  ( 3.174999999999999822, -3.588399999999999590, 0.000000000000000000 ) ) ;
#554 = CARTESIAN_POINT ( 'NONE',  ( -2.665575469694098310, -5.806082508875531900, 1.684772277397319051 ) ) ;
#553 = CARTESIAN_POINT ( 'NONE',  ( 2.716664388342416636, -4.665522559809279102, 1.586474865184619221 ) ) ;
#555 = CARTESIAN_POINT ( 'NONE',  ( -2.950707972672042878, 0.9634770311718136027, -2.337859842005201028 ) ) ;
#556 = CARTESIAN_POINT ( 'NONE',  ( 1.398940389763931647, -7.272565564734851051, 2.280200596420380421 ) ) ;
#557 = CARTESIAN_POINT ( 'NONE',  ( -1.033928862999106603E-15, -4.199587499999997142, 2.470551841763084067 ) ) ;
#558 = ORIENTED_EDGE ( 'NONE', *, *, #873, .F. ) ;
#559 = CARTESIAN_POINT ( 'NONE',  ( -0.4134417160445444384, -3.288573613449042643, -3.150599200614511819 ) ) ;
#560 = CARTESIAN_POINT ( 'NONE',  ( 3.182945403174238130, -6.516085082256521055, -0.1261396508482307555 ) ) ;
#561 = CARTESIAN_POINT ( 'NONE',  ( -3.174999999999999378, -4.016231249999995256, -1.315128060534578092 ) ) ;
#562 = CARTESIAN_POINT ( 'NONE',  ( 0.000000000000000000, 3.273303347887301484, 1.529510699823916731E-15 ) ) ;
#563 = CARTESIAN_POINT ( 'NONE',  ( -1.752081239918135802, -2.767458407976942425, -1.833997159077151329 ) ) ;
#564 = CARTESIAN_POINT ( 'NONE',  ( -2.492178844354739908, -2.033037947429850778, 1.922250650805801264 ) ) ;
#565 = CARTESIAN_POINT ( 'NONE',  ( -2.891976661274487714, -2.188189669390274261, -1.316687925513595925 ) ) ;
#566 = CARTESIAN_POINT ( 'NONE',  ( 2.556403412604668191, -5.658725965733466978, 1.846116491656341729 ) ) ;
#567 = CARTESIAN_POINT ( 'NONE',  ( 2.990298612576953730, -3.555352110363028117, 1.075065209797119392 ) ) ;
#568 = CARTESIAN_POINT ( 'NONE',  ( 1.235287217504279500, -6.217555168973934343, -2.927745977538227073 ) ) ;
#569 = CARTESIAN_POINT ( 'NONE',  ( 2.097452219638962667, -5.376597328465984482, -2.392590649780535816 ) ) ;
#570 = EDGE_CURVE ( 'NONE', #50, #2826, #1246, .T. ) ;
#572 = CARTESIAN_POINT ( 'NONE',  ( -2.383582052231205672, -2.249613083365541222, -2.064544672318447294 ) ) ;
#571 = CARTESIAN_POINT ( 'NONE',  ( -3.153683092791569997, -6.011903790671921044, 0.4483419509186030161 ) ) ;
#573 = CARTESIAN_POINT ( 'NONE',  ( -1.746943960583591027, -5.666437499999998018, -1.746943960583593025 ) ) ;
#574 = CARTESIAN_POINT ( 'NONE',  ( -2.523375427837436291, -2.101614131176733569, -1.931377277201821840 ) ) ;
#575 = CARTESIAN_POINT ( 'NONE',  ( -3.162131492530460442, -4.951275888499058198, -0.3876582308919360176 ) ) ;
#576 = CARTESIAN_POINT ( 'NONE',  ( -1.315128060534576537, -6.216506250000000122, -3.175000000000000266 ) ) ;
#578 = CARTESIAN_POINT ( 'NONE',  ( 2.435391673332496065, -5.297702279350591681, -2.003374601112897224 ) ) ;
#577 = CARTESIAN_POINT ( 'NONE',  ( -2.475263049677665972, -4.966987959771365091, 1.954058452817287517 ) ) ;
#579 = CARTESIAN_POINT ( 'NONE',  ( -2.045522002469681411, -7.471023158236208772, -1.385447992618776381 ) ) ;
#580 = CARTESIAN_POINT ( 'NONE',  ( -2.951036411345500099, 0.9632531356973814685, 2.337670217848669907 ) ) ;
#581 = CARTESIAN_POINT ( 'NONE',  ( -2.470551841763084955, -6.522099999999997344, -1.462747044969661094E-15 ) ) ;
#582 = ORIENTED_EDGE ( 'NONE', *, *, #5072, .T. ) ;
#583 = CARTESIAN_POINT ( 'NONE',  ( -1.830278164517395556, -3.946423257723608913, 2.568453210787459362 ) ) ;
#584 = CARTESIAN_POINT ( 'NONE',  ( 3.153368939287697792, -6.505055678160975852, 0.3917612844404458894 ) ) ;
#585 = CARTESIAN_POINT ( 'NONE',  ( -3.175000000000000711, -6.827693749999996342, 1.315128060534574983 ) ) ;
#586 = CARTESIAN_POINT ( 'NONE',  ( -1.022696605975520479, -6.971899999207965770, -2.791022819613004025 ) ) ;
#587 = CARTESIAN_POINT ( 'NONE',  ( -0.3313410710182368990, -2.522633503789856402, 2.721291005801063090 ) ) ;
#588 = CARTESIAN_POINT ( 'NONE',  ( -3.073459940130807144, -2.972667943905005661, 0.8232845346582071677 ) ) ;
#589 = CARTESIAN_POINT ( 'NONE',  ( -2.447918859353157117, -2.020775883969534004, 1.994476513712841959 ) ) ;
#590 = ORIENTED_EDGE ( 'NONE', *, *, #4223, .F. ) ;
#591 = CARTESIAN_POINT ( 'NONE',  ( 1.903744608046390896, -2.430787916305296559, -2.553840524408689916 ) ) ;
#592 = CARTESIAN_POINT ( 'NONE',  ( 2.398852736489812454, -5.671197307686318467, 2.046601990800323456 ) ) ;
#593 = CC_DESIGN_DATE_AND_TIME_ASSIGNMENT ( #4097, #509, ( #277 ) ) ;
#594 = CARTESIAN_POINT ( 'NONE',  ( -0.6951151784861651084, -3.188114634043497819, -3.109123263782048951 ) ) ;
#595 = CARTESIAN_POINT ( 'NONE',  ( 3.153423589912023317, -6.380552622795394591, -0.06501122540244987091 ) ) ;
#596 = CARTESIAN_POINT ( 'NONE',  ( -2.609384963075205133E-14, -5.702099587359797717, 3.174999999999999378 ) ) ;
#598 = CARTESIAN_POINT ( 'NONE',  ( -0.5668385015431111063, -2.199923204359379714, -3.102151951504974914 ) ) ;
#597 = CARTESIAN_POINT ( 'NONE',  ( -2.579150795435387611, -5.934804375618593753, 1.869356541813093742 ) ) ;
#599 = CARTESIAN_POINT ( 'NONE',  ( 2.470551841763085399, -5.972031249999998792, -1.023336079404098653 ) ) ;
#600 = CARTESIAN_POINT ( 'NONE',  ( 1.339320586053898809, -2.839528623375212835, -2.095180637653909272 ) ) ;
#601 = CARTESIAN_POINT ( 'NONE',  ( -0.3068918033148063662, -2.229444989162878699, -3.170848049369621613 ) ) ;
#602 = CARTESIAN_POINT ( 'NONE',  ( -1.635134058484203567, -5.075598057216596182, -2.696978073186678593 ) ) ;
#603 = CARTESIAN_POINT ( 'NONE',  ( 3.174999999999999822, -6.460981249999998788, -1.315128060534576981 ) ) ;
#604 = EDGE_CURVE ( 'NONE', #4454, #620, #1515, .T. ) ;
#606 = CARTESIAN_POINT ( 'NONE',  ( -2.346424389015971279, -4.802383335417023780, 2.106803662791132403 ) ) ;
#605 = CARTESIAN_POINT ( 'NONE',  ( -1.277375242229139340, -4.892245049909687005, 2.883476222506636155 ) ) ;
#607 = CARTESIAN_POINT ( 'NONE',  ( 0.2068768971858286065, -2.339980346405152289, -3.175000000000963496 ) ) ;
#608 = AXIS2_PLACEMENT_3D ( 'NONE', #4658, #5134, #917 ) ;
#609 = CARTESIAN_POINT ( 'NONE',  ( 1.023550636379733980, -6.292646134123817347, -3.012661296902111374 ) ) ;
#610 = CARTESIAN_POINT ( 'NONE',  ( -3.151873283697278261, -3.971549136257639390, 0.4042206957362327602 ) ) ;
#611 = CARTESIAN_POINT ( 'NONE',  ( 2.470551841763084955, -7.011049999999998228, 0.000000000000000000 ) ) ;
#612 = CONICAL_SURFACE ( 'NONE', #529, 3.174999999999999378, 0.6981317007977333455 ) ;
#613 = CARTESIAN_POINT ( 'NONE',  ( -1.169301457005520017, -3.891297615400467702, 2.963014321782602600 ) ) ;
#614 = CARTESIAN_POINT ( 'NONE',  ( -8.411305411250775884E-15, -6.191049587359796824, -3.175000000000000266 ) ) ;
#615 = CARTESIAN_POINT ( 'NONE',  ( 1.315128060534577648, -7.194406249999995673, -3.174999999999999822 ) ) ;
#616 = CARTESIAN_POINT ( 'NONE',  ( -2.426062149576721616, -7.471023158236911321, 0.4667428084396666454 ) ) ;
#617 = CARTESIAN_POINT ( 'NONE',  ( -2.486257504612005231, -2.643042991070349679, 0.8895039752592031057 ) ) ;
#618 = CARTESIAN_POINT ( 'NONE',  ( -0.2087972884248938954, -2.778106297577482398, 3.175000000001983125 ) ) ;
#619 = CARTESIAN_POINT ( 'NONE',  ( -2.446581193405018340, -2.019169224708057264, 1.998245515487159896 ) ) ;
#620 = VERTEX_POINT ( 'NONE', #3341 ) ;
#621 = CARTESIAN_POINT ( 'NONE',  ( 2.872158966666000346, -2.680348784511480620, 1.377531576711689132 ) ) ;
#622 = CARTESIAN_POINT ( 'NONE',  ( 2.909209429864219931, -6.600224967295345913, 1.216772607722139909 ) ) ;
#623 = CARTESIAN_POINT ( 'NONE',  ( 0.08624761584350966459, -3.209100610794720865, -3.152761308506910609 ) ) ;
#624 = CARTESIAN_POINT ( 'NONE',  ( 1.577975840563165200, -6.545788726289058168, 2.730804132020496766 ) ) ;
#625 = CARTESIAN_POINT ( 'NONE',  ( 2.525375258548604673, -5.406079458045004671, -1.935454383935056422 ) ) ;
#627 = CARTESIAN_POINT ( 'NONE',  ( -2.544697701889855335, -3.016850662424227725, 1.862190152043408542 ) ) ;
#626 = CARTESIAN_POINT ( 'NONE',  ( -2.222448183102873287, -5.926668229072539873, 2.237457973627872576 ) ) ;
#628 = CARTESIAN_POINT ( 'NONE',  ( 7.313735224848305469E-16, -4.810774999999997803, -2.470551841763085399 ) ) ;
#629 = CARTESIAN_POINT ( 'NONE',  ( -1.022481296329547984, -5.162525201826341004, -3.013136030668977838 ) ) ;
#630 = CARTESIAN_POINT ( 'NONE',  ( -1.060811963072540109, -2.174173494178577304, -2.970411446711711534 ) ) ;
#631 = CARTESIAN_POINT ( 'NONE',  ( 3.034931473285061188, -5.374247410486628240, -0.9686903926880416904 ) ) ;
#632 = CARTESIAN_POINT ( 'NONE',  ( -2.245064030267287514, -5.177487499999999798, -2.245064030267289290 ) ) ;
#633 = ORIENTED_EDGE ( 'NONE', *, *, #183, .F. ) ;
#635 = CARTESIAN_POINT ( 'NONE',  ( 2.755996074652415917, -5.484960296748808695, 1.532147600221615225 ) ) ;
#634 = CARTESIAN_POINT ( 'NONE',  ( -3.000128559713497456, -4.966435593820128780, 1.071056647779215165 ) ) ;
#636 = CARTESIAN_POINT ( 'NONE',  ( 3.154363750042202152, -2.555082547439496476, -0.4164185472244530395 ) ) ;
#637 = FACE_OUTER_BOUND ( 'NONE', #3142, .T. ) ;
#638 = CARTESIAN_POINT ( 'NONE',  ( 3.036868722842512636, -4.527105681335570786, 0.9620989963982674587 ) ) ;
#639 = CARTESIAN_POINT ( 'NONE',  ( -2.470551841763085843, -6.460981249999997900, 1.023336079404096877 ) ) ;
#640 = ORIENTED_EDGE ( 'NONE', *, *, #5258, .F. ) ;
#641 = CARTESIAN_POINT ( 'NONE',  ( 1.571585359406248550, -3.752058237541264329, 2.770857434312959722 ) ) ;
#642 = CARTESIAN_POINT ( 'NONE',  ( 1.022291473573753162, -6.241684689076395287, -3.013149276227291562 ) ) ;
#643 = CARTESIAN_POINT ( 'NONE',  ( -0.8249869447801737588, -5.223750717054627124, -3.073023913157027387 ) ) ;
#644 = EDGE_CURVE ( 'NONE', #319, #4893, #4048, .T. ) ;
#645 = CARTESIAN_POINT ( 'NONE',  ( 3.500000000000001332, 0.6204091765858608110, 2.020725942163689837 ) ) ;
#646 = CARTESIAN_POINT ( 'NONE',  ( -0.08447287380738335849, -2.839528623375211058, -2.470551841763085399 ) ) ;
#647 = CARTESIAN_POINT ( 'NONE',  ( -2.470551841763085399, -5.360843749999997243, 1.023336079404096655 ) ) ;
#648 = VERTEX_POINT ( 'NONE', #3754 ) ;
#649 = CARTESIAN_POINT ( 'NONE',  ( 0.2209690209416571849, -2.808993889823492740, 3.177757503093178837 ) ) ;
#650 = B_SPLINE_CURVE_WITH_KNOTS ( 'NONE', 3,
 ( #3554, #5285, #3115, #643, #5212, #1507, #3173, #4181, #2546, #827, #1291, #4098, #3744, #2434, #1582, #4209, #4997, #2838, #456, #1997, #5367, #2024, #4540, #770, #2488, #373, #3248, #2894, #3277, #2922, #1638, #4568, #401, #4971 ),
 .UNSPECIFIED., .F., .F.,
 ( 4, 2, 2, 2, 2, 2, 2, 2, 2, 2, 2, 2, 2, 2, 2, 2, 4 ),
 ( 0.03099277742876345443, 0.03162295170567449437, 0.03225312598258553431, 0.03288330025949657426, 0.03351347453640761420, 0.03414364881331865414, 0.03477382309022969409, 0.03540399736714073403, 0.03603417164405177398, 0.03666434592096281392, 0.03729452019787385386, 0.03792469447478489381, 0.03855486875169593375, 0.03918504302860697369, 0.03981521730551801364, 0.04044539158242905358, 0.04107556585934009352 ),
 .UNSPECIFIED. ) ;
#651 = CARTESIAN_POINT ( 'NONE',  ( 0.1876666127269274176, -6.774306773494358502, 3.147889038823391328 ) ) ;
#652 = CARTESIAN_POINT ( 'NONE',  ( 3.031918749055782403, -3.513131059264532396, 0.9513887370618893113 ) ) ;
#653 = CARTESIAN_POINT ( 'NONE',  ( 2.839686363277078573, -6.509081698649051617, 1.443666397544249858 ) ) ;
#654 = CARTESIAN_POINT ( 'NONE',  ( 1.746943960583591915, -1.877074999999997162, -1.746943960583591471 ) ) ;
#656 = CARTESIAN_POINT ( 'NONE',  ( 2.088381458502164723, -3.736115874126288539, 2.362558149580427536 ) ) ;
#655 = CARTESIAN_POINT ( 'NONE',  ( -3.160834811137050337, -6.012912428811032939, -0.3261266034761984289 ) ) ;
#657 = CARTESIAN_POINT ( 'NONE',  ( 1.023336079404099319, -7.805593749999998110, -2.470551841763085399 ) ) ;
#658 = CARTESIAN_POINT ( 'NONE',  ( -3.177023167587805119, -2.089748000509893178, -0.08219643876822096962 ) ) ;
#659 = CARTESIAN_POINT ( 'NONE',  ( 0.4739369124947866996, -2.250072594997675424, -3.118067025965544747 ) ) ;
#660 = CARTESIAN_POINT ( 'NONE',  ( 3.147826544085290834, -5.396146301815719859, -0.1976474620778500002 ) ) ;
#661 = CARTESIAN_POINT ( 'NONE',  ( -3.174999999999999378, -6.094268749999999457, -1.315128060534578092 ) ) ;
#663 = CARTESIAN_POINT ( 'NONE',  ( 1.100815961102062923, -4.616743272890440508, 2.954859649565929836 ) ) ;
#662 = CARTESIAN_POINT ( 'NONE',  ( -3.133888461554818594, -5.027896003870451658, 0.5715676858418431427 ) ) ;
#664 = CARTESIAN_POINT ( 'NONE',  ( 1.023138394982104238, -2.381025223169463967, -3.012752504654228503 ) ) ;
#665 = CARTESIAN_POINT ( 'NONE',  ( 3.154700267523532720, -6.466769808247717854, -0.4146806130617006758 ) ) ;
#666 = CARTESIAN_POINT ( 'NONE',  ( 2.854250436657991941, -4.359874375430063509, -1.323175523734498871 ) ) ;
#667 = CARTESIAN_POINT ( 'NONE',  ( 1.746943960583590805, -7.133287499999998005, 1.746943960583591915 ) ) ;
#668 = CARTESIAN_POINT ( 'NONE',  ( 3.018426723601067341, -3.603061104580056018, 1.018194790637285463 ) ) ;
#669 = DIRECTION ( 'NONE',  ( -0.000000000000000000, 1.000000000000000000, -0.000000000000000000 ) ) ;
#670 = CARTESIAN_POINT ( 'NONE',  ( 2.515138556967575933, 1.160472922471983415, -2.589335961412945419 ) ) ;
#671 = CARTESIAN_POINT ( 'NONE',  ( -2.870873586390883414, -6.883802716182843895, -1.084195434216491671 ) ) ;
#672 = CARTESIAN_POINT ( 'NONE',  ( -2.098551703586396755, -2.881005756644751337, 2.391552453354016006 ) ) ;
#673 = CARTESIAN_POINT ( 'NONE',  ( -2.470551841763085399, -6.338743749999998123, 1.023336079404096655 ) ) ;
#674 = ORIENTED_EDGE ( 'NONE', *, *, #3251, .T. ) ;
#675 = EDGE_CURVE ( 'NONE', #2918, #241, #4482, .T. ) ;
#676 = CARTESIAN_POINT ( 'NONE',  ( 1.679965317898772348, -2.767878810856671645, 2.706305911710780610 ) ) ;
#677 = DIRECTION ( 'NONE',  ( 0.4999999999999999445, 6.671617030993990502E-32, 0.8660254037844387076 ) ) ;
#678 = CARTESIAN_POINT ( 'NONE',  ( 2.676267204424294999, -3.362293286462449515, -1.668732337972771429 ) ) ;
#679 = CARTESIAN_POINT ( 'NONE',  ( 1.594593579531070615, -6.562200265581849656, 2.757831715148789442 ) ) ;
#680 = CARTESIAN_POINT ( 'NONE',  ( 1.937223333956161975, -5.599544314831874203, 2.524031821383111662 ) ) ;
#682 = CARTESIAN_POINT ( 'NONE',  ( 3.097309158200270751, -3.576148949993827486, -0.5924389404967410622 ) ) ;
#681 = CARTESIAN_POINT ( 'NONE',  ( 2.977235514052477328, -6.429992405614301632, -1.132433241041983285 ) ) ;
#683 = CARTESIAN_POINT ( 'NONE',  ( 2.470551841763084955, -7.011049999999998228, 0.000000000000000000 ) ) ;
#684 = CARTESIAN_POINT ( 'NONE',  ( -1.315373507371782047, -2.213062863903110689, -2.901398002768229123 ) ) ;
#685 = CARTESIAN_POINT ( 'NONE',  ( 2.995298485336988392, -5.475823842834225630, 1.084536272267819124 ) ) ;
#686 = CARTESIAN_POINT ( 'NONE',  ( 7.745085315923348724E-16, -1.388124999999999609, -3.175000000000000266 ) ) ;
#688 = CARTESIAN_POINT ( 'NONE',  ( 2.770909055612357452, -4.505497081729821218, 1.505023832157768249 ) ) ;
#687 = CARTESIAN_POINT ( 'NONE',  ( -3.169518593276305918, -5.040381650136228409, 0.3176649564402633241 ) ) ;
#689 = CARTESIAN_POINT ( 'NONE',  ( -0.5762433653728550320, -7.351822788708439305, 2.529019132024155514 ) ) ;
#690 = FACE_OUTER_BOUND ( 'NONE', #5311, .T. ) ;
#691 = CARTESIAN_POINT ( 'NONE',  ( 1.886996770422326053, -4.283884111787351401, -2.517300524563828912 ) ) ;
#692 = CARTESIAN_POINT ( 'NONE',  ( -2.470551841763085399, -2.427143749999997269, 1.023336079404096655 ) ) ;
#693 = AXIS2_PLACEMENT_3D ( 'NONE', #1052, #3201, #3612 ) ;
#694 = ORIENTED_EDGE ( 'NONE', *, *, #2002, .F. ) ;
#695 = CARTESIAN_POINT ( 'NONE',  ( 0.3471682725268576686, -3.832709360747472704, 3.126769127968714201 ) ) ;
#696 = CARTESIAN_POINT ( 'NONE',  ( 1.407775169560890216, -6.262673237670907334, -2.853474634500620777 ) ) ;
#697 = CARTESIAN_POINT ( 'NONE',  ( -3.175000000000000711, -2.916093749999996376, 1.315128060534574983 ) ) ;
#698 = CARTESIAN_POINT ( 'NONE',  ( 3.500000000000000888, 1.316223360495557326, 0.06370696831553800121 ) ) ;
#699 = CARTESIAN_POINT ( 'NONE',  ( 2.470551841763083178, -3.038331249999997929, 1.023336079404100207 ) ) ;
#700 = DIRECTION ( 'NONE',  ( 0.000000000000000000, -2.900479261138468265E-16, 1.000000000000000000 ) ) ;
#701 = CARTESIAN_POINT ( 'NONE',  ( 3.059689874536955401, -2.567075771484160995, -0.8866264594979648139 ) ) ;
#702 = CARTESIAN_POINT ( 'NONE',  ( 0.000000000000000000, -2.000000000000000000, -3.174999999999997158 ) ) ;
#703 = CARTESIAN_POINT ( 'NONE',  ( -2.800684382835350483, -3.913017159731393413, 1.518312770734349781 ) ) ;
#704 = CARTESIAN_POINT ( 'NONE',  ( 2.893909311133579187, -6.332561823280523861, -1.331711716669956358 ) ) ;
#705 = CARTESIAN_POINT ( 'NONE',  ( 0.2084742995173930469, -5.222841282249690131, -3.175000000001974687 ) ) ;
#707 = CARTESIAN_POINT ( 'NONE',  ( 1.009911597320370058, -3.798888492981072673, 2.987275495353388877 ) ) ;
#706 = CARTESIAN_POINT ( 'NONE',  ( 1.463984266144973123, -6.352321327001111406, -2.829053750568438996 ) ) ;
#708 = CARTESIAN_POINT ( 'NONE',  ( 2.766824057538760151, -2.442699808807593520, -1.578888603314665628 ) ) ;
#709 = CARTESIAN_POINT ( 'NONE',  ( 2.000533408385159362, -5.268646705376652584, -2.438466611039908472 ) ) ;
#710 = CARTESIAN_POINT ( 'NONE',  ( -1.023336079404097543, -6.583218749999998565, -2.470551841763085399 ) ) ;
#712 = CARTESIAN_POINT ( 'NONE',  ( -3.125877854638932529, -3.958550986685643647, -0.4165269419410385088 ) ) ;
#711 = CARTESIAN_POINT ( 'NONE',  ( -3.152366179613566022, -5.076923600234018785, -0.4569836134413115536 ) ) ;
#713 = CARTESIAN_POINT ( 'NONE',  ( -2.288094485600320027, -7.446326016440874440, 1.037755585862326413 ) ) ;
#714 = CARTESIAN_POINT ( 'NONE',  ( 3.154401579544157119, -6.506179409383034518, 0.4163780951957930521 ) ) ;
#715 = CARTESIAN_POINT ( 'NONE',  ( 3.184906763326897927, -4.440812453203539789, -0.07403224672745925550 ) ) ;
#716 = CARTESIAN_POINT ( 'NONE',  ( 1.746943960583592359, -3.955112499999998033, -1.746943960583591693 ) ) ;
#717 = CARTESIAN_POINT ( 'NONE',  ( -3.044838949353540603, -4.134264057542270443, -0.8210939279395452761 ) ) ;
#718 = CARTESIAN_POINT ( 'NONE',  ( 3.012478353434617784, -6.486247275403135504, 1.023898219959941569 ) ) ;
#719 = CARTESIAN_POINT ( 'NONE',  ( 3.174999999999999822, -3.466162499999995372, 0.000000000000000000 ) ) ;
#720 = CARTESIAN_POINT ( 'NONE',  ( 1.589777067160971447, -4.317204585551588814, -2.756127132253049172 ) ) ;
#721 = CARTESIAN_POINT ( 'NONE',  ( -1.033928862999106603E-15, -7.133287499999997117, 2.470551841763084067 ) ) ;
#722 = ORIENTED_EDGE ( 'NONE', *, *, #1530, .F. ) ;
#723 = CARTESIAN_POINT ( 'NONE',  ( 1.663965063056056737, -2.784290578570048691, 2.678911443336537967 ) ) ;
#724 = CARTESIAN_POINT ( 'NONE',  ( 3.142760045384432654, -6.526449259507607792, -0.2576053144792181393 ) ) ;
#725 = CARTESIAN_POINT ( 'NONE',  ( -1.733925261437366361, -3.785469527549189195, 2.634502545281904418 ) ) ;
#726 = CARTESIAN_POINT ( 'NONE',  ( -1.845763031962089018, -6.725918967119435266, 2.557386105967066836 ) ) ;
#727 = CARTESIAN_POINT ( 'NONE',  ( 2.392444276951438908, -5.570173099600222777, 2.097710488159843401 ) ) ;
#729 = CARTESIAN_POINT ( 'NONE',  ( 2.625820258393487094, -3.512831149888521409, -1.746025269014662928 ) ) ;
#728 = CARTESIAN_POINT ( 'NONE',  ( -0.5427997148053564924, -6.251703157663801136, -3.138834098004577911 ) ) ;
#730 = CARTESIAN_POINT ( 'NONE',  ( 1.803948925060650854, -2.620792315765137381, 2.587339565529843899 ) ) ;
#731 = CARTESIAN_POINT ( 'NONE',  ( -2.961174512040631868, -5.888889348464806162, 1.152892459248548107 ) ) ;
#732 = VECTOR ( 'NONE', #4619, 1000.000000000000227 ) ;
#733 = CARTESIAN_POINT ( 'NONE',  ( 1.315128060534576981, -1.815956249999999939, 3.174999999999999378 ) ) ;
#734 = EDGE_CURVE ( 'NONE', #3801, #4881, #2001, .T. ) ;
#736 = CARTESIAN_POINT ( 'NONE',  ( 0.4876977401478085894, -4.206570370038238416, -3.115400292351840239 ) ) ;
#735 = CARTESIAN_POINT ( 'NONE',  ( -3.147729186146926317, -5.080884914335531910, -0.1938255387292585064 ) ) ;
#737 = CARTESIAN_POINT ( 'NONE',  ( -2.282874081947365852, -7.423029252832638925, 1.211013839219817312 ) ) ;
#738 = CARTESIAN_POINT ( 'NONE',  ( 1.896089336742519323E-15, -6.241962912640198091, -3.175000000000000266 ) ) ;
#739 = CARTESIAN_POINT ( 'NONE',  ( 2.839920262822209995, -4.553259271684051868, 1.443280644733205609 ) ) ;
#740 = CARTESIAN_POINT ( 'NONE',  ( -2.470551841763084511, -2.671618749999998155, -1.023336079404099763 ) ) ;
#741 = VERTEX_POINT ( 'NONE', #1239 ) ;
#742 = EDGE_LOOP ( 'NONE', ( #4514, #2077, #5079, #3177, #1455 ) ) ;
#743 = CARTESIAN_POINT ( 'NONE',  ( -2.327964812091491975, -4.194715233897696294, -2.174559050849100839 ) ) ;
#744 = CARTESIAN_POINT ( 'NONE',  ( 1.907824337038911411, 1.315296942635227007, -2.939968989771448715 ) ) ;
#745 = CARTESIAN_POINT ( 'NONE',  ( -3.499999999999999556, -1.999999999999997113, 2.020725942163691169 ) ) ;
#746 = CARTESIAN_POINT ( 'NONE',  ( 2.470551841763084955, -7.805593749999997222, -1.023336079404098431 ) ) ;
#747 = B_SPLINE_CURVE_WITH_KNOTS ( 'NONE', 3,
 ( #3501, #5240, #3198, #5159, #3990, #1922, #991, #3087, #1508, #671, #3174, #2654, #3146, #299, #1018, #2326, #4345, #586, #4316, #271, #2355, #1947 ),
 .UNSPECIFIED., .F., .F.,
 ( 4, 2, 2, 2, 2, 2, 2, 2, 2, 2, 4 ),
 ( 0.0009790965066632862420, 0.001752951358234517559, 0.002526806209805748660, 0.002913733635591364644, 0.003300661061376979760, 0.004074515912948211728, 0.004848370764519443696, 0.005622225616090677398, 0.006009153041876292949, 0.006396080467661907631, 0.007169935319233139599 ),
 .UNSPECIFIED. ) ;
#748 = CARTESIAN_POINT ( 'NONE',  ( -3.075968180322440571, -3.059087503744871039, 0.8274880306668110919 ) ) ;
#749 = DIRECTION ( 'NONE',  ( 0.000000000000000000, 3.854941057720020887E-16, -1.000000000000000000 ) ) ;
#750 = CARTESIAN_POINT ( 'NONE',  ( -0.7909974549195407656, -3.733066611850644811, 3.053188102563874740 ) ) ;
#751 = B_SPLINE_CURVE_WITH_KNOTS ( 'NONE', 3,
 ( #1177, #4976, #4546, #832, #2493, #4158, #2086, #859, #31, #1564, #4896, #2843, #2631, #4293, #2196, #5061 ),
 .UNSPECIFIED., .F., .F.,
 ( 4, 2, 2, 2, 2, 2, 2, 4 ),
 ( 0.01695947362559521374, 0.01789731014448678673, 0.01836622840393257322, 0.01883514666337836319, 0.01930406492282414968, 0.01977298318226993618, 0.02024190144171572267, 0.02071081970116151263 ),
 .UNSPECIFIED. ) ;
#752 = CARTESIAN_POINT ( 'NONE',  ( -2.438374501236166392, -6.779361339261152253, 2.050000307218852846 ) ) ;
#753 = CARTESIAN_POINT ( 'NONE',  ( -1.596935047062935098, -6.109147667831798856, -2.775182536382877263 ) ) ;
#754 = FACE_OUTER_BOUND ( 'NONE', #4967, .T. ) ;
#756 = CARTESIAN_POINT ( 'NONE',  ( 3.147927664108055357, -4.591422172409189706, 0.1865486155688978465 ) ) ;
#755 = CARTESIAN_POINT ( 'NONE',  ( 1.688299412656808718, -6.329533086398019925, -2.701375373339302222 ) ) ;
#757 = CARTESIAN_POINT ( 'NONE',  ( 2.227422155468822051, -2.611949225245343342, 2.277767134241890368 ) ) ;
#758 = CARTESIAN_POINT ( 'NONE',  ( -1.516792933532742582, -5.728535007615773722, 2.765227673485415316 ) ) ;
#759 = CARTESIAN_POINT ( 'NONE',  ( -1.315128060534579202, -2.916093749999999485, 3.174999999999998934 ) ) ;
#761 = CARTESIAN_POINT ( 'NONE',  ( 3.122272040065161569, -4.406436273884936305, -0.4422864394273647304 ) ) ;
#760 = CARTESIAN_POINT ( 'NONE',  ( 1.346882372184834864, -5.367872433016338540, -2.886547160244978816 ) ) ;
#762 = CARTESIAN_POINT ( 'NONE',  ( 1.746943960583592359, -6.888812499999998451, -1.746943960583591693 ) ) ;
#763 = CARTESIAN_POINT ( 'NONE',  ( 1.592369925757461946, -2.361554718090898675, -2.754586801613966074 ) ) ;
#764 = CARTESIAN_POINT ( 'NONE',  ( 1.793276856991531831, -4.577046264129561948, 2.584919057017817323 ) ) ;
#765 = EDGE_CURVE ( 'NONE', #4672, #1168, #3487, .T. ) ;
#766 = CARTESIAN_POINT ( 'NONE',  ( -1.754643689165178877, -1.511014885044869471, 1.739210144551768478 ) ) ;
#767 = ORIENTED_EDGE ( 'NONE', *, *, #2140, .F. ) ;
#768 = CARTESIAN_POINT ( 'NONE',  ( -2.649510760530980225, -4.133992362037231416, -1.768670924640771691 ) ) ;
#769 = CARTESIAN_POINT ( 'NONE',  ( 0.000000000000000000, 0.000000000000000000, 0.000000000000000000 ) ) ;
#770 = CARTESIAN_POINT ( 'NONE',  ( -2.523610659247597976, -4.916978259527027717, 1.937977487265334808 ) ) ;
#771 = CARTESIAN_POINT ( 'NONE',  ( 1.935306414699552224, -4.621764067598121528, 2.525623314492510652 ) ) ;
#772 = CARTESIAN_POINT ( 'NONE',  ( -1.666893832545530474, -6.766574999999998674, 2.702237952331671966 ) ) ;
#773 = VECTOR ( 'NONE', #247, 1000.000000000000000 ) ;
#774 = CARTESIAN_POINT ( 'NONE',  ( -2.335373697728170495, -2.947260336167960126, 2.166551334943143114 ) ) ;
#775 = CARTESIAN_POINT ( 'NONE',  ( 3.174999999999998934, -7.438881249999997003, 1.315128060534579202 ) ) ;
#776 = CARTESIAN_POINT ( 'NONE',  ( 1.936146226132029025, -4.388652887645639211, -2.524822845950251082 ) ) ;
#777 = TOROIDAL_SURFACE ( 'NONE', #3036, 8.490969814389950798, 5.999999999999998224 ) ;
#778 = CARTESIAN_POINT ( 'NONE',  ( 2.806309141448743993, -3.523010809914788766, 1.421984196261452560 ) ) ;
#779 = ORIENTED_EDGE ( 'NONE', *, *, #55, .F. ) ;
#780 = CARTESIAN_POINT ( 'NONE',  ( 0.1027927589761628013, -6.675243593246482199, 3.176018523493115087 ) ) ;
#781 = DIRECTION ( 'NONE',  ( -0.000000000000000000, 1.000000000000000000, -0.000000000000000000 ) ) ;
#782 = CARTESIAN_POINT ( 'NONE',  ( -3.153036814484893924, -2.141004451462452884, -0.06793076215214868818 ) ) ;
#784 = CARTESIAN_POINT ( 'NONE',  ( 2.707582076940128424, -4.667095773693150207, 1.616227014419000296 ) ) ;
#783 = CARTESIAN_POINT ( 'NONE',  ( -1.513251425551159546, -6.164464951322189634, -2.802942967896682180 ) ) ;
#785 = CARTESIAN_POINT ( 'NONE',  ( 1.133460355484763760, -2.676253996885392006, 2.977219360986287811 ) ) ;
#786 = CARTESIAN_POINT ( 'NONE',  ( -0.02816386609670690558, -5.703611748200382969, 3.185566619031094948 ) ) ;
#787 = CARTESIAN_POINT ( 'NONE',  ( 3.174999999999999822, -2.549381249999999710, -1.315128060534576981 ) ) ;
#789 = CARTESIAN_POINT ( 'NONE',  ( -3.035907981603522376, -2.918642748130501730, 0.8526656838464037325 ) ) ;
#788 = CARTESIAN_POINT ( 'NONE',  ( -2.575249284257555615, -5.153933614680299868, -1.875003880040392090 ) ) ;
#790 = CARTESIAN_POINT ( 'NONE',  ( 1.023336079404098431, -6.216506249999999234, 2.470551841763084067 ) ) ;
#791 = PLANE ( 'NONE',  #104 ) ;
#792 = CARTESIAN_POINT ( 'NONE',  ( -0.4195641985807344598, -4.744028943112328811, 3.158122244466001760 ) ) ;
#793 = CARTESIAN_POINT ( 'NONE',  ( 2.470551841763084955, -3.099449999999997374, 0.000000000000000000 ) ) ;
#794 = CARTESIAN_POINT ( 'NONE',  ( -1.023336079404100429, -5.238606249999998354, 2.470551841763083178 ) ) ;
#795 = ORIENTED_EDGE ( 'NONE', *, *, #513, .T. ) ;
#797 = CARTESIAN_POINT ( 'NONE',  ( -0.6990041821297920954, -6.104789602490400036, -3.074925117594308421 ) ) ;
#796 = CARTESIAN_POINT ( 'NONE',  ( -1.161812279384050850, -4.263646121240596720, -2.957571697000509481 ) ) ;
#798 = DIRECTION ( 'NONE',  ( 0.000000000000000000, 0.000000000000000000, 1.000000000000000000 ) ) ;
#799 = CARTESIAN_POINT ( 'NONE',  ( -2.208349855696487118, -7.438931124503365133, -1.202270475531619365 ) ) ;
#800 = CARTESIAN_POINT ( 'NONE',  ( 3.500000000000000000, 7.500000000000000000, 2.020725942163690725 ) ) ;
#801 = ORIENTED_EDGE ( 'NONE', *, *, #4840, .T. ) ;
#802 = EDGE_CURVE ( 'NONE', #1168, #4672, #3296, .T. ) ;
#803 = CARTESIAN_POINT ( 'NONE',  ( -1.724365738347549470, -2.962150916622827701, 2.640505730703773146 ) ) ;
#804 = CARTESIAN_POINT ( 'NONE',  ( -1.023336079404097765, -3.771756249999997035, -2.470551841763085843 ) ) ;
#805 = DIRECTION ( 'NONE',  ( 0.000000000000000000, 0.000000000000000000, -1.000000000000000000 ) ) ;
#806 = CARTESIAN_POINT ( 'NONE',  ( -2.160147828688812943, -3.827074881003394324, 2.341352235753380029 ) ) ;
#807 = CARTESIAN_POINT ( 'NONE',  ( 2.393171316734481469, -3.665237299915537150, 2.096939291729455146 ) ) ;
#808 = CARTESIAN_POINT ( 'NONE',  ( -0.2070633354162077500, -3.806839013672266514, 3.174999999999998934 ) ) ;
#809 = CARTESIAN_POINT ( 'NONE',  ( -2.754867465182536890, -2.981708590509131618, 1.591930758941951796 ) ) ;
#811 = CARTESIAN_POINT ( 'NONE',  ( 3.013488303291456560, -4.628862114215958279, 0.9284280972250593678 ) ) ;
#810 = CARTESIAN_POINT ( 'NONE',  ( 3.028507115239831293, -6.495010082191621237, -0.8800674277057645156 ) ) ;
#812 = CARTESIAN_POINT ( 'NONE',  ( -1.837626090338911444, -2.813822685701271364, 2.563264894915827430 ) ) ;
#813 = CARTESIAN_POINT ( 'NONE',  ( -3.142900608295963849, -5.882104532643054995, 0.2629816277468755015 ) ) ;
#814 = CARTESIAN_POINT ( 'NONE',  ( -2.470551841763084067, -2.549381249999996601, -1.023336079404099541 ) ) ;
#816 = CARTESIAN_POINT ( 'NONE',  ( -2.948452007050586854, -3.017022051959678208, -1.117881934499760366 ) ) ;
#815 = CARTESIAN_POINT ( 'NONE',  ( -3.000901783094798603, -5.118803441434326196, -0.9443343023435510908 ) ) ;
#817 = CARTESIAN_POINT ( 'NONE',  ( 7.313735224848305469E-16, -4.810774999999997803, -2.470551841763085399 ) ) ;
#818 = CARTESIAN_POINT ( 'NONE',  ( 0.000000000000000000, 6.999999999999998224, 1.952016013762339908 ) ) ;
#819 = CARTESIAN_POINT ( 'NONE',  ( 0.3629811771142812393, -4.671474171796331731, 3.164918721629546017 ) ) ;
#820 = CARTESIAN_POINT ( 'NONE',  ( 2.470551841763084955, -4.077349999999998253, 0.000000000000000000 ) ) ;
#821 = FACE_OUTER_BOUND ( 'NONE', #3830, .T. ) ;
#822 = ORIENTED_EDGE ( 'NONE', *, *, #802, .T. ) ;
#823 = ORIENTED_EDGE ( 'NONE', *, *, #55, .T. ) ;
#825 = CARTESIAN_POINT ( 'NONE',  ( -1.022761512609528411, -3.206708067808492046, -3.012922652581682570 ) ) ;
#824 = CARTESIAN_POINT ( 'NONE',  ( -2.954096980613755363, -3.982033769628788189, 1.191889862398013866 ) ) ;
#826 =( NAMED_UNIT ( * ) PLANE_ANGLE_UNIT ( ) SI_UNIT ( $, .RADIAN. ) );
#827 = CARTESIAN_POINT ( 'NONE',  ( -2.392204754217210017, -5.132153545949105222, -2.097963953433291895 ) ) ;
#828 = DIRECTION ( 'NONE',  ( 0.000000000000000000, -1.000000000000000000, 0.000000000000000000 ) ) ;
#829 = ORIENTED_EDGE ( 'NONE', *, *, #4066, .T. ) ;
#830 = CARTESIAN_POINT ( 'NONE',  ( -1.047066900835486924, -2.906845094432332743, 3.008304704248423000 ) ) ;
#831 = CARTESIAN_POINT ( 'NONE',  ( -1.023336079404097765, -2.793856249999998376, -2.470551841763085843 ) ) ;
#832 = CARTESIAN_POINT ( 'NONE',  ( -1.079574899829802481, -2.130827941776299639, -2.873050242416483435 ) ) ;
#833 = CARTESIAN_POINT ( 'NONE',  ( -2.363117614516869303, -4.105431786135580019, -2.136403519928098849 ) ) ;
#834 = CARTESIAN_POINT ( 'NONE',  ( 3.154392878968155234, -3.572480723649626988, 0.4164027725505409228 ) ) ;
#835 = ADVANCED_FACE ( 'NONE', ( #5065 ), #5007, .T. ) ;
#836 = CARTESIAN_POINT ( 'NONE',  ( -8.411305411250775884E-15, -6.191049587359796824, -3.175000000000000266 ) ) ;
#837 = CARTESIAN_POINT ( 'NONE',  ( -2.393523903964186683, -2.951313248974450243, 2.096482091271326453 ) ) ;
#839 = CARTESIAN_POINT ( 'NONE',  ( -1.882881161226830358, -4.927550776136218502, 2.529445917290387591 ) ) ;
#838 = CARTESIAN_POINT ( 'NONE',  ( -0.03839358161521921192, -6.732894435536755040, 3.185232928788251261 ) ) ;
#840 = CARTESIAN_POINT ( 'NONE',  ( 0.1089035458982287041, -2.727506378490267558, 3.183820643663548999 ) ) ;
#841 = CARTESIAN_POINT ( 'NONE',  ( -1.529683992845512153, -5.780526983083937864, 2.794329428510313296 ) ) ;
#842 = CARTESIAN_POINT ( 'NONE',  ( -2.470551841763084067, -5.483081249999997020, -1.023336079404099541 ) ) ;
#844 = CARTESIAN_POINT ( 'NONE',  ( 0.2091146514677166002, -3.214990791222266608, -3.146431585380009999 ) ) ;
#843 = CARTESIAN_POINT ( 'NONE',  ( 0.8587502953487565760, -5.746695265189985413, 3.067429530564480977 ) ) ;
#845 = CARTESIAN_POINT ( 'NONE',  ( -2.470551841763085843, -4.505181249999997917, 1.023336079404096877 ) ) ;
#846 = DIRECTION ( 'NONE',  ( 0.000000000000000000, 0.000000000000000000, -1.000000000000000000 ) ) ;
#847 = CARTESIAN_POINT ( 'NONE',  ( 0.8756722273728448913, -4.681356460154615817, 3.062952308420260117 ) ) ;
#848 = CYLINDRICAL_SURFACE ( 'NONE', #1689, 3.174999999999999822 ) ;
#849 = CARTESIAN_POINT ( 'NONE',  ( 1.023336079404099319, -4.749656249999996582, -2.470551841763084955 ) ) ;
#850 = VERTEX_POINT ( 'NONE', #836 ) ;
#852 = CARTESIAN_POINT ( 'NONE',  ( 1.280727098470922698, -6.562675980278426024, 2.881720733797330514 ) ) ;
#851 = CARTESIAN_POINT ( 'NONE',  ( 2.579218818696872528, -4.678280244931661613, 1.801333734002430909 ) ) ;
#853 = SECURITY_CLASSIFICATION_LEVEL ( 'unclassified' ) ;
#854 = CARTESIAN_POINT ( 'NONE',  ( -3.091685845753583184, -6.037775590877500598, -0.8325965224941902498 ) ) ;
#855 = FACE_OUTER_BOUND ( 'NONE', #4912, .T. ) ;
#856 = CARTESIAN_POINT ( 'NONE',  ( -1.746943960583592359, -3.343924999999997816, 1.746943960583590361 ) ) ;
#857 = CARTESIAN_POINT ( 'NONE',  ( -1.035825716593898216, -2.923256175005987778, 2.978636951516551168 ) ) ;
#858 = CARTESIAN_POINT ( 'NONE',  ( 2.470551841763084955, -4.077349999999998253, 0.000000000000000000 ) ) ;
#859 = CARTESIAN_POINT ( 'NONE',  ( -1.910583380833463130, -2.097222873636733542, -2.437881362073861968 ) ) ;
#860 = CARTESIAN_POINT ( 'NONE',  ( -0.3084656881104497206, -4.220839195025727797, -3.170876944822203836 ) ) ;
#861 = CARTESIAN_POINT ( 'NONE',  ( 1.405670121882519386, -3.674811046243580126, 2.854383126031558859 ) ) ;
#862 = CARTESIAN_POINT ( 'NONE',  ( -1.937710380481452388, -3.899795879993887215, 2.523769089774784202 ) ) ;
#863 = CARTESIAN_POINT ( 'NONE',  ( -3.184689798539227290, -2.089006091725487568, -0.07113861359790153716 ) ) ;
#864 = VECTOR ( 'NONE', #2302, 1000.000000000000000 ) ;
#866 = CARTESIAN_POINT ( 'NONE',  ( 3.103049184789246961, -4.555637805030705145, -0.5609671306058320317 ) ) ;
#865 = CARTESIAN_POINT ( 'NONE',  ( 3.162764214748492009, -6.468541824205090052, -0.3798966008173412789 ) ) ;
#867 = CARTESIAN_POINT ( 'NONE',  ( -2.720099783275993666, -3.043937517941597726, -1.596679635436800027 ) ) ;
#868 = MANIFOLD_SOLID_BREP ( 'Fillet1', #992 ) ;
#869 = CARTESIAN_POINT ( 'NONE',  ( 0.9893215527074032956, -6.240025180866037857, -3.019746656332961354 ) ) ;
#870 = AXIS2_PLACEMENT_3D ( 'NONE', #2167, #114, #2141 ) ;
#871 = CARTESIAN_POINT ( 'NONE',  ( 1.023336079404098209, -3.160568749999996818, 2.470551841763083178 ) ) ;
#872 = ORIENTED_EDGE ( 'NONE', *, *, #2126, .F. ) ;
#873 = EDGE_CURVE ( 'NONE', #2999, #4782, #2836, .T. ) ;
#875 = CARTESIAN_POINT ( 'NONE',  ( -0.7873855590458858078, -3.166521648003252754, -3.053369407507102284 ) ) ;
#874 = CARTESIAN_POINT ( 'NONE',  ( 2.190318480849408278, -5.634979436603477332, 2.312826297884574611 ) ) ;
#876 = CARTESIAN_POINT ( 'NONE',  ( 0.3764684568834908429, -2.182421586244787104, -3.021930114263222666 ) ) ;
#877 = CIRCLE ( 'NONE', #4445, 0.7500000000000001110 ) ;
#878 = CARTESIAN_POINT ( 'NONE',  ( -1.750358910109346189, -2.135063665376055297, -2.623645314333815204 ) ) ;
#879 = CARTESIAN_POINT ( 'NONE',  ( -2.062344890639847161, -4.834629341029219596, 2.417513947181876510 ) ) ;
#880 = CARTESIAN_POINT ( 'NONE',  ( 3.500000000000000444, 0.6204091765964264704, -2.020725942163691613 ) ) ;
#881 = ORIENTED_EDGE ( 'NONE', *, *, #1305, .T. ) ;
#883 = CARTESIAN_POINT ( 'NONE',  ( 0.5611467765317101897, -6.600756574702006496, 3.102983804014348479 ) ) ;
#882 = CARTESIAN_POINT ( 'NONE',  ( 0.4844776815146624727, -4.344851998134098281, -3.148436385868146115 ) ) ;
#884 = CARTESIAN_POINT ( 'NONE',  ( 1.592175662962865168, 1.315296942635411082, 3.122208836718598945 ) ) ;
#885 = CARTESIAN_POINT ( 'NONE',  ( -3.073242729520640815, -5.957223055206728013, 0.8240591170765378948 ) ) ;
#886 = CARTESIAN_POINT ( 'NONE',  ( -2.754898384933912148, -4.886614678087854990, 1.591913502907891020 ) ) ;
#887 = CARTESIAN_POINT ( 'NONE',  ( 1.023336079404098209, -4.138468749999996810, 2.470551841763083178 ) ) ;
#888 = CARTESIAN_POINT ( 'NONE',  ( -0.4151918310714709515, -3.324155625965377947, -3.150370458994399936 ) ) ;
#889 = CARTESIAN_POINT ( 'NONE',  ( -1.746943960583591027, -1.754837499999997608, -1.746943960583593025 ) ) ;
#890 = FACE_BOUND ( 'NONE', #3376, .T. ) ;
#891 = CARTESIAN_POINT ( 'NONE',  ( -2.362005992967252777, -4.069847177320800924, -2.137639240769297455 ) ) ;
#892 = DIRECTION ( 'NONE',  ( 8.659560562354941486E-17, 0.7071067811865469066, -0.7071067811865482389 ) ) ;
#893 = CARTESIAN_POINT ( 'NONE',  ( -3.012518452839475724, -4.092395759423111734, -1.024021389862272979 ) ) ;
#894 = CARTESIAN_POINT ( 'NONE',  ( -1.946690581716420620, -2.262971847646576329, -2.521304924473026343 ) ) ;
#895 = CARTESIAN_POINT ( 'NONE',  ( -1.318310333628876396, -5.248878472270234852, -2.864688365081256016 ) ) ;
#896 = CARTESIAN_POINT ( 'NONE',  ( -3.128709112697748207, -2.941803195840571927, 0.3977270065196827908 ) ) ;
#897 = CARTESIAN_POINT ( 'NONE',  ( -1.975161439361033944, -6.050588231079444768, -2.499354432967920481 ) ) ;
#898 = CARTESIAN_POINT ( 'NONE',  ( 1.746943960583590583, -5.055249999999997357, 1.746943960583591693 ) ) ;
#899 = VERTEX_POINT ( 'NONE', #4136 ) ;
#900 = AXIS2_PLACEMENT_3D ( 'NONE', #3326, #3023, #5048 ) ;
#902 = CARTESIAN_POINT ( 'NONE',  ( 0.05894496776123354237, -2.385426694500232703, -3.152753268096351924 ) ) ;
#901 = CARTESIAN_POINT ( 'NONE',  ( 2.864890246661890849, -5.614051090262095478, 1.374570412989447377 ) ) ;
#903 = CARTESIAN_POINT ( 'NONE',  ( 2.518628598364940352, -2.392955163035459076, 1.337169811997398927 ) ) ;
#904 = CARTESIAN_POINT ( 'NONE',  ( -3.085930038167129297, -1.996522941463170220, 0.7906853797028730035 ) ) ;
#905 = CARTESIAN_POINT ( 'NONE',  ( -0.9379557469610827480, -5.167060783475935892, -3.044695083775116107 ) ) ;
#906 = CARTESIAN_POINT ( 'NONE',  ( 7.745085315923348724E-16, -7.255524999999999558, -3.175000000000000266 ) ) ;
#907 = EDGE_CURVE ( 'NONE', #1197, #2938, #2133, .T. ) ;
#908 = VERTEX_POINT ( 'NONE', #4319 ) ;
#910 = CARTESIAN_POINT ( 'NONE',  ( -2.809134030090619127, -5.968199572316922996, -1.432502653646180013 ) ) ;
#909 = CARTESIAN_POINT ( 'NONE',  ( 1.466102195568558253, -4.360969832920346789, -2.827899255196748118 ) ) ;
#911 = CARTESIAN_POINT ( 'NONE',  ( -3.092607091875145375, -2.000000000000000000, 0.7186142047604934247 ) ) ;
#912 = DIRECTION ( 'NONE',  ( 0.000000000000000000, 1.000000000000000000, -7.703719777548943412E-32 ) ) ;
#913 = DIRECTION ( 'NONE',  ( 0.000000000000000000, -2.668805347655275754E-16, 1.000000000000000000 ) ) ;
#914 = CARTESIAN_POINT ( 'NONE',  ( -2.470551841763085399, -5.360843749999997243, 1.023336079404096655 ) ) ;
#915 = CARTESIAN_POINT ( 'NONE',  ( 2.541191631419329244, -3.451256391934025558, -1.920976457339806043 ) ) ;
#916 = CARTESIAN_POINT ( 'NONE',  ( 7.745085315923348724E-16, -7.133287499999995340, -3.175000000000000266 ) ) ;
#917 = DIRECTION ( 'NONE',  ( 0.000000000000000000, 0.000000000000000000, 1.000000000000000000 ) ) ;
#918 = CARTESIAN_POINT ( 'NONE',  ( -2.813413273903992984, -4.067212654773328495, -1.494779614012039515 ) ) ;
#919 = CARTESIAN_POINT ( 'NONE',  ( 2.853200142303599751, -3.573473934078389647, 1.408214474500169455 ) ) ;
#920 = CARTESIAN_POINT ( 'NONE',  ( 0.000000000000000000, 6.627396060088952545, 0.000000000000000000 ) ) ;
#921 = CARTESIAN_POINT ( 'NONE',  ( 2.462327035816228360, -2.502869970313918113, -2.020744433049133537 ) ) ;
#922 = CARTESIAN_POINT ( 'NONE',  ( -0.3532048667482175497, -5.299405644202348498, -3.133433179528988699 ) ) ;
#923 = CARTESIAN_POINT ( 'NONE',  ( -3.115844074691666243, -2.980895075538045447, 0.6637927963902052753 ) ) ;
#924 = CARTESIAN_POINT ( 'NONE',  ( 0.4863751348554048448, -6.214174685009958843, -3.148248244738499402 ) ) ;
#925 = CARTESIAN_POINT ( 'NONE',  ( -1.033928862999106603E-15, -6.155387499999998013, 2.470551841763084067 ) ) ;
#926 = APPROVAL ( #3877, 'UNSPECIFIED' ) ;
#928 = CARTESIAN_POINT ( 'NONE',  ( -2.949338023411798737, -2.037671222673698157, -1.087339177777851607 ) ) ;
#927 = CARTESIAN_POINT ( 'NONE',  ( 3.021345598293913692, -5.494356388465480912, -1.008873427938147049 ) ) ;
#929 = CARTESIAN_POINT ( 'NONE',  ( 1.772767907338290705, -2.435744118947036352, 2.187710813051440439 ) ) ;
#930 = CARTESIAN_POINT ( 'NONE',  ( -0.5419557143742168570, -6.767014170442920751, 3.129464080346032961 ) ) ;
#931 = CARTESIAN_POINT ( 'NONE',  ( -2.075267492629299326, -5.102115715728138490, -2.416951887746648264 ) ) ;
#932 = CARTESIAN_POINT ( 'NONE',  ( 0.000000000000000000, 4.645553918089159851, 8.490969814389954351 ) ) ;
#933 = ORIENTED_EDGE ( 'NONE', *, *, #3934, .F. ) ;
#935 = CARTESIAN_POINT ( 'NONE',  ( 2.269299472900734749, -5.286105759048762565, -2.189446734815840401 ) ) ;
#934 = CARTESIAN_POINT ( 'NONE',  ( 3.162884487538961231, -4.512854823735664489, -0.3775164399190157338 ) ) ;
#936 = CARTESIAN_POINT ( 'NONE',  ( 0.5489635886550700006, 0.9632531356977370729, 3.724507608642072753 ) ) ;
#937 = CARTESIAN_POINT ( 'NONE',  ( 2.418479990491122056, -7.218095178514043475, 1.265478459342048723 ) ) ;
#938 = CARTESIAN_POINT ( 'NONE',  ( 1.558678445369579890, -2.839528623375213723, -1.916806695204093636 ) ) ;
#939 = CARTESIAN_POINT ( 'NONE',  ( -1.023336079404100429, -3.282806249999997039, 2.470551841763083178 ) ) ;
#940 = ORIENTED_EDGE ( 'NONE', *, *, #41, .F. ) ;
#941 = CARTESIAN_POINT ( 'NONE',  ( 3.091960942634594645, -3.551208803807636372, -0.7658736872155275099 ) ) ;
#942 = CARTESIAN_POINT ( 'NONE',  ( 3.174999999999998934, -5.483081249999995244, 1.315128060534579202 ) ) ;
#943 = DIRECTION ( 'NONE',  ( 1.073081856240827703E-16, 0.000000000000000000, -1.000000000000000000 ) ) ;
#944 = CARTESIAN_POINT ( 'NONE',  ( 1.935609097886316521, -3.410718118272785926, -2.525331740863122842 ) ) ;
#945 = CARTESIAN_POINT ( 'NONE',  ( -1.770627913907527384, -2.459080460411839031, -2.160013715424958125 ) ) ;
#946 = CARTESIAN_POINT ( 'NONE',  ( -2.303987718311364841, -2.255077737545969185, -2.153417367154961237 ) ) ;
#947 = CARTESIAN_POINT ( 'NONE',  ( -1.518429434706773939, -6.215419255269325483, -2.763612546209789134 ) ) ;
#948 = CARTESIAN_POINT ( 'NONE',  ( -1.661029011680357659, -3.135701249296808157, -2.718272025652728630 ) ) ;
#949 = CARTESIAN_POINT ( 'NONE',  ( 1.233603851074567048, -6.253135611067641264, -2.928454975187340104 ) ) ;
#950 = CARTESIAN_POINT ( 'NONE',  ( -0.4138521526270086404, -5.721339027435073277, 3.174999999999996270 ) ) ;
#951 = CIRCLE ( 'NONE', #1117, 3.250000000001644906 ) ;
#953 = CARTESIAN_POINT ( 'NONE',  ( -2.026151376289834882, -2.273232132754170909, -2.416298569180076683 ) ) ;
#952 = CARTESIAN_POINT ( 'NONE',  ( 2.889320796203618702, -5.624016967236387110, 1.244581339759279093 ) ) ;
#954 = CARTESIAN_POINT ( 'NONE',  ( 2.887785765977461061, -2.322101090069704554, -0.4927530159981542424 ) ) ;
#955 = CARTESIAN_POINT ( 'NONE',  ( -2.905503019196046477, -1.934633140905030801, 1.280109576932504378 ) ) ;
#956 = CARTESIAN_POINT ( 'NONE',  ( -2.972787563590395088, -5.025794662807496316, -1.145105256042549868 ) ) ;
#958 = CARTESIAN_POINT ( 'NONE',  ( -2.364857164997880012, -5.781404680282666853, 2.085956508268715481 ) ) ;
#957 = CARTESIAN_POINT ( 'NONE',  ( 0.7409764902628001026, -4.322073367707975677, -3.097948498859751876 ) ) ;
#959 = CARTESIAN_POINT ( 'NONE',  ( -3.064415229159228371, -2.026791231349282629, -0.8015917957814965300 ) ) ;
#960 = CARTESIAN_POINT ( 'NONE',  ( -0.5552568696527551140, -6.822819494554358322, 3.078514501016238025 ) ) ;
#961 = CARTESIAN_POINT ( 'NONE',  ( -1.023336079404100429, -5.238606249999998354, 2.470551841763083178 ) ) ;
#962 = CARTESIAN_POINT ( 'NONE',  ( 2.540119455171002016, -3.486838310355114601, -1.922391158908189013 ) ) ;
#963 = CARTESIAN_POINT ( 'NONE',  ( 0.8479835498925538673, -6.741010481435560919, 3.029507971874463745 ) ) ;
#964 = CARTESIAN_POINT ( 'NONE',  ( 3.174999999999999822, -5.421962499999995799, 0.000000000000000000 ) ) ;
#965 = DIRECTION ( 'NONE',  ( 1.000000000000000000, 0.000000000000000000, 0.000000000000000000 ) ) ;
#966 = CARTESIAN_POINT ( 'NONE',  ( 2.098651240976918242, -3.420874667651021994, -2.391468922119918794 ) ) ;
#967 = CARTESIAN_POINT ( 'NONE',  ( -2.446920825299095714, -2.015627123083587158, 2.002525827310387641 ) ) ;
#968 = EDGE_CURVE ( 'NONE', #2938, #3445, #2320, .T. ) ;
#969 = CARTESIAN_POINT ( 'NONE',  ( 0.9888535454303020167, -2.414809111348669379, -3.028076031689049596 ) ) ;
#970 = CARTESIAN_POINT ( 'NONE',  ( 0.9155050954626833271, -6.339501423896154897, -3.017554486582730178 ) ) ;
#971 = CARTESIAN_POINT ( 'NONE',  ( -0.6873610701750082486, -3.171702830906908854, -3.078353928883518886 ) ) ;
#972 = CARTESIAN_POINT ( 'NONE',  ( -2.261195893846850602, -6.067822052555204237, -2.232591061210078109 ) ) ;
#973 = CARTESIAN_POINT ( 'NONE',  ( 1.023336079404099319, -1.815956249999996830, -2.470551841763084955 ) ) ;
#975 = CARTESIAN_POINT ( 'NONE',  ( 1.719966107377362663, -2.472948419062464431, -2.642870372839670967 ) ) ;
#974 = CARTESIAN_POINT ( 'NONE',  ( -3.040999933700273328, -5.950833624381366427, 0.9481727499667468306 ) ) ;
#976 = CARTESIAN_POINT ( 'NONE',  ( 1.274082073179739760, -2.217335597290132743, -2.714412010375533590 ) ) ;
#977 = CARTESIAN_POINT ( 'NONE',  ( -0.2517798670708799036, -6.778782828329147137, 3.152759887360359059 ) ) ;
#978 = CARTESIAN_POINT ( 'NONE',  ( 0.9902419471088579339, -5.262173693074123193, -3.019448739800096426 ) ) ;
#979 = CARTESIAN_POINT ( 'NONE',  ( -3.175000000000000711, -5.972031250000000568, 1.315128060534574983 ) ) ;
#980 = ORIENTED_EDGE ( 'NONE', *, *, #2334, .T. ) ;
#982 = CARTESIAN_POINT ( 'NONE',  ( -1.346263536319801002, -4.740953882219693050, 2.851435164108951259 ) ) ;
#981 = CARTESIAN_POINT ( 'NONE',  ( -1.932999336785772515, -4.930632451006320416, 2.491941402156018892 ) ) ;
#983 = DIRECTION ( 'NONE',  ( 0.000000000000000000, -4.443415073817150039E-16, 1.000000000000000000 ) ) ;
#984 = CARTESIAN_POINT ( 'NONE',  ( 1.224602161084125118, -7.052561751835715320, -2.623018635208290039 ) ) ;
#985 = ORIENTED_EDGE ( 'NONE', *, *, #4678, .F. ) ;
#986 = CARTESIAN_POINT ( 'NONE',  ( 2.470551841763084955, -7.988949999999998219, 0.000000000000000000 ) ) ;
#987 = ORIENTED_EDGE ( 'NONE', *, *, #4840, .F. ) ;
#988 = CARTESIAN_POINT ( 'NONE',  ( -2.417470759120805557, -3.966413762763008055, 2.074221205805523383 ) ) ;
#989 = CARTESIAN_POINT ( 'NONE',  ( 3.162555342232172162, -6.504123819196150791, -0.3816537721501595537 ) ) ;
#990 = CARTESIAN_POINT ( 'NONE',  ( -3.175000000000000711, -3.893993749999995035, 1.315128060534574983 ) ) ;
#991 = CARTESIAN_POINT ( 'NONE',  ( -3.068889314949599711, -6.857576540318538250, -0.3311958709864625816 ) ) ;
#992 = CLOSED_SHELL ( 'NONE', ( #3825, #1595, #3466, #835, #3537, #1461, #2202, #4135, #1735, #200, #444, #4438, #4507, #1488, #213, #2296, #1872, #1720, #2268, #1147, #4468, #4271, #3662, #2176, #999, #5102, #2967, #2367, #1561, #4462, #4034, #3897, #3134, #1068, #5289, #3653, #92, #3838, #345, #4460, #4299, #21, #4703, #5033 ) ) ;
#993 = CARTESIAN_POINT ( 'NONE',  ( -1.262989762705258423, -2.562792562833702270, 2.395162481820195310 ) ) ;
#994 = CARTESIAN_POINT ( 'NONE',  ( -2.579647660426580558, -2.001518351072280932, 1.849687552952554270 ) ) ;
#995 = ORIENTED_EDGE ( 'NONE', *, *, #1370, .F. ) ;
#996 = CARTESIAN_POINT ( 'NONE',  ( 1.670434376048333114, -2.469997439883205637, -2.675067091763976279 ) ) ;
#997 = CARTESIAN_POINT ( 'NONE',  ( -0.5759956261662503296, -6.266203316324587824, -3.100268449891282252 ) ) ;
#998 = CARTESIAN_POINT ( 'NONE',  ( 1.346076086619188317, -3.289952015263254648, -2.878494662900629386 ) ) ;
#999 = ADVANCED_FACE ( 'NONE', ( #821 ), #1604, .F. ) ;
#1000 = CARTESIAN_POINT ( 'NONE',  ( 1.915396623861654879, -6.292185747297676990, -2.545663960314152874 ) ) ;
#1001 = DIRECTION ( 'NONE',  ( 0.000000000000000000, 0.000000000000000000, 1.000000000000000000 ) ) ;
#1003 = CARTESIAN_POINT ( 'NONE',  ( 2.609922381565784377, -2.533504267011845723, -1.769836294044604852 ) ) ;
#1002 = CARTESIAN_POINT ( 'NONE',  ( -3.122169613904537844, -6.028316683214435479, 0.4447070109633103341 ) ) ;
#1004 = CARTESIAN_POINT ( 'NONE',  ( -2.470551841763084955, -7.499999999999998224, -1.462747044969661094E-15 ) ) ;
#1005 = CARTESIAN_POINT ( 'NONE',  ( 1.692753762068213597, -2.367294349472521819, -2.698743508072380060 ) ) ;
#1006 = CARTESIAN_POINT ( 'NONE',  ( 1.356865531873607367, -5.281852744146068979, -2.882297721053582062 ) ) ;
#1007 = CARTESIAN_POINT ( 'NONE',  ( 2.245064030267287070, -3.710637499999999367, 2.245064030267288846 ) ) ;
#1008 = B_SPLINE_CURVE_WITH_KNOTS ( 'NONE', 3,
 ( #4786, #245, #4375, #1074, #2300, #3963, #1895, #3555, #429, #2436, #2053, #2895, #2813, #402, #4487, #346, #4046, #4542 ),
 .UNSPECIFIED., .F., .F.,
 ( 4, 2, 2, 2, 2, 2, 2, 2, 4 ),
 ( 0.000000000000000000, 0.0007184623900986949986, 0.001436924780197389997, 0.002155387170296084887, 0.002873849560394779994, 0.003592311950493475101, 0.004310774340592169775, 0.005029236730690864882, 0.005747699120789559989 ),
 .UNSPECIFIED. ) ;
#1010 = CARTESIAN_POINT ( 'NONE',  ( -0.2285083385189589644, -5.150275657890372116, -3.145107612108252404 ) ) ;
#1009 = CARTESIAN_POINT ( 'NONE',  ( 0.7307875520800897196, -4.775377046673576764, 3.100411051651683625 ) ) ;
#1011 = CARTESIAN_POINT ( 'NONE',  ( 3.175081149435012851, -2.565201420791987097, -0.2073203978335294573 ) ) ;
#1012 = CARTESIAN_POINT ( 'NONE',  ( -2.689827931506951320, -7.258038366800259489, 0.1557713577814331396 ) ) ;
#1013 = CARTESIAN_POINT ( 'NONE',  ( -3.113437499555895993, -3.962876298641003103, -0.5035219897721117110 ) ) ;
#1014 = CARTESIAN_POINT ( 'NONE',  ( -1.033928862999106603E-15, -6.277624999999998678, 2.470551841763084511 ) ) ;
#1015 = CARTESIAN_POINT ( 'NONE',  ( -0.4144142067792728201, -3.869115342997492046, 3.126256460671420268 ) ) ;
#1016 = DIRECTION ( 'NONE',  ( 0.000000000000000000, 3.854941057720020887E-16, -1.000000000000000000 ) ) ;
#1017 = CARTESIAN_POINT ( 'NONE',  ( 3.174999999999998934, -3.527281249999995705, 1.315128060534579202 ) ) ;
#1018 = CARTESIAN_POINT ( 'NONE',  ( -1.724157970589558220, -6.944750120766191692, -2.464696497203477055 ) ) ;
#1019 = CARTESIAN_POINT ( 'NONE',  ( -1.408851125197774667, -3.236579221270687423, -2.852953048703202654 ) ) ;
#1020 = CARTESIAN_POINT ( 'NONE',  ( -3.012155849004479080, -2.962120617786111243, 1.024863634344121310 ) ) ;
#1021 = CARTESIAN_POINT ( 'NONE',  ( -2.446194562961498065, -2.016467878635920918, 2.002299326280498892 ) ) ;
#1022 = EDGE_LOOP ( 'NONE', ( #4027, #1341, #2409, #1579, #4937, #51 ) ) ;
#1023 = CARTESIAN_POINT ( 'NONE',  ( 2.875376938376630775, -2.541010804926074229, -1.371136861940457585 ) ) ;
#1024 = FACE_OUTER_BOUND ( 'NONE', #4107, .T. ) ;
#1025 = CARTESIAN_POINT ( 'NONE',  ( 0.5986196595859907266, -3.234242298480794808, -3.096608015347204201 ) ) ;
#1026 = CARTESIAN_POINT ( 'NONE',  ( 1.795630426137490021, -6.532896180346795312, 2.593172304336736289 ) ) ;
#1027 = CARTESIAN_POINT ( 'NONE',  ( 3.174926667069714270, -5.518291717696707011, 0.2098406452969714397 ) ) ;
#1029 = CARTESIAN_POINT ( 'NONE',  ( 0.5852579638707458010, -3.388725414208736630, -3.098476366652230585 ) ) ;
#1028 = CARTESIAN_POINT ( 'NONE',  ( -1.405886481655614251, -5.860105381933663260, 2.858452833657503245 ) ) ;
#1030 = CARTESIAN_POINT ( 'NONE',  ( -1.746943960583591027, -4.688537499999997138, -1.746943960583593025 ) ) ;
#1031 = CARTESIAN_POINT ( 'NONE',  ( 1.836970198721032646E-16, 5.754792120177906867, -1.500000000000000000 ) ) ;
#1032 = CARTESIAN_POINT ( 'NONE',  ( 2.888833568157613385, -2.456028417456170398, -1.342647839740525040 ) ) ;
#1033 = CARTESIAN_POINT ( 'NONE',  ( 2.640389281598462201, -5.550754080618848008, 1.782315190932610260 ) ) ;
#1034 = CARTESIAN_POINT ( 'NONE',  ( 2.245064030267287070, -5.666437499999999794, 2.245064030267288846 ) ) ;
#1035 = EDGE_CURVE ( 'NONE', #2999, #248, #2483, .T. ) ;
#1037 = CARTESIAN_POINT ( 'NONE',  ( 3.152104913100870487, -5.409640012620615224, 0.09160867550328570530 ) ) ;
#1036 = CARTESIAN_POINT ( 'NONE',  ( -0.9157092507444581919, -4.872812398818612500, 3.009764879682174765 ) ) ;
#1038 = CARTESIAN_POINT ( 'NONE',  ( 0.2077372318309255173, -2.809655483053731917, 3.175000000001408917 ) ) ;
#1039 = AXIS2_PLACEMENT_3D ( 'NONE', #4706, #3059, #1352 ) ;
#1040 = CARTESIAN_POINT ( 'NONE',  ( 1.592851970064314671, -6.648780241775537725, 2.754319763634957674 ) ) ;
#1041 = CARTESIAN_POINT ( 'NONE',  ( 1.688933313075998699, -4.323052514246858991, -2.691675819079986987 ) ) ;
#1042 = CARTESIAN_POINT ( 'NONE',  ( -2.470551841763084511, -6.583218749999998565, -1.023336079404099763 ) ) ;
#1043 = VECTOR ( 'NONE', #1312, 1000.000000000000000 ) ;
#1044 = CARTESIAN_POINT ( 'NONE',  ( 0.4793199089712052996, -3.809949843970220407, 3.141252472661286710 ) ) ;
#1045 = CARTESIAN_POINT ( 'NONE',  ( 2.392231771454037759, -6.548085015808008613, 2.097816420261284787 ) ) ;
#1046 = FACE_OUTER_BOUND ( 'NONE', #1022, .T. ) ;
#1047 = CARTESIAN_POINT ( 'NONE',  ( 0.000000000000000000, 6.627396060088952545, 0.000000000000000000 ) ) ;
#1048 = CARTESIAN_POINT ( 'NONE',  ( -2.709478946907126318, -2.000000000000000000, 1.655097832838606786 ) ) ;
#1049 = CARTESIAN_POINT ( 'NONE',  ( -2.448480693966011312, -2.014514785624794246, 2.002093201646627296 ) ) ;
#1050 = ORIENTED_EDGE ( 'NONE', *, *, #1396, .F. ) ;
#1051 = CARTESIAN_POINT ( 'NONE',  ( 3.121270963256041586, -2.544240147728549228, -0.6359659938062125484 ) ) ;
#1052 = CARTESIAN_POINT ( 'NONE',  ( 0.000000000000000000, 5.754792120177907755, 1.524838142362548366E-15 ) ) ;
#1053 = CARTESIAN_POINT ( 'NONE',  ( 3.133726533182922935, -3.493595527759061348, 0.5732011845500213365 ) ) ;
#1054 = CARTESIAN_POINT ( 'NONE',  ( 3.097316054079358949, -6.434361015687112939, 0.7101518018729221504 ) ) ;
#1055 = CARTESIAN_POINT ( 'NONE',  ( 0.2076270653322065118, -5.743360604548777282, 3.175000000001301892 ) ) ;
#1057 = CARTESIAN_POINT ( 'NONE',  ( -0.4743585152859578491, -3.872101949209249216, 3.117377902096835296 ) ) ;
#1056 = CARTESIAN_POINT ( 'NONE',  ( -3.148089126201783383, -6.040757131475580799, 0.1864884652795414099 ) ) ;
#1058 = CARTESIAN_POINT ( 'NONE',  ( 1.746943960583590805, -5.177487499999998022, 1.746943960583591915 ) ) ;
#1059 = CARTESIAN_POINT ( 'NONE',  ( -3.112864275701762384, -2.116839526552348083, -0.6404301087347282762 ) ) ;
#1060 = CARTESIAN_POINT ( 'NONE',  ( 2.861200396620840802, -2.404036977506644579, -1.326849423490840785 ) ) ;
#1061 = CARTESIAN_POINT ( 'NONE',  ( 2.124425288069657469, -5.588180875275585713, 2.374148252443776030 ) ) ;
#1062 = CARTESIAN_POINT ( 'NONE',  ( -2.245064030267289290, -5.910912499999999348, 2.245064030267287070 ) ) ;
#1064 = CARTESIAN_POINT ( 'NONE',  ( 2.661363590720318584, -3.538466267633485263, 1.691192881051900576 ) ) ;
#1063 = CARTESIAN_POINT ( 'NONE',  ( -3.134208174646403666, -4.992314664120591772, 0.5698006980868751681 ) ) ;
#1065 = CARTESIAN_POINT ( 'NONE',  ( 0.4136034177309460547, -2.799696930611216494, 3.154806670866312057 ) ) ;
#1066 = CARTESIAN_POINT ( 'NONE',  ( 5.646229213111801656E-16, 0.6204091765964160343, 4.041451884327380562 ) ) ;
#1067 = CARTESIAN_POINT ( 'NONE',  ( 2.762438329887132671, -4.398804037467637151, -1.570519481379538895 ) ) ;
#1068 = ADVANCED_FACE ( 'NONE', ( #4407 ), #1633, .T. ) ;
#1069 = CARTESIAN_POINT ( 'NONE',  ( 7.313735224848305469E-16, -6.766574999999997786, -2.470551841763085399 ) ) ;
#1070 = ORIENTED_EDGE ( 'NONE', *, *, #1545, .T. ) ;
#1071 = CARTESIAN_POINT ( 'NONE',  ( -1.389078232959948922, -3.920599286485599411, 2.831487834542955717 ) ) ;
#1072 =( BOUNDED_SURFACE ( )  B_SPLINE_SURFACE ( 1, 2, ( 
 ( #4203, #477, #1719, #1315, #906, #154, #1442, #1826, #1469, #3924, #3105, #4332, #3518, #4804, #1088, #1910, #3461, #603, #2669, #206, #1498, #576, #1856, #661, #3896, #979, #1062, #2644, #3160, #4774, #1034, #3952, #177, #3048, #4364, #3574, #3979, #2698, #632, #2289, #1414, #2260, #5125, #234, #1884, #1797, #4829, #5176, #3545, #5149, #260, #3075, #3490, #2209, #4746, #4307, #5202, #3133, #2750, #2724, #4392, #2315, #1007, #5229, #552, #2232, #3873, #1389, #4721, #3238, #1934, #2853, #4528, #3620, #4957, #759, #1543, #3597, #1625, #362, #1161, #787, #2395, #3701, #4032, #2776, #1134, #4447, #2449, #2421, #2014, #4419, #3291, #733, #3264, #4500, #4087, #2040, #1597, #4853, #686, #3674, #5252, #2801, #5275, #311, #5329 ),
 ( #1961, #1217, #4473, #3210, #4115, #2341, #5354, #4059, #4928, #1572, #1520, #1186, #4006, #334, #3188, #5303, #4880, #287, #388, #2825, #1110, #710, #1985, #2372, #3646, #4905, #1245, #2154, #925, #2125, #3787, #5040, #1308, #2587, #2909, #3347, #4583, #4196, #2991, #842, #3320, #1742, #4985, #127, #1712, #69, #898, #2504, #12, #2965, #4250, #524, #3375, #4641, #2559, #3760, #1276, #2068, #4222, #497, #4142, #1767, #470, #3814, #2096, #2182, #40, #4167, #4556, #1684, #443, #2937, #5013, #3433, #4611, #97, #3407, #871, #5071, #2532, #1333, #3844, #4666, #417, #5095, #3728, #2881, #814, #2476, #1656, #3098, #3890, #546, #3972, #2689, #3511, #3124, #4740, #654, #973, #5118, #3482, #1382, #1460, #4766, #4357, #1359 ) ),
 .UNSPECIFIED., .F., .F., .F. ) 
 B_SPLINE_SURFACE_WITH_KNOTS ( ( 2, 2 ),
 ( 3, 2, 2, 2, 2, 2, 2, 2, 2, 2, 2, 2, 2, 2, 2, 2, 2, 2, 2, 2, 2, 2, 2, 2, 2, 2, 2, 2, 2, 2, 2, 2, 2, 2, 2, 2, 2, 2, 2, 2, 2, 2, 2, 2, 2, 2, 2, 2, 2, 2, 2, 2, 2, 3 ),
 ( 0.000000000000000000, 1.000000000000000000 ),
 ( 0.000000000000000000, 0.01785714285714285615, 0.03571428571428571230, 0.05357142857142856845, 0.07142857142857142461, 0.08928571428571428770, 0.1071428571428571369, 0.1250000000000000000, 0.1428571428571428492, 0.1607142857142857262, 0.1785714285714285754, 0.1964285714285714246, 0.2142857142857142738, 0.2321428571428571508, 0.2500000000000000000, 0.2678571428571428492, 0.2857142857142856984, 0.3035714285714285476, 0.3214285714285714524, 0.3392857142857143016, 0.3571428571428571508, 0.3750000000000000000, 0.3928571428571428492, 0.4107142857142856984, 0.4285714285714285476, 0.4464285714285714524, 0.4642857142857143016, 0.4821428571428571508, 0.5000000000000000000, 0.5178571428571429047, 0.5357142857142856984, 0.5535714285714286031, 0.5714285714285713969, 0.5892857142857143016, 0.6071428571428570953, 0.6250000000000000000, 0.6428571428571429047, 0.6607142857142856984, 0.6785714285714286031, 0.6964285714285713969, 0.7142857142857143016, 0.7321428571428570953, 0.7500000000000000000, 0.7678571428571429047, 0.7857142857142856984, 0.8035714285714286031, 0.8214285714285713969, 0.8392857142857143016, 0.8571428571428570953, 0.8750000000000000000, 0.8928571428571429047, 0.9107142857142856984, 0.9285714285714286031, 0.9463255446463512133 ),
 .UNSPECIFIED. ) 
 GEOMETRIC_REPRESENTATION_ITEM ( )  RATIONAL_B_SPLINE_SURFACE ( (
 ( 1.000000000000000000, 0.9238795325112867385, 1.000000000000000000, 0.9238795325112867385, 1.000000000000000000, 0.9238795325112867385, 1.000000000000000000, 0.9238795325112867385, 1.000000000000000000, 0.9238795325112867385, 1.000000000000000000, 0.9238795325112867385, 1.000000000000000000, 0.9238795325112867385, 1.000000000000000000, 0.9238795325112867385, 1.000000000000000000, 0.9238795325112867385, 1.000000000000000000, 0.9238795325112867385, 1.000000000000000000, 0.9238795325112867385, 1.000000000000000000, 0.9238795325112867385, 1.000000000000000000, 0.9238795325112867385, 1.000000000000000000, 0.9238795325112867385, 1.000000000000000000, 0.9238795325112867385, 1.000000000000000000, 0.9238795325112867385, 1.000000000000000000, 0.9238795325112867385, 1.000000000000000000, 0.9238795325112867385, 1.000000000000000000, 0.9238795325112867385, 1.000000000000000000, 0.9238795325112867385, 1.000000000000000000, 0.9238795325112867385, 1.000000000000000000, 0.9238795325112867385, 1.000000000000000000, 0.9238795325112867385, 1.000000000000000000, 0.9238795325112867385, 1.000000000000000000, 0.9238795325112867385, 1.000000000000000000, 0.9238795325112867385, 1.000000000000000000, 0.9238795325112867385, 1.000000000000000000, 0.9238795325112867385, 1.000000000000000000, 0.9238795325112867385, 1.000000000000000000, 0.9238795325112867385, 1.000000000000000000, 0.9238795325112867385, 1.000000000000000000, 0.9238795325112867385, 1.000000000000000000, 0.9238795325112867385, 1.000000000000000000, 0.9238795325112867385, 1.000000000000000000, 0.9238795325112867385, 1.000000000000000000, 0.9238795325112867385, 1.000000000000000000, 0.9238795325112867385, 1.000000000000000000, 0.9238795325112867385, 1.000000000000000000, 0.9238795325112867385, 1.000000000000000000, 0.9238795325112867385, 1.000000000000000000, 0.9238795325112867385, 1.000000000000000000, 0.9238795325112867385, 1.000000000000000000, 0.9238795325112867385, 1.000000000000000000, 0.9238795325112867385, 1.000000000000000000, 0.9238795325112867385, 1.000000000000000000, 0.9238795325112867385, 1.000000000000000000, 0.9238795325112867385, 1.000000000000000000, 0.9238795325112867385, 1.000000000000000000, 0.9238795325112867385, 1.000000000000000000, 0.9238795325112867385, 1.000000000000000000, 0.9238795325112867385, 1.000000000000000000, 0.9238795325112867385, 1.000000000000000000, 0.9243187095335684278, 0.9991267136189249110),
 ( 1.000000000000000000, 0.9238795325112867385, 1.000000000000000000, 0.9238795325112867385, 1.000000000000000000, 0.9238795325112867385, 1.000000000000000000, 0.9238795325112867385, 1.000000000000000000, 0.9238795325112867385, 1.000000000000000000, 0.9238795325112867385, 1.000000000000000000, 0.9238795325112867385, 1.000000000000000000, 0.9238795325112867385, 1.000000000000000000, 0.9238795325112867385, 1.000000000000000000, 0.9238795325112867385, 1.000000000000000000, 0.9238795325112867385, 1.000000000000000000, 0.9238795325112867385, 1.000000000000000000, 0.9238795325112867385, 1.000000000000000000, 0.9238795325112867385, 1.000000000000000000, 0.9238795325112867385, 1.000000000000000000, 0.9238795325112867385, 1.000000000000000000, 0.9238795325112867385, 1.000000000000000000, 0.9238795325112867385, 1.000000000000000000, 0.9238795325112867385, 1.000000000000000000, 0.9238795325112867385, 1.000000000000000000, 0.9238795325112867385, 1.000000000000000000, 0.9238795325112867385, 1.000000000000000000, 0.9238795325112867385, 1.000000000000000000, 0.9238795325112867385, 1.000000000000000000, 0.9238795325112867385, 1.000000000000000000, 0.9238795325112867385, 1.000000000000000000, 0.9238795325112867385, 1.000000000000000000, 0.9238795325112867385, 1.000000000000000000, 0.9238795325112867385, 1.000000000000000000, 0.9238795325112867385, 1.000000000000000000, 0.9238795325112867385, 1.000000000000000000, 0.9238795325112867385, 1.000000000000000000, 0.9238795325112867385, 1.000000000000000000, 0.9238795325112867385, 1.000000000000000000, 0.9238795325112867385, 1.000000000000000000, 0.9238795325112867385, 1.000000000000000000, 0.9238795325112867385, 1.000000000000000000, 0.9238795325112867385, 1.000000000000000000, 0.9238795325112867385, 1.000000000000000000, 0.9238795325112867385, 1.000000000000000000, 0.9238795325112867385, 1.000000000000000000, 0.9238795325112867385, 1.000000000000000000, 0.9238795325112867385, 1.000000000000000000, 0.9238795325112867385, 1.000000000000000000, 0.9238795325112867385, 1.000000000000000000, 0.9238795325112867385, 1.000000000000000000, 0.9238795325112867385, 1.000000000000000000, 0.9238795325112867385, 1.000000000000000000, 0.9238795325112867385, 1.000000000000000000, 0.9238795325112867385, 1.000000000000000000, 0.9238795325112867385, 1.000000000000000000, 0.9238795325112867385, 1.000000000000000000, 0.9243187095335684278, 0.9991267136189249110) ) ) 
 REPRESENTATION_ITEM ( '' )  SURFACE ( )  );
#1073 = CARTESIAN_POINT ( 'NONE',  ( 0.000000000000000000, -7.500000000000000000, 3.174999999999999378 ) ) ;
#1074 = CARTESIAN_POINT ( 'NONE',  ( -3.175477177541420115, -2.045768046286130293, -0.2321273997835138769 ) ) ;
#1075 = CARTESIAN_POINT ( 'NONE',  ( -1.406963307767466587, -2.839979368842955765, 2.853793492057548953 ) ) ;
#1076 = CARTESIAN_POINT ( 'NONE',  ( -1.033928862999106603E-15, -6.155387499999998013, 2.470551841763084067 ) ) ;
#1077 = ORIENTED_EDGE ( 'NONE', *, *, #4930, .F. ) ;
#1078 = CARTESIAN_POINT ( 'NONE',  ( 1.878827708345541136, -2.771364448664319191, 2.532858848778201555 ) ) ;
#1079 = CARTESIAN_POINT ( 'NONE',  ( 2.012750103626330667, -6.402478476231413751, -2.427512693042232161 ) ) ;
#1080 = CARTESIAN_POINT ( 'NONE',  ( 2.013864628942902968, -3.328880376283604114, -2.468426967607902700 ) ) ;
#1081 = CARTESIAN_POINT ( 'NONE',  ( 2.893142127068379477, -6.368142199754280419, -1.333377539241360044 ) ) ;
#1082 = CARTESIAN_POINT ( 'NONE',  ( 1.589180038887951563, -5.295068618450668119, -2.756554559477876865 ) ) ;
#1084 = CARTESIAN_POINT ( 'NONE',  ( -2.218851032326264683, -2.992754265726065288, 2.240525743098721989 ) ) ;
#1083 = CARTESIAN_POINT ( 'NONE',  ( -0.5382255242025656417, -6.268115700860771078, -3.107442851499749192 ) ) ;
#1085 = CARTESIAN_POINT ( 'NONE',  ( -2.470551841763084955, -6.522099999999997344, -1.462747044969661094E-15 ) ) ;
#1086 = CARTESIAN_POINT ( 'NONE',  ( -0.3086368414365771584, -2.265027494595832191, -3.170682508664525834 ) ) ;
#1087 = CARTESIAN_POINT ( 'NONE',  ( 3.004976861494299545, -5.357836240396583349, -0.9582234949432779647 ) ) ;
#1088 = CARTESIAN_POINT ( 'NONE',  ( 2.245064030267287070, -6.644337499999999785, 2.245064030267288846 ) ) ;
#1090 = CARTESIAN_POINT ( 'NONE',  ( 2.334539080418745360, -4.542845772852698083, 2.119894183798741949 ) ) ;
#1089 = CARTESIAN_POINT ( 'NONE',  ( -2.655561232075808853, -4.927828081850936570, 1.759123114577036517 ) ) ;
#1091 = CARTESIAN_POINT ( 'NONE',  ( 1.937273640207818559, -2.716746900466358916, 2.524179033366080738 ) ) ;
#1092 = CARTESIAN_POINT ( 'NONE',  ( 0.2092036905885140963, -6.251688515957847692, -3.175000000000001155 ) ) ;
#1093 = CARTESIAN_POINT ( 'NONE',  ( 1.231855598731480095, -4.297075123238855987, -2.937783636483630278 ) ) ;
#1094 = CARTESIAN_POINT ( 'NONE',  ( 1.023336079404099319, -5.849793749999999903, -2.470551841763085399 ) ) ;
#1095 = CARTESIAN_POINT ( 'NONE',  ( -1.405472555353096897, -3.868607718702965936, 2.858767192209271446 ) ) ;
#1096 = CARTESIAN_POINT ( 'NONE',  ( 5.646229213111801656E-16, -1.999999999999997113, 4.041451884327380562 ) ) ;
#1097 = DIRECTION ( 'NONE',  ( -0.000000000000000000, 1.000000000000000000, -0.000000000000000000 ) ) ;
#1098 = DIRECTION ( 'NONE',  ( 0.000000000000000000, 0.000000000000000000, 1.000000000000000000 ) ) ;
#1099 = CARTESIAN_POINT ( 'NONE',  ( 2.470551841763083178, -4.016231249999997033, 1.023336079404100207 ) ) ;
#1100 = CARTESIAN_POINT ( 'NONE',  ( -2.470551841763084511, -6.399862499999997567, -1.462747044969660897E-15 ) ) ;
#1101 = CARTESIAN_POINT ( 'NONE',  ( 0.4774355611116865017, -2.832296972286679093, 3.149541044107944554 ) ) ;
#1102 = CARTESIAN_POINT ( 'NONE',  ( 2.529177004895571290, -6.438214214314625039, -1.883165730661149784 ) ) ;
#1103 = CARTESIAN_POINT ( 'NONE',  ( 2.959624492793877515, -3.503360383642063258, 1.066870544285225320 ) ) ;
#1104 = CARTESIAN_POINT ( 'NONE',  ( 0.8719884145870965275, -6.601674612762383099, 3.063924268392748118 ) ) ;
#1105 = CARTESIAN_POINT ( 'NONE',  ( 9.184850993605150903E-17, 4.700000000000000178, -0.7499999999999985567 ) ) ;
#1107 = CARTESIAN_POINT ( 'NONE',  ( 1.271215091412034370, -2.806748703600314698, 2.885750227846670235 ) ) ;
#1106 = CARTESIAN_POINT ( 'NONE',  ( -1.281035960606144775, -6.177444159964561088, -2.916606556561716079 ) ) ;
#1108 = CARTESIAN_POINT ( 'NONE',  ( 0.9811953552791043975, -2.292324355208083642, -3.022408341608062710 ) ) ;
#1109 = CARTESIAN_POINT ( 'NONE',  ( 0.8636993364768297265, -5.607140364656133080, 3.025133209670342715 ) ) ;
#1110 = CARTESIAN_POINT ( 'NONE',  ( 7.313735224848304483E-16, -6.644337499999997121, -2.470551841763084955 ) ) ;
#1112 = CARTESIAN_POINT ( 'NONE',  ( 1.211065012300850841, -4.244487074960313855, -2.911630794457014559 ) ) ;
#1111 = CARTESIAN_POINT ( 'NONE',  ( 0.8666976872163056900, -5.342118610696699577, -3.065139710133089945 ) ) ;
#1113 = CARTESIAN_POINT ( 'NONE',  ( -0.9909130173257946206, -7.369707341135402601, 2.377842510081853433 ) ) ;
#1114 = LINE ( 'NONE', #3138, #3651 ) ;
#1115 = CARTESIAN_POINT ( 'NONE',  ( 1.674346633587649347, -4.271059414485884886, -2.663478196534696085 ) ) ;
#1116 = CARTESIAN_POINT ( 'NONE',  ( 1.746943960583590805, -2.243787499999997603, 1.746943960583591915 ) ) ;
#1117 = AXIS2_PLACEMENT_3D ( 'NONE', #2570, #2920, #4969 ) ;
#1118 = CARTESIAN_POINT ( 'NONE',  ( -3.160933726189511628, -4.092729535123134532, -0.3250994241552219166 ) ) ;
#1119 = CARTESIAN_POINT ( 'NONE',  ( 3.073282742306519211, -6.395287314033082815, -0.8238702745719886922 ) ) ;
#1120 = CARTESIAN_POINT ( 'NONE',  ( 3.174999999999999822, -2.488262499999995825, 0.000000000000000000 ) ) ;
#1121 = CARTESIAN_POINT ( 'NONE',  ( 7.690482901705569098E-15, -4.724199587359795061, 3.174999999999999378 ) ) ;
#1122 = CARTESIAN_POINT ( 'NONE',  ( -2.470551841763085399, -3.405043749999996816, 1.023336079404096655 ) ) ;
#1123 = CARTESIAN_POINT ( 'NONE',  ( 3.182391414309273081, -2.581038735291261155, 0.1365375052409580625 ) ) ;
#1124 = CC_DESIGN_APPROVAL ( #3489, ( #4356 ) ) ;
#1125 = LINE ( 'NONE', #4023, #3734 ) ;
#1126 = CARTESIAN_POINT ( 'NONE',  ( 0.7583664110813903569, -3.673835462542577979, 3.094076137266572157 ) ) ;
#1127 = CARTESIAN_POINT ( 'NONE',  ( -0.02954024181344634681, -6.681323962292584184, 3.177545092529880044 ) ) ;
#1128 = EDGE_CURVE ( 'NONE', #4150, #50, #4149, .T. ) ;
#1129 = CARTESIAN_POINT ( 'NONE',  ( 2.098403401796569145, -5.325747034903800525, -2.391678622468995652 ) ) ;
#1131 = CARTESIAN_POINT ( 'NONE',  ( -0.6607569325516877701, -3.328194452243968371, -3.083283465938389867 ) ) ;
#1130 = CARTESIAN_POINT ( 'NONE',  ( 0.9894775589660153026, -6.326442927965102214, -3.027825825880601673 ) ) ;
#1132 = CARTESIAN_POINT ( 'NONE',  ( 3.032198978751746932, -2.570854513569679867, 0.9504647503216551163 ) ) ;
#1133 = CARTESIAN_POINT ( 'NONE',  ( 1.923835342726319730, -5.600458111721397181, 2.539161452076222680 ) ) ;
#1134 = CARTESIAN_POINT ( 'NONE',  ( -2.245064030267287514, -2.243787499999999380, -2.245064030267289290 ) ) ;
#1136 = CARTESIAN_POINT ( 'NONE',  ( 2.183942608251527862, -3.575139561438151592, 2.274662752034068980 ) ) ;
#1135 = CARTESIAN_POINT ( 'NONE',  ( 0.8684512748936927817, -5.306537939686776895, -3.064643257559987344 ) ) ;
#1137 = CARTESIAN_POINT ( 'NONE',  ( 1.746943960583590805, -7.133287499999998005, 1.746943960583591915 ) ) ;
#1138 = CARTESIAN_POINT ( 'NONE',  ( 1.406823672538093373, -6.659341526693615343, 2.853892599172090705 ) ) ;
#1139 = CARTESIAN_POINT ( 'NONE',  ( 2.934785020414420131, -4.382814205070925340, -1.218410334990176924 ) ) ;
#1140 = CARTESIAN_POINT ( 'NONE',  ( -1.023336079404097765, -3.771756249999997035, -2.470551841763085843 ) ) ;
#1141 = EDGE_LOOP ( 'NONE', ( #1606, #2162, #1478, #4537 ) ) ;
#1142 = CARTESIAN_POINT ( 'NONE',  ( -3.129549476546608755, -4.109143060791496715, -0.3210420264967410175 ) ) ;
#1143 = CALENDAR_DATE ( 2026, 3, 1 ) ;
#1144 = DIRECTION ( 'NONE',  ( 0.000000000000000000, -2.900479261138467772E-16, 1.000000000000000000 ) ) ;
#1145 = CARTESIAN_POINT ( 'NONE',  ( -1.936088280614976176, -4.826697208893114599, 2.524870493330820143 ) ) ;
#1146 = CARTESIAN_POINT ( 'NONE',  ( 1.746943960583591915, -7.744474999999997777, -1.746943960583591471 ) ) ;
#1147 = ADVANCED_FACE ( 'NONE', ( #2457 ), #3388, .T. ) ;
#1148 = EDGE_LOOP ( 'NONE', ( #3627, #4320 ) ) ;
#1149 = CARTESIAN_POINT ( 'NONE',  ( -3.153203946697292981, -3.113269214300382171, 0.06017638573743955277 ) ) ;
#1150 = CARTESIAN_POINT ( 'NONE',  ( 3.012545097684896866, -4.581332547268660349, 1.023748059340761296 ) ) ;
#1151 = CARTESIAN_POINT ( 'NONE',  ( -0.2789611275387438027, -3.707467619044143792, 3.133660796836394535 ) ) ;
#1152 = CARTESIAN_POINT ( 'NONE',  ( -1.417194426226402015, -6.752069957187664784, 2.853015031354350306 ) ) ;
#1153 = CARTESIAN_POINT ( 'NONE',  ( -2.390710194690872648, -6.059238480721233167, -2.099515829538102007 ) ) ;
#1154 = B_SPLINE_CURVE_WITH_KNOTS ( 'NONE', 3,
 ( #3828, #4262, #2192, #984, #1394, #483, #2978, #1345, #2649, #137, #4654, #3389, #510, #2166, #1779, #1755, #5083, #4676, #4726, #4287, #937, #3027, #4700, #2626, #4311, #556, #158, #1803, #2139, #3799, #181, #3465 ),
 .UNSPECIFIED., .F., .F.,
 ( 4, 2, 2, 2, 2, 2, 2, 2, 2, 2, 2, 2, 2, 2, 2, 4 ),
 ( 0.007169935319233139599, 0.008253948997071939436, 0.008795955835991339788, 0.009337962674910740141, 0.009879969513830140493, 0.01042197635274954085, 0.01096398319166894120, 0.01150599003058834155, 0.01204799686950774190, 0.01259000370842714225, 0.01313201054734654087, 0.01367401738626594122, 0.01421602422518534158, 0.01475803106410474019, 0.01530003790302414055, 0.01584204474194354090 ),
 .UNSPECIFIED. ) ;
#1155 = CARTESIAN_POINT ( 'NONE',  ( -2.048943052386117625, -1.951061263157411130, 2.425377778425179986 ) ) ;
#1156 = EDGE_CURVE ( 'NONE', #3384, #4564, #3647, .T. ) ;
#1158 = CARTESIAN_POINT ( 'NONE',  ( 0.6155948285997997482, -4.368164221194962060, -3.092577170698211475 ) ) ;
#1157 = CARTESIAN_POINT ( 'NONE',  ( -2.145998699880858229, -6.162355265735850018, -2.353955445669760671 ) ) ;
#1159 = CARTESIAN_POINT ( 'NONE',  ( 2.713962812635859034, -2.574661050313236554, 1.668125410643130913 ) ) ;
#1160 = CARTESIAN_POINT ( 'NONE',  ( 0.3602077662838952254, -5.649354360103427730, 3.157193875680137207 ) ) ;
#1161 = CARTESIAN_POINT ( 'NONE',  ( 3.174999999999999822, -2.610499999999999154, 0.000000000000000000 ) ) ;
#1163 = CARTESIAN_POINT ( 'NONE',  ( 2.063368354653019487, -4.294681354288555575, -2.384476802618904046 ) ) ;
#1162 = CARTESIAN_POINT ( 'NONE',  ( -2.216052599823182589, -5.195070219943630718, -2.244023751290343593 ) ) ;
#1164 = CARTESIAN_POINT ( 'NONE',  ( 2.470551841763084067, -6.094268749999997681, 1.023336079404100207 ) ) ;
#1165 = CARTESIAN_POINT ( 'NONE',  ( 1.022061873083214500, -2.330071677891325077, -3.013270931907729988 ) ) ;
#1166 = CARTESIAN_POINT ( 'NONE',  ( 1.920490419936057958, -4.622568979640054643, 2.531668085848365113 ) ) ;
#1167 = CARTESIAN_POINT ( 'NONE',  ( -2.470551841763084511, -1.693718749999997497, -1.023336079404099763 ) ) ;
#1168 = VERTEX_POINT ( 'NONE', #4788 ) ;
#1169 = CARTESIAN_POINT ( 'NONE',  ( -3.177007707291479743, -4.074489807941347408, 0.06238017848139205263 ) ) ;
#1170 =( NAMED_UNIT ( * ) SI_UNIT ( $, .STERADIAN. ) SOLID_ANGLE_UNIT ( ) );
#1171 = EDGE_CURVE ( 'NONE', #899, #3740, #1986, .T. ) ;
#1172 = CARTESIAN_POINT ( 'NONE',  ( -2.854503334646034229, -5.925988364432205557, 1.405530808304872981 ) ) ;
#1173 = CARTESIAN_POINT ( 'NONE',  ( 3.072844004877629764, -4.520066229256623380, 0.8255459928672805869 ) ) ;
#1174 = CARTESIAN_POINT ( 'NONE',  ( 1.746943960583591915, -6.766574999999997786, -1.746943960583591471 ) ) ;
#1175 = CARTESIAN_POINT ( 'NONE',  ( -3.184950928613039967, -3.061270767248207569, 0.05825867614448203280 ) ) ;
#1176 = CARTESIAN_POINT ( 'NONE',  ( 2.245064030267287070, -7.499999999999996447, 2.245064030267288846 ) ) ;
#1177 = CARTESIAN_POINT ( 'NONE',  ( 7.657907256503758141E-16, -2.169673028306644103, -3.032627424527159388 ) ) ;
#1178 = CARTESIAN_POINT ( 'NONE',  ( -0.2792034764693752114, -3.759463968127986444, 3.165395917621035782 ) ) ;
#1179 = CARTESIAN_POINT ( 'NONE',  ( -2.052501225063485091, -6.738742136314107789, 2.394659342106769007 ) ) ;
#1180 = CARTESIAN_POINT ( 'NONE',  ( 0.000000000000000000, 5.754792120177906867, 2.168404344971008868E-15 ) ) ;
#1181 = CARTESIAN_POINT ( 'NONE',  ( -2.047615540457285555, -1.986643929270724085, 2.426499251693276626 ) ) ;
#1183 = CARTESIAN_POINT ( 'NONE',  ( -2.171544497918532546, -4.219680879378463700, -2.286393470868735456 ) ) ;
#1182 = CARTESIAN_POINT ( 'NONE',  ( 2.266049534884558181, -6.418540193552080275, -2.193274734210948651 ) ) ;
#1184 = CARTESIAN_POINT ( 'NONE',  ( 0.8724222574896773885, -2.673141140637223412, 3.030806615567026352 ) ) ;
#1185 = CARTESIAN_POINT ( 'NONE',  ( -0.2875273883246680096, -5.715508126273226353, 3.172828921677661729 ) ) ;
#1186 = CARTESIAN_POINT ( 'NONE',  ( -1.023336079404100429, -7.194406249999997449, 2.470551841763083178 ) ) ;
#1187 = ORIENTED_EDGE ( 'NONE', *, *, #4224, .T. ) ;
#1189 = CARTESIAN_POINT ( 'NONE',  ( -0.8124419255879140600, -2.756297239975961322, 3.046809270892136823 ) ) ;
#1188 = CARTESIAN_POINT ( 'NONE',  ( -3.121102114201849353, -5.093336344249582481, -0.4516032296591563355 ) ) ;
#1190 = CARTESIAN_POINT ( 'NONE',  ( 1.023336079404098431, -7.194406249999998337, 2.470551841763084067 ) ) ;
#1191 = CARTESIAN_POINT ( 'NONE',  ( 2.754870448092120672, -2.441862983971053946, -1.591938370068871844 ) ) ;
#1192 = CARTESIAN_POINT ( 'NONE',  ( 1.125755562258800691, -4.632466457211828370, 2.980044855429988537 ) ) ;
#1193 = B_SPLINE_CURVE_WITH_KNOTS ( 'NONE', 3,
 ( #4099, #3745, #3686, #3660, #2489, #5286, #720, #2081, #374, #5368, #4569, #5315, #1639, #1583, #3249, #323, #2463, #1173, #2025, #1973, #1668, #5340, #4892, #3307, #771, #2789, #1611, #4972, #4942, #1202, #4154, #4864 ),
 .UNSPECIFIED., .F., .F.,
 ( 4, 2, 2, 2, 2, 2, 2, 2, 2, 2, 2, 2, 2, 2, 2, 4 ),
 ( 0.04591381101233540929, 0.04654106372505074224, 0.04716831643776608213, 0.04779556915048141508, 0.04842282186319675497, 0.04905007457591208792, 0.04967732728862742086, 0.05093183271405809370, 0.05155908542677342665, 0.05218633813948876654, 0.05281359085220409949, 0.05344084356491943244, 0.05406809627763477233, 0.05469534899035010528, 0.05532260170306543823, 0.05594985441578077812 ),
 .UNSPECIFIED. ) ;
#1194 = CARTESIAN_POINT ( 'NONE',  ( 1.023336079404098431, -2.304906249999998380, 2.470551841763084067 ) ) ;
#1195 = EDGE_CURVE ( 'NONE', #4628, #850, #1427, .T. ) ;
#1196 = CARTESIAN_POINT ( 'NONE',  ( 1.023336079404098209, -6.094268749999997681, 2.470551841763083178 ) ) ;
#1197 = VERTEX_POINT ( 'NONE', #1048 ) ;
#1199 = CARTESIAN_POINT ( 'NONE',  ( 1.494972566884292808, -6.216239553906586224, -2.776602380589813013 ) ) ;
#1198 = CARTESIAN_POINT ( 'NONE',  ( -3.176875915037361775, -4.080483381788820196, -0.06819543866135371890 ) ) ;
#1200 = CARTESIAN_POINT ( 'NONE',  ( 1.408446546672438515, -6.608357819318269044, 2.853126383655602449 ) ) ;
#1201 = CARTESIAN_POINT ( 'NONE',  ( -1.950603519394402019, -5.855886716373875700, 2.539753419621099351 ) ) ;
#1202 = CARTESIAN_POINT ( 'NONE',  ( 0.4137455623505800206, -4.704587173598861582, 3.154753163211706291 ) ) ;
#1203 = CARTESIAN_POINT ( 'NONE',  ( -1.912220183232435478, -6.766575000000052853, 2.550906726830891813 ) ) ;
#1204 = AXIS2_PLACEMENT_3D ( 'NONE', #1047, #1425, #1098 ) ;
#1205 = CARTESIAN_POINT ( 'NONE',  ( -3.093452959876598296, -3.143749028814184054, -0.5724976399888994649 ) ) ;
#1206 = CARTESIAN_POINT ( 'NONE',  ( -2.470551841763084511, -1.693718749999997497, -1.023336079404099763 ) ) ;
#1207 = CARTESIAN_POINT ( 'NONE',  ( 1.021852332167633381, -4.724502339573509069, 3.013363377027633128 ) ) ;
#1208 = VECTOR ( 'NONE', #1320, 1000.000000000000000 ) ;
#1209 = CARTESIAN_POINT ( 'NONE',  ( 2.487946788687418920, -3.571851428176695542, 1.989588689063253257 ) ) ;
#1210 = CARTESIAN_POINT ( 'NONE',  ( 1.936997329385193867, -3.694659892936921874, 2.524186691965041529 ) ) ;
#1211 = CARTESIAN_POINT ( 'NONE',  ( -2.390934084275748273, -3.929038656892030357, 2.099296192090172930 ) ) ;
#1212 = CARTESIAN_POINT ( 'NONE',  ( -2.392561341632363003, -3.176323289983114417, -2.097460751106965837 ) ) ;
#1214 = CARTESIAN_POINT ( 'NONE',  ( 1.765695293417181899, -4.431482448704374910, -2.612651911741224353 ) ) ;
#1213 = CARTESIAN_POINT ( 'NONE',  ( 3.111641136079978054, -6.553254841197487579, 0.6441281017663323949 ) ) ;
#1215 = CARTESIAN_POINT ( 'NONE',  ( 0.3686977119012740389, -2.698759741211779861, 3.132248782131618281 ) ) ;
#1216 = CARTESIAN_POINT ( 'NONE',  ( -3.050720417013790708, -5.856579863166171407, 0.7685399190078315845 ) ) ;
#1217 = CARTESIAN_POINT ( 'NONE',  ( 2.470551841763084955, -7.805593749999997222, -1.023336079404098431 ) ) ;
#1219 = CARTESIAN_POINT ( 'NONE',  ( 2.994784226173598629, -2.422575952864256532, -0.9872404857306977810 ) ) ;
#1218 = CARTESIAN_POINT ( 'NONE',  ( -2.574193770573867557, -5.118352065495302305, -1.876445192907826298 ) ) ;
#1220 = CARTESIAN_POINT ( 'NONE',  ( 2.470551841763084955, -5.055249999999998245, 0.000000000000000000 ) ) ;
#1221 = CARTESIAN_POINT ( 'NONE',  ( 0.000000000000000000, 7.500000000000000888, -2.250000000003625988 ) ) ;
#1222 = CARTESIAN_POINT ( 'NONE',  ( 0.1022068130024618021, -4.667110004132845269, 3.152506679491733355 ) ) ;
#1223 = CARTESIAN_POINT ( 'NONE',  ( 2.470551841763085399, -3.038331249999997929, -1.023336079404098653 ) ) ;
#1224 = CARTESIAN_POINT ( 'NONE',  ( 1.746943960583591915, -5.788674999999997794, -1.746943960583591471 ) ) ;
#1225 = ORIENTED_EDGE ( 'NONE', *, *, #1156, .T. ) ;
#1226 = ORIENTED_EDGE ( 'NONE', *, *, #4237, .F. ) ;
#1228 = DIRECTION ( 'NONE',  ( 1.000000000000000000, -3.552062643146505149E-32, 1.224646799147353207E-16 ) ) ;
#1227 = CARTESIAN_POINT ( 'NONE',  ( -2.953411044701653054, -4.017614067239189346, 1.193592955923129084 ) ) ;
#1229 = APPROVAL_ROLE ( '' ) ;
#1230 = CARTESIAN_POINT ( 'NONE',  ( -1.022210040955105370, -5.803623629365125325, 3.013191347228150185 ) ) ;
#1231 = EDGE_CURVE ( 'NONE', #2863, #3993, #5046, .T. ) ;
#1232 = CARTESIAN_POINT ( 'NONE',  ( 7.690482901705569098E-15, -4.724199587359795061, 3.174999999999999378 ) ) ;
#1233 = CARTESIAN_POINT ( 'NONE',  ( -2.673045009632723179, -6.788595978003536757, 1.696764939723498067 ) ) ;
#1234 = CARTESIAN_POINT ( 'NONE',  ( -2.960105226636460696, -3.169472836312844599, -1.065253948504620851 ) ) ;
#1235 = CARTESIAN_POINT ( 'NONE',  ( -1.033928862999106603E-15, -4.321824999999997807, 2.470551841763084511 ) ) ;
#1236 = CARTESIAN_POINT ( 'NONE',  ( 1.022133513232324153, -4.336770624239968619, -3.013162826651418769 ) ) ;
#1237 = CARTESIAN_POINT ( 'NONE',  ( 0.1080839428944676411, -3.689125559406781552, 3.144160187513130200 ) ) ;
#1238 = CARTESIAN_POINT ( 'NONE',  ( 0.3631256480182190050, -6.662779608561616662, 3.156865498658545821 ) ) ;
#1239 = CARTESIAN_POINT ( 'NONE',  ( -0.3162203149347807551, -6.798182588612613486, 3.127446332775403626 ) ) ;
#1240 = CARTESIAN_POINT ( 'NONE',  ( -3.108267307302151838, -2.052230067136279867, 0.6964151123893987938 ) ) ;
#1242 = CARTESIAN_POINT ( 'NONE',  ( 0.2432470580080282330, -4.815797283035789356, 3.143992262390756576 ) ) ;
#1241 = CARTESIAN_POINT ( 'NONE',  ( 1.459231724367350935, -6.692146466629986357, 2.831467765921209523 ) ) ;
#1243 = CARTESIAN_POINT ( 'NONE',  ( 2.990821399118139823, -2.577370678841521379, 1.073529640555223263 ) ) ;
#1244 = CARTESIAN_POINT ( 'NONE',  ( -2.064989395301662256, -5.777030509372606204, 2.415222977738669563 ) ) ;
#1245 = CARTESIAN_POINT ( 'NONE',  ( -1.746943960583592359, -6.277624999999997790, 1.746943960583590361 ) ) ;
#1246 = CIRCLE ( 'NONE', #4384, 1.500000000000002220 ) ;
#1248 = CARTESIAN_POINT ( 'NONE',  ( 2.040624859006144209, -3.315398472510009853, -2.404023766283607255 ) ) ;
#1247 = CARTESIAN_POINT ( 'NONE',  ( 2.191540388368145464, -5.670563634339480963, 2.311674300835206086 ) ) ;
#1249 = CARTESIAN_POINT ( 'NONE',  ( -2.470551841763084511, -4.627418749999997694, -1.023336079404099985 ) ) ;
#1250 = DIRECTION ( 'NONE',  ( -0.000000000000000000, 1.000000000000000000, -0.000000000000000000 ) ) ;
#1251 = CIRCLE ( 'NONE', #4041, 5.999999999999998224 ) ;
#1252 = CARTESIAN_POINT ( 'NONE',  ( 1.812007248932272940, -4.593458754282075063, 2.610427976030950337 ) ) ;
#1253 = LINE ( 'NONE', #2567, #2378 ) ;
#1254 = CARTESIAN_POINT ( 'NONE',  ( -2.470551841763084511, -5.421962499999996687, -1.462747044969660897E-15 ) ) ;
#1255 = EDGE_LOOP ( 'NONE', ( #4095, #5138, #1187, #987 ) ) ;
#1256 = ORIENTED_EDGE ( 'NONE', *, *, #907, .F. ) ;
#1258 = CARTESIAN_POINT ( 'NONE',  ( -1.177605185954070821, -6.079412729582790220, -2.925237127006380611 ) ) ;
#1257 = CARTESIAN_POINT ( 'NONE',  ( 2.877416997601536686, -4.461376264740557929, -1.366862044048497760 ) ) ;
#1259 = DATE_AND_TIME ( #4970, #1390 ) ;
#1260 = CARTESIAN_POINT ( 'NONE',  ( -2.854282345253419617, -6.068987768990557363, -1.405871839144754221 ) ) ;
#1261 = CARTESIAN_POINT ( 'NONE',  ( -0.5621539266893763598, -2.303504678455913002, -3.137306252917220650 ) ) ;
#1262 = CARTESIAN_POINT ( 'NONE',  ( 7.313735224848304483E-16, -3.710637499999997146, -2.470551841763084955 ) ) ;
#1263 = CARTESIAN_POINT ( 'NONE',  ( -1.841984738956364831, -3.247234964411727987, -2.599073981529817168 ) ) ;
#1264 = CARTESIAN_POINT ( 'NONE',  ( 1.746943960583592359, -2.977212499999998041, -1.746943960583591693 ) ) ;
#1265 = CARTESIAN_POINT ( 'NONE',  ( 1.592268546043203559, -4.368244188336882772, -2.754645801129264271 ) ) ;
#1266 = CARTESIAN_POINT ( 'NONE',  ( -3.177658544574177402, -3.954676398431490991, 0.01048070797847288141 ) ) ;
#1267 = ORIENTED_EDGE ( 'NONE', *, *, #2033, .F. ) ;
#1268 = CARTESIAN_POINT ( 'NONE',  ( 0.2090194910870100398, -3.317979952766261231, -3.175000000000002487 ) ) ;
#1269 = CARTESIAN_POINT ( 'NONE',  ( -1.023406926768955616, -4.235466314413162792, -3.012647512090667945 ) ) ;
#1270 = CARTESIAN_POINT ( 'NONE',  ( -3.179728571608648746, -2.077201637567600567, 0.1888011475159281360 ) ) ;
#1272 = CARTESIAN_POINT ( 'NONE',  ( -2.652390891404508899, -4.183417142062546112, -1.705667378185758531 ) ) ;
#1271 = CARTESIAN_POINT ( 'NONE',  ( 2.094182949096556445, -6.618807558286169623, 2.400518263353239590 ) ) ;
#1273 = APPLICATION_CONTEXT ( 'configuration controlled 3d designs of mechanical parts and assemblies' ) ;
#1274 = CARTESIAN_POINT ( 'NONE',  ( -3.160065546659845737, -2.958216146784121481, 0.4025649356211460361 ) ) ;
#1275 = CARTESIAN_POINT ( 'NONE',  ( -1.757361738845247823, -5.793749510015145709, 2.657018445852705302 ) ) ;
#1276 = CARTESIAN_POINT ( 'NONE',  ( -2.470551841763084511, -4.444062499999997584, -1.462747044969660897E-15 ) ) ;
#1277 = EDGE_LOOP ( 'NONE', ( #4761, #2684, #505, #1863 ) ) ;
#1279 = CARTESIAN_POINT ( 'NONE',  ( -0.3218069776260401582, -2.731517481033961747, 3.136807384372360286 ) ) ;
#1278 = CARTESIAN_POINT ( 'NONE',  ( 3.112637717409420191, -5.536267780368169689, -0.5067788406728773731 ) ) ;
#1280 = CARTESIAN_POINT ( 'NONE',  ( 0.7550707357718987600, -2.196396006342932417, -2.938203600740298960 ) ) ;
#1281 = CARTESIAN_POINT ( 'NONE',  ( -0.2421720820301556387, -6.786819231732867053, 3.145448266745193955 ) ) ;
#1282 = CARTESIAN_POINT ( 'NONE',  ( 0.3585397151692699125, -4.655061006517723143, 3.133504451402898461 ) ) ;
#1283 = CARTESIAN_POINT ( 'NONE',  ( -2.525028114920711442, -3.888300414718627529, 1.935891304329573126 ) ) ;
#1284 = CARTESIAN_POINT ( 'NONE',  ( 7.313735224848304483E-16, -4.688537499999997138, -2.470551841763084955 ) ) ;
#1285 = EDGE_LOOP ( 'NONE', ( #4177, #84, #3692, #4378 ) ) ;
#1286 = ORIENTED_EDGE ( 'NONE', *, *, #1768, .F. ) ;
#1288 = CARTESIAN_POINT ( 'NONE',  ( 1.033314374313030637, -6.190625995443124197, -2.979383147665665366 ) ) ;
#1287 = CARTESIAN_POINT ( 'NONE',  ( 2.617551404092666623, -4.435524047576790529, -1.815561916454293767 ) ) ;
#1289 = CARTESIAN_POINT ( 'NONE',  ( 1.144401025603482370E-15, -1.999999999999997113, -4.041451884327381450 ) ) ;
#1290 = COORDINATED_UNIVERSAL_TIME_OFFSET ( 6, 0, .BEHIND. ) ;
#1291 = CARTESIAN_POINT ( 'NONE',  ( -2.525427590696941227, -5.122029826552954468, -1.935362791172389185 ) ) ;
#1292 = CARTESIAN_POINT ( 'NONE',  ( -3.154621125442875318, -4.948984310135163156, 0.4153667468686090825 ) ) ;
#1293 = CARTESIAN_POINT ( 'NONE',  ( -1.033928862999106603E-15, -5.177487499999998022, 2.470551841763084067 ) ) ;
#1294 = CARTESIAN_POINT ( 'NONE',  ( 2.929083252214687239, -3.489813477097759353, -1.251897771043440466 ) ) ;
#1295 = CARTESIAN_POINT ( 'NONE',  ( 1.746943960583590805, -4.199587499999997142, 1.746943960583591915 ) ) ;
#1296 = DIRECTION ( 'NONE',  ( 0.000000000000000000, -3.273063162216801501E-16, 1.000000000000000000 ) ) ;
#1297 = CARTESIAN_POINT ( 'NONE',  ( -2.502663610455859278, -4.041228667430239341, -1.919696321606192857 ) ) ;
#1298 = CARTESIAN_POINT ( 'NONE',  ( 3.012871584964150085, -3.451166436787020952, -1.023098294261691521 ) ) ;
#1299 = CARTESIAN_POINT ( 'NONE',  ( -2.613696045600844009, -2.000807538175720435, 1.802306838984863102 ) ) ;
#1300 = CARTESIAN_POINT ( 'NONE',  ( 0.9905921799608224942, -2.379228581135381493, -3.027509042306544718 ) ) ;
#1301 = VECTOR ( 'NONE', #4353, 1000.000000000000000 ) ;
#1303 = CARTESIAN_POINT ( 'NONE',  ( -3.128112666886504911, -6.030616983832635114, 0.3981620595504855031 ) ) ;
#1302 = CARTESIAN_POINT ( 'NONE',  ( 3.166807220640374787, -6.498761494748954703, 0.2618589452180982713 ) ) ;
#1304 = CARTESIAN_POINT ( 'NONE',  ( -2.357185233855058293, -3.091992162222104490, -2.131035969115978368 ) ) ;
#1305 = EDGE_CURVE ( 'NONE', #5217, #2657, #1347, .T. ) ;
#1306 = CARTESIAN_POINT ( 'NONE',  ( -3.059507565628305947, -5.932080196113913573, -0.7667420302900845863 ) ) ;
#1307 = AXIS2_PLACEMENT_3D ( 'NONE', #2597, #3358, #3853 ) ;
#1308 = CARTESIAN_POINT ( 'NONE',  ( 2.470551841763084511, -5.910912499999996683, 0.000000000000000000 ) ) ;
#1309 = EDGE_LOOP ( 'NONE', ( #2359, #640, #2119, #1226 ) ) ;
#1311 = CARTESIAN_POINT ( 'NONE',  ( 3.063062076494004859, -2.508519758917713727, 0.7488182385137026609 ) ) ;
#1310 = CARTESIAN_POINT ( 'NONE',  ( 3.009739889712333749, -5.559073273970456697, 1.019154936405731959 ) ) ;
#1312 = DIRECTION ( 'NONE',  ( -0.000000000000000000, -1.000000000000000000, 7.703719777548942317E-32 ) ) ;
#1313 = DIRECTION ( 'NONE',  ( -0.000000000000000000, 1.000000000000000000, 2.900479261138468265E-16 ) ) ;
#1314 = CARTESIAN_POINT ( 'NONE',  ( -3.025057548728431467, -4.960772651135297195, -0.8929171142264678007 ) ) ;
#1315 = CARTESIAN_POINT ( 'NONE',  ( 1.315128060534577648, -7.316643749999999002, -3.174999999999999822 ) ) ;
#1316 = VERTEX_POINT ( 'NONE', #2487 ) ;
#1318 = CARTESIAN_POINT ( 'NONE',  ( 2.461026312995586274, -6.489215870857123036, 1.971409197619827136 ) ) ;
#1317 = CARTESIAN_POINT ( 'NONE',  ( 2.616528258370970583, -4.471105507959362235, -1.817034065743856175 ) ) ;
#1319 = DIRECTION ( 'NONE',  ( 0.000000000000000000, 0.000000000000000000, 1.000000000000000000 ) ) ;
#1320 = DIRECTION ( 'NONE',  ( -0.000000000000000000, -1.000000000000000000, 7.703719777548942317E-32 ) ) ;
#1321 = CARTESIAN_POINT ( 'NONE',  ( 0.000000000000000000, 7.499999999999998224, 5.343158109677157026E-17 ) ) ;
#1322 = CARTESIAN_POINT ( 'NONE',  ( 2.470551841763084955, -5.849793749999999015, -1.023336079404098431 ) ) ;
#1323 = CARTESIAN_POINT ( 'NONE',  ( -1.611417617817660686, -3.276329069530019122, -2.710889987217859343 ) ) ;
#1324 = CARTESIAN_POINT ( 'NONE',  ( -3.175000000000000711, -4.871893749999996359, 1.315128060534574983 ) ) ;
#1325 = CARTESIAN_POINT ( 'NONE',  ( 9.041865558485244148E-14, -2.509976067595101057, 2.747079269771709242 ) ) ;
#1326 = CARTESIAN_POINT ( 'NONE',  ( 0.2170248156487282198, -4.193385919561029240, -3.146651187850231235 ) ) ;
#1327 = CARTESIAN_POINT ( 'NONE',  ( 2.755676772123806462, -3.583827322008159122, 1.590617783760204462 ) ) ;
#1328 = CARTESIAN_POINT ( 'NONE',  ( -2.524934310389251646, -4.144173359205908902, -1.936095027916908240 ) ) ;
#1329 = CARTESIAN_POINT ( 'NONE',  ( 2.264327560803145012, -2.507206744771511620, -2.195040363297271924 ) ) ;
#1330 = CARTESIAN_POINT ( 'NONE',  ( 1.792113653804649154, -5.410975790411025166, -2.594481062408207972 ) ) ;
#1331 = CARTESIAN_POINT ( 'NONE',  ( -2.936570978760588702, -2.902711832328574992, 1.150896457407291962 ) ) ;
#1332 = CARTESIAN_POINT ( 'NONE',  ( 1.354413264696773478, -6.259786843563836634, -2.874588132162714693 ) ) ;
#1333 = CARTESIAN_POINT ( 'NONE',  ( 2.470551841763084511, -2.977212499999997153, 0.000000000000000000 ) ) ;
#1334 = EDGE_CURVE ( 'NONE', #2863, #2329, #351, .T. ) ;
#1336 = CYLINDRICAL_SURFACE ( 'NONE', #3907, 3.174999999999999822 ) ;
#1335 = CARTESIAN_POINT ( 'NONE',  ( 2.928788072330703152, -5.445581638317009698, -1.252460686872687745 ) ) ;
#1337 = CARTESIAN_POINT ( 'NONE',  ( 1.746943960583590805, -3.221687499999998039, 1.746943960583591915 ) ) ;
#1338 = CARTESIAN_POINT ( 'NONE',  ( -2.357603117081443767, -2.149727361753822841, -2.130575470604085808 ) ) ;
#1339 = CARTESIAN_POINT ( 'NONE',  ( -2.269347703582856202, -5.090007171358358562, -2.235636713875789106 ) ) ;
#1340 = DIRECTION ( 'NONE',  ( 0.000000000000000000, 1.000000000000000000, -7.703719777548943412E-32 ) ) ;
#1341 = ORIENTED_EDGE ( 'NONE', *, *, #2930, .F. ) ;
#1343 = CARTESIAN_POINT ( 'NONE',  ( 3.149169218708851581, -5.398077747358467349, -0.1607032801770554298 ) ) ;
#1342 = CARTESIAN_POINT ( 'NONE',  ( 0.7392141342389235703, -4.357654323469397184, -3.098369028618959131 ) ) ;
#1344 = CARTESIAN_POINT ( 'NONE',  ( -1.134825510061417297, 1.216517193596977187, -3.386260070610167094 ) ) ;
#1345 = CARTESIAN_POINT ( 'NONE',  ( 2.080572985040873402, -7.091160627558366514, -1.956829617999713999 ) ) ;
#1346 = CARTESIAN_POINT ( 'NONE',  ( 1.092007829886791681, -2.839528623375211502, -2.233660884446607486 ) ) ;
#1347 = B_SPLINE_CURVE_WITH_KNOTS ( 'NONE', 3,
 ( #4816, #618, #1509, #246, #2244, #1075, #2763, #4406, #672, #1948, #3609, #1020, #588, #273, #3503, #2327, #5187, #1923, #3117, #3909, #3585, #1532, #190, #2682, #2275, #825, #480, #2050, #4234, #455 ),
 .UNSPECIFIED., .F., .F.,
 ( 4, 2, 2, 2, 2, 2, 2, 2, 2, 2, 2, 2, 2, 2, 4 ),
 ( 0.01578777053950214393, 0.01641539341282411552, 0.01704301628614608710, 0.01767063915946805869, 0.01829826203279003027, 0.01955350777943397345, 0.02018113065275594503, 0.02080875352607791662, 0.02143637639939988820, 0.02206399927272185979, 0.02331924501936580296, 0.02394686789268777455, 0.02457449076600974613, 0.02520211363933171772, 0.02582973651265368584 ),
 .UNSPECIFIED. ) ;
#1348 = CARTESIAN_POINT ( 'NONE',  ( -2.470551841763085399, -3.405043749999997260, 1.023336079404096655 ) ) ;
#1349 = B_SPLINE_CURVE_WITH_KNOTS ( 'NONE', 3,
 ( #596, #950, #4277, #5323, #3232, #2819, #5223, #4109, #1537, #4079, #5295, #1567, #2846, #2415, #281, #1492, #4899, #2744, #1955, #4439, #1153, #4494, #753, #354, #1590, #2770, #382, #5270 ),
 .UNSPECIFIED., .F., .F.,
 ( 4, 2, 2, 2, 2, 2, 2, 2, 2, 2, 2, 2, 2, 4 ),
 ( 0.07603208145710237120, 0.07728746188296158059, 0.07791515209589119917, 0.07854284230882080386, 0.07917053252175040856, 0.07979822273468001326, 0.08105360316053923653, 0.08168129337346884122, 0.08230898358639844592, 0.08293667379932805062, 0.08356436401225765531, 0.08481974443811687858, 0.08544743465104648328, 0.08607512486397608797 ),
 .UNSPECIFIED. ) ;
#1350 = CARTESIAN_POINT ( 'NONE',  ( 2.898867540251052866, -3.541804840397685616, -1.241899939546852183 ) ) ;
#1351 = CARTESIAN_POINT ( 'NONE',  ( -2.245064030267289290, -4.810774999999996027, 2.245064030267287070 ) ) ;
#1352 = DIRECTION ( 'NONE',  ( 0.000000000000000000, 0.000000000000000000, -1.000000000000000000 ) ) ;
#1353 = CARTESIAN_POINT ( 'NONE',  ( 3.888253587292846081E-16, -6.766574999999998674, -3.175000000000000266 ) ) ;
#1354 = CARTESIAN_POINT ( 'NONE',  ( -0.9261632912902696413, -2.553924783557445899, -2.550518097819006069 ) ) ;
#1355 = CARTESIAN_POINT ( 'NONE',  ( -2.710308996186533648, -2.171910334668193610, -1.658693640792948454 ) ) ;
#1356 = CARTESIAN_POINT ( 'NONE',  ( -2.865145300961140507, -6.116848790748204756, -1.317262271501626447 ) ) ;
#1357 = CARTESIAN_POINT ( 'NONE',  ( -1.975651577435737494, -3.116662865338156507, -2.488830363359178399 ) ) ;
#1358 = CARTESIAN_POINT ( 'NONE',  ( -0.2962782966489784231, -6.141557114423055630, -3.171828667035208493 ) ) ;
#1359 = CARTESIAN_POINT ( 'NONE',  ( -1.754644392587713986, -1.388777444831511110, 1.739209434886856753 ) ) ;
#1361 = CARTESIAN_POINT ( 'NONE',  ( 2.953806962407507175, -2.571447009346215395, -1.103982616822051899 ) ) ;
#1360 = CARTESIAN_POINT ( 'NONE',  ( 2.661473444746252248, -5.471872716272716985, -1.691739409311739051 ) ) ;
#1362 = CARTESIAN_POINT ( 'NONE',  ( 1.746943960583592359, -3.955112499999998033, -1.746943960583591693 ) ) ;
#1363 = CARTESIAN_POINT ( 'NONE',  ( -2.267361293633779695, -2.120153008591811883, -2.226333108580693665 ) ) ;
#1364 = CARTESIAN_POINT ( 'NONE',  ( -2.595166900612576821, -5.029396764209207227, -1.833786890435788131 ) ) ;
#1365 = CARTESIAN_POINT ( 'NONE',  ( 6.495294733748071251E-16, -3.746299587359795069, 3.174999999999999378 ) ) ;
#1367 = CARTESIAN_POINT ( 'NONE',  ( -2.776844367257465418, -4.839290554192801963, 1.494216542576171758 ) ) ;
#1366 = CARTESIAN_POINT ( 'NONE',  ( 3.129939468143380310, -4.601185457452060312, 0.3870772555254796132 ) ) ;
#1368 = DIRECTION ( 'NONE',  ( 0.000000000000000000, 1.000000000000000000, 0.000000000000000000 ) ) ;
#1369 = CARTESIAN_POINT ( 'NONE',  ( 0.000000000000000000, -7.500000000000000000, 3.174999999999999378 ) ) ;
#1370 = EDGE_CURVE ( 'NONE', #5005, #3414, #951, .T. ) ;
#1371 = CARTESIAN_POINT ( 'NONE',  ( 2.470551841763084955, -4.871893749999997247, -1.023336079404098431 ) ) ;
#1372 = CARTESIAN_POINT ( 'NONE',  ( 1.775349709259567144, -3.454156659951837849, -2.606426552370792571 ) ) ;
#1373 = CARTESIAN_POINT ( 'NONE',  ( -3.175000000000000711, -5.849793749999996351, 1.315128060534574983 ) ) ;
#1374 = CYLINDRICAL_SURFACE ( 'NONE', #3561, 3.174999999999999822 ) ;
#1375 = CARTESIAN_POINT ( 'NONE',  ( 3.012426915854114373, -3.552564959833378389, 1.024257357733269869 ) ) ;
#1376 = CARTESIAN_POINT ( 'NONE',  ( -2.446590345843157710, -2.015944636504753529, 2.002508964449043916 ) ) ;
#1377 = CARTESIAN_POINT ( 'NONE',  ( 0.6058589488737321505, -2.412013824851136246, -3.087089866567680030 ) ) ;
#1378 = CARTESIAN_POINT ( 'NONE',  ( 2.657490988088084816, -5.471525843450979032, -1.697478932883523584 ) ) ;
#1379 = CARTESIAN_POINT ( 'NONE',  ( -1.662575639540454953, -3.171282075095874120, -2.717322230878647549 ) ) ;
#1380 = CARTESIAN_POINT ( 'NONE',  ( -2.569549966458541945, -5.990823056784803313, -1.815205431490429788 ) ) ;
#1381 = B_SPLINE_CURVE_WITH_KNOTS ( 'NONE', 3,
 ( #180, #959, #2624, #5105, #3464, #911 ),
 .UNSPECIFIED., .F., .F.,
 ( 4, 2, 4 ),
 ( 2.168404344971008868E-19, 0.0009245495250408893332, 0.001849099050081778450 ),
 .UNSPECIFIED. ) ;
#1382 = CARTESIAN_POINT ( 'NONE',  ( -1.746943960583590805, -1.632599999999997165, -1.746943960583592581 ) ) ;
#1384 = CARTESIAN_POINT ( 'NONE',  ( 0.9203577634061015367, -2.273012787819811198, -3.015950814735513852 ) ) ;
#1383 = CARTESIAN_POINT ( 'NONE',  ( -1.391114657193225579, -5.876516520838109159, 2.830374638606357074 ) ) ;
#1385 = CARTESIAN_POINT ( 'NONE',  ( 2.167985171837747416, -2.258393339856189286, -2.021481206451234858 ) ) ;
#1386 = CARTESIAN_POINT ( 'NONE',  ( -3.061656952575975144, -2.020022610832461929, -0.7578839431317033748 ) ) ;
#1387 = AXIS2_PLACEMENT_3D ( 'NONE', #2266, #3242, #3678 ) ;
#1388 = CARTESIAN_POINT ( 'NONE',  ( -2.802624972011273030, -5.045453200541170524, -1.497646487884346067 ) ) ;
#1389 = CARTESIAN_POINT ( 'NONE',  ( 1.315128060534577648, -3.405043749999999481, -3.174999999999999822 ) ) ;
#1390 = LOCAL_TIME ( 17, 20, 4.000000000000000000, #343 ) ;
#1392 = CARTESIAN_POINT ( 'NONE',  ( -3.009031563859295932, -4.963423929926543465, -0.9427609713544843340 ) ) ;
#1391 = CARTESIAN_POINT ( 'NONE',  ( -0.7913333139148519546, -4.866292350193607952, 3.044819238514655968 ) ) ;
#1393 = CARTESIAN_POINT ( 'NONE',  ( 1.134825510061418408, 1.216517193596981850, 3.386260070610166206 ) ) ;
#1394 = CARTESIAN_POINT ( 'NONE',  ( 1.383088131562025813, -7.059130383155888921, -2.535386685296379117 ) ) ;
#1395 = CARTESIAN_POINT ( 'NONE',  ( 1.023336079404099319, -6.827693749999998118, -2.470551841763085399 ) ) ;
#1396 = EDGE_CURVE ( 'NONE', #1950, #4548, #1669, .T. ) ;
#1397 = CARTESIAN_POINT ( 'NONE',  ( 3.143038778217092766, -3.617025212524374478, 0.2591458060768333516 ) ) ;
#1398 = CARTESIAN_POINT ( 'NONE',  ( 0.7315685961651872127, -6.730983624940944487, 3.092248822042308554 ) ) ;
#1399 = CARTESIAN_POINT ( 'NONE',  ( 1.315128060534577648, -6.216506249999995681, -3.174999999999999822 ) ) ;
#1400 = CARTESIAN_POINT ( 'NONE',  ( -3.499999999999999556, 1.311793720691843079, -0.1571699867874867818 ) ) ;
#1401 = CARTESIAN_POINT ( 'NONE',  ( 9.041865558485244148E-14, -2.509976067595101057, 2.747079269771709242 ) ) ;
#1402 = CARTESIAN_POINT ( 'NONE',  ( -2.506076478591159340, -2.035436959937207302, 1.900769123382789472 ) ) ;
#1403 = EDGE_LOOP ( 'NONE', ( #5041, #829, #582, #294 ) ) ;
#1404 = CARTESIAN_POINT ( 'NONE',  ( 1.230679869622749223, -2.392105844430074235, -2.938161898429169305 ) ) ;
#1405 = CARTESIAN_POINT ( 'NONE',  ( -2.619064115495004952, -6.142243878147397140, -1.756344890259084357 ) ) ;
#1406 = CARTESIAN_POINT ( 'NONE',  ( -0.6968786139859316497, -3.223695764047484591, -3.108731027731760133 ) ) ;
#1407 = CARTESIAN_POINT ( 'NONE',  ( 0.2222385942927121716, -6.201429927561908251, -3.177878605203334317 ) ) ;
#1408 = DIRECTION ( 'NONE',  ( 0.000000000000000000, 0.7660444431189771253, -0.6427876096865404731 ) ) ;
#1410 = CARTESIAN_POINT ( 'NONE',  ( -0.4397327137621539483, -2.361431394536945838, -3.122490228990603356 ) ) ;
#1409 = CARTESIAN_POINT ( 'NONE',  ( -0.9256497107602327246, -5.834137828688580107, 3.048022619614146222 ) ) ;
#1411 = CARTESIAN_POINT ( 'NONE',  ( 1.023336079404098431, -5.238606249999998354, 2.470551841763084067 ) ) ;
#1412 = CARTESIAN_POINT ( 'NONE',  ( 1.678140308874620290, -2.315301513186382554, -2.670468061597201181 ) ) ;
#1413 = CARTESIAN_POINT ( 'NONE',  ( -2.518025816707607500, -5.035738930456937545, -1.938302045534213036 ) ) ;
#1414 = CARTESIAN_POINT ( 'NONE',  ( -3.174999999999999822, -5.055249999999999133, -1.549017063184669745E-15 ) ) ;
#1416 = CARTESIAN_POINT ( 'NONE',  ( 0.1196387668850968922, -4.666316831917903585, 3.151219402770606859 ) ) ;
#1415 = CARTESIAN_POINT ( 'NONE',  ( 1.679274787761835475, -4.688049310374750256, 2.706785945670826976 ) ) ;
#1417 = CARTESIAN_POINT ( 'NONE',  ( 0.000000000000000000, 7.500000000000000000, 2.755455298081544778E-15 ) ) ;
#1418 = CARTESIAN_POINT ( 'NONE',  ( -2.394643593822929795, -7.085989217036791743, 1.574129251276461083 ) ) ;
#1419 = CARTESIAN_POINT ( 'NONE',  ( -3.175473179608919505, -3.996236537301135261, -0.1176853901905449140 ) ) ;
#1420 = CARTESIAN_POINT ( 'NONE',  ( -1.033928862999106603E-15, -5.299724999999997799, 2.470551841763084511 ) ) ;
#1421 = ORIENTED_EDGE ( 'NONE', *, *, #3333, .F. ) ;
#1422 = CARTESIAN_POINT ( 'NONE',  ( 2.683040087825304454, -3.641989995702465510, 1.716889857534768193 ) ) ;
#1423 = CARTESIAN_POINT ( 'NONE',  ( 2.854473757494236708, -6.364040496285004345, -1.405611964878468179 ) ) ;
#1424 = CARTESIAN_POINT ( 'NONE',  ( 1.315128060534576981, -3.649518749999995038, 3.174999999999999378 ) ) ;
#1425 = DIRECTION ( 'NONE',  ( -1.000000000000000000, -0.000000000000000000, 0.000000000000000000 ) ) ;
#1426 = CARTESIAN_POINT ( 'NONE',  ( -1.591268719968528478, -3.226221680045242124, -2.755248057418515639 ) ) ;
#1427 = LINE ( 'NONE', #4348, #2605 ) ;
#1428 = CARTESIAN_POINT ( 'NONE',  ( -2.455534618696996851, -2.011966769533185317, 1.996828975612744195 ) ) ;
#1429 = EDGE_LOOP ( 'NONE', ( #3056, #1286, #3911, #5336 ) ) ;
#1430 = CARTESIAN_POINT ( 'NONE',  ( -0.1612103155543920530, -2.879025943718503733, 3.141843336963042965 ) ) ;
#1431 = AXIS2_PLACEMENT_3D ( 'NONE', #2062, #4661, #2903 ) ;
#1432 = LINE ( 'NONE', #3588, #1301 ) ;
#1433 = CARTESIAN_POINT ( 'NONE',  ( -0.1713866271501898464, -3.197307713353371383, -3.149503025875623585 ) ) ;
#1434 = CARTESIAN_POINT ( 'NONE',  ( 2.220864113853723065, -6.523978275341690392, 2.284222963734472422 ) ) ;
#1435 = CARTESIAN_POINT ( 'NONE',  ( 3.073676869895302310, -5.468370428261431826, -0.8221440103749992900 ) ) ;
#1437 = CARTESIAN_POINT ( 'NONE',  ( -1.166940284870837008, -2.323541842557516279, -2.929382946059312598 ) ) ;
#1436 = CARTESIAN_POINT ( 'NONE',  ( -0.1616383123161442004, -5.812746522495495505, 3.141818289285654764 ) ) ;
#1438 = CARTESIAN_POINT ( 'NONE',  ( -1.033928862999106603E-15, -5.299724999999997799, 2.470551841763084511 ) ) ;
#1439 = CARTESIAN_POINT ( 'NONE',  ( 0.000000000000000000, 3.273303347887301484, 1.529510699823916731E-15 ) ) ;
#1440 = CARTESIAN_POINT ( 'NONE',  ( 0.4761009657694946773, -2.302066995118275283, -3.149812324186344714 ) ) ;
#1441 = CARTESIAN_POINT ( 'NONE',  ( 3.161359755178899000, -5.472838653390747155, 0.3216248276480490054 ) ) ;
#1442 = CARTESIAN_POINT ( 'NONE',  ( -2.245064030267287514, -7.133287499999999781, -2.245064030267289290 ) ) ;
#1444 = CARTESIAN_POINT ( 'NONE',  ( -2.822778981011148769, -4.988759314799873223, -1.405342471016091999 ) ) ;
#1443 = CARTESIAN_POINT ( 'NONE',  ( 1.456247188913329049, -4.700847599781048380, 2.833266902472827198 ) ) ;
#1445 = CARTESIAN_POINT ( 'NONE',  ( 0.8215815872771626838, -2.779175910031384866, 3.073902505472227542 ) ) ;
#1446 = DIRECTION ( 'NONE',  ( 0.000000000000000000, 0.000000000000000000, -1.000000000000000000 ) ) ;
#1447 = CARTESIAN_POINT ( 'NONE',  ( 3.098799699721356049, -4.399150761559355693, -0.5877632540049712029 ) ) ;
#1448 = CARTESIAN_POINT ( 'NONE',  ( 7.313735224848305469E-16, -5.788674999999998683, -2.470551841763085399 ) ) ;
#1449 = CARTESIAN_POINT ( 'NONE',  ( 1.570000841271112391, -3.716477532407937545, 2.771755565324657500 ) ) ;
#1450 = CARTESIAN_POINT ( 'NONE',  ( 0.4178817242086528827, -6.210876264566000060, -3.154192513889434224 ) ) ;
#1451 = CARTESIAN_POINT ( 'NONE',  ( 0.2734302817014190867, 0.7949180206477207689, -3.883586837582472917 ) ) ;
#1452 = CARTESIAN_POINT ( 'NONE',  ( -2.227286634386489439, -7.471023158236869577, -1.117084578160734809 ) ) ;
#1453 = CARTESIAN_POINT ( 'NONE',  ( 2.470551841763084955, -2.916093749999997708, -1.023336079404098431 ) ) ;
#1454 = CARTESIAN_POINT ( 'NONE',  ( -2.543716968088910679, -2.003216229285758931, 1.895520849452608125 ) ) ;
#1455 = ORIENTED_EDGE ( 'NONE', *, *, #1171, .F. ) ;
#1456 = CARTESIAN_POINT ( 'NONE',  ( 3.151157713492327872, -2.621165770529667149, -0.1265124706581599590 ) ) ;
#1457 = CARTESIAN_POINT ( 'NONE',  ( 2.200757116002339142, -6.414219944585003219, -2.258259264557726187 ) ) ;
#1458 = CARTESIAN_POINT ( 'NONE',  ( 2.940199061879241960, -3.440333144397312637, -1.226112380287263992 ) ) ;
#1459 = CARTESIAN_POINT ( 'NONE',  ( 1.916812479737771691, -6.256603796801988970, -2.544593809552018193 ) ) ;
#1460 = CARTESIAN_POINT ( 'NONE',  ( -2.470551841763084067, -1.571481249999996832, -1.023336079404099541 ) ) ;
#1461 = ADVANCED_FACE ( 'NONE', ( #2665 ), #1336, .T. ) ;
#1463 = CARTESIAN_POINT ( 'NONE',  ( -3.000080646475959512, -3.067537912906431075, 0.9710229446622689053 ) ) ;
#1462 = CARTESIAN_POINT ( 'NONE',  ( -3.129628519899199990, -6.064908383863191865, -0.3203360413427217557 ) ) ;
#1464 = CARTESIAN_POINT ( 'NONE',  ( -1.746943960583591027, -7.622237499999998889, -1.746943960583593025 ) ) ;
#1465 = CARTESIAN_POINT ( 'NONE',  ( -3.138026670871152390, -2.109974541843992135, -0.5031082963158486354 ) ) ;
#1466 = CARTESIAN_POINT ( 'NONE',  ( 1.908384849913650427, -2.344489044259614463, -2.550988086356908546 ) ) ;
#1467 = CARTESIAN_POINT ( 'NONE',  ( 2.707834562421932212, -5.334985864846621517, -1.678016366805008541 ) ) ;
#1468 = CONICAL_SURFACE ( 'NONE', #1909, 3.174999999999999378, 0.6981317007977333455 ) ;
#1469 = CARTESIAN_POINT ( 'NONE',  ( -3.174999999999999822, -7.011050000000000004, -1.549017063184669745E-15 ) ) ;
#1471 = CARTESIAN_POINT ( 'NONE',  ( -2.630591616567424573, -3.847060534259655107, 1.738922690035634044 ) ) ;
#1470 = CARTESIAN_POINT ( 'NONE',  ( -0.8018748976542111606, -4.814299728471701734, 3.074765543039505111 ) ) ;
#1472 = CARTESIAN_POINT ( 'NONE',  ( 0.000000000000000000, -7.500000000000000000, -5.800958522276924697E-16 ) ) ;
#1473 = AXIS2_PLACEMENT_3D ( 'NONE', #1472, #4367, #4777 ) ;
#1474 = CARTESIAN_POINT ( 'NONE',  ( 0.000000000000000000, 7.500000000000000000, 2.755455298081544383E-15 ) ) ;
#1475 = CARTESIAN_POINT ( 'NONE',  ( 2.009451566162995029, -4.306705371156490436, -2.461669320983846720 ) ) ;
#1476 = CARTESIAN_POINT ( 'NONE',  ( 1.746943960583591915, -1.877074999999997162, -1.746943960583591471 ) ) ;
#1477 = AXIS2_PLACEMENT_3D ( 'NONE', #2857, #1250, #846 ) ;
#1478 = ORIENTED_EDGE ( 'NONE', *, *, #4867, .T. ) ;
#1479 = CARTESIAN_POINT ( 'NONE',  ( -1.403828525626904966, -3.904188091386801673, 2.859577502527935966 ) ) ;
#1480 = CARTESIAN_POINT ( 'NONE',  ( -1.040131199302548382, -6.835090092292090524, 2.977001064111773676 ) ) ;
#1481 = CARTESIAN_POINT ( 'NONE',  ( 2.245064030267288846, -3.343924999999996039, -2.245064030267287958 ) ) ;
#1482 = CARTESIAN_POINT ( 'NONE',  ( -1.541486048028564815, -6.759258684300881725, 2.779596595890117872 ) ) ;
#1483 = CARTESIAN_POINT ( 'NONE',  ( -1.023336079404097543, -3.649518749999996814, -2.470551841763085399 ) ) ;
#1484 = CARTESIAN_POINT ( 'NONE',  ( 2.470551841763083178, -5.972031249999997016, 1.023336079404100207 ) ) ;
#1485 = ORIENTED_EDGE ( 'NONE', *, *, #734, .T. ) ;
#1486 = CARTESIAN_POINT ( 'NONE',  ( 2.283142703905204129, -2.730508351707507941, 2.221183752582032156 ) ) ;
#1487 = FACE_OUTER_BOUND ( 'NONE', #2785, .T. ) ;
#1488 = ADVANCED_FACE ( 'NONE', ( #199 ), #1468, .T. ) ;
#1489 = PRODUCT_RELATED_PRODUCT_CATEGORY ( 'detail', '', ( #2496 ) ) ;
#1490 = CARTESIAN_POINT ( 'NONE',  ( 2.012504342871780594, -3.364462761217668518, -2.469538962336320420 ) ) ;
#1491 = CARTESIAN_POINT ( 'NONE',  ( 3.179845411871214722, -6.408745092684418942, 0.1931432883629846109 ) ) ;
#1492 = CARTESIAN_POINT ( 'NONE',  ( -3.073668771692857682, -5.986747220156628302, -0.8222514077574208935 ) ) ;
#1494 = CARTESIAN_POINT ( 'NONE',  ( 1.470579558192986136, -3.773418158605225781, 2.789468196666927469 ) ) ;
#1493 = CARTESIAN_POINT ( 'NONE',  ( -2.580199036331364937, -5.899222637330849395, 1.867914561988630151 ) ) ;
#1495 = CARTESIAN_POINT ( 'NONE',  ( -1.746943960583591027, -6.644337499999998009, -1.746943960583593025 ) ) ;
#1496 = CARTESIAN_POINT ( 'NONE',  ( -1.299836363791791571, -2.161071458755579489, -2.873619641589508777 ) ) ;
#1497 = CARTESIAN_POINT ( 'NONE',  ( 3.152612547070268612, -5.400224155055069808, -0.4584788098793095013 ) ) ;
#1498 = CARTESIAN_POINT ( 'NONE',  ( 7.745085315923348724E-16, -6.277624999999999567, -3.175000000000000266 ) ) ;
#1500 = CARTESIAN_POINT ( 'NONE',  ( 2.413767862711041712, -4.318178104067188272, -2.029020311563329848 ) ) ;
#1499 = CARTESIAN_POINT ( 'NONE',  ( -3.137884349160791952, -5.056795239368729433, 0.3153243299725854154 ) ) ;
#1501 = CARTESIAN_POINT ( 'NONE',  ( 2.194488952878731261E-11, -7.329300924968764619, 2.612274075031232989 ) ) ;
#1502 = CARTESIAN_POINT ( 'NONE',  ( 1.407393324368310328, -6.313546631749965776, -2.853599135409313980 ) ) ;
#1503 = CARTESIAN_POINT ( 'NONE',  ( 3.036316344730038086, -4.491525185103100171, 0.9638427055487182038 ) ) ;
#1504 = CARTESIAN_POINT ( 'NONE',  ( -1.023336079404097543, -1.693718749999997497, -2.470551841763085399 ) ) ;
#1505 = CARTESIAN_POINT ( 'NONE',  ( -0.6697838190201835795, -3.881968867447949112, 3.081732193451526935 ) ) ;
#1506 = CARTESIAN_POINT ( 'NONE',  ( -1.991789667473209918E-14, -6.679999587359798596, 3.174999999999999378 ) ) ;
#1507 = CARTESIAN_POINT ( 'NONE',  ( -1.406074574637391494, -5.192532628918430149, -2.854219331795587955 ) ) ;
#1508 = CARTESIAN_POINT ( 'NONE',  ( -2.989903188997392380, -6.870552478628770388, -0.7131017700339908894 ) ) ;
#1509 = CARTESIAN_POINT ( 'NONE',  ( -0.4147719124769972399, -2.788073827745521704, 3.154601815676944643 ) ) ;
#1510 = DIRECTION ( 'NONE',  ( -0.5000000000000001110, -6.671617030993988312E-32, -0.8660254037844385966 ) ) ;
#1511 = CARTESIAN_POINT ( 'NONE',  ( 2.846377767518168955, -2.557421920103120083, -1.358265170429979962 ) ) ;
#1512 = CYLINDRICAL_SURFACE ( 'NONE', #3827, 1.500000000000003109 ) ;
#1513 = CARTESIAN_POINT ( 'NONE',  ( 2.206951684591735408, -3.376414575795523731, -2.297528355780895204 ) ) ;
#1514 = CARTESIAN_POINT ( 'NONE',  ( 2.998122133943304846, -6.430983333084906661, 0.9533535818360971970 ) ) ;
#1515 = LINE ( 'NONE', #1105, #2561 ) ;
#1517 = CARTESIAN_POINT ( 'NONE',  ( -1.427225867676908733, -3.922767314988980125, 2.812079200017610692 ) ) ;
#1516 = CARTESIAN_POINT ( 'NONE',  ( -0.1574282585967234915, -6.286662204645120156, -3.142034714271391582 ) ) ;
#1518 = CARTESIAN_POINT ( 'NONE',  ( 3.153138036612267658, -2.468454885831302015, -0.07549573822883892671 ) ) ;
#1519 = CARTESIAN_POINT ( 'NONE',  ( 2.459673695616817923, -5.511487211390859287, 1.974499022841238238 ) ) ;
#1520 = CARTESIAN_POINT ( 'NONE',  ( -1.746943960583592359, -7.255524999999997782, 1.746943960583590361 ) ) ;
#1522 = CARTESIAN_POINT ( 'NONE',  ( 2.567616545857628108, -4.330473766306672800, -1.830794016438510141 ) ) ;
#1521 = CARTESIAN_POINT ( 'NONE',  ( -3.036528270481940961, -5.112390782119677013, -0.8224828065245953779 ) ) ;
#1523 = CARTESIAN_POINT ( 'NONE',  ( -2.155542441120523371E-11, -2.819312912641201319, 3.174999999999999378 ) ) ;
#1524 = CARTESIAN_POINT ( 'NONE',  ( 0.000000000000000000, -7.500000000000000000, -5.800958522276924697E-16 ) ) ;
#1525 = CARTESIAN_POINT ( 'NONE',  ( 2.375231525417931699, -4.539958981713325237, 2.075254921966513955 ) ) ;
#1526 = CARTESIAN_POINT ( 'NONE',  ( -1.023336079404097765, -2.793856249999998376, -2.470551841763085843 ) ) ;
#1527 = CARTESIAN_POINT ( 'NONE',  ( 2.350715879301994438, -3.718948813157772371, 2.102277018892785954 ) ) ;
#1528 = CARTESIAN_POINT ( 'NONE',  ( 0.000000000000000000, -7.500000000000000000, 3.174999999999999378 ) ) ;
#1529 = CARTESIAN_POINT ( 'NONE',  ( -1.315128060534576537, -2.182668749999995939, -3.175000000000000266 ) ) ;
#1530 = EDGE_CURVE ( 'NONE', #2938, #741, #3748, .T. ) ;
#1531 = CARTESIAN_POINT ( 'NONE',  ( 3.499999999999999556, 1.222194402589688034, -0.7279907646137151467 ) ) ;
#1532 = CARTESIAN_POINT ( 'NONE',  ( -2.097240599326163579, -3.144830708104447758, -2.392886473399609137 ) ) ;
#1533 = CARTESIAN_POINT ( 'NONE',  ( 2.454938067287053549, -2.683036134448905763, 2.030001199605631523 ) ) ;
#1534 = CARTESIAN_POINT ( 'NONE',  ( 3.144008768340954330, -6.549920448078959900, 0.2419300341486871619 ) ) ;
#1535 = CARTESIAN_POINT ( 'NONE',  ( -0.7981153589125455916, -3.749478280280534204, 3.084106501408057976 ) ) ;
#1536 = CARTESIAN_POINT ( 'NONE',  ( 0.1010852446923983239, -6.639660148657099192, 3.176072796638496509 ) ) ;
#1537 = CARTESIAN_POINT ( 'NONE',  ( -2.525329029980194928, -5.844123320515327791, 1.935523191627574136 ) ) ;
#1539 = CARTESIAN_POINT ( 'NONE',  ( -3.110490240934815187, -3.140877650930689047, -0.5183856986045287663 ) ) ;
#1538 = CARTESIAN_POINT ( 'NONE',  ( 0.7376216930958323648, -6.313373282600060143, -3.098734447474405407 ) ) ;
#1540 = CARTESIAN_POINT ( 'NONE',  ( 3.068461814266267407, -2.505857518854627042, 0.6943369937503914846 ) ) ;
#1541 = CARTESIAN_POINT ( 'NONE',  ( 3.092744933831890641, -5.433561037910572544, 0.5766455716477348892 ) ) ;
#1542 = B_SPLINE_CURVE_WITH_KNOTS ( 'NONE', 3,
 ( #2073, #16, #3268, #5018, #1165, #3324, #763, #2044, #338, #5308, #2913, #1191, #1576, #4587, #4092, #2508, #392, #4171, #5359, #2831, #2100, #3764, #1630, #46, #1688, #3351, #2805, #366, #4477, #2400, #4064, #3295 ),
 .UNSPECIFIED., .F., .F.,
 ( 4, 2, 2, 2, 2, 2, 2, 2, 2, 2, 2, 2, 2, 2, 2, 4 ),
 ( 0.005747699120789559989, 0.006375203584459096864, 0.007002708048128632873, 0.007630212511798168881, 0.008257716975467704890, 0.008885221439137242633, 0.009512725902806778641, 0.01014023036647631465, 0.01076773483014585239, 0.01139523929381538667, 0.01202274375748492441, 0.01265024822115446215, 0.01327775268482399643, 0.01390525714849353417, 0.01453276161216307191, 0.01578777053950214393 ),
 .UNSPECIFIED. ) ;
#1543 = CARTESIAN_POINT ( 'NONE',  ( -1.163333890321619382E-15, -2.854974999999999152, 3.174999999999999378 ) ) ;
#1544 = APPLICATION_CONTEXT ( 'configuration controlled 3d designs of mechanical parts and assemblies' ) ;
#1545 = EDGE_CURVE ( 'NONE', #2594, #2568, #4410, .T. ) ;
#1547 = CARTESIAN_POINT ( 'NONE',  ( 1.584222769551953736, -3.611713832010214009, 2.726603640384681171 ) ) ;
#1546 = CARTESIAN_POINT ( 'NONE',  ( 0.1027159550270327348, -5.268666047703610467, -3.183760219986773610 ) ) ;
#1548 = CARTESIAN_POINT ( 'NONE',  ( -1.023336079404100651, -4.382943749999998140, 2.470551841763083178 ) ) ;
#1549 = CARTESIAN_POINT ( 'NONE',  ( -1.436310929606577913, 1.315472786230469593, 3.212197382479020646 ) ) ;
#1550 = CC_DESIGN_PERSON_AND_ORGANIZATION_ASSIGNMENT ( #3247, #2811, ( #277 ) ) ;
#1551 = CARTESIAN_POINT ( 'NONE',  ( 2.736244617020816783, -4.346811625183360839, -1.552580699456402646 ) ) ;
#1552 = CARTESIAN_POINT ( 'NONE',  ( -1.033928862999106603E-15, -3.343924999999997816, 2.470551841763084511 ) ) ;
#1553 = CIRCLE ( 'NONE', #1039, 3.174999999999999378 ) ;
#1554 = ORIENTED_EDGE ( 'NONE', *, *, #5230, .F. ) ;
#1555 = CARTESIAN_POINT ( 'NONE',  ( -0.02920121566907005195, -4.284606484439381191, -3.185363007879691288 ) ) ;
#1556 = CARTESIAN_POINT ( 'NONE',  ( 3.174999999999999822, -3.405043749999996816, -1.315128060534576981 ) ) ;
#1557 = CARTESIAN_POINT ( 'NONE',  ( -1.409308624321958581, -4.795907609361482749, 2.852793681565610751 ) ) ;
#1558 = CIRCLE ( 'NONE', #1738, 1.952016013762337465 ) ;
#1559 = CARTESIAN_POINT ( 'NONE',  ( 2.470551841763083178, -6.949931249999997895, 1.023336079404100207 ) ) ;
#1560 = ORIENTED_EDGE ( 'NONE', *, *, #3299, .T. ) ;
#1561 = ADVANCED_FACE ( 'NONE', ( #2279 ), #1900, .T. ) ;
#1562 = CARTESIAN_POINT ( 'NONE',  ( -3.133358703542830970, -3.071976004939983351, 0.5739303390613345046 ) ) ;
#1563 = VECTOR ( 'NONE', #321, 1000.000000000000000 ) ;
#1564 = CARTESIAN_POINT ( 'NONE',  ( -2.265782630432215949, -2.081411491334256514, -2.131266686334460925 ) ) ;
#1565 = CARTESIAN_POINT ( 'NONE',  ( 2.132028022074655915, -3.631903792731737468, 2.367028128997617831 ) ) ;
#1566 = CARTESIAN_POINT ( 'NONE',  ( 0.2070341116861381670, -3.787588170180750335, 3.175000000000000266 ) ) ;
#1567 = CARTESIAN_POINT ( 'NONE',  ( -3.093076189567484757, -5.906457438856826059, 0.8295031243434077828 ) ) ;
#1569 = CARTESIAN_POINT ( 'NONE',  ( 0.05395734303570477730, -2.869078137834625952, 3.152793561512314824 ) ) ;
#1568 = CARTESIAN_POINT ( 'NONE',  ( -0.02764842668901397113, -6.276292179339309385, -3.177498639168720995 ) ) ;
#1570 = CARTESIAN_POINT ( 'NONE',  ( -1.170799431748315689, -2.791231096885527396, 2.962919546200748488 ) ) ;
#1571 = CARTESIAN_POINT ( 'NONE',  ( 0.3619516976532347607, -5.684936643352803465, 3.156994882871306807 ) ) ;
#1572 = CARTESIAN_POINT ( 'NONE',  ( -2.470551841763085399, -7.316643749999997226, 1.023336079404096655 ) ) ;
#1574 = CARTESIAN_POINT ( 'NONE',  ( -2.145559470251279244, -3.810780273741452451, 2.310953224378728965 ) ) ;
#1573 = CARTESIAN_POINT ( 'NONE',  ( -1.396816279754028001, -5.228799275407577163, -2.862747631233202306 ) ) ;
#1575 = CARTESIAN_POINT ( 'NONE',  ( -1.023336079404100651, -6.338743749999998123, 2.470551841763083178 ) ) ;
#1576 = CARTESIAN_POINT ( 'NONE',  ( 2.854527713465303762, -2.452449205445800917, -1.405446901755827760 ) ) ;
#1577 = CARTESIAN_POINT ( 'NONE',  ( -3.161047645680663098, -4.950059173259134582, 0.3948976358196504832 ) ) ;
#1578 = CARTESIAN_POINT ( 'NONE',  ( -1.746943960583591027, -1.754837499999997608, -1.746943960583593025 ) ) ;
#1579 = ORIENTED_EDGE ( 'NONE', *, *, #3168, .T. ) ;
#1580 = CARTESIAN_POINT ( 'NONE',  ( -3.122195322594624400, -4.072501242043111702, 0.4450465023622368621 ) ) ;
#1581 = CALENDAR_DATE ( 2026, 3, 1 ) ;
#1582 = CARTESIAN_POINT ( 'NONE',  ( -3.073597103870594704, -5.059754450548059168, -0.8224782120031086663 ) ) ;
#1583 = CARTESIAN_POINT ( 'NONE',  ( 3.090986546159984361, -4.439309249485730469, -0.8350540616369684921 ) ) ;
#1584 = CARTESIAN_POINT ( 'NONE',  ( 7.313735224848304483E-16, -6.644337499999997121, -2.470551841763084955 ) ) ;
#1585 = CARTESIAN_POINT ( 'NONE',  ( -1.952727644761626413, -2.922726143184716463, 2.516896847383335967 ) ) ;
#1586 = CARTESIAN_POINT ( 'NONE',  ( 2.470551841763084955, -7.988949999999998219, 0.000000000000000000 ) ) ;
#1587 = CARTESIAN_POINT ( 'NONE',  ( 1.591624086434183516, -4.693050771238040930, 2.755019652170844324 ) ) ;
#1588 = CARTESIAN_POINT ( 'NONE',  ( 0.7601282241435242115, -3.709416366402900511, 3.093644182173199919 ) ) ;
#1589 = CARTESIAN_POINT ( 'NONE',  ( -2.414630418400867118, -6.762947522653516508, 2.028963777197788421 ) ) ;
#1590 = CARTESIAN_POINT ( 'NONE',  ( -0.8220051019494823974, -6.150909146866391453, -3.073810600269654802 ) ) ;
#1591 = CARTESIAN_POINT ( 'NONE',  ( -2.723140007366031679, -2.036031240428616496, 1.652995760817666415 ) ) ;
#1593 = CARTESIAN_POINT ( 'NONE',  ( -3.044946025932323330, -5.112099538930547027, -0.8197637574494291979 ) ) ;
#1592 = CARTESIAN_POINT ( 'NONE',  ( 2.588788022490378093, -6.443230495131389013, -1.800998318828682443 ) ) ;
#1594 = CARTESIAN_POINT ( 'NONE',  ( -0.6660525800008709751, -2.800507931484010449, 3.115449560179644806 ) ) ;
#1595 = ADVANCED_FACE ( 'NONE', ( #224 ), #4869, .T. ) ;
#1596 = CARTESIAN_POINT ( 'NONE',  ( -2.777319246271772624, -5.817172674122238263, 1.494794025641357216 ) ) ;
#1597 = CARTESIAN_POINT ( 'NONE',  ( 2.245064030267288846, -1.510362499999999164, -2.245064030267287958 ) ) ;
#1599 = CARTESIAN_POINT ( 'NONE',  ( 3.117640575564426975, -3.427018530063579149, -0.4726994648165990798 ) ) ;
#1598 = CARTESIAN_POINT ( 'NONE',  ( -2.236552738959090902, -5.143070828312969134, -2.268336830433871576 ) ) ;
#1600 = CARTESIAN_POINT ( 'NONE',  ( -2.470551841763084955, -5.544199999999997353, -1.462747044969661094E-15 ) ) ;
#1601 = CARTESIAN_POINT ( 'NONE',  ( -2.949338023411798737, -2.037671222673698157, -1.087339177777851607 ) ) ;
#1602 = CARTESIAN_POINT ( 'NONE',  ( -2.437280168627740551, -4.859138249022647571, 2.051472021553209402 ) ) ;
#1603 = CARTESIAN_POINT ( 'NONE',  ( 1.746943960583590805, -5.177487499999998022, 1.746943960583591915 ) ) ;
#1604 = CYLINDRICAL_SURFACE ( 'NONE', #2083, 1.500000000000003109 ) ;
#1605 = EDGE_LOOP ( 'NONE', ( #28, #1617, #795, #22 ) ) ;
#1606 = ORIENTED_EDGE ( 'NONE', *, *, #4767, .T. ) ;
#1608 = CARTESIAN_POINT ( 'NONE',  ( -2.680591513302791551, -6.785386159930363092, 1.661088609141584405 ) ) ;
#1607 = CARTESIAN_POINT ( 'NONE',  ( -3.107860975464745490, -4.007905738981693666, 0.6989210056521281134 ) ) ;
#1609 =( LENGTH_UNIT ( ) NAMED_UNIT ( * ) SI_UNIT ( .MILLI., .METRE. ) );
#1610 = CARTESIAN_POINT ( 'NONE',  ( -2.392416980508783819, -6.110033277188900769, -2.097615791614610536 ) ) ;
#1611 = CARTESIAN_POINT ( 'NONE',  ( 1.405471986918169769, -4.652722374489330015, 2.854493209096292450 ) ) ;
#1612 = CARTESIAN_POINT ( 'NONE',  ( -0.4901250130703750929, -6.754227478486050984, 3.146782752020188756 ) ) ;
#1613 = CARTESIAN_POINT ( 'NONE',  ( -3.147808590653168093, -3.124896312625906614, -0.1934041263487296380 ) ) ;
#1614 = CARTESIAN_POINT ( 'NONE',  ( 1.023336079404098431, -4.260706249999998363, 2.470551841763084067 ) ) ;
#1615 = CARTESIAN_POINT ( 'NONE',  ( 1.558824657069406405E-11, -4.286162912640924638, -3.175000000000000266 ) ) ;
#1616 = CARTESIAN_POINT ( 'NONE',  ( 2.618189445846473173, -3.542461338252438807, 1.758415235439824365 ) ) ;
#1617 = ORIENTED_EDGE ( 'NONE', *, *, #3632, .T. ) ;
#1618 = CARTESIAN_POINT ( 'NONE',  ( -1.863633601380550120, -6.742331486457063150, 2.583601284144131149 ) ) ;
#1619 = CARTESIAN_POINT ( 'NONE',  ( 0.000000000000000000, 7.237910539948424926, 2.679436793737287502E-15 ) ) ;
#1620 = CARTESIAN_POINT ( 'NONE',  ( -2.854519003919003595, -2.992290886534779037, 1.405483032639943675 ) ) ;
#1622 = CARTESIAN_POINT ( 'NONE',  ( -2.820184849206803790, -4.021309302948354869, 1.410528439017417313 ) ) ;
#1621 = CARTESIAN_POINT ( 'NONE',  ( 0.9788066183232042583, -6.342854128853789852, -2.997948362747727913 ) ) ;
#1623 = CARTESIAN_POINT ( 'NONE',  ( 2.686493506402883202, -2.558249372579469494, 1.652245851674028820 ) ) ;
#1624 = CARTESIAN_POINT ( 'NONE',  ( -2.932660496715685738, -5.836897710988589338, 1.138927397281058518 ) ) ;
#1625 = CARTESIAN_POINT ( 'NONE',  ( 2.245064030267287070, -2.732737499999999375, 2.245064030267288846 ) ) ;
#1626 = EDGE_CURVE ( 'NONE', #4123, #4454, #4522, .T. ) ;
#1628 = CARTESIAN_POINT ( 'NONE',  ( -1.727007111159835073, -2.807166134981831984, 2.638546922004563200 ) ) ;
#1627 = CARTESIAN_POINT ( 'NONE',  ( -0.6688271893087842646, -5.267478538090228035, -3.114539442172310046 ) ) ;
#1629 = CARTESIAN_POINT ( 'NONE',  ( 2.470551841763084067, -5.116368749999997689, 1.023336079404100207 ) ) ;
#1630 = CARTESIAN_POINT ( 'NONE',  ( 2.755048210192458491, -2.605990550972493214, 1.591718106891228057 ) ) ;
#1631 = CARTESIAN_POINT ( 'NONE',  ( -2.414668202061369673, -4.807142035971490479, 2.029096306370728353 ) ) ;
#1632 = CARTESIAN_POINT ( 'NONE',  ( -2.470551841763085843, -3.527281249999997481, 1.023336079404096877 ) ) ;
#1633 = PLANE ( 'NONE',  #4781 ) ;
#1634 = VERTEX_POINT ( 'NONE', #4380 ) ;
#1636 = CARTESIAN_POINT ( 'NONE',  ( 2.610802422850246440, -6.476782189925996747, 1.768581088178043936 ) ) ;
#1635 = CARTESIAN_POINT ( 'NONE',  ( -2.846939126609124404, -3.968964845767518845, 1.428723280812820962 ) ) ;
#1637 = PERSON_AND_ORGANIZATION_ROLE ( 'creator' ) ;
#1638 = CARTESIAN_POINT ( 'NONE',  ( -0.8211730660176504992, -4.815211468426436880, 3.073978073255000165 ) ) ;
#1639 = CARTESIAN_POINT ( 'NONE',  ( 2.853330576569098387, -4.408117606519684095, -1.407782529162606266 ) ) ;
#1640 = DIRECTION ( 'NONE',  ( 0.000000000000000000, 7.703719777548942317E-32, 1.000000000000000000 ) ) ;
#1641 = AXIS2_PLACEMENT_3D ( 'NONE', #4793, #3995, #278 ) ;
#1642 = CARTESIAN_POINT ( 'NONE',  ( -2.874146995880848543, -3.049745051659385364, 1.297909030441544154 ) ) ;
#1643 = CARTESIAN_POINT ( 'NONE',  ( -1.746943960583591027, -3.710637499999998035, -1.746943960583593025 ) ) ;
#1644 = CARTESIAN_POINT ( 'NONE',  ( 0.8242846194517151615, -4.326422136867453361, -3.073142684288933779 ) ) ;
#1645 = AXIS2_PLACEMENT_3D ( 'NONE', #4146, #421, #4909 ) ;
#1646 = CARTESIAN_POINT ( 'NONE',  ( -1.750644127735291988, -3.801881504087591956, 2.661468830578674893 ) ) ;
#1647 = VERTEX_POINT ( 'NONE', #702 ) ;
#1648 = CARTESIAN_POINT ( 'NONE',  ( -2.437242217667950683, -6.814943738180772037, 2.051338131263715336 ) ) ;
#1649 = CARTESIAN_POINT ( 'NONE',  ( -2.390786906025117453, -4.154349707521249435, -2.099445190991375387 ) ) ;
#1650 = VECTOR ( 'NONE', #892, 1000.000000000000000 ) ;
#1651 = CARTESIAN_POINT ( 'NONE',  ( -2.847567483819199552, -2.048904299416996810, 1.427538188676002351 ) ) ;
#1653 = CARTESIAN_POINT ( 'NONE',  ( 1.095122533810354737, -4.393310870865484219, -2.956973212912330062 ) ) ;
#1652 = CARTESIAN_POINT ( 'NONE',  ( 0.4771085920155281324, -6.708090591171814943, 3.141584893958469848 ) ) ;
#1654 = CARTESIAN_POINT ( 'NONE',  ( -2.044741285008918830, -2.826680905238491803, 2.401271739104656966 ) ) ;
#1655 = CARTESIAN_POINT ( 'NONE',  ( 0.8749596974544160410, -5.659132667444628950, 3.054817617366156313 ) ) ;
#1656 = CARTESIAN_POINT ( 'NONE',  ( -2.470551841763085399, -2.427143749999997269, 1.023336079404096655 ) ) ;
#1658 = CARTESIAN_POINT ( 'NONE',  ( 2.674988751441667922, -2.384329292676789169, -1.669566286445336223 ) ) ;
#1657 = CARTESIAN_POINT ( 'NONE',  ( 0.8569947173213294800, -5.711114610667320513, 3.067919481726620212 ) ) ;
#1659 = CARTESIAN_POINT ( 'NONE',  ( -2.470551841763085843, -5.483081249999997908, 1.023336079404096877 ) ) ;
#1660 = CARTESIAN_POINT ( 'NONE',  ( 2.194488952878731261E-11, -7.329300924968764619, 2.612274075031232989 ) ) ;
#1661 = CARTESIAN_POINT ( 'NONE',  ( -3.117454059491046259, -4.901444750888473756, 0.6554206464728035142 ) ) ;
#1662 = CARTESIAN_POINT ( 'NONE',  ( -1.022430055490244349, -3.796942449206485826, 3.013080695908334938 ) ) ;
#1663 = CARTESIAN_POINT ( 'NONE',  ( -1.746943960583590805, -6.522099999999997344, -1.746943960583592581 ) ) ;
#1664 = ORIENTED_EDGE ( 'NONE', *, *, #968, .T. ) ;
#1666 = CARTESIAN_POINT ( 'NONE',  ( -1.395883426746171052, -6.699546433161036596, 2.827606134944944838 ) ) ;
#1665 = CARTESIAN_POINT ( 'NONE',  ( -2.846117121111283677, -4.004545360833426493, 1.430357403448990761 ) ) ;
#1667 = CARTESIAN_POINT ( 'NONE',  ( -2.099165775885343255, -6.129321887322641160, -2.391057101620420067 ) ) ;
#1668 = CARTESIAN_POINT ( 'NONE',  ( 2.754891970992086936, -4.561811733167791871, 1.592109178709931294 ) ) ;
#1669 = B_SPLINE_CURVE_WITH_KNOTS ( 'NONE', 3,
 ( #2892, #1608, #3797, #53, #507, #2164, #1666, #2544, #4152, #3771, #5365, #883, #5052, #852, #2514, #1695, #3357, #1318, #1636, #2079, #3304, #2976, #4566, #4179, #427, #3742, #24, #5024, #4207, #3330, #3386, #3711, #1199, #1288, #399, #4995, #2137, #2948, #797, #1258, #2865, #4125, #80, #4623, #1724, #910, #3824, #4594, #3275, #4940, #4539, #2461, #3899, #4748, #554, #958, #3520, #533, #1753, #2647, #2622, #5127, #1776, #5178, #3852, #3001, #4309, #4674, #3926, #208, #4698, #635, #1830, #4285, #3025, #1037, #1343, #3050, #1858, #3463, #4776, #578, #935, #2701, #2596, #2671, #2291, #4259, #3077, #1010, #4366, #2190, #3492, #2211, #3875, #111, #135, #4724, #1444, #1392, #3417, #2234, #3441, #5081, #5104, #4336, #1367, #156, #606, #2264, #1800, #982, #3107, #5151, #179, #1416, #2778, #3240, #663, #314, #4396, #4036, #1090, #2829, #688, #4907, #5254, #1912, #236, #761, #3164, #4502, #4008, #1522, #1500, #1163, #1938, #2803, #1112, #4807, #736, #2317, #3649, #3982, #2752, #2726, #4449, #262, #3547, #4855, #5232, #4883, #3599, #712, #2343, #3190, #4475, #3954, #5306, #1471, #289, #1574, #3576, #4421, #4831, #2374, #4062, #1963, #3622, #2397, #5277, #1886, #1547, #3212, #1136, #336, #1064, #1988, #5204, #3136, #4987, #2506, #1599, #2042, #3676, #3378, #4932, #2940, #1248, #4169, #2911, #446, #2478, #844, #4585, #1715, #875, #2098, #1686, #2883, #3293, #4558, #5016, #44, #816, #3731, #2070, #4117, #473, #789, #5331, #3762, #3266, #2536, #4199, #1628, #2969, #5043, #1189, #1279, #4645, #4144, #364, #419, #4614, #3349, #2129, #72, #3790, #2855, #2424, #1311, #4530, #14, #4959, #4090, #1219, #2016, #1658, #2451, #3322, #390, #3703, #5357, #1384, #3435, #2993, #4252, #598, #4328, #3071, #3484, #2254, #548, #526, #4668, #3919, #928 ),
 .UNSPECIFIED., .F., .F.,
 ( 4, 2, 2, 2, 2, 2, 2, 2, 2, 2, 2, 2, 2, 2, 2, 2, 2, 2, 2, 2, 2, 2, 2, 2, 2, 2, 2, 2, 2, 2, 2, 2, 2, 2, 2, 2, 2, 2, 2, 2, 2, 2, 2, 2, 2, 2, 2, 2, 2, 2, 2, 2, 2, 2, 2, 2, 2, 2, 2, 2, 2, 2, 2, 2, 2, 2, 2, 2, 2, 2, 2, 2, 2, 2, 2, 2, 2, 2, 2, 2, 2, 2, 2, 2, 2, 2, 2, 2, 2, 2, 2, 2, 2, 2, 2, 2, 2, 2, 2, 2, 2, 2, 2, 2, 2, 2, 2, 2, 2, 2, 2, 2, 2, 2, 2, 2, 2, 2, 2, 2, 2, 2, 2, 2, 2, 2, 2, 2, 4 ),
 ( 3.036153273329325914E-17, 0.0007583983846351567042, 0.001516796769270283051, 0.002275195153905409506, 0.003033593538540535744, 0.003791991923175661982, 0.004550390307810788654, 0.005308788692445914892, 0.006067187077081041130, 0.006825585461716167368, 0.007583983846351293606, 0.008342382230986421579, 0.009100780615621547817, 0.009859179000256674055, 0.01061757738489180029, 0.01137597576952692653, 0.01213437415416205277, 0.01289277253879717901, 0.01365117092343230525, 0.01440956930806743148, 0.01516796769270255772, 0.01592636607733768569, 0.01668476446197281193, 0.01744316284660793817, 0.01820156123124306441, 0.01895995961587819065, 0.01971835800051331689, 0.02047675638514844312, 0.02123515476978356936, 0.02199355315441869560, 0.02275195153905382184, 0.02351034992368894808, 0.02426874830832407431, 0.02502714669295920055, 0.02578554507759432679, 0.02654394346222945303, 0.02730234184686457927, 0.02806074023149970550, 0.02881913861613483174, 0.02957753700076995798, 0.03033593538540508422, 0.03109433377004021046, 0.03185273215467533670, 0.03261113053931045946, 0.03336952892394558917, 0.03412792730858071194, 0.03488632569321584165, 0.03564472407785096442, 0.03640312246248609412, 0.03716152084712121689, 0.03791991923175634660, 0.03867831761639146937, 0.03943671600102659908, 0.04019511438566172185, 0.04095351277029685155, 0.04171191115493197432, 0.04247030953956710403, 0.04322870792420222680, 0.04398710630883735651, 0.04474550469347247927, 0.04550390307810760898, 0.04626230146274273175, 0.04702069984737786146, 0.04777909823201298423, 0.04853749661664811393, 0.04929589500128324364, 0.05005429338591836641, 0.05081269177055349612, 0.05157109015518861889, 0.05232948853982374859, 0.05308788692445887136, 0.05384628530909400107, 0.05460468369372912384, 0.05536308207836425355, 0.05612148046299937632, 0.05687987884763450602, 0.05763827723226962879, 0.05839667561690475850, 0.05915507400153988127, 0.05991347238617501098, 0.06067187077081013374, 0.06143026915544526345, 0.06218866754008038622, 0.06294706592471550899, 0.06370546430935064564, 0.06446386269398576840, 0.06522226107862089117, 0.06598065946325601394, 0.06673905784789115059, 0.06749745623252627336, 0.06825585461716139613, 0.06901425300179651889, 0.06977265138643165554, 0.07053104977106677831, 0.07128944815570190108, 0.07204784654033702385, 0.07280624492497216049, 0.07356464330960728326, 0.07432304169424240603, 0.07508144007887754268, 0.07583983846351266545, 0.07659823684814778821, 0.07735663523278291098, 0.07811503361741804763, 0.07887343200205317040, 0.07963183038668829317, 0.08039022877132341593, 0.08114862715595855258, 0.08190702554059367535, 0.08266542392522879812, 0.08342382230986392089, 0.08418222069449905753, 0.08494061907913418030, 0.08569901746376930307, 0.08645741584840442584, 0.08721581423303956249, 0.08797421261767468526, 0.08873261100230980802, 0.08949100938694493079, 0.09024940777158006744, 0.09100780615621519021, 0.09176620454085031298, 0.09252460292548543574, 0.09328300131012057239, 0.09404139969475569516, 0.09479979807939081793, 0.09555819646402594070, 0.09631659484866107734, 0.09707499323329620011 ),
 .UNSPECIFIED. ) ;
#1670 = CARTESIAN_POINT ( 'NONE',  ( -0.7320988479624104261, -6.766574999999998674, 3.089442712984351136 ) ) ;
#1671 = CARTESIAN_POINT ( 'NONE',  ( -3.000677706058807903, -3.163040166519919705, -0.9450238574604507003 ) ) ;
#1672 = CARTESIAN_POINT ( 'NONE',  ( -2.245064030267289290, -7.744474999999996001, 2.245064030267287070 ) ) ;
#1673 = DIRECTION ( 'NONE',  ( 0.000000000000000000, -1.000000000000000000, -2.900479261138468265E-16 ) ) ;
#1674 = CARTESIAN_POINT ( 'NONE',  ( -1.056205902028608090, -4.130217733548940728, -2.971852645900791678 ) ) ;
#1675 = ORIENTED_EDGE ( 'NONE', *, *, #570, .F. ) ;
#1676 = CARTESIAN_POINT ( 'NONE',  ( -1.873633603454553098, -2.760778412936890636, -1.717883703070260060 ) ) ;
#1677 = DIRECTION ( 'NONE',  ( 0.000000000000000000, -1.000000000000000000, -2.900479261138468265E-16 ) ) ;
#1678 = CARTESIAN_POINT ( 'NONE',  ( -2.221294390242773531, -2.015388634084638309, 2.238669916545770189 ) ) ;
#1680 = CARTESIAN_POINT ( 'NONE',  ( -3.081304097503497985, -5.039056798509601087, 0.6697934650254172562 ) ) ;
#1679 = CARTESIAN_POINT ( 'NONE',  ( -0.8028485057460903462, -6.769992949124708836, 3.082647116902672124 ) ) ;
#1681 = CARTESIAN_POINT ( 'NONE',  ( -2.659550698087929987, -2.922137347549786934, 1.739105856235319214 ) ) ;
#1682 = CARTESIAN_POINT ( 'NONE',  ( -3.110338003720452438, -5.879431867663856615, 0.6505985629785481228 ) ) ;
#1683 = B_SPLINE_CURVE_WITH_KNOTS ( 'NONE', 3,
 ( #2885, #3021, #475, #1281, #4305, #4693, #4229, #977, #3871, #2230, #2617, #4281, #1717, #930, #2159, #4201 ),
 .UNSPECIFIED., .F., .F.,
 ( 4, 2, 2, 2, 2, 2, 2, 4 ),
 ( 1.626303258728256651E-19, 7.409885847742553463E-05, 8.336121578710350792E-05, 9.262357309678145411E-05, 0.0001111482877161369941, 0.0001481977169548483316, 0.0002963954339096941154, 0.0005927908678193857372 ),
 .UNSPECIFIED. ) ;
#1684 = CARTESIAN_POINT ( 'NONE',  ( -1.023336079404097543, -3.649518749999997258, -2.470551841763085399 ) ) ;
#1686 = CARTESIAN_POINT ( 'NONE',  ( -1.488368393499267972, -3.128300157420071503, -2.779934924232279947 ) ) ;
#1685 = CARTESIAN_POINT ( 'NONE',  ( 2.533757026810984581, -5.610592154629094885, 1.930475553023887514 ) ) ;
#1687 = CARTESIAN_POINT ( 'NONE',  ( -1.023336079404097765, -3.771756249999997479, -2.470551841763085843 ) ) ;
#1688 = CARTESIAN_POINT ( 'NONE',  ( 2.392734206180642254, -2.636451268973523998, 2.097276940468780548 ) ) ;
#1689 = AXIS2_PLACEMENT_3D ( 'NONE', #5020, #1340, #2161 ) ;
#1690 = CARTESIAN_POINT ( 'NONE',  ( -1.173960598855591009, -4.782879147221824390, 2.961439418995394313 ) ) ;
#1691 = CARTESIAN_POINT ( 'NONE',  ( -3.013386595764454778, -3.940202627339729258, 1.021456865507688549 ) ) ;
#1692 = CARTESIAN_POINT ( 'NONE',  ( -2.470551841763085399, -4.382943749999997252, 1.023336079404096655 ) ) ;
#1693 = ORIENTED_EDGE ( 'NONE', *, *, #2151, .T. ) ;
#1695 = CARTESIAN_POINT ( 'NONE',  ( 1.923641751687401813, -6.525048057013896674, 2.498564544768724804 ) ) ;
#1694 = CARTESIAN_POINT ( 'NONE',  ( 2.944979089935908956, -4.639577618349964183, 1.128324245024673544 ) ) ;
#1696 = CARTESIAN_POINT ( 'NONE',  ( -2.341002529832499679, -7.407308571484217730, -1.000239676093390928 ) ) ;
#1697 = CARTESIAN_POINT ( 'NONE',  ( -1.847448209840731659, -2.233380637126040291, -2.597457497958224781 ) ) ;
#1698 = CARTESIAN_POINT ( 'NONE',  ( -1.746943960583590805, -2.610499999999997378, -1.746943960583592581 ) ) ;
#1699 = EDGE_CURVE ( 'NONE', #4797, #2758, #1432, .T. ) ;
#1700 = CARTESIAN_POINT ( 'NONE',  ( -0.4118823209174218847, -3.340568759753851591, -3.118898793601719621 ) ) ;
#1701 = CARTESIAN_POINT ( 'NONE',  ( -1.033928862999106603E-15, -2.366024999999997380, 2.470551841763084511 ) ) ;
#1702 = PLANE ( 'NONE',  #3996 ) ;
#1703 = CARTESIAN_POINT ( 'NONE',  ( -2.337971833901635765, -4.053430677548787386, -2.116939967734540406 ) ) ;
#1704 = CARTESIAN_POINT ( 'NONE',  ( 2.537707917355921605, -3.449739957420262293, -1.952435933152876890 ) ) ;
#1705 = CARTESIAN_POINT ( 'NONE',  ( 1.558824657069406405E-11, -4.286162912640924638, -3.175000000000000266 ) ) ;
#1706 = CARTESIAN_POINT ( 'NONE',  ( 0.4785334195836729032, -2.405603640972403312, -3.109367099227704934 ) ) ;
#1708 = CARTESIAN_POINT ( 'NONE',  ( 0.4644712088575761455, -5.782849632924932592, 3.118860663741324757 ) ) ;
#1707 = CARTESIAN_POINT ( 'NONE',  ( 3.111277210216507605, -6.517673536231860965, 0.6458844265332870371 ) ) ;
#1709 = CARTESIAN_POINT ( 'NONE',  ( -3.027821987593658726, -3.004446706815691925, -0.8828575462961442133 ) ) ;
#1710 = CARTESIAN_POINT ( 'NONE',  ( 0.4841095622775619112, -6.162180365342535104, -3.116509698411444873 ) ) ;
#1711 = B_SPLINE_CURVE_WITH_KNOTS ( 'NONE', 3,
 ( #534, #136, #3442, #4235, #1344, #1754, #481, #3418, #157, #555, #4725, #4699 ),
 .UNSPECIFIED., .F., .F.,
 ( 4, 2, 2, 2, 2, 4 ),
 ( 2.632426238727096450E-07, 0.001079328387319554525, 0.001618860959667395641, 0.002158393532015237190, 0.003237458676710919421, 0.004316523821406602519 ),
 .UNSPECIFIED. ) ;
#1712 = CARTESIAN_POINT ( 'NONE',  ( -1.033928862999106603E-15, -5.177487499999998022, 2.470551841763084067 ) ) ;
#1713 = ORIENTED_EDGE ( 'NONE', *, *, #513, .F. ) ;
#1715 = CARTESIAN_POINT ( 'NONE',  ( -0.5403895508930312008, -3.179154589319522994, -3.106769640528622034 ) ) ;
#1714 = CARTESIAN_POINT ( 'NONE',  ( 2.515994952957302910, -5.459187684799096552, -1.901703436079879239 ) ) ;
#1716 = CARTESIAN_POINT ( 'NONE',  ( 0.1900870671520758504, -2.502869941581542967, 2.753042017488783522 ) ) ;
#1717 = CARTESIAN_POINT ( 'NONE',  ( -0.3973527397510913106, -6.770024894357096201, 3.146934558313214669 ) ) ;
#1718 = CARTESIAN_POINT ( 'NONE',  ( 0.4834796556347594754, -5.200617436129948423, -3.140657054486145405 ) ) ;
#1719 = CARTESIAN_POINT ( 'NONE',  ( 2.245064030267288846, -7.377762500000000223, -2.245064030267287958 ) ) ;
#1720 = ADVANCED_FACE ( 'NONE', ( #1487 ), #1512, .F. ) ;
#1721 = ORIENTED_EDGE ( 'NONE', *, *, #3803, .T. ) ;
#1722 = ORIENTED_EDGE ( 'NONE', *, *, #1334, .T. ) ;
#1724 = CARTESIAN_POINT ( 'NONE',  ( -2.547636388832975829, -5.993266725101469738, -1.858186093080946844 ) ) ;
#1723 = CARTESIAN_POINT ( 'NONE',  ( 2.436296343533681519, -4.474991525790661839, -2.002813910907504269 ) ) ;
#1725 = CARTESIAN_POINT ( 'NONE',  ( 1.438082572965013295, 1.293809119327432811, 3.211174523709120265 ) ) ;
#1726 = CARTESIAN_POINT ( 'NONE',  ( -2.274603365515555975, -7.058481510358187272, 1.788103850852035492 ) ) ;
#1727 = CARTESIAN_POINT ( 'NONE',  ( -3.154716096628334299, -4.988350097013507956, -0.4148464444765149195 ) ) ;
#1728 = CARTESIAN_POINT ( 'NONE',  ( -2.470551841763084067, -5.483081249999997020, -1.023336079404099541 ) ) ;
#1729 = CARTESIAN_POINT ( 'NONE',  ( 2.376181166166700276, -3.474636957849099872, -2.121386514286847547 ) ) ;
#1730 = CARTESIAN_POINT ( 'NONE',  ( -2.245064030267287514, -7.988949999999996443, -2.245064030267289290 ) ) ;
#1731 = FACE_OUTER_BOUND ( 'NONE', #1148, .T. ) ;
#1732 = CARTESIAN_POINT ( 'NONE',  ( -3.011484953561807565, -3.939338777733058183, 1.039261784394906130 ) ) ;
#1733 = CIRCLE ( 'NONE', #4951, 3.174999999999999378 ) ;
#1734 = CARTESIAN_POINT ( 'NONE',  ( -9.478127849532680814E-15, -4.775112912640198992, 3.174999999999999378 ) ) ;
#1735 = ADVANCED_FACE ( 'NONE', ( #1024 ), #3151, .T. ) ;
#1736 = DIRECTION ( 'NONE',  ( 0.000000000000000000, 0.000000000000000000, 1.000000000000000000 ) ) ;
#1737 = CARTESIAN_POINT ( 'NONE',  ( -1.268529734820762478, -2.317959466801622792, -2.887535330060549743 ) ) ;
#1738 = AXIS2_PLACEMENT_3D ( 'NONE', #3876, #5082, #983 ) ;
#1739 = CARTESIAN_POINT ( 'NONE',  ( -0.2873662170146527028, -5.818680251087789301, 3.140195950868283958 ) ) ;
#1740 = CARTESIAN_POINT ( 'NONE',  ( -2.975818639088330997, -3.069583214297326279, -1.137507482801392023 ) ) ;
#1741 = CARTESIAN_POINT ( 'NONE',  ( -2.517397743634684382, -6.013691815917304950, -1.939179856059880080 ) ) ;
#1742 = CARTESIAN_POINT ( 'NONE',  ( -2.470551841763085399, -5.360843749999997243, 1.023336079404096655 ) ) ;
#1743 = EDGE_LOOP ( 'NONE', ( #396, #4650, #3720, #2303 ) ) ;
#1745 = CARTESIAN_POINT ( 'NONE',  ( -1.397878931657018597, -2.310703756123565711, -2.826647782577397017 ) ) ;
#1744 = CARTESIAN_POINT ( 'NONE',  ( 2.541807509345186400, -5.442774900355385803, -1.920151286449797601 ) ) ;
#1746 = CARTESIAN_POINT ( 'NONE',  ( 2.470551841763085399, -4.016231249999997921, -1.023336079404098653 ) ) ;
#1747 = CARTESIAN_POINT ( 'NONE',  ( -2.814005130704036794, -2.111336652419391502, -1.493389359899898183 ) ) ;
#1748 = CARTESIAN_POINT ( 'NONE',  ( -1.426604408744383878, -5.140577644292448234, -2.848636339965628483 ) ) ;
#1749 = CARTESIAN_POINT ( 'NONE',  ( -0.2097658241483865982, -4.225497851195241239, -3.175000000001140243 ) ) ;
#1750 = ORIENTED_EDGE ( 'NONE', *, *, #4609, .F. ) ;
#1751 = ORIENTED_EDGE ( 'NONE', *, *, #5258, .T. ) ;
#1753 = CARTESIAN_POINT ( 'NONE',  ( -1.589924419787221765, -5.732785927285501515, 2.723159474040339312 ) ) ;
#1752 = CARTESIAN_POINT ( 'NONE',  ( 1.880193747229745194, -4.438427606961228733, -2.531864992201776410 ) ) ;
#1754 = CARTESIAN_POINT ( 'NONE',  ( -1.438082572965013073, 1.293809119327429036, -3.211174523709122042 ) ) ;
#1755 = CARTESIAN_POINT ( 'NONE',  ( 2.776482490636377864, -7.170461842642964712, 0.05359477586244434932 ) ) ;
#1756 = CARTESIAN_POINT ( 'NONE',  ( 0.000000000000000000, 7.499999999999999112, 1.952016013762340130 ) ) ;
#1757 = ORIENTED_EDGE ( 'NONE', *, *, #3083, .F. ) ;
#1758 = CARTESIAN_POINT ( 'NONE',  ( -2.470551841763085399, -6.338743749999997235, 1.023336079404096655 ) ) ;
#1759 = CARTESIAN_POINT ( 'NONE',  ( -0.9177258127112998265, -3.298873888617487982, -3.050256929395846583 ) ) ;
#1760 = CARTESIAN_POINT ( 'NONE',  ( -1.315128060534579202, -6.705456249999995677, 3.174999999999998934 ) ) ;
#1761 = CARTESIAN_POINT ( 'NONE',  ( -0.4197253974726477543, -2.832339383031899693, -2.446447679334894154 ) ) ;
#1762 = CARTESIAN_POINT ( 'NONE',  ( -2.478470176705656502, -2.007992184738098818, 1.973697475312813809 ) ) ;
#1763 = CARTESIAN_POINT ( 'NONE',  ( -1.737554514169666442, -2.275553905782434772, -2.670018850547868805 ) ) ;
#1764 = CARTESIAN_POINT ( 'NONE',  ( 2.783282386496080285, -5.484069342515715206, -1.482371617909817862 ) ) ;
#1765 = CARTESIAN_POINT ( 'NONE',  ( -2.747891764579573515, -3.060349067751199748, -1.611989269666594282 ) ) ;
#1766 = CARTESIAN_POINT ( 'NONE',  ( -1.760426701328319687, -6.063565326108517617, -2.655074254846652604 ) ) ;
#1767 = CARTESIAN_POINT ( 'NONE',  ( 1.023336079404098209, -4.138468749999996810, 2.470551841763083178 ) ) ;
#1768 = EDGE_CURVE ( 'NONE', #2568, #3395, #1125, .T. ) ;
#1770 = CARTESIAN_POINT ( 'NONE',  ( -2.804024977059103918, -2.212309908155587479, -1.442372685016777956 ) ) ;
#1769 = CARTESIAN_POINT ( 'NONE',  ( 3.019464192758523957, -5.604522007406041340, 0.8831839435437476293 ) ) ;
#1771 = CARTESIAN_POINT ( 'NONE',  ( 1.755700813149573492, -2.238356216313206914, -2.409143409934222824 ) ) ;
#1772 = CARTESIAN_POINT ( 'NONE',  ( -2.575199143919619349, -2.078737372666773719, -1.807199105760058933 ) ) ;
#1773 = CARTESIAN_POINT ( 'NONE',  ( 0.8636887354031337338, -5.255548567218427003, -3.058056470478423439 ) ) ;
#1774 = CARTESIAN_POINT ( 'NONE',  ( -3.154783127269341403, -4.010422947611243849, -0.4142901540236457736 ) ) ;
#1776 = CARTESIAN_POINT ( 'NONE',  ( -0.1605316650390809508, -5.657633358829358805, 3.149195709769722296 ) ) ;
#1775 = CARTESIAN_POINT ( 'NONE',  ( 2.779560860352269902, -4.658996954114076772, 1.473507072806939489 ) ) ;
#1777 = FACE_OUTER_BOUND ( 'NONE', #3795, .T. ) ;
#1778 = APPROVAL_DATE_TIME ( #2625, #926 ) ;
#1779 = CARTESIAN_POINT ( 'NONE',  ( 2.772766731396968165, -7.157608001649190754, -0.3080522538424903534 ) ) ;
#1780 = CARTESIAN_POINT ( 'NONE',  ( 1.746943960583590583, -3.099449999999997374, 1.746943960583591693 ) ) ;
#1781 = CARTESIAN_POINT ( 'NONE',  ( 1.348379159613606326, -3.412155119230434686, -2.885865332770706004 ) ) ;
#1782 = CARTESIAN_POINT ( 'NONE',  ( -2.245064030267289290, -3.832874999999996035, 2.245064030267287070 ) ) ;
#1783 = CARTESIAN_POINT ( 'NONE',  ( -3.500000000000000000, 1.292770920014429059, -0.3380550240226066760 ) ) ;
#1784 = CARTESIAN_POINT ( 'NONE',  ( 2.390742322561173694, -3.614486461409451401, 2.099488521312792511 ) ) ;
#1785 = CARTESIAN_POINT ( 'NONE',  ( -2.447464908582664744, -2.015183924599584397, 2.002448169691833701 ) ) ;
#1786 = ORIENTED_EDGE ( 'NONE', *, *, #3063, .T. ) ;
#1787 = CARTESIAN_POINT ( 'NONE',  ( 0.6145444692678578846, -2.360020148021913844, -3.117623263377752973 ) ) ;
#1788 = CARTESIAN_POINT ( 'NONE',  ( -1.482019571773406597, -5.881693980178870795, 2.783553161912317719 ) ) ;
#1789 = CARTESIAN_POINT ( 'NONE',  ( -2.833118417067291173, -2.889659259608178488, 1.386109705615951038 ) ) ;
#1790 = CARTESIAN_POINT ( 'NONE',  ( -2.491828089624161802, -5.997278695931596459, -1.920532800058450951 ) ) ;
#1791 = CARTESIAN_POINT ( 'NONE',  ( 2.524430232493293236, -5.611066517109920326, 1.936814715707166679 ) ) ;
#1793 = CARTESIAN_POINT ( 'NONE',  ( 2.606462169162272247, -2.720699998476139303, 1.774690015435427037 ) ) ;
#1792 = CARTESIAN_POINT ( 'NONE',  ( -0.6795191326006253529, -5.785794443637446882, 3.112143059986941296 ) ) ;
#1794 = CARTESIAN_POINT ( 'NONE',  ( 1.023336079404098431, -4.260706249999997475, 2.470551841763084067 ) ) ;
#1795 = CARTESIAN_POINT ( 'NONE',  ( -3.086378098955227856, -1.960942046568094455, 0.7889262980469028408 ) ) ;
#1796 = CARTESIAN_POINT ( 'NONE',  ( -2.073943897303542450, -5.066533155703449864, -2.418091916537451702 ) ) ;
#1797 = CARTESIAN_POINT ( 'NONE',  ( 1.315128060534576981, -4.749656249999999247, 3.174999999999999378 ) ) ;
#1798 = EDGE_CURVE ( 'NONE', #3414, #2329, #7, .T. ) ;
#1800 = CARTESIAN_POINT ( 'NONE',  ( -1.779086383179744990, -4.766093245241089349, 2.603452867844048502 ) ) ;
#1799 = CARTESIAN_POINT ( 'NONE',  ( 0.2229217159598756159, -4.800464550465799007, 3.177562440781455777 ) ) ;
#1801 = CARTESIAN_POINT ( 'NONE',  ( 2.950707972672045099, 0.9634770311718138247, 2.337859842005201028 ) ) ;
#1802 = APPROVAL_ROLE ( '' ) ;
#1803 = CARTESIAN_POINT ( 'NONE',  ( 0.8985494486025354943, -7.294062475321323902, 2.497040637685141284 ) ) ;
#1804 =( BOUNDED_SURFACE ( )  B_SPLINE_SURFACE ( 3, 2, ( 
 ( #5045, #955, #4647 ),
 ( #2131, #3792, #152 ),
 ( #74, #1795, #904 ),
 ( #3819, #5123, #2186 ),
 ( #103, #131, #2565 ),
 ( #502, #2591, #2538 ),
 ( #1386, #2642, #3848 ),
 ( #2995, #4254, #3046 ),
 ( #2971, #2942, #1747 ),
 ( #1772, #3437, #3411 ),
 ( #4719, #574, #5076 ),
 ( #5099, #3894, #1338 ),
 ( #4670, #1363, #175 ),
 ( #1823, #3486, #4616 ),
 ( #878, #2695, #4362 ),
 ( #1496, #2287, #684 ),
 ( #630, #5200, #4851 ),
 ( #3950, #3516, #2257 ),
 ( #2722, #601, #1086 ),
 ( #3158, #232, #2748 ),
 ( #659, #4003, #1440 ),
 ( #1881, #1854, #2313 ),
 ( #309, #1108, #5174 ),
 ( #1959, #4389, #1932 ),
 ( #5147, #4744, #3103 ),
 ( #1412, #3543, #1005 ),
 ( #3130, #1466, #4827 ),
 ( #3073, #4802, #4330 ),
 ( #3186, #2773, #4444 ),
 ( #4772, #4417, #708 ),
 ( #1060, #3977, #1032 ),
 ( #2667, #258, #3922 ),
 ( #1907, #3570, #5227 ),
 ( #2338, #3595, #285 ),
 ( #203, #5250, #2370 ),
 ( #1518, #4030, #414 ),
 ( #4084, #4877, #360 ),
 ( #2447, #1983, #4498 ),
 ( #1540, #2851, #2066 ),
 ( #2012, #3262, #1132 ),
 ( #4926, #4983, #1243 ),
 ( #5352, #2799, #3618 ),
 ( #1623, #1159, #3318 ),
 ( #4581, #3236, #3643 ),
 ( #386, #757, #4471 ),
 ( #730, #3672, #2393 ),
 ( #2474, #4140, #4525 ),
 ( #4057, #785, #2419 ),
 ( #1184, #5327, #4113 ),
 ( #1215, #4165, #3289 ),
 ( #3207, #840, #2038 ),
 ( #4554, #440, #2823 ),
 ( #2907, #5300, #1594 ),
 ( #332, #1570, #3698 ),
 ( #4954, #4903, #2879 ),
 ( #812, #3726, #10 ),
 ( #1654, #2501, #5273 ),
 ( #4664, #2636, #4298 ),
 ( #4194, #544, #2094 ),
 ( #4275, #3758, #38 ),
 ( #468, #2989, #1681 ),
 ( #1789, #2123, #2201 ),
 ( #1331, #3863, #3345 ),
 ( #5011, #3785, #923 ),
 ( #896, #1274, #4248 ),
 ( #5038, #124, #522 ),
 ( #4220, #2935, #67 ),
 ( #1709, #3404, #4608 ),
 ( #146, #2557, #1740 ),
 ( #867, #1765, #3431 ),
 ( #2530, #3372, #5093 ),
 ( #495, #1304, #2585 ),
 ( #2963, #2152, #4639 ),
 ( #3453, #95, #3812 ),
 ( #5068, #1357, #2180 ),
 ( #5116, #948, #1379 ),
 ( #3842, #3014, #3038 ),
 ( #4687, #4713, #2611 ),
 ( #971, #594, #1406 ),
 ( #1433, #3479, #3095 ),
 ( #623, #4738, #2715 ),
 ( #1025, #251, #195 ),
 ( #4764, #3943, #225 ),
 ( #1875, #3535, #3562 ),
 ( #1901, #998, #169 ),
 ( #5192, #3152, #3997 ),
 ( #4323, #2249, #2741 ),
 ( #4354, #1080, #1490 ),
 ( #3915, #2687, #1513 ),
 ( #4821, #2280, #5221 ),
 ( #678, #1816, #1847 ),
 ( #3509, #4411, #1458 ),
 ( #3970, #3122, #2306 ),
 ( #279, #2332, #3180 ),
 ( #5167, #3067, #4381 ),
 ( #5141, #4794, #2660 ),
 ( #1927, #1053, #3590 ),
 ( #5244, #652, #4846 ),
 ( #1103, #2768, #567 ),
 ( #2224, #3888, #3613 ),
 ( #778, #1978, #3638 ),
 ( #1616, #2468, #5268 ),
 ( #4465, #1209, #2817 ),
 ( #4947, #5345, #1565 ),
 ( #3229, #2, #2363 ),
 ( #4897, #380, #352 ),
 ( #4024, #4051, #4871 ),
 ( #5292, #1126, #1588 ),
 ( #4977, #4133, #2794 ),
 ( #1237, #3666, #2872 ),
 ( #5320, #3202, #407 ),
 ( #1151, #304, #1178 ),
 ( #4492, #2441, #2844 ),
 ( #750, #1535, #2388 ),
 ( #327, #2006, #1953 ),
 ( #4547, #2413, #4077 ),
 ( #725, #1646, #3283 ),
 ( #3255, #806, #3312 ),
 ( #4920, #4518, #4106 ),
 ( #2030, #3691, #2059 ),
 ( #3719, #4436, #703 ),
 ( #3339, #3778, #1732 ),
 ( #5154, #462, #2552 ),
 ( #2088, #2901, #610 ),
 ( #5004, #4243, #5031 ),
 ( #4188, #1266, #61 ),
 ( #490, #2957, #1419 ),
 ( #1013, #4340, #3752 ),
 ( #517, #2674, #4632 ),
 ( #4574, #2579, #2172 ),
 ( #5181, #2928, #918 ),
 ( #1297, #32, #3399 ),
 ( #1703, #891, #833 ),
 ( #3080, #4215, #2146 ),
 ( #4159, #3836, #3807 ),
 ( #2267, #1833, #4751 ),
 ( #1674, #2494, #3929 ),
 ( #89, #5062, #182 ),
 ( #4602, #434, #860 ),
 ( #1326, #2984, #2523 ),
 ( #3495, #211, #2115 ),
 ( #4659, #1861, #3365 ),
 ( #3523, #4834, #1093 ),
 ( #2755, #4425, #4452 ),
 ( #1115, #1889, #1041 ),
 ( #691, #4039, #4886 ),
 ( #5207, #1475, #3625 ),
 ( #5235, #1966, #2377 ),
 ( #3139, #3985, #2401 ),
 ( #317, #1916, #2782 ),
 ( #1551, #2704, #1067 ),
 ( #666, #3550, #4011 ),
 ( #1991, #1139, #4810 ),
 ( #3654, #2347, #5280 ),
 ( #1447, #4369, #2729 ),
 ( #292, #715, #1941 ),
 ( #2806, #4399, #2321 ),
 ( #3216, #3579, #3602 ),
 ( #265, #1503, #638 ),
 ( #3167, #4478, #739 ),
 ( #4065, #2294, #5257 ),
 ( #1525, #3110, #3193 ),
 ( #339, #4858, #4779 ),
 ( #3957, #239, #1166 ),
 ( #764, #1252, #4120 ),
 ( #450, #3269, #47 ),
 ( #2509, #4560, #368 ),
 ( #4147, #1192, #2101 ),
 ( #4963, #2832, #847 ),
 ( #1282, #819, #2455 ),
 ( #1222, #4173, #4505 ),
 ( #2428, #2074, #792 ),
 ( #393, #4093, #5360 ),
 ( #3735, #3765, #1690 ),
 ( #5019, #2019, #2481 ),
 ( #3297, #2886, #3706 ),
 ( #422, #2914, #476 ),
 ( #3679, #4910, #879 ),
 ( #2045, #3352, #2132 ),
 ( #1631, #2943, #1602 ),
 ( #5334, #4934, #2859 ),
 ( #2539, #3243, #4618 ),
 ( #4588, #17, #4202 ),
 ( #4534, #1661, #5309 ),
 ( #3325, #4990, #1577 ),
 ( #3488, #503, #2231 ),
 ( #3022, #575, #5100 ),
 ( #1314, #4230, #75 ),
 ( #4648, #4694, #956 ),
 ( #2160, #5124, #1388 ),
 ( #5148, #4255, #3460 ),
 ( #530, #1364, #3438 ),
 ( #4720, #1413, #3820 ),
 ( #3895, #153, #1339 ),
 ( #4331, #1796, #931 ),
 ( #602, #2996, #3849 ),
 ( #105, #2592, #1748 ),
 ( #3412, #2618, #905 ),
 ( #3381, #3047, #2187 ),
 ( #2972, #4282, #2643 ),
 ( #132, #4671, #4306 ),
 ( #3793, #1718, #3074 ),
 ( #176, #5047, #551 ),
 ( #2566, #5077, #1773 ),
 ( #2208, #3872, #978 ),
 ( #1825, #4745, #1006 ),
 ( #2668, #1855, #5228 ),
 ( #709, #310, #1960 ),
 ( #3104, #2288, #3596 ),
 ( #2314, #2339, #3923 ),
 ( #1933, #1467, #4472 ),
 ( #2723, #3517, #4390 ),
 ( #1087, #631, #3132 ),
 ( #204, #1497, #4446 ),
 ( #660, #1908, #5175 ),
 ( #3572, #3619, #5274 ),
 ( #4031, #4005, #1441 ),
 ( #1541, #286, #5201 ),
 ( #3978, #2371, #3208 ),
 ( #4773, #685, #4879 ),
 ( #3159, #2259, #3951 ),
 ( #5251, #4803, #1033 ),
 ( #1519, #233, #4828 ),
 ( #2697, #3187, #1061 ),
 ( #2774, #1882, #1133 ),
 ( #4852, #2749, #4363 ),
 ( #4418, #3544, #2800 ),
 ( #1109, #259, #1655 ),
 ( #2095, #5353, #3263 ),
 ( #2039, #3319, #3644 ),
 ( #2394, #1160, #1571 ),
 ( #4927, #1984, #786 ),
 ( #2824, #3759, #1185 ),
 ( #361, #3727, #2852 ),
 ( #387, #4499, #4984 ),
 ( #758, #5302, #841 ),
 ( #3673, #5328, #1275 ),
 ( #4526, #1244, #2936 ),
 ( #2448, #441, #2420 ),
 ( #4085, #3237, #2013 ),
 ( #4904, #2067, #333 ),
 ( #11, #3700, #2503 ),
 ( #1596, #4114, #2908 ),
 ( #1624, #3290, #731 ),
 ( #39, #4955, #4582 ),
 ( #1216, #4166, #4058 ),
 ( #2880, #1682, #4555 ),
 ( #813, #3346, #2475 ),
 ( #4141, #416, #5012 ),
 ( #4249, #5039, #147 ),
 ( #1306, #3786, #4714 ),
 ( #4195, #170, #2181 ),
 ( #2637, #68, #2964 ),
 ( #1380, #2990, #4665 ),
 ( #1790, #1741, #4640 ),
 ( #1817, #2531, #3454 ),
 ( #545, #523, #972 ),
 ( #4221, #897, #5117 ),
 ( #2558, #1766, #5142 ),
 ( #4300, #496, #3039 ),
 ( #4276, #3843, #3865 ),
 ( #2153, #126, #4610 ),
 ( #469, #1358, #2586 ),
 ( #2612, #3015, #1407 ),
 ( #1710, #3813, #924 ),
 ( #3432, #2124, #4688 ),
 ( #5069, #5094, #869 ),
 ( #3480, #568, #949 ),
 ( #2225, #3373, #1332 ),
 ( #2203, #96, #3889 ),
 ( #3406, #1459, #1000 ),
 ( #3944, #280, #2307 ),
 ( #226, #1902, #4355 ),
 ( #1928, #4847, #4822 ),
 ( #3068, #704, #1081 ),
 ( #2769, #3591, #4025 ),
 ( #3097, #3916, #5222 ),
 ( #595, #1876, #4324 ),
 ( #1848, #1491, #5245 ),
 ( #3971, #4437, #3510 ),
 ( #3536, #1054, #4412 ),
 ( #1514, #252, #2364 ),
 ( #3563, #5194, #2716 ),
 ( #3123, #4382, #653 ),
 ( #3614, #2742, #5168 ),
 ( #305, #3153, #3181 ),
 ( #2250, #1434, #4765 ),
 ( #1026, #4795, #2688 ),
 ( #624, #679, #196 ),
 ( #2661, #2333, #3998 ),
 ( #2281, #1104, #1954 ),
 ( #5269, #4739, #3639 ),
 ( #2089, #3753, #1238 ),
 ( #4, #1536, #780 ),
 ( #3203, #4872, #1127 ),
 ( #2442, #2795, #353 ),
 ( #3693, #4921, #4493 ),
 ( #5347, #4466, #3667 ),
 ( #4898, #3256, #1152 ),
 ( #726, #1618, #3721 ),
 ( #1179, #2389, #3230 ),
 ( #1589, #752, #1648 ),
 ( #2007, #4052, #5321 ),
 ( #381, #5293, #2414 ),
 ( #328, #4108, #3313 ),
 ( #2845, #4519, #1979 ) ),
 .UNSPECIFIED., .F., .F., .T. ) 
 B_SPLINE_SURFACE_WITH_KNOTS ( ( 4, 2, 2, 2, 2, 2, 2, 2, 2, 2, 2, 2, 2, 2, 2, 2, 2, 2, 2, 2, 2, 2, 2, 2, 2, 2, 2, 2, 2, 2, 2, 2, 2, 2, 2, 2, 2, 2, 2, 2, 2, 2, 2, 2, 2, 2, 2, 2, 2, 2, 2, 2, 2, 2, 2, 2, 2, 2, 2, 2, 2, 2, 2, 2, 2, 2, 2, 2, 2, 2, 2, 2, 2, 2, 2, 2, 2, 2, 2, 2, 2, 2, 2, 2, 2, 2, 2, 2, 2, 2, 2, 2, 2, 2, 2, 2, 2, 2, 2, 2, 2, 2, 2, 2, 2, 2, 2, 2, 2, 2, 2, 2, 2, 2, 2, 2, 2, 2, 2, 2, 2, 2, 2, 2, 2, 2, 2, 2, 2, 2, 2, 2, 2, 2, 2, 2, 2, 2, 2, 2, 2, 2, 2, 2, 2, 2, 2, 2, 2, 2, 2, 2, 4 ),
 ( 3, 3 ),
 ( 0.003632292470848123150, 0.004407709157972621201, 0.005183125845097119253, 0.005958542532221616436, 0.006733959219346114487, 0.007121667562908363946, 0.007509375906470612538, 0.008284792593595109722, 0.009060209280719606906, 0.009835625967844105824, 0.01061104265496860474, 0.01099875099853085333, 0.01138645934209310193, 0.01216187602921759911, 0.01293729271634209629, 0.01371270940346659348, 0.01410041774702884207, 0.01448812609059109240, 0.01526354277771559131, 0.01565125112127783991, 0.01603895946484008850, 0.01681437615196458568, 0.01758979283908908287, 0.01836520952621358005, 0.01914062621333807723, 0.01991604290046257442, 0.02069145958758707160, 0.02146687627471156878, 0.02224229296183606944, 0.02263000130539832150, 0.02301770964896057009, 0.02379312633608506727, 0.02456854302320956446, 0.02534395971033406164, 0.02611937639745855883, 0.02689479308458305601, 0.02728250142814530460, 0.02767020977170755319, 0.02844562645883205038, 0.02922104314595654756, 0.02999645983308104821, 0.03077187652020554887, 0.03115958486376779746, 0.03154729320733004605, 0.03232270989445454323, 0.03309812658157904042, 0.03387354326870353760, 0.03464895995582803478, 0.03542437664295253197, 0.03581208498651478056, 0.03619979333007702915, 0.03697521001720152634, 0.03775062670432602352, 0.03852604339145052070, 0.03930146007857501789, 0.03968916842213726648, 0.04007687676569951507, 0.04085229345282401225, 0.04162771013994850944, 0.04240312682707300662, 0.04317854351419750381, 0.04395396020132200099, 0.04434166854488424958, 0.04472937688844649817, 0.04550479357557099536, 0.04628021026269549254, 0.04705562694981999666, 0.04783104363694450079, 0.04860646032406899797, 0.04938187701119349515, 0.05015729369831799234, 0.05093271038544248952, 0.05132041872900473811, 0.05170812707256698670, 0.05248354375969148389, 0.05287125210325373248, 0.05325896044681598107, 0.05403437713394047825, 0.05480979382106497544, 0.05558521050818947262, 0.05636062719531396981, 0.05713604388243846699, 0.05752375222600071558, 0.05791146056956296417, 0.05868687725668746136, 0.05946229394381196548, 0.06023771063093646960, 0.06101312731806096679, 0.06140083566162321538, 0.06178854400518546397, 0.06256396069230996115, 0.06333937737943445834, 0.06411479406655895552, 0.06489021075368345270, 0.06566562744080794989, 0.06605333578437019848, 0.06644104412793244707, 0.06721646081505694426, 0.06799187750218144144, 0.06876729418930593862, 0.06954271087643043581, 0.06993041921999268440, 0.07031812756355493299, 0.07109354425067943017, 0.07186896093780392736, 0.07264437762492842454, 0.07341979431205292173, 0.07419521099917741891, 0.07458291934273966750, 0.07497062768630191609, 0.07574604437342641328, 0.07652146106055091046, 0.07729687774767540764, 0.07807229443479990483, 0.07846000277836215342, 0.07884771112192440201, 0.07962312780904889919, 0.08039854449617339638, 0.08117396118329789356, 0.08156166952686014215, 0.08194937787042239075, 0.08272479455754688793, 0.08311250290110913652, 0.08350021124467138511, 0.08427562793179588230, 0.08505104461892037948, 0.08582646130604487666, 0.08621416964960712526, 0.08660187799316937385, 0.08737729468029387103, 0.08815271136741836822, 0.08892812805454286540, 0.08970354474166736258, 0.09009125308522961117, 0.09047896142879187364, 0.09125437811591638471, 0.09202979480304088189, 0.09280521149016537907, 0.09358062817728987626, 0.09435604486441437344, 0.09474375320797662203, 0.09513146155153887062, 0.09590687823866336781, 0.09668229492578786499, 0.09745771161291236218, 0.09823312830003685936, 0.09862083664359910795, 0.09900854498716135654, 0.09978396167428585373, 0.1005593783614103509, 0.1013347950485348481, 0.1021102117356593453, 0.1028856284227838425 ),
 ( 0.000000000000000000, 1.000000000000000000 ),
 .UNSPECIFIED. ) 
 GEOMETRIC_REPRESENTATION_ITEM ( )  RATIONAL_B_SPLINE_SURFACE ( (
 ( 1.000000000000000000, 0.8547638017611375316, 1.000000000000000000),
 ( 1.000000000000000000, 0.8547632582038426907, 1.000000000000000000),
 ( 1.000000000000000000, 0.8547658008465977009, 1.000000000000000000),
 ( 1.000000000000000000, 0.8547763043747855782, 1.000000000000000000),
 ( 1.000000000000000000, 0.8547849837248288063, 1.000000000000000000),
 ( 1.000000000000000000, 0.8547707438699175819, 1.000000000000000000),
 ( 1.000000000000000000, 0.8547660557414152871, 1.000000000000000000),
 ( 1.000000000000000000, 0.8547627597550310208, 1.000000000000000000),
 ( 1.000000000000000000, 0.8547641303753826802, 1.000000000000000000),
 ( 1.000000000000000000, 0.8547704953512015313, 1.000000000000000000),
 ( 1.000000000000000000, 0.8547733586190655597, 1.000000000000000000),
 ( 1.000000000000000000, 0.8547802607000907216, 1.000000000000000000),
 ( 1.000000000000000000, 0.8547861560001117631, 1.000000000000000000),
 ( 1.000000000000000000, 0.8547741647937909804, 1.000000000000000000),
 ( 1.000000000000000000, 0.8547683767871542271, 1.000000000000000000),
 ( 1.000000000000000000, 0.8547629026081356995, 1.000000000000000000),
 ( 1.000000000000000000, 0.8547631005304432428, 1.000000000000000000),
 ( 1.000000000000000000, 0.8547695091298008752, 1.000000000000000000),
 ( 1.000000000000000000, 0.8547755821931144471, 1.000000000000000000),
 ( 1.000000000000000000, 0.8547922467679309744, 1.000000000000000000),
 ( 1.000000000000000000, 0.8547713089980960577, 1.000000000000000000),
 ( 1.000000000000000000, 0.8547655923383344900, 1.000000000000000000),
 ( 1.000000000000000000, 0.8547643916057320324, 1.000000000000000000),
 ( 1.000000000000000000, 0.8547634819825938868, 1.000000000000000000),
 ( 1.000000000000000000, 0.8547637870812702099, 1.000000000000000000),
 ( 1.000000000000000000, 0.8547669205547187010, 1.000000000000000000),
 ( 1.000000000000000000, 0.8547719329361093132, 1.000000000000000000),
 ( 1.000000000000000000, 0.8547870147734882851, 1.000000000000000000),
 ( 1.000000000000000000, 0.8547748301227163781, 1.000000000000000000),
 ( 1.000000000000000000, 0.8547650949329829162, 1.000000000000000000),
 ( 1.000000000000000000, 0.8547629986786480227, 1.000000000000000000),
 ( 1.000000000000000000, 0.8547644520752193387, 1.000000000000000000),
 ( 1.000000000000000000, 0.8547656752672063707, 1.000000000000000000),
 ( 1.000000000000000000, 0.8547695584497452259, 1.000000000000000000),
 ( 1.000000000000000000, 0.8547722453867451220, 1.000000000000000000),
 ( 1.000000000000000000, 0.8547821598016018818, 1.000000000000000000),
 ( 1.000000000000000000, 0.8547788999246339614, 1.000000000000000000),
 ( 1.000000000000000000, 0.8547700427940116974, 1.000000000000000000),
 ( 1.000000000000000000, 0.8547677342600795702, 1.000000000000000000),
 ( 1.000000000000000000, 0.8547646318347924543, 1.000000000000000000),
 ( 1.000000000000000000, 0.8547638130617908336, 1.000000000000000000),
 ( 1.000000000000000000, 0.8547635819853913741, 1.000000000000000000),
 ( 1.000000000000000000, 0.8547665128640559162, 1.000000000000000000),
 ( 1.000000000000000000, 0.8547777192585112038, 1.000000000000000000),
 ( 1.000000000000000000, 0.8547834300605156033, 1.000000000000000000),
 ( 1.000000000000000000, 0.8547696562798391406, 1.000000000000000000),
 ( 1.000000000000000000, 0.8547654184107235098, 1.000000000000000000),
 ( 1.000000000000000000, 0.8547628628020759178, 1.000000000000000000),
 ( 1.000000000000000000, 0.8547646526227122843, 1.000000000000000000),
 ( 1.000000000000000000, 0.8547738010360740324, 1.000000000000000000),
 ( 1.000000000000000000, 0.8547883540799221525, 1.000000000000000000),
 ( 1.000000000000000000, 0.8547728970549990368, 1.000000000000000000),
 ( 1.000000000000000000, 0.8547675660050343405, 1.000000000000000000),
 ( 1.000000000000000000, 0.8547627653708625983, 1.000000000000000000),
 ( 1.000000000000000000, 0.8547634035494768856, 1.000000000000000000),
 ( 1.000000000000000000, 0.8547704520305934306, 1.000000000000000000),
 ( 1.000000000000000000, 0.8547937629933728410, 1.000000000000000000),
 ( 1.000000000000000000, 0.8547809627926258313, 1.000000000000000000),
 ( 1.000000000000000000, 0.8547772307900728395, 1.000000000000000000),
 ( 1.000000000000000000, 0.8547710177863906411, 1.000000000000000000),
 ( 1.000000000000000000, 0.8547685299792839864, 1.000000000000000000),
 ( 1.000000000000000000, 0.8547633257869642343, 1.000000000000000000),
 ( 1.000000000000000000, 0.8547627903389289905, 1.000000000000000000),
 ( 1.000000000000000000, 0.8547677017202621741, 1.000000000000000000),
 ( 1.000000000000000000, 0.8547731655538326478, 1.000000000000000000),
 ( 1.000000000000000000, 0.8547886794903125640, 1.000000000000000000),
 ( 1.000000000000000000, 0.8547735520321622094, 1.000000000000000000),
 ( 1.000000000000000000, 0.8547645355254047672, 1.000000000000000000),
 ( 1.000000000000000000, 0.8547628301832881359, 1.000000000000000000),
 ( 1.000000000000000000, 0.8547655462400483017, 1.000000000000000000),
 ( 1.000000000000000000, 0.8547698868227947555, 1.000000000000000000),
 ( 1.000000000000000000, 0.8547802282858150136, 1.000000000000000000),
 ( 1.000000000000000000, 0.8547861091868048655, 1.000000000000000000),
 ( 1.000000000000000000, 0.8547780775756711469, 1.000000000000000000),
 ( 1.000000000000000000, 0.8547746562283746741, 1.000000000000000000),
 ( 1.000000000000000000, 0.8547663691713400791, 1.000000000000000000),
 ( 1.000000000000000000, 0.8547635099761181632, 1.000000000000000000),
 ( 1.000000000000000000, 0.8547639775730246914, 1.000000000000000000),
 ( 1.000000000000000000, 0.8547671934482603540, 1.000000000000000000),
 ( 1.000000000000000000, 0.8547791902833692390, 1.000000000000000000),
 ( 1.000000000000000000, 0.8547818253066813421, 1.000000000000000000),
 ( 1.000000000000000000, 0.8547687924429564488, 1.000000000000000000),
 ( 1.000000000000000000, 0.8547648175066470122, 1.000000000000000000),
 ( 1.000000000000000000, 0.8547634856802568404, 1.000000000000000000),
 ( 1.000000000000000000, 0.8547637818413534871, 1.000000000000000000),
 ( 1.000000000000000000, 0.8547658642477397040, 1.000000000000000000),
 ( 1.000000000000000000, 0.8547676716563660237, 1.000000000000000000),
 ( 1.000000000000000000, 0.8547751069699358606, 1.000000000000000000),
 ( 1.000000000000000000, 0.8547867172032542760, 1.000000000000000000),
 ( 1.000000000000000000, 0.8547717527098893653, 1.000000000000000000),
 ( 1.000000000000000000, 0.8547667562906016148, 1.000000000000000000),
 ( 1.000000000000000000, 0.8547627465969298566, 1.000000000000000000),
 ( 1.000000000000000000, 0.8547637640268601622, 1.000000000000000000),
 ( 1.000000000000000000, 0.8547715442054122370, 1.000000000000000000),
 ( 1.000000000000000000, 0.8547919542656757796, 1.000000000000000000),
 ( 1.000000000000000000, 0.8547752852693876191, 1.000000000000000000),
 ( 1.000000000000000000, 0.8547693105659832646, 1.000000000000000000),
 ( 1.000000000000000000, 0.8547646381029723184, 1.000000000000000000),
 ( 1.000000000000000000, 0.8547638034393306716, 1.000000000000000000),
 ( 1.000000000000000000, 0.8547636660782432783, 1.000000000000000000),
 ( 1.000000000000000000, 0.8547643472402631781, 1.000000000000000000),
 ( 1.000000000000000000, 0.8547685587585832634, 1.000000000000000000),
 ( 1.000000000000000000, 0.8547744042697597022, 1.000000000000000000),
 ( 1.000000000000000000, 0.8547905381425383586, 1.000000000000000000),
 ( 1.000000000000000000, 0.8547724403244190139, 1.000000000000000000),
 ( 1.000000000000000000, 0.8547640182984757029, 1.000000000000000000),
 ( 1.000000000000000000, 0.8547627583059718148, 1.000000000000000000),
 ( 1.000000000000000000, 0.8547661814964511162, 1.000000000000000000),
 ( 1.000000000000000000, 0.8547709749917983268, 1.000000000000000000),
 ( 1.000000000000000000, 0.8547817356517922738, 1.000000000000000000),
 ( 1.000000000000000000, 0.8547845323245109039, 1.000000000000000000),
 ( 1.000000000000000000, 0.8547767794254348406, 1.000000000000000000),
 ( 1.000000000000000000, 0.8547734533474609098, 1.000000000000000000),
 ( 1.000000000000000000, 0.8547656459324506351, 1.000000000000000000),
 ( 1.000000000000000000, 0.8547632162763160180, 1.000000000000000000),
 ( 1.000000000000000000, 0.8547644247669218265, 1.000000000000000000),
 ( 1.000000000000000000, 0.8547680878375107927, 1.000000000000000000),
 ( 1.000000000000000000, 0.8547805841388280701, 1.000000000000000000),
 ( 1.000000000000000000, 0.8547802395272164899, 1.000000000000000000),
 ( 1.000000000000000000, 0.8547678942631259380, 1.000000000000000000),
 ( 1.000000000000000000, 0.8547643069560515450, 1.000000000000000000),
 ( 1.000000000000000000, 0.8547632834732947771, 1.000000000000000000),
 ( 1.000000000000000000, 0.8547657911458110824, 1.000000000000000000),
 ( 1.000000000000000000, 0.8547737297609176998, 1.000000000000000000),
 ( 1.000000000000000000, 0.8547770934900501549, 1.000000000000000000),
 ( 1.000000000000000000, 0.8547848956321711933, 1.000000000000000000),
 ( 1.000000000000000000, 0.8547813976523471746, 1.000000000000000000),
 ( 1.000000000000000000, 0.8547707311687752219, 1.000000000000000000),
 ( 1.000000000000000000, 0.8547660186670000826, 1.000000000000000000),
 ( 1.000000000000000000, 0.8547627734572784686, 1.000000000000000000),
 ( 1.000000000000000000, 0.8547641325913970523, 1.000000000000000000),
 ( 1.000000000000000000, 0.8547727145453432041, 1.000000000000000000),
 ( 1.000000000000000000, 0.8547901426284819637, 1.000000000000000000),
 ( 1.000000000000000000, 0.8547741065424639961, 1.000000000000000000),
 ( 1.000000000000000000, 0.8547683534273631256, 1.000000000000000000),
 ( 1.000000000000000000, 0.8547629064880208904, 1.000000000000000000),
 ( 1.000000000000000000, 0.8547631410985925271, 1.000000000000000000),
 ( 1.000000000000000000, 0.8547695310663339097, 1.000000000000000000),
 ( 1.000000000000000000, 0.8547755747666732073, 1.000000000000000000),
 ( 1.000000000000000000, 0.8547924033038860614, 1.000000000000000000),
 ( 1.000000000000000000, 0.8547712971395622361, 1.000000000000000000),
 ( 1.000000000000000000, 0.8547636731429817392, 1.000000000000000000),
 ( 1.000000000000000000, 0.8547627523276827288, 1.000000000000000000),
 ( 1.000000000000000000, 0.8547658859851660074, 1.000000000000000000),
 ( 1.000000000000000000, 0.8547676593999148364, 1.000000000000000000),
 ( 1.000000000000000000, 0.8547726012166593224, 1.000000000000000000),
 ( 1.000000000000000000, 0.8547757998127867296, 1.000000000000000000),
 ( 1.000000000000000000, 0.8547870981430355508, 1.000000000000000000),
 ( 1.000000000000000000, 0.8547748171529809813, 1.000000000000000000),
 ( 1.000000000000000000, 0.8547674876451646364, 1.000000000000000000),
 ( 1.000000000000000000, 0.8547657281042850830, 1.000000000000000000),
 ( 1.000000000000000000, 0.8547637363412536882, 1.000000000000000000),
 ( 1.000000000000000000, 0.8547634831022422608, 1.000000000000000000),
 ( 1.000000000000000000, 0.8547649455393923068, 1.000000000000000000),
 ( 1.000000000000000000, 0.8547689923791390587, 1.000000000000000000),
 ( 1.000000000000000000, 0.8547822552800492524, 1.000000000000000000),
 ( 1.000000000000000000, 0.8547786538342990736, 1.000000000000000000),
 ( 1.000000000000000000, 0.8547669808019239257, 1.000000000000000000),
 ( 1.000000000000000000, 0.8547638129021394304, 1.000000000000000000),
 ( 1.000000000000000000, 0.8547636504997785378, 1.000000000000000000),
 ( 1.000000000000000000, 0.8547665808098253715, 1.000000000000000000),
 ( 1.000000000000000000, 0.8547780008744868541, 1.000000000000000000),
 ( 1.000000000000000000, 0.8547831537359156240, 1.000000000000000000),
 ( 1.000000000000000000, 0.8547729633698615270, 1.000000000000000000),
 ( 1.000000000000000000, 0.8547701588534982742, 1.000000000000000000),
 ( 1.000000000000000000, 0.8547660360829502091, 1.000000000000000000),
 ( 1.000000000000000000, 0.8547646974387824725, 1.000000000000000000),
 ( 1.000000000000000000, 0.8547628942891408732, 1.000000000000000000),
 ( 1.000000000000000000, 0.8547647361065080496, 1.000000000000000000),
 ( 1.000000000000000000, 0.8547740501798550827, 1.000000000000000000),
 ( 1.000000000000000000, 0.8547881678397906136, 1.000000000000000000),
 ( 1.000000000000000000, 0.8547726580814607455, 1.000000000000000000),
 ( 1.000000000000000000, 0.8547674127286999379, 1.000000000000000000),
 ( 1.000000000000000000, 0.8547627768525238867, 1.000000000000000000),
 ( 1.000000000000000000, 0.8547634712081227937, 1.000000000000000000),
 ( 1.000000000000000000, 0.8547688519666366558, 1.000000000000000000),
 ( 1.000000000000000000, 0.8547713514523812561, 1.000000000000000000),
 ( 1.000000000000000000, 0.8547776700113834947, 1.000000000000000000),
 ( 1.000000000000000000, 0.8547892045831302354, 1.000000000000000000),
 ( 1.000000000000000000, 0.8547764002684712370, 1.000000000000000000),
 ( 1.000000000000000000, 0.8547701335960172786, 1.000000000000000000),
 ( 1.000000000000000000, 0.8547632801006818104, 1.000000000000000000),
 ( 1.000000000000000000, 0.8547628260214846785, 1.000000000000000000),
 ( 1.000000000000000000, 0.8547678297690165516, 1.000000000000000000),
 ( 1.000000000000000000, 0.8547733931755682191, 1.000000000000000000),
 ( 1.000000000000000000, 0.8547890275257198356, 1.000000000000000000),
 ( 1.000000000000000000, 0.8547733878587417955, 1.000000000000000000),
 ( 1.000000000000000000, 0.8547644135074254912, 1.000000000000000000),
 ( 1.000000000000000000, 0.8547628210281938976, 1.000000000000000000),
 ( 1.000000000000000000, 0.8547649259970613311, 1.000000000000000000),
 ( 1.000000000000000000, 0.8547663960441145292, 1.000000000000000000),
 ( 1.000000000000000000, 0.8547707180476937783, 1.000000000000000000),
 ( 1.000000000000000000, 0.8547735654578775266, 1.000000000000000000),
 ( 1.000000000000000000, 0.8547839417421064789, 1.000000000000000000),
 ( 1.000000000000000000, 0.8547771702117687997, 1.000000000000000000),
 ( 1.000000000000000000, 0.8547662174171606342, 1.000000000000000000),
 ( 1.000000000000000000, 0.8547634573490034970, 1.000000000000000000),
 ( 1.000000000000000000, 0.8547640452119757981, 1.000000000000000000),
 ( 1.000000000000000000, 0.8547673798082734420, 1.000000000000000000),
 ( 1.000000000000000000, 0.8547793512533322646, 1.000000000000000000),
 ( 1.000000000000000000, 0.8547815109912595410, 1.000000000000000000),
 ( 1.000000000000000000, 0.8547718531780221785, 1.000000000000000000),
 ( 1.000000000000000000, 0.8547692653615048819, 1.000000000000000000),
 ( 1.000000000000000000, 0.8547654913024904655, 1.000000000000000000),
 ( 1.000000000000000000, 0.8547643113297493933, 1.000000000000000000),
 ( 1.000000000000000000, 0.8547630765728302382, 1.000000000000000000),
 ( 1.000000000000000000, 0.8547652549811632916, 1.000000000000000000),
 ( 1.000000000000000000, 0.8547753040530077229, 1.000000000000000000),
 ( 1.000000000000000000, 0.8547863664424237840, 1.000000000000000000),
 ( 1.000000000000000000, 0.8547716247118228861, 1.000000000000000000),
 ( 1.000000000000000000, 0.8547666108636544635, 1.000000000000000000),
 ( 1.000000000000000000, 0.8547627464404858877, 1.000000000000000000),
 ( 1.000000000000000000, 0.8547638004627141628, 1.000000000000000000),
 ( 1.000000000000000000, 0.8547717649515308436, 1.000000000000000000),
 ( 1.000000000000000000, 0.8547916777334948479, 1.000000000000000000),
 ( 1.000000000000000000, 0.8547792698819210999, 1.000000000000000000),
 ( 1.000000000000000000, 0.8547756534144698159, 1.000000000000000000),
 ( 1.000000000000000000, 0.8547698363584855796, 1.000000000000000000),
 ( 1.000000000000000000, 0.8547676045500028907, 1.000000000000000000),
 ( 1.000000000000000000, 0.8547630583238781110, 1.000000000000000000),
 ( 1.000000000000000000, 0.8547629708505556367, 1.000000000000000000),
 ( 1.000000000000000000, 0.8547687398067339570, 1.000000000000000000),
 ( 1.000000000000000000, 0.8547745172060130514, 1.000000000000000000),
 ( 1.000000000000000000, 0.8547909054735054468, 1.000000000000000000),
 ( 1.000000000000000000, 0.8547722298792758133, 1.000000000000000000),
 ( 1.000000000000000000, 0.8547639963188796708, 1.000000000000000000),
 ( 1.000000000000000000, 0.8547627561371907712, 1.000000000000000000),
 ( 1.000000000000000000, 0.8547654214534406991, 1.000000000000000000),
 ( 1.000000000000000000, 0.8547670428416697108, 1.000000000000000000),
 ( 1.000000000000000000, 0.8547717082534315169, 1.000000000000000000),
 ( 1.000000000000000000, 0.8547747728113955779, 1.000000000000000000),
 ( 1.000000000000000000, 0.8547856681268620749, 1.000000000000000000),
 ( 1.000000000000000000, 0.8547759020489679171, 1.000000000000000000),
 ( 1.000000000000000000, 0.8547655249513360642, 1.000000000000000000),
 ( 1.000000000000000000, 0.8547631790570663357, 1.000000000000000000),
 ( 1.000000000000000000, 0.8547645016767123627, 1.000000000000000000),
 ( 1.000000000000000000, 0.8547682626938487571, 1.000000000000000000),
 ( 1.000000000000000000, 0.8547777203643348587, 1.000000000000000000),
 ( 1.000000000000000000, 0.8547892307588776939, 1.000000000000000000),
 ( 1.000000000000000000, 0.8547807089770605993, 1.000000000000000000),
 ( 1.000000000000000000, 0.8547769400088339742, 1.000000000000000000),
 ( 1.000000000000000000, 0.8547677024425490711, 1.000000000000000000),
 ( 1.000000000000000000, 0.8547642427865745907, 1.000000000000000000),
 ( 1.000000000000000000, 0.8547635527898814756, 1.000000000000000000),
 ( 1.000000000000000000, 0.8547640873041225662, 1.000000000000000000),
 ( 1.000000000000000000, 0.8547666160739434416, 1.000000000000000000),
 ( 1.000000000000000000, 0.8547686043061120120, 1.000000000000000000),
 ( 1.000000000000000000, 0.8547765832305491696, 1.000000000000000000),
 ( 1.000000000000000000, 0.8547846435458723580, 1.000000000000000000),
 ( 1.000000000000000000, 0.8547705189675371962, 1.000000000000000000),
 ( 1.000000000000000000, 0.8547659242086189657, 1.000000000000000000),
 ( 1.000000000000000000, 0.8547627701553581758, 1.000000000000000000),
 ( 1.000000000000000000, 0.8547642316703651932, 1.000000000000000000),
 ( 1.000000000000000000, 0.8547706937245422854, 1.000000000000000000),
 ( 1.000000000000000000, 0.8547735878914632934, 1.000000000000000000),
 ( 1.000000000000000000, 0.8547805673517421265, 1.000000000000000000),
 ( 1.000000000000000000, 0.8547858052054003730, 1.000000000000000000),
 ( 1.000000000000000000, 0.8547739064862293068, 1.000000000000000000),
 ( 1.000000000000000000, 0.8547681977960114308, 1.000000000000000000),
 ( 1.000000000000000000, 0.8547628688223044557, 1.000000000000000000),
 ( 1.000000000000000000, 0.8547631497927964395, 1.000000000000000000),
 ( 1.000000000000000000, 0.8547696980739055705, 1.000000000000000000),
 ( 1.000000000000000000, 0.8547758663343884011, 1.000000000000000000),
 ( 1.000000000000000000, 0.8547926223762186693, 1.000000000000000000),
 ( 1.000000000000000000, 0.8547710828731078792, 1.000000000000000000),
 ( 1.000000000000000000, 0.8547654779365702060, 1.000000000000000000),
 ( 1.000000000000000000, 0.8547643184184932075, 1.000000000000000000),
 ( 1.000000000000000000, 0.8547634877508194506, 1.000000000000000000),
 ( 1.000000000000000000, 0.8547638293960632128, 1.000000000000000000),
 ( 1.000000000000000000, 0.8547670834261855699, 1.000000000000000000),
 ( 1.000000000000000000, 0.8547721775109372588, 1.000000000000000000),
 ( 1.000000000000000000, 0.8547873408628151592, 1.000000000000000000),
 ( 1.000000000000000000, 0.8547745605248406875, 1.000000000000000000),
 ( 1.000000000000000000, 0.8547649788138786953, 1.000000000000000000),
 ( 1.000000000000000000, 0.8547629593156864658, 1.000000000000000000),
 ( 1.000000000000000000, 0.8547650565795970046, 1.000000000000000000),
 ( 1.000000000000000000, 0.8547691123989441531, 1.000000000000000000),
 ( 1.000000000000000000, 0.8547824920113810121, 1.000000000000000000),
 ( 1.000000000000000000, 0.8547785936634635373, 1.000000000000000000),
 ( 1.000000000000000000, 0.8547698559369352189, 1.000000000000000000),
 ( 1.000000000000000000, 0.8547675802222041153, 1.000000000000000000),
 ( 1.000000000000000000, 0.8547645473405356409, 1.000000000000000000),
 ( 1.000000000000000000, 0.8547637687074233215, 1.000000000000000000),
 ( 1.000000000000000000, 0.8547636569154603015, 1.000000000000000000),
 ( 1.000000000000000000, 0.8547666594438253496, 1.000000000000000000),
 ( 1.000000000000000000, 0.8547780194763238137, 1.000000000000000000),
 ( 1.000000000000000000, 0.8547831287276672629, 1.000000000000000000),
 ( 1.000000000000000000, 0.8547694513705574870, 1.000000000000000000),
 ( 1.000000000000000000, 0.8547652898832447388, 1.000000000000000000),
 ( 1.000000000000000000, 0.8547628938862161796, 1.000000000000000000),
 ( 1.000000000000000000, 0.8547647640496058852, 1.000000000000000000),
 ( 1.000000000000000000, 0.8547717366589807630, 1.000000000000000000),
 ( 1.000000000000000000, 0.8547747431708236920, 1.000000000000000000),
 ( 1.000000000000000000, 0.8547820075929926098, 1.000000000000000000),
 ( 1.000000000000000000, 0.8547841658659792730, 1.000000000000000000),
 ( 1.000000000000000000, 0.8547726432252077400, 1.000000000000000000),
 ( 1.000000000000000000, 0.8547673969347584499, 1.000000000000000000),
 ( 1.000000000000000000, 0.8547627575398148991, 1.000000000000000000),
 ( 1.000000000000000000, 0.8547634734683230429, 1.000000000000000000),
 ( 1.000000000000000000, 0.8547706660000683465, 1.000000000000000000),
 ( 1.000000000000000000, 0.8547933703234984470, 1.000000000000000000),
 ( 1.000000000000000000, 0.8547764061190796792, 1.000000000000000000),
 ( 1.000000000000000000, 0.8547700674677980448, 1.000000000000000000),
 ( 1.000000000000000000, 0.8547632603220818304, 1.000000000000000000),
 ( 1.000000000000000000, 0.8547628160771552075, 1.000000000000000000),
 ( 1.000000000000000000, 0.8547653417896911021, 1.000000000000000000) ) ) 
 REPRESENTATION_ITEM ( '' )  SURFACE ( )  );
#1805 = VERTEX_POINT ( 'NONE', #194 ) ;
#1806 = CARTESIAN_POINT ( 'NONE',  ( 1.023336079404099319, -4.749656249999996582, -2.470551841763084955 ) ) ;
#1807 = CARTESIAN_POINT ( 'NONE',  ( 3.174433621974253938, -3.565028890195654832, 0.2643231157272012966 ) ) ;
#1808 = CARTESIAN_POINT ( 'NONE',  ( 0.4788626436464797353, -6.743672377218794090, 3.141319095817976859 ) ) ;
#1809 = CARTESIAN_POINT ( 'NONE',  ( -3.174999999999999822, -4.933012499999995804, -1.549017063184669745E-15 ) ) ;
#1810 = FACE_OUTER_BOUND ( 'NONE', #4042, .T. ) ;
#1811 = B_SPLINE_CURVE_WITH_KNOTS ( 'NONE', 3,
 ( #4683, #1761, #4189, #3033, #3780, #5089, #4708, #563, #1676, #5006, #4733, #5136, #2655, #165, #189, #2243, #4347, #617, #2274, #3936, #3473, #2681, #4317, #3908, #3884, #993, #1868, #219, #1841, #587, #1812, #1401 ),
 .UNSPECIFIED., .F., .F.,
 ( 4, 2, 2, 2, 2, 2, 2, 2, 2, 2, 2, 2, 2, 2, 2, 4 ),
 ( 5.421010862427522170E-20, 0.0004939314789595221876, 0.0009878629579190443752, 0.001481794436878566563, 0.001975725915838088750, 0.002963588873757133559, 0.003457520352716655747, 0.003951451831676178368, 0.004445383310635700989, 0.004939314789595221876, 0.005433246268554744497, 0.005927177747514267118, 0.006421109226473790607, 0.006915040705433312361, 0.007408972184392835850, 0.007902903663352358471 ),
 .UNSPECIFIED. ) ;
#1812 = CARTESIAN_POINT ( 'NONE',  ( -0.1658729282292745744, -2.516176983564276437, 2.741876083469021452 ) ) ;
#1813 = CARTESIAN_POINT ( 'NONE',  ( -2.445878313672953386, -2.017347585376584096, 2.001520259898387444 ) ) ;
#1814 = CARTESIAN_POINT ( 'NONE',  ( -2.473370255101328130, -2.242869672462217245, -1.956458816839967030 ) ) ;
#1815 = CARTESIAN_POINT ( 'NONE',  ( -0.6054817758353288060, -5.286809021391425389, -3.094598273549943102 ) ) ;
#1816 = CARTESIAN_POINT ( 'NONE',  ( 2.702723425264915047, -3.378705125103593332, -1.686243630098285706 ) ) ;
#1817 = CARTESIAN_POINT ( 'NONE',  ( -2.325565234506606682, -6.009820013048081222, -2.118822380612268574 ) ) ;
#1818 = CARTESIAN_POINT ( 'NONE',  ( 0.8217544278467279195, -5.712867165515004508, 3.073865588594962173 ) ) ;
#1819 = CIRCLE ( 'NONE', #4081, 1.500000000000003775 ) ;
#1821 = CARTESIAN_POINT ( 'NONE',  ( -3.066269149804001337, -2.174044802749320660, -0.7358280226489416487 ) ) ;
#1820 = CARTESIAN_POINT ( 'NONE',  ( -3.153930638762984628, -5.976322040428131643, 0.4465799888224794567 ) ) ;
#1822 = CARTESIAN_POINT ( 'NONE',  ( -1.746943960583592581, -5.421962499999997576, 1.746943960583590361 ) ) ;
#1823 = CARTESIAN_POINT ( 'NONE',  ( -1.962930481914136882, -2.122071091509728280, -2.468588479409548508 ) ) ;
#1824 = CIRCLE ( 'NONE', #4874, 0.8726039399110456785 ) ;
#1825 = CARTESIAN_POINT ( 'NONE',  ( 1.345780667240387585, -5.229861277213196047, -2.852460064265037509 ) ) ;
#1826 = CARTESIAN_POINT ( 'NONE',  ( -3.174999999999999378, -7.072168750000000337, -1.315128060534578092 ) ) ;
#1827 = AXIS2_PLACEMENT_3D ( 'NONE', #920, #4245, #35 ) ;
#1828 = LOCAL_TIME ( 17, 20, 4.000000000000000000, #1290 ) ;
#1830 = CARTESIAN_POINT ( 'NONE',  ( 2.870484197265638304, -5.472088499382326887, 1.305361539751483058 ) ) ;
#1829 = CARTESIAN_POINT ( 'NONE',  ( -2.500676891798697898, -4.950574862265835208, 1.973047359943196133 ) ) ;
#1831 = CARTESIAN_POINT ( 'NONE',  ( -2.426062149576721616, -7.471023158236911321, 0.4667428084396666454 ) ) ;
#1832 = CARTESIAN_POINT ( 'NONE',  ( -2.365174489939827485, 1.216517193596552415, 2.675917755880185211 ) ) ;
#1833 = CARTESIAN_POINT ( 'NONE',  ( -1.313415010461282728, -4.133297308989456020, -2.902229927707719703 ) ) ;
#1834 = CARTESIAN_POINT ( 'NONE',  ( -1.746943960583590805, -1.632599999999997165, -1.746943960583592581 ) ) ;
#1835 = VERTEX_POINT ( 'NONE', #3508 ) ;
#1836 = B_SPLINE_CURVE_WITH_KNOTS ( 'NONE', 3,
 ( #4677, #4998, #1261, #4182, #2110, #1697, #3360, #5027, #4388, #3129, #2312, #5199, #4801, #1059, #1465, #3976, #658, #2721, #3542, #1880, #112, #3002 ),
 .UNSPECIFIED., .F., .F.,
 ( 4, 2, 2, 2, 2, 2, 2, 2, 2, 2, 4 ),
 ( 0.09148257525699821091, 0.09233230065001135634, 0.09318202604302451564, 0.09403175143603766106, 0.09445661413254423378, 0.09488147682905082037, 0.09573120222206396579, 0.09615606491857053850, 0.09658092761507711121, 0.09743065300809027052, 0.09828037840110341594 ),
 .UNSPECIFIED. ) ;
#1837 = CARTESIAN_POINT ( 'NONE',  ( 1.092209240353753552, -3.794468648679009348, 2.958640791274796289 ) ) ;
#1838 = CARTESIAN_POINT ( 'NONE',  ( 0.3467541837471456723, -6.766429760038549013, 3.126818636553779118 ) ) ;
#1839 = CARTESIAN_POINT ( 'NONE',  ( 2.245064030267287070, -6.522099999999995568, 2.245064030267288846 ) ) ;
#1840 = CARTESIAN_POINT ( 'NONE',  ( 3.500000000000001332, 1.292770920014428171, 0.3380550240226107284 ) ) ;
#1841 = CARTESIAN_POINT ( 'NONE',  ( -0.6526619362924563905, -2.535713125155596437, 2.651282454576242564 ) ) ;
#1842 = CARTESIAN_POINT ( 'NONE',  ( -1.023336079404100429, -3.282806249999997483, 2.470551841763083178 ) ) ;
#1843 = CARTESIAN_POINT ( 'NONE',  ( -2.523162254963730700, -2.356890961580791366, -1.404488640346418071 ) ) ;
#1844 = VERTEX_POINT ( 'NONE', #1977 ) ;
#1845 = CARTESIAN_POINT ( 'NONE',  ( 2.871365799794063367, -2.644768376396419374, 1.379183591312583834 ) ) ;
#1846 = DIRECTION ( 'NONE',  ( -0.000000000000000000, 1.000000000000000000, -0.000000000000000000 ) ) ;
#1847 = CARTESIAN_POINT ( 'NONE',  ( 2.701762836589780559, -3.414286064523755382, -1.687779507930943002 ) ) ;
#1848 = CARTESIAN_POINT ( 'NONE',  ( 3.148141576944947673, -6.392330881656370423, 0.1920355631260546314 ) ) ;
#1849 = CARTESIAN_POINT ( 'NONE',  ( 0.8249822581013597222, -5.304355549548067650, -3.073090740220510764 ) ) ;
#1851 = CARTESIAN_POINT ( 'NONE',  ( -2.519834489228904406, -2.037669224222531827, 1.879187577935739206 ) ) ;
#1850 = CARTESIAN_POINT ( 'NONE',  ( -3.179890510005067839, -5.988755614329400956, 0.1859302209658471872 ) ) ;
#1852 = CARTESIAN_POINT ( 'NONE',  ( -1.746943960583592581, -6.399862499999998455, 1.746943960583590361 ) ) ;
#1853 = CARTESIAN_POINT ( 'NONE',  ( -2.519834489228904406, -2.037669224222531827, 1.879187577935739206 ) ) ;
#1854 = CARTESIAN_POINT ( 'NONE',  ( 0.8567758395131505056, -2.285819098783240300, -3.059968596358644266 ) ) ;
#1855 = CARTESIAN_POINT ( 'NONE',  ( 1.588642117347073945, -5.259278231366230294, -2.761440314387223705 ) ) ;
#1856 = CARTESIAN_POINT ( 'NONE',  ( -2.245064030267287514, -6.155387499999999790, -2.245064030267289290 ) ) ;
#1858 = CARTESIAN_POINT ( 'NONE',  ( 3.021398221604197243, -5.360774676278975193, -0.9024280155486088528 ) ) ;
#1857 = CARTESIAN_POINT ( 'NONE',  ( -1.954498954969564606, -4.878637392712051657, 2.515393561337353479 ) ) ;
#1859 = CARTESIAN_POINT ( 'NONE',  ( -0.2912035614200456091, -7.340340969632519474, 2.588975982304404067 ) ) ;
#1860 = CARTESIAN_POINT ( 'NONE',  ( 3.500000000000000444, -1.999999999999997113, -2.020725942163691613 ) ) ;
#1861 = CARTESIAN_POINT ( 'NONE',  ( 0.9843866947415909063, -4.248131790207780867, -3.029726627772168612 ) ) ;
#1862 = CARTESIAN_POINT ( 'NONE',  ( 2.470551841763084067, -7.072168749999998560, 1.023336079404100207 ) ) ;
#1863 = ORIENTED_EDGE ( 'NONE', *, *, #4541, .F. ) ;
#1864 = CARTESIAN_POINT ( 'NONE',  ( 1.100652870996508659, -3.742477217345837381, 2.989330161268131558 ) ) ;
#1865 = DIRECTION ( 'NONE',  ( 0.000000000000000000, -0.000000000000000000, -1.000000000000000000 ) ) ;
#1866 = CARTESIAN_POINT ( 'NONE',  ( -2.245064030267287514, -7.011049999999996452, -2.245064030267289290 ) ) ;
#1867 = CARTESIAN_POINT ( 'NONE',  ( 3.500000000000000444, 0.6204091765964264704, -2.020725942163691613 ) ) ;
#1868 = CARTESIAN_POINT ( 'NONE',  ( -1.117169578952827314, -2.556020242253073782, 2.472918872588620420 ) ) ;
#1869 = CARTESIAN_POINT ( 'NONE',  ( 1.657175486773911910, -2.847392803825306462, -1.836712434393272142 ) ) ;
#1870 = CARTESIAN_POINT ( 'NONE',  ( -2.519834489228904406, -2.037669224222531827, 1.879187577935739206 ) ) ;
#1871 = ORIENTED_EDGE ( 'NONE', *, *, #5322, .T. ) ;
#1872 = ADVANCED_FACE ( 'NONE', ( #4491 ), #3472, .T. ) ;
#1873 = CARTESIAN_POINT ( 'NONE',  ( -0.2938805797545322451, -2.868844724664801227, 3.163996423663172131 ) ) ;
#1874 = DIRECTION ( 'NONE',  ( 0.8660254037844385966, 0.000000000000000000, -0.5000000000000001110 ) ) ;
#1875 = CARTESIAN_POINT ( 'NONE',  ( 1.215883188235844736, -3.267009159996581147, -2.901558378246106518 ) ) ;
#1876 = CARTESIAN_POINT ( 'NONE',  ( 3.185115821966173488, -6.396967410948337651, -0.06648101450164849158 ) ) ;
#1877 = CARTESIAN_POINT ( 'NONE',  ( 1.023179578123840638, -5.314727473634989430, -3.012735023077192764 ) ) ;
#1879 = CARTESIAN_POINT ( 'NONE',  ( -2.003572569901891143, -3.252555105686854908, -2.434968833231700547 ) ) ;
#1878 = CARTESIAN_POINT ( 'NONE',  ( -2.694282975342616737, -5.963916569692798930, 1.639422131767547253 ) ) ;
#1880 = CARTESIAN_POINT ( 'NONE',  ( -2.970080888299083011, -2.028152682898782366, 1.157218893997245646 ) ) ;
#1881 = CARTESIAN_POINT ( 'NONE',  ( 0.8490684914056535471, -2.269407503884361521, -3.029273500349110471 ) ) ;
#1882 = CARTESIAN_POINT ( 'NONE',  ( 1.922419415388031849, -5.564876325281725045, 2.540236762353154987 ) ) ;
#1883 = B_SPLINE_CURVE_WITH_KNOTS ( 'NONE', 3,
 ( #614, #4015, #1450, #4862, #642, #696, #2324, #2271, #3988, #3527, #2298, #5211, #1423, #5238, #1119, #2760, #4428, #2787, #5184, #4457, #718, #3114, #4784, #4044, #1045, #2707, #5366, #3331, #1200, #4510, #3684, #3276, #2893, #4890 ),
 .UNSPECIFIED., .F., .F.,
 ( 4, 2, 2, 2, 2, 2, 2, 2, 2, 2, 2, 2, 2, 2, 2, 2, 4 ),
 ( 0.08607512486397608797, 0.08670265774904051259, 0.08733019063410492333, 0.08795772351916933407, 0.08858525640423375869, 0.08921278928929818330, 0.08984032217436259404, 0.09046785505942700478, 0.09109538794449142940, 0.09172292082955585402, 0.09235045371462026476, 0.09297798659968467549, 0.09360551948474910011, 0.09423305236981352473, 0.09486058525487793547, 0.09548811813994234621, 0.09611565102500677082 ),
 .UNSPECIFIED. ) ;
#1884 = CARTESIAN_POINT ( 'NONE',  ( -1.163333890321619382E-15, -4.810774999999999579, 3.174999999999999378 ) ) ;
#1886 = CARTESIAN_POINT ( 'NONE',  ( 1.361112854255137394, -3.624476375589189558, 2.844368780497064098 ) ) ;
#1885 = CARTESIAN_POINT ( 'NONE',  ( -2.999513393409701134, -5.002015932085367211, 1.072784697654631803 ) ) ;
#1887 = CARTESIAN_POINT ( 'NONE',  ( 2.853167581208590597, -2.503174574199936053, -1.408501982111664219 ) ) ;
#1888 = CARTESIAN_POINT ( 'NONE',  ( 2.755776723721056864, -6.404436056712135894, -1.590640189676317151 ) ) ;
#1889 = CARTESIAN_POINT ( 'NONE',  ( 1.690457961246783603, -4.287471380769357410, -2.690718421469625810 ) ) ;
#1890 = CARTESIAN_POINT ( 'NONE',  ( -1.746943960583592581, -7.377762499999998447, 1.746943960583590361 ) ) ;
#1891 = PRODUCT_DEFINITION ( 'UNKNOWN', '', #4356, #2619 ) ;
#1892 = CARTESIAN_POINT ( 'NONE',  ( -0.6791243623134182172, -3.829975833279416708, 3.112155771227563150 ) ) ;
#1893 = DIRECTION ( 'NONE',  ( -7.871877887341999855E-17, 0.7660444431189771253, 0.6427876096865404731 ) ) ;
#1894 = CARTESIAN_POINT ( 'NONE',  ( -2.254960735242429681, -1.877727483676847386, 2.235123504980188081 ) ) ;
#1895 = CARTESIAN_POINT ( 'NONE',  ( -2.965056163681344170, -2.092926056111680477, -1.159793782441317811 ) ) ;
#1896 = CARTESIAN_POINT ( 'NONE',  ( -2.470551841763084067, -3.527281249999997481, -1.023336079404099763 ) ) ;
#1897 = CARTESIAN_POINT ( 'NONE',  ( 1.008465074974594592E-13, -2.649911137076559786, -2.629659804581047311 ) ) ;
#1898 = EDGE_LOOP ( 'NONE', ( #3119, #4060, #1267, #2512, #1077, #3682, #3475, #222 ) ) ;
#1899 = CARTESIAN_POINT ( 'NONE',  ( 2.843936780822926114, -2.696759885900026354, 1.363037809523150568 ) ) ;
#1900 = PLANE ( 'NONE',  #99 ) ;
#1901 = CARTESIAN_POINT ( 'NONE',  ( 1.333453363449861317, -3.273540797258410961, -2.849471720904465322 ) ) ;
#1902 = CARTESIAN_POINT ( 'NONE',  ( 2.480927442289235785, -6.293634295480661223, -1.998276001034206217 ) ) ;
#1903 = CARTESIAN_POINT ( 'NONE',  ( 3.500000000000000444, 7.500000000000000000, -2.020725942163691613 ) ) ;
#1905 = CARTESIAN_POINT ( 'NONE',  ( -2.914156912259286081, -3.054879170935877575, 1.205107920693963885 ) ) ;
#1904 = CARTESIAN_POINT ( 'NONE',  ( -2.245369009654228254, -5.910252947324147854, 2.259386689792061365 ) ) ;
#1906 = CARTESIAN_POINT ( 'NONE',  ( 1.746943960583590805, -7.133287499999998005, 1.746943960583591915 ) ) ;
#1907 = CARTESIAN_POINT ( 'NONE',  ( 3.031308642921402008, -2.430111334874223594, -0.8418448153152143787 ) ) ;
#1908 = CARTESIAN_POINT ( 'NONE',  ( 3.179424611910209197, -5.412563105241642525, -0.2004157423685095640 ) ) ;
#1909 = AXIS2_PLACEMENT_3D ( 'NONE', #500, #3100, #3892 ) ;
#1910 = CARTESIAN_POINT ( 'NONE',  ( 3.174999999999998934, -6.583218749999999453, 1.315128060534579202 ) ) ;
#1912 = CARTESIAN_POINT ( 'NONE',  ( 3.137788820259455047, -4.442409508981231880, 0.3129892428022923445 ) ) ;
#1911 = CARTESIAN_POINT ( 'NONE',  ( -1.504959987524323806, -4.905104699011878289, 2.771523630393930571 ) ) ;
#1913 = CARTESIAN_POINT ( 'NONE',  ( 3.174918367017763643, -2.584589599448972042, 0.2097985119791678232 ) ) ;
#1914 = VECTOR ( 'NONE', #2804, 1000.000000000000000 ) ;
#1915 = DIRECTION ( 'NONE',  ( 0.000000000000000000, -2.900479261138468265E-16, 1.000000000000000000 ) ) ;
#1916 = CARTESIAN_POINT ( 'NONE',  ( 2.695722536043089423, -4.356644136627797259, -1.682504356542066093 ) ) ;
#1917 = CARTESIAN_POINT ( 'NONE',  ( -2.470551841763084511, -5.605318749999997685, -1.023336079404099763 ) ) ;
#1918 = CIRCLE ( 'NONE', #3656, 0.7500000000000001110 ) ;
#1919 = CARTESIAN_POINT ( 'NONE',  ( 0.8508690300683880992, -3.807316279823621752, 3.036768579740110052 ) ) ;
#1920 = CARTESIAN_POINT ( 'NONE',  ( -1.051414123328638484, -6.818678968407247076, 3.006650529073749301 ) ) ;
#1921 = CARTESIAN_POINT ( 'NONE',  ( 2.061917427036580985, 1.293809119327130830, -2.851003302781033089 ) ) ;
#1922 = CARTESIAN_POINT ( 'NONE',  ( -3.084181004228882639, -6.853395938869879522, -0.2031939992902016268 ) ) ;
#1923 = CARTESIAN_POINT ( 'NONE',  ( -3.073520815255626371, -3.053076032358855940, -0.8228100208709087093 ) ) ;
#1924 = CARTESIAN_POINT ( 'NONE',  ( -3.499999999999999556, 7.500000000000000000, -2.020725942163689837 ) ) ;
#1925 = CARTESIAN_POINT ( 'NONE',  ( 3.088800975866500043, -2.657871330170045621, 0.6360174036840264833 ) ) ;
#1926 = CARTESIAN_POINT ( 'NONE',  ( -0.3162203149347807551, -6.798182588612613486, 3.127446332775403626 ) ) ;
#1927 = CARTESIAN_POINT ( 'NONE',  ( 3.102376720605987792, -3.477183172693457447, 0.5683258832021093054 ) ) ;
#1928 = CARTESIAN_POINT ( 'NONE',  ( 2.745564071236759940, -6.302816569105086586, -1.552073255319257772 ) ) ;
#1929 = CARTESIAN_POINT ( 'NONE',  ( 0.2069102633128300783, -5.692480602447679061, 3.175000000000000266 ) ) ;
#1931 = CARTESIAN_POINT ( 'NONE',  ( -2.988859905987168553, -3.166098385995330222, -1.005276768069122806 ) ) ;
#1930 = CARTESIAN_POINT ( 'NONE',  ( -1.282716838456233077, -6.213024476643851379, -2.915869097028979340 ) ) ;
#1932 = CARTESIAN_POINT ( 'NONE',  ( 1.224505233629603840, -2.341039092180016823, -2.932282286345124778 ) ) ;
#1933 = CARTESIAN_POINT ( 'NONE',  ( 2.681325447706408571, -5.318574055299963632, -1.660585212048290238 ) ) ;
#1934 = CARTESIAN_POINT ( 'NONE',  ( -2.245064030267287514, -3.221687499999999815, -2.245064030267289290 ) ) ;
#1935 = B_SPLINE_CURVE_WITH_KNOTS ( 'NONE', 3,
 ( #2896, #347, #4999, #2437, #2408, #2490 ),
 .UNSPECIFIED., .F., .F.,
 ( 4, 2, 4 ),
 ( 0.006871331638693248950, 0.007749980808138169294, 0.008628629977583089639 ),
 .UNSPECIFIED. ) ;
#1936 = EDGE_CURVE ( 'NONE', #4797, #2999, #2645, .T. ) ;
#1938 = CARTESIAN_POINT ( 'NONE',  ( 1.863738567878160612, -4.282282021051522669, -2.543540299630764778 ) ) ;
#1937 = CARTESIAN_POINT ( 'NONE',  ( 1.332689377157949995, -5.384283503084294153, -2.858173535574654256 ) ) ;
#1939 = CARTESIAN_POINT ( 'NONE',  ( -1.489209293071615647, -7.393498703583192722, 2.072794301273343631 ) ) ;
#1940 = CARTESIAN_POINT ( 'NONE',  ( -3.869994942637784710E-16, -6.730912912640199863, 3.174999999999999378 ) ) ;
#1941 = CARTESIAN_POINT ( 'NONE',  ( 3.184869763737734338, -4.476396009025594758, -0.07574209068928448862 ) ) ;
#1942 = CARTESIAN_POINT ( 'NONE',  ( -1.746943960583591027, -5.666437499999998018, -1.746943960583593025 ) ) ;
#1943 = ORIENTED_EDGE ( 'NONE', *, *, #5000, .F. ) ;
#1944 = CARTESIAN_POINT ( 'NONE',  ( -2.052735887133780412, -3.942503977385451108, 2.435741536664774998 ) ) ;
#1945 = LINE ( 'NONE', #1073, #1563 ) ;
#1946 = DIRECTION ( 'NONE',  ( -1.000000000000000000, 0.000000000000000000, 0.000000000000000000 ) ) ;
#1947 = CARTESIAN_POINT ( 'NONE',  ( 7.597412351035226802E-16, -7.007743253558388119, -2.933831746441608157 ) ) ;
#1948 = CARTESIAN_POINT ( 'NONE',  ( -2.537538846679310289, -2.909863601888449836, 1.952636976160537774 ) ) ;
#1949 = CARTESIAN_POINT ( 'NONE',  ( 2.470551841763084955, -5.849793749999998127, -1.023336079404098431 ) ) ;
#1950 = VERTEX_POINT ( 'NONE', #3338 ) ;
#1951 = CARTESIAN_POINT ( 'NONE',  ( 0.4756718016193516863, -2.796715326243162547, 3.149805544043935424 ) ) ;
#1952 = CARTESIAN_POINT ( 'NONE',  ( 2.539230552517266926, -6.638070237896320336, 1.869772597823984750 ) ) ;
#1953 = CARTESIAN_POINT ( 'NONE',  ( -1.044887699685913551, -3.798053583547146950, 3.009588846761259706 ) ) ;
#1954 = CARTESIAN_POINT ( 'NONE',  ( 0.8737409813678368442, -6.637255332558344101, 3.063426758937219940 ) ) ;
#1955 = CARTESIAN_POINT ( 'NONE',  ( -2.755754243739092058, -6.028571164594524134, -1.590517351303287308 ) ) ;
#1956 = EDGE_CURVE ( 'NONE', #1316, #4150, #1819, .T. ) ;
#1958 = CARTESIAN_POINT ( 'NONE',  ( 2.476427176628662519, -3.500256998842927292, -1.952004783712169456 ) ) ;
#1957 = CARTESIAN_POINT ( 'NONE',  ( -2.647783606758077113, -6.089937924828366711, -1.771087669281893540 ) ) ;
#1959 = CARTESIAN_POINT ( 'NONE',  ( 1.214776727445370019, -2.289047479942046159, -2.902059365772714727 ) ) ;
#1960 = CARTESIAN_POINT ( 'NONE',  ( 2.018645979183428807, -5.320642529338193150, -2.464633289237983860 ) ) ;
#1961 = CARTESIAN_POINT ( 'NONE',  ( 2.470551841763084511, -7.866712499999997554, 0.000000000000000000 ) ) ;
#1963 = CARTESIAN_POINT ( 'NONE',  ( -0.09712870553325375633, -3.698575776778358026, 3.152019141189418061 ) ) ;
#1962 = CARTESIAN_POINT ( 'NONE',  ( -2.044628479331291881, -5.154937085235118843, -2.442512991796286226 ) ) ;
#1964 = FACE_OUTER_BOUND ( 'NONE', #1285, .T. ) ;
#1965 = CARTESIAN_POINT ( 'NONE',  ( 3.012222731232490069, -6.435675199313372730, -1.024653537111251067 ) ) ;
#1966 = CARTESIAN_POINT ( 'NONE',  ( 2.302750264754389153, -4.325345614006802286, -2.201431533548442676 ) ) ;
#1967 = EDGE_CURVE ( 'NONE', #4722, #1647, #1733, .T. ) ;
#1968 = CARTESIAN_POINT ( 'NONE',  ( 2.470551841763084067, -5.116368749999997689, 1.023336079404100207 ) ) ;
#1969 = ORIENTED_EDGE ( 'NONE', *, *, #4334, .F. ) ;
#1970 = CARTESIAN_POINT ( 'NONE',  ( -2.995962361917744232, -4.095410085633690578, -1.082031014256184198 ) ) ;
#1971 = CALENDAR_DATE ( 2026, 3, 1 ) ;
#1972 = CARTESIAN_POINT ( 'NONE',  ( -2.245064030267287514, -2.121549999999995606, -2.245064030267289290 ) ) ;
#1973 = CARTESIAN_POINT ( 'NONE',  ( 2.852431508565905993, -4.551455159728513777, 1.409644026265023165 ) ) ;
#1974 = B_SPLINE_CURVE_WITH_KNOTS ( 'NONE', 3,
 ( #3826, #4675, #936, #5053, #1393, #1725, #884, #2191, #2545, #1801, #5128, #2571 ),
 .UNSPECIFIED., .F., .F.,
 ( 4, 2, 2, 2, 2, 4 ),
 ( 2.632426238731397260E-07, 0.001079328387319556260, 0.001618860959667397376, 0.002158393532015238491, 0.003237458676710920722, 0.004316523821406602519 ),
 .UNSPECIFIED. ) ;
#1975 = ORIENTED_EDGE ( 'NONE', *, *, #3259, .T. ) ;
#1976 = CARTESIAN_POINT ( 'NONE',  ( -2.476084486100438742, -3.011250416792202955, 1.953068435338651598 ) ) ;
#1977 = CARTESIAN_POINT ( 'NONE',  ( 5.641239428713640258E-16, -1.999999999999998224, 4.041451884327380562 ) ) ;
#1978 = CARTESIAN_POINT ( 'NONE',  ( 2.834921692118635317, -3.539422136115594419, 1.435510516832177785 ) ) ;
#1979 = CARTESIAN_POINT ( 'NONE',  ( -3.043357901874873761, -6.879901995742997656, 0.9047638814053975409 ) ) ;
#1980 = CARTESIAN_POINT ( 'NONE',  ( -2.990959763856846931E-11, -5.213149587358405057, -3.175000000000000266 ) ) ;
#1982 = CARTESIAN_POINT ( 'NONE',  ( 3.126602660958356150, -3.624393487212715481, 0.4092988487755659377 ) ) ;
#1981 = CARTESIAN_POINT ( 'NONE',  ( -1.926280639909719650, -6.191088901120301635, -2.496963312409518299 ) ) ;
#1983 = CARTESIAN_POINT ( 'NONE',  ( 3.125984853399863983, -2.515738099453180610, 0.5709104926396273427 ) ) ;
#1984 = CARTESIAN_POINT ( 'NONE',  ( -0.02985125054149399826, -5.668027636726452378, 3.185547665986337318 ) ) ;
#1985 = CARTESIAN_POINT ( 'NONE',  ( -1.746943960583590805, -6.522099999999997344, -1.746943960583592581 ) ) ;
#1986 = B_SPLINE_CURVE_WITH_KNOTS ( 'NONE', 3,
 ( #3199, #646, #220, #2356 ),
 .UNSPECIFIED., .F., .F.,
 ( 4, 4 ),
 ( 0.001694285338161828202, 0.001948363410491127899 ),
 .UNSPECIFIED. ) ;
#1988 = CARTESIAN_POINT ( 'NONE',  ( 2.894565096811460680, -3.513258658207646157, 1.250790585754642414 ) ) ;
#1987 = CARTESIAN_POINT ( 'NONE',  ( -2.045968144721557191, -5.190519654931912363, -2.441387959172034883 ) ) ;
#1989 = CARTESIAN_POINT ( 'NONE',  ( 7.313735224848305469E-16, -5.788674999999998683, -2.470551841763085399 ) ) ;
#1990 = FACE_OUTER_BOUND ( 'NONE', #4205, .T. ) ;
#1991 = CARTESIAN_POINT ( 'NONE',  ( 2.905895961562364072, -4.366403041092841164, -1.205484747078359398 ) ) ;
#1992 = CARTESIAN_POINT ( 'NONE',  ( -1.746943960583592581, -2.488262499999997601, 1.746943960583590361 ) ) ;
#1993 = AXIS2_PLACEMENT_3D ( 'NONE', #395, #3557, #700 ) ;
#1994 = ORIENTED_EDGE ( 'NONE', *, *, #2998, .F. ) ;
#1995 = CARTESIAN_POINT ( 'NONE',  ( -1.499238216477176033, -4.260730689183777287, -2.774441259236844370 ) ) ;
#1996 = PERSON_AND_ORGANIZATION ( #2072, #4707 ) ;
#1997 = CARTESIAN_POINT ( 'NONE',  ( -3.073551012047112785, -4.979385610548436425, 0.8228409368389428824 ) ) ;
#1998 = CARTESIAN_POINT ( 'NONE',  ( -5.396703864651910792E-15, -2.279449587359795970, -3.175000000000000266 ) ) ;
#1999 = AXIS2_PLACEMENT_3D ( 'NONE', #2747, #4416, #2311 ) ;
#2000 = ORIENTED_EDGE ( 'NONE', *, *, #2827, .T. ) ;
#2001 = CIRCLE ( 'NONE', #4709, 3.174999999999999822 ) ;
#2002 = EDGE_CURVE ( 'NONE', #1835, #2712, #2900, .T. ) ;
#2003 = CARTESIAN_POINT ( 'NONE',  ( -2.310470851970796158, -2.999260922946879404, 2.146776814722581417 ) ) ;
#2004 = CARTESIAN_POINT ( 'NONE',  ( -2.470551841763084511, -7.561118749999999444, -1.023336079404099763 ) ) ;
#2005 = CARTESIAN_POINT ( 'NONE',  ( 2.855240811654864430, -4.459225979769869674, -1.403950939478873172 ) ) ;
#2006 = CARTESIAN_POINT ( 'NONE',  ( -1.046618896586670067, -3.762473172523507881, 3.008987493198837626 ) ) ;
#2007 = CARTESIAN_POINT ( 'NONE',  ( -2.573759716360047189, -6.775701248636876173, 1.823166045477063291 ) ) ;
#2008 = CARTESIAN_POINT ( 'NONE',  ( 2.097277214143141943, -5.589577804285313256, 2.392824105004269342 ) ) ;
#2009 = CARTESIAN_POINT ( 'NONE',  ( -3.147927417188252974, -2.129198669791692922, 0.1894530379251097851 ) ) ;
#2011 = CARTESIAN_POINT ( 'NONE',  ( -2.258825269003620129, -4.951597352885763748, 2.200241773330049000 ) ) ;
#2010 = CARTESIAN_POINT ( 'NONE',  ( 0.7294455742486468663, -6.329784973235073942, -3.068080375372404855 ) ) ;
#2012 = CARTESIAN_POINT ( 'NONE',  ( 3.001215143616536629, -2.518862492305177891, 0.9435389076734106428 ) ) ;
#2013 = CARTESIAN_POINT ( 'NONE',  ( -2.344348694492270013, -5.830894143531300422, 2.145142432466393245 ) ) ;
#2014 = CARTESIAN_POINT ( 'NONE',  ( -2.245064030267289290, -1.999312499999999382, 2.245064030267287070 ) ) ;
#2016 = CARTESIAN_POINT ( 'NONE',  ( 2.801133952204180044, -2.397177027078877920, -1.448110910841316823 ) ) ;
#2015 = CARTESIAN_POINT ( 'NONE',  ( 0.09918499449067139095, -5.320664054501389906, -3.152141577165501474 ) ) ;
#2017 = CARTESIAN_POINT ( 'NONE',  ( -1.033928862999106603E-15, -6.277624999999998678, 2.470551841763084511 ) ) ;
#2018 = CARTESIAN_POINT ( 'NONE',  ( -2.990959763856846931E-11, -5.213149587358405057, -3.175000000000000266 ) ) ;
#2019 = CARTESIAN_POINT ( 'NONE',  ( -1.418288195190148260, -4.760659339614992547, 2.852449576631715278 ) ) ;
#2020 = CARTESIAN_POINT ( 'NONE',  ( -1.992033961198868373E-11, -5.753012912641125354, 3.174999999999999378 ) ) ;
#2021 = VERTEX_POINT ( 'NONE', #4601 ) ;
#2022 = VERTEX_POINT ( 'NONE', #3751 ) ;
#2023 = CARTESIAN_POINT ( 'NONE',  ( -0.7932759142806301567, -4.247401303241067794, -3.076998581478891381 ) ) ;
#2024 = CARTESIAN_POINT ( 'NONE',  ( -2.853502269357304666, -4.947978206740214269, 1.407486643977706509 ) ) ;
#2025 = CARTESIAN_POINT ( 'NONE',  ( 3.011296590313243371, -4.530632862943757999, 1.027401886805779485 ) ) ;
#2026 = CARTESIAN_POINT ( 'NONE',  ( -2.470551841763084067, -6.460981249999997011, -1.023336079404099541 ) ) ;
#2027 = CARTESIAN_POINT ( 'NONE',  ( -1.290647693080284153, -2.920015002102285706, 2.912209652035815388 ) ) ;
#2028 = CARTESIAN_POINT ( 'NONE',  ( 1.746943960583592359, -3.955112499999998033, -1.746943960583591693 ) ) ;
#2029 = CARTESIAN_POINT ( 'NONE',  ( 2.524873538895649805, -4.428134620822440581, -1.936211510541623992 ) ) ;
#2030 = CARTESIAN_POINT ( 'NONE',  ( -2.640589336872715798, -3.847925780950768981, 1.724630523094327295 ) ) ;
#2031 = VERTEX_POINT ( 'NONE', #2871 ) ;
#2032 = CARTESIAN_POINT ( 'NONE',  ( -3.092607091875145375, -2.000000000000000000, 0.7186142047604934247 ) ) ;
#2033 = EDGE_CURVE ( 'NONE', #98, #4548, #751, .T. ) ;
#2034 = CARTESIAN_POINT ( 'NONE',  ( 3.073570692463032827, -5.497814959890825470, 0.8225924614872505147 ) ) ;
#2035 = CARTESIAN_POINT ( 'NONE',  ( -2.695583029824514032, -2.052442871577548456, 1.637269888905783732 ) ) ;
#2037 = CARTESIAN_POINT ( 'NONE',  ( -1.567426874977494888, -4.256784388895050952, -2.736106105602089222 ) ) ;
#2036 = CARTESIAN_POINT ( 'NONE',  ( -1.500530839022826024, -6.216456881666115208, -2.773766333784486893 ) ) ;
#2038 = CARTESIAN_POINT ( 'NONE',  ( 0.1105764987284077738, -2.763090703739173648, 3.183758597925214318 ) ) ;
#2039 = CARTESIAN_POINT ( 'NONE',  ( 0.4855498217580714315, -5.626509846948926530, 3.108357063874727100 ) ) ;
#2040 = CARTESIAN_POINT ( 'NONE',  ( 3.174999999999999822, -1.571481249999999275, -1.315128060534576981 ) ) ;
#2042 = CARTESIAN_POINT ( 'NONE',  ( 3.004073328935279008, -3.402007179130445813, -0.9584684929607680814 ) ) ;
#2041 = CARTESIAN_POINT ( 'NONE',  ( -0.6629988406764517617, -5.283890607513955118, -3.083354601499539882 ) ) ;
#2043 = CARTESIAN_POINT ( 'NONE',  ( 7.313735224848305469E-16, -6.766574999999997786, -2.470551841763085399 ) ) ;
#2044 = CARTESIAN_POINT ( 'NONE',  ( 1.936230732144206268, -2.381956000109062277, -2.524757608164195144 ) ) ;
#2045 = CARTESIAN_POINT ( 'NONE',  ( -2.141469814740037059, -4.788893001907412739, 2.304728490928019902 ) ) ;
#2046 = CARTESIAN_POINT ( 'NONE',  ( 2.470551841763084067, -3.160568749999997706, 1.023336079404100207 ) ) ;
#2047 = CARTESIAN_POINT ( 'NONE',  ( -2.470551841763084511, -7.377762499999997559, -1.462747044969660897E-15 ) ) ;
#2048 = EDGE_LOOP ( 'NONE', ( #1070, #116, #4836, #2358 ) ) ;
#2050 = CARTESIAN_POINT ( 'NONE',  ( -0.4169435881019261658, -3.237581171930592472, -3.154368030174851345 ) ) ;
#2049 = CARTESIAN_POINT ( 'NONE',  ( -2.124572573770844297, -4.222745906657757509, -2.330620244888471415 ) ) ;
#2051 = APPROVAL_ROLE ( '' ) ;
#2052 = CARTESIAN_POINT ( 'NONE',  ( -3.013194945969313032, -5.946870005619492083, 1.021940486615767307 ) ) ;
#2053 = CARTESIAN_POINT ( 'NONE',  ( -2.168221491819236402, -2.162449832525076499, -2.331537738906652724 ) ) ;
#2054 = CARTESIAN_POINT ( 'NONE',  ( -2.796076003593114923, -6.798184762820733695, 1.436266397756583046 ) ) ;
#2055 = EDGE_CURVE ( 'NONE', #2863, #5005, #2690, .T. ) ;
#2056 = CARTESIAN_POINT ( 'NONE',  ( -1.951329435379827615, -2.958308031731237797, 2.517987117992624313 ) ) ;
#2057 = CARTESIAN_POINT ( 'NONE',  ( -1.023336079404097765, -1.815956249999997718, -2.470551841763085843 ) ) ;
#2058 = CARTESIAN_POINT ( 'NONE',  ( 2.096513652913362336, -4.398634613817591799, -2.393581527060250735 ) ) ;
#2059 = CARTESIAN_POINT ( 'NONE',  ( -2.665681615219318346, -3.899918964404458510, 1.744198936384373955 ) ) ;
#2060 = B_SPLINE_CURVE_WITH_KNOTS ( 'NONE', 3,
 ( #1670, #1612, #3687, #4129 ),
 .UNSPECIFIED., .F., .F.,
 ( 4, 4 ),
 ( 0.000000000000000000, 0.0007469237040993411455 ),
 .UNSPECIFIED. ) ;
#2061 = CARTESIAN_POINT ( 'NONE',  ( 3.174901518242286169, -3.543023562486065980, -0.2089209128940161531 ) ) ;
#2062 = CARTESIAN_POINT ( 'NONE',  ( 0.000000000000000000, -7.500000000000000000, -5.800958522276924697E-16 ) ) ;
#2063 = CARTESIAN_POINT ( 'NONE',  ( -1.592496906761988518, -2.901407368760181793, 2.754512494189252259 ) ) ;
#2065 = CARTESIAN_POINT ( 'NONE',  ( -3.120254609800421353, -4.071956266923518974, 0.4558529330523325429 ) ) ;
#2064 = CARTESIAN_POINT ( 'NONE',  ( 3.052611767768766082, -6.576024240880066429, 0.7606233819619262482 ) ) ;
#2066 = CARTESIAN_POINT ( 'NONE',  ( 3.099902295853802947, -2.557850645791365896, 0.6987271602760741773 ) ) ;
#2067 = CARTESIAN_POINT ( 'NONE',  ( -2.432674964955126029, -5.801608954574323462, 2.044463171851237160 ) ) ;
#2068 = CARTESIAN_POINT ( 'NONE',  ( -2.470551841763085399, -4.382943749999997252, 1.023336079404096655 ) ) ;
#2070 = CARTESIAN_POINT ( 'NONE',  ( -3.129228475367971996, -2.979330927409697960, -0.3897915477751610069 ) ) ;
#2069 = CARTESIAN_POINT ( 'NONE',  ( 1.979437953412029660, -5.698834693832261600, 2.455366475477738231 ) ) ;
#2071 = CARTESIAN_POINT ( 'NONE',  ( -1.023336079404100651, -7.316643749999998114, 2.470551841763083178 ) ) ;
#2072 = PERSON ( 'UNSPECIFIED', 'UNSPECIFIED', 'UNSPECIFIED', ('UNSPECIFIED'), ('UNSPECIFIED'), ('UNSPECIFIED') ) ;
#2073 = CARTESIAN_POINT ( 'NONE',  ( -5.396703864651910792E-15, -2.279449587359795970, -3.175000000000000266 ) ) ;
#2074 = CARTESIAN_POINT ( 'NONE',  ( -0.4213257971715228534, -4.708447138798034004, 3.157892626062930752 ) ) ;
#2075 = CARTESIAN_POINT ( 'NONE',  ( -3.154432466998906559, -3.971038200890150360, 0.4162809202276914200 ) ) ;
#2076 = CARTESIAN_POINT ( 'NONE',  ( 1.746943960583590583, -7.011049999999998228, 1.746943960583591693 ) ) ;
#2077 = ORIENTED_EDGE ( 'NONE', *, *, #1156, .F. ) ;
#2079 = CARTESIAN_POINT ( 'NONE',  ( 2.858808274142966788, -6.451415777249256855, 1.330930735017349376 ) ) ;
#2078 = CARTESIAN_POINT ( 'NONE',  ( -0.2868630719810514873, -4.308445679115386007, -3.172508484897827774 ) ) ;
#2080 = CARTESIAN_POINT ( 'NONE',  ( -0.4179247561939776756, -5.772830525341029251, 3.154180637276523314 ) ) ;
#2081 = CARTESIAN_POINT ( 'NONE',  ( 1.934768124529465672, -4.337665564871556079, -2.525925611873218291 ) ) ;
#2082 = CARTESIAN_POINT ( 'NONE',  ( -2.513857220427590633, -6.781361664115851617, 1.936178730798055803 ) ) ;
#2083 = AXIS2_PLACEMENT_3D ( 'NONE', #4432, #3610, #4965 ) ;
#2084 = CARTESIAN_POINT ( 'NONE',  ( -2.785776512762984769, -3.020172154583373736, 1.544651268006321132 ) ) ;
#2085 = CARTESIAN_POINT ( 'NONE',  ( -3.174999999999999378, -7.927831249999996110, -1.315128060534578092 ) ) ;
#2086 = CARTESIAN_POINT ( 'NONE',  ( -1.650283199126195477, -2.108178165120268677, -2.610243517923096945 ) ) ;
#2087 = AXIS2_PLACEMENT_3D ( 'NONE', #4908, #391, #2830 ) ;
#2088 = CARTESIAN_POINT ( 'NONE',  ( -3.120821060077128450, -3.919553873537456212, 0.3976418002149673114 ) ) ;
#2089 = CARTESIAN_POINT ( 'NONE',  ( 0.3569612115608581937, -6.610783985433122290, 3.125728985298696472 ) ) ;
#2090 = CARTESIAN_POINT ( 'NONE',  ( -1.405576755822776747, -3.868696227737847604, 2.854429186887325276 ) ) ;
#2091 = CARTESIAN_POINT ( 'NONE',  ( -2.755117611214007667, -3.145830005564033360, -1.591621025312108584 ) ) ;
#2093 = CARTESIAN_POINT ( 'NONE',  ( -2.716500585699955117, -4.988220735216474466, 1.601669868715909884 ) ) ;
#2092 = CARTESIAN_POINT ( 'NONE',  ( 2.843364000913854550, -6.608423248618283452, 1.364150367929874763 ) ) ;
#2094 = CARTESIAN_POINT ( 'NONE',  ( -2.424615407110179532, -2.902977165290329786, 2.053987588430123523 ) ) ;
#2095 = CARTESIAN_POINT ( 'NONE',  ( 0.7392936589481742260, -5.613618395864748756, 3.057953809171740200 ) ) ;
#2096 = CARTESIAN_POINT ( 'NONE',  ( 2.470551841763084511, -3.955112499999997144, 0.000000000000000000 ) ) ;
#2098 = CARTESIAN_POINT ( 'NONE',  ( -1.258787601168070980, -3.141238312327565119, -2.891105507870333824 ) ) ;
#2097 = CARTESIAN_POINT ( 'NONE',  ( 2.170297903748678259, -5.686979615057983217, 2.288121625963305927 ) ) ;
#2099 = CARTESIAN_POINT ( 'NONE',  ( 1.746943960583592359, -2.977212499999998041, -1.746943960583591693 ) ) ;
#2100 = CARTESIAN_POINT ( 'NONE',  ( 3.012687843413627053, -2.574615532247957805, 1.023301988949170349 ) ) ;
#2101 = CARTESIAN_POINT ( 'NONE',  ( 1.127471617065140430, -4.668046788886042187, 2.979394783897288512 ) ) ;
#2102 = CARTESIAN_POINT ( 'NONE',  ( -0.8244795793996246847, -3.786586985055238497, 3.073086935002933284 ) ) ;
#2103 = EDGE_CURVE ( 'NONE', #4893, #319, #4346, .T. ) ;
#2104 = CARTESIAN_POINT ( 'NONE',  ( 2.470551841763084511, -4.933012499999997580, 0.000000000000000000 ) ) ;
#2105 = ORIENTED_EDGE ( 'NONE', *, *, #1334, .F. ) ;
#2106 = EDGE_LOOP ( 'NONE', ( #5057, #4563, #4455, #4020 ) ) ;
#2108 = CARTESIAN_POINT ( 'NONE',  ( 0.000000000000000000, 5.154792120110954556, 1.582935171828836474E-12 ) ) ;
#2107 = CARTESIAN_POINT ( 'NONE',  ( 2.284223314544407746, -4.686621399747485484, 2.220050358925298895 ) ) ;
#2109 = CARTESIAN_POINT ( 'NONE',  ( -0.8224886066928976946, -6.201777570559519503, -3.073581222603792629 ) ) ;
#2110 = CARTESIAN_POINT ( 'NONE',  ( -1.361687681619728085, -2.261428974610173004, -2.881953677536856606 ) ) ;
#2111 = CARTESIAN_POINT ( 'NONE',  ( -1.746943960583590805, -4.566299999999997361, -1.746943960583592581 ) ) ;
#2112 = CARTESIAN_POINT ( 'NONE',  ( 3.090822628134307859, -3.625829391437756843, 0.7705179050052310963 ) ) ;
#2113 = CARTESIAN_POINT ( 'NONE',  ( 2.470551841763085399, -3.038331249999997929, -1.023336079404098653 ) ) ;
#2114 = LINE ( 'NONE', #3471, #3393 ) ;
#2115 = CARTESIAN_POINT ( 'NONE',  ( 0.4764864160025784612, -4.257885258145429397, -3.149794436419764310 ) ) ;
#2116 = EDGE_LOOP ( 'NONE', ( #4393, #3505, #2246, #1485 ) ) ;
#2117 = LINE ( 'NONE', #3400, #5219 ) ;
#2118 = CARTESIAN_POINT ( 'NONE',  ( -2.525144666471140553, -3.939209323503414240, 1.935792191710529853 ) ) ;
#2119 = ORIENTED_EDGE ( 'NONE', *, *, #3426, .F. ) ;
#2120 = CARTESIAN_POINT ( 'NONE',  ( -3.131662498780577231, -2.149482300336588381, -0.5830799238932817818 ) ) ;
#2122 = CARTESIAN_POINT ( 'NONE',  ( 2.769985740330571211, -4.504754737428609879, -1.506999111035558503 ) ) ;
#2121 = CARTESIAN_POINT ( 'NONE',  ( 2.871579848640999799, -6.592012083423302471, 1.378653740029819996 ) ) ;
#2123 = CARTESIAN_POINT ( 'NONE',  ( -2.861225261208538484, -2.906070448757524627, 1.400830676710697054 ) ) ;
#2124 = CARTESIAN_POINT ( 'NONE',  ( 0.8668601716593281603, -6.197942423014243474, -3.057128640953333143 ) ) ;
#2125 = CARTESIAN_POINT ( 'NONE',  ( 1.023336079404098209, -6.094268749999997681, 2.470551841763083178 ) ) ;
#2126 = EDGE_CURVE ( 'NONE', #3395, #2840, #2114, .T. ) ;
#2127 = ORIENTED_EDGE ( 'NONE', *, *, #2140, .T. ) ;
#2129 = CARTESIAN_POINT ( 'NONE',  ( 2.019262817066162619, -2.607471762187980158, 2.422031209898532822 ) ) ;
#2128 = CARTESIAN_POINT ( 'NONE',  ( 3.111924137589372918, -5.585290553404562708, 0.5117985718076086821 ) ) ;
#2130 = CARTESIAN_POINT ( 'NONE',  ( 7.313735224848305469E-16, -3.832874999999997812, -2.470551841763085399 ) ) ;
#2131 = CARTESIAN_POINT ( 'NONE',  ( -2.982185430662352310, -1.931491999979367380, 1.027481531982838758 ) ) ;
#2132 = CARTESIAN_POINT ( 'NONE',  ( -2.161203197316031943, -4.840893777159201328, 2.329568094907590758 ) ) ;
#2133 = B_SPLINE_CURVE_WITH_KNOTS ( 'NONE', 3,
 ( #410, #4217, #5034, #91, #1299, #994, #1454, #4270, #3910, #2607, #1762, #4377, #5162, #1428, #191, #2276, #5113, #1049, #2221, #1785, #221, #967, #3474, #1376, #3118, #166, #1021, #4734, #3011, #4349, #2711, #1813, #4684, #3061, #3450, #2175, #619, #589, #4789, #3839, #3885, #5137, #2656, #564, #1402, #2683 ),
 .UNSPECIFIED., .F., .F.,
 ( 4, 3, 3, 3, 3, 3, 3, 3, 3, 3, 3, 3, 3, 3, 3, 4 ),
 ( 2.168404344971008868E-19, 0.0001173752328431745308, 0.0002922369501607511026, 0.0003796155031819303436, 0.0004233518240832612450, 0.0004343067282586488866, 0.0004370406364058134949, 0.0004380787714836371764, 0.0004387488895210647517, 0.0004394255606030511379, 0.0004400349494541477445, 0.0004411399336614670475, 0.0004441993091177585647, 0.0004571277218615272479, 0.0005083521871402578267, 0.0005853573181701812820 ),
 .UNSPECIFIED. ) ;
#2134 = CARTESIAN_POINT ( 'NONE',  ( -2.854402523934032931, -3.919280626306659077, 1.405794841000881812 ) ) ;
#2135 = ORIENTED_EDGE ( 'NONE', *, *, #1231, .T. ) ;
#2137 = CARTESIAN_POINT ( 'NONE',  ( 0.04782944049587681268, -6.141364561425269208, -3.152895268770800286 ) ) ;
#2136 = CARTESIAN_POINT ( 'NONE',  ( 1.226669515072571714, -4.383363254455972857, -2.939661668286345897 ) ) ;
#2138 = DIRECTION ( 'NONE',  ( -0.000000000000000000, -1.000000000000000000, 7.703719777548942317E-32 ) ) ;
#2139 = CARTESIAN_POINT ( 'NONE',  ( 0.7220823457039728943, -7.301308323209462436, 2.546029032277731918 ) ) ;
#2140 = EDGE_CURVE ( 'NONE', #4672, #2022, #5209, .T. ) ;
#2141 = DIRECTION ( 'NONE',  ( 0.000000000000000000, 0.000000000000000000, 1.000000000000000000 ) ) ;
#2142 = CARTESIAN_POINT ( 'NONE',  ( -1.033928862999106603E-15, -6.155387499999998013, 2.470551841763084067 ) ) ;
#2143 = CARTESIAN_POINT ( 'NONE',  ( 1.350039952517856578, -3.376574785114645039, -2.885086482287260168 ) ) ;
#2144 = CARTESIAN_POINT ( 'NONE',  ( 2.470551841763084955, -2.121549999999998271, 0.000000000000000000 ) ) ;
#2145 = FACE_OUTER_BOUND ( 'NONE', #1403, .T. ) ;
#2146 = CARTESIAN_POINT ( 'NONE',  ( -1.983108223313914120, -4.129967021259136395, -2.493155958745020051 ) ) ;
#2147 = CARTESIAN_POINT ( 'NONE',  ( 2.043712439350058078E-15, -3.308262912640198561, -3.175000000000000266 ) ) ;
#2148 = CARTESIAN_POINT ( 'NONE',  ( -2.755531982289271209, -3.959673255236428879, 1.590814411135399453 ) ) ;
#2149 = CARTESIAN_POINT ( 'NONE',  ( -2.775019098297583753, -2.165521939790354899, -1.548050491400218887 ) ) ;
#2150 = CARTESIAN_POINT ( 'NONE',  ( 0.7134511898795555807, -5.770244154696987593, 3.071615265246185444 ) ) ;
#2151 = EDGE_CURVE ( 'NONE', #1197, #4722, #1553, .T. ) ;
#2152 = CARTESIAN_POINT ( 'NONE',  ( -2.266456347424447682, -3.098113708589342430, -2.227301625738740132 ) ) ;
#2153 = CARTESIAN_POINT ( 'NONE',  ( -0.5484327284079203446, -6.112463832396660024, -3.106092247736666145 ) ) ;
#2154 = CARTESIAN_POINT ( 'NONE',  ( -1.023336079404100429, -6.216506249999996569, 2.470551841763083178 ) ) ;
#2155 = EDGE_LOOP ( 'NONE', ( #3328, #2127, #4612, #4790 ) ) ;
#2157 = CARTESIAN_POINT ( 'NONE',  ( -2.795491863291442058, -2.062759424476995562, 1.458881158822926238 ) ) ;
#2156 = CARTESIAN_POINT ( 'NONE',  ( 2.534837187339463505, -5.646173944052687688, 1.929064649959275846 ) ) ;
#2158 = CARTESIAN_POINT ( 'NONE',  ( -2.470551841763084955, -3.588399999999997814, -1.462747044969661094E-15 ) ) ;
#2159 = CARTESIAN_POINT ( 'NONE',  ( -0.6374170462410695404, -6.766574999999995121, 3.111879263651526006 ) ) ;
#2160 = CARTESIAN_POINT ( 'NONE',  ( -2.773469530627335367, -4.993461073946971140, -1.485078097177826573 ) ) ;
#2161 = DIRECTION ( 'NONE',  ( 0.000000000000000000, 0.000000000000000000, 1.000000000000000000 ) ) ;
#2162 = ORIENTED_EDGE ( 'NONE', *, *, #5164, .T. ) ;
#2164 = CARTESIAN_POINT ( 'NONE',  ( -1.614778368165996403, -6.712136157660880897, 2.708577861952182975 ) ) ;
#2163 = CARTESIAN_POINT ( 'NONE',  ( 3.056355890870463110, -4.610309159967228787, 0.8978220260230532768 ) ) ;
#2165 = DIRECTION ( 'NONE',  ( 0.000000000000000000, 0.000000000000000000, 1.000000000000000000 ) ) ;
#2166 = CARTESIAN_POINT ( 'NONE',  ( 2.753110986234546420, -7.150881397412004681, -0.4912854875698066115 ) ) ;
#2167 = CARTESIAN_POINT ( 'NONE',  ( 0.000000000000000000, 6.627396060088952545, 0.000000000000000000 ) ) ;
#2168 = CARTESIAN_POINT ( 'NONE',  ( -1.023336079404097543, -3.649518749999997258, -2.470551841763085399 ) ) ;
#2169 = CARTESIAN_POINT ( 'NONE',  ( -0.5401905756376604861, -3.282310936900602272, -3.131330470109981334 ) ) ;
#2170 = CARTESIAN_POINT ( 'NONE',  ( -1.163333890321619382E-15, -5.666437499999996241, 3.174999999999999378 ) ) ;
#2171 = CARTESIAN_POINT ( 'NONE',  ( -3.500000000000000000, 0.7968986112247744558, -1.701412465542760488 ) ) ;
#2172 = CARTESIAN_POINT ( 'NONE',  ( -2.926118642938870362, -4.054104925905673618, -1.259403722279990534 ) ) ;
#2173 = AXIS2_PLACEMENT_3D ( 'NONE', #562, #516, #1296 ) ;
#2174 = CARTESIAN_POINT ( 'NONE',  ( 1.023437807885294815, -3.695621154535621233, 3.012637810145430084 ) ) ;
#2175 = CARTESIAN_POINT ( 'NONE',  ( -2.446263072986306852, -2.018787132962581499, 1.999141850199304127 ) ) ;
#2176 = ADVANCED_FACE ( 'NONE', ( #5088, #890 ), #2551, .T. ) ;
#2177 = CARTESIAN_POINT ( 'NONE',  ( 2.755775970352115856, -2.492514683684983634, -1.597552826093036948 ) ) ;
#2178 = AXIS2_PLACEMENT_3D ( 'NONE', #1439, #2979, #3949 ) ;
#2179 = CARTESIAN_POINT ( 'NONE',  ( -1.698152681303809475, -5.894300382891743517, 2.656969538379249318 ) ) ;
#2180 = CARTESIAN_POINT ( 'NONE',  ( -1.977026634706617880, -3.152245082916755869, -2.487736702620634954 ) ) ;
#2181 = CARTESIAN_POINT ( 'NONE',  ( -2.922148346494443771, -6.010431864589726558, -1.269097584408118706 ) ) ;
#2182 = CARTESIAN_POINT ( 'NONE',  ( 2.470551841763084955, -3.893993749999997700, -1.023336079404098431 ) ) ;
#2184 = CARTESIAN_POINT ( 'NONE',  ( -3.114973806187337768, -2.161620370731656582, -0.4913296080775779728 ) ) ;
#2183 = CARTESIAN_POINT ( 'NONE',  ( 2.928065794126922583, -5.481162005549502503, -1.254147020584764904 ) ) ;
#2185 = CARTESIAN_POINT ( 'NONE',  ( 2.892675226803725685, -2.342663396652597818, 0.07804768988098367832 ) ) ;
#2186 = CARTESIAN_POINT ( 'NONE',  ( -3.173427176319140841, -2.022010133955148614, 0.2784017362323457090 ) ) ;
#2187 = CARTESIAN_POINT ( 'NONE',  ( -0.6867048168201679292, -5.180007571283065992, -3.110761119610093939 ) ) ;
#2188 = CARTESIAN_POINT ( 'NONE',  ( 0.000000000000000000, 5.754792120177907755, 5.343158109677157026E-17 ) ) ;
#2190 = CARTESIAN_POINT ( 'NONE',  ( -0.9652902891033030564, -5.112969117646048112, -3.001870319603467063 ) ) ;
#2189 = CARTESIAN_POINT ( 'NONE',  ( 0.4788218704815622173, -4.361264588623919636, -3.117217877950002158 ) ) ;
#2191 = CARTESIAN_POINT ( 'NONE',  ( 2.063689070395764880, 1.315472786230117208, 2.849980444010696168 ) ) ;
#2192 = CARTESIAN_POINT ( 'NONE',  ( 0.7207966023944838430, -7.032654311900294886, -2.841863911182856750 ) ) ;
#2193 = CARTESIAN_POINT ( 'NONE',  ( -1.033928862999106603E-15, -3.221687499999997151, 2.470551841763084067 ) ) ;
#2194 = CARTESIAN_POINT ( 'NONE',  ( 3.153616230898849793, -3.605080416640771279, 0.0006105918092300490277 ) ) ;
#2195 = CARTESIAN_POINT ( 'NONE',  ( 1.315128060534577648, -4.260706249999995698, -3.174999999999999822 ) ) ;
#2196 = CARTESIAN_POINT ( 'NONE',  ( -2.890733643932190233, -2.043211982341693211, -1.232859291001433766 ) ) ;
#2197 = CARTESIAN_POINT ( 'NONE',  ( 1.023555698484374998, -3.358946551290252991, -3.012651861929433572 ) ) ;
#2198 = CARTESIAN_POINT ( 'NONE',  ( -2.663261241474656593, -2.060940496869051231, 1.654200764547123947 ) ) ;
#2199 = CARTESIAN_POINT ( 'NONE',  ( -0.5394887298354679173, -2.356451314710834577, -3.107180675847840412 ) ) ;
#2200 = CARTESIAN_POINT ( 'NONE',  ( -0.07860345791999261145, -6.290562568281650613, -3.152343968287144360 ) ) ;
#2201 = CARTESIAN_POINT ( 'NONE',  ( -2.860416555475998379, -2.941650815235715477, 1.402475849605526292 ) ) ;
#2202 = ADVANCED_FACE ( 'NONE', ( #2145 ), #1374, .T. ) ;
#2203 = CARTESIAN_POINT ( 'NONE',  ( 1.687078063591458843, -6.227429751912119116, -2.664878767515446167 ) ) ;
#2204 = CARTESIAN_POINT ( 'NONE',  ( 2.391376728295109277, -5.395918094004495735, -2.098836147595671608 ) ) ;
#2206 = CARTESIAN_POINT ( 'NONE',  ( 2.951603772996386432, -2.682796730180629474, 1.110172304320993453 ) ) ;
#2205 = CARTESIAN_POINT ( 'NONE',  ( -2.900267780269467632, -6.099670676040322093, -1.317561745544591156 ) ) ;
#2207 = CARTESIAN_POINT ( 'NONE',  ( 1.023336079404099319, -3.893993749999998144, -2.470551841763085399 ) ) ;
#2208 = CARTESIAN_POINT ( 'NONE',  ( 0.9829119945841827688, -5.210181785431665880, -2.988557202556041847 ) ) ;
#2209 = CARTESIAN_POINT ( 'NONE',  ( -1.315128060534576537, -4.260706250000001027, -3.175000000000000266 ) ) ;
#2211 = CARTESIAN_POINT ( 'NONE',  ( -1.649966196128342499, -5.074711503930948275, -2.687188289645898731 ) ) ;
#2210 = CARTESIAN_POINT ( 'NONE',  ( 2.603645399255464898, -4.626286183237453109, 1.821604608009781856 ) ) ;
#2212 = LINE ( 'NONE', #3051, #4956 ) ;
#2213 = CARTESIAN_POINT ( 'NONE',  ( -2.692674602866601763, -7.229519634394143246, 0.4032570375939942831 ) ) ;
#2214 = CARTESIAN_POINT ( 'NONE',  ( 2.470551841763084955, -2.916093749999997708, -1.023336079404098431 ) ) ;
#2215 = ORIENTED_EDGE ( 'NONE', *, *, #3506, .T. ) ;
#2216 = CARTESIAN_POINT ( 'NONE',  ( 3.144606747186875051, -3.528553781726843752, -0.5076510055446874503 ) ) ;
#2217 = CARTESIAN_POINT ( 'NONE',  ( 0.3476671093992098061, -6.714434042851399553, 3.158542709934211601 ) ) ;
#2218 = CARTESIAN_POINT ( 'NONE',  ( 3.174999999999999822, -7.316643749999997226, -1.315128060534576981 ) ) ;
#2219 = DIRECTION ( 'NONE',  ( 0.000000000000000000, -1.000000000000000000, 0.000000000000000000 ) ) ;
#2220 = CARTESIAN_POINT ( 'NONE',  ( 0.000000000000000000, -7.500000000000000000, 2.441574999999997164 ) ) ;
#2221 = CARTESIAN_POINT ( 'NONE',  ( -2.447746030786631444, -2.014998738017421687, 2.002349931027601837 ) ) ;
#2222 = CARTESIAN_POINT ( 'NONE',  ( -1.041659287255085609, -2.314444070533788977, -3.010247353494905020 ) ) ;
#2223 = CARTESIAN_POINT ( 'NONE',  ( 1.847372738441817264, -5.706983414762714979, 2.555609291550983819 ) ) ;
#2224 = CARTESIAN_POINT ( 'NONE',  ( 2.862100317001629701, -3.516487582462035633, 1.306128444039346803 ) ) ;
#2225 = CARTESIAN_POINT ( 'NONE',  ( 1.343339861022164294, -6.207795107569976878, -2.844831394492283394 ) ) ;
#2226 = LINE ( 'NONE', #1903, #42 ) ;
#2228 = CARTESIAN_POINT ( 'NONE',  ( 3.032876779659313016, -2.584299232827432125, -0.8629349759007984844 ) ) ;
#2227 = CARTESIAN_POINT ( 'NONE',  ( -3.097478963126247375, -6.031926938091310753, -0.7091089381552933002 ) ) ;
#2229 = CARTESIAN_POINT ( 'NONE',  ( -1.023336079404100651, -7.316643749999998114, 2.470551841763083178 ) ) ;
#2230 = CARTESIAN_POINT ( 'NONE',  ( -0.2759720871877487380, -6.775951111991939335, 3.153594566863636039 ) ) ;
#2231 = CARTESIAN_POINT ( 'NONE',  ( -3.183188614963865071, -4.974612108360835450, -0.1244049942873799441 ) ) ;
#2232 = CARTESIAN_POINT ( 'NONE',  ( 3.174999999999999822, -3.527281249999999257, -1.315128060534576981 ) ) ;
#2234 = CARTESIAN_POINT ( 'NONE',  ( -3.146992571983735498, -4.925948363846438305, -0.2015191015599855640 ) ) ;
#2233 = CARTESIAN_POINT ( 'NONE',  ( 1.457874223615947207, -4.736428089577700895, 2.832430620192253112 ) ) ;
#2235 = DIRECTION ( 'NONE',  ( -0.8660254037844385966, 0.000000000000000000, -0.4999999999999998890 ) ) ;
#2236 = CARTESIAN_POINT ( 'NONE',  ( -1.813140348398568857, -6.980982304083609868, 2.352998139203848371 ) ) ;
#2237 = ORIENTED_EDGE ( 'NONE', *, *, #1128, .T. ) ;
#2238 = CARTESIAN_POINT ( 'NONE',  ( 1.746943960583592359, -7.866712499999997554, -1.746943960583591693 ) ) ;
#2239 = CARTESIAN_POINT ( 'NONE',  ( 0.09259717689150413766, -3.828596270964934600, 3.176267680476111188 ) ) ;
#2240 = CARTESIAN_POINT ( 'NONE',  ( 2.095427609968844695, -6.654392499133817473, 2.399438115835548668 ) ) ;
#2241 = CARTESIAN_POINT ( 'NONE',  ( -1.315128060534576537, -7.072168749999995896, -3.175000000000000266 ) ) ;
#2242 = CARTESIAN_POINT ( 'NONE',  ( -1.411705340272744857, -6.751917671105302610, 2.847659089312362557 ) ) ;
#2243 = CARTESIAN_POINT ( 'NONE',  ( -2.591960196756943002, -2.663879358445087941, 0.4030770177274828336 ) ) ;
#2244 = CARTESIAN_POINT ( 'NONE',  ( -1.023558357327340129, -2.819103333021233837, 3.012641919289339665 ) ) ;
#2245 = CARTESIAN_POINT ( 'NONE',  ( -2.930483609482466001, -2.134197399059071465, 0.8989853553616721227 ) ) ;
#2246 = ORIENTED_EDGE ( 'NONE', *, *, #2502, .T. ) ;
#2247 = CARTESIAN_POINT ( 'NONE',  ( 0.2252073598630564832, -2.393156781416532208, -3.137904936358804076 ) ) ;
#2248 = CARTESIAN_POINT ( 'NONE',  ( 0.1454949188547589589, -5.323134048206702218, -3.149921772811144827 ) ) ;
#2249 = CARTESIAN_POINT ( 'NONE',  ( 1.691173007114701088, -3.309613070838222981, -2.690278977761749069 ) ) ;
#2250 = CARTESIAN_POINT ( 'NONE',  ( 2.198181741511271881, -6.507563162482091990, 2.262044401668415361 ) ) ;
#2251 = CARTESIAN_POINT ( 'NONE',  ( 3.154469542977079932, -5.528251566238828296, 0.4158069904911532721 ) ) ;
#2252 = AXIS2_PLACEMENT_3D ( 'NONE', #5111, #2955, #2522 ) ;
#2254 = CARTESIAN_POINT ( 'NONE',  ( -1.932844627334049381, -2.123927285303146117, -2.491425183925338960 ) ) ;
#2253 = CARTESIAN_POINT ( 'NONE',  ( -3.179789763768952060, -6.024340635499316754, 0.1875764415591312795 ) ) ;
#2255 = CARTESIAN_POINT ( 'NONE',  ( -2.470551841763084955, -5.544199999999997353, -1.462747044969661094E-15 ) ) ;
#2256 = CARTESIAN_POINT ( 'NONE',  ( 3.578500764295841585E-16, 3.273303347887302372, -2.650000000002903811 ) ) ;
#2257 = CARTESIAN_POINT ( 'NONE',  ( -0.5659387791527549227, -2.252389513168519652, -3.135201659801120311 ) ) ;
#2258 = VECTOR ( 'NONE', #2138, 1000.000000000000000 ) ;
#2259 = CARTESIAN_POINT ( 'NONE',  ( 2.894533615169033514, -5.489189888381432070, 1.330403194285267432 ) ) ;
#2260 = CARTESIAN_POINT ( 'NONE',  ( -3.175000000000000711, -4.994131249999998801, 1.315128060534574983 ) ) ;
#2261 = ORIENTED_EDGE ( 'NONE', *, *, #2502, .F. ) ;
#2262 = CIRCLE ( 'NONE', #2349, 3.194135250727565101 ) ;
#2264 = CARTESIAN_POINT ( 'NONE',  ( -1.981148876945755477, -4.778495630196280430, 2.453438193159696912 ) ) ;
#2263 = CARTESIAN_POINT ( 'NONE',  ( 2.073782755029290659, -4.714961183172633241, 2.375928813576660747 ) ) ;
#2265 = CARTESIAN_POINT ( 'NONE',  ( -1.709974288967438971, -7.405123746685758235, 1.879122298603951080 ) ) ;
#2266 = CARTESIAN_POINT ( 'NONE',  ( 0.000000000000000000, -6.766574999999998674, -5.800958522276925683E-16 ) ) ;
#2267 = CARTESIAN_POINT ( 'NONE',  ( -1.299551838370225587, -4.116886212726093675, -2.873691544210020599 ) ) ;
#2268 = ADVANCED_FACE ( 'NONE', ( #1810 ), #539, .F. ) ;
#2269 = CARTESIAN_POINT ( 'NONE',  ( -1.023336079404100429, -2.304906249999997048, 2.470551841763083178 ) ) ;
#2270 = CARTESIAN_POINT ( 'NONE',  ( -2.054071686334030478, -3.906921556343754709, 2.434608384097016742 ) ) ;
#2271 = CARTESIAN_POINT ( 'NONE',  ( 1.936508341206373940, -6.293572998591812961, -2.524544582557753269 ) ) ;
#2272 = CARTESIAN_POINT ( 'NONE',  ( 3.174999999999999822, -5.360843749999995467, -1.315128060534576981 ) ) ;
#2273 = CARTESIAN_POINT ( 'NONE',  ( -2.354860707124262209, -7.471023158236913098, -0.8141222887249341955 ) ) ;
#2274 = CARTESIAN_POINT ( 'NONE',  ( -2.431499378134159173, -2.636118497029100727, 1.044607341820977586 ) ) ;
#2275 = CARTESIAN_POINT ( 'NONE',  ( -1.406472724006666120, -3.185817256338777437, -2.854045987495723580 ) ) ;
#2276 = CARTESIAN_POINT ( 'NONE',  ( -2.449951099363255835, -2.013846518452469425, 2.001180011555490967 ) ) ;
#2277 = EDGE_LOOP ( 'NONE', ( #3779, #4818, #397, #1225, #779 ) ) ;
#2278 = CARTESIAN_POINT ( 'NONE',  ( 2.456059528139049153, -2.718618445855289778, 2.028648845183626204 ) ) ;
#2279 = FACE_OUTER_BOUND ( 'NONE', #4088, .T. ) ;
#2280 = CARTESIAN_POINT ( 'NONE',  ( 2.554792818281573563, -3.365772702782295234, -1.903243495360519733 ) ) ;
#2281 = CARTESIAN_POINT ( 'NONE',  ( 0.8624789789193193501, -6.585263263848903925, 3.033654099117671255 ) ) ;
#2282 = CARTESIAN_POINT ( 'NONE',  ( 0.4141915277889952063, -5.283694638044449832, -3.154826112818085893 ) ) ;
#2284 = CARTESIAN_POINT ( 'NONE',  ( 2.963506727056880674, -3.550758628668611028, -1.077927990514607082 ) ) ;
#2283 = CARTESIAN_POINT ( 'NONE',  ( -2.722768186652982259, -5.911923971413788337, 1.653620746382022499 ) ) ;
#2285 = CARTESIAN_POINT ( 'NONE',  ( -2.470551841763084511, -5.605318749999997685, -1.023336079404099763 ) ) ;
#2286 = CARTESIAN_POINT ( 'NONE',  ( 7.313735224848306455E-16, -2.839528623375212391, -2.470551841763085843 ) ) ;
#2287 = CARTESIAN_POINT ( 'NONE',  ( -1.313702380728604791, -2.177482554192176956, -2.902157218126787175 ) ) ;
#2288 = CARTESIAN_POINT ( 'NONE',  ( 2.215643231499815347, -5.297120683857966306, -2.288912128149773295 ) ) ;
#2289 = CARTESIAN_POINT ( 'NONE',  ( -3.174999999999999378, -5.116368750000000354, -1.315128060534578092 ) ) ;
#2291 = CARTESIAN_POINT ( 'NONE',  ( 1.007464963296703875, -5.211342625919399119, -2.988125870649311011 ) ) ;
#2290 = CARTESIAN_POINT ( 'NONE',  ( -2.969359862781024706, -5.018427075980177676, 1.062916710828615274 ) ) ;
#2292 = CARTESIAN_POINT ( 'NONE',  ( 1.023512139285689848, -2.768610912323786533, 3.012620924229745256 ) ) ;
#2293 = CARTESIAN_POINT ( 'NONE',  ( 2.097208455353391621, -6.618397702155071727, 2.392952672857533436 ) ) ;
#2294 = CARTESIAN_POINT ( 'NONE',  ( 2.711139395102833305, -4.530745912906898987, 1.673085467156024908 ) ) ;
#2295 = CARTESIAN_POINT ( 'NONE',  ( -2.470551841763084511, -1.510362499999997388, -1.462747044969660897E-15 ) ) ;
#2296 = ADVANCED_FACE ( 'NONE', ( #4214 ), #461, .T. ) ;
#2297 = CARTESIAN_POINT ( 'NONE',  ( 1.789900068956303603, -3.703625187209102165, 2.634890303427356084 ) ) ;
#2298 = CARTESIAN_POINT ( 'NONE',  ( 2.524857357531162361, -6.333036319994120866, -1.936123797407008684 ) ) ;
#2299 = CARTESIAN_POINT ( 'NONE',  ( 3.174999999999998934, -2.549381249999995269, 1.315128060534579202 ) ) ;
#2300 = CARTESIAN_POINT ( 'NONE',  ( -3.149402587812066390, -2.057198391426518835, -0.4674651184200616094 ) ) ;
#2301 = CARTESIAN_POINT ( 'NONE',  ( -1.746943960583592359, -4.321824999999997807, 1.746943960583590361 ) ) ;
#2302 = DIRECTION ( 'NONE',  ( -0.000000000000000000, 1.000000000000000000, -0.000000000000000000 ) ) ;
#2303 = ORIENTED_EDGE ( 'NONE', *, *, #4204, .F. ) ;
#2304 = CARTESIAN_POINT ( 'NONE',  ( -0.5430696646208047484, -2.897789560134961473, 3.098752074685205748 ) ) ;
#2305 = CARTESIAN_POINT ( 'NONE',  ( -3.499999999999999556, 7.500000000000000000, -2.020725942163689837 ) ) ;
#2306 = CARTESIAN_POINT ( 'NONE',  ( 3.032221151997950503, -3.453699525545036231, -0.9766069882644746736 ) ) ;
#2307 = CARTESIAN_POINT ( 'NONE',  ( 2.306466096388312348, -6.317053818536109588, -2.197581254869594325 ) ) ;
#2308 = CARTESIAN_POINT ( 'NONE',  ( 1.591869436344252486, -5.346119574494357707, -2.754960609933000182 ) ) ;
#2310 = CARTESIAN_POINT ( 'NONE',  ( -1.624602204992717125, -2.956261849181302193, 2.702544422583111672 ) ) ;
#2309 = CARTESIAN_POINT ( 'NONE',  ( -3.124002511435119089, -6.025475004792451017, -0.5812431275617642168 ) ) ;
#2311 = DIRECTION ( 'NONE',  ( 0.000000000000000000, 0.000000000000000000, 1.000000000000000000 ) ) ;
#2312 = CARTESIAN_POINT ( 'NONE',  ( -2.699642247598666334, -2.172962822607725553, -1.676919777472065443 ) ) ;
#2313 = CARTESIAN_POINT ( 'NONE',  ( 0.8550287875061260978, -2.321399867539116535, -3.060456170954994004 ) ) ;
#2314 = CARTESIAN_POINT ( 'NONE',  ( 2.533459265484407918, -5.305470738163270639, -1.878492676036717990 ) ) ;
#2315 = CARTESIAN_POINT ( 'NONE',  ( 1.315128060534576981, -3.771756249999999255, 3.174999999999999378 ) ) ;
#2317 = CARTESIAN_POINT ( 'NONE',  ( -0.01149587504446288912, -4.182401839055453152, -3.153324094376195763 ) ) ;
#2316 = CARTESIAN_POINT ( 'NONE',  ( -3.102537496718411170, -5.044308366932816590, 0.5667085674812596396 ) ) ;
#2318 = CARTESIAN_POINT ( 'NONE',  ( 0.4146117387537292531, -2.350015481708223941, -3.154757593176012787 ) ) ;
#2319 = CARTESIAN_POINT ( 'NONE',  ( 2.098732437691207320, -6.354579742476532900, -2.391401388193273636 ) ) ;
#2320 = B_SPLINE_CURVE_WITH_KNOTS ( 'NONE', 3,
 ( #1870, #2198, #2633, #3860, #2245, #3939, #143, #541, #3531, #3034, #121, #1843, #3504, #3090, #4710, #945, #4760, #5188, #3428, #5090, #1354, #4295, #274, #1897 ),
 .UNSPECIFIED., .F., .F.,
 ( 4, 2, 2, 2, 2, 2, 2, 2, 2, 2, 2, 4 ),
 ( 0.0004435494968321699195, 0.001247022264564804934, 0.001648758648431122333, 0.002050495032297439731, 0.002853967800030074962, 0.003657440567762709760, 0.004460913335495344557, 0.004862649719361661522, 0.005264386103227979355, 0.005666122487094296320, 0.006067858870960614152, 0.006871331638693248950 ),
 .UNSPECIFIED. ) ;
#2321 = CARTESIAN_POINT ( 'NONE',  ( 3.180056899630057554, -4.488430934670887495, 0.1893686119363249543 ) ) ;
#2322 = CARTESIAN_POINT ( 'NONE',  ( 1.746943960583592359, -5.910912499999997571, -1.746943960583591693 ) ) ;
#2323 = CARTESIAN_POINT ( 'NONE',  ( 2.684017608798176635, -3.677570979496038728, 1.715368090108390975 ) ) ;
#2324 = CARTESIAN_POINT ( 'NONE',  ( 1.592675007802911269, -6.273172291599965256, -2.754410322447177428 ) ) ;
#2325 = CARTESIAN_POINT ( 'NONE',  ( 1.144401025603482370E-15, 0.6204091765964134808, -4.041451884327381450 ) ) ;
#2326 = CARTESIAN_POINT ( 'NONE',  ( -1.382632235628163064, -6.958229004310215515, -2.646753478229530110 ) ) ;
#2327 = CARTESIAN_POINT ( 'NONE',  ( -3.175101403200248029, -3.022448903138270637, -0.2059913259643969263 ) ) ;
#2328 = CARTESIAN_POINT ( 'NONE',  ( 1.746943960583590583, -6.033149999999997348, 1.746943960583591693 ) ) ;
#2329 = VERTEX_POINT ( 'NONE', #4267 ) ;
#2330 = CARTESIAN_POINT ( 'NONE',  ( -0.1653683351151556957, -2.827028399275437476, 3.173304992891710974 ) ) ;
#2331 = DIRECTION ( 'NONE',  ( 0.8660254037844385966, 0.000000000000000000, -0.4999999999999998890 ) ) ;
#2332 = CARTESIAN_POINT ( 'NONE',  ( 3.150912104786536272, -3.443907013130098171, -0.4689021042117750282 ) ) ;
#2333 = CARTESIAN_POINT ( 'NONE',  ( 1.124193254283453181, -6.588351616415040191, 2.980696965643249818 ) ) ;
#2334 = EDGE_CURVE ( 'NONE', #2594, #908, #3938, .T. ) ;
#2335 = CARTESIAN_POINT ( 'NONE',  ( 1.406213026418473566, -5.630581504080448774, 2.854159153295503959 ) ) ;
#2337 = CARTESIAN_POINT ( 'NONE',  ( -1.200301570958557162, -3.910096444899424650, 2.915913556800758588 ) ) ;
#2336 = CARTESIAN_POINT ( 'NONE',  ( 2.615310138887581015, -6.426818220170352980, -1.818407723739020154 ) ) ;
#2338 = CARTESIAN_POINT ( 'NONE',  ( 3.090082131657029052, -2.443043243186419744, -0.5907045852131336261 ) ) ;
#2339 = CARTESIAN_POINT ( 'NONE',  ( 2.558429977280905820, -5.321883606253869914, -1.898060158238551232 ) ) ;
#2340 = VECTOR ( 'NONE', #4072, 1000.000000000000000 ) ;
#2341 = CARTESIAN_POINT ( 'NONE',  ( -1.023336079404097543, -7.561118749999998556, -2.470551841763085399 ) ) ;
#2343 = CARTESIAN_POINT ( 'NONE',  ( -3.148829824430848134, -3.946661030068514986, -0.1681957382217652286 ) ) ;
#2342 = CARTESIAN_POINT ( 'NONE',  ( 2.092702492233392775, -4.662964402128522146, 2.401509993211316640 ) ) ;
#2344 = CARTESIAN_POINT ( 'NONE',  ( 2.391508475035247105, -2.462226879087459963, -2.098698000906147776 ) ) ;
#2345 = CIRCLE ( 'NONE', #4441, 0.4999999999999997780 ) ;
#2346 = DIRECTION ( 'NONE',  ( 0.000000000000000000, 1.000000000000000000, -7.703719777548943412E-32 ) ) ;
#2347 = CARTESIAN_POINT ( 'NONE',  ( 3.069314980805860404, -4.402392417515644141, -0.8528585617218055193 ) ) ;
#2348 = CARTESIAN_POINT ( 'NONE',  ( 2.470551841763085399, -7.927831249999997887, -1.023336079404098653 ) ) ;
#2349 = AXIS2_PLACEMENT_3D ( 'NONE', #528, #1313, #3459 ) ;
#2350 = ORIENTED_EDGE ( 'NONE', *, *, #4633, .T. ) ;
#2351 = ORIENTED_EDGE ( 'NONE', *, *, #4643, .T. ) ;
#2352 = CARTESIAN_POINT ( 'NONE',  ( 2.814511723312617786, -3.664679569765167955, 1.492028338842714241 ) ) ;
#2353 = DIRECTION ( 'NONE',  ( 0.000000000000000000, 0.000000000000000000, -1.000000000000000000 ) ) ;
#2354 = CARTESIAN_POINT ( 'NONE',  ( -3.174999999999999822, -1.999312499999995829, -1.549017063184669745E-15 ) ) ;
#2355 = CARTESIAN_POINT ( 'NONE',  ( -0.2606196426684760370, -6.999123069982592149, -2.942451930017403239 ) ) ;
#2356 = CARTESIAN_POINT ( 'NONE',  ( -0.2532349139925139658, -2.839528623375212391, -2.457539110812720917 ) ) ;
#2358 = ORIENTED_EDGE ( 'NONE', *, *, #2334, .F. ) ;
#2357 = CARTESIAN_POINT ( 'NONE',  ( -1.033928862999106603E-15, -7.133287499999997117, 2.470551841763084067 ) ) ;
#2359 = ORIENTED_EDGE ( 'NONE', *, *, #3729, .T. ) ;
#2360 = B_SPLINE_CURVE_WITH_KNOTS ( 'NONE', 3,
 ( #1501, #3165, #1859, #689, #4856, #1113, #4009, #290, #1939, #2265, #4450, #3521, #4749, #713, #2375, #1831 ),
 .UNSPECIFIED., .F., .F.,
 ( 4, 2, 2, 2, 2, 2, 2, 4 ),
 ( 0.01584204474194354090, 0.01627846514335079195, 0.01671488554475804300, 0.01715130594616529405, 0.01758772634757254510, 0.01802414674897979616, 0.01846056715038704721, 0.01933340795320154931 ),
 .UNSPECIFIED. ) ;
#2361 = CARTESIAN_POINT ( 'NONE',  ( 2.725280678219557551, -2.709592717800300754, 1.587276139961573351 ) ) ;
#2362 = CARTESIAN_POINT ( 'NONE',  ( 0.000000000000000000, -7.500000000000000000, -5.800958522276924697E-16 ) ) ;
#2363 = CARTESIAN_POINT ( 'NONE',  ( 1.931868246285715740, -3.644172332522516822, 2.533324322074617996 ) ) ;
#2364 = CARTESIAN_POINT ( 'NONE',  ( 3.029083504931355364, -6.482975324200840994, 0.9603800313056854998 ) ) ;
#2365 = CARTESIAN_POINT ( 'NONE',  ( 2.523384426967048899, -5.355006925325757727, -1.938297476146006115 ) ) ;
#2366 = EDGE_LOOP ( 'NONE', ( #3273, #1722, #33, #995 ) ) ;
#2367 = ADVANCED_FACE ( 'NONE', ( #4682 ), #1702, .T. ) ;
#2369 = CARTESIAN_POINT ( 'NONE',  ( -0.2001322897838429260, -2.880752875644575273, 3.147000096914780443 ) ) ;
#2368 = CARTESIAN_POINT ( 'NONE',  ( -2.471704576603595882, -6.154602257027666390, -1.958593651687413395 ) ) ;
#2370 = CARTESIAN_POINT ( 'NONE',  ( 3.142897736171943901, -2.501518054782515321, -0.4689666958856071877 ) ) ;
#2371 = CARTESIAN_POINT ( 'NONE',  ( 3.097597355030934363, -5.456391864443538076, 0.7087803516158356354 ) ) ;
#2372 = CARTESIAN_POINT ( 'NONE',  ( -2.470551841763084067, -6.460981249999997011, -1.023336079404099541 ) ) ;
#2374 = CARTESIAN_POINT ( 'NONE',  ( -0.8416702915640901228, -3.735722894257719862, 3.038905106702871173 ) ) ;
#2373 = CARTESIAN_POINT ( 'NONE',  ( -3.066363834372111796, -5.060398302707221241, -0.8333341108569418676 ) ) ;
#2375 = CARTESIAN_POINT ( 'NONE',  ( -2.382342225467244834, -7.458723500814412155, 0.7590969527247175552 ) ) ;
#2376 = CARTESIAN_POINT ( 'NONE',  ( 3.174905881107216388, -6.476731049832707754, -0.2087616592122956971 ) ) ;
#2377 = CARTESIAN_POINT ( 'NONE',  ( 2.301593191938051230, -4.360929958735107803, -2.202646676546812898 ) ) ;
#2378 = VECTOR ( 'NONE', #504, 1000.000000000000227 ) ;
#2379 = CARTESIAN_POINT ( 'NONE',  ( -1.023336079404100651, -3.405043749999997704, 2.470551841763083178 ) ) ;
#2380 = CARTESIAN_POINT ( 'NONE',  ( -1.151046080995135945, -4.280057297730580856, -2.927811149164476046 ) ) ;
#2381 = LINE ( 'NONE', #1096, #4961 ) ;
#2382 = CARTESIAN_POINT ( 'NONE',  ( 1.315128060534576981, -2.671618749999995934, 3.174999999999999378 ) ) ;
#2383 = CARTESIAN_POINT ( 'NONE',  ( -0.4178097728437275560, -4.744023149440605103, 3.154180550968074481 ) ) ;
#2384 = CARTESIAN_POINT ( 'NONE',  ( 1.023336079404098209, -7.072168749999998560, 2.470551841763083178 ) ) ;
#2385 = CARTESIAN_POINT ( 'NONE',  ( 0.2226051675339924818, -2.844579123081174110, 3.177639068385705201 ) ) ;
#2386 = TOROIDAL_SURFACE ( 'NONE', #900, 8.490969814389950798, 5.999999999999998224 ) ;
#2387 = DIRECTION ( 'NONE',  ( 0.000000000000000000, -2.715482188147275855E-16, 1.000000000000000000 ) ) ;
#2388 = CARTESIAN_POINT ( 'NONE',  ( -0.7963529916845016876, -3.785058994048792425, 3.084558586903040300 ) ) ;
#2389 = CARTESIAN_POINT ( 'NONE',  ( -2.072546002959438916, -6.755159273548515309, 2.419239852529994739 ) ) ;
#2390 = CARTESIAN_POINT ( 'NONE',  ( 1.023557411921631077, -5.263853523099553122, -3.012629736944077319 ) ) ;
#2392 = CARTESIAN_POINT ( 'NONE',  ( 2.869008195288166974, -3.538095292794203761, -1.308557124535949079 ) ) ;
#2391 = CARTESIAN_POINT ( 'NONE',  ( -0.7933831403130837678, -6.239024377759050388, -3.085157659443395595 ) ) ;
#2393 = CARTESIAN_POINT ( 'NONE',  ( 1.824255986521660322, -2.672786126225438874, 2.611837972416583664 ) ) ;
#2394 = CARTESIAN_POINT ( 'NONE',  ( 0.3557991204997723589, -5.632941009132429677, 3.125856108120483423 ) ) ;
#2395 = CARTESIAN_POINT ( 'NONE',  ( 2.245064030267288846, -2.488262499999999378, -2.245064030267287958 ) ) ;
#2397 = CARTESIAN_POINT ( 'NONE',  ( 0.6483235946556675788, -3.662632511769531529, 3.085922159744772131 ) ) ;
#2396 = CARTESIAN_POINT ( 'NONE',  ( -1.383685107738854336, -5.245210419941269464, -2.833867407547732142 ) ) ;
#2398 = CARTESIAN_POINT ( 'NONE',  ( -2.470551841763084955, -6.522099999999997344, -1.462747044969661094E-15 ) ) ;
#2399 = B_SPLINE_CURVE_WITH_KNOTS ( 'NONE', 3,
 ( #5129, #3052, #580, #3901, #1832, #3494, #5256, #1549, #5180, #5206, #4857, #1066 ),
 .UNSPECIFIED., .F., .F.,
 ( 4, 2, 2, 2, 2, 4 ),
 ( 2.632426238750008691E-07, 0.001079328387318432159, 0.001618860959665710357, 0.002158393532012988555, 0.003237458676707545384, 0.004316523821402102647 ),
 .UNSPECIFIED. ) ;
#2400 = CARTESIAN_POINT ( 'NONE',  ( 0.8299105317972130802, -2.728261768384491859, 3.092985806628483658 ) ) ;
#2401 = CARTESIAN_POINT ( 'NONE',  ( 2.473292478906782055, -4.372904602068018676, -2.007955050887571424 ) ) ;
#2402 = CARTESIAN_POINT ( 'NONE',  ( -2.470551841763084955, -2.610499999999997378, -1.462747044969661094E-15 ) ) ;
#2403 = ORIENTED_EDGE ( 'NONE', *, *, #125, .F. ) ;
#2404 = CARTESIAN_POINT ( 'NONE',  ( -3.076340530962995423, -4.059898622661290979, 0.6945419004522200845 ) ) ;
#2405 = APPROVAL_STATUS ( 'not_yet_approved' ) ;
#2406 = CARTESIAN_POINT ( 'NONE',  ( 2.245064030267288846, -2.366024999999995604, -2.245064030267287958 ) ) ;
#2407 = LINE ( 'NONE', #745, #4261 ) ;
#2408 = CARTESIAN_POINT ( 'NONE',  ( 1.348263249800290220, -2.807278434004874423, -2.122787577737617948 ) ) ;
#2409 = ORIENTED_EDGE ( 'NONE', *, *, #125, .T. ) ;
#2410 = CARTESIAN_POINT ( 'NONE',  ( -3.030045151074174381, -3.111048147711857670, -0.9570882019412831898 ) ) ;
#2411 = CARTESIAN_POINT ( 'NONE',  ( -2.470551841763085843, -6.460981249999997900, 1.023336079404096877 ) ) ;
#2412 = CARTESIAN_POINT ( 'NONE',  ( 0.4176141954138652412, -4.755298829478783240, 3.154200676149432336 ) ) ;
#2413 = CARTESIAN_POINT ( 'NONE',  ( -1.526185899281563563, -3.788851588397140979, 2.796457259334744094 ) ) ;
#2414 = CARTESIAN_POINT ( 'NONE',  ( -2.865123349257229002, -6.853784292070648654, 1.392946981614475721 ) ) ;
#2415 = CARTESIAN_POINT ( 'NONE',  ( -3.174938564837732180, -5.956332612002968041, -0.2098756940759931022 ) ) ;
#2416 = CARTESIAN_POINT ( 'NONE',  ( -2.418793229650360033, -2.010653494796621921, 2.072998759923089462 ) ) ;
#2418 = CARTESIAN_POINT ( 'NONE',  ( -2.924263934227065764, -4.034149093069037129, 1.180110459327474715 ) ) ;
#2417 = CARTESIAN_POINT ( 'NONE',  ( 2.290589754623927554, -6.366541641835334886, -2.213519849834300501 ) ) ;
#2419 = CARTESIAN_POINT ( 'NONE',  ( 1.135174966327502144, -2.711834322270178621, 2.976564736170012715 ) ) ;
#2420 = CARTESIAN_POINT ( 'NONE',  ( -2.160669405229195927, -5.818761277525564601, 2.330046046378044799 ) ) ;
#2421 = CARTESIAN_POINT ( 'NONE',  ( -3.175000000000000711, -2.060431249999999714, 1.315128060534574983 ) ) ;
#2422 = ORIENTED_EDGE ( 'NONE', *, *, #734, .F. ) ;
#2424 = CARTESIAN_POINT ( 'NONE',  ( 2.906698786449347427, -2.533788401899417231, 1.222364928106053350 ) ) ;
#2423 = CARTESIAN_POINT ( 'NONE',  ( 0.8572420489195161641, -5.358530025140701092, -3.034856691976799414 ) ) ;
#2425 = CARTESIAN_POINT ( 'NONE',  ( 2.470551841763085399, -5.972031249999997904, -1.023336079404098653 ) ) ;
#2426 = DIRECTION ( 'NONE',  ( 0.000000000000000000, 1.000000000000000000, 0.000000000000000000 ) ) ;
#2427 = AXIS2_PLACEMENT_3D ( 'NONE', #2108, #1228, #4652 ) ;
#2428 = CARTESIAN_POINT ( 'NONE',  ( -0.4179579739582772735, -4.692034061561913383, 3.126345612647582595 ) ) ;
#2429 = CARTESIAN_POINT ( 'NONE',  ( -1.746943960583592581, -4.444062499999998472, 1.746943960583590361 ) ) ;
#2430 = CIRCLE ( 'NONE', #4176, 1.500000000000003775 ) ;
#2431 = ORIENTED_EDGE ( 'NONE', *, *, #5355, .F. ) ;
#2432 = CARTESIAN_POINT ( 'NONE',  ( -2.650514453985822527, -4.169573503664422809, -1.767173627320723028 ) ) ;
#2433 = PERSON_AND_ORGANIZATION ( #2072, #4707 ) ;
#2434 = CARTESIAN_POINT ( 'NONE',  ( -3.013707937327221309, -5.070123121324752624, -1.020799210651367250 ) ) ;
#2435 = ADVANCED_FACE ( 'NONE', ( #1731 ), #3906, .T. ) ;
#2436 = CARTESIAN_POINT ( 'NONE',  ( -2.335552279855648727, -2.151703210528626897, -2.163964199946605049 ) ) ;
#2437 = CARTESIAN_POINT ( 'NONE',  ( 1.108316056460971089, -2.774770645498767063, -2.287445175455181001 ) ) ;
#2438 = CARTESIAN_POINT ( 'NONE',  ( -1.277008267038314493, -2.936426085534132202, 2.883565766239827077 ) ) ;
#2439 = CARTESIAN_POINT ( 'NONE',  ( 7.313735224848305469E-16, -1.877074999999998051, -2.470551841763085399 ) ) ;
#2440 = CARTESIAN_POINT ( 'NONE',  ( -9.478127849532680814E-15, -4.775112912640198992, 3.174999999999999378 ) ) ;
#2441 = CARTESIAN_POINT ( 'NONE',  ( -0.4124789546848717792, -3.730272630780373078, 3.150794676014819551 ) ) ;
#2442 = CARTESIAN_POINT ( 'NONE',  ( -0.4190430541880570403, -6.647890820439018356, 3.126046072268747089 ) ) ;
#2443 = CARTESIAN_POINT ( 'NONE',  ( 1.935977903240503117, -5.315637874405873653, -2.525089264470206540 ) ) ;
#2444 = CARTESIAN_POINT ( 'NONE',  ( -2.155542441120523371E-11, -2.819312912641201319, 3.174999999999999378 ) ) ;
#2446 = CARTESIAN_POINT ( 'NONE',  ( -2.778697560957286150, -4.170872193707373832, -1.490728688748781172 ) ) ;
#2445 = CARTESIAN_POINT ( 'NONE',  ( -1.944982323952321845, -6.174675941186468897, -2.522588273983707108 ) ) ;
#2447 = CARTESIAN_POINT ( 'NONE',  ( 3.094712720282779106, -2.499325625637236481, 0.5660541328655772642 ) ) ;
#2448 = CARTESIAN_POINT ( 'NONE',  ( -2.140941509970136103, -5.766760493521035258, 2.305202269422807593 ) ) ;
#2449 = CARTESIAN_POINT ( 'NONE',  ( -3.174999999999999822, -2.121549999999999159, -1.549017063184669745E-15 ) ) ;
#2451 = CARTESIAN_POINT ( 'NONE',  ( 2.378482964741545747, -2.359757811723758536, -2.070229107501253552 ) ) ;
#2450 = CARTESIAN_POINT ( 'NONE',  ( -3.066838355448636921, -5.095979152660070177, -0.8315861999759782686 ) ) ;
#2452 = CARTESIAN_POINT ( 'NONE',  ( 1.746943960583590805, -6.155387499999998013, 1.746943960583591915 ) ) ;
#2453 = DIRECTION ( 'NONE',  ( -0.4999999999999997780, 6.671617030993991596E-32, 0.8660254037844388186 ) ) ;
#2454 = CC_DESIGN_PERSON_AND_ORGANIZATION_ASSIGNMENT ( #1996, #3222, ( #4356 ) ) ;
#2455 = CARTESIAN_POINT ( 'NONE',  ( 0.3647336218019209819, -4.707056382611302325, 3.164719273265225397 ) ) ;
#2456 = CARTESIAN_POINT ( 'NONE',  ( 2.470551841763085399, -2.060431249999997938, -1.023336079404098653 ) ) ;
#2457 = FACE_OUTER_BOUND ( 'NONE', #2155, .T. ) ;
#2458 = VERTEX_POINT ( 'NONE', #1325 ) ;
#2459 = ORIENTED_EDGE ( 'NONE', *, *, #3063, .F. ) ;
#2461 = CARTESIAN_POINT ( 'NONE',  ( -3.059133459287247003, -5.856924137130463670, 0.7646894416591459853 ) ) ;
#2460 = CARTESIAN_POINT ( 'NONE',  ( -0.7950276579332251625, -4.282982199997220185, -3.076547264637615076 ) ) ;
#2462 = CARTESIAN_POINT ( 'NONE',  ( -2.495686207104899967, -7.360459133704302381, -0.6695341304314441633 ) ) ;
#2463 = CARTESIAN_POINT ( 'NONE',  ( 3.154289156989712684, -4.499534452440213883, 0.4175600301139307247 ) ) ;
#2464 = ORIENTED_EDGE ( 'NONE', *, *, #1128, .F. ) ;
#2465 = CARTESIAN_POINT ( 'NONE',  ( -1.931246243048880595, -2.974721205874924834, 2.493430450282926980 ) ) ;
#2466 = CARTESIAN_POINT ( 'NONE',  ( 2.470551841763084067, -3.160568749999997706, 1.023336079404100207 ) ) ;
#2467 = CARTESIAN_POINT ( 'NONE',  ( 3.013368620476125859, -4.480052339782918835, -1.021316743294141460 ) ) ;
#2468 = CARTESIAN_POINT ( 'NONE',  ( 2.644996049298067309, -3.558873456819975356, 1.775386149558188409 ) ) ;
#2469 = CARTESIAN_POINT ( 'NONE',  ( 2.525285881916202069, -3.655191022555077218, 1.935544949991483854 ) ) ;
#2470 = CARTESIAN_POINT ( 'NONE',  ( -2.097741858546321669, -4.173606236888309340, -2.392281596071122340 ) ) ;
#2471 = CARTESIAN_POINT ( 'NONE',  ( -2.524659070574899022, -2.961271858802322576, 1.936397394480440681 ) ) ;
#2473 = CARTESIAN_POINT ( 'NONE',  ( 2.495830934079754648, -4.479691344672637854, -1.927357166025080559 ) ) ;
#2472 = CARTESIAN_POINT ( 'NONE',  ( -0.2925204413669544312, -6.780227105288759049, 3.172017713168940656 ) ) ;
#2474 = CARTESIAN_POINT ( 'NONE',  ( 1.587132581382697527, -2.633656344759224499, 2.725528941319073528 ) ) ;
#2475 = CARTESIAN_POINT ( 'NONE',  ( -3.174290886196187156, -5.934100811681759957, 0.2681985530750635172 ) ) ;
#2476 = CARTESIAN_POINT ( 'NONE',  ( -2.470551841763084511, -2.488262499999996713, -1.462747044969660897E-15 ) ) ;
#2478 = CARTESIAN_POINT ( 'NONE',  ( 0.7051511934340115584, -3.239691768185323451, -3.073517348263261173 ) ) ;
#2477 = CARTESIAN_POINT ( 'NONE',  ( -2.914502138586304802, -5.131753402393412600, -1.184421668264224126 ) ) ;
#2479 = CARTESIAN_POINT ( 'NONE',  ( -1.023336079404097765, -4.749656249999996582, -2.470551841763085843 ) ) ;
#2480 = DIRECTION ( 'NONE',  ( 0.000000000000000000, -0.8795420967331789575, -0.4758210798968486865 ) ) ;
#2481 = CARTESIAN_POINT ( 'NONE',  ( -1.416649806612352958, -4.796239836423209724, 2.853264971126890259 ) ) ;
#2482 = CARTESIAN_POINT ( 'NONE',  ( 7.313735224848305469E-16, -4.810774999999997803, -2.470551841763085399 ) ) ;
#2483 = LINE ( 'NONE', #3992, #773 ) ;
#2484 = ORIENTED_EDGE ( 'NONE', *, *, #3867, .T. ) ;
#2485 = ORIENTED_EDGE ( 'NONE', *, *, #3405, .T. ) ;
#2487 = CARTESIAN_POINT ( 'NONE',  ( 1.836970198721034125E-16, -7.500000000000000000, -1.500000000000001554 ) ) ;
#2486 = CARTESIAN_POINT ( 'NONE',  ( -1.737357648517408482, -4.195689946518185387, -2.669874271019187173 ) ) ;
#2488 = CARTESIAN_POINT ( 'NONE',  ( -2.390924172995579244, -4.906938863458099043, 2.099261596503086302 ) ) ;
#2489 = CARTESIAN_POINT ( 'NONE',  ( 1.023039502499330622, -4.285925090441428331, -3.012856439646326212 ) ) ;
#2490 = CARTESIAN_POINT ( 'NONE',  ( 1.558678445369579890, -2.839528623375213723, -1.916806695204093636 ) ) ;
#2491 = CARTESIAN_POINT ( 'NONE',  ( -3.179306291719334432, -3.072899325491470268, -0.1979064933487413858 ) ) ;
#2492 = CARTESIAN_POINT ( 'NONE',  ( -2.470551841763084511, -2.671618749999998155, -1.023336079404099763 ) ) ;
#2493 = CARTESIAN_POINT ( 'NONE',  ( -1.226097276558787641, -2.125170271436403802, -2.818889821194905831 ) ) ;
#2494 = CARTESIAN_POINT ( 'NONE',  ( -1.067650562704280048, -4.146628786331181260, -3.001446415669134282 ) ) ;
#2495 = CARTESIAN_POINT ( 'NONE',  ( 3.175097771167205263, -3.562312593406802286, 0.2059168325093616303 ) ) ;
#2496 = PRODUCT ( '1095K104_Zinc-Plated Steel Grease Fitting', '1095K104_Zinc-Plated Steel Grease Fitting', '', ( #2837 ) ) ;
#2497 = CARTESIAN_POINT ( 'NONE',  ( -0.4132592150970929024, -4.266564871140158033, -3.154907581736976052 ) ) ;
#2498 = CARTESIAN_POINT ( 'NONE',  ( 0.000000000000000000, 3.273303347887300596, 2.650000000002907807 ) ) ;
#2500 = CARTESIAN_POINT ( 'NONE',  ( -1.116359131253699788, -4.282098380836921514, -2.949041059316654945 ) ) ;
#2499 = CARTESIAN_POINT ( 'NONE',  ( 3.166949467905789906, -6.534344199696032973, 0.2601264218936444328 ) ) ;
#2501 = CARTESIAN_POINT ( 'NONE',  ( -2.064707343375346227, -2.843098119716052974, 2.425915904947146373 ) ) ;
#2502 = EDGE_CURVE ( 'NONE', #5063, #3801, #5294, .T. ) ;
#2503 = CARTESIAN_POINT ( 'NONE',  ( -2.671575828209401315, -5.856239950002235517, 1.735431938026824605 ) ) ;
#2504 = CARTESIAN_POINT ( 'NONE',  ( 2.470551841763083178, -4.994131249999997912, 1.023336079404100207 ) ) ;
#2506 = CARTESIAN_POINT ( 'NONE',  ( 3.145594743011070449, -3.439213995973442461, -0.2226960598765860833 ) ) ;
#2505 = CARTESIAN_POINT ( 'NONE',  ( 0.6034930473205801782, -5.759716985507711939, 3.127637422758373198 ) ) ;
#2507 = CARTESIAN_POINT ( 'NONE',  ( 0.000000000000000000, -2.000000000000000000, 2.168404344971008868E-15 ) ) ;
#2508 = CARTESIAN_POINT ( 'NONE',  ( 3.154551386244544009, -2.504215854681391296, -0.4157350456496398672 ) ) ;
#2509 = CARTESIAN_POINT ( 'NONE',  ( 1.462065723096759529, -4.596495745391184329, 2.785637064238446481 ) ) ;
#2510 = DIRECTION ( 'NONE',  ( -1.000000000000000000, -0.000000000000000000, 0.000000000000000000 ) ) ;
#2511 = CARTESIAN_POINT ( 'NONE',  ( 2.470551841763083178, -4.994131249999997912, 1.023336079404100207 ) ) ;
#2512 = ORIENTED_EDGE ( 'NONE', *, *, #3803, .F. ) ;
#2514 = CARTESIAN_POINT ( 'NONE',  ( 1.505190727702834241, -6.549983887846301478, 2.770850588121422486 ) ) ;
#2513 = CARTESIAN_POINT ( 'NONE',  ( 2.504415112059861226, -4.684549926898242234, 1.903920385328160991 ) ) ;
#2515 = DATE_TIME_ROLE ( 'creation_date' ) ;
#2516 = CARTESIAN_POINT ( 'NONE',  ( -0.8241296514650771066, -5.793264557826559802, 3.073162363427285548 ) ) ;
#2517 = CARTESIAN_POINT ( 'NONE',  ( -1.935941566740831066, -5.110672348162290213, -2.524990191468963197 ) ) ;
#2518 = CARTESIAN_POINT ( 'NONE',  ( 7.313735224848304483E-16, -2.732737499999997155, -2.470551841763084955 ) ) ;
#2519 = AXIS2_PLACEMENT_3D ( 'NONE', #1619, #1677, #2554 ) ;
#2520 = CARTESIAN_POINT ( 'NONE',  ( 2.514324593304060329, -3.503251138527399888, -1.903920527112662020 ) ) ;
#2521 = CARTESIAN_POINT ( 'NONE',  ( -1.163333890321619382E-15, -7.622237499999996224, 3.174999999999999378 ) ) ;
#2522 = DIRECTION ( 'NONE',  ( 0.000000000000000000, 0.000000000000000000, 1.000000000000000000 ) ) ;
#2523 = CARTESIAN_POINT ( 'NONE',  ( 0.2167858696583134515, -4.245387834766408020, -3.178461194770660470 ) ) ;
#2524 = CARTESIAN_POINT ( 'NONE',  ( 0.4133010644085832741, -3.726710420425253467, 3.154887781231265897 ) ) ;
#2525 = DIRECTION ( 'NONE',  ( 0.000000000000000000, -1.000000000000000000, -2.900479261138468265E-16 ) ) ;
#2526 = B_SPLINE_CURVE_WITH_KNOTS ( 'NONE', 3,
 ( #3818, #1716, #2537, #3870, #474, #2970, #2941, #929, #5044, #3763, #2994, #903, #5098, #102, #2590, #4228, #2185, #954, #4718, #151, #5017, #3847, #1385, #130, #1771, #3045, #976, #1280, #876, #3436 ),
 .UNSPECIFIED., .F., .F.,
 ( 4, 2, 2, 2, 2, 2, 2, 2, 2, 2, 2, 2, 2, 2, 4 ),
 ( 0.007902903663352358471, 0.008468939285992536925, 0.009034974908632715379, 0.009601010531272893833, 0.01016704615391307229, 0.01073308177655325074, 0.01129911739919342746, 0.01186515302183360591, 0.01243118864447378437, 0.01356325988975414128, 0.01412929551239431800, 0.01469533113503449645, 0.01526136675767467664, 0.01582740238031485336, 0.01695947362559521374 ),
 .UNSPECIFIED. ) ;
#2527 = CARTESIAN_POINT ( 'NONE',  ( -2.943628251466356538, -2.181623351064782224, -1.196791360738815868 ) ) ;
#2529 = CARTESIAN_POINT ( 'NONE',  ( 0.9795243043097966451, -4.778408897827123525, 2.997254040601801339 ) ) ;
#2528 = CARTESIAN_POINT ( 'NONE',  ( 2.611475874425008836, -6.582044658939955717, 1.823961800381818321 ) ) ;
#2530 = CARTESIAN_POINT ( 'NONE',  ( -2.580991525121623997, -3.056785320448332843, -1.812751336732340457 ) ) ;
#2531 = CARTESIAN_POINT ( 'NONE',  ( -2.349500488047603142, -6.026234498320855337, -2.139522597468983545 ) ) ;
#2532 = CARTESIAN_POINT ( 'NONE',  ( 2.470551841763083178, -3.038331249999997929, 1.023336079404100207 ) ) ;
#2533 = ORIENTED_EDGE ( 'NONE', *, *, #4370, .F. ) ;
#2534 = EDGE_CURVE ( 'NONE', #5108, #275, #3092, .T. ) ;
#2536 = CARTESIAN_POINT ( 'NONE',  ( -2.302819028126374068, -2.843296300151775480, 2.154179031466669780 ) ) ;
#2535 = CARTESIAN_POINT ( 'NONE',  ( 2.174400607792575713, -5.434577993348913338, -2.284448909055920574 ) ) ;
#2537 = CARTESIAN_POINT ( 'NONE',  ( 0.3782144310197602111, -2.495581035456799768, 2.739633474961236104 ) ) ;
#2538 = CARTESIAN_POINT ( 'NONE',  ( -3.145273531017357627, -2.059038787430745643, -0.5053468474755650197 ) ) ;
#2539 = CARTESIAN_POINT ( 'NONE',  ( -2.836296530435722385, -4.845822430601770314, 1.379689233510158264 ) ) ;
#2540 =( BOUNDED_CURVE ( )  B_SPLINE_CURVE ( 2, ( #365, #737, #420, #2071, #5358, #1190, #1137, #2884, #2912, #5307, #762, #3650, #2043, #4960, #4091, #3732, #2398, #4503, #4884, #1575, #2017, #790, #2452, #1164, #3677, #2425, #4063, #5332, #1989, #3704, #15, #315, #1600, #1659, #3267, #3241, #3323, #2856, #4118, #1629, #1220, #4988, #4559, #3623, #817, #2479, #4145, #1249, #4586, #845, #5278, #1548, #3213, #1794, #4615, #45, #5122, #1746, #1362, #2207, #2130, #1687, #3410, #549, #2158, #3458, #3791, #4669, #5075, #447, #1337, #4200, #3020, #4646, #2099, #501, #4692, #4253, #527 ),
 .UNSPECIFIED., .F., .F. ) 
 B_SPLINE_CURVE_WITH_KNOTS ( ( 3, 2, 2, 2, 2, 2, 2, 2, 2, 2, 2, 2, 2, 2, 2, 2, 2, 2, 2, 2, 2, 2, 2, 2, 2, 2, 2, 2, 2, 2, 2, 2, 2, 2, 2, 2, 2, 2, 2, 3 ),
 ( 0.07579369804370723884, 0.08928571428571428770, 0.1071428571428571369, 0.1250000000000000000, 0.1428571428571428492, 0.1607142857142857262, 0.1785714285714285754, 0.1964285714285714246, 0.2142857142857142461, 0.2321428571428571508, 0.2500000000000000000, 0.2678571428571428492, 0.2857142857142856984, 0.3035714285714285476, 0.3214285714285714524, 0.3392857142857143016, 0.3571428571428571508, 0.3750000000000000000, 0.3928571428571428492, 0.4107142857142856984, 0.4285714285714285476, 0.4464285714285714524, 0.4642857142857143016, 0.4821428571428570953, 0.5000000000000001110, 0.5178571428571429047, 0.5357142857142856984, 0.5535714285714286031, 0.5714285714285713969, 0.5892857142857143016, 0.6071428571428570953, 0.6250000000000000000, 0.6428571428571429047, 0.6607142857142856984, 0.6785714285714286031, 0.6964285714285713969, 0.7142857142857143016, 0.7321428571428570953, 0.7500000000000000000, 0.7523735624018317303 ),
 .UNSPECIFIED. ) 
 CURVE ( )  GEOMETRIC_REPRESENTATION_ITEM ( )  RATIONAL_B_SPLINE_CURVE ( ( 0.9718822090822498705, 0.9424869593124142186, 1.000000000000000000, 0.9238795325112867385, 1.000000000000000000, 0.9238795325112867385, 1.000000000000000000, 0.9238795325112867385, 1.000000000000000000, 0.9238795325112867385, 1.000000000000000000, 0.9238795325112867385, 1.000000000000000000, 0.9238795325112867385, 1.000000000000000000, 0.9238795325112867385, 1.000000000000000000, 0.9238795325112867385, 1.000000000000000000, 0.9238795325112867385, 1.000000000000000000, 0.9238795325112867385, 1.000000000000000000, 0.9238795325112867385, 1.000000000000000000, 0.9238795325112867385, 1.000000000000000000, 0.9238795325112867385, 1.000000000000000000, 0.9238795325112867385, 1.000000000000000000, 0.9238795325112867385, 1.000000000000000000, 0.9238795325112867385, 1.000000000000000000, 0.9238795325112867385, 1.000000000000000000, 0.9238795325112867385, 1.000000000000000000, 0.9238795325112867385, 1.000000000000000000, 0.9238795325112867385, 1.000000000000000000, 0.9238795325112867385, 1.000000000000000000, 0.9238795325112867385, 1.000000000000000000, 0.9238795325112867385, 1.000000000000000000, 0.9238795325112867385, 1.000000000000000000, 0.9238795325112867385, 1.000000000000000000, 0.9238795325112867385, 1.000000000000000000, 0.9238795325112867385, 1.000000000000000000, 0.9238795325112867385, 1.000000000000000000, 0.9238795325112867385, 1.000000000000000000, 0.9238795325112867385, 1.000000000000000000, 0.9238795325112867385, 1.000000000000000000, 0.9238795325112867385, 1.000000000000000000, 0.9238795325112867385, 1.000000000000000000, 0.9238795325112867385, 1.000000000000000000, 0.9238795325112867385, 1.000000000000000000, 0.9238795325112867385, 1.000000000000000000, 0.9238795325112867385, 1.000000000000000000, 0.9898821059401003986, 0.9824539426079457183 ) ) 
 REPRESENTATION_ITEM ( '' )  );
#2541 = CARTESIAN_POINT ( 'NONE',  ( -1.592789132888014381, -3.828428802920650131, 2.754347562194550569 ) ) ;
#2542 = EDGE_LOOP ( 'NONE', ( #1675, #2809 ) ) ;
#2544 = CARTESIAN_POINT ( 'NONE',  ( -0.9296949179095964633, -6.674054103730674647, 3.013223381131425072 ) ) ;
#2543 = CARTESIAN_POINT ( 'NONE',  ( 3.120730640537914713, -4.535588445701839611, -0.6383641392577769080 ) ) ;
#2545 = CARTESIAN_POINT ( 'NONE',  ( 2.368756706952909852, 1.226627174761317551, 2.673849561923385298 ) ) ;
#2546 = CARTESIAN_POINT ( 'NONE',  ( -2.097303639139960207, -5.151538015328072539, -2.392783688772378348 ) ) ;
#2547 = CARTESIAN_POINT ( 'NONE',  ( -1.591824199948572494, -5.131094092385490413, -2.754912146204938850 ) ) ;
#2548 = CARTESIAN_POINT ( 'NONE',  ( 1.746943960583590583, -4.077349999999997365, 1.746943960583591693 ) ) ;
#2549 = CARTESIAN_POINT ( 'NONE',  ( 0.3601615862873987495, -3.325187855317598196, -3.165024816661428098 ) ) ;
#2550 = CARTESIAN_POINT ( 'NONE',  ( -3.175000000000000711, -7.805593749999995445, 1.315128060534574983 ) ) ;
#2551 = PLANE ( 'NONE',  #267 ) ;
#2552 = CARTESIAN_POINT ( 'NONE',  ( -3.086060736597981524, -3.952326372031289559, 0.7906657950189229789 ) ) ;
#2553 = CARTESIAN_POINT ( 'NONE',  ( 1.937674747326677327, -3.359941919578160352, -2.523779657286878475 ) ) ;
#2554 = DIRECTION ( 'NONE',  ( 0.000000000000000000, -3.626417049084485510E-16, 1.000000000000000000 ) ) ;
#2555 = CARTESIAN_POINT ( 'NONE',  ( -0.5440745643871015558, -2.340038837027472063, -3.138570516101250263 ) ) ;
#2556 = CARTESIAN_POINT ( 'NONE',  ( 2.355012870762765331, -5.446887195164472395, -2.097050653403579989 ) ) ;
#2557 = CARTESIAN_POINT ( 'NONE',  ( -2.975162903585550023, -3.034002853646460274, -1.139221104794077233 ) ) ;
#2558 = CARTESIAN_POINT ( 'NONE',  ( -1.742193539631134547, -6.047153194581921909, -2.629110227262412725 ) ) ;
#2559 = CARTESIAN_POINT ( 'NONE',  ( -1.746943960583590805, -4.566299999999997361, -1.746943960583592581 ) ) ;
#2560 = ORIENTED_EDGE ( 'NONE', *, *, #873, .T. ) ;
#2561 = VECTOR ( 'NONE', #4161, 1000.000000000000000 ) ;
#2563 = CARTESIAN_POINT ( 'NONE',  ( 0.000000000000000000, -7.500000000000000000, -5.800958522276924697E-16 ) ) ;
#2562 = CARTESIAN_POINT ( 'NONE',  ( 2.836738958821107826, -5.630462353724301927, 1.360110494073452303 ) ) ;
#2564 = CARTESIAN_POINT ( 'NONE',  ( -0.2532349139925139658, -2.839528623375212391, -2.457539110812720917 ) ) ;
#2565 = CARTESIAN_POINT ( 'NONE',  ( -3.185586298264772687, -2.034181346273537194, 0.01268690189253838738 ) ) ;
#2566 = CARTESIAN_POINT ( 'NONE',  ( 0.8576410928358163543, -5.203556239234551128, -3.026890197808166150 ) ) ;
#2567 = CARTESIAN_POINT ( 'NONE',  ( 2.755455298085988530E-16, 7.499999999999999112, 2.250000000003630873 ) ) ;
#2568 = VERTEX_POINT ( 'NONE', #3584 ) ;
#2570 = CARTESIAN_POINT ( 'NONE',  ( 0.000000000000000000, 5.154792120110954556, 1.582935171828836474E-12 ) ) ;
#2569 = CARTESIAN_POINT ( 'NONE',  ( 1.449134332543796200, -4.412961578512256011, -2.800976458320802553 ) ) ;
#2571 = CARTESIAN_POINT ( 'NONE',  ( 3.500000000000001332, 0.6204091765858608110, 2.020725942163689837 ) ) ;
#2572 = CYLINDRICAL_SURFACE ( 'NONE', #3125, 3.174999999999999822 ) ;
#2573 = CARTESIAN_POINT ( 'NONE',  ( -2.854518049188449869, -4.897199265049265726, 1.405441606106506258 ) ) ;
#2574 = EDGE_CURVE ( 'NONE', #1950, #3788, #747, .T. ) ;
#2575 = CARTESIAN_POINT ( 'NONE',  ( -2.470551841763084511, -6.399862499999997567, -1.462747044969660897E-15 ) ) ;
#2576 = CARTESIAN_POINT ( 'NONE',  ( 2.818255480966794568, -3.512519473077921006, -1.485002411884457363 ) ) ;
#2577 = CARTESIAN_POINT ( 'NONE',  ( 1.315128060534576981, -4.627418749999995917, 3.174999999999999378 ) ) ;
#2578 = DIRECTION ( 'NONE',  ( 1.224646799147353947E-16, 0.000000000000000000, -1.000000000000000000 ) ) ;
#2579 = CARTESIAN_POINT ( 'NONE',  ( -2.925393609539135298, -4.018524620069598541, -1.261090447105799539 ) ) ;
#2580 = CARTESIAN_POINT ( 'NONE',  ( 0.2073249758295848122, -3.736661323010410651, 3.174999999999999378 ) ) ;
#2581 = DIRECTION ( 'NONE',  ( 0.000000000000000000, 0.000000000000000000, 1.000000000000000000 ) ) ;
#2582 = CARTESIAN_POINT ( 'NONE',  ( 2.437286844416810094, -2.519283392592778004, -2.001267433217599034 ) ) ;
#2583 = CARTESIAN_POINT ( 'NONE',  ( 2.178512581305031670, -5.435232546134336928, -2.279715312325339305 ) ) ;
#2584 = B_SPLINE_CURVE_WITH_KNOTS ( 'NONE', 3,
 ( #1365, #451, #106, #2102, #1662, #2620, #2541, #4589, #3382, #3850, #1283, #4283, #2134, #1691, #133, #2075, #3766, #48, #1774, #3439, #4256, #4649, #2915, #531, #18, #76, #3353, #2973, #2944, #4991, #3794, #2593, #1749, #3413 ),
 .UNSPECIFIED., .F., .F.,
 ( 4, 2, 2, 2, 2, 2, 2, 2, 2, 2, 2, 2, 2, 2, 2, 2, 4 ),
 ( 0.03587286612591811252, 0.03650042518131919184, 0.03712798423672027809, 0.03775554329212135740, 0.03838310234752243671, 0.03901066140292351603, 0.03963822045832460228, 0.04026577951372568159, 0.04089333856912676091, 0.04152089762452784022, 0.04214845667992892647, 0.04277601573533000578, 0.04340357479073108510, 0.04403113384613216441, 0.04465869290153325066, 0.04528625195693432998, 0.04591381101233540929 ),
 .UNSPECIFIED. ) ;
#2585 = CARTESIAN_POINT ( 'NONE',  ( -2.358338747479268083, -3.127575319990563152, -2.129760047090650588 ) ) ;
#2586 = CARTESIAN_POINT ( 'NONE',  ( -0.2980220438921760140, -6.177139665803538016, -3.171669163635548294 ) ) ;
#2587 = CARTESIAN_POINT ( 'NONE',  ( 2.470551841763084955, -5.849793749999999015, -1.023336079404098431 ) ) ;
#2589 = CARTESIAN_POINT ( 'NONE',  ( -2.670943644597929989, -2.050119363236939218, 1.676560920718259906 ) ) ;
#2588 = CARTESIAN_POINT ( 'NONE',  ( 3.142789728626996126, -5.533296443575120627, 0.5195485015024834397 ) ) ;
#2590 = CARTESIAN_POINT ( 'NONE',  ( 2.804861536584494441, -2.363544138303127706, 0.6363221623011058314 ) ) ;
#2591 = CARTESIAN_POINT ( 'NONE',  ( -3.144993746592837258, -2.023457280881606923, -0.5071130206070250113 ) ) ;
#2592 = CARTESIAN_POINT ( 'NONE',  ( -1.424966878211357146, -5.104997199340390424, -2.849456258238138862 ) ) ;
#2593 = CARTESIAN_POINT ( 'NONE',  ( -0.4160344210905373985, -4.215524335689068813, -3.154416029202399496 ) ) ;
#2594 = VERTEX_POINT ( 'NONE', #4017 ) ;
#2596 = CARTESIAN_POINT ( 'NONE',  ( 1.684968119561977451, -5.249422252424453816, -2.665313858592452068 ) ) ;
#2595 = CARTESIAN_POINT ( 'NONE',  ( 1.464478652267455772, -4.396550279523168570, -2.828743271988745089 ) ) ;
#2597 = CARTESIAN_POINT ( 'NONE',  ( 0.000000000000000000, -2.000000000000000000, 2.168404344971008868E-15 ) ) ;
#2598 = FACE_OUTER_BOUND ( 'NONE', #4101, .T. ) ;
#2599 = CARTESIAN_POINT ( 'NONE',  ( -3.174990255403207673, -4.978296085775275159, -0.2069603016070595825 ) ) ;
#2600 = CARTESIAN_POINT ( 'NONE',  ( -2.470551841763084511, -4.444062499999997584, -1.462747044969660897E-15 ) ) ;
#2601 = EDGE_CURVE ( 'NONE', #4642, #3384, #3217, .T. ) ;
#2602 = CARTESIAN_POINT ( 'NONE',  ( 3.112888943106380868, -3.580547970657203649, -0.5051744081879950832 ) ) ;
#2603 = CARTESIAN_POINT ( 'NONE',  ( 3.174999999999999822, -4.444062499999995808, 0.000000000000000000 ) ) ;
#2604 = DIRECTION ( 'NONE',  ( 0.000000000000000000, -2.668805347655275754E-16, 1.000000000000000000 ) ) ;
#2605 = VECTOR ( 'NONE', #3530, 1000.000000000000000 ) ;
#2606 = CARTESIAN_POINT ( 'NONE',  ( 2.097571083794091962, -3.369894804736083493, -2.392457338290120639 ) ) ;
#2607 = CARTESIAN_POINT ( 'NONE',  ( -2.488098010883186273, -2.007027178099506592, 1.962800363200335463 ) ) ;
#2608 = CARTESIAN_POINT ( 'NONE',  ( -2.863540311191578702, -2.204600879247706313, -1.302796199183771764 ) ) ;
#2609 = AXIS2_PLACEMENT_3D ( 'NONE', #508, #2949, #2165 ) ;
#2610 = CARTESIAN_POINT ( 'NONE',  ( -0.8191609924701518386, -6.253719296191832200, -3.045236705026831192 ) ) ;
#2611 = CARTESIAN_POINT ( 'NONE',  ( -0.9477535283837950075, -3.210742297466453010, -3.041413084225180086 ) ) ;
#2612 = CARTESIAN_POINT ( 'NONE',  ( 0.2224206052656124144, -6.149427934782827343, -3.146070571075412214 ) ) ;
#2613 = CARTESIAN_POINT ( 'NONE',  ( 1.937561625951792266, -5.366637819733236725, -2.523828680851460060 ) ) ;
#2615 = CARTESIAN_POINT ( 'NONE',  ( 1.043964191480658554, -2.434749776312375769, -2.975470504905790570 ) ) ;
#2614 = CARTESIAN_POINT ( 'NONE',  ( -0.6777557081981628873, -5.821375622997873478, 3.112525097077647462 ) ) ;
#2616 = FACE_OUTER_BOUND ( 'NONE', #3525, .T. ) ;
#2617 = CARTESIAN_POINT ( 'NONE',  ( -0.2881286700815357538, -6.775064685944302667, 3.153397569353272090 ) ) ;
#2618 = CARTESIAN_POINT ( 'NONE',  ( -0.9362089825975992152, -5.131480244155739889, -3.045233034075116585 ) ) ;
#2619 = DESIGN_CONTEXT ( 'detailed design', #1544, 'design' ) ;
#2620 = CARTESIAN_POINT ( 'NONE',  ( -1.407345878452554766, -3.817899649370701365, 2.853663623629778989 ) ) ;
#2622 = CARTESIAN_POINT ( 'NONE',  ( -0.9035306105720962710, -5.694769532276790613, 3.021268132844456833 ) ) ;
#2621 = CARTESIAN_POINT ( 'NONE',  ( 2.807106946132008396, -4.642585520773555352, 1.489089255433647452 ) ) ;
#2623 = EDGE_CURVE ( 'NONE', #4722, #2712, #1008, .T. ) ;
#2624 = CARTESIAN_POINT ( 'NONE',  ( -3.135209432488238246, -2.018075937219476312, -0.4978188577249223479 ) ) ;
#2625 = DATE_AND_TIME ( #482, #1828 ) ;
#2626 = CARTESIAN_POINT ( 'NONE',  ( 1.845361884715678302, -7.252018604001202462, 1.964993051497756937 ) ) ;
#2627 = CARTESIAN_POINT ( 'NONE',  ( 2.470551841763084955, -3.893993749999997700, -1.023336079404098431 ) ) ;
#2628 = CARTESIAN_POINT ( 'NONE',  ( -1.154622016422044428, -3.302123361825178627, -2.934695147447284214 ) ) ;
#2629 = CARTESIAN_POINT ( 'NONE',  ( 2.456490739903593568, -6.594524244822782322, 2.028236525099353482 ) ) ;
#2630 = CARTESIAN_POINT ( 'NONE',  ( 7.745085315923348724E-16, -4.199587499999995366, -3.175000000000000266 ) ) ;
#2631 = CARTESIAN_POINT ( 'NONE',  ( -2.661448011184305962, -2.059875737919623084, -1.644761918513185206 ) ) ;
#2632 = CARTESIAN_POINT ( 'NONE',  ( 2.097805182865234208, -3.633741616056805679, 2.392219538159725989 ) ) ;
#2633 = CARTESIAN_POINT ( 'NONE',  ( -2.778274610992176985, -2.085445021309050517, 1.407782136274575269 ) ) ;
#2634 = CARTESIAN_POINT ( 'NONE',  ( -1.278806617058157125, -2.265968092457383509, -2.917662606046332652 ) ) ;
#2635 = CARTESIAN_POINT ( 'NONE',  ( 1.577071842869492091, -5.398234687823341815, -2.730631681523681742 ) ) ;
#2636 = CARTESIAN_POINT ( 'NONE',  ( -2.339813726286593898, -2.861213847939855004, 2.150061477394864973 ) ) ;
#2637 = CARTESIAN_POINT ( 'NONE',  ( -2.779735673774065496, -5.971477529589958699, -1.490155903645938196 ) ) ;
#2638 = CARTESIAN_POINT ( 'NONE',  ( 2.390713169114911718, -5.621204055156458601, 2.099508162496674935 ) ) ;
#2640 = CARTESIAN_POINT ( 'NONE',  ( 2.115026096225687713, -2.497404973784466353, -2.338744565772391315 ) ) ;
#2639 = CARTESIAN_POINT ( 'NONE',  ( -0.9156101332378414615, -5.850549126329642746, 3.017926386947893835 ) ) ;
#2641 = CARTESIAN_POINT ( 'NONE',  ( 1.746943960583592359, -6.888812499999998451, -1.746943960583591693 ) ) ;
#2642 = CARTESIAN_POINT ( 'NONE',  ( -3.092652017511182905, -2.036434308154678519, -0.7646668769561667522 ) ) ;
#2643 = CARTESIAN_POINT ( 'NONE',  ( -0.1708082258710792167, -5.205331174325861454, -3.181072586203691266 ) ) ;
#2644 = CARTESIAN_POINT ( 'NONE',  ( -1.315128060534579202, -5.849793749999999903, 3.174999999999998934 ) ) ;
#2645 = B_SPLINE_CURVE_WITH_KNOTS ( 'NONE', 3,
 ( #2440, #433, #2412, #3637, #1207, #2816, #1587, #3311, #4132, #3228, #5319, #5291, #5003, #1150, #4573, #4919, #4105, #4946, #4050, #379, #2467, #2005, #326, #2029, #4076, #2058, #776, #1265, #3690, #1236, #1644, #4517, #5344, #1615 ),
 .UNSPECIFIED., .F., .F.,
 ( 4, 2, 2, 2, 2, 2, 2, 2, 2, 2, 2, 2, 2, 2, 2, 2, 4 ),
 ( 0.04107556585934009352, 0.04170541733378433508, 0.04233526880822857663, 0.04296512028267281819, 0.04359497175711705974, 0.04422482323156130130, 0.04485467470600554285, 0.04548452618044979134, 0.04611437765489402596, 0.04674422912933827445, 0.04737408060378251601, 0.04800393207822675756, 0.04863378355267099912, 0.04926363502711524067, 0.04989348650155948223, 0.05052333797600372378, 0.05115318945044796534 ),
 .UNSPECIFIED. ) ;
#2647 = CARTESIAN_POINT ( 'NONE',  ( -1.139302426876161123, -5.707410786159990757, 2.940313580050772480 ) ) ;
#2646 = CARTESIAN_POINT ( 'NONE',  ( -1.292696660722088664, -4.840253665606023326, 2.911375585303691782 ) ) ;
#2648 = DIRECTION ( 'NONE',  ( -0.000000000000000000, 1.000000000000000000, -0.000000000000000000 ) ) ;
#2649 = CARTESIAN_POINT ( 'NONE',  ( 2.195406010476048664, -7.097335694676954354, -1.817308413128274847 ) ) ;
#2650 = CARTESIAN_POINT ( 'NONE',  ( 2.470551841763084067, -6.094268749999997681, 1.023336079404100207 ) ) ;
#2651 = CARTESIAN_POINT ( 'NONE',  ( -2.392907212259558047, -3.982830882437780495, 2.054159496210615998 ) ) ;
#2652 = CARTESIAN_POINT ( 'NONE',  ( 1.457607428750274714, -6.656565910124025542, 2.832305764747230725 ) ) ;
#2653 = CARTESIAN_POINT ( 'NONE',  ( -3.174999999999999822, -6.888812499999995786, -1.549017063184669745E-15 ) ) ;
#2654 = CARTESIAN_POINT ( 'NONE',  ( -2.483490680565242581, -6.910453192487897134, -1.757129790610476139 ) ) ;
#2655 = CARTESIAN_POINT ( 'NONE',  ( -2.561088219105853714, -2.697232509593621153, -0.4198035555102372363 ) ) ;
#2656 = CARTESIAN_POINT ( 'NONE',  ( -2.478469755360460436, -2.030064519464912731, 1.943773860824526079 ) ) ;
#2657 = VERTEX_POINT ( 'NONE', #27 ) ;
#2658 = CARTESIAN_POINT ( 'NONE',  ( -2.326609836137016885, -2.238661810158544263, -2.175653167032388868 ) ) ;
#2659 = CARTESIAN_POINT ( 'NONE',  ( 3.140094989085567612, -5.547076151364762175, -0.2878855533092175567 ) ) ;
#2660 = CARTESIAN_POINT ( 'NONE',  ( 3.170242902032345267, -3.516531715676344483, 0.3143926600798798154 ) ) ;
#2661 = CARTESIAN_POINT ( 'NONE',  ( 1.112192137675645398, -6.571940545205633200, 2.951325921192346602 ) ) ;
#2662 = CARTESIAN_POINT ( 'NONE',  ( 1.597060274209323172, -5.671084219395822856, 2.775122310033401707 ) ) ;
#2663 = EDGE_CURVE ( 'NONE', #3959, #2568, #2407, .T. ) ;
#2665 = FACE_OUTER_BOUND ( 'NONE', #2116, .T. ) ;
#2664 = CARTESIAN_POINT ( 'NONE',  ( -2.051730178647972025, -5.898241842219481335, 2.436541353793415077 ) ) ;
#2666 = CARTESIAN_POINT ( 'NONE',  ( 2.470551841763084955, -6.033149999999997348, 0.000000000000000000 ) ) ;
#2667 = CARTESIAN_POINT ( 'NONE',  ( 2.994382000827682688, -2.423615183973579779, -0.9649365504545027727 ) ) ;
#2668 = CARTESIAN_POINT ( 'NONE',  ( 1.573569663730472135, -5.242866793372993328, -2.733517819747209199 ) ) ;
#2669 = CARTESIAN_POINT ( 'NONE',  ( 2.245064030267288846, -6.399862500000000232, -2.245064030267287958 ) ) ;
#2671 = CARTESIAN_POINT ( 'NONE',  ( 1.243925102529440663, -5.224203801655331603, -2.897526646088360636 ) ) ;
#2670 = CARTESIAN_POINT ( 'NONE',  ( -0.8001246055666170198, -4.849880643413702508, 3.075221468535187075 ) ) ;
#2672 = CARTESIAN_POINT ( 'NONE',  ( 2.097419416177002560, -2.442895047339483927, -2.392629908242518422 ) ) ;
#2673 = CARTESIAN_POINT ( 'NONE',  ( 0.000000000000000000, -7.500000000000000000, 1.500000000000005995 ) ) ;
#2674 = CARTESIAN_POINT ( 'NONE',  ( -3.091629461336568241, -3.992417352062848312, -0.7681819853766053141 ) ) ;
#2675 = CARTESIAN_POINT ( 'NONE',  ( 1.023336079404098209, -2.182668749999997715, 2.470551841763083178 ) ) ;
#2676 = ORIENTED_EDGE ( 'NONE', *, *, #5322, .F. ) ;
#2677 = CARTESIAN_POINT ( 'NONE',  ( 0.09247919935701449934, -3.845011132223469463, 3.144625154995453808 ) ) ;
#2678 = DIRECTION ( 'NONE',  ( -0.8660254037844388186, 0.000000000000000000, -0.4999999999999997780 ) ) ;
#2679 = CARTESIAN_POINT ( 'NONE',  ( -1.315128060534579202, -3.771756249999996147, 3.174999999999998934 ) ) ;
#2680 = CARTESIAN_POINT ( 'NONE',  ( 3.500000000000000444, 0.7968986112247707920, 1.701412465542770036 ) ) ;
#2681 = CARTESIAN_POINT ( 'NONE',  ( -2.016512730608867265, -2.602105185856253833, 1.757398177620081325 ) ) ;
#2682 = CARTESIAN_POINT ( 'NONE',  ( -1.592806467546126203, -3.175237732359860399, -2.754356061942440093 ) ) ;
#2683 = CARTESIAN_POINT ( 'NONE',  ( -2.519834489228904406, -2.037669224222531827, 1.879187577935739206 ) ) ;
#2684 = ORIENTED_EDGE ( 'NONE', *, *, #282, .T. ) ;
#2685 = CARTESIAN_POINT ( 'NONE',  ( 1.212518206876785021, -2.809999018641546442, 2.911209558355192684 ) ) ;
#2686 = DIRECTION ( 'NONE',  ( 0.000000000000000000, 0.000000000000000000, 1.000000000000000000 ) ) ;
#2687 = CARTESIAN_POINT ( 'NONE',  ( 2.208169558973773317, -3.340830510879836623, -2.296363784033412792 ) ) ;
#2688 = CARTESIAN_POINT ( 'NONE',  ( 1.815860349138894936, -6.584889919623991617, 2.617735314131066193 ) ) ;
#2689 = CARTESIAN_POINT ( 'NONE',  ( 1.746943960583590583, -2.121549999999997382, 1.746943960583591693 ) ) ;
#2690 = CIRCLE ( 'NONE', #2173, 2.650000000002906031 ) ;
#2692 = CARTESIAN_POINT ( 'NONE',  ( 2.723655314482422263, -3.687623046374272295, 1.589379424481899061 ) ) ;
#2691 = CARTESIAN_POINT ( 'NONE',  ( -0.2905211987754059977, -5.818977133526217038, 3.132541469084357821 ) ) ;
#2693 = CARTESIAN_POINT ( 'NONE',  ( 1.023336079404099319, -6.827693749999998118, -2.470551841763085399 ) ) ;
#2694 = CARTESIAN_POINT ( 'NONE',  ( 0.000000000000000000, 6.627396060088952545, 0.000000000000000000 ) ) ;
#2695 = CARTESIAN_POINT ( 'NONE',  ( -1.768672207821247566, -2.151475832864064408, -2.649552430700113259 ) ) ;
#2696 = AXIS2_PLACEMENT_3D ( 'NONE', #5279, #4809, #1446 ) ;
#2697 = CARTESIAN_POINT ( 'NONE',  ( 2.101471464111045684, -5.536179495300250331, 2.352122163329930515 ) ) ;
#2698 = CARTESIAN_POINT ( 'NONE',  ( -1.315128060534576537, -5.238606250000000131, -3.175000000000000266 ) ) ;
#2699 = EDGE_CURVE ( 'NONE', #5108, #648, #2839, .T. ) ;
#2701 = CARTESIAN_POINT ( 'NONE',  ( 1.894798374519852890, -5.262087311474813234, -2.520539359107229593 ) ) ;
#2700 = CARTESIAN_POINT ( 'NONE',  ( -1.520855901909599517, -4.888693284640492465, 2.798979531388442243 ) ) ;
#2702 = CARTESIAN_POINT ( 'NONE',  ( 3.012209901650173549, -2.625588019071199319, 1.024802922643767156 ) ) ;
#2703 = CARTESIAN_POINT ( 'NONE',  ( 2.525230770086709597, -6.588895496383412542, 1.935618367584177379 ) ) ;
#2704 = CARTESIAN_POINT ( 'NONE',  ( 2.763334517495982467, -4.363223240161052452, -1.568943643785122521 ) ) ;
#2705 = CARTESIAN_POINT ( 'NONE',  ( 2.470551841763085399, -5.972031249999998792, -1.023336079404098653 ) ) ;
#2706 = CARTESIAN_POINT ( 'NONE',  ( 2.169598137169536756, -3.730867314163815784, 2.288710894831479159 ) ) ;
#2707 = CARTESIAN_POINT ( 'NONE',  ( 2.099116732613575564, -6.567358914549857651, 2.391090864926237458 ) ) ;
#2708 = CARTESIAN_POINT ( 'NONE',  ( -2.245064030267287514, -3.099449999999995597, -2.245064030267289290 ) ) ;
#2709 = CARTESIAN_POINT ( 'NONE',  ( -1.143556043240574693, -6.737187109506359128, 2.965527580830409349 ) ) ;
#2710 = CARTESIAN_POINT ( 'NONE',  ( -1.746943960583590805, -3.588399999999997814, -1.746943960583592581 ) ) ;
#2711 = CARTESIAN_POINT ( 'NONE',  ( -2.445940909860524481, -2.017090918602852057, 2.001783825511100900 ) ) ;
#2712 = VERTEX_POINT ( 'NONE', #1998 ) ;
#2713 = CARTESIAN_POINT ( 'NONE',  ( 3.182938785223301981, -2.569168065357852360, -0.1252432068594279413 ) ) ;
#2714 = CARTESIAN_POINT ( 'NONE',  ( 2.022707354153527870, -6.673996764481714195, 2.419021587105348647 ) ) ;
#2715 = CARTESIAN_POINT ( 'NONE',  ( 0.08458415899991671150, -3.261098756631946038, -3.184525156053533035 ) ) ;
#2716 = CARTESIAN_POINT ( 'NONE',  ( 2.987260256698325733, -6.489497687515529023, 1.083394081599910352 ) ) ;
#2717 = CARTESIAN_POINT ( 'NONE',  ( 3.013255437176247664, -5.457914544405712221, -1.022082953783237436 ) ) ;
#2719 = CARTESIAN_POINT ( 'NONE',  ( -3.115832100397826210, -3.092614564734221805, 0.4847356930464366553 ) ) ;
#2718 = CARTESIAN_POINT ( 'NONE',  ( 0.09160478090610031654, -5.748732309941478213, 3.176287176226665565 ) ) ;
#2720 = CARTESIAN_POINT ( 'NONE',  ( -1.746943960583592581, -4.444062499999998472, 1.746943960583590361 ) ) ;
#2721 = CARTESIAN_POINT ( 'NONE',  ( -3.169374802167006955, -2.070075278954600861, 0.3378138705443579637 ) ) ;
#2722 = CARTESIAN_POINT ( 'NONE',  ( -0.3030106403946485893, -2.213031572754328380, -3.139358743415760156 ) ) ;
#2723 = CARTESIAN_POINT ( 'NONE',  ( 2.915589993567949900, -5.344624270299282109, -1.202655274474949021 ) ) ;
#2724 = CARTESIAN_POINT ( 'NONE',  ( -1.315128060534579202, -3.893993749999999032, 3.174999999999998934 ) ) ;
#2726 = CARTESIAN_POINT ( 'NONE',  ( -1.462287799426307267, -4.107694058056442721, -2.793804789039139980 ) ) ;
#2725 = CARTESIAN_POINT ( 'NONE',  ( 1.444125939424261373, -4.752839310570375453, 2.803836186792325158 ) ) ;
#2727 = CARTESIAN_POINT ( 'NONE',  ( 1.937518872560489713, -2.432935402380500101, -2.523851032088432422 ) ) ;
#2728 = CARTESIAN_POINT ( 'NONE',  ( 0.4173766641814025125, -6.711111617566239751, 3.154291522800809933 ) ) ;
#2729 = CARTESIAN_POINT ( 'NONE',  ( 3.129469947297411903, -4.451144336382546030, -0.5962802405204904455 ) ) ;
#2730 = CARTESIAN_POINT ( 'NONE',  ( -1.023336079404100651, -6.338743749999997235, 2.470551841763083178 ) ) ;
#2731 = CARTESIAN_POINT ( 'NONE',  ( -0.03453331029120801365, -3.850903062913610064, 3.145760604922283488 ) ) ;
#2732 = CARTESIAN_POINT ( 'NONE',  ( 0.000000000000000000, -2.000000000000000000, 1.540743955509788463E-31 ) ) ;
#2733 = CARTESIAN_POINT ( 'NONE',  ( 3.226724027217199975, 0.7948195375139378571, -2.178501898612898557 ) ) ;
#2734 = EDGE_CURVE ( 'NONE', #3149, #1197, #5296, .T. ) ;
#2735 = CARTESIAN_POINT ( 'NONE',  ( -1.991789667473209918E-14, -6.679999587359798596, 3.174999999999999378 ) ) ;
#2736 = CARTESIAN_POINT ( 'NONE',  ( 2.470551841763084511, -3.955112499999997144, 0.000000000000000000 ) ) ;
#2737 = CARTESIAN_POINT ( 'NONE',  ( -1.033928862999106603E-15, -5.177487499999998022, 2.470551841763084067 ) ) ;
#2738 = ORIENTED_EDGE ( 'NONE', *, *, #570, .T. ) ;
#2739 = CARTESIAN_POINT ( 'NONE',  ( 2.432135475653410150, -2.735032057207628320, 2.007817120229809404 ) ) ;
#2740 = CARTESIAN_POINT ( 'NONE',  ( 2.903754185650158082, -6.476184843846261252, -1.229437588615796439 ) ) ;
#2741 = CARTESIAN_POINT ( 'NONE',  ( 1.689648676220018020, -3.345194206367641421, -2.691236742669004034 ) ) ;
#2742 = CARTESIAN_POINT ( 'NONE',  ( 2.708731846870571225, -6.486758261923842639, 1.676657464519491159 ) ) ;
#2743 =( BOUNDED_SURFACE ( )  B_SPLINE_SURFACE ( 1, 2, ( 
 ( #4570, #746, #1146, #3308, #2814, #4461, #3279, #5341, #4973, #4073, #5287, #4155, #721, #2384, #3634, #1559, #4488, #3661, #1174, #5316, #1584, #3250, #4100, #2026, #2575, #1758, #486, #4701, #2142, #4627, #2924, #3802, #5028, #1322, #3392, #3879, #5058, #3855, #4264, #1728, #4239, #914, #2952, #961, #1293, #4184, #115, #458, #5107, #1371, #85, #1806, #3005, #2980, #2111, #159, #2600, #3421, #3028, #4655, #557, #887, #2548, #512, #4211, #2627, #4679, #536, #1262, #2168, #3831, #57, #5085, #1348, #856, #939, #2193, #138, #1780, #3444, #4289, #2214, #3467, #4598, #2518, #3774, #1698, #3361, #4780, #692, #5236, #2269, #4835, #2675, #4371, #4752, #212, #3082, #1476, #4401, #3524, #1504, #1834, #4727, #2295, #3902, #4341 ),
 ( #986, #2348, #2238, #266, #3958, #3140, #240, #4811, #5182, #3551, #1890, #4426, #3580, #5208, #667, #1862, #611, #3169, #184, #1395, #1069, #3930, #3111, #1042, #581, #639, #4012, #2730, #1014, #2756, #3496, #2650, #293, #2705, #2322, #1094, #1448, #3986, #1942, #1917, #4312, #5130, #3054, #5155, #1420, #369, #1603, #1968, #4561, #2807, #318, #4148, #2482, #3626, #4535, #3270, #394, #423, #2429, #2887, #5281, #5335, #4040, #3194, #820, #4067, #716, #4911, #3707, #1140, #3604, #3655, #3218, #1632, #5259, #2379, #1552, #3298, #4964, #2046, #793, #1223, #3244, #4887, #4479, #1526, #4859, #740, #2402, #340, #1992, #5361, #4935, #1194, #1116, #2783, #5310, #2456, #3681, #2860, #4453, #4121, #1578, #1167, #2833, #4506, #766 ) ),
 .UNSPECIFIED., .F., .F., .F. ) 
 B_SPLINE_SURFACE_WITH_KNOTS ( ( 2, 2 ),
 ( 3, 2, 2, 2, 2, 2, 2, 2, 2, 2, 2, 2, 2, 2, 2, 2, 2, 2, 2, 2, 2, 2, 2, 2, 2, 2, 2, 2, 2, 2, 2, 2, 2, 2, 2, 2, 2, 2, 2, 2, 2, 2, 2, 2, 2, 2, 2, 2, 2, 2, 2, 2, 2, 3 ),
 ( 0.000000000000000000, 1.000000000000000000 ),
 ( 0.000000000000000000, 0.01785714285714285615, 0.03571428571428571230, 0.05357142857142856845, 0.07142857142857142461, 0.08928571428571428770, 0.1071428571428571369, 0.1250000000000000000, 0.1428571428571428492, 0.1607142857142857262, 0.1785714285714285754, 0.1964285714285714246, 0.2142857142857142738, 0.2321428571428571508, 0.2500000000000000000, 0.2678571428571428492, 0.2857142857142856984, 0.3035714285714285476, 0.3214285714285714524, 0.3392857142857143016, 0.3571428571428571508, 0.3750000000000000000, 0.3928571428571428492, 0.4107142857142856984, 0.4285714285714285476, 0.4464285714285714524, 0.4642857142857143016, 0.4821428571428571508, 0.5000000000000000000, 0.5178571428571429047, 0.5357142857142856984, 0.5535714285714286031, 0.5714285714285713969, 0.5892857142857143016, 0.6071428571428570953, 0.6250000000000000000, 0.6428571428571429047, 0.6607142857142856984, 0.6785714285714286031, 0.6964285714285713969, 0.7142857142857143016, 0.7321428571428570953, 0.7500000000000000000, 0.7678571428571429047, 0.7857142857142856984, 0.8035714285714286031, 0.8214285714285713969, 0.8392857142857143016, 0.8571428571428570953, 0.8750000000000000000, 0.8928571428571429047, 0.9107142857142856984, 0.9285714285714286031, 0.9463255540745170169 ),
 .UNSPECIFIED. ) 
 GEOMETRIC_REPRESENTATION_ITEM ( )  RATIONAL_B_SPLINE_SURFACE ( (
 ( 1.000000000000000000, 0.9238795325112867385, 1.000000000000000000, 0.9238795325112867385, 1.000000000000000000, 0.9238795325112867385, 1.000000000000000000, 0.9238795325112867385, 1.000000000000000000, 0.9238795325112867385, 1.000000000000000000, 0.9238795325112867385, 1.000000000000000000, 0.9238795325112867385, 1.000000000000000000, 0.9238795325112867385, 1.000000000000000000, 0.9238795325112867385, 1.000000000000000000, 0.9238795325112867385, 1.000000000000000000, 0.9238795325112867385, 1.000000000000000000, 0.9238795325112867385, 1.000000000000000000, 0.9238795325112867385, 1.000000000000000000, 0.9238795325112867385, 1.000000000000000000, 0.9238795325112867385, 1.000000000000000000, 0.9238795325112867385, 1.000000000000000000, 0.9238795325112867385, 1.000000000000000000, 0.9238795325112867385, 1.000000000000000000, 0.9238795325112867385, 1.000000000000000000, 0.9238795325112867385, 1.000000000000000000, 0.9238795325112867385, 1.000000000000000000, 0.9238795325112867385, 1.000000000000000000, 0.9238795325112867385, 1.000000000000000000, 0.9238795325112867385, 1.000000000000000000, 0.9238795325112867385, 1.000000000000000000, 0.9238795325112867385, 1.000000000000000000, 0.9238795325112867385, 1.000000000000000000, 0.9238795325112867385, 1.000000000000000000, 0.9238795325112867385, 1.000000000000000000, 0.9238795325112867385, 1.000000000000000000, 0.9238795325112867385, 1.000000000000000000, 0.9238795325112867385, 1.000000000000000000, 0.9238795325112867385, 1.000000000000000000, 0.9238795325112867385, 1.000000000000000000, 0.9238795325112867385, 1.000000000000000000, 0.9238795325112867385, 1.000000000000000000, 0.9238795325112867385, 1.000000000000000000, 0.9238795325112867385, 1.000000000000000000, 0.9238795325112867385, 1.000000000000000000, 0.9238795325112867385, 1.000000000000000000, 0.9238795325112867385, 1.000000000000000000, 0.9238795325112867385, 1.000000000000000000, 0.9238795325112867385, 1.000000000000000000, 0.9238795325112867385, 1.000000000000000000, 0.9238795325112867385, 1.000000000000000000, 0.9238795325112867385, 1.000000000000000000, 0.9238795325112867385, 1.000000000000000000, 0.9238795325112867385, 1.000000000000000000, 0.9238795325112867385, 1.000000000000000000, 0.9238795325112867385, 1.000000000000000000, 0.9238795325112867385, 1.000000000000000000, 0.9238795325112867385, 1.000000000000000000, 0.9243186693436906687, 0.9991267930712208756),
 ( 1.000000000000000000, 0.9238795325112867385, 1.000000000000000000, 0.9238795325112867385, 1.000000000000000000, 0.9238795325112867385, 1.000000000000000000, 0.9238795325112867385, 1.000000000000000000, 0.9238795325112867385, 1.000000000000000000, 0.9238795325112867385, 1.000000000000000000, 0.9238795325112867385, 1.000000000000000000, 0.9238795325112867385, 1.000000000000000000, 0.9238795325112867385, 1.000000000000000000, 0.9238795325112867385, 1.000000000000000000, 0.9238795325112867385, 1.000000000000000000, 0.9238795325112867385, 1.000000000000000000, 0.9238795325112867385, 1.000000000000000000, 0.9238795325112867385, 1.000000000000000000, 0.9238795325112867385, 1.000000000000000000, 0.9238795325112867385, 1.000000000000000000, 0.9238795325112867385, 1.000000000000000000, 0.9238795325112867385, 1.000000000000000000, 0.9238795325112867385, 1.000000000000000000, 0.9238795325112867385, 1.000000000000000000, 0.9238795325112867385, 1.000000000000000000, 0.9238795325112867385, 1.000000000000000000, 0.9238795325112867385, 1.000000000000000000, 0.9238795325112867385, 1.000000000000000000, 0.9238795325112867385, 1.000000000000000000, 0.9238795325112867385, 1.000000000000000000, 0.9238795325112867385, 1.000000000000000000, 0.9238795325112867385, 1.000000000000000000, 0.9238795325112867385, 1.000000000000000000, 0.9238795325112867385, 1.000000000000000000, 0.9238795325112867385, 1.000000000000000000, 0.9238795325112867385, 1.000000000000000000, 0.9238795325112867385, 1.000000000000000000, 0.9238795325112867385, 1.000000000000000000, 0.9238795325112867385, 1.000000000000000000, 0.9238795325112867385, 1.000000000000000000, 0.9238795325112867385, 1.000000000000000000, 0.9238795325112867385, 1.000000000000000000, 0.9238795325112867385, 1.000000000000000000, 0.9238795325112867385, 1.000000000000000000, 0.9238795325112867385, 1.000000000000000000, 0.9238795325112867385, 1.000000000000000000, 0.9238795325112867385, 1.000000000000000000, 0.9238795325112867385, 1.000000000000000000, 0.9238795325112867385, 1.000000000000000000, 0.9238795325112867385, 1.000000000000000000, 0.9238795325112867385, 1.000000000000000000, 0.9238795325112867385, 1.000000000000000000, 0.9238795325112867385, 1.000000000000000000, 0.9238795325112867385, 1.000000000000000000, 0.9238795325112867385, 1.000000000000000000, 0.9238795325112867385, 1.000000000000000000, 0.9243186693436906687, 0.9991267930712208756) ) ) 
 REPRESENTATION_ITEM ( '' )  SURFACE ( )  );
#2744 = CARTESIAN_POINT ( 'NONE',  ( -2.853247568865605821, -6.018216964710350503, -1.408084160737666402 ) ) ;
#2746 = CARTESIAN_POINT ( 'NONE',  ( -2.193710540989865621, -3.240693941971829695, -2.265101923818163332 ) ) ;
#2745 = CARTESIAN_POINT ( 'NONE',  ( 2.104018235060217457, -6.354816866019459276, -2.391838431206311011 ) ) ;
#2747 = CARTESIAN_POINT ( 'NONE',  ( 0.000000000000000000, -7.500000000000000000, -5.800958522276924697E-16 ) ) ;
#2748 = CARTESIAN_POINT ( 'NONE',  ( 0.2122994375882522045, -2.289381821057664634, -3.178586670116584134 ) ) ;
#2749 = CARTESIAN_POINT ( 'NONE',  ( 1.482619739630632427, -5.590693797478027527, 2.819634622271217417 ) ) ;
#2750 = CARTESIAN_POINT ( 'NONE',  ( -2.245064030267289290, -3.955112499999999809, 2.245064030267287070 ) ) ;
#2752 = CARTESIAN_POINT ( 'NONE',  ( -1.001437832054924870, -4.133143604446973818, -2.990109112553615223 ) ) ;
#2751 = CARTESIAN_POINT ( 'NONE',  ( -2.902917794641096449, -4.989070464060102239, 1.311328776895508863 ) ) ;
#2753 = CARTESIAN_POINT ( 'NONE',  ( 3.154485507613344453, -2.594547492108689735, 0.4157259231402845590 ) ) ;
#2754 = CARTESIAN_POINT ( 'NONE',  ( 1.896089336742519323E-15, -6.241962912640198091, -3.175000000000000266 ) ) ;
#2755 = CARTESIAN_POINT ( 'NONE',  ( 1.564147774229177612, -4.264600232861158524, -2.729626893293527701 ) ) ;
#2756 = CARTESIAN_POINT ( 'NONE',  ( 1.023336079404098431, -6.216506249999997458, 2.470551841763084067 ) ) ;
#2757 = ORIENTED_EDGE ( 'NONE', *, *, #367, .F. ) ;
#2758 = VERTEX_POINT ( 'NONE', #1232 ) ;
#2759 = CARTESIAN_POINT ( 'NONE',  ( 2.786893592056383095, -3.681090858477107375, 1.476412921289962599 ) ) ;
#2760 = CARTESIAN_POINT ( 'NONE',  ( 3.154463203158905937, -6.415794311052302135, -0.4161621599795683468 ) ) ;
#2761 = CARTESIAN_POINT ( 'NONE',  ( -3.499999999999999556, 7.500000000000000000, 2.020725942163691169 ) ) ;
#2762 = CARTESIAN_POINT ( 'NONE',  ( -0.2942155598252988447, -6.693677280218324199, 3.174999999999998046 ) ) ;
#2763 = CARTESIAN_POINT ( 'NONE',  ( -1.589430581475600013, -2.850333487660413390, 2.756386867795961315 ) ) ;
#2764 = CARTESIAN_POINT ( 'NONE',  ( 0.000000000000000000, 5.754792120177907755, 1.500000000000005329 ) ) ;
#2765 = EDGE_CURVE ( 'NONE', #248, #2758, #1193, .T. ) ;
#2766 = CARTESIAN_POINT ( 'NONE',  ( 3.120914122190597606, -2.579821256985134426, -0.6377341171797689112 ) ) ;
#2767 = DIRECTION ( 'NONE',  ( 0.000000000000000000, 1.000000000000000000, -7.703719777548943412E-32 ) ) ;
#2768 = CARTESIAN_POINT ( 'NONE',  ( 2.989681336916615972, -3.519771614934887882, 1.076782212691871132 ) ) ;
#2769 = CARTESIAN_POINT ( 'NONE',  ( 3.041589827601347995, -6.342271627666080214, -0.8341659950587070327 ) ) ;
#2770 = CARTESIAN_POINT ( 'NONE',  ( -0.4134121695600793678, -6.171454578472229002, -3.154852511928363246 ) ) ;
#2772 = CARTESIAN_POINT ( 'NONE',  ( -0.9367031689969759212, -2.917971971606383441, 3.011101468855022389 ) ) ;
#2771 = CARTESIAN_POINT ( 'NONE',  ( 0.3596415283765216353, -6.259015246084430828, -3.157164929638165862 ) ) ;
#2773 = CARTESIAN_POINT ( 'NONE',  ( 2.474257429201808023, -2.381521026924645401, -2.006557502332668719 ) ) ;
#2774 = CARTESIAN_POINT ( 'NONE',  ( 1.902614631774300902, -5.548463384071160576, 2.515452669064579538 ) ) ;
#2775 = AXIS2_PLACEMENT_3D ( 'NONE', #2793, #4464, #2387 ) ;
#2776 = CARTESIAN_POINT ( 'NONE',  ( -1.315128060534576537, -2.304906249999999712, -3.175000000000000266 ) ) ;
#2778 = CARTESIAN_POINT ( 'NONE',  ( 0.3682132220161440372, -4.654572852255291160, 3.131753151830599879 ) ) ;
#2777 = CARTESIAN_POINT ( 'NONE',  ( 1.983504037068847259, -5.422732761091870302, -2.451838642246575439 ) ) ;
#2779 = CARTESIAN_POINT ( 'NONE',  ( 3.073637960502387578, -2.615000446687505420, 0.8224089911182814738 ) ) ;
#2780 = CIRCLE ( 'NONE', #3913, 0.7500000000000001110 ) ;
#2781 = CARTESIAN_POINT ( 'NONE',  ( 2.854220723239472068, -6.557955440722540885, 1.406226639990892480 ) ) ;
#2782 = CARTESIAN_POINT ( 'NONE',  ( 2.694766928279324514, -4.392225205587520165, -1.684032287517805981 ) ) ;
#2783 = CARTESIAN_POINT ( 'NONE',  ( 2.470551841763084067, -2.182668749999997715, 1.023336079404100207 ) ) ;
#2784 = APPROVAL_PERSON_ORGANIZATION ( #400, #2848, #2051 ) ;
#2785 = EDGE_LOOP ( 'NONE', ( #4394, #2834, #2485, #2464 ) ) ;
#2786 = CARTESIAN_POINT ( 'NONE',  ( -3.176839481602281801, -4.044899771429784963, -0.06989658024784128898 ) ) ;
#2787 = CARTESIAN_POINT ( 'NONE',  ( 3.174942431776682117, -6.445188893655488194, 0.2078613536645136650 ) ) ;
#2788 = DIRECTION ( 'NONE',  ( -0.000000000000000000, 1.000000000000000000, -0.000000000000000000 ) ) ;
#2789 = CARTESIAN_POINT ( 'NONE',  ( 1.588039041958947850, -4.642364645930277867, 2.757229777639047086 ) ) ;
#2790 = CARTESIAN_POINT ( 'NONE',  ( 0.000000000000000000, 7.237910539948424926, 2.679436793737287502E-15 ) ) ;
#2791 = CARTESIAN_POINT ( 'NONE',  ( 3.026366559995186112, -2.670871938009849789, 0.8871051045410116576 ) ) ;
#2792 = EDGE_CURVE ( 'NONE', #2758, #4513, #2873, .T. ) ;
#2793 = CARTESIAN_POINT ( 'NONE',  ( 0.000000000000000000, 5.754792120177907755, 2.249261371901603189E-15 ) ) ;
#2794 = CARTESIAN_POINT ( 'NONE',  ( 0.4999350735681143409, -3.722516448893472774, 3.146119838332115837 ) ) ;
#2795 = CARTESIAN_POINT ( 'NONE',  ( -0.4224217938814243123, -6.664303891421359261, 3.157590406363917523 ) ) ;
#2796 = CARTESIAN_POINT ( 'NONE',  ( 3.013682237017372145, -5.508181280950227965, 1.020825141905659983 ) ) ;
#2798 = CARTESIAN_POINT ( 'NONE',  ( -3.141932214189805617, -3.128466950196215013, -0.2670326341545931070 ) ) ;
#2797 = CARTESIAN_POINT ( 'NONE',  ( 1.465608094468725753, -6.316740829527511814, -2.828212217522690253 ) ) ;
#2799 = CARTESIAN_POINT ( 'NONE',  ( 2.843556009702343790, -2.561380876405891183, 1.436047425046028225 ) ) ;
#2800 = CARTESIAN_POINT ( 'NONE',  ( 1.244529718775347682, -5.639602618066653861, 2.932427555668783992 ) ) ;
#2801 = CARTESIAN_POINT ( 'NONE',  ( -3.174999999999999378, -1.204768749999998834, -1.315128060534578092 ) ) ;
#2803 = CARTESIAN_POINT ( 'NONE',  ( 1.439301170160776966, -4.257261969239744204, -2.805623257113679436 ) ) ;
#2802 = CARTESIAN_POINT ( 'NONE',  ( -2.942794668276319747, -5.079761786051794736, -1.198829254293212854 ) ) ;
#2804 = DIRECTION ( 'NONE',  ( 0.000000000000000000, 1.000000000000000000, -7.703719777548943412E-32 ) ) ;
#2805 = CARTESIAN_POINT ( 'NONE',  ( 1.935822138827484329, -2.665929839261363732, 2.525090913675849258 ) ) ;
#2806 = CARTESIAN_POINT ( 'NONE',  ( 3.148252111269659537, -4.436433918201353244, 0.1900155775012439541 ) ) ;
#2807 = CARTESIAN_POINT ( 'NONE',  ( 2.470551841763085399, -4.994131249999998801, -1.023336079404098653 ) ) ;
#2808 = ORIENTED_EDGE ( 'NONE', *, *, #5193, .T. ) ;
#2809 = ORIENTED_EDGE ( 'NONE', *, *, #3405, .F. ) ;
#2810 = CARTESIAN_POINT ( 'NONE',  ( -3.177039248167758512, -4.038906229426632244, 0.06067868877422227109 ) ) ;
#2811 = PERSON_AND_ORGANIZATION_ROLE ( 'classification_officer' ) ;
#2812 = CARTESIAN_POINT ( 'NONE',  ( -3.175000000000000711, -1.938575269457504691, 1.306918682165251200 ) ) ;
#2813 = CARTESIAN_POINT ( 'NONE',  ( -1.591935529693588869, -2.197434007934559119, -2.757249105979460158 ) ) ;
#2814 = CARTESIAN_POINT ( 'NONE',  ( 7.313735224848304483E-16, -7.622237499999998001, -2.470551841763084955 ) ) ;
#2815 = CARTESIAN_POINT ( 'NONE',  ( -3.124079724995593388, -3.091755122471058215, -0.5808472183288801993 ) ) ;
#2816 = CARTESIAN_POINT ( 'NONE',  ( 1.409047999294593234, -4.703419340262734671, 2.852915134814163700 ) ) ;
#2817 = CARTESIAN_POINT ( 'NONE',  ( 2.489048751374380863, -3.607433741295178908, 1.988215773918708074 ) ) ;
#2818 = CARTESIAN_POINT ( 'NONE',  ( 0.8247924942666428061, -3.756909916700258645, 3.073032229393944270 ) ) ;
#2819 = CARTESIAN_POINT ( 'NONE',  ( -1.937608604585726813, -5.804688333848742054, 2.523806245931032421 ) ) ;
#2820 = CARTESIAN_POINT ( 'NONE',  ( -2.848386873895066174, -2.013323848806429339, 1.425901136280609771 ) ) ;
#2822 = CARTESIAN_POINT ( 'NONE',  ( -0.5057750126198234941, -4.851570049810978169, 3.112579232050972866 ) ) ;
#2821 = CARTESIAN_POINT ( 'NONE',  ( 0.7393831500751730790, -6.277792262386832967, -3.098316840619367074 ) ) ;
#2823 = CARTESIAN_POINT ( 'NONE',  ( -0.4100764642628919043, -2.787767649171535744, 3.159174459473772512 ) ) ;
#2824 = CARTESIAN_POINT ( 'NONE',  ( -0.2872171918775698884, -5.663512090876391625, 3.141014549758232022 ) ) ;
#2825 = CARTESIAN_POINT ( 'NONE',  ( 1.023336079404099319, -6.705456249999998342, -2.470551841763084955 ) ) ;
#2826 = VERTEX_POINT ( 'NONE', #1031 ) ;
#2827 = EDGE_CURVE ( 'NONE', #4564, #899, #295, .T. ) ;
#2829 = CARTESIAN_POINT ( 'NONE',  ( 2.641580318509904490, -4.518207724124634339, 1.722226174022551959 ) ) ;
#2828 = CARTESIAN_POINT ( 'NONE',  ( -0.1545677643236406107, -5.309052230798260830, -3.150042309712359767 ) ) ;
#2830 = DIRECTION ( 'NONE',  ( 0.000000000000000000, 0.000000000000000000, 1.000000000000000000 ) ) ;
#2831 = CARTESIAN_POINT ( 'NONE',  ( 3.073052041765795384, -2.564243109181672864, 0.8251346491000774996 ) ) ;
#2832 = CARTESIAN_POINT ( 'NONE',  ( 0.8739197687580729790, -4.645775744466498658, 3.063450956070135955 ) ) ;
#2833 = CARTESIAN_POINT ( 'NONE',  ( -2.470551841763084955, -1.632599999999997831, -1.462747044969661094E-15 ) ) ;
#2834 = ORIENTED_EDGE ( 'NONE', *, *, #3967, .T. ) ;
#2835 = CARTESIAN_POINT ( 'NONE',  ( -3.107464920583611345, -4.043486724321557091, 0.7006867826034203217 ) ) ;
#2836 = B_SPLINE_CURVE_WITH_KNOTS ( 'NONE', 3,
 ( #1705, #3809, #2497, #519, #1269, #3314, #3401, #3694, #2470, #1649, #1328, #2986, #492, #893, #5348, #4604, #4979, #3722, #3285, #5, #436, #4949, #2148, #2118, #1211, #2875, #862, #4635, #2090, #464, #3781, #2959, #808, #3367 ),
 .UNSPECIFIED., .F., .F.,
 ( 4, 2, 2, 2, 2, 2, 2, 2, 2, 2, 2, 2, 2, 2, 2, 2, 4 ),
 ( 0.05115318945044796534, 0.05178340866473182813, 0.05241362787901569786, 0.05304384709329956066, 0.05367406630758342345, 0.05430428552186728625, 0.05493450473615114904, 0.05556472395043501877, 0.05619494316471888157, 0.05682516237900274436, 0.05745538159328661409, 0.05808560080757047689, 0.05871582002185433968, 0.05934603923613820942, 0.05997625845042207221, 0.06060647766470593500, 0.06123669687898979780 ),
 .UNSPECIFIED. ) ;
#2837 = MECHANICAL_CONTEXT ( 'NONE', #1273, 'mechanical' ) ;
#2838 = CARTESIAN_POINT ( 'NONE',  ( -3.174897738159720095, -5.009847266096673302, 0.2094850015567117363 ) ) ;
#2839 = LINE ( 'NONE', #800, #2340 ) ;
#2840 = VERTEX_POINT ( 'NONE', #2923 ) ;
#2841 = CARTESIAN_POINT ( 'NONE',  ( -2.816928533199268170, -3.188805722956314703, -1.417803147155273891 ) ) ;
#2842 = CARTESIAN_POINT ( 'NONE',  ( -2.470551841763084955, -1.632599999999997831, -1.462747044969661094E-15 ) ) ;
#2843 = CARTESIAN_POINT ( 'NONE',  ( -2.572376355711380569, -2.065331164471565728, -1.772813026258871938 ) ) ;
#2844 = CARTESIAN_POINT ( 'NONE',  ( -0.4107290584471102735, -3.765854656289147062, 3.151022108998551730 ) ) ;
#2845 = CARTESIAN_POINT ( 'NONE',  ( -3.013812957696340167, -6.827909721316474112, 0.8932157610065257769 ) ) ;
#2846 = CARTESIAN_POINT ( 'NONE',  ( -3.175122460427965088, -5.927188452738567648, 0.4169570135120184706 ) ) ;
#2847 = CARTESIAN_POINT ( 'NONE',  ( -3.100637916332454225, -2.165894497076218617, -0.5764410373920092479 ) ) ;
#2848 = APPROVAL ( #2405, 'UNSPECIFIED' ) ;
#2850 = CARTESIAN_POINT ( 'NONE',  ( 3.047665092366506734, -4.542911474550239248, -0.8091489033132277520 ) ) ;
#2849 = CARTESIAN_POINT ( 'NONE',  ( 2.756996318824068481, -6.404238098803603840, -1.595402033828058563 ) ) ;
#2851 = CARTESIAN_POINT ( 'NONE',  ( 3.099506772400587362, -2.522269530635991241, 0.7004836480951102118 ) ) ;
#2852 = CARTESIAN_POINT ( 'NONE',  ( -0.8046440837430044457, -5.741283191864243740, 3.082541688893829068 ) ) ;
#2853 = CARTESIAN_POINT ( 'NONE',  ( -3.174999999999999378, -3.160568749999999483, -1.315128060534578092 ) ) ;
#2855 = CARTESIAN_POINT ( 'NONE',  ( 2.799914377724242787, -2.546584937400145687, 1.450740188841297407 ) ) ;
#2854 = CARTESIAN_POINT ( 'NONE',  ( -2.943483577289875086, -5.115342236554426769, -1.197137804965287211 ) ) ;
#2856 = CARTESIAN_POINT ( 'NONE',  ( 1.023336079404098431, -5.238606249999998354, 2.470551841763084067 ) ) ;
#2857 = CARTESIAN_POINT ( 'NONE',  ( 0.000000000000000000, -2.000000000000000000, 2.168404344971008868E-15 ) ) ;
#2858 = AXIS2_PLACEMENT_3D ( 'NONE', #4550, #2931, #2581 ) ;
#2859 = CARTESIAN_POINT ( 'NONE',  ( -2.596240647425842152, -4.871737477803672611, 1.846272380297605986 ) ) ;
#2860 = CARTESIAN_POINT ( 'NONE',  ( 1.023336079404099319, -1.938193749999997273, -2.470551841763085399 ) ) ;
#2861 = CARTESIAN_POINT ( 'NONE',  ( -1.023336079404097543, -5.605318749999997685, -2.470551841763085399 ) ) ;
#2862 = AXIS2_PLACEMENT_3D ( 'NONE', #3334, #3829, #913 ) ;
#2863 = VERTEX_POINT ( 'NONE', #2256 ) ;
#2865 = CARTESIAN_POINT ( 'NONE',  ( -1.404903093765314859, -6.066758466913214853, -2.823159769251263995 ) ) ;
#2864 = CARTESIAN_POINT ( 'NONE',  ( -2.144054136308614744, -4.170748410475981771, -2.355774200234413751 ) ) ;
#2866 = CARTESIAN_POINT ( 'NONE',  ( -2.045522002469681411, -7.471023158236208772, -1.385447992618776381 ) ) ;
#2867 = CARTESIAN_POINT ( 'NONE',  ( -2.393227610380739723, -4.856184241523719081, 2.096768058680188229 ) ) ;
#2868 = PLANE ( 'NONE',  #3066 ) ;
#2869 = CARTESIAN_POINT ( 'NONE',  ( -2.413750042211160629, -3.175036400947539139, -2.078557795633202421 ) ) ;
#2870 = CARTESIAN_POINT ( 'NONE',  ( 7.745085315923348724E-16, -8.111187499999996220, -3.175000000000000266 ) ) ;
#2871 = CARTESIAN_POINT ( 'NONE',  ( -2.609384963075205133E-14, -5.702099587359797717, 3.174999999999999378 ) ) ;
#2872 = CARTESIAN_POINT ( 'NONE',  ( 0.1116941935773242411, -3.741123673681736594, 3.175688025586536956 ) ) ;
#2873 = B_SPLINE_CURVE_WITH_KNOTS ( 'NONE', 3,
 ( #1121, #4459, #2383, #3633, #3278, #1557, #3224, #1145, #4128, #2867, #3102, #886, #2573, #2951, #3800, #1292, #5084, #2599, #1727, #5173, #56, #5056, #4626, #4361, #4263, #3420, #2517, #2547, #4597, #629, #457, #3921, #4210, #3390 ),
 .UNSPECIFIED., .F., .F.,
 ( 4, 2, 2, 2, 2, 2, 2, 2, 2, 2, 2, 2, 2, 2, 2, 2, 4 ),
 ( 0.05594985441578077812, 0.05657735136013979788, 0.05720484830449882457, 0.05783234524885784433, 0.05845984219321687103, 0.05908733913757589079, 0.05971483608193491055, 0.06034233302629393725, 0.06096982997065295701, 0.06159732691501197677, 0.06222482385937100346, 0.06285232080373003016, 0.06347981774808904298, 0.06410731469244806968, 0.06473481163680709638, 0.06536230858116610920, 0.06598980552552513590 ),
 .UNSPECIFIED. ) ;
#2874 = CARTESIAN_POINT ( 'NONE',  ( 1.022684108760703481, -3.746555901296336533, 3.012958961909486089 ) ) ;
#2875 = CARTESIAN_POINT ( 'NONE',  ( -2.097624185551504539, -3.909758973200841314, 2.392401110530004260 ) ) ;
#2876 = CARTESIAN_POINT ( 'NONE',  ( -3.073212110607299596, -3.023515534221134171, 0.8242082418944873812 ) ) ;
#2878 = CARTESIAN_POINT ( 'NONE',  ( 1.966553023910555531, -4.443778705130632112, -2.465128828444556941 ) ) ;
#2877 = CARTESIAN_POINT ( 'NONE',  ( -0.03554441155903184657, -6.784894019000563326, 3.153559702096798922 ) ) ;
#2879 = CARTESIAN_POINT ( 'NONE',  ( -1.407652201551816251, -2.839935213076553389, 2.857758630240160969 ) ) ;
#2880 = CARTESIAN_POINT ( 'NONE',  ( -3.079545039518674532, -5.863019717554747601, 0.6432930879098328614 ) ) ;
#2881 = CARTESIAN_POINT ( 'NONE',  ( -1.746943960583590805, -2.610499999999997378, -1.746943960583592581 ) ) ;
#2883 = CARTESIAN_POINT ( 'NONE',  ( -1.908676193516102293, -3.103323411313911429, -2.510028644272527032 ) ) ;
#2882 = CARTESIAN_POINT ( 'NONE',  ( -3.030271735115836140, -5.066811421975518925, -0.9563917878896781577 ) ) ;
#2884 = CARTESIAN_POINT ( 'NONE',  ( 2.470551841763084067, -7.072168749999997672, 1.023336079404100207 ) ) ;
#2885 = CARTESIAN_POINT ( 'NONE',  ( -0.3162203149347807551, -6.798182588612613486, 3.127446332775403626 ) ) ;
#2886 = CARTESIAN_POINT ( 'NONE',  ( -1.751652132167446752, -4.780024839559461114, 2.651261628461150544 ) ) ;
#2887 = CARTESIAN_POINT ( 'NONE',  ( -1.023336079404100651, -4.382943749999998140, 2.470551841763083178 ) ) ;
#2888 = CARTESIAN_POINT ( 'NONE',  ( 7.313735224848304483E-16, -6.644337499999997121, -2.470551841763084955 ) ) ;
#2889 = EDGE_LOOP ( 'NONE', ( #4333, #3415, #4894, #4288 ) ) ;
#2890 = ORIENTED_EDGE ( 'NONE', *, *, #1956, .T. ) ;
#2892 = CARTESIAN_POINT ( 'NONE',  ( -2.796076003593114923, -6.798184762820733695, 1.436266397756583046 ) ) ;
#2891 = CARTESIAN_POINT ( 'NONE',  ( -0.6621217260403742255, -4.305879279157815098, -3.075514971292625965 ) ) ;
#2893 = CARTESIAN_POINT ( 'NONE',  ( 0.2094225131668195627, -6.670263811269446563, 3.175000000000001599 ) ) ;
#2894 = CARTESIAN_POINT ( 'NONE',  ( -1.589059984520267532, -4.857006675644661264, 2.756639226613390115 ) ) ;
#2895 = CARTESIAN_POINT ( 'NONE',  ( -1.796453355388393902, -2.185452821569612958, -2.628689408706657460 ) ) ;
#2896 = CARTESIAN_POINT ( 'NONE',  ( 1.008465074974594592E-13, -2.649911137076559786, -2.629659804581047311 ) ) ;
#2897 = ADVANCED_FACE ( 'NONE', ( #202 ), #511, .T. ) ;
#2898 = CARTESIAN_POINT ( 'NONE',  ( -2.716466046320429761, -3.149917280836350919, -1.663551620855268975 ) ) ;
#2899 = CARTESIAN_POINT ( 'NONE',  ( 2.470551841763084955, -3.099449999999997374, 0.000000000000000000 ) ) ;
#2900 = LINE ( 'NONE', #3254, #3209 ) ;
#2901 = CARTESIAN_POINT ( 'NONE',  ( -3.152096729528161667, -3.935967027052084344, 0.4024728613723952964 ) ) ;
#2902 = CARTESIAN_POINT ( 'NONE',  ( -4.644257445613893058E-15, -3.797212912640199445, 3.174999999999999378 ) ) ;
#2903 = DIRECTION ( 'NONE',  ( 0.000000000000000000, 0.000000000000000000, 1.000000000000000000 ) ) ;
#2904 = CARTESIAN_POINT ( 'NONE',  ( -3.184724369697571777, -2.124589672505627913, -0.06942995482913233429 ) ) ;
#2906 = CARTESIAN_POINT ( 'NONE',  ( -0.2584263738176794112, -4.839371501326348302, 3.142777771568105560 ) ) ;
#2905 = CARTESIAN_POINT ( 'NONE',  ( 1.221381124863092582, -6.705325228791170211, 2.941856650670242157 ) ) ;
#2907 = CARTESIAN_POINT ( 'NONE',  ( -0.6620025346469292638, -2.748514865605109492, 3.083882127548286611 ) ) ;
#2908 = CARTESIAN_POINT ( 'NONE',  ( -2.803968954845314610, -5.869164556401734067, 1.512198781135820624 ) ) ;
#2909 = CARTESIAN_POINT ( 'NONE',  ( 1.746943960583591915, -5.788674999999997794, -1.746943960583591471 ) ) ;
#2911 = CARTESIAN_POINT ( 'NONE',  ( 1.411818685967184406, -3.277801462238188801, -2.819531491936761114 ) ) ;
#2910 = CARTESIAN_POINT ( 'NONE',  ( 0.8510272928385984592, -5.763106720395310134, 3.036658938111950867 ) ) ;
#2912 = CARTESIAN_POINT ( 'NONE',  ( 2.470551841763084955, -7.011049999999998228, 0.000000000000000000 ) ) ;
#2913 = CARTESIAN_POINT ( 'NONE',  ( 2.524541839012236277, -2.421409935245133926, -1.936560730507963290 ) ) ;
#2914 = CARTESIAN_POINT ( 'NONE',  ( -1.858527948555896314, -4.786411637628277482, 2.577501118985972894 ) ) ;
#2915 = CARTESIAN_POINT ( 'NONE',  ( -2.755431427421201285, -4.072807567432096931, -1.591166985842918713 ) ) ;
#2916 = CARTESIAN_POINT ( 'NONE',  ( 2.470551841763083178, -6.949931249999997895, 1.023336079404100207 ) ) ;
#2917 = VERTEX_POINT ( 'NONE', #1756 ) ;
#2918 = VERTEX_POINT ( 'NONE', #1321 ) ;
#2920 = DIRECTION ( 'NONE',  ( -1.000000000000000000, -0.000000000000000000, 0.000000000000000000 ) ) ;
#2919 = CARTESIAN_POINT ( 'NONE',  ( -0.03137877568622370744, -4.336606016435880839, -3.153624991453424453 ) ) ;
#2921 = DATE_AND_TIME ( #1971, #3481 ) ;
#2922 = CARTESIAN_POINT ( 'NONE',  ( -1.023553784190037730, -4.825796994575665799, 3.012624270679249427 ) ) ;
#2923 = CARTESIAN_POINT ( 'NONE',  ( 3.500000000000000444, -1.999999999999997113, -2.020725942163691613 ) ) ;
#2924 = CARTESIAN_POINT ( 'NONE',  ( 1.746943960583590583, -6.033149999999997348, 1.746943960583591693 ) ) ;
#2925 = CARTESIAN_POINT ( 'NONE',  ( -1.824335035907721503, -3.263647341565871329, -2.572708135699812715 ) ) ;
#2926 = CARTESIAN_POINT ( 'NONE',  ( -2.470551841763084955, -3.588399999999997814, -1.462747044969661094E-15 ) ) ;
#2927 = CARTESIAN_POINT ( 'NONE',  ( 0.000000000000000000, -7.500000000000000000, 2.168404344971008868E-15 ) ) ;
#2928 = CARTESIAN_POINT ( 'NONE',  ( -2.812554696973226243, -4.031632040688564622, -1.496391103447833437 ) ) ;
#2929 = CARTESIAN_POINT ( 'NONE',  ( 3.174962123330705932, -3.511583058539140101, 0.2098950391149626837 ) ) ;
#2930 = EDGE_CURVE ( 'NONE', #5005, #2863, #2956, .T. ) ;
#2931 = DIRECTION ( 'NONE',  ( 0.000000000000000000, 1.000000000000000000, -7.703719777548943412E-32 ) ) ;
#2932 = CARTESIAN_POINT ( 'NONE',  ( -3.091747753706354906, -3.104065038735871696, -0.8323950906451054177 ) ) ;
#2934 = CARTESIAN_POINT ( 'NONE',  ( -0.1360236805194445231, -4.331755993570421737, -3.150412603025427138 ) ) ;
#2933 = CARTESIAN_POINT ( 'NONE',  ( 3.080833430216605162, -6.569667014137690053, 0.6368870440698928270 ) ) ;
#2935 = CARTESIAN_POINT ( 'NONE',  ( -3.162691930251076311, -2.995181238294684523, -0.3815502041331140792 ) ) ;
#2936 = CARTESIAN_POINT ( 'NONE',  ( -2.063669576242460835, -5.812613262500975431, 2.416351269120641021 ) ) ;
#2937 = CARTESIAN_POINT ( 'NONE',  ( -2.470551841763084067, -3.527281249999997481, -1.023336079404099541 ) ) ;
#2938 = VERTEX_POINT ( 'NONE', #1853 ) ;
#2940 = CARTESIAN_POINT ( 'NONE',  ( 2.224289932199222886, -3.326907403670874341, -2.235395895149453249 ) ) ;
#2939 = CARTESIAN_POINT ( 'NONE',  ( 3.175550987036755313, -5.496838773081714535, -0.2515911607490258772 ) ) ;
#2941 = CARTESIAN_POINT ( 'NONE',  ( 1.454314485892946207, -2.450475733446968452, 2.396758647114614060 ) ) ;
#2942 = CARTESIAN_POINT ( 'NONE',  ( -2.813147367750701733, -2.075756039790895624, -1.495001239587215425 ) ) ;
#2943 = CARTESIAN_POINT ( 'NONE',  ( -2.438412618747314298, -4.823555852440235547, 2.050134158997318323 ) ) ;
#2944 = CARTESIAN_POINT ( 'NONE',  ( -1.408008343000112239, -4.163631945335296791, -2.853321738111497030 ) ) ;
#2945 = VERTEX_POINT ( 'NONE', #231 ) ;
#2946 = ORIENTED_EDGE ( 'NONE', *, *, #4053, .T. ) ;
#2948 = CARTESIAN_POINT ( 'NONE',  ( -0.4495804962591209986, -6.117394930747928505, -3.121040885813264776 ) ) ;
#2947 = CARTESIAN_POINT ( 'NONE',  ( 2.589995609426096301, -4.487517806896144101, -1.799638766640028642 ) ) ;
#2949 = DIRECTION ( 'NONE',  ( -0.000000000000000000, 1.000000000000000000, -0.000000000000000000 ) ) ;
#2950 = CARTESIAN_POINT ( 'NONE',  ( -1.591074483434985476, -6.159932978570614281, -2.755366141870852381 ) ) ;
#2951 = CARTESIAN_POINT ( 'NONE',  ( -3.012940128763065939, -4.918040444464653937, 1.022609985188428272 ) ) ;
#2952 = CARTESIAN_POINT ( 'NONE',  ( -1.746943960583592359, -5.299724999999996911, 1.746943960583590361 ) ) ;
#2953 = CARTESIAN_POINT ( 'NONE',  ( -0.9094119401037853434, -3.315285276329558606, -3.019641711247535554 ) ) ;
#2954 = CARTESIAN_POINT ( 'NONE',  ( 2.470551841763084067, -4.138468749999996810, 1.023336079404100207 ) ) ;
#2955 = DIRECTION ( 'NONE',  ( -0.000000000000000000, -1.000000000000000000, 7.703719777548942317E-32 ) ) ;
#2956 = CIRCLE ( 'NONE', #2178, 2.650000000002906031 ) ;
#2957 = CARTESIAN_POINT ( 'NONE',  ( -3.175410638488944670, -3.960653242934121465, -0.1193977027778609923 ) ) ;
#2958 = CARTESIAN_POINT ( 'NONE',  ( 3.154379775164854571, -3.482086415711982408, -0.4162974708951349689 ) ) ;
#2959 = CARTESIAN_POINT ( 'NONE',  ( -0.4132475034425056593, -3.816798567638328699, 3.154940853503137799 ) ) ;
#2960 = CARTESIAN_POINT ( 'NONE',  ( 1.882709947995580668, -2.482782480202338160, -2.529973731752355182 ) ) ;
#2962 = CARTESIAN_POINT ( 'NONE',  ( 3.153124113321923883, -5.558913411633787938, -0.03302628814926682893 ) ) ;
#2961 = CARTESIAN_POINT ( 'NONE',  ( 3.151227758949250113, -6.532501140857564614, -0.1256711094095403491 ) ) ;
#2963 = CARTESIAN_POINT ( 'NONE',  ( -2.243339703978304733, -3.081698083578721548, -2.205694769104075803 ) ) ;
#2964 = CARTESIAN_POINT ( 'NONE',  ( -2.808964173191996316, -6.023469408068035769, -1.502765936723591045 ) ) ;
#2965 = CARTESIAN_POINT ( 'NONE',  ( 2.470551841763084955, -4.871893749999997247, -1.023336079404098431 ) ) ;
#2966 = ORIENTED_EDGE ( 'NONE', *, *, #1626, .F. ) ;
#2967 = ADVANCED_FACE ( 'NONE', ( #855 ), #4238, .T. ) ;
#2969 = CARTESIAN_POINT ( 'NONE',  ( -1.511723511562251154, -2.794557060146761973, 2.767284119221141481 ) ) ;
#2968 = CARTESIAN_POINT ( 'NONE',  ( 2.980628238160317967, -5.611065124800418857, 1.006485690539259625 ) ) ;
#2970 = CARTESIAN_POINT ( 'NONE',  ( 1.286874147353668230, -2.457920970383002501, 2.483515909411324607 ) ) ;
#2971 = CARTESIAN_POINT ( 'NONE',  ( -2.784733887850039391, -2.059344810122232694, -1.480877729860231584 ) ) ;
#2972 = CARTESIAN_POINT ( 'NONE',  ( -0.1665815909608714951, -5.153333909002316027, -3.149535264731775364 ) ) ;
#2973 = CARTESIAN_POINT ( 'NONE',  ( -1.590380301589384926, -4.153278102639732516, -2.755789870346583292 ) ) ;
#2974 = ORIENTED_EDGE ( 'NONE', *, *, #2765, .F. ) ;
#2976 = CARTESIAN_POINT ( 'NONE',  ( 3.091955279048522076, -6.413475071369923342, 0.6192273529025376089 ) ) ;
#2975 = CARTESIAN_POINT ( 'NONE',  ( 2.079092647618241863, -4.450736330828361176, -2.371539004217441793 ) ) ;
#2977 = PLANE ( 'NONE',  #3398 ) ;
#2978 = CARTESIAN_POINT ( 'NONE',  ( 1.823445776778480187, -7.078636924705983269, -2.214625008315831867 ) ) ;
#2979 = DIRECTION ( 'NONE',  ( -0.000000000000000000, 1.000000000000000000, 2.900479261138468265E-16 ) ) ;
#2980 = CARTESIAN_POINT ( 'NONE',  ( -1.023336079404097543, -4.627418749999997694, -2.470551841763085399 ) ) ;
#2981 = CARTESIAN_POINT ( 'NONE',  ( 1.097076254951057095, -3.415505727694724936, -2.956811658925488917 ) ) ;
#2982 = CARTESIAN_POINT ( 'NONE',  ( -1.163333890321619382E-15, -4.688537499999996250, 3.174999999999999378 ) ) ;
#2983 = DIRECTION ( 'NONE',  ( 0.000000000000000000, 1.000000000000000000, -7.703719777548943412E-32 ) ) ;
#2984 = CARTESIAN_POINT ( 'NONE',  ( 0.2184236046303743017, -4.209802627197547942, -3.178344672960545569 ) ) ;
#2985 = CARTESIAN_POINT ( 'NONE',  ( 0.8225039650005232517, -3.706133806895568039, 3.073698409011857091 ) ) ;
#2986 = CARTESIAN_POINT ( 'NONE',  ( -2.755627808920552368, -4.123676588932953635, -1.590683063218167215 ) ) ;
#2987 = CARTESIAN_POINT ( 'NONE',  ( 2.463441706728806579, -2.467287543389694360, -2.019388815576896423 ) ) ;
#2988 = CARTESIAN_POINT ( 'NONE',  ( -1.294147630741995014, -6.228126878310431991, -2.875703455439514222 ) ) ;
#2989 = CARTESIAN_POINT ( 'NONE',  ( -2.660533732977525823, -2.886556106063184135, 1.737603326145879423 ) ) ;
#2990 = CARTESIAN_POINT ( 'NONE',  ( -2.595878255423144765, -6.007235619665539872, -1.832765860825548154 ) ) ;
#2991 = CARTESIAN_POINT ( 'NONE',  ( -1.746943960583590805, -5.544199999999997353, -1.746943960583592581 ) ) ;
#2993 = CARTESIAN_POINT ( 'NONE',  ( 0.1798351781416994977, -2.235869862361078209, -3.148183090291189590 ) ) ;
#2992 = CARTESIAN_POINT ( 'NONE',  ( 3.143745049964895788, -5.548841166412713299, -0.2514679525456080533 ) ) ;
#2994 = CARTESIAN_POINT ( 'NONE',  ( 2.308501358211533461, -2.407606393761279939, 1.653035723411614422 ) ) ;
#2995 = CARTESIAN_POINT ( 'NONE',  ( -2.896092858168734629, -2.046309405971802331, -1.249309226015946184 ) ) ;
#2996 = CARTESIAN_POINT ( 'NONE',  ( -1.652313349042821677, -5.092009841262873593, -2.723650931900322814 ) ) ;
#2997 = CARTESIAN_POINT ( 'NONE',  ( 3.439160297960522898E-16, -7.500000000000000000, -2.441574999999998052 ) ) ;
#2998 = EDGE_CURVE ( 'NONE', #2918, #241, #1824, .T. ) ;
#2999 = VERTEX_POINT ( 'NONE', #3004 ) ;
#3001 = CARTESIAN_POINT ( 'NONE',  ( 1.071899869477413780, -5.596207378513135211, 2.965492503427466175 ) ) ;
#3000 = CARTESIAN_POINT ( 'NONE',  ( 3.121089773543203272, -4.500007295574089738, -0.6365972014841393412 ) ) ;
#3002 = CARTESIAN_POINT ( 'NONE',  ( -2.709478946907126318, -2.000000000000000000, 1.655097832838606786 ) ) ;
#3003 = CARTESIAN_POINT ( 'NONE',  ( -2.635806927642713404, -7.171752422824467565, 0.8844814290884442931 ) ) ;
#3004 = CARTESIAN_POINT ( 'NONE',  ( 1.558824657069406405E-11, -4.286162912640924638, -3.175000000000000266 ) ) ;
#3005 = CARTESIAN_POINT ( 'NONE',  ( 7.313735224848304483E-16, -4.688537499999997138, -2.470551841763084955 ) ) ;
#3006 = ORIENTED_EDGE ( 'NONE', *, *, #2734, .T. ) ;
#3007 = CARTESIAN_POINT ( 'NONE',  ( 3.060972437386720646, -3.567620503550220423, -0.7590785132489262788 ) ) ;
#3008 = CARTESIAN_POINT ( 'NONE',  ( -3.174999999999999822, -5.910912499999994907, -1.549017063184669745E-15 ) ) ;
#3009 = CARTESIAN_POINT ( 'NONE',  ( -3.499999999999999556, 0.6204091765964246941, 2.020725942163691169 ) ) ;
#3010 = DIRECTION ( 'NONE',  ( 0.000000000000000000, 0.7071067811865469066, 0.7071067811865482389 ) ) ;
#3011 = CARTESIAN_POINT ( 'NONE',  ( -2.446030281416775143, -2.016796092412037389, 2.002065225019808103 ) ) ;
#3012 = CARTESIAN_POINT ( 'NONE',  ( -2.684702124184184857, -2.223903220818375104, -1.639931119800673187 ) ) ;
#3013 = CARTESIAN_POINT ( 'NONE',  ( -2.729755515248808884, -5.967451881635477129, 1.578803188177179351 ) ) ;
#3014 = CARTESIAN_POINT ( 'NONE',  ( -1.428996872781345129, -3.148965981244137513, -2.847174190331821730 ) ) ;
#3015 = CARTESIAN_POINT ( 'NONE',  ( 0.2238745429428130873, -6.165844686616847703, -3.177759442042881410 ) ) ;
#3016 = DIRECTION ( 'NONE',  ( -0.000000000000000000, 1.000000000000000000, -1.312969931749826551E-31 ) ) ;
#3017 = CC_DESIGN_PERSON_AND_ORGANIZATION_ASSIGNMENT ( #4070, #1637, ( #1891 ) ) ;
#3019 = CARTESIAN_POINT ( 'NONE',  ( 3.130959669678001767, -2.609142373786022873, -0.3743002526634064409 ) ) ;
#3018 = CARTESIAN_POINT ( 'NONE',  ( 3.175417273187807865, -5.532424194707938447, -0.2532181581270540049 ) ) ;
#3020 = CARTESIAN_POINT ( 'NONE',  ( 2.470551841763084955, -3.099449999999997374, 0.000000000000000000 ) ) ;
#3021 = CARTESIAN_POINT ( 'NONE',  ( -0.2921408021697494140, -6.795700772842538484, 3.132375514711030373 ) ) ;
#3022 = CARTESIAN_POINT ( 'NONE',  ( -3.130550800964315261, -4.934862713583114235, -0.3846254000834425923 ) ) ;
#3023 = DIRECTION ( 'NONE',  ( -0.000000000000000000, 1.000000000000000000, 2.900479261138468265E-16 ) ) ;
#3025 = CARTESIAN_POINT ( 'NONE',  ( 3.097450274241191792, -5.434169579432317043, 0.5915605539722389450 ) ) ;
#3024 = CARTESIAN_POINT ( 'NONE',  ( 2.743548713074225986, -4.649110842221518602, 1.603171813305427129 ) ) ;
#3026 = CARTESIAN_POINT ( 'NONE',  ( 1.144401025603482370E-15, 7.500000000000000000, -4.041451884327381450 ) ) ;
#3027 = CARTESIAN_POINT ( 'NONE',  ( 2.216682170722702683, -7.232001098395240746, 1.568837066008193393 ) ) ;
#3028 = CARTESIAN_POINT ( 'NONE',  ( -1.746943960583592359, -4.321824999999997807, 1.746943960583590361 ) ) ;
#3029 = CARTESIAN_POINT ( 'NONE',  ( -1.163712587144590804, -3.250131987827932445, -2.965198190853767901 ) ) ;
#3030 = CARTESIAN_POINT ( 'NONE',  ( -2.245064030267287514, -5.055249999999995580, -2.245064030267289290 ) ) ;
#3031 = CARTESIAN_POINT ( 'NONE',  ( 2.390530163138422257E-16, 7.000000000000000000, -1.952016013762334801 ) ) ;
#3032 = VECTOR ( 'NONE', #5220, 1000.000000000000000 ) ;
#3033 = CARTESIAN_POINT ( 'NONE',  ( -0.8999089732409560893, -2.810455091317444420, -2.332802352158604542 ) ) ;
#3034 = CARTESIAN_POINT ( 'NONE',  ( -2.871956559323687763, -2.279304436679265411, -0.6860362887019987310 ) ) ;
#3035 = CARTESIAN_POINT ( 'NONE',  ( -0.5423084037588059569, -2.304457408540810270, -3.138874057890197466 ) ) ;
#3036 = AXIS2_PLACEMENT_3D ( 'NONE', #4891, #5239, #1144 ) ;
#3037 = CARTESIAN_POINT ( 'NONE',  ( -0.03280889678180894803, -5.806856452990968975, 3.153088343639859570 ) ) ;
#3038 = CARTESIAN_POINT ( 'NONE',  ( -1.430632805646048444, -3.184546433673278276, -2.846352064462401188 ) ) ;
#3039 = CARTESIAN_POINT ( 'NONE',  ( -1.305671262730190962, -6.125198711671414387, -2.905810146575351194 ) ) ;
#3040 = VECTOR ( 'NONE', #3499, 1000.000000000000000 ) ;
#3041 = B_SPLINE_CURVE_WITH_KNOTS ( 'NONE', 3,
 ( #3502, #5160, #4758, #1019, #1426, #3088, #3060, #1212, #3233, #2091, #4137, #2932, #3669, #411, #383, #2876, #4551, #1620, #809, #2471, #837, #4495, #3695, #2063, #4900, #4923, #4191, #4162, #3286, #2444 ),
 .UNSPECIFIED., .F., .F.,
 ( 4, 2, 2, 2, 2, 2, 2, 2, 2, 2, 2, 2, 2, 2, 4 ),
 ( 0.07131878117919959736, 0.07257884862302887985, 0.07320888234494350721, 0.07383891606685814846, 0.07446894978877278970, 0.07509898351068743094, 0.07635905095451671343, 0.07698908467643134079, 0.07761911839834598204, 0.07824915212026062328, 0.07887918584217526452, 0.07950921956408990576, 0.08013925328600453313, 0.08076928700791917437, 0.08139932072983381561 ),
 .UNSPECIFIED. ) ;
#3042 = CARTESIAN_POINT ( 'NONE',  ( 0.4135081296818223229, -5.733401774279638374, 3.154828208178853899 ) ) ;
#3044 = CARTESIAN_POINT ( 'NONE',  ( 2.454384128174802004, -2.733278829559223411, 1.979681339050646471 ) ) ;
#3043 = CARTESIAN_POINT ( 'NONE',  ( -0.1658007355776454639, -5.760748982540210505, 3.173279341285404342 ) ) ;
#3045 = CARTESIAN_POINT ( 'NONE',  ( 1.442333093226614071, -2.224445090250560142, -2.622159795589549258 ) ) ;
#3046 = CARTESIAN_POINT ( 'NONE',  ( -2.926287105649854059, -2.098300759880671329, -1.259383724215691558 ) ) ;
#3047 = CARTESIAN_POINT ( 'NONE',  ( -0.6849413573375907616, -5.144426412553910311, -3.111147371545354812 ) ) ;
#3048 = CARTESIAN_POINT ( 'NONE',  ( 3.174999999999999822, -5.483081249999999685, -1.315128060534576981 ) ) ;
#3050 = CARTESIAN_POINT ( 'NONE',  ( 3.084449246330505101, -5.373607371706025759, -0.6551724065776373118 ) ) ;
#3049 = CARTESIAN_POINT ( 'NONE',  ( 0.9693413709322932226, -4.778964176134250508, 3.001228798179648827 ) ) ;
#3051 = CARTESIAN_POINT ( 'NONE',  ( 0.000000000000000000, -7.500000000000000000, 3.174999999999999378 ) ) ;
#3052 = CARTESIAN_POINT ( 'NONE',  ( -3.226724027217201307, 0.7948195375139410768, 2.178501898612897225 ) ) ;
#3053 = ORIENTED_EDGE ( 'NONE', *, *, #3867, .F. ) ;
#3054 = CARTESIAN_POINT ( 'NONE',  ( -1.746943960583592581, -5.421962499999997576, 1.746943960583590361 ) ) ;
#3055 = CARTESIAN_POINT ( 'NONE',  ( 1.110646827709606432, -3.363514296487623234, -2.985604725459348074 ) ) ;
#3056 = ORIENTED_EDGE ( 'NONE', *, *, #4223, .T. ) ;
#3057 = CARTESIAN_POINT ( 'NONE',  ( 1.893859962485722415, -6.631076882521305116, 2.561224278321201364 ) ) ;
#3058 = CARTESIAN_POINT ( 'NONE',  ( 1.315128060534576981, -6.583218749999997677, 3.174999999999999378 ) ) ;
#3059 = DIRECTION ( 'NONE',  ( 0.000000000000000000, -1.000000000000000000, 0.000000000000000000 ) ) ;
#3060 = CARTESIAN_POINT ( 'NONE',  ( -2.099183218708278620, -3.195621231595955791, -2.391050227452657495 ) ) ;
#3061 = CARTESIAN_POINT ( 'NONE',  ( -2.445904178611029600, -2.017786348230045768, 2.000907244095769588 ) ) ;
#3062 = ORIENTED_EDGE ( 'NONE', *, *, #3566, .T. ) ;
#3063 = EDGE_CURVE ( 'NONE', #1835, #1197, #1836, .T. ) ;
#3064 = CARTESIAN_POINT ( 'NONE',  ( 1.228986763749362110, -2.427686142097173594, -2.938872225954577644 ) ) ;
#3065 = CARTESIAN_POINT ( 'NONE',  ( -2.130480802849915811, -6.178420258462563375, -2.324692368783111807 ) ) ;
#3066 = AXIS2_PLACEMENT_3D ( 'NONE', #4543, #430, #1640 ) ;
#3067 = CARTESIAN_POINT ( 'NONE',  ( 3.179005030787882102, -3.456421388128112948, -0.2079424760854500509 ) ) ;
#3068 = CARTESIAN_POINT ( 'NONE',  ( 2.865458344025916038, -6.316150773730869084, -1.317667451907214460 ) ) ;
#3069 = FACE_OUTER_BOUND ( 'NONE', #1255, .T. ) ;
#3071 = CARTESIAN_POINT ( 'NONE',  ( -1.286788493347895690, -2.161784387768301396, -2.878785758733694689 ) ) ;
#3070 = CARTESIAN_POINT ( 'NONE',  ( -2.552977412885687247, -5.951216895428609988, 1.851427376150248216 ) ) ;
#3072 = CARTESIAN_POINT ( 'NONE',  ( -1.746943960583592581, -7.377762499999998447, 1.746943960583590361 ) ) ;
#3073 = CARTESIAN_POINT ( 'NONE',  ( 2.278900432706633339, -2.353028515983550228, -2.180598487856727274 ) ) ;
#3074 = CARTESIAN_POINT ( 'NONE',  ( 0.4817251970989143151, -5.236199200640373697, -3.140925264501645220 ) ) ;
#3075 = CARTESIAN_POINT ( 'NONE',  ( 1.315128060534577648, -4.382943750000000804, -3.174999999999999822 ) ) ;
#3077 = CARTESIAN_POINT ( 'NONE',  ( 0.2734014981132278921, -5.173903787662784026, -3.141520267639966058 ) ) ;
#3076 = CARTESIAN_POINT ( 'NONE',  ( -0.03811189516861497595, -4.828822941376729183, 3.153380906769965630 ) ) ;
#3078 = CARTESIAN_POINT ( 'NONE',  ( 2.755337527424391197, -2.492806298917300545, -1.591098788100595574 ) ) ;
#3079 = LINE ( 'NONE', #1369, #3301 ) ;
#3080 = CARTESIAN_POINT ( 'NONE',  ( -1.961350762496664402, -4.077971624145805052, -2.469945513850023922 ) ) ;
#3081 = ORIENTED_EDGE ( 'NONE', *, *, #802, .F. ) ;
#3082 = CARTESIAN_POINT ( 'NONE',  ( 2.470551841763084955, -1.938193749999997273, -1.023336079404098431 ) ) ;
#3083 = EDGE_CURVE ( 'NONE', #620, #1805, #2780, .T. ) ;
#3084 = CARTESIAN_POINT ( 'NONE',  ( 0.3480853069617865225, -3.780713647230975027, 3.158493059484011045 ) ) ;
#3085 = CARTESIAN_POINT ( 'NONE',  ( -1.053143739294602810, -6.783098588198503975, 3.006044236554891391 ) ) ;
#3086 = CARTESIAN_POINT ( 'NONE',  ( 3.174999999999998934, -4.505181249999995252, 1.315128060534579202 ) ) ;
#3087 = CARTESIAN_POINT ( 'NONE',  ( -3.021919394301194828, -6.866138261357286332, -0.5856962871594101339 ) ) ;
#3088 = CARTESIAN_POINT ( 'NONE',  ( -1.935751062197512917, -3.205786388628145023, -2.525152633458022322 ) ) ;
#3089 = CARTESIAN_POINT ( 'NONE',  ( 1.039843900484944786E-15, 4.645553918089165180, -8.490969814389947246 ) ) ;
#3090 = CARTESIAN_POINT ( 'NONE',  ( -2.082718640192784854, -2.421360031615937380, -1.907959599560129060 ) ) ;
#3091 = EDGE_LOOP ( 'NONE', ( #2000, #3391, #823 ) ) ;
#3092 = B_SPLINE_CURVE_WITH_KNOTS ( 'NONE', 3,
 ( #645, #2680, #4430, #4757, #188, #5213, #1840, #4841, #698, #218, #1531, #4405, #5186, #1867 ),
 .UNSPECIFIED., .F., .F.,
 ( 4, 2, 2, 2, 2, 2, 4 ),
 ( 0.06853120660679334897, 0.06958883558556416826, 0.07011765007494956403, 0.07038205731964226886, 0.07064646456433497368, 0.07170409354310577910, 0.07276172252187659839 ),
 .UNSPECIFIED. ) ;
#3093 = CARTESIAN_POINT ( 'NONE',  ( 2.876164744879706081, -2.505430423604189105, -1.369481473737456767 ) ) ;
#3094 = CARTESIAN_POINT ( 'NONE',  ( 3.114118730711477490, -6.562373213669614458, 0.4952963249159300085 ) ) ;
#3095 = CARTESIAN_POINT ( 'NONE',  ( -0.1756631177488223172, -3.249304921810322266, -3.181036132217910151 ) ) ;
#3096 = EDGE_CURVE ( 'NONE', #4548, #4722, #1381, .T. ) ;
#3097 = CARTESIAN_POINT ( 'NONE',  ( 3.100038173308133249, -6.355272423479586763, -0.5814240003264142809 ) ) ;
#3098 = CARTESIAN_POINT ( 'NONE',  ( -1.746943960583592359, -2.366024999999997380, 1.746943960583590361 ) ) ;
#3100 = DIRECTION ( 'NONE',  ( -0.000000000000000000, 1.000000000000000000, -0.000000000000000000 ) ) ;
#3099 = CARTESIAN_POINT ( 'NONE',  ( -3.093376853342229449, -6.077468908490618382, -0.5728896045331077769 ) ) ;
#3101 = CARTESIAN_POINT ( 'NONE',  ( 1.746943960583592359, -4.933012499999998468, -1.746943960583591693 ) ) ;
#3102 = CARTESIAN_POINT ( 'NONE',  ( -2.524353793786796807, -4.866144024141982882, 1.936825143332808530 ) ) ;
#3103 = CARTESIAN_POINT ( 'NONE',  ( 1.345471716815529239, -2.347690762776144080, -2.878772753203908241 ) ) ;
#3104 = CARTESIAN_POINT ( 'NONE',  ( 2.194157668475388956, -5.280704931235433719, -2.265577322044213915 ) ) ;
#3105 = CARTESIAN_POINT ( 'NONE',  ( -2.245064030267289290, -6.888812500000000227, 2.245064030267287070 ) ) ;
#3107 = CARTESIAN_POINT ( 'NONE',  ( -1.111254617861603844, -4.727986836098749812, 2.950978560016440877 ) ) ;
#3106 = CARTESIAN_POINT ( 'NONE',  ( -0.5503958499001929683, -4.801559390186945109, 3.129576793204413399 ) ) ;
#3108 = CYLINDRICAL_SURFACE ( 'NONE', #1473, 3.174999999999999822 ) ;
#3109 = CARTESIAN_POINT ( 'NONE',  ( 0.8247238423163060217, -6.690613301444314764, 3.073042283231922411 ) ) ;
#3110 = CARTESIAN_POINT ( 'NONE',  ( 2.399662011472004863, -4.556372904222956599, 2.095498021948968059 ) ) ;
#3111 = CARTESIAN_POINT ( 'NONE',  ( -1.746943960583591027, -6.644337499999998009, -1.746943960583593025 ) ) ;
#3112 = ORIENTED_EDGE ( 'NONE', *, *, #2534, .F. ) ;
#3113 = CARTESIAN_POINT ( 'NONE',  ( 2.657754604520824682, -3.693982994404574782, 1.697574754833302224 ) ) ;
#3114 = CARTESIAN_POINT ( 'NONE',  ( 2.854203928957812941, -6.507052978416011157, 1.406027498547258281 ) ) ;
#3115 = CARTESIAN_POINT ( 'NONE',  ( -0.4161130759598796747, -5.244324546282420840, -3.154509365639586171 ) ) ;
#3116 = CARTESIAN_POINT ( 'NONE',  ( -2.045522002469681411, -7.471023158236208772, -1.385447992618776381 ) ) ;
#3117 = CARTESIAN_POINT ( 'NONE',  ( -3.013624350830850229, -3.063436813488787269, -1.020920227270589509 ) ) ;
#3118 = CARTESIAN_POINT ( 'NONE',  ( -2.446451965417205887, -2.016115257225687518, 2.002451993949435849 ) ) ;
#3119 = ORIENTED_EDGE ( 'NONE', *, *, #2574, .F. ) ;
#3120 = CARTESIAN_POINT ( 'NONE',  ( -0.2956175039561679818, -2.833262173159776687, 3.163834924126621928 ) ) ;
#3121 = CARTESIAN_POINT ( 'NONE',  ( 1.392636241652936313, -6.711548313935224108, 2.829139776941384188 ) ) ;
#3122 = CARTESIAN_POINT ( 'NONE',  ( 3.032779827092649150, -3.418118977229488653, -0.9748662427713239431 ) ) ;
#3123 = CARTESIAN_POINT ( 'NONE',  ( 2.810201912259015611, -6.457090024355310653, 1.431676658563193927 ) ) ;
#3124 = CARTESIAN_POINT ( 'NONE',  ( 2.470551841763084511, -1.999312499999997605, 0.000000000000000000 ) ) ;
#3125 = AXIS2_PLACEMENT_3D ( 'NONE', #3878, #912, #83 ) ;
#3127 = CARTESIAN_POINT ( 'NONE',  ( 2.137927855832890245, -3.476502114380077835, -2.317821656230889982 ) ) ;
#3126 = CARTESIAN_POINT ( 'NONE',  ( 0.2199756094614424284, -5.794702825803666357, 3.138252578395825054 ) ) ;
#3128 = CARTESIAN_POINT ( 'NONE',  ( -1.023336079404097765, -6.705456250000000118, -2.470551841763085843 ) ) ;
#3129 = CARTESIAN_POINT ( 'NONE',  ( -2.623486723736884851, -2.179858938643195465, -1.793739669099540190 ) ) ;
#3130 = CARTESIAN_POINT ( 'NONE',  ( 1.890057391094309036, -2.328076333750574989, -2.525086479054897914 ) ) ;
#3131 = CC_DESIGN_APPROVAL ( #2848, ( #1891 ) ) ;
#3132 = CARTESIAN_POINT ( 'NONE',  ( 3.034376480414327837, -5.409827966480996508, -0.9704321414644009325 ) ) ;
#3133 = CARTESIAN_POINT ( 'NONE',  ( -3.175000000000000711, -4.016231249999999697, 1.315128060534574983 ) ) ;
#3134 = ADVANCED_FACE ( 'NONE', ( #1777 ), #2977, .T. ) ;
#3136 = CARTESIAN_POINT ( 'NONE',  ( 3.108794278499149577, -3.475172219544298446, 0.5281421508541843668 ) ) ;
#3135 = CARTESIAN_POINT ( 'NONE',  ( -1.291019732057131275, -4.875834028299171230, 2.912119462843851814 ) ) ;
#3137 = CARTESIAN_POINT ( 'NONE',  ( 3.073666102542663037, -2.534668214317580048, -0.8221871831481085691 ) ) ;
#3138 = CARTESIAN_POINT ( 'NONE',  ( 3.500000000000000000, -1.999999999999997113, 2.020725942163690725 ) ) ;
#3139 = CARTESIAN_POINT ( 'NONE',  ( 2.450293739055194653, -4.320908952997596586, -1.985969949881872143 ) ) ;
#3140 = CARTESIAN_POINT ( 'NONE',  ( -1.023336079404097765, -7.683356249999997445, -2.470551841763085843 ) ) ;
#3141 = ORIENTED_EDGE ( 'NONE', *, *, #3506, .F. ) ;
#3142 = EDGE_LOOP ( 'NONE', ( #3220, #2808, #3006, #4938, #1664, #633, #70 ) ) ;
#3143 = CARTESIAN_POINT ( 'NONE',  ( 2.373802927384700112, -3.702534502466120259, 2.124028199720724430 ) ) ;
#3144 = DIRECTION ( 'NONE',  ( 0.000000000000000000, -1.000000000000000000, -2.900479261138468265E-16 ) ) ;
#3145 = CARTESIAN_POINT ( 'NONE',  ( 7.745085315923348724E-16, -3.221687499999995374, -3.175000000000000266 ) ) ;
#3146 = CARTESIAN_POINT ( 'NONE',  ( -2.316549689259308042, -6.919192544524372934, -1.958305687387809968 ) ) ;
#3147 = DIRECTION ( 'NONE',  ( 1.224646799147353207E-16, 0.000000000000000000, -1.000000000000000000 ) ) ;
#3148 = CARTESIAN_POINT ( 'NONE',  ( -1.746943960583592359, -5.299724999999996911, 1.746943960583590361 ) ) ;
#3149 = VERTEX_POINT ( 'NONE', #3900 ) ;
#3150 = CARTESIAN_POINT ( 'NONE',  ( 1.895612871442173830, -2.719369923119391075, 2.559896903746175401 ) ) ;
#3151 = CYLINDRICAL_SURFACE ( 'NONE', #4617, 3.174999999999999822 ) ;
#3152 = CARTESIAN_POINT ( 'NONE',  ( 1.577720716242085874, -3.303030321623331211, -2.758341813166456991 ) ) ;
#3153 = CARTESIAN_POINT ( 'NONE',  ( 2.399419730909345017, -6.512178448869724079, 2.095516972839024827 ) ) ;
#3154 = CARTESIAN_POINT ( 'NONE',  ( 3.073518753838450746, -5.417432365031679353, -0.8229985384772930956 ) ) ;
#3156 = CARTESIAN_POINT ( 'NONE',  ( 0.2754364713682240784, -3.836360176928620191, 3.141364707186371064 ) ) ;
#3155 = CARTESIAN_POINT ( 'NONE',  ( -2.967143148636558703, -6.103194732087079188, -1.068634134619107279 ) ) ;
#3157 = CARTESIAN_POINT ( 'NONE',  ( -2.470551841763084511, -6.583218749999998565, -1.023336079404099763 ) ) ;
#3158 = CARTESIAN_POINT ( 'NONE',  ( 0.2125846812157199395, -2.237379961986601717, -3.146778786242803161 ) ) ;
#3159 = CARTESIAN_POINT ( 'NONE',  ( 2.865353260575126626, -5.472778864310321012, 1.317943258686346875 ) ) ;
#3160 = CARTESIAN_POINT ( 'NONE',  ( -1.163333890321619382E-15, -5.788675000000000459, 3.174999999999999378 ) ) ;
#3161 = ORIENTED_EDGE ( 'NONE', *, *, #1305, .F. ) ;
#3162 = ORIENTED_EDGE ( 'NONE', *, *, #376, .T. ) ;
#3164 = CARTESIAN_POINT ( 'NONE',  ( 3.076278524626233413, -4.393782712701608695, -0.6927881860328577446 ) ) ;
#3163 = CARTESIAN_POINT ( 'NONE',  ( 2.094010873880986612, -4.698547258047749864, 2.400365862235554371 ) ) ;
#3165 = CARTESIAN_POINT ( 'NONE',  ( -0.1466444284788184227, -7.334748351734240224, 2.606826648266989288 ) ) ;
#3166 = CARTESIAN_POINT ( 'NONE',  ( 0.8214076918623235413, -6.282074149986518918, -3.073885714069013009 ) ) ;
#3167 = CARTESIAN_POINT ( 'NONE',  ( 2.810433784748482378, -4.501267600046151784, 1.431294995980406659 ) ) ;
#3168 = EDGE_CURVE ( 'NONE', #1634, #5108, #1974, .T. ) ;
#3169 = CARTESIAN_POINT ( 'NONE',  ( 2.470551841763085399, -6.949931249999997895, -1.023336079404098653 ) ) ;
#3170 = EDGE_LOOP ( 'NONE', ( #4943, #2135, #674, #980, #4592, #2403 ) ) ;
#3171 = CARTESIAN_POINT ( 'NONE',  ( 2.813654691716585443, -3.629099035466219370, 1.493642458291549735 ) ) ;
#3172 = CARTESIAN_POINT ( 'NONE',  ( 3.500000000000001332, 0.6204091765858608110, 2.020725942163689837 ) ) ;
#3173 = CARTESIAN_POINT ( 'NONE',  ( -1.592593352347709379, -5.181945695194804635, -2.754498323497635681 ) ) ;
#3174 = CARTESIAN_POINT ( 'NONE',  ( -2.761684983140928917, -6.892665624509136002, -1.317754181696934923 ) ) ;
#3175 = CARTESIAN_POINT ( 'NONE',  ( -2.470551841763084511, -3.466162499999997149, -1.462747044969660897E-15 ) ) ;
#3176 = CARTESIAN_POINT ( 'NONE',  ( 1.023336079404098209, -7.072168749999997672, 2.470551841763083178 ) ) ;
#3177 = ORIENTED_EDGE ( 'NONE', *, *, #3699, .T. ) ;
#3178 = CARTESIAN_POINT ( 'NONE',  ( 1.897039554044768872, -2.754951784064547660, 2.558835936435531089 ) ) ;
#3179 = CARTESIAN_POINT ( 'NONE',  ( 0.000000000000000000, 5.754792120177907755, 2.168404344971008868E-15 ) ) ;
#3180 = CARTESIAN_POINT ( 'NONE',  ( 3.150651193958254659, -3.479488810356117234, -0.4706627010505572972 ) ) ;
#3181 = CARTESIAN_POINT ( 'NONE',  ( 2.400564604183776485, -6.547761311288462061, 2.094209310727457751 ) ) ;
#3182 = CARTESIAN_POINT ( 'NONE',  ( 3.012129306781591076, -5.406865645479155269, -1.024959643496050843 ) ) ;
#3183 = B_SPLINE_CURVE_WITH_KNOTS ( 'NONE', 3,
 ( #4216, #4603, #540, #3366, #142, #2553, #2606, #4660, #463, #3808, #518, #1298, #3859, #2958, #5064, #2929, #4269, #3427, #1375, #919, #1327, #5112, #1784, #2632, #5032, #62, #861, #2174, #2985, #2524, #2580, #3837 ),
 .UNSPECIFIED., .F., .F.,
 ( 4, 2, 2, 2, 2, 2, 2, 2, 2, 2, 2, 2, 2, 2, 2, 4 ),
 ( 0.02582973651265368584, 0.02708512771431173874, 0.02771282331514076519, 0.02834051891596979164, 0.02896821451679881809, 0.02959591011762784801, 0.03022360571845687099, 0.03085130131928590091, 0.03147899692011492390, 0.03210669252094395382, 0.03273438812177297680, 0.03336208372260200672, 0.03398977932343102970, 0.03461747492426005962, 0.03524517052508908954, 0.03587286612591811252 ),
 .UNSPECIFIED. ) ;
#3185 = CARTESIAN_POINT ( 'NONE',  ( -0.1657684043386726258, -3.352704902107841445, -3.148931835073605523 ) ) ;
#3184 = CARTESIAN_POINT ( 'NONE',  ( -0.02816610018470493484, -6.292707758445067689, -3.145860227380794516 ) ) ;
#3186 = CARTESIAN_POINT ( 'NONE',  ( 2.450147791604230019, -2.365107565967728753, -1.985939066035150802 ) ) ;
#3187 = CARTESIAN_POINT ( 'NONE',  ( 2.123190984888586819, -5.552595910565630177, 2.375246469697695151 ) ) ;
#3188 = CARTESIAN_POINT ( 'NONE',  ( 1.746943960583590583, -7.011049999999998228, 1.746943960583591693 ) ) ;
#3190 = CARTESIAN_POINT ( 'NONE',  ( -3.135834268866570351, -3.922947037035812379, 0.3315771283857321117 ) ) ;
#3189 = CARTESIAN_POINT ( 'NONE',  ( 2.005466005642418725, -5.370737127855059079, -2.474854790939407412 ) ) ;
#3191 = DIRECTION ( 'NONE',  ( 0.000000000000000000, 0.000000000000000000, 1.000000000000000000 ) ) ;
#3192 = FACE_BOUND ( 'NONE', #4232, .T. ) ;
#3193 = CARTESIAN_POINT ( 'NONE',  ( 2.400806975243308994, -4.591955764792909456, 2.094190173490360962 ) ) ;
#3194 = CARTESIAN_POINT ( 'NONE',  ( 2.470551841763084067, -4.138468749999996810, 1.023336079404100207 ) ) ;
#3195 = CARTESIAN_POINT ( 'NONE',  ( -0.03568794936229533615, -3.834487890778866870, 3.177382362178727160 ) ) ;
#3196 = CARTESIAN_POINT ( 'NONE',  ( -3.888253587292845588E-16, -2.000000000000000000, 3.175000000000001599 ) ) ;
#3197 = CARTESIAN_POINT ( 'NONE',  ( -3.174999999999999378, -3.038331249999995709, -1.315128060534578092 ) ) ;
#3198 = CARTESIAN_POINT ( 'NONE',  ( -2.988231873982057696, -6.815573980591286940, 0.9533877125913130524 ) ) ;
#3199 = CARTESIAN_POINT ( 'NONE',  ( 7.313735224848306455E-16, -2.839528623375212391, -2.470551841763085843 ) ) ;
#3200 = CARTESIAN_POINT ( 'NONE',  ( 3.119689782148915125, -2.641459343093945478, 0.6432552908489671539 ) ) ;
#3201 = DIRECTION ( 'NONE',  ( -0.000000000000000000, 1.000000000000000000, -0.000000000000000000 ) ) ;
#3202 = CARTESIAN_POINT ( 'NONE',  ( -0.01994836045807367453, -3.711513861741667419, 3.177624473754948831 ) ) ;
#3203 = CARTESIAN_POINT ( 'NONE',  ( -0.03172258942803887760, -6.629324981980968978, 3.145891254180875229 ) ) ;
#3204 = CARTESIAN_POINT ( 'NONE',  ( 3.175103002105930106, -5.467208349378133825, 0.2061951814113538450 ) ) ;
#3206 = CARTESIAN_POINT ( 'NONE',  ( -2.666985138164028601, -3.204149675821750698, -1.682579880580536535 ) ) ;
#3205 = CARTESIAN_POINT ( 'NONE',  ( 0.9912167168585819255, -6.290862459136190132, -3.027256324485416705 ) ) ;
#3207 = CARTESIAN_POINT ( 'NONE',  ( 0.1070343257724149511, -2.711090231276171991, 3.152156090213886319 ) ) ;
#3208 = CARTESIAN_POINT ( 'NONE',  ( 3.097997767703983385, -5.491972959093664564, 0.7070241623445485679 ) ) ;
#3209 = VECTOR ( 'NONE', #1, 1000.000000000000000 ) ;
#3210 = CARTESIAN_POINT ( 'NONE',  ( 1.023336079404099319, -7.683356249999997445, -2.470551841763084955 ) ) ;
#3212 = CARTESIAN_POINT ( 'NONE',  ( 1.997521222716317046, -3.586743418025493124, 2.440092221992595345 ) ) ;
#3211 = CARTESIAN_POINT ( 'NONE',  ( -2.026232690788408064, -5.206933244060327759, -2.416551403872112314 ) ) ;
#3213 = CARTESIAN_POINT ( 'NONE',  ( -1.033928862999106603E-15, -4.321824999999997807, 2.470551841763084511 ) ) ;
#3214 = AXIS2_PLACEMENT_3D ( 'NONE', #1524, #2346, #316 ) ;
#3215 = CARTESIAN_POINT ( 'NONE',  ( 0.2070878386083826184, -6.721285672487081087, 3.175000000000000266 ) ) ;
#3216 = CARTESIAN_POINT ( 'NONE',  ( 3.075035496462944273, -4.461853731946539448, 0.7012416189859117521 ) ) ;
#3217 = B_SPLINE_CURVE_WITH_KNOTS ( 'NONE', 3,
 ( #616, #4815, #3608, #2273, #1452, #3116 ),
 .UNSPECIFIED., .F., .F.,
 ( 4, 2, 4 ),
 ( 3.066586833366748276E-18, 0.0009711824570831683115, 0.001942364914166333587 ),
 .UNSPECIFIED. ) ;
#3218 = CARTESIAN_POINT ( 'NONE',  ( -2.470551841763084955, -3.588399999999997814, -1.462747044969661094E-15 ) ) ;
#3219 = APPROVAL_PERSON_ORGANIZATION ( #2433, #3489, #1229 ) ;
#3220 = ORIENTED_EDGE ( 'NONE', *, *, #4930, .T. ) ;
#3221 = CARTESIAN_POINT ( 'NONE',  ( -2.967044273122991793, -4.147401558794214793, -1.068738505390931959 ) ) ;
#3222 = PERSON_AND_ORGANIZATION_ROLE ( 'design_supplier' ) ;
#3223 = PLANE ( 'NONE',  #4086 ) ;
#3224 = CARTESIAN_POINT ( 'NONE',  ( -1.592137128639343313, -4.806291246153032048, 2.754724705308198907 ) ) ;
#3225 = FACE_OUTER_BOUND ( 'NONE', #5189, .T. ) ;
#3226 = ORIENTED_EDGE ( 'NONE', *, *, #1626, .T. ) ;
#3227 = CARTESIAN_POINT ( 'NONE',  ( -2.334239515941755272, -2.982844713074920939, 2.167779683738768615 ) ) ;
#3228 = CARTESIAN_POINT ( 'NONE',  ( 2.392653132736505039, -4.643168896220267072, 2.097404279281980699 ) ) ;
#3229 = CARTESIAN_POINT ( 'NONE',  ( 1.910573947522103522, -3.592177528512102036, 2.509679135992348264 ) ) ;
#3230 = CARTESIAN_POINT ( 'NONE',  ( -2.071296951094069971, -6.790744395442588122, 2.420303017547165148 ) ) ;
#3231 = EDGE_CURVE ( 'NONE', #1647, #3149, #3832, .T. ) ;
#3232 = CARTESIAN_POINT ( 'NONE',  ( -1.591633126212740335, -5.784160420326180052, 2.755109628146834577 ) ) ;
#3233 = CARTESIAN_POINT ( 'NONE',  ( -2.523799772011073639, -3.166366017180070269, -1.937618448155879802 ) ) ;
#3235 = CARTESIAN_POINT ( 'NONE',  ( -3.100223687986824572, -5.099618810449232598, -0.5767874382752726792 ) ) ;
#3234 = CARTESIAN_POINT ( 'NONE',  ( -1.270737166239688909, -6.229435537570584103, -2.886490530210773287 ) ) ;
#3236 = CARTESIAN_POINT ( 'NONE',  ( 2.406402318995884748, -2.600069298101385762, 2.087453568191605324 ) ) ;
#3237 = CARTESIAN_POINT ( 'NONE',  ( -2.345509391538030730, -5.795310964110031549, 2.143875708067410013 ) ) ;
#3238 = CARTESIAN_POINT ( 'NONE',  ( -1.315128060534576537, -3.282806249999999260, -3.175000000000000266 ) ) ;
#3240 = CARTESIAN_POINT ( 'NONE',  ( 0.8587761267193172454, -4.629646362222528566, 3.034131081408480313 ) ) ;
#3239 = CARTESIAN_POINT ( 'NONE',  ( -2.550106043238812958, -5.170346357941177473, -1.855659867872535340 ) ) ;
#3241 = CARTESIAN_POINT ( 'NONE',  ( -1.023336079404100651, -5.360843749999998131, 2.470551841763083178 ) ) ;
#3242 = DIRECTION ( 'NONE',  ( -0.000000000000000000, 1.000000000000000000, -1.312969931749826551E-31 ) ) ;
#3243 = CARTESIAN_POINT ( 'NONE',  ( -2.864437058708086958, -4.862233611662345467, 1.394346654642819594 ) ) ;
#3244 = CARTESIAN_POINT ( 'NONE',  ( 1.746943960583592359, -2.977212499999998041, -1.746943960583591693 ) ) ;
#3245 = ORIENTED_EDGE ( 'NONE', *, *, #604, .F. ) ;
#3246 = CARTESIAN_POINT ( 'NONE',  ( -2.783103312748343772, -4.121232851554087695, -1.549489445078349847 ) ) ;
#3247 = PERSON_AND_ORGANIZATION ( #2072, #4707 ) ;
#3248 = CARTESIAN_POINT ( 'NONE',  ( -1.936193514737192478, -4.877602809242199022, 2.524940817840462870 ) ) ;
#3249 = CARTESIAN_POINT ( 'NONE',  ( 3.175142504448747793, -4.460276756254160979, -0.4182758559359527339 ) ) ;
#3250 = CARTESIAN_POINT ( 'NONE',  ( -1.023336079404097543, -6.583218749999998565, -2.470551841763085399 ) ) ;
#3251 = EDGE_CURVE ( 'NONE', #3993, #2594, #1711, .T. ) ;
#3252 = CARTESIAN_POINT ( 'NONE',  ( -2.988959215209759712, -3.117481104090760180, -1.078499430459709307 ) ) ;
#3253 = CARTESIAN_POINT ( 'NONE',  ( -1.023336079404097765, -7.683356249999997445, -2.470551841763085843 ) ) ;
#3254 = CARTESIAN_POINT ( 'NONE',  ( 3.888253587292846081E-16, -7.500000000000000000, -3.175000000000000266 ) ) ;
#3255 = CARTESIAN_POINT ( 'NONE',  ( -2.139240637592287886, -3.810660458333400946, 2.317491126751139774 ) ) ;
#3256 = CARTESIAN_POINT ( 'NONE',  ( -1.418832653051637305, -6.716489459834241060, 2.852199327460793299 ) ) ;
#3257 = CARTESIAN_POINT ( 'NONE',  ( 2.756074704898053618, -5.375670153725178757, -1.590131533337703518 ) ) ;
#3258 = CARTESIAN_POINT ( 'NONE',  ( -3.179628429001740475, -2.112784440238774319, 0.1905351413060795418 ) ) ;
#3259 = EDGE_CURVE ( 'NONE', #4782, #5014, #2212, .T. ) ;
#3261 = CARTESIAN_POINT ( 'NONE',  ( -1.230116621435337176, -4.889638955366964801, 2.903417817258127087 ) ) ;
#3260 = CARTESIAN_POINT ( 'NONE',  ( 0.2270622227801430137, -6.304846284280051449, -3.137779949837958160 ) ) ;
#3262 = CARTESIAN_POINT ( 'NONE',  ( 3.031655077514077146, -2.535273896433373864, 0.9522012735927111171 ) ) ;
#3263 = CARTESIAN_POINT ( 'NONE',  ( 0.7493166105661591692, -5.665611275929220092, 3.088077889624702976 ) ) ;
#3264 = CARTESIAN_POINT ( 'NONE',  ( 2.245064030267287070, -1.754837499999999384, 2.245064030267288846 ) ) ;
#3266 = CARTESIAN_POINT ( 'NONE',  ( -2.614456462989570795, -2.867718039722346290, 1.762970506733804177 ) ) ;
#3265 = CARTESIAN_POINT ( 'NONE',  ( -3.179327294782793523, -5.064468137127605907, -0.1965558211844254111 ) ) ;
#3267 = CARTESIAN_POINT ( 'NONE',  ( -1.746943960583592581, -5.421962499999997576, 1.746943960583590361 ) ) ;
#3268 = CARTESIAN_POINT ( 'NONE',  ( 0.4179138804796487250, -2.299278140294490402, -3.154172693560152396 ) ) ;
#3269 = CARTESIAN_POINT ( 'NONE',  ( 1.591362021382997760, -4.606409388340009237, 2.750503894287455342 ) ) ;
#3270 = CARTESIAN_POINT ( 'NONE',  ( -2.470551841763084511, -4.627418749999997694, -1.023336079404099763 ) ) ;
#3271 = CARTESIAN_POINT ( 'NONE',  ( 2.470551841763084511, -5.910912499999996683, 0.000000000000000000 ) ) ;
#3272 = ORIENTED_EDGE ( 'NONE', *, *, #2663, .T. ) ;
#3273 = ORIENTED_EDGE ( 'NONE', *, *, #2930, .T. ) ;
#3275 = CARTESIAN_POINT ( 'NONE',  ( -3.116535532785330798, -5.917517122753897851, -0.4801096555481350059 ) ) ;
#3274 = CARTESIAN_POINT ( 'NONE',  ( -2.923683038955116054, -4.034025128535168037, 1.182510798032836430 ) ) ;
#3276 = CARTESIAN_POINT ( 'NONE',  ( 0.4165683526368934575, -6.660248090945843913, 3.154341398786484341 ) ) ;
#3277 = CARTESIAN_POINT ( 'NONE',  ( -1.406457084003308378, -4.846644965445690900, 2.854022742774195098 ) ) ;
#3278 = CARTESIAN_POINT ( 'NONE',  ( -1.021939313020854057, -4.774814638349555551, 3.013340775397197024 ) ) ;
#3279 = CARTESIAN_POINT ( 'NONE',  ( -1.746943960583590805, -7.499999999999998224, -1.746943960583592581 ) ) ;
#3280 = CARTESIAN_POINT ( 'NONE',  ( -1.048796467713635883, -2.871264632748718792, 3.007703242589843118 ) ) ;
#3281 = CARTESIAN_POINT ( 'NONE',  ( -1.033928862999106603E-15, -3.343924999999997816, 2.470551841763084511 ) ) ;
#3282 = CARTESIAN_POINT ( 'NONE',  ( 0.000000000000000000, -2.000000000000000000, 2.168404344971008868E-15 ) ) ;
#3283 = CARTESIAN_POINT ( 'NONE',  ( -1.749140799190791462, -3.837462779892365283, 2.662460172635530142 ) ) ;
#3284 = CARTESIAN_POINT ( 'NONE',  ( 1.406661273226492925, -3.725650441684707825, 2.853963656893195644 ) ) ;
#3285 = CARTESIAN_POINT ( 'NONE',  ( -3.154388543284280200, -4.021941155507152921, 0.4162436312991088516 ) ) ;
#3286 = CARTESIAN_POINT ( 'NONE',  ( -0.2076812973831033693, -2.828967741908050559, 3.174999999998589395 ) ) ;
#3288 = CARTESIAN_POINT ( 'NONE',  ( 1.329726829000699384, -4.406223035952181455, -2.859274300542060665 ) ) ;
#3287 = CARTESIAN_POINT ( 'NONE',  ( 2.081167714619749365, -6.406813741359870029, -2.369707792742240304 ) ) ;
#3289 = CARTESIAN_POINT ( 'NONE',  ( 0.3749950450617619557, -2.750755029014297026, 3.163442283947841993 ) ) ;
#3290 = CARTESIAN_POINT ( 'NONE',  ( -2.961837113542577615, -5.853308894514420047, 1.151190746652555275 ) ) ;
#3291 = CARTESIAN_POINT ( 'NONE',  ( -1.163333890321619382E-15, -1.877074999999998939, 3.174999999999999378 ) ) ;
#3293 = CARTESIAN_POINT ( 'NONE',  ( -2.101377735163198590, -3.091396823737841526, -2.351387297596349679 ) ) ;
#3292 = CARTESIAN_POINT ( 'NONE',  ( -1.627722208062634124, -5.215667689298956411, -2.738043653857197501 ) ) ;
#3294 = DIRECTION ( 'NONE',  ( 0.000000000000000000, 0.000000000000000000, -1.000000000000000000 ) ) ;
#3295 = CARTESIAN_POINT ( 'NONE',  ( 3.010707087490965937E-11, -2.768399587358396197, 3.174999999999999378 ) ) ;
#3296 = CIRCLE ( 'NONE', #2519, 2.391787062128927221 ) ;
#3297 = CARTESIAN_POINT ( 'NONE',  ( -1.734918204813801657, -4.763612634710247207, 2.624400159745811312 ) ) ;
#3298 = CARTESIAN_POINT ( 'NONE',  ( 1.023336079404098431, -3.282806249999997039, 2.470551841763084067 ) ) ;
#3299 = EDGE_CURVE ( 'NONE', #2917, #2022, #1558, .T. ) ;
#3300 = CARTESIAN_POINT ( 'NONE',  ( -1.023336079404097543, -6.583218749999998565, -2.470551841763085399 ) ) ;
#3301 = VECTOR ( 'NONE', #535, 1000.000000000000000 ) ;
#3302 = ORIENTED_EDGE ( 'NONE', *, *, #3333, .T. ) ;
#3304 = CARTESIAN_POINT ( 'NONE',  ( 2.954896743822084115, -6.438754456925068759, 1.101003472028123431 ) ) ;
#3303 = CARTESIAN_POINT ( 'NONE',  ( -3.145267250774472334, -4.096898350905374464, -0.06671408613420506950 ) ) ;
#3305 = COORDINATED_UNIVERSAL_TIME_OFFSET ( 6, 0, .BEHIND. ) ;
#3306 = CARTESIAN_POINT ( 'NONE',  ( -2.393600376466934243, -5.885018139378620283, 2.096412738075468241 ) ) ;
#3307 = CARTESIAN_POINT ( 'NONE',  ( 2.097125375613206000, -4.611684128291609674, 2.392786201764845799 ) ) ;
#3308 = CARTESIAN_POINT ( 'NONE',  ( 1.023336079404099319, -7.683356249999997445, -2.470551841763084955 ) ) ;
#3309 = CARTESIAN_POINT ( 'NONE',  ( -3.045121436823791328, -3.075499036030600930, 0.8200774865860043228 ) ) ;
#3310 = CARTESIAN_POINT ( 'NONE',  ( 2.245064030267288846, -8.233424999999995109, -2.245064030267287958 ) ) ;
#3311 = CARTESIAN_POINT ( 'NONE',  ( 1.935585976073860515, -4.672646009579398019, 2.525253936852927872 ) ) ;
#3312 = CARTESIAN_POINT ( 'NONE',  ( -2.158884470149344814, -3.862658162713937138, 2.342521195381634502 ) ) ;
#3313 = CARTESIAN_POINT ( 'NONE',  ( -2.968951831170231870, -6.866839414705443900, 1.155043880287194069 ) ) ;
#3314 = CARTESIAN_POINT ( 'NONE',  ( -1.405620194392074307, -4.214657355937418082, -2.854406880418760117 ) ) ;
#3315 = CARTESIAN_POINT ( 'NONE',  ( -3.040441156866793282, -2.039144794762478341, 0.9498523071796766137 ) ) ;
#3317 = CARTESIAN_POINT ( 'NONE',  ( 2.882133202764177060, -4.517629710437455870, -1.279175356460178659 ) ) ;
#3316 = CARTESIAN_POINT ( 'NONE',  ( 1.877095889415574259, -6.683071363412306454, 2.534175872768014592 ) ) ;
#3318 = CARTESIAN_POINT ( 'NONE',  ( 2.714912466390942747, -2.610242064492609870, 1.666583672042353026 ) ) ;
#3319 = CARTESIAN_POINT ( 'NONE',  ( 0.4912675577116392134, -5.642922607096313214, 3.139483372995468535 ) ) ;
#3320 = CARTESIAN_POINT ( 'NONE',  ( -2.470551841763084511, -5.421962499999996687, -1.462747044969660897E-15 ) ) ;
#3322 = CARTESIAN_POINT ( 'NONE',  ( 2.204662988071494301, -2.348104019555641742, -2.254627453063931863 ) ) ;
#3321 = CARTESIAN_POINT ( 'NONE',  ( 2.898572308378659645, -5.497573005746732022, -1.242455767540291856 ) ) ;
#3323 = CARTESIAN_POINT ( 'NONE',  ( -1.033928862999106603E-15, -5.299724999999997799, 2.470551841763084511 ) ) ;
#3324 = CARTESIAN_POINT ( 'NONE',  ( 1.408693078782360830, -2.351123726320624385, -2.853067821009714677 ) ) ;
#3325 = CARTESIAN_POINT ( 'NONE',  ( -3.129891842032697991, -4.898064030499448052, 0.3884000419778992352 ) ) ;
#3326 = CARTESIAN_POINT ( 'NONE',  ( 0.000000000000000000, 4.645553918089162515, 3.469446951953614189E-15 ) ) ;
#3327 = CARTESIAN_POINT ( 'NONE',  ( -1.746943960583592359, -6.277624999999997790, 1.746943960583590361 ) ) ;
#3328 = ORIENTED_EDGE ( 'NONE', *, *, #765, .F. ) ;
#3330 = CARTESIAN_POINT ( 'NONE',  ( 2.290179804508522654, -6.265073634398562241, -2.167535716246308475 ) ) ;
#3329 = CARTESIAN_POINT ( 'NONE',  ( 2.977717826689857183, -4.509930518856507753, -1.131223223079057760 ) ) ;
#3331 = CARTESIAN_POINT ( 'NONE',  ( 1.590823779222688916, -6.598002273197308476, 2.755518907329779665 ) ) ;
#3332 = CARTESIAN_POINT ( 'NONE',  ( -3.174906323159246035, -6.016758522094862727, -0.4145613538746719673 ) ) ;
#3333 = EDGE_CURVE ( 'NONE', #4150, #1316, #2430, .T. ) ;
#3334 = CARTESIAN_POINT ( 'NONE',  ( 0.000000000000000000, 5.154792120110954556, 1.582935171828836474E-12 ) ) ;
#3335 = CARTESIAN_POINT ( 'NONE',  ( 0.000000000000000000, 5.754792120177906867, 1.500000000000004441 ) ) ;
#3336 = CARTESIAN_POINT ( 'NONE',  ( -1.840527835562013159, -3.211653342732013083, -2.600109538673013088 ) ) ;
#3337 = CARTESIAN_POINT ( 'NONE',  ( 2.470551841763084067, -2.182668749999997715, 1.023336079404100207 ) ) ;
#3338 = CARTESIAN_POINT ( 'NONE',  ( -2.796076003593114923, -6.798184762820733695, 1.436266397756583046 ) ) ;
#3339 = CARTESIAN_POINT ( 'NONE',  ( -2.982375629787213267, -3.887347237230424302, 1.026383610483141196 ) ) ;
#3340 = CARTESIAN_POINT ( 'NONE',  ( -4.644257445613893058E-15, -3.797212912640199445, 3.174999999999999378 ) ) ;
#3341 = CARTESIAN_POINT ( 'NONE',  ( 9.184850993605150903E-17, 7.500000000000000000, -0.7499999999999985567 ) ) ;
#3342 = CARTESIAN_POINT ( 'NONE',  ( -2.818830302037428570, -2.065315481001722908, 1.414096545744454980 ) ) ;
#3344 = CARTESIAN_POINT ( 'NONE',  ( -3.152487554764996869, -5.075134632980919491, -0.07686704750583824020 ) ) ;
#3343 = CARTESIAN_POINT ( 'NONE',  ( 2.612504300324979045, -6.617626041854231644, 1.822492008846857470 ) ) ;
#3345 = CARTESIAN_POINT ( 'NONE',  ( -2.965113490055354628, -2.954703197183386365, 1.164992345649723759 ) ) ;
#3346 = CARTESIAN_POINT ( 'NONE',  ( -3.174435135712078804, -5.898518185083418963, 0.2664571764318888758 ) ) ;
#3347 = CARTESIAN_POINT ( 'NONE',  ( 1.023336079404099319, -5.727556249999997462, -2.470551841763084955 ) ) ;
#3349 = CARTESIAN_POINT ( 'NONE',  ( 1.817578407069964985, -2.619945773633889807, 2.576703657146176329 ) ) ;
#3348 = CARTESIAN_POINT ( 'NONE',  ( 0.2213653910025553395, -5.778288713235621543, 3.169865591161876051 ) ) ;
#3350 = LINE ( 'NONE', #3379, #1043 ) ;
#3351 = CARTESIAN_POINT ( 'NONE',  ( 2.099175640942188448, -2.655755748688717333, 2.391068626142700992 ) ) ;
#3352 = CARTESIAN_POINT ( 'NONE',  ( -2.162422126761115226, -4.805309234210866087, 2.328438814391948330 ) ) ;
#3353 = CARTESIAN_POINT ( 'NONE',  ( -1.935549237317125026, -4.132797300468967983, -2.525338880845395373 ) ) ;
#3354 = CARTESIAN_POINT ( 'NONE',  ( 1.746943960583590583, -5.055249999999997357, 1.746943960583591693 ) ) ;
#3355 = ORIENTED_EDGE ( 'NONE', *, *, #2623, .T. ) ;
#3357 = CARTESIAN_POINT ( 'NONE',  ( 2.119396241517269797, -6.512917693317382017, 2.334798315293278304 ) ) ;
#3356 = CARTESIAN_POINT ( 'NONE',  ( 2.529089538113452384, -4.668136851818627697, 1.923734018597650808 ) ) ;
#3358 = DIRECTION ( 'NONE',  ( 0.000000000000000000, -1.000000000000000000, 0.000000000000000000 ) ) ;
#3359 = CARTESIAN_POINT ( 'NONE',  ( -2.539609863873244056, -7.344931105099572477, -0.5544567853593792561 ) ) ;
#3360 = CARTESIAN_POINT ( 'NONE',  ( -2.067426442291087074, -2.219957338127093838, -2.425997941433195582 ) ) ;
#3361 = CARTESIAN_POINT ( 'NONE',  ( -2.470551841763084067, -2.549381249999996601, -1.023336079404099541 ) ) ;
#3362 = CARTESIAN_POINT ( 'NONE',  ( -0.5373789041986127835, -3.334305091313297442, -3.099713596070732713 ) ) ;
#3363 = CARTESIAN_POINT ( 'NONE',  ( 1.746943960583592359, -1.999312499999997605, -1.746943960583591693 ) ) ;
#3364 = DIRECTION ( 'NONE',  ( 1.000000000000000000, 8.266721918851395178E-48, 1.073081856240827703E-16 ) ) ;
#3365 = CARTESIAN_POINT ( 'NONE',  ( 0.9826442567430720976, -4.283712207658876281, -3.030289517690635037 ) ) ;
#3366 = CARTESIAN_POINT ( 'NONE',  ( 1.405580904656852814, -3.328852894782216687, -2.854428884107115039 ) ) ;
#3367 = CARTESIAN_POINT ( 'NONE',  ( -4.644257445613893058E-15, -3.797212912640199445, 3.174999999999999378 ) ) ;
#3368 = EDGE_LOOP ( 'NONE', ( #341, #498, #4225, #1751, #3272, #4860 ) ) ;
#3369 = CARTESIAN_POINT ( 'NONE',  ( 1.215953572124611082, -2.444097198045246611, -2.909946215269023195 ) ) ;
#3371 = CARTESIAN_POINT ( 'NONE',  ( -2.096194121342247474, -5.918841919164816723, 2.355672683509185017 ) ) ;
#3370 = CARTESIAN_POINT ( 'NONE',  ( 1.210019213639406122, -6.721736286066940735, 2.912236063445711842 ) ) ;
#3372 = CARTESIAN_POINT ( 'NONE',  ( -2.607438084083934626, -3.073197639810827830, -1.830281615217580704 ) ) ;
#3373 = CARTESIAN_POINT ( 'NONE',  ( 1.356063403735841666, -6.224206335135483492, -2.873810341966989590 ) ) ;
#3374 = B_SPLINE_CURVE_WITH_KNOTS ( 'NONE', 3,
 ( #2866, #799, #1696, #2462, #3359, #5026, #4127, #1012, #2213, #3003, #3419, #1418, #1726, #3443, #2236, #3854, #5153, #113, #960, #5106 ),
 .UNSPECIFIED., .F., .F.,
 ( 4, 2, 2, 2, 2, 2, 2, 2, 2, 4 ),
 ( 1.111638569877783984E-14, 0.0007310326925989035253, 0.001096549038892796367, 0.001462065385186689642, 0.002193098077774475758, 0.002924130770362261874, 0.003655163462950047990, 0.004386196155537832805, 0.005117228848125618922, 0.005848261540713404170 ),
 .UNSPECIFIED. ) ;
#3375 = CARTESIAN_POINT ( 'NONE',  ( 7.313735224848304483E-16, -4.688537499999997138, -2.470551841763084955 ) ) ;
#3376 = EDGE_LOOP ( 'NONE', ( #3226, #1871 ) ) ;
#3378 = CARTESIAN_POINT ( 'NONE',  ( 2.691169475706537639, -3.363772146687600273, -1.643399533294420900 ) ) ;
#3377 = CARTESIAN_POINT ( 'NONE',  ( 3.174434192118676279, -5.520874800364136803, 0.2653106544128942534 ) ) ;
#3379 = CARTESIAN_POINT ( 'NONE',  ( -3.499999999999999556, 7.500000000000000000, 2.020725942163691169 ) ) ;
#3380 = CARTESIAN_POINT ( 'NONE',  ( 2.929094369878241820E-16, 7.237910539948425814, -2.391787062128924113 ) ) ;
#3381 = CARTESIAN_POINT ( 'NONE',  ( -0.6772885672728568007, -5.128014571282078826, -3.080355091885812691 ) ) ;
#3382 = CARTESIAN_POINT ( 'NONE',  ( -2.097532970485616044, -3.858833986322490972, 2.392674361128500404 ) ) ;
#3383 = ORIENTED_EDGE ( 'NONE', *, *, #3497, .T. ) ;
#3384 = VERTEX_POINT ( 'NONE', #579 ) ;
#3386 = CARTESIAN_POINT ( 'NONE',  ( 2.107347107837167499, -6.253364847290119322, -2.345694777046911650 ) ) ;
#3385 = CARTESIAN_POINT ( 'NONE',  ( 0.4862377799747945595, -4.309270197590143070, -3.148168201397455235 ) ) ;
#3387 = FACE_OUTER_BOUND ( 'NONE', #1605, .T. ) ;
#3388 = TOROIDAL_SURFACE ( 'NONE', #1993, 1.952016013762337465, 0.5000000000000000000 ) ;
#3389 = CARTESIAN_POINT ( 'NONE',  ( 2.625628042245874649, -7.130646736542523456, -1.019916356933044277 ) ) ;
#3390 = CARTESIAN_POINT ( 'NONE',  ( -2.990959763856846931E-11, -5.213149587358405057, -3.175000000000000266 ) ) ;
#3391 = ORIENTED_EDGE ( 'NONE', *, *, #183, .T. ) ;
#3392 = CARTESIAN_POINT ( 'NONE',  ( 1.746943960583591915, -5.788674999999997794, -1.746943960583591471 ) ) ;
#3393 = VECTOR ( 'NONE', #3806, 1000.000000000000227 ) ;
#3394 = CARTESIAN_POINT ( 'NONE',  ( 2.928362574825455145, -3.525393784816455156, -1.253586137308422277 ) ) ;
#3395 = VERTEX_POINT ( 'NONE', #1289 ) ;
#3396 = CARTESIAN_POINT ( 'NONE',  ( -1.315128060534579202, -7.683356249999995669, 3.174999999999998934 ) ) ;
#3397 = DIRECTION ( 'NONE',  ( 1.000000000000000000, -3.552062643146505149E-32, 1.224646799147353207E-16 ) ) ;
#3398 = AXIS2_PLACEMENT_3D ( 'NONE', #3026, #4286, #2235 ) ;
#3399 = CARTESIAN_POINT ( 'NONE',  ( -2.529424108341913779, -4.093223567347970437, -1.936923856114091347 ) ) ;
#3400 = CARTESIAN_POINT ( 'NONE',  ( 0.000000000000000000, -6.766574999999998674, 3.174999999999999378 ) ) ;
#3401 = CARTESIAN_POINT ( 'NONE',  ( -1.590154631312740152, -4.204188591053532598, -2.756034957316588763 ) ) ;
#3402 = CARTESIAN_POINT ( 'NONE',  ( -0.2823806355711561689, -2.317192795351489032, -3.172782763522938421 ) ) ;
#3403 = CARTESIAN_POINT ( 'NONE',  ( -3.133404810248377359, -6.066380235275116384, -0.3532529028047668995 ) ) ;
#3404 = CARTESIAN_POINT ( 'NONE',  ( -3.058511805486748170, -3.020858147959424755, -0.8909028998359572737 ) ) ;
#3405 = EDGE_CURVE ( 'NONE', #2826, #50, #4352, .T. ) ;
#3406 = CARTESIAN_POINT ( 'NONE',  ( 1.898398875764520710, -6.240191038529041556, -2.518754108413752135 ) ) ;
#3407 = CARTESIAN_POINT ( 'NONE',  ( -1.033928862999106603E-15, -3.221687499999997151, 2.470551841763084067 ) ) ;
#3409 = CARTESIAN_POINT ( 'NONE',  ( 2.295709505620993518, -2.508990463881715094, -2.161885426080864203 ) ) ;
#3408 = CARTESIAN_POINT ( 'NONE',  ( 1.567489147325146659, -5.672423481484483609, 2.773273621158618418 ) ) ;
#3410 = CARTESIAN_POINT ( 'NONE',  ( -1.746943960583591027, -3.710637499999998035, -1.746943960583593025 ) ) ;
#3411 = CARTESIAN_POINT ( 'NONE',  ( -2.602605694719190677, -2.130731483202632059, -1.823217351768009920 ) ) ;
#3412 = CARTESIAN_POINT ( 'NONE',  ( -0.9260646807740386954, -5.115068971804950237, -3.015167531700112313 ) ) ;
#3413 = CARTESIAN_POINT ( 'NONE',  ( 1.724882321443684244E-11, -4.235249587360597978, -3.175000000000000266 ) ) ;
#3414 = VERTEX_POINT ( 'NONE', #81 ) ;
#3415 = ORIENTED_EDGE ( 'NONE', *, *, #2734, .F. ) ;
#3417 = CARTESIAN_POINT ( 'NONE',  ( -3.074913361521102839, -4.950716510598406117, -0.6993327526808534866 ) ) ;
#3416 = CARTESIAN_POINT ( 'NONE',  ( 2.876629497105820832, -4.496956705084567574, -1.368516269761652415 ) ) ;
#3418 = CARTESIAN_POINT ( 'NONE',  ( -2.063689070395763103, 1.315472786230115654, -2.849980444010697056 ) ) ;
#3419 = CARTESIAN_POINT ( 'NONE',  ( -2.574653579490451705, -7.142344894351282392, 1.124579391277882756 ) ) ;
#3420 = CARTESIAN_POINT ( 'NONE',  ( -2.099097383532182892, -5.100511109023022627, -2.391158049774909866 ) ) ;
#3421 = CARTESIAN_POINT ( 'NONE',  ( -2.470551841763085399, -4.382943749999997252, 1.023336079404096655 ) ) ;
#3422 = ORIENTED_EDGE ( 'NONE', *, *, #2623, .F. ) ;
#3423 = CARTESIAN_POINT ( 'NONE',  ( -0.1569221212698260481, -3.300943464600329502, -3.173733577875565093 ) ) ;
#3424 = CARTESIAN_POINT ( 'NONE',  ( 2.245064030267288846, -6.277624999999996014, -2.245064030267287958 ) ) ;
#3425 = CARTESIAN_POINT ( 'NONE',  ( -3.499999999999999556, 1.166650997455670025, -0.8658975571695127771 ) ) ;
#3426 = EDGE_CURVE ( 'NONE', #1634, #1844, #4624, .T. ) ;
#3427 = CARTESIAN_POINT ( 'NONE',  ( 3.073687380000419189, -3.541992231526484236, 0.8221517910444654520 ) ) ;
#3428 = CARTESIAN_POINT ( 'NONE',  ( -1.305092028112802671, -2.512386311717348608, -2.418603489026507791 ) ) ;
#3429 = CARTESIAN_POINT ( 'NONE',  ( -2.325472144394129526, -2.203077264476142272, -2.176874681250204002 ) ) ;
#3430 = CARTESIAN_POINT ( 'NONE',  ( -3.149927806431426447, -6.042675204241605869, 0.1448685057534910003 ) ) ;
#3431 = CARTESIAN_POINT ( 'NONE',  ( -2.748811437662654455, -3.095929864402675147, -1.610420915894245519 ) ) ;
#3432 = CARTESIAN_POINT ( 'NONE',  ( 0.8590519793217508138, -6.181530850821420842, -3.026458990103652713 ) ) ;
#3433 = CARTESIAN_POINT ( 'NONE',  ( -2.470551841763085399, -3.405043749999997260, 1.023336079404096655 ) ) ;
#3435 = CARTESIAN_POINT ( 'NONE',  ( 0.4335928806602461494, -2.248077093200758547, -3.123303497451665578 ) ) ;
#3434 = CARTESIAN_POINT ( 'NONE',  ( 1.340567249045115039, -5.720879172021538395, 2.889542487119859615 ) ) ;
#3436 = CARTESIAN_POINT ( 'NONE',  ( 7.657907256503758141E-16, -2.169673028306644103, -3.032627424527159388 ) ) ;
#3437 = CARTESIAN_POINT ( 'NONE',  ( -2.601582448727471686, -2.095149896979884296, -1.824677040022832264 ) ) ;
#3438 = CARTESIAN_POINT ( 'NONE',  ( -2.596194453787655121, -5.064978386461314486, -1.832331956317779564 ) ) ;
#3439 = CARTESIAN_POINT ( 'NONE',  ( -3.073269446315540776, -4.031045542575456331, -0.8242013238084680005 ) ) ;
#3441 = CARTESIAN_POINT ( 'NONE',  ( -3.152998285544635682, -4.914508856272218118, 0.04766080703481784947 ) ) ;
#3440 = CARTESIAN_POINT ( 'NONE',  ( -0.03088818056082011376, -4.320190602149409642, -3.185343570756922649 ) ) ;
#3442 = CARTESIAN_POINT ( 'NONE',  ( -0.5489635886550690014, 0.9632531356977339643, -3.724507608642071865 ) ) ;
#3443 = CARTESIAN_POINT ( 'NONE',  ( -1.981743405715244100, -7.006410662637696518, 2.178713047434012395 ) ) ;
#3444 = CARTESIAN_POINT ( 'NONE',  ( 2.470551841763083178, -3.038331249999997929, 1.023336079404100207 ) ) ;
#3445 = VERTEX_POINT ( 'NONE', #3798 ) ;
#3446 = CARTESIAN_POINT ( 'NONE',  ( -0.02637364867417479886, -3.306989340823777379, -3.177506537402488451 ) ) ;
#3447 = CARTESIAN_POINT ( 'NONE',  ( -1.163333890321619382E-15, -3.710637499999995370, 3.174999999999999378 ) ) ;
#3448 = CARTESIAN_POINT ( 'NONE',  ( -3.500000000000000000, 0.9603960560493501886, 1.392069016343324028 ) ) ;
#3449 = CARTESIAN_POINT ( 'NONE',  ( 3.012188603319669866, -3.501969645983033175, -1.024758887121268280 ) ) ;
#3450 = CARTESIAN_POINT ( 'NONE',  ( -2.445981016224523685, -2.018355907260299897, 2.000058533832390406 ) ) ;
#3451 = CARTESIAN_POINT ( 'NONE',  ( 0.6127879085385573577, -2.395601536766599704, -3.117969021648079320 ) ) ;
#3452 = CARTESIAN_POINT ( 'NONE',  ( 0.3959920190086096969, -5.335056822622462391, -3.128505587008557409 ) ) ;
#3453 = CARTESIAN_POINT ( 'NONE',  ( -2.054516422933438502, -3.093999765952150316, -2.382564788723680493 ) ) ;
#3454 = CARTESIAN_POINT ( 'NONE',  ( -2.350657112061532494, -6.061817710853595997, -2.138252487127981105 ) ) ;
#3455 = CARTESIAN_POINT ( 'NONE',  ( 2.853283350584114419, -5.580155573247809642, 1.407992804234041939 ) ) ;
#3457 = DIRECTION ( 'NONE',  ( 0.000000000000000000, 1.000000000000000000, -7.703719777548943412E-32 ) ) ;
#3456 = CARTESIAN_POINT ( 'NONE',  ( -1.634288399719519003, -5.873113369208540213, 2.734123948796908010 ) ) ;
#3458 = CARTESIAN_POINT ( 'NONE',  ( -2.470551841763085843, -3.527281249999997481, 1.023336079404096877 ) ) ;
#3459 = DIRECTION ( 'NONE',  ( 0.000000000000000000, -2.715482188147275855E-16, 1.000000000000000000 ) ) ;
#3460 = CARTESIAN_POINT ( 'NONE',  ( -2.737851437792560017, -5.052061273562938659, -1.613020627455933997 ) ) ;
#3461 = CARTESIAN_POINT ( 'NONE',  ( 3.174999999999999822, -6.522099999999999120, 0.000000000000000000 ) ) ;
#3463 = CARTESIAN_POINT ( 'NONE',  ( 2.841082648060793581, -5.335413379259248856, -1.368017397999902851 ) ) ;
#3462 = CARTESIAN_POINT ( 'NONE',  ( -0.5486402498365324787, -4.837140979355288195, 3.129884996670790898 ) ) ;
#3464 = CARTESIAN_POINT ( 'NONE',  ( -3.162382280860818629, -2.000000000000083933, 0.4183317404496717518 ) ) ;
#3465 = CARTESIAN_POINT ( 'NONE',  ( 2.194488952878731261E-11, -7.329300924968764619, 2.612274075031232989 ) ) ;
#3466 = ADVANCED_FACE ( 'NONE', ( #3387 ), #3108, .T. ) ;
#3467 = CARTESIAN_POINT ( 'NONE',  ( 1.746943960583591915, -2.854974999999997376, -1.746943960583591471 ) ) ;
#3468 = CARTESIAN_POINT ( 'NONE',  ( 3.174575707733922059, -3.600611535354502735, 0.2625824316857485186 ) ) ;
#3469 = CARTESIAN_POINT ( 'NONE',  ( -0.03670330294312865865, -6.768478368088320707, 3.185256930672333731 ) ) ;
#3470 = CARTESIAN_POINT ( 'NONE',  ( -3.174999999999999378, -4.994131249999995248, -1.315128060534578092 ) ) ;
#3471 = CARTESIAN_POINT ( 'NONE',  ( 1.144401025603482370E-15, -1.999999999999997113, -4.041451884327381450 ) ) ;
#3472 = CONICAL_SURFACE ( 'NONE', #4172, 2.250000000003628653, 0.4958973273366436008 ) ;
#3473 = CARTESIAN_POINT ( 'NONE',  ( -2.208251438607313322, -2.615366120525140392, 1.489666704786607676 ) ) ;
#3474 = CARTESIAN_POINT ( 'NONE',  ( -2.446752117256553838, -2.015778837873815288, 2.002530968257000055 ) ) ;
#3475 = ORIENTED_EDGE ( 'NONE', *, *, #3566, .F. ) ;
#3476 = CARTESIAN_POINT ( 'NONE',  ( 0.4859334544281022628, -2.353609038056093894, -3.140235174711891286 ) ) ;
#3477 = AXIS2_PLACEMENT_3D ( 'NONE', #1474, #3928, #1915 ) ;
#3478 = CARTESIAN_POINT ( 'NONE',  ( -2.470428749943808455, -6.154675182380564102, -1.959618888959232752 ) ) ;
#3479 = CARTESIAN_POINT ( 'NONE',  ( -0.1739351002569808069, -3.213721866065200938, -3.181128246604168819 ) ) ;
#3480 = CARTESIAN_POINT ( 'NONE',  ( 1.223781489154318391, -6.201143996824911575, -2.898262525506905884 ) ) ;
#3481 = LOCAL_TIME ( 17, 20, 4.000000000000000000, #25 ) ;
#3482 = CARTESIAN_POINT ( 'NONE',  ( -1.023336079404097543, -1.693718749999997497, -2.470551841763085399 ) ) ;
#3484 = CARTESIAN_POINT ( 'NONE',  ( -1.725084468413458083, -2.136559626972131642, -2.639568468108101751 ) ) ;
#3483 = CARTESIAN_POINT ( 'NONE',  ( 0.09326968731838591875, -5.784316786026000301, 3.176238021068442663 ) ) ;
#3485 = CARTESIAN_POINT ( 'NONE',  ( 2.470551841763084955, -5.055249999999998245, 0.000000000000000000 ) ) ;
#3486 = CARTESIAN_POINT ( 'NONE',  ( -1.983323072229437711, -2.138484464059580592, -2.492888619105589232 ) ) ;
#3487 = CIRCLE ( 'NONE', #5299, 2.391787062128927221 ) ;
#3488 = CARTESIAN_POINT ( 'NONE',  ( -3.151399845165939073, -4.922611396767307745, -0.1256006652666213919 ) ) ;
#3489 = APPROVAL ( #4180, 'UNSPECIFIED' ) ;
#3490 = CARTESIAN_POINT ( 'NONE',  ( 7.745085315923348724E-16, -4.321824999999999584, -3.175000000000000266 ) ) ;
#3492 = CARTESIAN_POINT ( 'NONE',  ( -1.204604793507207727, -5.100029837959289658, -2.914153766487699748 ) ) ;
#3491 = CARTESIAN_POINT ( 'NONE',  ( -0.5423503768871325015, -4.853553507584518201, 3.098869758476945790 ) ) ;
#3493 = CARTESIAN_POINT ( 'NONE',  ( 0.8250028341196461446, -2.370656875784090456, -3.073071539894353332 ) ) ;
#3494 = CARTESIAN_POINT ( 'NONE',  ( -2.061917427036579209, 1.293809119327134383, 2.851003302781030868 ) ) ;
#3495 = CARTESIAN_POINT ( 'NONE',  ( 0.4743186212985977535, -4.205890862625095927, -3.118048988568365321 ) ) ;
#3496 = CARTESIAN_POINT ( 'NONE',  ( 1.746943960583590805, -6.155387499999998013, 1.746943960583591915 ) ) ;
#3497 = EDGE_CURVE ( 'NONE', #2022, #2917, #5214, .T. ) ;
#3498 = CARTESIAN_POINT ( 'NONE',  ( -0.4211760335259625010, -3.817120417861350923, 3.157353205137766405 ) ) ;
#3499 = DIRECTION ( 'NONE',  ( 0.000000000000000000, 1.000000000000000000, -7.703719777548943412E-32 ) ) ;
#3500 = CARTESIAN_POINT ( 'NONE',  ( -1.315128060534576537, -5.116368749999995913, -3.175000000000000266 ) ) ;
#3501 = CARTESIAN_POINT ( 'NONE',  ( -2.796076003593114923, -6.798184762820733695, 1.436266397756583046 ) ) ;
#3502 = CARTESIAN_POINT ( 'NONE',  ( 2.043712439350058078E-15, -3.308262912640198561, -3.175000000000000266 ) ) ;
#3503 = CARTESIAN_POINT ( 'NONE',  ( -3.174897833188177643, -3.003155514012855409, 0.2091054657195113020 ) ) ;
#3504 = CARTESIAN_POINT ( 'NONE',  ( -2.361406668369202766, -2.383398176756286180, -1.623301481123996082 ) ) ;
#3505 = ORIENTED_EDGE ( 'NONE', *, *, #4204, .T. ) ;
#3506 = EDGE_CURVE ( 'NONE', #478, #1835, #4576, .T. ) ;
#3507 = CARTESIAN_POINT ( 'NONE',  ( 2.752250274133059005, -2.693181085466105795, 1.603984042068570037 ) ) ;
#3508 = CARTESIAN_POINT ( 'NONE',  ( -1.478213668982906350E-11, -2.330362912639511563, -3.175000000000000266 ) ) ;
#3509 = CARTESIAN_POINT ( 'NONE',  ( 2.911959286437837857, -3.388341794193197476, -1.211429737421196196 ) ) ;
#3510 = CARTESIAN_POINT ( 'NONE',  ( 3.124515850935495553, -6.463403816926588163, 0.5788301908528898920 ) ) ;
#3511 = CARTESIAN_POINT ( 'NONE',  ( 2.470551841763083178, -2.060431249999997050, 1.023336079404100207 ) ) ;
#3513 = CARTESIAN_POINT ( 'NONE',  ( -2.990576288288564477, -2.088103206849635018, 0.9997809451531733949 ) ) ;
#3512 = CARTESIAN_POINT ( 'NONE',  ( -1.617284956118774319, -5.889525097569406675, 2.707342327243956959 ) ) ;
#3514 = CARTESIAN_POINT ( 'NONE',  ( 2.470551841763084067, -5.116368749999997689, 1.023336079404100207 ) ) ;
#3515 = CARTESIAN_POINT ( 'NONE',  ( 0.5654801289689315169, -2.839528623375211058, -2.421147304684732493 ) ) ;
#3516 = CARTESIAN_POINT ( 'NONE',  ( -0.5641740385609894659, -2.216808052148715014, -3.135518466352999578 ) ) ;
#3517 = CARTESIAN_POINT ( 'NONE',  ( 2.944576435165662698, -5.361035323141534192, -1.215556360751722575 ) ) ;
#3518 = CARTESIAN_POINT ( 'NONE',  ( -1.163333890321619382E-15, -6.766574999999999562, 3.174999999999999378 ) ) ;
#3520 = CARTESIAN_POINT ( 'NONE',  ( -2.189356855968609405, -5.769750098350458600, 2.269304380265672716 ) ) ;
#3519 = CARTESIAN_POINT ( 'NONE',  ( -0.03930829894585478185, -4.812407972505385878, 3.185079511440999323 ) ) ;
#3521 = CARTESIAN_POINT ( 'NONE',  ( -1.993870764125350359, -7.422094928877996267, 1.547082803489721936 ) ) ;
#3522 = DIRECTION ( 'NONE',  ( -0.8660254037844385966, 0.000000000000000000, 0.4999999999999998890 ) ) ;
#3523 = CARTESIAN_POINT ( 'NONE',  ( 1.222063786608977853, -4.245083771074843249, -2.907495561235318160 ) ) ;
#3524 = CARTESIAN_POINT ( 'NONE',  ( 7.313735224848304483E-16, -1.754837499999997608, -2.470551841763084955 ) ) ;
#3525 = EDGE_LOOP ( 'NONE', ( #2215, #3635, #2350, #1554 ) ) ;
#3526 = CARTESIAN_POINT ( 'NONE',  ( -1.171007793036729083, -3.855717243346482803, 2.962340998690037086 ) ) ;
#3527 = CARTESIAN_POINT ( 'NONE',  ( 2.393684097665537802, -6.323062922685373621, -2.096340208414794848 ) ) ;
#3528 = CARTESIAN_POINT ( 'NONE',  ( 2.365174489939828373, 1.216517193596548418, -2.675917755880186100 ) ) ;
#3529 = CARTESIAN_POINT ( 'NONE',  ( -1.666893832545530474, -6.766574999999998674, 2.702237952331671966 ) ) ;
#3530 = DIRECTION ( 'NONE',  ( 0.000000000000000000, 1.000000000000000000, -7.703719777548943412E-32 ) ) ;
#3531 = CARTESIAN_POINT ( 'NONE',  ( -2.989781812012146656, -2.229692118126695544, -0.1629523080254944856 ) ) ;
#3532 = ORIENTED_EDGE ( 'NONE', *, *, #3083, .T. ) ;
#3533 = CARTESIAN_POINT ( 'NONE',  ( 2.727002961954135163, -2.544506994842734127, -1.583944855642712035 ) ) ;
#3534 = CARTESIAN_POINT ( 'NONE',  ( -0.06473024769905053044, -6.785882328996130752, 3.152876104774906540 ) ) ;
#3535 = CARTESIAN_POINT ( 'NONE',  ( 1.227308576560334874, -3.283420331628358557, -2.931072790110880177 ) ) ;
#3536 = CARTESIAN_POINT ( 'NONE',  ( 3.066290190453251352, -6.417949034238935369, 0.7039087457413142346 ) ) ;
#3537 = ADVANCED_FACE ( 'NONE', ( #3983 ), #263, .T. ) ;
#3538 = CARTESIAN_POINT ( 'NONE',  ( -2.093755924320208661E-11, -5.264062912639227321, -3.175000000000000266 ) ) ;
#3540 = CARTESIAN_POINT ( 'NONE',  ( -0.7247932007683567379, -3.884801256112359713, 3.068868712669985399 ) ) ;
#3539 = CARTESIAN_POINT ( 'NONE',  ( -0.9273972605850113737, -5.798557265778325309, 3.047491035929529080 ) ) ;
#3541 = CARTESIAN_POINT ( 'NONE',  ( 2.470551841763085399, -4.994131249999998801, -1.023336079404098653 ) ) ;
#3542 = CARTESIAN_POINT ( 'NONE',  ( -3.127807218353527929, -2.056423179627589803, 0.6142947635128077621 ) ) ;
#3543 = CARTESIAN_POINT ( 'NONE',  ( 1.694285928879002867, -2.331713321197607325, -2.697781168473447622 ) ) ;
#3544 = CARTESIAN_POINT ( 'NONE',  ( 1.242840215727266662, -5.604022263165767903, 2.933143662410309549 ) ) ;
#3545 = CARTESIAN_POINT ( 'NONE',  ( 3.174999999999999822, -4.566300000000000026, 0.000000000000000000 ) ) ;
#3547 = CARTESIAN_POINT ( 'NONE',  ( -2.264064036012614967, -4.058782225156149615, -2.194793740558424577 ) ) ;
#3546 = CARTESIAN_POINT ( 'NONE',  ( -2.654565676759582882, -4.963409333958392899, 1.760623468517592993 ) ) ;
#3548 = CARTESIAN_POINT ( 'NONE',  ( 2.755842856051450962, -2.656809587287609187, 1.590406386795052196 ) ) ;
#3549 = CARTESIAN_POINT ( 'NONE',  ( 2.853837000747849739, -6.414867735834784312, -1.406774689433542669 ) ) ;
#3550 = CARTESIAN_POINT ( 'NONE',  ( 2.882587812849110254, -4.376285600141856413, -1.337269399026450145 ) ) ;
#3551 = CARTESIAN_POINT ( 'NONE',  ( -2.470551841763085843, -7.438881249999998779, 1.023336079404096877 ) ) ;
#3552 = CARTESIAN_POINT ( 'NONE',  ( -0.6773599670707064480, -3.865556953432916387, 3.112539542551759464 ) ) ;
#3553 = PLANE ( 'NONE',  #4004 ) ;
#3554 = CARTESIAN_POINT ( 'NONE',  ( -2.093755924320208661E-11, -5.264062912639227321, -3.175000000000000266 ) ) ;
#3555 = CARTESIAN_POINT ( 'NONE',  ( -2.760248972699369308, -2.116708653994716194, -1.586727853252202225 ) ) ;
#3556 = CARTESIAN_POINT ( 'NONE',  ( 1.558678445369579890, -2.839528623375213723, -1.916806695204093636 ) ) ;
#3557 = DIRECTION ( 'NONE',  ( -0.000000000000000000, 1.000000000000000000, 2.900479261138468265E-16 ) ) ;
#3558 = ORIENTED_EDGE ( 'NONE', *, *, #4541, .T. ) ;
#3559 = CARTESIAN_POINT ( 'NONE',  ( 2.751330466298548050, -2.657600396034925705, 1.605554872881275852 ) ) ;
#3560 = CARTESIAN_POINT ( 'NONE',  ( 2.673121778360681766, -6.450895701067677734, -1.672641640739189306 ) ) ;
#3561 = AXIS2_PLACEMENT_3D ( 'NONE', #141, #2983, #119 ) ;
#3562 = CARTESIAN_POINT ( 'NONE',  ( 1.225623282311311568, -3.319000773186331354, -2.931777199691873115 ) ) ;
#3563 = CARTESIAN_POINT ( 'NONE',  ( 2.956609276144819720, -6.437505973481865595, 1.075114229522097897 ) ) ;
#3564 = LINE ( 'NONE', #5143, #3864 ) ;
#3565 = VECTOR ( 'NONE', #1097, 1000.000000000000000 ) ;
#3566 = EDGE_CURVE ( 'NONE', #4489, #4642, #2360, .T. ) ;
#3568 = CARTESIAN_POINT ( 'NONE',  ( 2.942102706432515813, -3.662051640911912376, 1.135100745428071933 ) ) ;
#3567 = CARTESIAN_POINT ( 'NONE',  ( -3.124328511739832503, -6.061056502930659562, -0.5794870131163806226 ) ) ;
#3569 = CARTESIAN_POINT ( 'NONE',  ( 1.746943960583592359, -7.866712499999997554, -1.746943960583591693 ) ) ;
#3570 = CARTESIAN_POINT ( 'NONE',  ( 3.061560786657465005, -2.446522916734483299, -0.8511421831464751619 ) ) ;
#3571 = AXIS2_PLACEMENT_3D ( 'NONE', #769, #798, #4996 ) ;
#3572 = CARTESIAN_POINT ( 'NONE',  ( 3.140288593230826208, -5.414505712540499616, 0.1903753629003849257 ) ) ;
#3573 = B_SPLINE_CURVE_WITH_KNOTS ( 'NONE', 3,
 ( #1940, #3215, #2728, #3109, #4010, #1138, #1040, #3601, #2293, #3578, #2703, #4368, #2781, #4398, #3956, #714, #238, #2376, #665, #4038, #1965, #3549, #1888, #4338, #3624, #2319, #264, #3984, #1502, #609, #3166, #4833, #1092, #2754 ),
 .UNSPECIFIED., .F., .F.,
 ( 4, 2, 2, 2, 2, 2, 2, 2, 2, 2, 2, 2, 2, 2, 2, 2, 4 ),
 ( 0.0007469237040993411455, 0.001377041089607875446, 0.002007158475116409962, 0.002637275860624944263, 0.003267393246133478563, 0.003897510631642013730, 0.004527628017150549765, 0.005157745402659084932, 0.005787862788167620100, 0.006417980173676155267, 0.007048097559184690435, 0.007678214944693227337, 0.008308332330201761637, 0.008938449715710297672, 0.009568567101218831972, 0.01019868448672736974, 0.01082880187223590404 ),
 .UNSPECIFIED. ) ;
#3574 = CARTESIAN_POINT ( 'NONE',  ( 1.315128060534577648, -5.360843749999999908, -3.174999999999999822 ) ) ;
#3576 = CARTESIAN_POINT ( 'NONE',  ( -1.953095928521930480, -3.798848389834537986, 2.475569536721429653 ) ) ;
#3575 = CARTESIAN_POINT ( 'NONE',  ( -3.169688588943300633, -5.004799427775926901, 0.3159135286268274223 ) ) ;
#3577 = CARTESIAN_POINT ( 'NONE',  ( 1.588835222214938003, -2.737415203367004946, 2.756829988624287964 ) ) ;
#3578 = CARTESIAN_POINT ( 'NONE',  ( 2.393421200789465519, -6.598920143157901208, 2.096673736028876522 ) ) ;
#3579 = CARTESIAN_POINT ( 'NONE',  ( 3.106147689097407572, -4.478265670989897806, 0.7074548970597648312 ) ) ;
#3580 = CARTESIAN_POINT ( 'NONE',  ( -1.033928862999106603E-15, -7.255524999999997782, 2.470551841763084511 ) ) ;
#3581 = CARTESIAN_POINT ( 'NONE',  ( 0.4775658298083623743, -3.774368059579074952, 3.141518535742599649 ) ) ;
#3582 = FACE_BOUND ( 'NONE', #2889, .T. ) ;
#3583 = CARTESIAN_POINT ( 'NONE',  ( -3.174999999999999822, -2.977212499999995376, -1.549017063184669745E-15 ) ) ;
#3584 = CARTESIAN_POINT ( 'NONE',  ( -3.499999999999999556, -1.999999999999997113, -2.020725942163689837 ) ) ;
#3585 = CARTESIAN_POINT ( 'NONE',  ( -2.540688387989779695, -3.115676325403250679, -1.949441648087218981 ) ) ;
#3586 = CARTESIAN_POINT ( 'NONE',  ( -1.746943960583592359, -7.255524999999997782, 1.746943960583590361 ) ) ;
#3587 = CARTESIAN_POINT ( 'NONE',  ( -0.6769542397180297044, -2.852120059637238914, 3.104636035652375003 ) ) ;
#3588 = CARTESIAN_POINT ( 'NONE',  ( 0.000000000000000000, -7.500000000000000000, 3.174999999999999378 ) ) ;
#3589 = CC_DESIGN_PERSON_AND_ORGANIZATION_ASSIGNMENT ( #4595, #372, ( #4356 ) ) ;
#3590 = CARTESIAN_POINT ( 'NONE',  ( 3.134047211378313769, -3.529176860290600182, 0.5714340108685577180 ) ) ;
#3591 = CARTESIAN_POINT ( 'NONE',  ( 3.071947071309750754, -6.358683087068335738, -0.8433907865682573890 ) ) ;
#3592 = CARTESIAN_POINT ( 'NONE',  ( 3.174896211649972599, -5.447893938436754624, -0.2093551338515684812 ) ) ;
#3594 = CARTESIAN_POINT ( 'NONE',  ( 1.944432443554483969, -3.464502495679508520, -2.482508686931260922 ) ) ;
#3593 = CARTESIAN_POINT ( 'NONE',  ( -0.5410325574567645956, -6.216121763907469955, -3.139134896865705571 ) ) ;
#3595 = CARTESIAN_POINT ( 'NONE',  ( 3.120995593288207637, -2.459455585443031556, -0.5974811496320071580 ) ) ;
#3596 = CARTESIAN_POINT ( 'NONE',  ( 2.214427717623234315, -5.332704694869714324, -2.290082305348976721 ) ) ;
#3597 = CARTESIAN_POINT ( 'NONE',  ( 1.315128060534576981, -2.793856249999999264, 3.174999999999999378 ) ) ;
#3599 = CARTESIAN_POINT ( 'NONE',  ( -3.019377268838471906, -3.983781302388465395, -0.9099218672084372628 ) ) ;
#3598 = CARTESIAN_POINT ( 'NONE',  ( 1.579306330439076644, -5.380988086025557671, -2.766335352544380122 ) ) ;
#3600 = CARTESIAN_POINT ( 'NONE',  ( 2.390728452471221566, -2.687502825343416113, 2.099488036353891474 ) ) ;
#3601 = CARTESIAN_POINT ( 'NONE',  ( 1.936920255971602334, -6.628364527203852496, 2.524241407016134975 ) ) ;
#3602 = CARTESIAN_POINT ( 'NONE',  ( 3.106545835049758342, -4.513846590229391609, 0.7056878423257858524 ) ) ;
#3603 = AXIS2_PLACEMENT_3D ( 'NONE', #5195, #3016, #1001 ) ;
#3604 = CARTESIAN_POINT ( 'NONE',  ( -1.746943960583591027, -3.710637499999998035, -1.746943960583593025 ) ) ;
#3605 = CARTESIAN_POINT ( 'NONE',  ( -2.031673031531180396, -3.958917814602632923, 2.412024153810963689 ) ) ;
#3606 = FACE_OUTER_BOUND ( 'NONE', #5282, .T. ) ;
#3607 = DIRECTION ( 'NONE',  ( 0.000000000000000000, 0.000000000000000000, 1.000000000000000000 ) ) ;
#3608 = CARTESIAN_POINT ( 'NONE',  ( -2.485056274700416346, -7.471023158236914874, -0.1807190154040173302 ) ) ;
#3609 = CARTESIAN_POINT ( 'NONE',  ( -2.774448661058873000, -2.930899313921988547, 1.598209291025548318 ) ) ;
#3610 = DIRECTION ( 'NONE',  ( -0.000000000000000000, 1.000000000000000000, -0.000000000000000000 ) ) ;
#3611 = CARTESIAN_POINT ( 'NONE',  ( 3.182461940496269293, -2.616621985182167709, 0.1348166976732224076 ) ) ;
#3612 = DIRECTION ( 'NONE',  ( 0.000000000000000000, 0.000000000000000000, -1.000000000000000000 ) ) ;
#3613 = CARTESIAN_POINT ( 'NONE',  ( 2.891999110231002756, -3.568479259677106441, 1.316811354795692557 ) ) ;
#3614 = CARTESIAN_POINT ( 'NONE',  ( 2.681312547221211151, -6.470346556591755061, 1.660691212328722965 ) ) ;
#3615 = CARTESIAN_POINT ( 'NONE',  ( 0.4143826994476210168, -5.232804539759541740, -3.154663948290445497 ) ) ;
#3617 = CARTESIAN_POINT ( 'NONE',  ( 0.7709066573612853857, -3.811477295283046907, 3.057732475698439867 ) ) ;
#3616 = CARTESIAN_POINT ( 'NONE',  ( -2.494934859948950923, -6.102606881021926277, -1.980325403663568462 ) ) ;
#3618 = CARTESIAN_POINT ( 'NONE',  ( 2.844380191154681992, -2.596961334458268489, 1.434412928853239899 ) ) ;
#3619 = CARTESIAN_POINT ( 'NONE',  ( 3.171913887765858586, -5.430919999728401670, 0.1914697417153351788 ) ) ;
#3620 = CARTESIAN_POINT ( 'NONE',  ( -3.175000000000000711, -3.038331249999998818, 1.315128060534574983 ) ) ;
#3622 = CARTESIAN_POINT ( 'NONE',  ( 0.1530658873402218623, -3.687119170505246846, 3.149575257607703183 ) ) ;
#3621 = CARTESIAN_POINT ( 'NONE',  ( 0.1010012353577537381, -5.304249466787927858, -3.183812085644097234 ) ) ;
#3623 = CARTESIAN_POINT ( 'NONE',  ( 1.023336079404099319, -4.871893749999998136, -2.470551841763085399 ) ) ;
#3624 = CARTESIAN_POINT ( 'NONE',  ( 2.391484060628575659, -6.373826897172657269, -2.098638232814187266 ) ) ;
#3625 = CARTESIAN_POINT ( 'NONE',  ( 2.008096944544133233, -4.342287820189649317, -2.462775124129706672 ) ) ;
#3626 = CARTESIAN_POINT ( 'NONE',  ( -1.023336079404097765, -4.749656249999996582, -2.470551841763085843 ) ) ;
#3627 = ORIENTED_EDGE ( 'NONE', *, *, #675, .F. ) ;
#3628 = ORIENTED_EDGE ( 'NONE', *, *, #4767, .F. ) ;
#3629 = CARTESIAN_POINT ( 'NONE',  ( -0.2848284807742451630, -4.324859371439323752, -3.140852221599016225 ) ) ;
#3630 = APPLICATION_PROTOCOL_DEFINITION ( 'international standard', 'config_control_design', 1994, #1544 ) ;
#3631 = CARTESIAN_POINT ( 'NONE',  ( 1.144401025603482370E-15, 0.6204091765964134808, -4.041451884327381450 ) ) ;
#3632 = EDGE_CURVE ( 'NONE', #2021, #4513, #5152, .T. ) ;
#3633 = CARTESIAN_POINT ( 'NONE',  ( -0.8235656169583075448, -4.764440443441113615, 3.073297842538708302 ) ) ;
#3634 = CARTESIAN_POINT ( 'NONE',  ( 1.746943960583590583, -7.011049999999998228, 1.746943960583591693 ) ) ;
#3635 = ORIENTED_EDGE ( 'NONE', *, *, #2002, .T. ) ;
#3636 = CARTESIAN_POINT ( 'NONE',  ( -1.292324867067131233, -2.884434695544479066, 2.911463767418972726 ) ) ;
#3637 = CARTESIAN_POINT ( 'NONE',  ( 0.8232045115391051215, -4.734890588956850443, 3.073388659739338280 ) ) ;
#3638 = CARTESIAN_POINT ( 'NONE',  ( 2.835743711243557730, -3.575002730015546248, 1.433885607061566647 ) ) ;
#3639 = CARTESIAN_POINT ( 'NONE',  ( 0.4918459992497963840, -6.656461830700217241, 3.139356297952737851 ) ) ;
#3640 = CARTESIAN_POINT ( 'NONE',  ( 2.755155420340650974, -5.539673257053626898, 1.591390411692209739 ) ) ;
#3642 = CARTESIAN_POINT ( 'NONE',  ( -2.030362303015068370, -2.980944771359396839, 2.412616862482729996 ) ) ;
#3641 = CARTESIAN_POINT ( 'NONE',  ( -0.1564748161231469259, -6.234664624369581354, -3.173752576077142340 ) ) ;
#3643 = CARTESIAN_POINT ( 'NONE',  ( 2.407544044195551347, -2.635652111148007570, 2.086140578039181737 ) ) ;
#3644 = CARTESIAN_POINT ( 'NONE',  ( 0.4930210946576520925, -5.678504389563025612, 3.139208600186023101 ) ) ;
#3645 = AXIS2_PLACEMENT_3D ( 'NONE', #4242, #965, #2604 ) ;
#3646 = CARTESIAN_POINT ( 'NONE',  ( -2.470551841763084511, -6.399862499999997567, -1.462747044969660897E-15 ) ) ;
#3647 =( BOUNDED_CURVE ( )  B_SPLINE_CURVE ( 2, ( #3708, #5362, #2047, #424, #3586, #4992, #2357, #3176, #2076, #2916, #4817, #4843, #3737, #20, #2888, #3300, #1663, #301, #1100, #673, #3327, #4019, #1076, #1196, #2328, #1484, #3271, #1949, #1224, #5265, #4936, #2861, #4536, #4562, #1254, #647, #3148, #794, #2737, #3965, #3354, #2511, #2104, #5021, #4175, #849, #1284, #452, #4590, #49, #3767, #1692, #2301, #5161, #5215, #3937, #4318, #1099, #2736, #5264, #4865, #5241, #3964, #1483, #2710, #1896, #3175, #1122, #300, #1842, #4376, #4759, #4431, #699, #3991, #1453, #4018, #1869, #3556 ),
 .UNSPECIFIED., .F., .F. ) 
 B_SPLINE_CURVE_WITH_KNOTS ( ( 3, 2, 2, 2, 2, 2, 2, 2, 2, 2, 2, 2, 2, 2, 2, 2, 2, 2, 2, 2, 2, 2, 2, 2, 2, 2, 2, 2, 2, 2, 2, 2, 2, 2, 2, 2, 2, 2, 2, 3 ),
 ( 0.05793655518666629423, 0.07142857142857142461, 0.08928571428571428770, 0.1071428571428571508, 0.1250000000000000000, 0.1428571428571428492, 0.1607142857142857262, 0.1785714285714285754, 0.1964285714285714246, 0.2142857142857142738, 0.2321428571428571508, 0.2500000000000000000, 0.2678571428571427937, 0.2857142857142856984, 0.3035714285714285476, 0.3214285714285714524, 0.3392857142857143016, 0.3571428571428571508, 0.3750000000000000000, 0.3928571428571428492, 0.4107142857142856984, 0.4285714285714285476, 0.4464285714285714524, 0.4642857142857143016, 0.4821428571428571508, 0.4999999999999999445, 0.5178571428571427937, 0.5357142857142856984, 0.5535714285714286031, 0.5714285714285713969, 0.5892857142857143016, 0.6071428571428570953, 0.6250000000000000000, 0.6428571428571429047, 0.6607142857142856984, 0.6785714285714286031, 0.6964285714285713969, 0.7142857142857143016, 0.7321428571428570953, 0.7345164195446882704 ),
 .UNSPECIFIED. ) 
 CURVE ( )  GEOMETRIC_REPRESENTATION_ITEM ( )  RATIONAL_B_SPLINE_CURVE ( ( 0.9718822090818055592, 0.9424869593128486489, 1.000000000000000000, 0.9238795325112867385, 1.000000000000000000, 0.9238795325112867385, 1.000000000000000000, 0.9238795325112867385, 1.000000000000000000, 0.9238795325112867385, 1.000000000000000000, 0.9238795325112867385, 1.000000000000000000, 0.9238795325112867385, 1.000000000000000000, 0.9238795325112867385, 1.000000000000000000, 0.9238795325112867385, 1.000000000000000000, 0.9238795325112867385, 1.000000000000000000, 0.9238795325112867385, 1.000000000000000000, 0.9238795325112867385, 1.000000000000000000, 0.9238795325112867385, 1.000000000000000000, 0.9238795325112867385, 1.000000000000000000, 0.9238795325112867385, 1.000000000000000000, 0.9238795325112867385, 1.000000000000000000, 0.9238795325112867385, 1.000000000000000000, 0.9238795325112867385, 1.000000000000000000, 0.9238795325112867385, 1.000000000000000000, 0.9238795325112867385, 1.000000000000000000, 0.9238795325112867385, 1.000000000000000000, 0.9238795325112867385, 1.000000000000000000, 0.9238795325112867385, 1.000000000000000000, 0.9238795325112867385, 1.000000000000000000, 0.9238795325112867385, 1.000000000000000000, 0.9238795325112867385, 1.000000000000000000, 0.9238795325112867385, 1.000000000000000000, 0.9238795325112867385, 1.000000000000000000, 0.9238795325112867385, 1.000000000000000000, 0.9238795325112867385, 1.000000000000000000, 0.9238795325112867385, 1.000000000000000000, 0.9238795325112867385, 1.000000000000000000, 0.9238795325112867385, 1.000000000000000000, 0.9238795325112867385, 1.000000000000000000, 0.9238795325112867385, 1.000000000000000000, 0.9238795325112867385, 1.000000000000000000, 0.9238795325112867385, 1.000000000000000000, 0.9238795325112867385, 1.000000000000000000, 0.9898821059401027300, 0.9824539426079492710 ) ) 
 REPRESENTATION_ITEM ( '' )  );
#3649 = CARTESIAN_POINT ( 'NONE',  ( -0.2656883367593781409, -4.170635742775985477, -3.142040062968615377 ) ) ;
#3648 = CARTESIAN_POINT ( 'NONE',  ( -1.626163118854509149, -5.180086784333693295, -2.738972224113199960 ) ) ;
#3650 = CARTESIAN_POINT ( 'NONE',  ( 1.023336079404099319, -6.827693749999998118, -2.470551841763085399 ) ) ;
#3651 = VECTOR ( 'NONE', #3522, 1000.000000000000227 ) ;
#3652 = FACE_OUTER_BOUND ( 'NONE', #1309, .T. ) ;
#3653 = ADVANCED_FACE ( 'NONE', ( #1964 ), #612, .T. ) ;
#3654 = CARTESIAN_POINT ( 'NONE',  ( 3.038986568887850126, -4.385980978243588346, -0.8435399265495661103 ) ) ;
#3655 = CARTESIAN_POINT ( 'NONE',  ( -2.470551841763084511, -3.649518749999998146, -1.023336079404099763 ) ) ;
#3656 = AXIS2_PLACEMENT_3D ( 'NONE', #4533, #2426, #4119 ) ;
#3657 = EDGE_LOOP ( 'NONE', ( #3822, #1969, #3980, #3112 ) ) ;
#3658 = CARTESIAN_POINT ( 'NONE',  ( -1.032017727575762711, -4.286501497553413920, -2.971884394544318742 ) ) ;
#3659 = CARTESIAN_POINT ( 'NONE',  ( -1.023319612996423267, -6.191273256731670394, -3.012797591166339828 ) ) ;
#3660 = CARTESIAN_POINT ( 'NONE',  ( 0.8215517341392655215, -4.275386594746994007, -3.073830021514509792 ) ) ;
#3661 = CARTESIAN_POINT ( 'NONE',  ( 2.470551841763084955, -6.827693749999997230, -1.023336079404098431 ) ) ;
#3662 = ADVANCED_FACE ( 'NONE', ( #4531 ), #337, .F. ) ;
#3663 = CARTESIAN_POINT ( 'NONE',  ( -2.502599075909292647, -2.959255132639427632, 1.970661506164655075 ) ) ;
#3664 = CARTESIAN_POINT ( 'NONE',  ( 7.313735224848305469E-16, -5.788674999999998683, -2.470551841763085399 ) ) ;
#3665 = CARTESIAN_POINT ( 'NONE',  ( 0.000000000000000000, 7.500000000000000000, 2.755455298081544383E-15 ) ) ;
#3666 = CARTESIAN_POINT ( 'NONE',  ( 0.1099850631661478395, -3.705540273197645895, 3.175747166912389563 ) ) ;
#3667 = CARTESIAN_POINT ( 'NONE',  ( -1.177594969724205853, -6.738872662322233253, 2.960161296882637405 ) ) ;
#3668 = CARTESIAN_POINT ( 'NONE',  ( 1.592695328169987379, -5.619994349267982692, 2.754431424560116248 ) ) ;
#3669 = CARTESIAN_POINT ( 'NONE',  ( -3.174923818294878242, -3.083048989416642183, -0.4143490671114761215 ) ) ;
#3671 = CARTESIAN_POINT ( 'NONE',  ( 0.3643248178015861538, -4.355597875238742311, -3.132227759540277656 ) ) ;
#3670 = CARTESIAN_POINT ( 'NONE',  ( -2.648786250862592340, -6.125519118730122337, -1.769591066675973101 ) ) ;
#3672 = CARTESIAN_POINT ( 'NONE',  ( 1.822786508929438831, -2.637204792466525394, 2.612869013011154262 ) ) ;
#3673 = CARTESIAN_POINT ( 'NONE',  ( -1.742058509359957208, -5.741756194930335511, 2.629109077518295035 ) ) ;
#3674 = CARTESIAN_POINT ( 'NONE',  ( -1.315128060534576537, -1.327006249999999277, -3.175000000000000266 ) ) ;
#3676 = CARTESIAN_POINT ( 'NONE',  ( 2.916722685248667624, -3.389051587943124666, -1.198281944456540238 ) ) ;
#3675 = CARTESIAN_POINT ( 'NONE',  ( -1.612252863954929172, -5.232079249324913306, -2.710344575701981729 ) ) ;
#3677 = CARTESIAN_POINT ( 'NONE',  ( 2.470551841763084955, -6.033149999999997348, 0.000000000000000000 ) ) ;
#3678 = DIRECTION ( 'NONE',  ( 0.000000000000000000, 0.000000000000000000, 1.000000000000000000 ) ) ;
#3679 = CARTESIAN_POINT ( 'NONE',  ( -2.043743947843073450, -4.782632674743201306, 2.391798276001698031 ) ) ;
#3680 =( BOUNDED_SURFACE ( )  B_SPLINE_SURFACE ( 1, 2, ( 
 ( #1586, #4743, #3569, #657, #4826, #3253, #1464, #2004, #1004, #3975, #3072, #2229, #4918, #257, #1906, #5226, #683, #201, #2641, #2693, #3893, #3128, #1495, #3157, #1085, #2411, #1852, #4304, #4360, #174, #4800, #5172, #2666, #599, #4075, #349, #3664, #5318, #573, #2285, #2255, #4329, #1822, #3920, #1438, #1411, #1058, #3514, #3485, #3541, #3101, #5146, #628, #5198, #1030, #230, #4770, #3948, #2720, #4104, #1235, #1614, #1295, #2954, #858, #432, #2028, #3776, #3805, #804, #1643, #4545, #2926, #460, #4975, #4630, #3281, #3717, #378, #2466, #2899, #2113, #1264, #3689, #4131, #831, #405, #2492, #488, #4945, #59, #4600, #1701, #4572, #5002, #3337, #2144, #5343, #3363, #4516, #2439, #2057, #889, #1206, #2842, #3750, #5372 ),
 ( #87, #30, #3310, #4213, #2870, #4157, #1730, #2085, #5030, #2550, #1672, #3396, #2521, #4186, #1176, #775, #5110, #2218, #4241, #615, #916, #2241, #1866, #3834, #2653, #585, #3933, #1760, #3905, #3058, #1839, #217, #3882, #4344, #3424, #1399, #118, #4657, #5060, #515, #3008, #1373, #4315, #5133, #2170, #4681, #4705, #942, #964, #2272, #5087, #187, #4731, #3500, #3030, #3470, #1809, #1324, #1351, #5158, #2982, #2577, #538, #3086, #2603, #4266, #163, #2195, #2630, #4292, #3857, #561, #140, #990, #1782, #2679, #3447, #1424, #4756, #1017, #719, #1556, #1481, #4458, #3145, #4404, #2708, #3197, #3583, #697, #4374, #4486, #4785, #2382, #344, #2299, #1120, #4045, #2406, #244, #322, #1529, #1972, #4071, #2354, #2812, #1894 ) ),
 .UNSPECIFIED., .F., .F., .F. ) 
 B_SPLINE_SURFACE_WITH_KNOTS ( ( 2, 2 ),
 ( 3, 2, 2, 2, 2, 2, 2, 2, 2, 2, 2, 2, 2, 2, 2, 2, 2, 2, 2, 2, 2, 2, 2, 2, 2, 2, 2, 2, 2, 2, 2, 2, 2, 2, 2, 2, 2, 2, 2, 2, 2, 2, 2, 2, 2, 2, 2, 2, 2, 2, 2, 2, 2, 3 ),
 ( 0.000000000000000000, 1.000000000000000000 ),
 ( 0.000000000000000000, 0.01785714285714285615, 0.03571428571428571230, 0.05357142857142856845, 0.07142857142857142461, 0.08928571428571428770, 0.1071428571428571369, 0.1250000000000000000, 0.1428571428571428492, 0.1607142857142857262, 0.1785714285714285754, 0.1964285714285714246, 0.2142857142857142738, 0.2321428571428571508, 0.2500000000000000000, 0.2678571428571428492, 0.2857142857142856984, 0.3035714285714285476, 0.3214285714285714524, 0.3392857142857143016, 0.3571428571428571508, 0.3750000000000000000, 0.3928571428571428492, 0.4107142857142856984, 0.4285714285714285476, 0.4464285714285714524, 0.4642857142857143016, 0.4821428571428571508, 0.5000000000000000000, 0.5178571428571429047, 0.5357142857142856984, 0.5535714285714286031, 0.5714285714285713969, 0.5892857142857143016, 0.6071428571428570953, 0.6250000000000000000, 0.6428571428571429047, 0.6607142857142856984, 0.6785714285714286031, 0.6964285714285713969, 0.7142857142857143016, 0.7321428571428570953, 0.7500000000000000000, 0.7678571428571429047, 0.7857142857142856984, 0.8035714285714286031, 0.8214285714285713969, 0.8392857142857143016, 0.8571428571428570953, 0.8750000000000000000, 0.8928571428571429047, 0.9107142857142856984, 0.9285714285714286031, 0.9463255385205646686 ),
 .UNSPECIFIED. ) 
 GEOMETRIC_REPRESENTATION_ITEM ( )  RATIONAL_B_SPLINE_SURFACE ( (
 ( 1.000000000000000000, 0.9238795325112867385, 1.000000000000000000, 0.9238795325112867385, 1.000000000000000000, 0.9238795325112867385, 1.000000000000000000, 0.9238795325112867385, 1.000000000000000000, 0.9238795325112867385, 1.000000000000000000, 0.9238795325112867385, 1.000000000000000000, 0.9238795325112867385, 1.000000000000000000, 0.9238795325112867385, 1.000000000000000000, 0.9238795325112867385, 1.000000000000000000, 0.9238795325112867385, 1.000000000000000000, 0.9238795325112867385, 1.000000000000000000, 0.9238795325112867385, 1.000000000000000000, 0.9238795325112867385, 1.000000000000000000, 0.9238795325112867385, 1.000000000000000000, 0.9238795325112867385, 1.000000000000000000, 0.9238795325112867385, 1.000000000000000000, 0.9238795325112867385, 1.000000000000000000, 0.9238795325112867385, 1.000000000000000000, 0.9238795325112867385, 1.000000000000000000, 0.9238795325112867385, 1.000000000000000000, 0.9238795325112867385, 1.000000000000000000, 0.9238795325112867385, 1.000000000000000000, 0.9238795325112867385, 1.000000000000000000, 0.9238795325112867385, 1.000000000000000000, 0.9238795325112867385, 1.000000000000000000, 0.9238795325112867385, 1.000000000000000000, 0.9238795325112867385, 1.000000000000000000, 0.9238795325112867385, 1.000000000000000000, 0.9238795325112867385, 1.000000000000000000, 0.9238795325112867385, 1.000000000000000000, 0.9238795325112867385, 1.000000000000000000, 0.9238795325112867385, 1.000000000000000000, 0.9238795325112867385, 1.000000000000000000, 0.9238795325112867385, 1.000000000000000000, 0.9238795325112867385, 1.000000000000000000, 0.9238795325112867385, 1.000000000000000000, 0.9238795325112867385, 1.000000000000000000, 0.9238795325112867385, 1.000000000000000000, 0.9238795325112867385, 1.000000000000000000, 0.9238795325112867385, 1.000000000000000000, 0.9238795325112867385, 1.000000000000000000, 0.9238795325112867385, 1.000000000000000000, 0.9238795325112867385, 1.000000000000000000, 0.9238795325112867385, 1.000000000000000000, 0.9238795325112867385, 1.000000000000000000, 0.9238795325112867385, 1.000000000000000000, 0.9238795325112867385, 1.000000000000000000, 0.9238795325112867385, 1.000000000000000000, 0.9238795325112867385, 1.000000000000000000, 0.9238795325112867385, 1.000000000000000000, 0.9238795325112867385, 1.000000000000000000, 0.9238795325112867385, 1.000000000000000000, 0.9243187356462415627, 0.9991266619962246853),
 ( 1.000000000000000000, 0.9238795325112867385, 1.000000000000000000, 0.9238795325112867385, 1.000000000000000000, 0.9238795325112867385, 1.000000000000000000, 0.9238795325112867385, 1.000000000000000000, 0.9238795325112867385, 1.000000000000000000, 0.9238795325112867385, 1.000000000000000000, 0.9238795325112867385, 1.000000000000000000, 0.9238795325112867385, 1.000000000000000000, 0.9238795325112867385, 1.000000000000000000, 0.9238795325112867385, 1.000000000000000000, 0.9238795325112867385, 1.000000000000000000, 0.9238795325112867385, 1.000000000000000000, 0.9238795325112867385, 1.000000000000000000, 0.9238795325112867385, 1.000000000000000000, 0.9238795325112867385, 1.000000000000000000, 0.9238795325112867385, 1.000000000000000000, 0.9238795325112867385, 1.000000000000000000, 0.9238795325112867385, 1.000000000000000000, 0.9238795325112867385, 1.000000000000000000, 0.9238795325112867385, 1.000000000000000000, 0.9238795325112867385, 1.000000000000000000, 0.9238795325112867385, 1.000000000000000000, 0.9238795325112867385, 1.000000000000000000, 0.9238795325112867385, 1.000000000000000000, 0.9238795325112867385, 1.000000000000000000, 0.9238795325112867385, 1.000000000000000000, 0.9238795325112867385, 1.000000000000000000, 0.9238795325112867385, 1.000000000000000000, 0.9238795325112867385, 1.000000000000000000, 0.9238795325112867385, 1.000000000000000000, 0.9238795325112867385, 1.000000000000000000, 0.9238795325112867385, 1.000000000000000000, 0.9238795325112867385, 1.000000000000000000, 0.9238795325112867385, 1.000000000000000000, 0.9238795325112867385, 1.000000000000000000, 0.9238795325112867385, 1.000000000000000000, 0.9238795325112867385, 1.000000000000000000, 0.9238795325112867385, 1.000000000000000000, 0.9238795325112867385, 1.000000000000000000, 0.9238795325112867385, 1.000000000000000000, 0.9238795325112867385, 1.000000000000000000, 0.9238795325112867385, 1.000000000000000000, 0.9238795325112867385, 1.000000000000000000, 0.9238795325112867385, 1.000000000000000000, 0.9238795325112867385, 1.000000000000000000, 0.9238795325112867385, 1.000000000000000000, 0.9238795325112867385, 1.000000000000000000, 0.9238795325112867385, 1.000000000000000000, 0.9238795325112867385, 1.000000000000000000, 0.9238795325112867385, 1.000000000000000000, 0.9238795325112867385, 1.000000000000000000, 0.9238795325112867385, 1.000000000000000000, 0.9243187356462415627, 0.9991266619962246853) ) ) 
 REPRESENTATION_ITEM ( '' )  SURFACE ( )  );
#3681 = CARTESIAN_POINT ( 'NONE',  ( 1.746943960583592359, -1.999312499999997605, -1.746943960583591693 ) ) ;
#3682 = ORIENTED_EDGE ( 'NONE', *, *, #3699, .F. ) ;
#3683 = CARTESIAN_POINT ( 'NONE',  ( -2.996585608744739559, -4.130990455092463876, -1.080306582576087138 ) ) ;
#3684 = CARTESIAN_POINT ( 'NONE',  ( 0.8222572204217528657, -6.639844234793336852, 3.073644728328436493 ) ) ;
#3685 = CARTESIAN_POINT ( 'NONE',  ( 1.896089336742519323E-15, -6.241962912640198091, -3.175000000000000266 ) ) ;
#3686 = CARTESIAN_POINT ( 'NONE',  ( 0.4159433404579854221, -4.254981768072325643, -3.154420610914114409 ) ) ;
#3687 = CARTESIAN_POINT ( 'NONE',  ( -0.2454761906981298702, -6.742324776589350144, 3.174999999999999378 ) ) ;
#3688 = CARTESIAN_POINT ( 'NONE',  ( -3.179410941909992072, -3.108482277140572680, -0.1961753396911998515 ) ) ;
#3689 = CARTESIAN_POINT ( 'NONE',  ( 1.023336079404099319, -2.916093749999997708, -2.470551841763085399 ) ) ;
#3690 = CARTESIAN_POINT ( 'NONE',  ( 1.406583839606716513, -4.357700910855275112, -2.854019803880808226 ) ) ;
#3691 = CARTESIAN_POINT ( 'NONE',  ( -2.666673108252716418, -3.864337902754675813, 1.742689769519860210 ) ) ;
#3692 = ORIENTED_EDGE ( 'NONE', *, *, #3096, .T. ) ;
#3693 = CARTESIAN_POINT ( 'NONE',  ( -0.6722149114681047477, -6.660638333436430081, 3.081613687147286562 ) ) ;
#3694 = CARTESIAN_POINT ( 'NONE',  ( -1.937764253856349983, -4.183566139139603735, -2.523765071062072707 ) ) ;
#3695 = CARTESIAN_POINT ( 'NONE',  ( -1.936328050034354709, -2.921814051598194517, 2.524681992121256435 ) ) ;
#3697 = CARTESIAN_POINT ( 'NONE',  ( -0.8776439661305692752, -4.294855744650265095, -3.028862465896957179 ) ) ;
#3696 = CARTESIAN_POINT ( 'NONE',  ( 0.2318974379270503650, -6.252849422352193542, -3.169146524162909095 ) ) ;
#3698 = CARTESIAN_POINT ( 'NONE',  ( -1.169090707171669186, -2.826811389271111974, 2.963592232368381207 ) ) ;
#3699 = EDGE_CURVE ( 'NONE', #4642, #3740, #2540, .T. ) ;
#3700 = CARTESIAN_POINT ( 'NONE',  ( -2.672563026809413156, -5.820658919641717333, 1.733918419492244345 ) ) ;
#3701 = CARTESIAN_POINT ( 'NONE',  ( 1.315128060534577648, -2.427143749999999045, -3.174999999999999822 ) ) ;
#3703 = CARTESIAN_POINT ( 'NONE',  ( 1.610028410599130044, -2.311308240767437461, -2.711403221181481360 ) ) ;
#3702 = CARTESIAN_POINT ( 'NONE',  ( -0.1553017696474018605, -5.292637797269955868, -3.181755013015989064 ) ) ;
#3704 = CARTESIAN_POINT ( 'NONE',  ( -1.023336079404097765, -5.727556249999997462, -2.470551841763085843 ) ) ;
#3705 = CARTESIAN_POINT ( 'NONE',  ( 1.558678445369579890, -2.839528623375213723, -1.916806695204093636 ) ) ;
#3706 = CARTESIAN_POINT ( 'NONE',  ( -1.750155878446693070, -4.815606159479227877, 2.652249529860853272 ) ) ;
#3707 = CARTESIAN_POINT ( 'NONE',  ( 7.313735224848305469E-16, -3.832874999999997812, -2.470551841763085399 ) ) ;
#3708 = CARTESIAN_POINT ( 'NONE',  ( -2.045522002469681411, -7.471023158236208772, -1.385447992618776381 ) ) ;
#3709 = EDGE_LOOP ( 'NONE', ( #694, #1786, #1693, #3355 ) ) ;
#3711 = CARTESIAN_POINT ( 'NONE',  ( 1.710835551867404103, -6.228857338779193675, -2.648815465810595349 ) ) ;
#3710 = CARTESIAN_POINT ( 'NONE',  ( -1.511943500172330035, -4.208738774048456754, -2.803621337296107185 ) ) ;
#3712 = APPROVAL_DATE_TIME ( #3743, #2848 ) ;
#3713 = CARTESIAN_POINT ( 'NONE',  ( -2.524749576601536205, -5.894979423438085675, 1.936272078646768868 ) ) ;
#3714 = CARTESIAN_POINT ( 'NONE',  ( 0.000000000000000000, -2.000000000000000000, 2.168404344971008868E-15 ) ) ;
#3715 = FACE_OUTER_BOUND ( 'NONE', #742, .T. ) ;
#3716 = CARTESIAN_POINT ( 'NONE',  ( -2.903408911881241838, -3.033333977096011047, 1.310165556270200815 ) ) ;
#3717 = CARTESIAN_POINT ( 'NONE',  ( 1.023336079404098431, -3.282806249999997039, 2.470551841763084067 ) ) ;
#3718 = DIRECTION ( 'NONE',  ( 0.000000000000000000, -1.000000000000000000, 0.000000000000000000 ) ) ;
#3719 = CARTESIAN_POINT ( 'NONE',  ( -2.774072266818184751, -3.861025253226674891, 1.500850424315991472 ) ) ;
#3720 = ORIENTED_EDGE ( 'NONE', *, *, #5355, .T. ) ;
#3721 = CARTESIAN_POINT ( 'NONE',  ( -1.862186105393473401, -6.777913138392180237, 2.584646536712618126 ) ) ;
#3722 = CARTESIAN_POINT ( 'NONE',  ( -3.175020038024808144, -4.031959368070692662, 0.2092752430322055435 ) ) ;
#3723 = CARTESIAN_POINT ( 'NONE',  ( -2.394176478800835728, -2.027067263184900714, 2.052986319890555134 ) ) ;
#3725 = CARTESIAN_POINT ( 'NONE',  ( -2.979436542423840262, -4.145467076851213406, -1.032661071208892833 ) ) ;
#3724 = CARTESIAN_POINT ( 'NONE',  ( 1.219684815521375754, -6.669744926699964438, 2.942558703214524840 ) ) ;
#3726 = CARTESIAN_POINT ( 'NONE',  ( -1.855412760892628965, -2.830235164270495485, 2.589537375980307310 ) ) ;
#3727 = CARTESIAN_POINT ( 'NONE',  ( -0.8064060356604074720, -5.705702497784702842, 3.082084680365459128 ) ) ;
#3728 = CARTESIAN_POINT ( 'NONE',  ( -1.023336079404097543, -2.671618749999998155, -2.470551841763085399 ) ) ;
#3729 = EDGE_CURVE ( 'NONE', #908, #3959, #3350, .T. ) ;
#3731 = CARTESIAN_POINT ( 'NONE',  ( -3.087784736178534217, -2.991845283971796832, -0.6392345896502397151 ) ) ;
#3730 = CARTESIAN_POINT ( 'NONE',  ( 2.864100047154514161, -5.578470582564302838, 1.376214269383458033 ) ) ;
#3732 = CARTESIAN_POINT ( 'NONE',  ( -2.470551841763084511, -6.583218749999998565, -1.023336079404099985 ) ) ;
#3733 = DIRECTION ( 'NONE',  ( 0.000000000000000000, 0.000000000000000000, 1.000000000000000000 ) ) ;
#3734 = VECTOR ( 'NONE', #1874, 1000.000000000000000 ) ;
#3735 = CARTESIAN_POINT ( 'NONE',  ( -1.164766213588311228, -4.730887786109104987, 2.930967629631250571 ) ) ;
#3736 = LINE ( 'NONE', #5078, #732 ) ;
#3737 = CARTESIAN_POINT ( 'NONE',  ( 1.746943960583591915, -6.766574999999997786, -1.746943960583591471 ) ) ;
#3738 = ORIENTED_EDGE ( 'NONE', *, *, #5000, .T. ) ;
#3739 = VECTOR ( 'NONE', #2480, 1000.000000000000000 ) ;
#3740 = VERTEX_POINT ( 'NONE', #2564 ) ;
#3742 = CARTESIAN_POINT ( 'NONE',  ( 3.029823899860697001, -6.340176975759067801, -0.8739147711174743982 ) ) ;
#3741 = CARTESIAN_POINT ( 'NONE',  ( -3.074760658934850621, -4.082271803697638646, -0.8319447196732573380 ) ) ;
#3743 = DATE_AND_TIME ( #1143, #448 ) ;
#3744 = CARTESIAN_POINT ( 'NONE',  ( -2.853552085725405085, -5.091188234813686542, -1.407731172499830041 ) ) ;
#3745 = CARTESIAN_POINT ( 'NONE',  ( 0.2096634270851135129, -4.244996563220100327, -3.174999999998860289 ) ) ;
#3746 = CONICAL_SURFACE ( 'NONE', #5301, 2.250000000003628653, 0.4958973273366436008 ) ;
#3747 = ORIENTED_EDGE ( 'NONE', *, *, #5230, .T. ) ;
#3748 = B_SPLINE_CURVE_WITH_KNOTS ( 'NONE', 3,
 ( #1851, #2589, #2157, #3513, #3869, #5145, #5171, #2184, #1821, #3846, #1770, #101, #572, #953, #5121, #1745, #1437, #3817, #1410, #902, #5074, #4227, #2615, #4742, #975, #2640, #3409, #1003, #129, #1361, #2228, #3019, #4691, #4279, #4303, #2206, #150, #1793, #3044, #4717, #173, #4825, #1107, #5197, #4359, #1569, #2369, #4029, #2772, #4876, #2310, #3642, #1084, #627, #5249, #1905, #1463, #2719, #4470, #2798, #1539, #1931, #229, #3206, #5298, #2746, #1879, #284, #4386, #4769, #1131, #3185, #331, #1029, #4415, #308, #256, #3594, #3127, #1958, #729, #2392, #2284, #682, #4799, #4056, #1982, #4443, #3568, #2692, #3974, #4002, #656, #5225, #1494, #707, #3617, #3156, #3947, #1057, #3540, #2337, #1517, #4850, #5272, #9, #4112, #1622, #2418, #413, #2065, #4497, #467, #4553, #3725, #2446, #1272, #385, #1183, #4902, #2037, #2500, #3697, #5351, #2934, #3671, #1158, #1653, #3288, #1214, #2878, #4083, #2473, #2122, #3317, #2850, #866, #5326, #756, #4193, #811, #4953, #784, #3784, #359, #4139, #5010, #4982, #2529, #4524, #1242, #2906, #2822, #4580, #3261, #439, #839, #2011, #4164, #2093, #3757, #37, #1680, #66, #3344, #3235, #1593, #4607, #4925, #5140, #94, #4638, #543, #895, #168, #1815, #922, #2248, #3452, #4247, #4663, #2635, #1330, #2583, #2556, #1378, #1764, #4273, #4219, #2659, #2962, #4297, #3914, #494, #4712, #566, #592, #3811, #2223, #5115, #3887, #2150, #1708, #3037, #1739, #3841, #521, #1788, #2179, #3371, #123, #4322, #3013, #5067, #5037, #1303, #3430, #3403, #5092, #4686, #1356, #1405, #3478, #3065, #4737, #947, #2988, #2610, #997, #2200, #3862, #145, #970, #3942, #5166, #1079, #1457, #1102, #3560, #2740, #3969, #4434, #724, #1534, #3094, #250, #622, #303, #1952, #5243, #2714, #5267, #3121, #4820, #5191, #651, #3534, #1926 ),
 .UNSPECIFIED., .F., .F.,
 ( 4, 2, 2, 2, 2, 2, 2, 2, 2, 2, 2, 2, 2, 2, 2, 2, 2, 2, 2, 2, 2, 2, 2, 2, 2, 2, 2, 2, 2, 2, 2, 2, 2, 2, 2, 2, 2, 2, 2, 2, 2, 2, 2, 2, 2, 2, 2, 2, 2, 2, 2, 2, 2, 2, 2, 2, 2, 2, 2, 2, 2, 2, 2, 2, 2, 2, 2, 2, 2, 2, 2, 2, 2, 2, 2, 2, 2, 2, 2, 2, 2, 2, 2, 2, 2, 2, 2, 2, 2, 2, 2, 2, 2, 2, 2, 2, 2, 2, 2, 2, 2, 2, 2, 2, 2, 2, 2, 2, 2, 2, 2, 2, 2, 2, 2, 2, 2, 2, 2, 2, 2, 2, 2, 2, 2, 2, 2, 2, 4 ),
 ( 9.231292307486054956E-17, 0.0007591631722058654348, 0.001518326344411638712, 0.002277489516617411773, 0.003036652688823185051, 0.003795815861028958328, 0.004554979033234730738, 0.005314142205440504016, 0.006073305377646277294, 0.006832468549852050571, 0.007591631722057823849, 0.008350794894263597126, 0.009109958066469369536, 0.009869121238675143681, 0.01062828441088091436, 0.01138744758308668677, 0.01214661075529245918, 0.01290577392749822985, 0.01366493709970400400, 0.01442410027190977641, 0.01518326344411555055, 0.01594242661632132643, 0.01670158978852709711, 0.01746075296073287125, 0.01821991613293864540, 0.01897907930514441607, 0.01973824247735019022, 0.02049740564955596436, 0.02125656882176173851, 0.02201573199396750918, 0.02277489516617328333, 0.02353405833837905747, 0.02429322151058482815, 0.02505238468279060229, 0.02581154785499637644, 0.02657071102720215058, 0.02732987419940792126, 0.02808903737161369540, 0.02884820054381946955, 0.02960736371602524022, 0.03036652688823101437, 0.03112569006043678851, 0.03188485323264255572, 0.03264401640484833333, 0.03340317957705410401, 0.03416234274925987469, 0.03492150592146565230, 0.03568066909367142298, 0.03643983226587719365, 0.03719899543808297127, 0.03795815861028874194, 0.03871732178249451956, 0.03947648495470029023, 0.04023564812690606091, 0.04099481129911183852, 0.04175397447131760920, 0.04251313764352337987, 0.04327230081572915749, 0.04403146398793492816, 0.04479062716014069884, 0.04554979033234647645, 0.04630895350455224713, 0.04706811667675802474, 0.04782727984896379542, 0.04858644302116956609, 0.04934560619337534371, 0.05010476936558112132, 0.05086393253778689200, 0.05162309570999266267, 0.05238225888219844029, 0.05314142205440421096, 0.05390058522660998858, 0.05465974839881575925, 0.05541891157102152993, 0.05617807474322730754, 0.05693723791543307822, 0.05769640108763884889, 0.05845556425984462651, 0.05921472743205039718, 0.05997389060425616786, 0.06073305377646194547, 0.06149221694866771615, 0.06225138012087348682, 0.06301054329307927138, 0.06376970646528504205, 0.06452886963749081273, 0.06528803280969658340, 0.06604719598190236796, 0.06680635915410813863, 0.06756552232631390931, 0.06832468549851967998, 0.06908384867072545066, 0.06984301184293123521, 0.07060217501513700589, 0.07136133818734277656, 0.07212050135954854724, 0.07287966453175431791, 0.07363882770396008859, 0.07439799087616587314, 0.07515715404837164382, 0.07591631722057741449, 0.07667548039278318517, 0.07743464356498895584, 0.07819380673719474040, 0.07895296990940051107, 0.07971213308160628175, 0.08047129625381205242, 0.08123045942601782310, 0.08198962259822359377, 0.08274878577042937833, 0.08350794894263514900, 0.08426711211484091968, 0.08502627528704669035, 0.08578543845925246103, 0.08654460163145823171, 0.08730376480366401626, 0.08806292797586978693, 0.08882209114807555761, 0.08958125432028132828, 0.09034041749248709896, 0.09109958066469288351, 0.09185874383689865419, 0.09261790700910442486, 0.09337707018131019554, 0.09413623335351596622, 0.09489539652572173689, 0.09565455969792752144, 0.09641372287013329212, 0.09717288604233906280 ),
 .UNSPECIFIED. ) ;
#3749 = CARTESIAN_POINT ( 'NONE',  ( -3.067320308715168142, -3.150198376965209324, -0.6990612216462775974 ) ) ;
#3750 = CARTESIAN_POINT ( 'NONE',  ( -2.470551841763085399, -1.571862769457506692, 1.016948144018250177 ) ) ;
#3751 = CARTESIAN_POINT ( 'NONE',  ( 2.659812266508331545E-16, 7.500000000000000888, -1.952016013762334579 ) ) ;
#3752 = CARTESIAN_POINT ( 'NONE',  ( -3.145159244273273647, -4.014870493012902664, -0.5059816104187279118 ) ) ;
#3753 = CARTESIAN_POINT ( 'NONE',  ( 0.3613815999154632030, -6.627197330037278178, 3.157065161995077585 ) ) ;
#3754 = CARTESIAN_POINT ( 'NONE',  ( 3.500000000000000000, -1.999999999999996669, 2.020725942163690725 ) ) ;
#3755 = CARTESIAN_POINT ( 'NONE',  ( -3.044279525119184981, -2.178596641878193463, -0.8236864768661783520 ) ) ;
#3757 = CARTESIAN_POINT ( 'NONE',  ( -2.834530807418435217, -5.000848345551398566, 1.381554155257368466 ) ) ;
#3756 = CARTESIAN_POINT ( 'NONE',  ( 1.445470014057277819, -6.708557643665034043, 2.802881267807689536 ) ) ;
#3758 = CARTESIAN_POINT ( 'NONE',  ( -2.585900420706403580, -2.880043622404269144, 1.846822232270128872 ) ) ;
#3759 = CARTESIAN_POINT ( 'NONE',  ( -0.2892754985041497418, -5.679925766434375412, 3.172673080661238210 ) ) ;
#3760 = CARTESIAN_POINT ( 'NONE',  ( -2.470551841763084067, -4.505181249999997029, -1.023336079404099541 ) ) ;
#3762 = CARTESIAN_POINT ( 'NONE',  ( -2.748163187927521456, -2.880494920433455341, 1.546154814691646395 ) ) ;
#3761 = CARTESIAN_POINT ( 'NONE',  ( 1.997319414757009026, -5.646839116029813255, 2.481689738914006238 ) ) ;
#3763 = CARTESIAN_POINT ( 'NONE',  ( 2.186916276048972652, -2.414872700916586012, 1.801147996867626055 ) ) ;
#3764 = CARTESIAN_POINT ( 'NONE',  ( 2.854400323573343279, -2.595431355915732041, 1.405643551980360506 ) ) ;
#3765 = CARTESIAN_POINT ( 'NONE',  ( -1.175667969509232025, -4.747298851385046703, 2.960763910512075991 ) ) ;
#3766 = CARTESIAN_POINT ( 'NONE',  ( -3.175074576187536746, -3.981198602040143530, 0.2059544837262588801 ) ) ;
#3767 = CARTESIAN_POINT ( 'NONE',  ( -2.470551841763084511, -4.444062499999997584, -1.462747044969660897E-15 ) ) ;
#3768 = ORIENTED_EDGE ( 'NONE', *, *, #2792, .T. ) ;
#3769 = ORIENTED_EDGE ( 'NONE', *, *, #3426, .T. ) ;
#3771 = CARTESIAN_POINT ( 'NONE',  ( -0.1911917385805967373, -6.636779617983791901, 3.147455594551876956 ) ) ;
#3770 = CARTESIAN_POINT ( 'NONE',  ( 1.213657861307654962, -4.399774255431098346, -2.910726740615276142 ) ) ;
#3772 = CARTESIAN_POINT ( 'NONE',  ( -3.175046716621189979, -5.987902678373921539, 0.2062035802641191129 ) ) ;
#3773 = DIRECTION ( 'NONE',  ( 1.224646799147353207E-16, 0.000000000000000000, 1.000000000000000000 ) ) ;
#3774 = CARTESIAN_POINT ( 'NONE',  ( -1.023336079404097543, -2.671618749999998155, -2.470551841763085399 ) ) ;
#3775 = CARTESIAN_POINT ( 'NONE',  ( 1.983929667951594755, -3.466960571089868104, -2.451435519868189417 ) ) ;
#3776 = CARTESIAN_POINT ( 'NONE',  ( 1.023336079404099319, -3.893993749999998144, -2.470551841763085399 ) ) ;
#3777 = CARTESIAN_POINT ( 'NONE',  ( -3.499999999999999556, 0.9679990734604416724, -1.378180896817331691 ) ) ;
#3778 = CARTESIAN_POINT ( 'NONE',  ( -3.012083033035902524, -3.903758373125608028, 1.037529558088628123 ) ) ;
#3779 = ORIENTED_EDGE ( 'NONE', *, *, #968, .F. ) ;
#3780 = CARTESIAN_POINT ( 'NONE',  ( -1.056605070772018262, -2.802999240091252897, -2.273091667098597224 ) ) ;
#3781 = CARTESIAN_POINT ( 'NONE',  ( -0.8237984487611743623, -3.837444606853682938, 3.073398998506905677 ) ) ;
#3782 = CARTESIAN_POINT ( 'NONE',  ( -2.914645278460923805, -2.198034516883935918, -1.184078633412797954 ) ) ;
#3784 = CARTESIAN_POINT ( 'NONE',  ( 2.418624892597923903, -4.691818146767037234, 2.023229219957578984 ) ) ;
#3783 = CARTESIAN_POINT ( 'NONE',  ( 2.457613497492690868, -6.630106516780083226, 2.026884077781228477 ) ) ;
#3785 = CARTESIAN_POINT ( 'NONE',  ( -3.116218760159370049, -2.945313916182174196, 0.6620277301027667205 ) ) ;
#3786 = CARTESIAN_POINT ( 'NONE',  ( -3.090483582917907590, -5.948491866774894277, -0.7736142452131720137 ) ) ;
#3787 = CARTESIAN_POINT ( 'NONE',  ( 1.746943960583590583, -6.033149999999997348, 1.746943960583591693 ) ) ;
#3788 = VERTEX_POINT ( 'NONE', #4170 ) ;
#3790 = CARTESIAN_POINT ( 'NONE',  ( 2.533594663455525087, -2.571797269292494637, 1.877518313753336887 ) ) ;
#3789 = CARTESIAN_POINT ( 'NONE',  ( 2.196844954775433401, -5.418162268489743916, -2.306867128578760529 ) ) ;
#3791 = CARTESIAN_POINT ( 'NONE',  ( -1.746943960583592581, -3.466162499999998037, 1.746943960583590361 ) ) ;
#3792 = CARTESIAN_POINT ( 'NONE',  ( -3.011890577018839110, -1.947903128705172904, 1.038638566254834306 ) ) ;
#3793 = CARTESIAN_POINT ( 'NONE',  ( 0.4794923232667004376, -5.184204606755946187, -3.109263198935663386 ) ) ;
#3794 = CARTESIAN_POINT ( 'NONE',  ( -0.8218599246651412393, -4.195114824122137875, -3.073755258482786079 ) ) ;
#3795 = EDGE_LOOP ( 'NONE', ( #3162, #872, #590, #933 ) ) ;
#3797 = CARTESIAN_POINT ( 'NONE',  ( -2.538120475991342051, -6.772758813107009779, 1.871090637719369898 ) ) ;
#3796 = CARTESIAN_POINT ( 'NONE',  ( 3.150906593155885727, -4.589052530011374031, 0.1310997040571393324 ) ) ;
#3798 = CARTESIAN_POINT ( 'NONE',  ( 1.008465074974594592E-13, -2.649911137076559786, -2.629659804581047311 ) ) ;
#3799 = CARTESIAN_POINT ( 'NONE',  ( 0.3655131225424391728, -7.315480234957149719, 2.606805035832680861 ) ) ;
#3800 = CARTESIAN_POINT ( 'NONE',  ( -3.073127476172762496, -4.928397985923901992, 0.8246523477725106188 ) ) ;
#3801 = VERTEX_POINT ( 'NONE', #73 ) ;
#3802 = CARTESIAN_POINT ( 'NONE',  ( 2.470551841763083178, -5.972031249999997904, 1.023336079404100207 ) ) ;
#3803 = EDGE_CURVE ( 'NONE', #2458, #98, #2526, .T. ) ;
#3804 = CARTESIAN_POINT ( 'NONE',  ( 1.793908053559837290, -3.437744374851780638, -2.632154616900200583 ) ) ;
#3805 = CARTESIAN_POINT ( 'NONE',  ( 7.313735224848305469E-16, -3.832874999999997812, -2.470551841763085399 ) ) ;
#3806 = DIRECTION ( 'NONE',  ( 0.8660254037844385966, 0.000000000000000000, 0.4999999999999998890 ) ) ;
#3807 = CARTESIAN_POINT ( 'NONE',  ( -1.768836198252115244, -4.142934925840378924, -2.649377944604730306 ) ) ;
#3808 = CARTESIAN_POINT ( 'NONE',  ( 2.755485295204248342, -3.419823988393172698, -1.590880529183204661 ) ) ;
#3809 = CARTESIAN_POINT ( 'NONE',  ( -0.2072264533755080185, -4.276529228469625465, -3.175000000001017675 ) ) ;
#3810 = CARTESIAN_POINT ( 'NONE',  ( 0.2300236115918054824, -2.341159904707947437, -3.169273956719505403 ) ) ;
#3811 = CARTESIAN_POINT ( 'NONE',  ( 2.046304063319122513, -5.694601725996054853, 2.399102687716223148 ) ) ;
#3812 = CARTESIAN_POINT ( 'NONE',  ( -2.077111997644521590, -3.145996576831315394, -2.404847831712829898 ) ) ;
#3813 = CARTESIAN_POINT ( 'NONE',  ( 0.4881395113635366156, -6.178593076909995041, -3.147977490633411257 ) ) ;
#3814 = CARTESIAN_POINT ( 'NONE',  ( 2.470551841763083178, -4.016231249999997033, 1.023336079404100207 ) ) ;
#3815 = ORIENTED_EDGE ( 'NONE', *, *, #3632, .F. ) ;
#3817 = CARTESIAN_POINT ( 'NONE',  ( -0.6906657940064973022, -2.348762351252572600, -3.076689793234232084 ) ) ;
#3816 = CARTESIAN_POINT ( 'NONE',  ( 1.998688947029960028, -5.682421419827159426, 2.480584199370766907 ) ) ;
#3818 = CARTESIAN_POINT ( 'NONE',  ( 9.041865558485244148E-14, -2.509976067595101057, 2.747079269771709242 ) ) ;
#3819 = CARTESIAN_POINT ( 'NONE',  ( -3.142053906834815002, -1.970013954157121328, 0.2730813090613583016 ) ) ;
#3820 = CARTESIAN_POINT ( 'NONE',  ( -2.519101117958360447, -5.071321018656421487, -1.936904989034690105 ) ) ;
#3821 = FACE_OUTER_BOUND ( 'NONE', #3170, .T. ) ;
#3822 = ORIENTED_EDGE ( 'NONE', *, *, #2699, .T. ) ;
#3824 = CARTESIAN_POINT ( 'NONE',  ( -2.913783092871582880, -5.955536186881229987, -1.206079197061882935 ) ) ;
#3823 = CARTESIAN_POINT ( 'NONE',  ( 2.973623139765810830, -4.587586226784534205, 1.142198783317389221 ) ) ;
#3825 = ADVANCED_FACE ( 'NONE', ( #2616 ), #4280, .T. ) ;
#3826 = CARTESIAN_POINT ( 'NONE',  ( 5.646229213111801656E-16, 0.6204091765964160343, 4.041451884327380562 ) ) ;
#3827 = AXIS2_PLACEMENT_3D ( 'NONE', #3179, #1846, #4845 ) ;
#3828 = CARTESIAN_POINT ( 'NONE',  ( 7.597412351035226802E-16, -7.007743253558388119, -2.933831746441608157 ) ) ;
#3829 = DIRECTION ( 'NONE',  ( 1.000000000000000000, 0.000000000000000000, 0.000000000000000000 ) ) ;
#3830 = EDGE_LOOP ( 'NONE', ( #5304, #1421, #2237, #2738 ) ) ;
#3831 = CARTESIAN_POINT ( 'NONE',  ( -1.746943960583590805, -3.588399999999997814, -1.746943960583592581 ) ) ;
#3832 = CIRCLE ( 'NONE', #1307, 3.174999999999999378 ) ;
#3833 = CARTESIAN_POINT ( 'NONE',  ( 0.6115808401278518547, -3.373286353859316744, -3.126233288899639806 ) ) ;
#3834 = CARTESIAN_POINT ( 'NONE',  ( -3.174999999999999378, -6.949931249999996119, -1.315128060534578092 ) ) ;
#3835 = CARTESIAN_POINT ( 'NONE',  ( 0.000000000000000000, 5.754792120177907755, 2.168404344971008868E-15 ) ) ;
#3836 = CARTESIAN_POINT ( 'NONE',  ( -1.767338402006635611, -4.107353740822549781, -2.650379507635031384 ) ) ;
#3837 = CARTESIAN_POINT ( 'NONE',  ( 6.495294733748071251E-16, -3.746299587359795069, 3.174999999999999378 ) ) ;
#3838 = ADVANCED_FACE ( 'NONE', ( #4387 ), #3680, .T. ) ;
#3839 = CARTESIAN_POINT ( 'NONE',  ( -2.452017830458749881, -2.022584346163720070, 1.987022118946715876 ) ) ;
#3840 = CARTESIAN_POINT ( 'NONE',  ( 2.754862417193913338, -2.528095516551784439, -1.599123922567740941 ) ) ;
#3841 = CARTESIAN_POINT ( 'NONE',  ( -0.7800826460837111398, -5.843460458616207553, 3.055301744419036236 ) ) ;
#3842 = CARTESIAN_POINT ( 'NONE',  ( -1.413998467435253259, -3.132554811333152500, -2.819214404470865354 ) ) ;
#3843 = CARTESIAN_POINT ( 'NONE',  ( -1.063002889632439718, -6.102680126188753995, -3.003282557338428749 ) ) ;
#3844 = CARTESIAN_POINT ( 'NONE',  ( 2.470551841763084955, -2.916093749999997708, -1.023336079404098431 ) ) ;
#3846 = CARTESIAN_POINT ( 'NONE',  ( -2.911344897366239692, -2.199381748672448733, -1.211410682449853837 ) ) ;
#3845 = CARTESIAN_POINT ( 'NONE',  ( 1.569072654098395914, -5.708004242716246956, 2.772375910112276465 ) ) ;
#3847 = CARTESIAN_POINT ( 'NONE',  ( 2.290263651814101742, -2.265126581044364151, -1.872880120838897433 ) ) ;
#3848 = CARTESIAN_POINT ( 'NONE',  ( -3.093086095833030846, -2.072015140325717208, -0.7629036592364483171 ) ) ;
#3849 = CARTESIAN_POINT ( 'NONE',  ( -1.653863856300434199, -5.127590643123174807, -2.722705628316995252 ) ) ;
#3850 = CARTESIAN_POINT ( 'NONE',  ( -2.393798463899484918, -3.878319319104600371, 2.096250002959656022 ) ) ;
#3852 = CARTESIAN_POINT ( 'NONE',  ( 0.5908052630676519090, -5.621356322401950045, 3.097429790719666176 ) ) ;
#3851 = CARTESIAN_POINT ( 'NONE',  ( 3.161093996758706837, -4.549190328561425467, 0.3935616628209339107 ) ) ;
#3853 = DIRECTION ( 'NONE',  ( 0.000000000000000000, 0.000000000000000000, -1.000000000000000000 ) ) ;
#3854 = CARTESIAN_POINT ( 'NONE',  ( -1.434442560472872552, -6.927716499104274561, 2.661707470609727899 ) ) ;
#3855 = CARTESIAN_POINT ( 'NONE',  ( -1.023336079404097543, -5.605318749999997685, -2.470551841763085399 ) ) ;
#3856 = CARTESIAN_POINT ( 'NONE',  ( -1.626878624204696644, -3.259917468427218079, -2.738592988434569886 ) ) ;
#3857 = CARTESIAN_POINT ( 'NONE',  ( -2.245064030267287514, -4.077349999999996477, -2.245064030267289290 ) ) ;
#3858 = CARTESIAN_POINT ( 'NONE',  ( -3.500000000000000000, 1.278235718868548920, -0.4274198626187608041 ) ) ;
#3859 = CARTESIAN_POINT ( 'NONE',  ( 3.073697357999878754, -3.461678924653740275, -0.8220704967746539360 ) ) ;
#3860 = CARTESIAN_POINT ( 'NONE',  ( -2.898640523109967226, -2.121993977804379927, 1.027867146236055795 ) ) ;
#3861 = CARTESIAN_POINT ( 'NONE',  ( -0.2841280604951432198, -2.352775160157114520, -3.172631886599308171 ) ) ;
#3862 = CARTESIAN_POINT ( 'NONE',  ( 0.1761791046315062947, -6.302252554458585898, -3.148330495931060735 ) ) ;
#3863 = CARTESIAN_POINT ( 'NONE',  ( -2.965783306362002048, -2.919122826233562673, 1.163284305466369739 ) ) ;
#3864 = VECTOR ( 'NONE', #1408, 1000.000000000000227 ) ;
#3865 = CARTESIAN_POINT ( 'NONE',  ( -1.064730345679455459, -6.138260567391427003, -3.002671700376579267 ) ) ;
#3866 = CARTESIAN_POINT ( 'NONE',  ( 3.154365794373002352, -5.488783574587737135, -0.4163972977991673985 ) ) ;
#3867 = EDGE_CURVE ( 'NONE', #4123, #1805, #4429, .T. ) ;
#3869 = CARTESIAN_POINT ( 'NONE',  ( -3.061646107867165068, -2.100991607132568717, 0.7546470401056905031 ) ) ;
#3868 = CARTESIAN_POINT ( 'NONE',  ( -2.871750035336660289, -6.116081775811467836, -1.303657880464838659 ) ) ;
#3870 = CARTESIAN_POINT ( 'NONE',  ( 0.7506218691186890002, -2.480660242941490345, 2.674780511982313591 ) ) ;
#3871 = CARTESIAN_POINT ( 'NONE',  ( -0.2578182720158455621, -6.778036644542768663, 3.153020906408114055 ) ) ;
#3872 = CARTESIAN_POINT ( 'NONE',  ( 0.9919727919564670371, -5.226593118746761135, -3.018881207404936706 ) ) ;
#3873 = CARTESIAN_POINT ( 'NONE',  ( 2.245064030267288846, -3.466162499999999813, -2.245064030267287958 ) ) ;
#3875 = CARTESIAN_POINT ( 'NONE',  ( -1.857256005340325533, -5.062286399347663668, -2.548572105516017317 ) ) ;
#3874 = CARTESIAN_POINT ( 'NONE',  ( 2.461328298891268584, -4.458578125312615548, -2.022307022422425771 ) ) ;
#3876 = CARTESIAN_POINT ( 'NONE',  ( 0.000000000000000000, 7.500000000000000000, 2.755455298081544778E-15 ) ) ;
#3877 = APPROVAL_STATUS ( 'not_yet_approved' ) ;
#3878 = CARTESIAN_POINT ( 'NONE',  ( 0.000000000000000000, -7.500000000000000000, -5.800958522276924697E-16 ) ) ;
#3879 = CARTESIAN_POINT ( 'NONE',  ( 1.023336079404099319, -5.727556249999997462, -2.470551841763084955 ) ) ;
#3880 = CARTESIAN_POINT ( 'NONE',  ( -0.5419471346846056470, -3.317892511347139362, -3.131027970810379646 ) ) ;
#3881 = CARTESIAN_POINT ( 'NONE',  ( 2.975134277561128915, -6.578830377658716699, 1.137908831024074807 ) ) ;
#3882 = CARTESIAN_POINT ( 'NONE',  ( 3.174999999999999822, -6.399862499999995791, 0.000000000000000000 ) ) ;
#3883 = CARTESIAN_POINT ( 'NONE',  ( -3.499999999999999556, 0.6204091765858628094, -2.020725942163689837 ) ) ;
#3884 = CARTESIAN_POINT ( 'NONE',  ( -1.538159631611400124, -2.576184956802768156, 2.214812147092026340 ) ) ;
#3885 = CARTESIAN_POINT ( 'NONE',  ( -2.460086542290146561, -2.026098251634346870, 1.972381974845445640 ) ) ;
#3886 = CARTESIAN_POINT ( 'NONE',  ( -1.736042703713685187, -2.239972736856427726, -2.671003028346333075 ) ) ;
#3887 = CARTESIAN_POINT ( 'NONE',  ( 1.191572625863450918, -5.744845094091382443, 2.919586062780541891 ) ) ;
#3888 = CARTESIAN_POINT ( 'NONE',  ( 2.891242678014969592, -3.532898786298981797, 1.318472686199679167 ) ) ;
#3889 = CARTESIAN_POINT ( 'NONE',  ( 1.701787405557737554, -6.279422646118267615, -2.693104808750349743 ) ) ;
#3890 = CARTESIAN_POINT ( 'NONE',  ( -1.023336079404100429, -2.304906249999997048, 2.470551841763083178 ) ) ;
#3892 = DIRECTION ( 'NONE',  ( 0.000000000000000000, 0.000000000000000000, -1.000000000000000000 ) ) ;
#3891 = CARTESIAN_POINT ( 'NONE',  ( -0.2942699472962056473, -5.802563447349617931, 3.163963833814909421 ) ) ;
#3893 = CARTESIAN_POINT ( 'NONE',  ( 7.313735224848305469E-16, -6.766574999999997786, -2.470551841763085399 ) ) ;
#3894 = CARTESIAN_POINT ( 'NONE',  ( -2.356449304580902293, -2.114144198752874626, -2.131850836861376663 ) ) ;
#3895 = CARTESIAN_POINT ( 'NONE',  ( -2.245008192453421092, -5.038008271123342041, -2.215148022897300173 ) ) ;
#3896 = CARTESIAN_POINT ( 'NONE',  ( -3.174999999999999822, -6.033149999999999125, -1.549017063184669745E-15 ) ) ;
#3897 = ADVANCED_FACE ( 'NONE', ( #298 ), #3223, .T. ) ;
#3899 = CARTESIAN_POINT ( 'NONE',  ( -2.988223334419110699, -5.844159515819781880, 1.007241247020021158 ) ) ;
#3898 = CARTESIAN_POINT ( 'NONE',  ( 2.262044481063889556, -4.703036513495332471, 2.197376030594602625 ) ) ;
#3900 = CARTESIAN_POINT ( 'NONE',  ( -3.888253587292845588E-16, -2.000000000000000000, 3.175000000000001599 ) ) ;
#3901 = CARTESIAN_POINT ( 'NONE',  ( -2.515138556967574157, 1.160472922471987189, 2.589335961412943643 ) ) ;
#3902 = CARTESIAN_POINT ( 'NONE',  ( -2.470551841763085843, -1.449625211890304577, 1.016949107889312920 ) ) ;
#3903 = CARTESIAN_POINT ( 'NONE',  ( -2.579860730950249259, -3.979066180534603703, 1.868320716291546946 ) ) ;
#3904 = CARTESIAN_POINT ( 'NONE',  ( -0.2942649920590993950, -6.744644593479146799, 3.171858616801125130 ) ) ;
#3905 = CARTESIAN_POINT ( 'NONE',  ( -1.163333890321619382E-15, -6.644337499999996233, 3.174999999999999378 ) ) ;
#3906 = SPHERICAL_SURFACE ( 'NONE', #1204, 0.8726039399110456785 ) ;
#3907 = AXIS2_PLACEMENT_3D ( 'NONE', #2563, #3457, #5097 ) ;
#3908 = CARTESIAN_POINT ( 'NONE',  ( -1.668670381890375198, -2.582866007870284975, 2.111212434197278220 ) ) ;
#3909 = CARTESIAN_POINT ( 'NONE',  ( -2.774180667607197392, -3.094941851315907488, -1.599651829917368095 ) ) ;
#3910 = CARTESIAN_POINT ( 'NONE',  ( -2.507339922094507401, -2.005098543713440762, 1.941021709781324711 ) ) ;
#3911 = ORIENTED_EDGE ( 'NONE', *, *, #1545, .F. ) ;
#3912 = CARTESIAN_POINT ( 'NONE',  ( 0.4841805002652332379, -2.389190853370738221, -3.140505615135154027 ) ) ;
#3913 = AXIS2_PLACEMENT_3D ( 'NONE', #4260, #1368, #1319 ) ;
#3914 = CARTESIAN_POINT ( 'NONE',  ( 3.072358231772226222, -5.595403151275277764, 0.7108344600363271093 ) ) ;
#3915 = CARTESIAN_POINT ( 'NONE',  ( 2.186759502093067020, -3.324414687705575577, -2.272957538493561636 ) ) ;
#3916 = CARTESIAN_POINT ( 'NONE',  ( 3.131055371428692169, -6.371684594707430094, -0.5881132661364962821 ) ) ;
#3917 = CARTESIAN_POINT ( 'NONE',  ( 2.755372116964491358, -5.426509403037514723, -1.591046311657042356 ) ) ;
#3919 = CARTESIAN_POINT ( 'NONE',  ( -2.861908984755780150, -2.050502880118504567, -1.324484333653824342 ) ) ;
#3918 = CARTESIAN_POINT ( 'NONE',  ( -3.171389598827528022, -6.006770555277847201, -0.1983057944709271658 ) ) ;
#3920 = CARTESIAN_POINT ( 'NONE',  ( -1.023336079404100651, -5.360843749999998131, 2.470551841763083178 ) ) ;
#3921 = CARTESIAN_POINT ( 'NONE',  ( -0.4175876819083387814, -5.193348119228750726, -3.154205773495965648 ) ) ;
#3922 = CARTESIAN_POINT ( 'NONE',  ( 3.023668321985185425, -2.475607141370439468, -0.9771971552055569443 ) ) ;
#3923 = CARTESIAN_POINT ( 'NONE',  ( 2.557363706834083761, -5.357465250967667458, -1.899488866200158110 ) ) ;
#3924 = CARTESIAN_POINT ( 'NONE',  ( -3.175000000000000711, -6.949931249999999672, 1.315128060534574983 ) ) ;
#3926 = CARTESIAN_POINT ( 'NONE',  ( 1.947194283355108801, -5.545687839827732724, 2.480321023972554606 ) ) ;
#3925 = CARTESIAN_POINT ( 'NONE',  ( 1.664801991739741860, -4.740042089238071910, 2.678438603355355774 ) ) ;
#3927 = CARTESIAN_POINT ( 'NONE',  ( 2.524293006832853958, -2.677378229214430139, 1.937009844596319752 ) ) ;
#3928 = DIRECTION ( 'NONE',  ( -0.000000000000000000, 1.000000000000000000, 2.900479261138468265E-16 ) ) ;
#3929 = CARTESIAN_POINT ( 'NONE',  ( -1.069377028091245352, -4.182209224540004655, -3.000832811858039850 ) ) ;
#3930 = CARTESIAN_POINT ( 'NONE',  ( -1.023336079404097765, -6.705456250000000118, -2.470551841763085843 ) ) ;
#3931 = CARTESIAN_POINT ( 'NONE',  ( -2.580908038982490105, -3.943484504744810604, 1.866876079998356586 ) ) ;
#3932 = CARTESIAN_POINT ( 'NONE',  ( -1.285870608851695795, -6.795898926266413120, 2.902957419131628747 ) ) ;
#3933 = CARTESIAN_POINT ( 'NONE',  ( -2.245064030267289290, -6.766574999999996010, 2.245064030267287070 ) ) ;
#3934 = EDGE_CURVE ( 'NONE', #275, #3993, #4480, .T. ) ;
#3935 = CARTESIAN_POINT ( 'NONE',  ( -0.5820143376084726539, -6.707827801178847693, 3.134876635217862084 ) ) ;
#3936 = CARTESIAN_POINT ( 'NONE',  ( -2.292773710216262639, -2.622286158064353057, 1.344629767767436368 ) ) ;
#3937 = CARTESIAN_POINT ( 'NONE',  ( 1.023336079404098209, -4.138468749999996810, 2.470551841763083178 ) ) ;
#3938 = B_SPLINE_CURVE_WITH_KNOTS ( 'NONE', 3,
 ( #3883, #2171, #3777, #3425, #164, #3858, #1783, #1400, #4732, #4631, #4187, #3448, #60, #3009 ),
 .UNSPECIFIED., .F., .F.,
 ( 4, 2, 2, 2, 2, 2, 4 ),
 ( 0.06853120660679345999, 0.06958883558556427928, 0.07011765007494967505, 0.07038205731964237988, 0.07064646456433508470, 0.07170409354310590400, 0.07276172252187670941 ),
 .UNSPECIFIED. ) ;
#3939 = CARTESIAN_POINT ( 'NONE',  ( -2.977465542280395727, -2.158645799047563152, 0.6366951911287618282 ) ) ;
#3940 = ORIENTED_EDGE ( 'NONE', *, *, #2055, .T. ) ;
#3941 = CARTESIAN_POINT ( 'NONE',  ( 3.150813473558951028, -2.633036375202220114, 0.1326610635941463390 ) ) ;
#3942 = CARTESIAN_POINT ( 'NONE',  ( 1.382334175202067472, -6.364979134837418506, -2.834243431084595422 ) ) ;
#3943 = CARTESIAN_POINT ( 'NONE',  ( 0.8623075664875506918, -3.263847263691028733, -3.066665387103319151 ) ) ;
#3944 = CARTESIAN_POINT ( 'NONE',  ( 2.285193492167051588, -6.265053706832852676, -2.173924937527518253 ) ) ;
#3945 = CARTESIAN_POINT ( 'NONE',  ( 0.2068945893234970523, -5.273681168889274851, -3.175000000001363176 ) ) ;
#3947 = CARTESIAN_POINT ( 'NONE',  ( 0.02295508516542964228, -3.848060087740518220, 3.153181107067752453 ) ) ;
#3946 = CARTESIAN_POINT ( 'NONE',  ( -1.635846293160180931, -5.837532604475954123, 2.733188289965917672 ) ) ;
#3948 = CARTESIAN_POINT ( 'NONE',  ( -2.470551841763085843, -4.505181249999997917, 1.023336079404096877 ) ) ;
#3949 = DIRECTION ( 'NONE',  ( 0.000000000000000000, -3.273063162216801501E-16, 1.000000000000000000 ) ) ;
#3950 = CARTESIAN_POINT ( 'NONE',  ( -0.5577242712816409265, -2.200395755126626884, -3.104451258784823420 ) ) ;
#3951 = CARTESIAN_POINT ( 'NONE',  ( 2.895299583880758476, -5.524770294527091785, 1.328737490172193336 ) ) ;
#3952 = CARTESIAN_POINT ( 'NONE',  ( 3.174999999999998934, -5.605318749999999461, 1.315128060534579202 ) ) ;
#3954 = CARTESIAN_POINT ( 'NONE',  ( -2.968048233467059926, -3.885267581241020007, 1.064752452103692404 ) ) ;
#3953 = CARTESIAN_POINT ( 'NONE',  ( 0.2211828683949614016, -4.764881894781461291, 3.177680760554776995 ) ) ;
#3955 = CARTESIAN_POINT ( 'NONE',  ( 3.013392055782480483, -2.524234050814801122, -1.021719823737999411 ) ) ;
#3956 = CARTESIAN_POINT ( 'NONE',  ( 3.073453523817341715, -6.526636385298548504, 0.8231059956799752220 ) ) ;
#3957 = CARTESIAN_POINT ( 'NONE',  ( 1.899313902736648130, -4.570573989971917328, 2.508025528609143961 ) ) ;
#3958 = CARTESIAN_POINT ( 'NONE',  ( 7.313735224848305469E-16, -7.744474999999997777, -2.470551841763085399 ) ) ;
#3959 = VERTEX_POINT ( 'NONE', #4863 ) ;
#3960 = CARTESIAN_POINT ( 'NONE',  ( 3.019012262139320946, -3.638641537171241946, 1.016459494365143934 ) ) ;
#3961 = LINE ( 'NONE', #1528, #3040 ) ;
#3962 = CARTESIAN_POINT ( 'NONE',  ( 1.836970198721033385E-16, 5.754792120177907755, -1.500000000000000888 ) ) ;
#3963 = CARTESIAN_POINT ( 'NONE',  ( -3.044526079794811491, -2.080796727637966193, -0.9317302434213715623 ) ) ;
#3964 = CARTESIAN_POINT ( 'NONE',  ( 7.313735224848304483E-16, -3.710637499999997146, -2.470551841763084955 ) ) ;
#3965 = CARTESIAN_POINT ( 'NONE',  ( 1.023336079404098209, -5.116368749999997689, 2.470551841763083178 ) ) ;
#3966 = ORIENTED_EDGE ( 'NONE', *, *, #4053, .F. ) ;
#3967 = EDGE_CURVE ( 'NONE', #1316, #2826, #3989, .T. ) ;
#3968 = CARTESIAN_POINT ( 'NONE',  ( 2.260969078967662416, -2.746923855055990682, 2.198500383907664002 ) ) ;
#3969 = CARTESIAN_POINT ( 'NONE',  ( 2.992052930879572248, -6.488851467525388550, -0.9961689841729429729 ) ) ;
#3970 = CARTESIAN_POINT ( 'NONE',  ( 3.002848357291326487, -3.401707812908812301, -0.9643383796382394291 ) ) ;
#3971 = CARTESIAN_POINT ( 'NONE',  ( 3.092934050704426507, -6.411409934182492165, 0.5756351940991023541 ) ) ;
#3972 = CARTESIAN_POINT ( 'NONE',  ( 1.023336079404098209, -2.182668749999997715, 2.470551841763083178 ) ) ;
#3974 = CARTESIAN_POINT ( 'NONE',  ( 2.589471720627717577, -3.700093712595033058, 1.799474819243915835 ) ) ;
#3973 = CARTESIAN_POINT ( 'NONE',  ( -2.954407917256533622, -5.973535832030609782, 1.191385790398320266 ) ) ;
#3975 = CARTESIAN_POINT ( 'NONE',  ( -2.470551841763085843, -7.438881249999998779, 1.023336079404096877 ) ) ;
#3976 = CARTESIAN_POINT ( 'NONE',  ( -3.170182724058040691, -2.096397363351344190, -0.2242115987286653622 ) ) ;
#3977 = CARTESIAN_POINT ( 'NONE',  ( 2.889606033796386253, -2.420448035890831129, -1.340984708769726197 ) ) ;
#3978 = CARTESIAN_POINT ( 'NONE',  ( 3.066569075908826214, -5.439979878680503589, 0.7025509568707732910 ) ) ;
#3979 = CARTESIAN_POINT ( 'NONE',  ( 7.745085315923348724E-16, -5.299724999999999575, -3.175000000000000266 ) ) ;
#3980 = ORIENTED_EDGE ( 'NONE', *, *, #376, .F. ) ;
#3982 = CARTESIAN_POINT ( 'NONE',  ( -0.7574000217834004900, -4.145976397775149813, -3.060937546143693400 ) ) ;
#3981 = CARTESIAN_POINT ( 'NONE',  ( 0.9782604911670208514, -4.762552965770167290, 3.031677236241943074 ) ) ;
#3983 = FACE_OUTER_BOUND ( 'NONE', #1141, .T. ) ;
#3984 = CARTESIAN_POINT ( 'NONE',  ( 1.589799910052420495, -6.323900484509096032, -2.756150145846687050 ) ) ;
#3985 = CARTESIAN_POINT ( 'NONE',  ( 2.474404809852353448, -4.337322411779171105, -2.006588750253880171 ) ) ;
#3986 = CARTESIAN_POINT ( 'NONE',  ( -1.023336079404097765, -5.727556249999997462, -2.470551841763085843 ) ) ;
#3987 = CARTESIAN_POINT ( 'NONE',  ( 1.102373602478298853, -3.778057596113365779, 2.988696085446511219 ) ) ;
#3988 = CARTESIAN_POINT ( 'NONE',  ( 2.098014612090169706, -6.303614539779507808, -2.392216653292422279 ) ) ;
#3989 = LINE ( 'NONE', #3962, #4787 ) ;
#3990 = CARTESIAN_POINT ( 'NONE',  ( -3.105736962388608191, -6.841145157441286706, 0.1830424744344830990 ) ) ;
#3991 = CARTESIAN_POINT ( 'NONE',  ( 2.470551841763084511, -2.977212499999997153, 0.000000000000000000 ) ) ;
#3992 = CARTESIAN_POINT ( 'NONE',  ( 3.888253587292846081E-16, -7.500000000000000000, -3.175000000000000266 ) ) ;
#3993 = VERTEX_POINT ( 'NONE', #3631 ) ;
#3994 = CARTESIAN_POINT ( 'NONE',  ( -0.1636500938894454582, -2.862611546029189658, 3.173393442087732108 ) ) ;
#3995 = DIRECTION ( 'NONE',  ( 0.000000000000000000, 1.000000000000000000, -7.703719777548943412E-32 ) ) ;
#3996 = AXIS2_PLACEMENT_3D ( 'NONE', #88, #3364, #943 ) ;
#3997 = CARTESIAN_POINT ( 'NONE',  ( 1.576147717884853749, -3.338611156359399867, -2.759240661837434327 ) ) ;
#3998 = CARTESIAN_POINT ( 'NONE',  ( 1.125909687984964602, -6.623931948036529960, 2.980047794189714772 ) ) ;
#3999 = CARTESIAN_POINT ( 'NONE',  ( -2.609384963075205133E-14, -5.702099587359797717, 3.174999999999999378 ) ) ;
#4000 = CONICAL_SURFACE ( 'NONE', #1387, 3.174999999999999822, 0.7853981633974492782 ) ;
#4002 = CARTESIAN_POINT ( 'NONE',  ( 2.272308304557143721, -3.724419187685099164, 2.186344948701819391 ) ) ;
#4001 = CARTESIAN_POINT ( 'NONE',  ( 2.976582876829899416, -6.465572773420928954, -1.134147414548610566 ) ) ;
#4003 = CARTESIAN_POINT ( 'NONE',  ( 0.4778648328155083447, -2.266485351797666414, -3.149547573788835209 ) ) ;
#4004 = AXIS2_PLACEMENT_3D ( 'NONE', #2732, #4403, #1865 ) ;
#4005 = CARTESIAN_POINT ( 'NONE',  ( 3.161183304903439684, -5.437256276871861083, 0.3233665201396421218 ) ) ;
#4006 = CARTESIAN_POINT ( 'NONE',  ( -1.033928862999106603E-15, -7.133287499999997117, 2.470551841763084067 ) ) ;
#4008 = CARTESIAN_POINT ( 'NONE',  ( 2.826575703515771032, -4.355815205651601296, -1.398185582729630783 ) ) ;
#4007 = CARTESIAN_POINT ( 'NONE',  ( 0.7243414816502965481, -4.791788913645563142, 3.069349343061434254 ) ) ;
#4009 = CARTESIAN_POINT ( 'NONE',  ( -1.121250951761734616, -7.375659849442777194, 2.312557135603691805 ) ) ;
#4010 = CARTESIAN_POINT ( 'NONE',  ( 1.022621083538011399, -6.680259405892032376, 3.012988870328987101 ) ) ;
#4011 = CARTESIAN_POINT ( 'NONE',  ( 2.881818548577651296, -4.411866077717355061, -1.338924501566861380 ) ) ;
#4012 = CARTESIAN_POINT ( 'NONE',  ( -1.746943960583592581, -6.399862499999998455, 1.746943960583590361 ) ) ;
#4013 = ORIENTED_EDGE ( 'NONE', *, *, #4633, .F. ) ;
#4014 = CARTESIAN_POINT ( 'NONE',  ( 0.8568342385614522438, -3.755324159248838445, 3.068027284182516912 ) ) ;
#4015 = CARTESIAN_POINT ( 'NONE',  ( 0.2074510162634830568, -6.200693711162515775, -3.174999999999999378 ) ) ;
#4016 = CARTESIAN_POINT ( 'NONE',  ( 0.000000000000000000, 4.700000000000000178, 0.7500000000000016653 ) ) ;
#4017 = CARTESIAN_POINT ( 'NONE',  ( -3.499999999999999556, 0.6204091765858628094, -2.020725942163689837 ) ) ;
#4018 = CARTESIAN_POINT ( 'NONE',  ( 1.746943960583591915, -2.854974999999997376, -1.746943960583591471 ) ) ;
#4019 = CARTESIAN_POINT ( 'NONE',  ( -1.023336079404100429, -6.216506249999997458, 2.470551841763083178 ) ) ;
#4020 = ORIENTED_EDGE ( 'NONE', *, *, #1699, .F. ) ;
#4021 = CARTESIAN_POINT ( 'NONE',  ( 1.222210955285855327, -2.758007659724208249, 2.941526607260088078 ) ) ;
#4022 = B_SPLINE_CURVE_WITH_KNOTS ( 'NONE', 3,
 ( #2902, #1566, #4078, #2818, #2874, #3284, #4948, #1210, #4549, #807, #2469, #4134, #409, #4978, #4575, #834, #2495, #2061, #4160, #435, #3449, #34, #1704, #966, #944, #90, #4634, #2197, #4294, #491, #1268, #2147 ),
 .UNSPECIFIED., .F., .F.,
 ( 4, 2, 2, 2, 2, 2, 2, 2, 2, 2, 2, 2, 2, 2, 2, 4 ),
 ( 0.06123669687898979780, 0.06186682714775291331, 0.06249695741651602188, 0.06312708768527913739, 0.06375721795404225289, 0.06438734822280535453, 0.06501747849156847003, 0.06564760876033158554, 0.06627773902909470105, 0.06690786929785780268, 0.06753799956662091819, 0.06879826010414714921, 0.06942839037291026472, 0.07005852064167336635, 0.07068865091043648186, 0.07131878117919959736 ),
 .UNSPECIFIED. ) ;
#4023 = CARTESIAN_POINT ( 'NONE',  ( -3.499999999999999556, -1.999999999999997113, -2.020725942163689837 ) ) ;
#4024 = CARTESIAN_POINT ( 'NONE',  ( 1.239069556916963188, -3.631293731472251540, 2.900355040027694287 ) ) ;
#4025 = CARTESIAN_POINT ( 'NONE',  ( 3.071464460409496056, -6.394263800209957438, -0.8451467908076650826 ) ) ;
#4026 = CARTESIAN_POINT ( 'NONE',  ( 2.853566902985922749, -5.386042471508474705, -1.407345430856061341 ) ) ;
#4027 = ORIENTED_EDGE ( 'NONE', *, *, #1231, .F. ) ;
#4029 = CARTESIAN_POINT ( 'NONE',  ( -0.6959905565503652358, -2.905418519743728556, 3.075588722371182193 ) ) ;
#4028 = CARTESIAN_POINT ( 'NONE',  ( -2.144765373966384114, -6.126770716654695192, -2.355073279203558911 ) ) ;
#4030 = CARTESIAN_POINT ( 'NONE',  ( 3.184824702813754627, -2.484869610399389916, -0.07707188579185647592 ) ) ;
#4031 = CARTESIAN_POINT ( 'NONE',  ( 3.129629104623373959, -5.420842705447824095, 0.3209673810669234628 ) ) ;
#4032 = CARTESIAN_POINT ( 'NONE',  ( 7.745085315923348724E-16, -2.366024999999999157, -3.175000000000000266 ) ) ;
#4033 =( BOUNDED_SURFACE ( )  B_SPLINE_SURFACE ( 3, 2, ( 
 ( #1155, #1181, #465 ),
 ( #4950, #4110, #1678 ),
 ( #5349, #2416, #3723 ),
 ( #6, #1591, #2035 ),
 ( #2820, #1651, #3342 ),
 ( #3315, #4980, #4080 ),
 ( #1240, #4605, #357 ),
 ( #1270, #3258, #2009 ),
 ( #863, #2904, #782 ),
 ( #437, #2120, #2847 ),
 ( #5324, #4578, #3755 ),
 ( #5008, #2527, #3782 ),
 ( #64, #565, #2608 ),
 ( #2149, #4272, #4246 ),
 ( #1355, #122, #3012 ),
 ( #4711, #4685, #1814 ),
 ( #3429, #2658, #946 ),
 ( #5139, #894, #93 ),
 ( #3886, #1763, #5091 ),
 ( #2634, #520, #1737 ),
 ( #4321, #2222, #542 ),
 ( #3035, #2555, #2199 ),
 ( #3402, #3861, #4662 ),
 ( #144, #4736, #5114 ),
 ( #3810, #167, #2247 ),
 ( #3476, #3912, #1706 ),
 ( #1787, #3451, #1377 ),
 ( #1300, #969, #4296 ),
 ( #1404, #3064, #3369 ),
 ( #4218, #5066, #996 ),
 ( #591, #5035, #2960 ),
 ( #4636, #493, #1329 ),
 ( #2987, #921, #2582 ),
 ( #2177, #3840, #3533 ),
 ( #3093, #1023, #1511 ),
 ( #4762, #701, #5190 ),
 ( #1051, #2766, #4819 ),
 ( #2713, #4409, #1456 ),
 ( #1123, #3611, #3941 ),
 ( #193, #3200, #1925 ),
 ( #5266, #4433, #2791 ),
 ( #1845, #621, #1899 ),
 ( #3559, #3507, #2361 ),
 ( #1533, #2278, #2739 ),
 ( #5218, #1486, #3968 ),
 ( #3150, #3178, #1078 ),
 ( #4463, #676, #723 ),
 ( #4021, #4868, #2685 ),
 ( #223, #302, #249 ),
 ( #1951, #1101, #4379 ),
 ( #649, #2385, #5165 ),
 ( #2330, #3994, #1430 ),
 ( #3120, #1873, #4351 ),
 ( #4791, #276, #2304 ),
 ( #3587, #5242, #4844 ),
 ( #3280, #830, #857 ),
 ( #3636, #2027, #2438 ),
 ( #4916, #5290, #803 ),
 ( #1585, #2056, #2465 ),
 ( #774, #3227, #2003 ),
 ( #3663, #5342, #1976 ),
 ( #5370, #2084, #4103 ),
 ( #325, #3716, #1642 ),
 ( #4049, #748, #3309 ),
 ( #4944, #1562, #4895 ),
 ( #1175, #377, #1149 ),
 ( #2491, #3688, #1613 ),
 ( #2815, #4974, #1205 ),
 ( #4490, #5001, #3749 ),
 ( #2410, #4074, #1671 ),
 ( #3252, #29, #1234 ),
 ( #348, #5317, #2841 ),
 ( #2898, #4130, #4515 ),
 ( #2869, #404, #4544 ),
 ( #4571, #4156, #431 ),
 ( #3336, #1263, #2925 ),
 ( #4599, #3856, #1323 ),
 ( #3029, #487, #2628 ),
 ( #5109, #1759, #2953 ),
 ( #2169, #3880, #3362 ),
 ( #559, #888, #1700 ),
 ( #3423, #5059, #4240 ),
 ( #3446, #58, #4629 ),
 ( #2549, #514, #139 ),
 ( #5029, #3833, #4212 ),
 ( #3055, #161, #2981 ),
 ( #2143, #1781, #4656 ),
 ( #117, #3804, #1372 ),
 ( #86, #4704, #3775 ),
 ( #5131, #1729, #4729 ),
 ( #915, #962, #2520 ),
 ( #4290, #2576, #5086 ),
 ( #1294, #3394, #1350 ),
 ( #4185, #941, #3007 ),
 ( #2216, #4680, #2602 ),
 ( #4265, #537, #2194 ),
 ( #1807, #3468, #1397 ),
 ( #459, #2112, #5183 ),
 ( #668, #3960, #268 ),
 ( #3171, #2352, #2759 ),
 ( #1422, #2323, #3113 ),
 ( #4402, #3143, #1527 ),
 ( #185, #4342, #2706 ),
 ( #2297, #4313, #4812 ),
 ( #1449, #641, #4372 ),
 ( #1864, #3987, #1837 ),
 ( #4014, #4783, #1919 ),
 ( #3581, #1044, #242 ),
 ( #3084, #5237, #695 ),
 ( #4837, #2239, #2677 ),
 ( #215, #3195, #2731 ),
 ( #3498, #4754, #1015 ),
 ( #1892, #3552, #1505 ),
 ( #3526, #613, #5210 ),
 ( #1095, #1479, #1071 ),
 ( #4427, #296, #583 ),
 ( #2270, #1944, #3605 ),
 ( #5260, #988, #2651 ),
 ( #3931, #3903, #5156 ),
 ( #1635, #1665, #4861 ),
 ( #824, #1227, #3274 ),
 ( #1607, #2835, #2404 ),
 ( #4939, #23, #1580 ),
 ( #2810, #1169, #4483 ),
 ( #2786, #1198, #3303 ),
 ( #4509, #1118, #1142 ),
 ( #398, #4913, #4069 ),
 ( #3741, #5312, #717 ),
 ( #1970, #3683, #3221 ),
 ( #3246, #4456, #4096 ),
 ( #768, #2432, #371 ),
 ( #5338, #743, #5283 ),
 ( #2864, #4151, #2049 ),
 ( #2486, #4538, #342 ),
 ( #3710, #426, #1995 ),
 ( #320, #796, #2380 ),
 ( #4043, #4889, #3658 ),
 ( #2023, #2460, #5364 ),
 ( #4124, #4968, #2891 ),
 ( #4565, #2078, #3629 ),
 ( #1555, #3440, #2919 ),
 ( #3385, #882, #2189 ),
 ( #957, #1342, #4233 ),
 ( #5051, #2136, #3770 ),
 ( #909, #2595, #2569 ),
 ( #4697, #5103, #1752 ),
 ( #4673, #79, #2975 ),
 ( #110, #3874, #1723 ),
 ( #1287, #1317, #2947 ),
 ( #1257, #3416, #134 ),
 ( #4651, #3329, #5023 ),
 ( #3000, #2543, #155 ),
 ( #934, #4622, #506 ),
 ( #4178, #4258, #3796 ),
 ( #3851, #4206, #1366 ),
 ( #532, #2163, #52 ),
 ( #3823, #479, #1694 ),
 ( #5080, #2621, #1775 ),
 ( #4284, #3024, #553 ),
 ( #2210, #4994, #851 ),
 ( #4593, #3356, #2513 ),
 ( #454, #2107, #3898 ),
 ( #2342, #3163, #2263 ),
 ( #1415, #4806, #3925 ),
 ( #1443, #2233, #2725 ),
 ( #178, #3981, #3049 ),
 ( #4420, #1009, #4007 ),
 ( #3953, #1799, #207 ),
 ( #5150, #3519, #3076 ),
 ( #5126, #235, #261 ),
 ( #3106, #3462, #3491 ),
 ( #1470, #2670, #1391 ),
 ( #5203, #4747, #1036 ),
 ( #2646, #3135, #605 ),
 ( #4723, #2700, #1911 ),
 ( #1857, #4775, #981 ),
 ( #4365, #4830, #4308 ),
 ( #5231, #1829, #577 ),
 ( #1089, #3546, #4335 ),
 ( #4395, #2751, #5177 ),
 ( #634, #1885, #2290 ),
 ( #1063, #662, #2316 ),
 ( #3575, #687, #1499 ),
 ( #5276, #3265, #735 ),
 ( #5305, #711, #1188 ),
 ( #2373, #2450, #1521 ),
 ( #2882, #4882, #815 ),
 ( #2802, #2854, #2477 ),
 ( #4116, #4061, #335 ),
 ( #4529, #4474, #313 ),
 ( #1218, #788, #3239 ),
 ( #1598, #4854, #1162 ),
 ( #1962, #1987, #3211 ),
 ( #3648, #3292, #3675 ),
 ( #4557, #1573, #2396 ),
 ( #5330, #4906, #4931 ),
 ( #389, #1627, #2041 ),
 ( #4035, #3702, #2828 ),
 ( #1546, #3621, #2015 ),
 ( #5356, #4958, #288 ),
 ( #1135, #1111, #2423 ),
 ( #4501, #760, #1937 ),
 ( #4089, #3598, #5253 ),
 ( #3189, #363, #2777 ),
 ( #4448, #3789, #2535 ),
 ( #71, #1744, #1714 ),
 ( #5096, #472, #1360 ),
 ( #1335, #2183, #3321 ),
 ( #4168, #927, #4198 ),
 ( #4667, #5073, #1278 ),
 ( #2939, #3018, #2992 ),
 ( #3377, #100, #4986 ),
 ( #2588, #445, #2128 ),
 ( #4251, #5042, #1769 ),
 ( #1310, #4690, #2968 ),
 ( #4644, #525, #952 ),
 ( #3730, #901, #2562 ),
 ( #5015, #13, #4226 ),
 ( #1685, #2156, #499 ),
 ( #874, #1247, #2097 ),
 ( #3761, #3816, #2069 ),
 ( #3408, #3845, #128 ),
 ( #418, #3434, #4143 ),
 ( #1657, #843, #2910 ),
 ( #4584, #2505, #43 ),
 ( #4613, #3348, #3126 ),
 ( #2718, #3483, #5196 ),
 ( #3043, #5144, #1436 ),
 ( #4716, #3891, #2691 ),
 ( #1792, #2614, #255 ),
 ( #3539, #1409, #2639 ),
 ( #4278, #1028, #1383 ),
 ( #3946, #3456, #3512 ),
 ( #4302, #2664, #172 ),
 ( #4327, #1904, #626 ),
 ( #1493, #597, #3070 ),
 ( #2283, #198, #1878 ),
 ( #4798, #3973, #4385 ),
 ( #974, #228, #4741 ),
 ( #1820, #571, #1002 ),
 ( #1850, #2253, #1056 ),
 ( #3918, #547, #4358 ),
 ( #655, #5170, #1462 ),
 ( #2309, #3567, #3099 ),
 ( #2227, #5224, #4768 ),
 ( #149, #5120, #3155 ),
 ( #4824, #2205, #3868 ),
 ( #1957, #3670, #330 ),
 ( #3616, #5297, #2368 ),
 ( #4028, #1157, #384 ),
 ( #4496, #2445, #1981 ),
 ( #783, #5325, #2036 ),
 ( #1106, #1930, #3234 ),
 ( #4469, #2391, #5271 ),
 ( #3593, #728, #1083 ),
 ( #3641, #4111, #1516 ),
 ( #4055, #1568, #3184 ),
 ( #3696, #4849, #3260 ),
 ( #2771, #5350, #307 ),
 ( #2821, #1538, #2010 ),
 ( #3205, #1130, #1621 ),
 ( #2797, #706, #4901 ),
 ( #755, #4924, #4875 ),
 ( #2745, #4442, #3287 ),
 ( #2417, #4082, #1182 ),
 ( #358, #2336, #1592 ),
 ( #2849, #4523, #4414 ),
 ( #681, #4001, #283 ),
 ( #5248, #4606, #810 ),
 ( #865, #989, #412 ),
 ( #4314, #560, #2961 ),
 ( #1302, #2499, #4730 ),
 ( #584, #4579, #4981 ),
 ( #1707, #1213, #2933 ),
 ( #438, #4637, #2064 ),
 ( #4952, #3881, #466 ),
 ( #8, #2121, #2092 ),
 ( #2528, #3343, #4192 ),
 ( #2629, #3783, #5132 ),
 ( #1271, #2240, #65 ),
 ( #3057, #4138, #3316 ),
 ( #2652, #1241, #3756 ),
 ( #3724, #2905, #3370 ),
 ( #162, #5036, #963 ),
 ( #4291, #1398, #4552 ),
 ( #1652, #1808, #4163 ),
 ( #2217, #186, #1838 ),
 ( #838, #3469, #2877 ),
 ( #3904, #2472, #36 ),
 ( #1679, #5009, #269 ),
 ( #3085, #1920, #1480 ),
 ( #3932, #4373, #4755 ) ),
 .UNSPECIFIED., .F., .F., .F. ) 
 B_SPLINE_SURFACE_WITH_KNOTS ( ( 4, 2, 2, 2, 2, 2, 2, 2, 2, 2, 2, 2, 2, 2, 2, 2, 2, 2, 2, 2, 2, 2, 2, 2, 2, 2, 2, 2, 2, 2, 2, 2, 2, 2, 2, 2, 2, 2, 2, 2, 2, 2, 2, 2, 2, 2, 2, 2, 2, 2, 2, 2, 2, 2, 2, 2, 2, 2, 2, 2, 2, 2, 2, 2, 2, 2, 2, 2, 2, 2, 2, 2, 2, 2, 2, 2, 2, 2, 2, 2, 2, 2, 2, 2, 2, 2, 2, 2, 2, 2, 2, 2, 2, 2, 2, 2, 2, 2, 2, 2, 2, 2, 2, 2, 2, 2, 2, 2, 2, 2, 2, 2, 2, 2, 2, 2, 2, 2, 2, 2, 2, 2, 2, 2, 2, 2, 2, 2, 2, 2, 2, 2, 2, 2, 2, 2, 2, 2, 2, 2, 2, 2, 2, 2, 2, 4 ),
 ( 3, 3 ),
 ( 0.002176311877103545393, 0.002935112416840608175, 0.003693912956577671391, 0.004452713496314734606, 0.005211514036051797388, 0.005970314575788860170, 0.006349714845657391561, 0.006729115115525922952, 0.007487915655262985734, 0.008246716195000048516, 0.009005516734737111298, 0.009764317274474174080, 0.01014371754434270634, 0.01052311781421123686, 0.01128191835394829964, 0.01204071889368536243, 0.01279951943342242521, 0.01355831997315948799, 0.01431712051289655077, 0.01507592105263361355, 0.01583472159237067634, 0.01659352213210774085, 0.01735232267184480190, 0.01811112321158186295, 0.01886992375131892746, 0.01962872429105599198, 0.02000812456092452424, 0.02038752483079305303, 0.02114632537053011407, 0.02190512591026717859, 0.02266392645000424311, 0.02342272698974130415, 0.02418152752947836520, 0.02494032806921542972, 0.02531972833908396198, 0.02569912860895249423, 0.02645792914868955528, 0.02721672968842661633, 0.02797553022816368085, 0.02873433076790074536, 0.02911373103776927762, 0.02949313130763780988, 0.03025193184737487440, 0.03101073238711193544, 0.03176953292684899649, 0.03252833346658606101, 0.03328713400632311858, 0.03404593454606018310, 0.03480473508579724762, 0.03556353562553431213, 0.03632233616527137665, 0.03708113670500844117, 0.03783993724474550568, 0.03859873778448256326, 0.03897813805435108858, 0.03935753832421962084, 0.04011633886395668536, 0.04087513940369374987, 0.04163393994343081439, 0.04239274048316787891, 0.04315154102290494342, 0.04391034156264200794, 0.04428974183251054020, 0.04466914210237906552, 0.04542794264211612310, 0.04618674318185318761, 0.04694554372159025213, 0.04770434426132731665, 0.04808374453119584890, 0.04846314480106438116, 0.04922194534080144568, 0.04998074588053851020, 0.05073954642027556777, 0.05149834696001262535, 0.05225714749974968987, 0.05301594803948675438, 0.05377474857922381890, 0.05453354911896088342, 0.05529234965869794793, 0.05567174992856648019, 0.05605115019843501245, 0.05680995073817207697, 0.05756875127790914148, 0.05832755181764620600, 0.05908635235738327052, 0.05946575262725180278, 0.05984515289712032809, 0.06060395343685738567, 0.06136275397659445019, 0.06212155451633151471, 0.06288035505606857922, 0.06363915559580562986, 0.06439795613554269438, 0.06477735640541122664, 0.06515675667527975889, 0.06591555721501682341, 0.06667435775475388793, 0.06743315829449095244, 0.06819195883422801696, 0.06895075937396508148, 0.06970955991370214599, 0.07046836045343921051, 0.07122716099317627503, 0.07198596153291333954, 0.07274476207265040406, 0.07350356261238746858, 0.07426236315212453309, 0.07464176342199305147, 0.07502116369186158373, 0.07577996423159863437, 0.07653876477133569889, 0.07729756531107276341, 0.07805636585080982792, 0.07843576612067836018, 0.07881516639054689244, 0.07957396693028395696, 0.08033276747002102147, 0.08109156800975808599, 0.08185036854949515051, 0.08260916908923221502, 0.08336796962896927954, 0.08374736989883781180, 0.08412677016870634406, 0.08488557070844340857, 0.08564437124818047309, 0.08640317178791753761, 0.08716197232765458824, 0.08792077286739163888, 0.08830017313726017114, 0.08867957340712870340, 0.08943837394686576792, 0.09019717448660283243, 0.09095597502633989695, 0.09171477556607696147, 0.09247357610581402598, 0.09323237664555109050, 0.09361177691541962276, 0.09399117718528815502, 0.09474997772502521953, 0.09550877826476228405, 0.09626757880449934857, 0.09702637934423641308, 0.09740577961410494534, 0.09778517988397347760, 0.09854398042371054212, 0.09930278096344759275 ),
 ( 0.000000000000000000, 1.000000000000000000 ),
 .UNSPECIFIED. ) 
 GEOMETRIC_REPRESENTATION_ITEM ( )  RATIONAL_B_SPLINE_SURFACE ( (
 ( 1.000000000000000000, 0.8547773227599351209, 1.000000000000000000),
 ( 1.000000000000000000, 0.8547912475793487674, 1.000000000000000000),
 ( 1.000000000000000000, 0.8547771906783437901, 1.000000000000000000),
 ( 1.000000000000000000, 0.8547662612123086978, 1.000000000000000000),
 ( 1.000000000000000000, 0.8547635398389693551, 1.000000000000000000),
 ( 1.000000000000000000, 0.8547639410547510641, 1.000000000000000000),
 ( 1.000000000000000000, 0.8547671592186946166, 1.000000000000000000),
 ( 1.000000000000000000, 0.8547786984977147062, 1.000000000000000000),
 ( 1.000000000000000000, 0.8547824228039495598, 1.000000000000000000),
 ( 1.000000000000000000, 0.8547692350932398764, 1.000000000000000000),
 ( 1.000000000000000000, 0.8547651998016830843, 1.000000000000000000),
 ( 1.000000000000000000, 0.8547634934623162817, 1.000000000000000000),
 ( 1.000000000000000000, 0.8547636622245846638, 1.000000000000000000),
 ( 1.000000000000000000, 0.8547654496753920306, 1.000000000000000000),
 ( 1.000000000000000000, 0.8547670592263296729, 1.000000000000000000),
 ( 1.000000000000000000, 0.8547739021497943179, 1.000000000000000000),
 ( 1.000000000000000000, 0.8547883561768895300, 1.000000000000000000),
 ( 1.000000000000000000, 0.8547730918587329585, 1.000000000000000000),
 ( 1.000000000000000000, 0.8547677615500522963, 1.000000000000000000),
 ( 1.000000000000000000, 0.8547628175504736747, 1.000000000000000000),
 ( 1.000000000000000000, 0.8547633027318585208, 1.000000000000000000),
 ( 1.000000000000000000, 0.8547699213128384654, 1.000000000000000000),
 ( 1.000000000000000000, 0.8547761681731820271, 1.000000000000000000),
 ( 1.000000000000000000, 0.8547886097959267460, 1.000000000000000000),
 ( 1.000000000000000000, 0.8547782622179946888, 1.000000000000000000),
 ( 1.000000000000000000, 0.8547718776600752300, 1.000000000000000000),
 ( 1.000000000000000000, 0.8547692778402439240, 1.000000000000000000),
 ( 1.000000000000000000, 0.8547636677881289557, 1.000000000000000000),
 ( 1.000000000000000000, 0.8547627588478753369, 1.000000000000000000),
 ( 1.000000000000000000, 0.8547667990070327848, 1.000000000000000000),
 ( 1.000000000000000000, 0.8547717694688902190, 1.000000000000000000),
 ( 1.000000000000000000, 0.8547863348237797476, 1.000000000000000000),
 ( 1.000000000000000000, 0.8547753761795580107, 1.000000000000000000),
 ( 1.000000000000000000, 0.8547654457627253954, 1.000000000000000000),
 ( 1.000000000000000000, 0.8547631556360595351, 1.000000000000000000),
 ( 1.000000000000000000, 0.8547645518123678787, 1.000000000000000000),
 ( 1.000000000000000000, 0.8547681871037255963, 1.000000000000000000),
 ( 1.000000000000000000, 0.8547805857433294907, 1.000000000000000000),
 ( 1.000000000000000000, 0.8547804038820071559, 1.000000000000000000),
 ( 1.000000000000000000, 0.8547681256213158774, 1.000000000000000000),
 ( 1.000000000000000000, 0.8547644744242959280, 1.000000000000000000),
 ( 1.000000000000000000, 0.8547631959339068164, 1.000000000000000000),
 ( 1.000000000000000000, 0.8547654769386424656, 1.000000000000000000),
 ( 1.000000000000000000, 0.8547755812695821964, 1.000000000000000000),
 ( 1.000000000000000000, 0.8547861681523215571, 1.000000000000000000),
 ( 1.000000000000000000, 0.8547716605173009130, 1.000000000000000000),
 ( 1.000000000000000000, 0.8547666983749505620, 1.000000000000000000),
 ( 1.000000000000000000, 0.8547627723881762174, 1.000000000000000000),
 ( 1.000000000000000000, 0.8547637092115715207, 1.000000000000000000),
 ( 1.000000000000000000, 0.8547713244075750838, 1.000000000000000000),
 ( 1.000000000000000000, 0.8547925885811307189, 1.000000000000000000),
 ( 1.000000000000000000, 0.8547801351940977899, 1.000000000000000000),
 ( 1.000000000000000000, 0.8547764725805903074, 1.000000000000000000),
 ( 1.000000000000000000, 0.8547705091979272973, 1.000000000000000000),
 ( 1.000000000000000000, 0.8547681830990566665, 1.000000000000000000),
 ( 1.000000000000000000, 0.8547632862768954620, 1.000000000000000000),
 ( 1.000000000000000000, 0.8547628576844281678, 1.000000000000000000),
 ( 1.000000000000000000, 0.8547678525972672858, 1.000000000000000000),
 ( 1.000000000000000000, 0.8547731716284212578, 1.000000000000000000),
 ( 1.000000000000000000, 0.8547886739193191197, 1.000000000000000000),
 ( 1.000000000000000000, 0.8547737917309472522, 1.000000000000000000),
 ( 1.000000000000000000, 0.8547647210012800922, 1.000000000000000000),
 ( 1.000000000000000000, 0.8547629157904846897, 1.000000000000000000),
 ( 1.000000000000000000, 0.8547652564228035432, 1.000000000000000000),
 ( 1.000000000000000000, 0.8547693804697047426, 1.000000000000000000),
 ( 1.000000000000000000, 0.8547826716989499474, 1.000000000000000000),
 ( 1.000000000000000000, 0.8547785731798387410, 1.000000000000000000),
 ( 1.000000000000000000, 0.8547699221117096569, 1.000000000000000000),
 ( 1.000000000000000000, 0.8547676641465368208, 1.000000000000000000),
 ( 1.000000000000000000, 0.8547646249363501925, 1.000000000000000000),
 ( 1.000000000000000000, 0.8547638198621460015, 1.000000000000000000),
 ( 1.000000000000000000, 0.8547635717011429213, 1.000000000000000000),
 ( 1.000000000000000000, 0.8547664063219534425, 1.000000000000000000),
 ( 1.000000000000000000, 0.8547773206194754225, 1.000000000000000000),
 ( 1.000000000000000000, 0.8547840816964468180, 1.000000000000000000),
 ( 1.000000000000000000, 0.8547701850953316471, 1.000000000000000000),
 ( 1.000000000000000000, 0.8547658151668524606, 1.000000000000000000),
 ( 1.000000000000000000, 0.8547628129198565627, 1.000000000000000000),
 ( 1.000000000000000000, 0.8547642864676332497, 1.000000000000000000),
 ( 1.000000000000000000, 0.8547706194862704221, 1.000000000000000000),
 ( 1.000000000000000000, 0.8547734046446744394, 1.000000000000000000),
 ( 1.000000000000000000, 0.8547802222926255133, 1.000000000000000000),
 ( 1.000000000000000000, 0.8547861803928197277, 1.000000000000000000),
 ( 1.000000000000000000, 0.8547742658347609046, 1.000000000000000000),
 ( 1.000000000000000000, 0.8547686290368610162, 1.000000000000000000),
 ( 1.000000000000000000, 0.8547629727124028687, 1.000000000000000000),
 ( 1.000000000000000000, 0.8547630701316959456, 1.000000000000000000),
 ( 1.000000000000000000, 0.8547689660370199061, 1.000000000000000000),
 ( 1.000000000000000000, 0.8547748752441606257, 1.000000000000000000),
 ( 1.000000000000000000, 0.8547909532303659130, 1.000000000000000000),
 ( 1.000000000000000000, 0.8547722794726951845, 1.000000000000000000),
 ( 1.000000000000000000, 0.8547640451059447253, 1.000000000000000000),
 ( 1.000000000000000000, 0.8547627854064006048, 1.000000000000000000),
 ( 1.000000000000000000, 0.8547660720836398607, 1.000000000000000000),
 ( 1.000000000000000000, 0.8547707162300876016, 1.000000000000000000),
 ( 1.000000000000000000, 0.8547846858725874908, 1.000000000000000000),
 ( 1.000000000000000000, 0.8547767037546035729, 1.000000000000000000),
 ( 1.000000000000000000, 0.8547660744101660546, 1.000000000000000000),
 ( 1.000000000000000000, 0.8547634387699871716, 1.000000000000000000),
 ( 1.000000000000000000, 0.8547640723562621723, 1.000000000000000000),
 ( 1.000000000000000000, 0.8547673757963757390, 1.000000000000000000),
 ( 1.000000000000000000, 0.8547791039587097073, 1.000000000000000000),
 ( 1.000000000000000000, 0.8547819134747796088, 1.000000000000000000),
 ( 1.000000000000000000, 0.8547690020061209371, 1.000000000000000000),
 ( 1.000000000000000000, 0.8547650101981975057, 1.000000000000000000),
 ( 1.000000000000000000, 0.8547629771103665286, 1.000000000000000000),
 ( 1.000000000000000000, 0.8547649115037957435, 1.000000000000000000),
 ( 1.000000000000000000, 0.8547719382037771707, 1.000000000000000000),
 ( 1.000000000000000000, 0.8547749952647724081, 1.000000000000000000),
 ( 1.000000000000000000, 0.8547822247208051172, 1.000000000000000000),
 ( 1.000000000000000000, 0.8547840812932611110, 1.000000000000000000),
 ( 1.000000000000000000, 0.8547727828450779608, 1.000000000000000000),
 ( 1.000000000000000000, 0.8547674733147759829, 1.000000000000000000),
 ( 1.000000000000000000, 0.8547628130246976985, 1.000000000000000000),
 ( 1.000000000000000000, 0.8547633605232971554, 1.000000000000000000),
 ( 1.000000000000000000, 0.8547702688716043440, 1.000000000000000000),
 ( 1.000000000000000000, 0.8547765263622373322, 1.000000000000000000),
 ( 1.000000000000000000, 0.8547932944946869949, 1.000000000000000000),
 ( 1.000000000000000000, 0.8547708175857275936, 1.000000000000000000),
 ( 1.000000000000000000, 0.8547635867846679059, 1.000000000000000000),
 ( 1.000000000000000000, 0.8547627698027829846, 1.000000000000000000),
 ( 1.000000000000000000, 0.8547670540104238546, 1.000000000000000000),
 ( 1.000000000000000000, 0.8547720506287190823, 1.000000000000000000),
 ( 1.000000000000000000, 0.8547831726444115041, 1.000000000000000000),
 ( 1.000000000000000000, 0.8547830407788929996, 1.000000000000000000),
 ( 1.000000000000000000, 0.8547756678742486347, 1.000000000000000000),
 ( 1.000000000000000000, 0.8547725793255067650, 1.000000000000000000),
 ( 1.000000000000000000, 0.8547652836855508252, 1.000000000000000000),
 ( 1.000000000000000000, 0.8547630913791747220, 1.000000000000000000),
 ( 1.000000000000000000, 0.8547647055845529751, 1.000000000000000000),
 ( 1.000000000000000000, 0.8547684086717819429, 1.000000000000000000),
 ( 1.000000000000000000, 0.8547811376324179200, 1.000000000000000000),
 ( 1.000000000000000000, 0.8547800015857951461, 1.000000000000000000),
 ( 1.000000000000000000, 0.8547678675616736665, 1.000000000000000000),
 ( 1.000000000000000000, 0.8547643329192111672, 1.000000000000000000),
 ( 1.000000000000000000, 0.8547635379947133849, 1.000000000000000000),
 ( 1.000000000000000000, 0.8547639949567406026, 1.000000000000000000),
 ( 1.000000000000000000, 0.8547663556745531688, 1.000000000000000000),
 ( 1.000000000000000000, 0.8547682809443828411, 1.000000000000000000),
 ( 1.000000000000000000, 0.8547759972533415240, 1.000000000000000000),
 ( 1.000000000000000000, 0.8547857173469410874, 1.000000000000000000),
 ( 1.000000000000000000, 0.8547712817127008922, 1.000000000000000000),
 ( 1.000000000000000000, 0.8547664935038312706, 1.000000000000000000),
 ( 1.000000000000000000, 0.8547627726596747078, 1.000000000000000000),
 ( 1.000000000000000000, 0.8547638563621896557, 1.000000000000000000),
 ( 1.000000000000000000, 0.8547716242580191137, 1.000000000000000000),
 ( 1.000000000000000000, 0.8547920338579548805, 1.000000000000000000),
 ( 1.000000000000000000, 0.8547754949343244757, 1.000000000000000000),
 ( 1.000000000000000000, 0.8547695120624343446, 1.000000000000000000),
 ( 1.000000000000000000, 0.8547631576934913156, 1.000000000000000000),
 ( 1.000000000000000000, 0.8547629037955450926, 1.000000000000000000),
 ( 1.000000000000000000, 0.8547681225781551539, 1.000000000000000000),
 ( 1.000000000000000000, 0.8547737112648562396, 1.000000000000000000),
 ( 1.000000000000000000, 0.8547892457875997385, 1.000000000000000000),
 ( 1.000000000000000000, 0.8547733529938619235, 1.000000000000000000),
 ( 1.000000000000000000, 0.8547644909374099154, 1.000000000000000000),
 ( 1.000000000000000000, 0.8547628650721645904, 1.000000000000000000),
 ( 1.000000000000000000, 0.8547648134026557543, 1.000000000000000000),
 ( 1.000000000000000000, 0.8547662120536326791, 1.000000000000000000),
 ( 1.000000000000000000, 0.8547703598709727180, 1.000000000000000000),
 ( 1.000000000000000000, 0.8547731061236288896, 1.000000000000000000),
 ( 1.000000000000000000, 0.8547831523793700814, 1.000000000000000000),
 ( 1.000000000000000000, 0.8547779917803435268, 1.000000000000000000),
 ( 1.000000000000000000, 0.8547667590137808524, 1.000000000000000000),
 ( 1.000000000000000000, 0.8547637620498500510, 1.000000000000000000),
 ( 1.000000000000000000, 0.8547636985372111251, 1.000000000000000000),
 ( 1.000000000000000000, 0.8547666408440660613, 1.000000000000000000),
 ( 1.000000000000000000, 0.8547777662782128916, 1.000000000000000000),
 ( 1.000000000000000000, 0.8547834017065852885, 1.000000000000000000),
 ( 1.000000000000000000, 0.8547732864847711332, 1.000000000000000000),
 ( 1.000000000000000000, 0.8547705161693369691, 1.000000000000000000),
 ( 1.000000000000000000, 0.8547663160137751737, 1.000000000000000000),
 ( 1.000000000000000000, 0.8547648865354211534, 1.000000000000000000),
 ( 1.000000000000000000, 0.8547628447625907899, 1.000000000000000000),
 ( 1.000000000000000000, 0.8547644131997281791, 1.000000000000000000),
 ( 1.000000000000000000, 0.8547731548391891421, 1.000000000000000000),
 ( 1.000000000000000000, 0.8547895157919208620, 1.000000000000000000),
 ( 1.000000000000000000, 0.8547739068903851267, 1.000000000000000000),
 ( 1.000000000000000000, 0.8547682643280909431, 1.000000000000000000),
 ( 1.000000000000000000, 0.8547629265303520185, 1.000000000000000000),
 ( 1.000000000000000000, 0.8547631152694262768, 1.000000000000000000),
 ( 1.000000000000000000, 0.8547693540506039467, 1.000000000000000000),
 ( 1.000000000000000000, 0.8547752727917330429, 1.000000000000000000),
 ( 1.000000000000000000, 0.8547915571035162863, 1.000000000000000000),
 ( 1.000000000000000000, 0.8547718369880913380, 1.000000000000000000),
 ( 1.000000000000000000, 0.8547659173106783026, 1.000000000000000000),
 ( 1.000000000000000000, 0.8547646268680052506, 1.000000000000000000),
 ( 1.000000000000000000, 0.8547634935498390485, 1.000000000000000000),
 ( 1.000000000000000000, 0.8547636632458899264, 1.000000000000000000),
 ( 1.000000000000000000, 0.8547663514922924088, 1.000000000000000000),
 ( 1.000000000000000000, 0.8547710090444605724, 1.000000000000000000),
 ( 1.000000000000000000, 0.8547853192196223082, 1.000000000000000000),
 ( 1.000000000000000000, 0.8547762468460369245, 1.000000000000000000),
 ( 1.000000000000000000, 0.8547658761241212488, 1.000000000000000000),
 ( 1.000000000000000000, 0.8547633277142492325, 1.000000000000000000),
 ( 1.000000000000000000, 0.8547642402080326551, 1.000000000000000000),
 ( 1.000000000000000000, 0.8547676318985727439, 1.000000000000000000),
 ( 1.000000000000000000, 0.8547797201481736051, 1.000000000000000000),
 ( 1.000000000000000000, 0.8547814352997851195, 1.000000000000000000),
 ( 1.000000000000000000, 0.8547686800608991220, 1.000000000000000000),
 ( 1.000000000000000000, 0.8547648113531535197, 1.000000000000000000),
 ( 1.000000000000000000, 0.8547630513843477162, 1.000000000000000000),
 ( 1.000000000000000000, 0.8547651424949821442, 1.000000000000000000),
 ( 1.000000000000000000, 0.8547747721430182244, 1.000000000000000000),
 ( 1.000000000000000000, 0.8547873256968447908, 1.000000000000000000),
 ( 1.000000000000000000, 0.8547722931281338532, 1.000000000000000000),
 ( 1.000000000000000000, 0.8547672104580819052, 1.000000000000000000),
 ( 1.000000000000000000, 0.8547627947795997105, 1.000000000000000000),
 ( 1.000000000000000000, 0.8547635186313391475, 1.000000000000000000),
 ( 1.000000000000000000, 0.8547706122168492460, 1.000000000000000000),
 ( 1.000000000000000000, 0.8547937458502399277, 1.000000000000000000),
 ( 1.000000000000000000, 0.8547767619762440816, 1.000000000000000000),
 ( 1.000000000000000000, 0.8547704958574333656, 1.000000000000000000),
 ( 1.000000000000000000, 0.8547652177076721092, 1.000000000000000000),
 ( 1.000000000000000000, 0.8547641518703715802, 1.000000000000000000),
 ( 1.000000000000000000, 0.8547635160126484388, 1.000000000000000000),
 ( 1.000000000000000000, 0.8547639291300687114, 1.000000000000000000),
 ( 1.000000000000000000, 0.8547673008582300502, 1.000000000000000000),
 ( 1.000000000000000000, 0.8547725278144319150, 1.000000000000000000),
 ( 1.000000000000000000, 0.8547875313546614562, 1.000000000000000000),
 ( 1.000000000000000000, 0.8547746176205202051, 1.000000000000000000),
 ( 1.000000000000000000, 0.8547650080028530439, 1.000000000000000000),
 ( 1.000000000000000000, 0.8547630257105057749, 1.000000000000000000),
 ( 1.000000000000000000, 0.8547648783707643139, 1.000000000000000000),
 ( 1.000000000000000000, 0.8547688231272807524, 1.000000000000000000),
 ( 1.000000000000000000, 0.8547784125353194984, 1.000000000000000000),
 ( 1.000000000000000000, 0.8547884172131569036, 1.000000000000000000),
 ( 1.000000000000000000, 0.8547801226392203189, 1.000000000000000000),
 ( 1.000000000000000000, 0.8547764619821252019, 1.000000000000000000),
 ( 1.000000000000000000, 0.8547675154965665989, 1.000000000000000000),
 ( 1.000000000000000000, 0.8547641818277320613, 1.000000000000000000),
 ( 1.000000000000000000, 0.8547633638094664921, 1.000000000000000000),
 ( 1.000000000000000000, 0.8547659561267676454, 1.000000000000000000),
 ( 1.000000000000000000, 0.8547764052765484122, 1.000000000000000000),
 ( 1.000000000000000000, 0.8547850206102112214, 1.000000000000000000),
 ( 1.000000000000000000, 0.8547709113753618748, 1.000000000000000000),
 ( 1.000000000000000000, 0.8547662485306978253, 1.000000000000000000),
 ( 1.000000000000000000, 0.8547627600549415616, 1.000000000000000000),
 ( 1.000000000000000000, 0.8547639801084199185, 1.000000000000000000),
 ( 1.000000000000000000, 0.8547719890433920220, 1.000000000000000000),
 ( 1.000000000000000000, 0.8547912880006458547, 1.000000000000000000),
 ( 1.000000000000000000, 0.8547791770212057605, 1.000000000000000000),
 ( 1.000000000000000000, 0.8547756749837807089, 1.000000000000000000),
 ( 1.000000000000000000, 0.8547699147309943957, 1.000000000000000000),
 ( 1.000000000000000000, 0.8547676571113462796, 1.000000000000000000),
 ( 1.000000000000000000, 0.8547631011917552479, 1.000000000000000000),
 ( 1.000000000000000000, 0.8547629276440291690, 1.000000000000000000),
 ( 1.000000000000000000, 0.8547684094699248281, 1.000000000000000000),
 ( 1.000000000000000000, 0.8547740493692710384, 1.000000000000000000),
 ( 1.000000000000000000, 0.8547897446220011908, 1.000000000000000000),
 ( 1.000000000000000000, 0.8547729651539528462, 1.000000000000000000),
 ( 1.000000000000000000, 0.8547643766108170560, 1.000000000000000000),
 ( 1.000000000000000000, 0.8547628219929997995, 1.000000000000000000),
 ( 1.000000000000000000, 0.8547656792371726153, 1.000000000000000000),
 ( 1.000000000000000000, 0.8547700104455733250, 1.000000000000000000),
 ( 1.000000000000000000, 0.8547802357628332404, 1.000000000000000000),
 ( 1.000000000000000000, 0.8547861665003867460, 1.000000000000000000),
 ( 1.000000000000000000, 0.8547782208333917220, 1.000000000000000000),
 ( 1.000000000000000000, 0.8547748269945822930, 1.000000000000000000),
 ( 1.000000000000000000, 0.8547665668927850735, 1.000000000000000000),
 ( 1.000000000000000000, 0.8547636428688895061, 1.000000000000000000),
 ( 1.000000000000000000, 0.8547638213077884961, 1.000000000000000000),
 ( 1.000000000000000000, 0.8547668222422437623, 1.000000000000000000),
 ( 1.000000000000000000, 0.8547782552461034022, 1.000000000000000000),
 ( 1.000000000000000000, 0.8547829644100299884, 1.000000000000000000),
 ( 1.000000000000000000, 0.8547696313503909682, 1.000000000000000000),
 ( 1.000000000000000000, 0.8547653763400596683, 1.000000000000000000),
 ( 1.000000000000000000, 0.8547628883970529445, 1.000000000000000000),
 ( 1.000000000000000000, 0.8547645760832436324, 1.000000000000000000),
 ( 1.000000000000000000, 0.8547735595792382846, 1.000000000000000000),
 ( 1.000000000000000000, 0.8547890420253327903, 1.000000000000000000),
 ( 1.000000000000000000, 0.8547773923994178569, 1.000000000000000000),
 ( 1.000000000000000000, 0.8547740352955285337, 1.000000000000000000),
 ( 1.000000000000000000, 0.8547687210145576975, 1.000000000000000000),
 ( 1.000000000000000000, 0.8547667356244654790, 1.000000000000000000),
 ( 1.000000000000000000, 0.8547628921112803146, 1.000000000000000000),
 ( 1.000000000000000000, 0.8547632225525703120, 1.000000000000000000),
 ( 1.000000000000000000, 0.8547696276850322850, 1.000000000000000000),
 ( 1.000000000000000000, 0.8547756028576687370, 1.000000000000000000),
 ( 1.000000000000000000, 0.8547922300468928647, 1.000000000000000000),
 ( 1.000000000000000000, 0.8547715369070848501, 1.000000000000000000),
 ( 1.000000000000000000, 0.8547638223534478330, 1.000000000000000000),
 ( 1.000000000000000000, 0.8547627726543042259, 1.000000000000000000),
 ( 1.000000000000000000, 0.8547656061571612396, 1.000000000000000000),
 ( 1.000000000000000000, 0.8547672630308157382, 1.000000000000000000),
 ( 1.000000000000000000, 0.8547719484725849748, 1.000000000000000000),
 ( 1.000000000000000000, 0.8547750055223745091, 1.000000000000000000),
 ( 1.000000000000000000, 0.8547858617264567638, 1.000000000000000000),
 ( 1.000000000000000000, 0.8547758884502081322, 1.000000000000000000),
 ( 1.000000000000000000, 0.8547656472699682872, 1.000000000000000000),
 ( 1.000000000000000000, 0.8547632105128659674, 1.000000000000000000),
 ( 1.000000000000000000, 0.8547638112351899631, 1.000000000000000000) ) ) 
 REPRESENTATION_ITEM ( '' )  SURFACE ( )  );
#4034 = ADVANCED_FACE ( 'NONE', ( #1046 ), #777, .F. ) ;
#4036 = CARTESIAN_POINT ( 'NONE',  ( 2.159808129635276241, -4.554255827918805011, 2.297611040091157353 ) ) ;
#4035 = CARTESIAN_POINT ( 'NONE',  ( -0.1535731502355526801, -5.257054835272157334, -3.181835459564301694 ) ) ;
#4037 = DIRECTION ( 'NONE',  ( -0.000000000000000000, 1.000000000000000000, 2.900479261138468265E-16 ) ) ;
#4038 = CARTESIAN_POINT ( 'NONE',  ( 3.073382677635182247, -6.446194385892449752, -0.8236581242082614551 ) ) ;
#4039 = CARTESIAN_POINT ( 'NONE',  ( 1.905297549511669963, -4.300297045677615060, -2.543119083902317445 ) ) ;
#4040 = CARTESIAN_POINT ( 'NONE',  ( 1.746943960583590805, -4.199587499999997142, 1.746943960583591915 ) ) ;
#4041 = AXIS2_PLACEMENT_3D ( 'NONE', #932, #2510, #4696 ) ;
#4042 = EDGE_LOOP ( 'NONE', ( #2676, #4966, #3532, #3053 ) ) ;
#4043 = CARTESIAN_POINT ( 'NONE',  ( -1.039852918923403147, -4.234509703180539653, -3.002650970993359092 ) ) ;
#4044 = CARTESIAN_POINT ( 'NONE',  ( 2.523561532565513854, -6.538134624418204588, 1.937965443215606376 ) ) ;
#4045 = CARTESIAN_POINT ( 'NONE',  ( 3.174999999999999822, -2.427143749999995936, -1.315128060534576981 ) ) ;
#4046 = CARTESIAN_POINT ( 'NONE',  ( -0.2379566795415461455, -2.268387295554603167, -3.175000000000038458 ) ) ;
#4047 = ORIENTED_EDGE ( 'NONE', *, *, #2601, .T. ) ;
#4048 = CIRCLE ( 'NONE', #1431, 2.441574999999997608 ) ;
#4049 = CARTESIAN_POINT ( 'NONE',  ( -3.076439543431470192, -3.023506792176275493, 0.8257297322597260125 ) ) ;
#4050 = CARTESIAN_POINT ( 'NONE',  ( 3.154856148527593884, -4.511019999400328828, -0.4136654066772252891 ) ) ;
#4051 = CARTESIAN_POINT ( 'NONE',  ( 1.252333880100998442, -3.647704730828041253, 2.929178595275667263 ) ) ;
#4052 = CARTESIAN_POINT ( 'NONE',  ( -2.599148024384952294, -6.792113757658494677, 1.842193361185713307 ) ) ;
#4053 = EDGE_CURVE ( 'NONE', #2021, #4797, #650, .T. ) ;
#4054 = CARTESIAN_POINT ( 'NONE',  ( 1.406635688012600749, -5.284711288910445504, -2.853941791387618832 ) ) ;
#4056 = CARTESIAN_POINT ( 'NONE',  ( 3.149463657477051370, -3.612248928921709457, 0.1550564103723621190 ) ) ;
#4055 = CARTESIAN_POINT ( 'NONE',  ( -0.02596773557350202932, -6.240708065455703668, -3.177513460245316335 ) ) ;
#4057 = CARTESIAN_POINT ( 'NONE',  ( 1.121367860645330339, -2.659842930413470974, 2.947885487819167594 ) ) ;
#4058 = CARTESIAN_POINT ( 'NONE',  ( -3.080745720107057384, -5.908572591270933039, 0.7788545597202121140 ) ) ;
#4059 = CARTESIAN_POINT ( 'NONE',  ( -2.470551841763084067, -7.438881249999998779, -1.023336079404099541 ) ) ;
#4060 = ORIENTED_EDGE ( 'NONE', *, *, #1396, .T. ) ;
#4062 = CARTESIAN_POINT ( 'NONE',  ( -0.5989441555092741565, -3.723217179467458227, 3.096111940440680943 ) ) ;
#4061 = CARTESIAN_POINT ( 'NONE',  ( -2.891810190308595541, -5.121910217308504265, -1.317061112706691572 ) ) ;
#4063 = CARTESIAN_POINT ( 'NONE',  ( 1.746943960583592359, -5.910912499999997571, -1.746943960583591693 ) ) ;
#4064 = CARTESIAN_POINT ( 'NONE',  ( 0.4175157920028267355, -2.748989829527928475, 3.174999999996045208 ) ) ;
#4065 = CARTESIAN_POINT ( 'NONE',  ( 2.683696921165779958, -4.514334223724994821, 1.657155620310768018 ) ) ;
#4066 = EDGE_CURVE ( 'NONE', #4628, #109, #4423, .T. ) ;
#4067 = CARTESIAN_POINT ( 'NONE',  ( 2.470551841763085399, -4.016231249999997921, -1.023336079404098653 ) ) ;
#4068 = ORIENTED_EDGE ( 'NONE', *, *, #675, .T. ) ;
#4069 = CARTESIAN_POINT ( 'NONE',  ( -3.114035055283474573, -4.115356160894049431, -0.4469692894754383472 ) ) ;
#4070 = PERSON_AND_ORGANIZATION ( #2072, #4707 ) ;
#4071 = CARTESIAN_POINT ( 'NONE',  ( -3.174999999999999378, -2.060431249999995273, -1.315128060534578092 ) ) ;
#4072 = DIRECTION ( 'NONE',  ( -0.000000000000000000, -1.000000000000000000, 7.703719777548942317E-32 ) ) ;
#4073 = CARTESIAN_POINT ( 'NONE',  ( -2.470551841763085399, -7.316643749999997226, 1.023336079404096655 ) ) ;
#4074 = CARTESIAN_POINT ( 'NONE',  ( -3.030592749880792525, -3.146628786956400248, -0.9553533241941325471 ) ) ;
#4075 = CARTESIAN_POINT ( 'NONE',  ( 1.746943960583592359, -5.910912499999997571, -1.746943960583591693 ) ) ;
#4076 = CARTESIAN_POINT ( 'NONE',  ( 2.393116979830673507, -4.418133509174450246, -2.097043906164658189 ) ) ;
#4077 = CARTESIAN_POINT ( 'NONE',  ( -1.524583376899509179, -3.824432193416399617, 2.797331024098931973 ) ) ;
#4078 = CARTESIAN_POINT ( 'NONE',  ( 0.4172010432447667005, -3.777420385130438873, 3.154322911657586825 ) ) ;
#4079 = CARTESIAN_POINT ( 'NONE',  ( -2.755414401902699151, -5.864567841397141379, 1.590983409334018051 ) ) ;
#4080 = CARTESIAN_POINT ( 'NONE',  ( -3.009373369559984468, -2.091136570555644614, 0.9429452335970862631 ) ) ;
#4081 = AXIS2_PLACEMENT_3D ( 'NONE', #2927, #350, #406 ) ;
#4083 = CARTESIAN_POINT ( 'NONE',  ( 2.333560293051623269, -4.467695519684347083, -2.121015385607029291 ) ) ;
#4082 = CARTESIAN_POINT ( 'NONE',  ( 2.289402092435872671, -6.402125309830830169, -2.214743661953459064 ) ) ;
#4084 = CARTESIAN_POINT ( 'NONE',  ( 3.148808460523171870, -2.480223951173289532, 0.1815117851452439368 ) ) ;
#4085 = CARTESIAN_POINT ( 'NONE',  ( -2.322705778430545376, -5.778896394710768547, 2.121936750609405564 ) ) ;
#4086 = AXIS2_PLACEMENT_3D ( 'NONE', #2761, #1946, #3607 ) ;
#4087 = CARTESIAN_POINT ( 'NONE',  ( 3.174999999999999822, -1.632599999999999607, 0.000000000000000000 ) ) ;
#4088 = EDGE_LOOP ( 'NONE', ( #3769, #2533, #4408, #408 ) ) ;
#4090 = CARTESIAN_POINT ( 'NONE',  ( 3.063611408151499571, -2.435164503028818928, -0.7475769671413169393 ) ) ;
#4089 = CARTESIAN_POINT ( 'NONE',  ( 1.580887034472851838, -5.345407446451863720, -2.765428776927500554 ) ) ;
#4091 = CARTESIAN_POINT ( 'NONE',  ( -1.746943960583591027, -6.644337499999998009, -1.746943960583593025 ) ) ;
#4092 = CARTESIAN_POINT ( 'NONE',  ( 3.073176235354437402, -2.483661141776897452, -0.8243894122873089980 ) ) ;
#4093 = CARTESIAN_POINT ( 'NONE',  ( -0.6779880370108186671, -4.721245886987778917, 3.112659554670933915 ) ) ;
#4094 = CARTESIAN_POINT ( 'NONE',  ( 7.657907256503758141E-16, -2.169673028306644103, -3.032627424527159388 ) ) ;
#4095 = ORIENTED_EDGE ( 'NONE', *, *, #644, .F. ) ;
#4096 = CARTESIAN_POINT ( 'NONE',  ( -2.756690862082186388, -4.173224898972814678, -1.531734693119183977 ) ) ;
#4097 = DATE_AND_TIME ( #1581, #4183 ) ;
#4098 = CARTESIAN_POINT ( 'NONE',  ( -2.755194573861935670, -5.101614786578873684, -1.591325393962429668 ) ) ;
#4099 = CARTESIAN_POINT ( 'NONE',  ( 1.724882321443684244E-11, -4.235249587360597978, -3.175000000000000266 ) ) ;
#4100 = CARTESIAN_POINT ( 'NONE',  ( -1.746943960583590805, -6.522099999999997344, -1.746943960583592581 ) ) ;
#4101 = EDGE_LOOP ( 'NONE', ( #3815, #2946, #4350, #3768 ) ) ;
#4102 = EDGE_CURVE ( 'NONE', #3384, #741, #3374, .T. ) ;
#4103 = CARTESIAN_POINT ( 'NONE',  ( -2.757622961406730688, -3.036583497729743009, 1.530024602577291670 ) ) ;
#4104 = CARTESIAN_POINT ( 'NONE',  ( -1.023336079404100651, -4.382943749999998140, 2.470551841763083178 ) ) ;
#4105 = CARTESIAN_POINT ( 'NONE',  ( 3.174915894346000300, -4.540307768603327965, 0.2080393025918434169 ) ) ;
#4106 = CARTESIAN_POINT ( 'NONE',  ( -2.346761111836603853, -3.874717453172744630, 2.154251769727502985 ) ) ;
#4107 = EDGE_LOOP ( 'NONE', ( #4888, #2560, #1975, #4400 ) ) ;
#4108 = CARTESIAN_POINT ( 'NONE',  ( -2.969615848259959723, -6.831259043890738347, 1.153333685246637375 ) ) ;
#4109 = CARTESIAN_POINT ( 'NONE',  ( -2.391232516210814563, -5.833942677777262276, 2.098986910657617333 ) ) ;
#4110 = CARTESIAN_POINT ( 'NONE',  ( -2.244182093538890310, -1.998972146933477356, 2.260625384921747028 ) ) ;
#4112 = CARTESIAN_POINT ( 'NONE',  ( -2.562635005181158832, -3.996264392806813337, 1.837374026859016407 ) ) ;
#4111 = CARTESIAN_POINT ( 'NONE',  ( -0.1581937669823493264, -6.270247733424749725, -3.173668696363584285 ) ) ;
#4113 = CARTESIAN_POINT ( 'NONE',  ( 0.8837827897902814644, -2.725133169559825319, 3.060541838982195895 ) ) ;
#4114 = CARTESIAN_POINT ( 'NONE',  ( -2.804836221063292001, -5.833583996995671761, 1.510591136022483960 ) ) ;
#4115 = CARTESIAN_POINT ( 'NONE',  ( 7.313735224848304483E-16, -7.622237499999998001, -2.470551841763084955 ) ) ;
#4117 = CARTESIAN_POINT ( 'NONE',  ( -3.151422139024202984, -2.955341987044308283, 0.1120947068607088121 ) ) ;
#4116 = CARTESIAN_POINT ( 'NONE',  ( -2.891052376592905926, -5.086329750630215862, -1.318721926707387304 ) ) ;
#4118 = CARTESIAN_POINT ( 'NONE',  ( 1.746943960583590805, -5.177487499999998022, 1.746943960583591915 ) ) ;
#4119 = DIRECTION ( 'NONE',  ( 0.000000000000000000, 0.000000000000000000, 1.000000000000000000 ) ) ;
#4120 = CARTESIAN_POINT ( 'NONE',  ( 1.813473043063491552, -4.629040254826981560, 2.609408658192943875 ) ) ;
#4121 = CARTESIAN_POINT ( 'NONE',  ( -1.023336079404097765, -1.815956249999997718, -2.470551841763085843 ) ) ;
#4122 = ORIENTED_EDGE ( 'NONE', *, *, #3096, .F. ) ;
#4123 = VERTEX_POINT ( 'NONE', #4750 ) ;
#4125 = CARTESIAN_POINT ( 'NONE',  ( -1.835369482676868280, -6.041518669897216753, -2.564256433657618128 ) ) ;
#4124 = CARTESIAN_POINT ( 'NONE',  ( -0.6661868140201594457, -4.253885957437649523, -3.106997626750159558 ) ) ;
#4126 = APPLICATION_PROTOCOL_DEFINITION ( 'international standard', 'config_control_design', 1994, #1273 ) ;
#4127 = CARTESIAN_POINT ( 'NONE',  ( -2.635962207994337003, -7.300464668012764946, -0.2041679763811741488 ) ) ;
#4128 = CARTESIAN_POINT ( 'NONE',  ( -2.098912006382227080, -4.836822224690889627, 2.391347544054340357 ) ) ;
#4129 = CARTESIAN_POINT ( 'NONE',  ( -3.869994942637784710E-16, -6.730912912640199863, 3.174999999999999378 ) ) ;
#4130 = CARTESIAN_POINT ( 'NONE',  ( -2.717416196212690593, -3.185498114443248596, -1.662005675320936904 ) ) ;
#4131 = CARTESIAN_POINT ( 'NONE',  ( 7.313735224848305469E-16, -2.854974999999997376, -2.470551841763085399 ) ) ;
#4132 = CARTESIAN_POINT ( 'NONE',  ( 2.098551179501719322, -4.662511158987944881, 2.391647271517295170 ) ) ;
#4133 = CARTESIAN_POINT ( 'NONE',  ( 0.4981741937730055358, -3.686934697607940237, 3.146395997640960562 ) ) ;
#4134 = CARTESIAN_POINT ( 'NONE',  ( 2.755052092801739239, -3.634778839420889085, 1.591568724495295406 ) ) ;
#4135 = ADVANCED_FACE ( 'NONE', ( #2598 ), #2572, .T. ) ;
#4136 = CARTESIAN_POINT ( 'NONE',  ( 7.313735224848306455E-16, -2.839528623375212391, -2.470551841763085843 ) ) ;
#4137 = CARTESIAN_POINT ( 'NONE',  ( -2.854338894275603167, -3.135281540102591524, -1.405761240927887235 ) ) ;
#4139 = CARTESIAN_POINT ( 'NONE',  ( 1.869342877713492612, -4.727742771562317259, 2.539702844852470331 ) ) ;
#4138 = CARTESIAN_POINT ( 'NONE',  ( 1.895289777499819861, -6.666658677403348499, 2.560164495218044234 ) ) ;
#4140 = CARTESIAN_POINT ( 'NONE',  ( 1.603840582466421028, -2.650067910352148282, 2.752501124230489982 ) ) ;
#4141 = CARTESIAN_POINT ( 'NONE',  ( -3.153924770541295608, -5.894253326486808220, 3.013527588097619433E-05 ) ) ;
#4142 = CARTESIAN_POINT ( 'NONE',  ( -1.033928862999106603E-15, -4.199587499999997142, 2.470551841763084067 ) ) ;
#4144 = CARTESIAN_POINT ( 'NONE',  ( 0.4321128214185345207, -2.695616816242824232, 3.123710052224935918 ) ) ;
#4143 = CARTESIAN_POINT ( 'NONE',  ( 1.328004042714636013, -5.737290263910177046, 2.860410457168879539 ) ) ;
#4145 = CARTESIAN_POINT ( 'NONE',  ( -1.746943960583591027, -4.688537499999997138, -1.746943960583593025 ) ) ;
#4146 = CARTESIAN_POINT ( 'NONE',  ( 0.000000000000000000, 6.999999999999999112, 2.610431335024620995E-15 ) ) ;
#4147 = CARTESIAN_POINT ( 'NONE',  ( 1.113739069393890890, -4.616055386284761752, 2.950680726910295704 ) ) ;
#4148 = CARTESIAN_POINT ( 'NONE',  ( 1.023336079404099319, -4.871893749999997247, -2.470551841763085399 ) ) ;
#4149 = LINE ( 'NONE', #2764, #864 ) ;
#4150 = VERTEX_POINT ( 'NONE', #2673 ) ;
#4152 = CARTESIAN_POINT ( 'NONE',  ( -0.6847743944066716493, -6.661298083763635525, 3.078002800104607584 ) ) ;
#4151 = CARTESIAN_POINT ( 'NONE',  ( -2.145327615925966214, -4.206331595106781229, -2.354610754743894585 ) ) ;
#4153 = CARTESIAN_POINT ( 'NONE',  ( -1.408679558720277614, -6.170288588381926509, -2.853025456690580164 ) ) ;
#4154 = CARTESIAN_POINT ( 'NONE',  ( 0.2080116082205748229, -4.714529402377244161, 3.175000000000022471 ) ) ;
#4155 = CARTESIAN_POINT ( 'NONE',  ( -1.023336079404100429, -7.194406249999997449, 2.470551841763083178 ) ) ;
#4156 = CARTESIAN_POINT ( 'NONE',  ( -2.239913367985614467, -3.222313619495394299, -2.265144346375606244 ) ) ;
#4157 = CARTESIAN_POINT ( 'NONE',  ( -1.315128060534576537, -8.050068749999995887, -3.175000000000000266 ) ) ;
#4158 = CARTESIAN_POINT ( 'NONE',  ( -1.512013996314739206, -2.113824437103907883, -2.687343044962652971 ) ) ;
#4159 = CARTESIAN_POINT ( 'NONE',  ( -1.749038095936078729, -4.090941578589040617, -2.624463834617337454 ) ) ;
#4160 = CARTESIAN_POINT ( 'NONE',  ( 3.154673142114686968, -3.533063281717962134, -0.4148097905878789793 ) ) ;
#4161 = DIRECTION ( 'NONE',  ( -0.000000000000000000, 1.000000000000000000, -0.000000000000000000 ) ) ;
#4162 = CARTESIAN_POINT ( 'NONE',  ( -0.4179345230480233653, -2.839131090414502179, 3.154174865220451096 ) ) ;
#4164 = CARTESIAN_POINT ( 'NONE',  ( -2.425848039716946403, -4.963168989148205590, 2.014943024068994504 ) ) ;
#4163 = CARTESIAN_POINT ( 'NONE',  ( 0.4749212850671188924, -6.760085219314412086, 3.109919823058042709 ) ) ;
#4165 = CARTESIAN_POINT ( 'NONE',  ( 0.3732417062084067982, -2.715172859646116876, 3.163647657781776257 ) ) ;
#4166 = CARTESIAN_POINT ( 'NONE',  ( -3.081188300996244855, -5.872991634169220987, 0.7771025999812138929 ) ) ;
#4167 = CARTESIAN_POINT ( 'NONE',  ( 1.023336079404099319, -3.771756249999997035, -2.470551841763084955 ) ) ;
#4169 = CARTESIAN_POINT ( 'NONE',  ( 1.634765482927417413, -3.290659613234413250, -2.696480878816458038 ) ) ;
#4168 = CARTESIAN_POINT ( 'NONE',  ( 3.021923003009694408, -5.458775991127676974, -1.007135029019751826 ) ) ;
#4170 = CARTESIAN_POINT ( 'NONE',  ( 7.597412351035226802E-16, -7.007743253558388119, -2.933831746441608157 ) ) ;
#4171 = CARTESIAN_POINT ( 'NONE',  ( 3.174972961455412079, -2.533560302355861271, 0.2072589591445741508 ) ) ;
#4172 = AXIS2_PLACEMENT_3D ( 'NONE', #3665, #1673, #749 ) ;
#4173 = CARTESIAN_POINT ( 'NONE',  ( 0.1040281619074339969, -4.683526114956260145, 3.184175964954656823 ) ) ;
#4174 = CARTESIAN_POINT ( 'NONE',  ( 1.724882321443684244E-11, -4.235249587360597978, -3.175000000000000266 ) ) ;
#4175 = CARTESIAN_POINT ( 'NONE',  ( 1.746943960583591915, -4.810774999999997803, -1.746943960583591471 ) ) ;
#4176 = AXIS2_PLACEMENT_3D ( 'NONE', #5025, #2648, #4310 ) ;
#4177 = ORIENTED_EDGE ( 'NONE', *, *, #415, .F. ) ;
#4179 = CARTESIAN_POINT ( 'NONE',  ( 3.150583098550789440, -6.377175583661156999, -0.1298358628003694337 ) ) ;
#4178 = CARTESIAN_POINT ( 'NONE',  ( 3.182477960978453702, -4.537051740607862982, 0.1348739107839221074 ) ) ;
#4180 = APPROVAL_STATUS ( 'not_yet_approved' ) ;
#4181 = CARTESIAN_POINT ( 'NONE',  ( -1.937297877124547485, -5.161492012532145068, -2.523983267650981244 ) ) ;
#4182 = CARTESIAN_POINT ( 'NONE',  ( -1.101497872888109741, -2.275617864345164332, -2.990887827704132196 ) ) ;
#4183 = LOCAL_TIME ( 17, 20, 4.000000000000000000, #5313 ) ;
#4184 = CARTESIAN_POINT ( 'NONE',  ( 1.023336079404098209, -5.116368749999997689, 2.470551841763083178 ) ) ;
#4185 = CARTESIAN_POINT ( 'NONE',  ( 3.092395696131672533, -3.515627968489013266, -0.7641109776036538737 ) ) ;
#4186 = CARTESIAN_POINT ( 'NONE',  ( 1.315128060534576981, -7.561118749999995892, 3.174999999999999378 ) ) ;
#4187 = CARTESIAN_POINT ( 'NONE',  ( -3.499999999999999556, 1.222194402589688700, 0.7279907646137168120 ) ) ;
#4188 = CARTESIAN_POINT ( 'NONE',  ( -3.146027823644672150, -3.938261068531260900, 0.009579445008746308166 ) ) ;
#4189 = CARTESIAN_POINT ( 'NONE',  ( -0.5822942704416222970, -2.825083782762335627, -2.419015589598753735 ) ) ;
#4190 = CARTESIAN_POINT ( 'NONE',  ( 0.000000000000000000, -6.766574999999998674, -5.800958522276925683E-16 ) ) ;
#4191 = CARTESIAN_POINT ( 'NONE',  ( -0.8240070995133572662, -2.859558319148320482, 3.073190629605559110 ) ) ;
#4193 = CARTESIAN_POINT ( 'NONE',  ( 3.078151252572380425, -4.616177594884428359, 0.6849962544137166987 ) ) ;
#4192 = CARTESIAN_POINT ( 'NONE',  ( 2.586978464899012398, -6.634038459681745437, 1.803656084541726212 ) ) ;
#4194 = CARTESIAN_POINT ( 'NONE',  ( -2.402121859673250093, -2.850980655996814939, 2.031599987727964685 ) ) ;
#4195 = CARTESIAN_POINT ( 'NONE',  ( -2.891987119347393609, -5.958440507078335280, -1.258922785633324049 ) ) ;
#4196 = CARTESIAN_POINT ( 'NONE',  ( -1.023336079404097543, -5.605318749999997685, -2.470551841763085399 ) ) ;
#4197 = ORIENTED_EDGE ( 'NONE', *, *, #415, .T. ) ;
#4199 = CARTESIAN_POINT ( 'NONE',  ( -2.125519169921932683, -2.831882413101381779, 2.329520623013904501 ) ) ;
#4198 = CARTESIAN_POINT ( 'NONE',  ( 2.990992581336771483, -5.510767616300513261, -0.9996464976924843704 ) ) ;
#4200 = CARTESIAN_POINT ( 'NONE',  ( 2.470551841763084067, -3.160568749999997706, 1.023336079404100207 ) ) ;
#4201 = CARTESIAN_POINT ( 'NONE',  ( -0.7320988479624104261, -6.766574999999998674, 3.089442712984351136 ) ) ;
#4202 = CARTESIAN_POINT ( 'NONE',  ( -2.968811450910969985, -4.911034023710133312, 1.155101637511414259 ) ) ;
#4203 = CARTESIAN_POINT ( 'NONE',  ( 3.174999999999999822, -7.500000000000000000, 0.000000000000000000 ) ) ;
#4204 = EDGE_CURVE ( 'NONE', #453, #5063, #3079, .T. ) ;
#4205 = EDGE_LOOP ( 'NONE', ( #767, #3081, #4735, #4753 ) ) ;
#4207 = CARTESIAN_POINT ( 'NONE',  ( 2.603347662326061851, -6.289388310022610007, -1.779241452174521454 ) ) ;
#4206 = CARTESIAN_POINT ( 'NONE',  ( 3.161310105605745768, -4.584772423646573891, 0.3918067541148630983 ) ) ;
#4208 = CARTESIAN_POINT ( 'NONE',  ( 5.646229213111801656E-16, 7.500000000000000000, 4.041451884327380562 ) ) ;
#4209 = CARTESIAN_POINT ( 'NONE',  ( -3.154367503354572833, -5.039333664709546134, -0.4164555437524836701 ) ) ;
#4210 = CARTESIAN_POINT ( 'NONE',  ( -0.2084260370512163729, -5.203460136128233771, -3.174999999998046718 ) ) ;
#4211 = CARTESIAN_POINT ( 'NONE',  ( 2.470551841763084511, -3.955112499999997144, 0.000000000000000000 ) ) ;
#4212 = CARTESIAN_POINT ( 'NONE',  ( 0.6046591297722392344, -3.389698485290447483, -3.095271508641753488 ) ) ;
#4213 = CARTESIAN_POINT ( 'NONE',  ( 1.315128060534577648, -8.172306249999996552, -3.174999999999999822 ) ) ;
#4214 = FACE_OUTER_BOUND ( 'NONE', #2366, .T. ) ;
#4215 = CARTESIAN_POINT ( 'NONE',  ( -1.981727956143045644, -4.094384986474186583, -2.494259616953724112 ) ) ;
#4216 = CARTESIAN_POINT ( 'NONE',  ( 7.025315519256028786E-14, -3.257349587359799514, -3.175000000000000266 ) ) ;
#4217 = CARTESIAN_POINT ( 'NONE',  ( -2.689083409530975466, -2.000000000000029310, 1.688486360111753459 ) ) ;
#4218 = CARTESIAN_POINT ( 'NONE',  ( 1.689497304917249920, -2.418004645652410023, -2.700549414388286884 ) ) ;
#4219 = CARTESIAN_POINT ( 'NONE',  ( 3.055451130034327001, -5.522364791254253724, -0.7792822252044766529 ) ) ;
#4220 = CARTESIAN_POINT ( 'NONE',  ( -3.131107341505647845, -2.978768032028611401, -0.3785778441642496106 ) ) ;
#4221 = CARTESIAN_POINT ( 'NONE',  ( -1.954847751721175309, -6.034174909945819287, -2.474988239146517444 ) ) ;
#4222 = CARTESIAN_POINT ( 'NONE',  ( -1.746943960583592359, -4.321824999999997807, 1.746943960583590361 ) ) ;
#4223 = EDGE_CURVE ( 'NONE', #3993, #3395, #4236, .T. ) ;
#4224 = EDGE_CURVE ( 'NONE', #3788, #4489, #1154, .T. ) ;
#4225 = ORIENTED_EDGE ( 'NONE', *, *, #4370, .T. ) ;
#4227 = CARTESIAN_POINT ( 'NONE',  ( 0.8055681062880299947, -2.422131093027003690, -3.048909558471073478 ) ) ;
#4226 = CARTESIAN_POINT ( 'NONE',  ( 2.658533025847712228, -5.649708341375149878, 1.696306713761222218 ) ) ;
#4228 = CARTESIAN_POINT ( 'NONE',  ( 2.875742447423352832, -2.349372349001516369, 0.2658142078582961809 ) ) ;
#4229 = CARTESIAN_POINT ( 'NONE',  ( -0.2429393032148325915, -6.780850016291767091, 3.151376102514262367 ) ) ;
#4230 = CARTESIAN_POINT ( 'NONE',  ( -3.055722454801938603, -4.977184068202872957, -0.9010640533302562982 ) ) ;
#4231 = FACE_OUTER_BOUND ( 'NONE', #5371, .T. ) ;
#4232 = EDGE_LOOP ( 'NONE', ( #1750, #1757 ) ) ;
#4234 = CARTESIAN_POINT ( 'NONE',  ( -0.2069766019177095573, -3.247727518453536799, -3.175000000000004263 ) ) ;
#4233 = CARTESIAN_POINT ( 'NONE',  ( 0.7310232831958752842, -4.374066052205876964, -3.067719844033082843 ) ) ;
#4235 = CARTESIAN_POINT ( 'NONE',  ( -0.9848614430334982073, 1.160472922472421953, -3.472841865077506807 ) ) ;
#4236 = LINE ( 'NONE', #5055, #1208 ) ;
#4237 = EDGE_CURVE ( 'NONE', #908, #1634, #2399, .T. ) ;
#4238 = SPHERICAL_SURFACE ( 'NONE', #2862, 3.250000000001644906 ) ;
#4239 = CARTESIAN_POINT ( 'NONE',  ( -2.470551841763084511, -5.421962499999996687, -1.462747044969660897E-15 ) ) ;
#4240 = CARTESIAN_POINT ( 'NONE',  ( -0.1578712242848790137, -3.352941040094066238, -3.142015543037020020 ) ) ;
#4241 = CARTESIAN_POINT ( 'NONE',  ( 2.245064030267288846, -7.255524999999996005, -2.245064030267287958 ) ) ;
#4242 = CARTESIAN_POINT ( 'NONE',  ( 0.000000000000000000, 5.154792120110954556, 1.582935171828836474E-12 ) ) ;
#4243 = CARTESIAN_POINT ( 'NONE',  ( -3.166102321538708964, -3.942348438249014375, 0.2709616908217738485 ) ) ;
#4244 = LINE ( 'NONE', #1353, #1650 ) ;
#4245 = DIRECTION ( 'NONE',  ( 1.000000000000000000, -0.000000000000000000, 0.000000000000000000 ) ) ;
#4246 = CARTESIAN_POINT ( 'NONE',  ( -2.748682542352239633, -2.217514252383888884, -1.530322680621470699 ) ) ;
#4247 = CARTESIAN_POINT ( 'NONE',  ( 0.8891180796006503684, -5.360207740659022058, -3.025527297358775680 ) ) ;
#4248 = CARTESIAN_POINT ( 'NONE',  ( -3.159845015304887372, -2.993798257065521717, 0.4043195332353493598 ) ) ;
#4249 = CARTESIAN_POINT ( 'NONE',  ( -3.111874526879414127, -5.919164941266029878, -0.5132847735259647992 ) ) ;
#4250 = CARTESIAN_POINT ( 'NONE',  ( 1.746943960583591915, -4.810774999999997803, -1.746943960583591471 ) ) ;
#4252 = CARTESIAN_POINT ( 'NONE',  ( -0.3198939435250217067, -2.212194010934237731, -3.137044159208509431 ) ) ;
#4251 = CARTESIAN_POINT ( 'NONE',  ( 3.049074835876343759, -5.552529776886562907, 0.8946372874913330886 ) ) ;
#4253 = CARTESIAN_POINT ( 'NONE',  ( -0.1269517931352133200, -2.847392803825305130, -2.470551841763085843 ) ) ;
#4254 = CARTESIAN_POINT ( 'NONE',  ( -2.925562065469888395, -2.062720456804411739, -1.261070640848797941 ) ) ;
#4255 = CARTESIAN_POINT ( 'NONE',  ( -2.736933095404822325, -5.016480345096667293, -1.614578301872918509 ) ) ;
#4256 = CARTESIAN_POINT ( 'NONE',  ( -3.012359000965962430, -4.041515761613859503, -1.024246540221814161 ) ) ;
#4257 = EDGE_LOOP ( 'NONE', ( #1994, #4068 ) ) ;
#4259 = CARTESIAN_POINT ( 'NONE',  ( 0.5205961398446545818, -5.186117168459792204, -3.110123766876645934 ) ) ;
#4258 = CARTESIAN_POINT ( 'NONE',  ( 3.182552491447191656, -4.572636210606461304, 0.1332077142084155397 ) ) ;
#4260 = CARTESIAN_POINT ( 'NONE',  ( 0.000000000000000000, 7.500000000000000000, 1.524838142362548366E-15 ) ) ;
#4261 = VECTOR ( 'NONE', #4915, 1000.000000000000000 ) ;
#4262 = CARTESIAN_POINT ( 'NONE',  ( 0.3650752551237126942, -7.019818382224535469, -2.921756617775462139 ) ) ;
#4263 = CARTESIAN_POINT ( 'NONE',  ( -2.392981955000355043, -5.081184762721005832, -2.097017884424854817 ) ) ;
#4264 = CARTESIAN_POINT ( 'NONE',  ( -1.746943960583590805, -5.544199999999997353, -1.746943960583592581 ) ) ;
#4265 = CARTESIAN_POINT ( 'NONE',  ( 3.185318100719031431, -3.553081251415800335, 0.003120114653557275360 ) ) ;
#4266 = CARTESIAN_POINT ( 'NONE',  ( 3.174999999999999822, -4.382943749999995475, -1.315128060534576981 ) ) ;
#4267 = CARTESIAN_POINT ( 'NONE',  ( 0.000000000000000000, 5.754792120177908643, -3.194135250727563324 ) ) ;
#4268 = VECTOR ( 'NONE', #1893, 1000.000000000000227 ) ;
#4269 = CARTESIAN_POINT ( 'NONE',  ( 3.154426051248756302, -3.521560860116840441, 0.4160336100541002780 ) ) ;
#4270 = CARTESIAN_POINT ( 'NONE',  ( -2.525755502744189140, -2.004064985007032895, 1.918432547312017178 ) ) ;
#4271 = ADVANCED_FACE ( 'NONE', ( #5234, #3192 ), #4778, .T. ) ;
#4272 = CARTESIAN_POINT ( 'NONE',  ( -2.775903276047187784, -2.201102693260319931, -1.546465972276739320 ) ) ;
#4273 = CARTESIAN_POINT ( 'NONE',  ( 2.983486120719230250, -5.509608862075370261, -1.021222823212163178 ) ) ;
#4274 = B_SPLINE_CURVE_WITH_KNOTS ( 'NONE', 3,
 ( #5169, #1055, #3042, #1818, #4715, #2662, #4796, #2638, #1791, #227, #3455, #254, #197, #2251, #1027, #4301, #3866, #1435, #2717, #4383, #3917, #625, #2204, #569, #2613, #2308, #148, #1877, #1849, #2282, #3945, #3538 ),
 .UNSPECIFIED., .F., .F.,
 ( 4, 2, 2, 2, 2, 2, 2, 2, 2, 2, 2, 2, 2, 2, 2, 4 ),
 ( 0.02090946225594578559, 0.02153966945424688750, 0.02216987665254799289, 0.02343029104915020019, 0.02406049824745130558, 0.02469070544575240750, 0.02532091264405351289, 0.02595111984235461827, 0.02658132704065572366, 0.02721153423895682905, 0.02784174143725793096, 0.02847194863555903635, 0.02910215583386014174, 0.02973236303216124365, 0.03036257023046234904, 0.03099277742876345443 ),
 .UNSPECIFIED. ) ;
#4275 = CARTESIAN_POINT ( 'NONE',  ( -2.560643558254471319, -2.863630956854665399, 1.827754075902227715 ) ) ;
#4276 = CARTESIAN_POINT ( 'NONE',  ( -1.051603990911794240, -6.086269074654528488, -2.973669220232840082 ) ) ;
#4277 = CARTESIAN_POINT ( 'NONE',  ( -0.8320264743481524672, -5.742377057666850249, 3.091867714404539225 ) ) ;
#4279 = CARTESIAN_POINT ( 'NONE',  ( 3.130413114268844055, -2.645018468307556159, 0.3794560281126150292 ) ) ;
#4278 = CARTESIAN_POINT ( 'NONE',  ( -1.407529696883625281, -5.824524950337981899, 2.857643687621342909 ) ) ;
#4280 = CYLINDRICAL_SURFACE ( 'NONE', #1999, 3.174999999999999822 ) ;
#4281 = CARTESIAN_POINT ( 'NONE',  ( -0.3488017140388036119, -6.771193179362192893, 3.151508674174032798 ) ) ;
#4282 = CARTESIAN_POINT ( 'NONE',  ( -0.1690812291068695405, -5.169748093932200028, -3.181162050054002322 ) ) ;
#4283 = CARTESIAN_POINT ( 'NONE',  ( -2.754935761477240952, -3.908721491799814984, 1.591782357438576767 ) ) ;
#4285 = CARTESIAN_POINT ( 'NONE',  ( 3.040991882830335946, -5.446660312030459750, 0.8342776754455443200 ) ) ;
#4284 = CARTESIAN_POINT ( 'NONE',  ( 2.742634189548804002, -4.613529975093842772, 1.604733752154729132 ) ) ;
#4286 = DIRECTION ( 'NONE',  ( 0.4999999999999999445, -6.671617030993990502E-32, -0.8660254037844387076 ) ) ;
#4287 = CARTESIAN_POINT ( 'NONE',  ( 2.504402687463470389, -7.211029810646362392, 1.102936845906776764 ) ) ;
#4288 = ORIENTED_EDGE ( 'NONE', *, *, #1967, .F. ) ;
#4289 = CARTESIAN_POINT ( 'NONE',  ( 2.470551841763084511, -2.977212499999997153, 0.000000000000000000 ) ) ;
#4290 = CARTESIAN_POINT ( 'NONE',  ( 2.819107711637191205, -3.476938876472432938, -1.483387059211836112 ) ) ;
#4291 = CARTESIAN_POINT ( 'NONE',  ( 0.7298131855734631968, -6.695402591017042937, 3.092662440145416802 ) ) ;
#4292 = CARTESIAN_POINT ( 'NONE',  ( -1.315128060534576537, -4.138468749999995921, -3.175000000000000266 ) ) ;
#4293 = CARTESIAN_POINT ( 'NONE',  ( -2.820414303234582309, -2.048839531477814724, -1.375416192428122075 ) ) ;
#4294 = CARTESIAN_POINT ( 'NONE',  ( 0.8213010600541170714, -3.348368563439450885, -3.073918516229579012 ) ) ;
#4295 = CARTESIAN_POINT ( 'NONE',  ( -0.5341518241308874648, -2.595716239198019082, -2.634754998194564823 ) ) ;
#4296 = CARTESIAN_POINT ( 'NONE',  ( 0.9781874867367680304, -2.431220258653707500, -2.998195282340266221 ) ) ;
#4297 = CARTESIAN_POINT ( 'NONE',  ( 3.118788967395384581, -5.582970064882483818, 0.4652102475205293630 ) ) ;
#4298 = CARTESIAN_POINT ( 'NONE',  ( -2.338650815370569180, -2.896797068203350367, 2.151323895864431179 ) ) ;
#4299 = ADVANCED_FACE ( 'NONE', ( #291 ), #210, .T. ) ;
#4300 = CARTESIAN_POINT ( 'NONE',  ( -1.290226700256605241, -6.073207318657705578, -2.877979764461876311 ) ) ;
#4301 = CARTESIAN_POINT ( 'NONE',  ( 3.175072943106716838, -5.498887538806203068, -0.2076156151177109277 ) ) ;
#4303 = CARTESIAN_POINT ( 'NONE',  ( 3.090805851003603166, -2.657343246337786624, 0.6255981284396844311 ) ) ;
#4302 = CARTESIAN_POINT ( 'NONE',  ( -2.053067687468789426, -5.862659400165055601, 2.435410518562379334 ) ) ;
#4304 = CARTESIAN_POINT ( 'NONE',  ( -1.023336079404100651, -6.338743749999997235, 2.470551841763083178 ) ) ;
#4305 = CARTESIAN_POINT ( 'NONE',  ( -0.2380804364658090644, -6.785901140436001455, 3.146680033765994366 ) ) ;
#4306 = CARTESIAN_POINT ( 'NONE',  ( 0.09476289089270939492, -5.217378510303986694, -3.184183996776651426 ) ) ;
#4307 = CARTESIAN_POINT ( 'NONE',  ( -3.174999999999999378, -4.138468749999998586, -1.315128060534578092 ) ) ;
#4309 = CARTESIAN_POINT ( 'NONE',  ( 1.304936437958548856, -5.583427062206291147, 2.870790936299453477 ) ) ;
#4308 = CARTESIAN_POINT ( 'NONE',  ( -2.129863372300424551, -4.942824529264095545, 2.325719793902615518 ) ) ;
#4310 = DIRECTION ( 'NONE',  ( 0.000000000000000000, 0.000000000000000000, 1.000000000000000000 ) ) ;
#4311 = CARTESIAN_POINT ( 'NONE',  ( 1.701903676384675324, -7.258720596813121873, 2.081818732143094763 ) ) ;
#4312 = CARTESIAN_POINT ( 'NONE',  ( -2.470551841763084955, -5.544199999999997353, -1.462747044969661094E-15 ) ) ;
#4313 = CARTESIAN_POINT ( 'NONE',  ( 1.791382979147436938, -3.739206611160488247, 2.633879112009632095 ) ) ;
#4314 = CARTESIAN_POINT ( 'NONE',  ( 3.183014755518795091, -6.480500424417224181, -0.1244764464170962370 ) ) ;
#4315 = CARTESIAN_POINT ( 'NONE',  ( -2.245064030267289290, -5.788674999999996018, 2.245064030267287070 ) ) ;
#4316 = CARTESIAN_POINT ( 'NONE',  ( -0.8968395830273140357, -6.976542328362639545, -2.829122946929665705 ) ) ;
#4317 = CARTESIAN_POINT ( 'NONE',  ( -1.908547793329668174, -2.595848607361141536, 1.881681071032730745 ) ) ;
#4318 = CARTESIAN_POINT ( 'NONE',  ( 1.746943960583590583, -4.077349999999997365, 1.746943960583591693 ) ) ;
#4319 = CARTESIAN_POINT ( 'NONE',  ( -3.499999999999999556, 0.6204091765964246941, 2.020725942163691169 ) ) ;
#4320 = ORIENTED_EDGE ( 'NONE', *, *, #2998, .T. ) ;
#4321 = CARTESIAN_POINT ( 'NONE',  ( -1.039926094468251572, -2.278863704497806619, -3.010844146435930568 ) ) ;
#4322 = CARTESIAN_POINT ( 'NONE',  ( -2.594809759106008418, -5.954835743673852377, 1.791664335096815108 ) ) ;
#4323 = CARTESIAN_POINT ( 'NONE',  ( 1.675054414795324353, -3.293201101701487055, -2.663042956111417503 ) ) ;
#4324 = CARTESIAN_POINT ( 'NONE',  ( 3.185082950908486588, -6.432551005761228957, -0.06818939419094374732 ) ) ;
#4325 = MANIFOLD_SOLID_BREP ( 'Revolve2', #4728 ) ;
#4326 = CARTESIAN_POINT ( 'NONE',  ( -3.869994942637784710E-16, -6.730912912640199863, 3.174999999999999378 ) ) ;
#4328 = CARTESIAN_POINT ( 'NONE',  ( -1.054706990720964521, -2.174489178960356206, -2.971908186179914146 ) ) ;
#4327 = CARTESIAN_POINT ( 'NONE',  ( -2.246571003748341955, -5.874668944257816605, 2.258196316331165576 ) ) ;
#4329 = CARTESIAN_POINT ( 'NONE',  ( -2.470551841763085843, -5.483081249999997908, 1.023336079404096877 ) ) ;
#4330 = CARTESIAN_POINT ( 'NONE',  ( 2.300102310134594763, -2.405028511623604981, -2.204319326583486838 ) ) ;
#4331 = CARTESIAN_POINT ( 'NONE',  ( -2.052675125170956072, -5.050119227318005777, -2.394554703022610198 ) ) ;
#4332 = CARTESIAN_POINT ( 'NONE',  ( -1.315128060534579202, -6.827693750000000783, 3.174999999999998934 ) ) ;
#4333 = ORIENTED_EDGE ( 'NONE', *, *, #2151, .F. ) ;
#4334 = EDGE_CURVE ( 'NONE', #2840, #648, #4451, .T. ) ;
#4336 = CARTESIAN_POINT ( 'NONE',  ( -2.888173660918613272, -4.852192235246245211, 1.265478407472978128 ) ) ;
#4335 = CARTESIAN_POINT ( 'NONE',  ( -2.627667263664156483, -4.979821397684472295, 1.743802746772842749 ) ) ;
#4337 = CARTESIAN_POINT ( 'NONE',  ( 3.888253587292846081E-16, -7.500000000000000000, -3.175000000000000266 ) ) ;
#4338 = CARTESIAN_POINT ( 'NONE',  ( 2.523093401603096364, -6.383786129007458676, -1.938669969541795490 ) ) ;
#4339 = B_SPLINE_CURVE_WITH_KNOTS ( 'NONE', 3,
 ( #1980, #705, #3615, #4413, #2390, #4054, #1082, #2443, #1129, #329, #2365, #3257, #4026, #3182, #3154, #306, #3592, #3204, #4873, #2034, #2796, #4823, #3640, #4467, #727, #2008, #680, #3668, #2335, #4922, #4848, #4520, #1929, #3999 ),
 .UNSPECIFIED., .F., .F.,
 ( 4, 2, 2, 2, 2, 2, 2, 2, 2, 2, 2, 2, 2, 2, 2, 2, 4 ),
 ( 0.06598980552552513590, 0.06661744777124871397, 0.06724509001697229205, 0.06787273226269587012, 0.06850037450841944819, 0.06912801675414302627, 0.06975565899986660434, 0.07038330124559018242, 0.07101094349131376049, 0.07163858573703733856, 0.07226622798276091664, 0.07289387022848449471, 0.07352151247420805891, 0.07414915471993163698, 0.07477679696565521505, 0.07540443921137879313, 0.07603208145710237120 ),
 .UNSPECIFIED. ) ;
#4340 = CARTESIAN_POINT ( 'NONE',  ( -3.144879083021761002, -3.979288988321894038, -0.5077477935267115106 ) ) ;
#4341 = CARTESIAN_POINT ( 'NONE',  ( -1.754643689165178655, -1.388777385044868806, 1.739210144551768256 ) ) ;
#4342 = CARTESIAN_POINT ( 'NONE',  ( 2.190820907672391904, -3.714452632780437469, 2.312287530071963637 ) ) ;
#4343 = CARTESIAN_POINT ( 'NONE',  ( 0.000000000000000000, 5.754792120177907755, 1.524838142362548366E-15 ) ) ;
#4344 = CARTESIAN_POINT ( 'NONE',  ( 3.174999999999999822, -6.338743749999995458, -1.315128060534576981 ) ) ;
#4345 = CARTESIAN_POINT ( 'NONE',  ( -1.265124991596443538, -6.962759886248125696, -2.699915805113172862 ) ) ;
#4346 = CIRCLE ( 'NONE', #2252, 2.441574999999997608 ) ;
#4347 = CARTESIAN_POINT ( 'NONE',  ( -2.566629226031573285, -2.656909469505635446, 0.5691355967104446689 ) ) ;
#4348 = CARTESIAN_POINT ( 'NONE',  ( 3.888253587292846081E-16, -7.500000000000000000, -3.175000000000000266 ) ) ;
#4349 = CARTESIAN_POINT ( 'NONE',  ( -2.445975627311903100, -2.016948564625984819, 2.001930005761039855 ) ) ;
#4350 = ORIENTED_EDGE ( 'NONE', *, *, #1699, .T. ) ;
#4351 = CARTESIAN_POINT ( 'NONE',  ( -0.2901357316925884389, -2.885258412918955795, 3.132573633009610337 ) ) ;
#4352 = CIRCLE ( 'NONE', #2609, 1.500000000000002220 ) ;
#4353 = DIRECTION ( 'NONE',  ( 0.000000000000000000, 1.000000000000000000, -7.703719777548943412E-32 ) ) ;
#4354 = CARTESIAN_POINT ( 'NONE',  ( 1.994458317073073639, -3.312467008799446333, -2.443327255898169348 ) ) ;
#4355 = CARTESIAN_POINT ( 'NONE',  ( 2.479818753883312521, -6.329216446486656267, -1.999647195365527264 ) ) ;
#4356 = PRODUCT_DEFINITION_FORMATION_WITH_SPECIFIED_SOURCE ( 'ANY', '', #2496, .NOT_KNOWN. ) ;
#4357 = CARTESIAN_POINT ( 'NONE',  ( -2.470551841763085843, -1.449625246785174237, 1.016948523630325285 ) ) ;
#4359 = CARTESIAN_POINT ( 'NONE',  ( 0.5500266835120324327, -2.844862540049251098, 3.104911170768218209 ) ) ;
#4358 = CARTESIAN_POINT ( 'NONE',  ( -3.139973518391794727, -6.058767758103205558, -0.1938122770185564947 ) ) ;
#4360 = CARTESIAN_POINT ( 'NONE',  ( -1.033928862999106603E-15, -6.277624999999998678, 2.470551841763084511 ) ) ;
#4361 = CARTESIAN_POINT ( 'NONE',  ( -2.524134532204833636, -5.071235086283986782, -1.937136655539168029 ) ) ;
#4362 = CARTESIAN_POINT ( 'NONE',  ( -1.770169415275012481, -2.187057021323968620, -2.648550183702006677 ) ) ;
#4363 = CARTESIAN_POINT ( 'NONE',  ( 1.484237276676484640, -5.626274262229861378, 2.818780412191893348 ) ) ;
#4364 = CARTESIAN_POINT ( 'NONE',  ( 2.245064030267288846, -5.421962499999999352, -2.245064030267287958 ) ) ;
#4366 = CARTESIAN_POINT ( 'NONE',  ( -0.4802084938413582194, -5.137968379785894157, -3.116475501418293881 ) ) ;
#4365 = CARTESIAN_POINT ( 'NONE',  ( -2.153092278503547341, -4.890823643632570494, 2.347448912896338058 ) ) ;
#4367 = DIRECTION ( 'NONE',  ( 0.000000000000000000, 1.000000000000000000, -7.703719777548943412E-32 ) ) ;
#4368 = CARTESIAN_POINT ( 'NONE',  ( 2.755021134292054974, -6.568482011830814926, 1.591624156868092221 ) ) ;
#4369 = CARTESIAN_POINT ( 'NONE',  ( 3.129802661706273970, -4.415562909508881972, -0.5945162630526076297 ) ) ;
#4370 = EDGE_CURVE ( 'NONE', #648, #1844, #1114, .T. ) ;
#4371 = CARTESIAN_POINT ( 'NONE',  ( 1.746943960583590583, -2.121549999999997382, 1.746943960583591693 ) ) ;
#4372 = CARTESIAN_POINT ( 'NONE',  ( 1.556685417684598116, -3.768469689458857630, 2.742846936209510478 ) ) ;
#4373 = CARTESIAN_POINT ( 'NONE',  ( -1.284203815946308280, -6.831479423473488133, 2.903695728275935473 ) ) ;
#4374 = CARTESIAN_POINT ( 'NONE',  ( -2.245064030267289290, -2.854974999999995600, 2.245064030267287070 ) ) ;
#4375 = CARTESIAN_POINT ( 'NONE',  ( -3.174509770123532970, -2.023582650351028356, 0.2450023555130088626 ) ) ;
#4376 = CARTESIAN_POINT ( 'NONE',  ( -1.033928862999106603E-15, -3.221687499999997151, 2.470551841763084067 ) ) ;
#4377 = CARTESIAN_POINT ( 'NONE',  ( -2.468701993795977767, -2.008970781784299664, 1.984589594853225947 ) ) ;
#4378 = ORIENTED_EDGE ( 'NONE', *, *, #1967, .T. ) ;
#4379 = CARTESIAN_POINT ( 'NONE',  ( 0.4735118706699622537, -2.848709731050540039, 3.118060678843486588 ) ) ;
#4380 = CARTESIAN_POINT ( 'NONE',  ( 5.646229213111801656E-16, 0.6204091765964160343, 4.041451884327380562 ) ) ;
#4381 = CARTESIAN_POINT ( 'NONE',  ( 3.178892166379137407, -3.492006283233436648, -0.2095886378884184997 ) ) ;
#4382 = CARTESIAN_POINT ( 'NONE',  ( 2.838857046463177269, -6.473501227352843834, 1.445297746800796368 ) ) ;
#4383 = CARTESIAN_POINT ( 'NONE',  ( 2.853155881372009262, -5.436874587465763575, -1.408496862147303297 ) ) ;
#4384 = AXIS2_PLACEMENT_3D ( 'NONE', #1180, #781, #5246 ) ;
#4386 = CARTESIAN_POINT ( 'NONE',  ( -1.373735490637800538, -3.289968873693452700, -2.838568416882595535 ) ) ;
#4385 = CARTESIAN_POINT ( 'NONE',  ( -2.924669319208784923, -5.989946830912153963, 1.180326581469755443 ) ) ;
#4387 = FACE_OUTER_BOUND ( 'NONE', #1898, .T. ) ;
#4388 = CARTESIAN_POINT ( 'NONE',  ( -2.455606770559627616, -2.193490990074363545, -2.017468705706914278 ) ) ;
#4389 = CARTESIAN_POINT ( 'NONE',  ( 1.226190842119998514, -2.305458651321309116, -2.931578512379228840 ) ) ;
#4390 = CARTESIAN_POINT ( 'NONE',  ( 2.943873863713985628, -5.396615619978155642, -1.217252827699190743 ) ) ;
#4391 = CC_DESIGN_DATE_AND_TIME_ASSIGNMENT ( #1259, #2515, ( #1891 ) ) ;
#4392 = CARTESIAN_POINT ( 'NONE',  ( -1.163333890321619382E-15, -3.832874999999999588, 3.174999999999999378 ) ) ;
#4393 = ORIENTED_EDGE ( 'NONE', *, *, #19, .T. ) ;
#4394 = ORIENTED_EDGE ( 'NONE', *, *, #1956, .F. ) ;
#4396 = CARTESIAN_POINT ( 'NONE',  ( 1.768282507885052146, -4.578725111153150173, 2.610928819781752619 ) ) ;
#4395 = CARTESIAN_POINT ( 'NONE',  ( -2.903672817829133557, -4.953490068808042324, 1.309657877670126203 ) ) ;
#4397 = CARTESIAN_POINT ( 'NONE',  ( 1.405726880591747552, -2.401854365193608842, -2.854368891150666165 ) ) ;
#4398 = CARTESIAN_POINT ( 'NONE',  ( 3.013534128438667192, -6.536990815160378610, 1.021107906504076235 ) ) ;
#4399 = CARTESIAN_POINT ( 'NONE',  ( 3.179956503569504545, -4.452848141661644554, 0.1911031497379924449 ) ) ;
#4400 = ORIENTED_EDGE ( 'NONE', *, *, #253, .T. ) ;
#4401 = CARTESIAN_POINT ( 'NONE',  ( 1.023336079404099319, -1.815956249999996830, -2.470551841763084955 ) ) ;
#4402 = CARTESIAN_POINT ( 'NONE',  ( 2.372643644014044817, -3.666951636056570596, 2.125318101909247748 ) ) ;
#4403 = DIRECTION ( 'NONE',  ( 0.000000000000000000, -1.000000000000000000, 0.000000000000000000 ) ) ;
#4404 = CARTESIAN_POINT ( 'NONE',  ( -1.315128060534576537, -3.160568749999995930, -3.175000000000000266 ) ) ;
#4405 = CARTESIAN_POINT ( 'NONE',  ( 3.500000000000000888, 0.9603960560493496335, -1.392069016343322474 ) ) ;
#4406 = CARTESIAN_POINT ( 'NONE',  ( -1.935717429475805496, -2.870872416158934293, 2.525263584561316943 ) ) ;
#4407 = FACE_OUTER_BOUND ( 'NONE', #1429, .T. ) ;
#4408 = ORIENTED_EDGE ( 'NONE', *, *, #2699, .F. ) ;
#4409 = CARTESIAN_POINT ( 'NONE',  ( 3.182874012597760149, -2.604751164845973577, -0.1269668017026502338 ) ) ;
#4410 = LINE ( 'NONE', #2305, #3032 ) ;
#4411 = CARTESIAN_POINT ( 'NONE',  ( 2.940906781746898346, -3.404752848640364871, -1.224418029263205421 ) ) ;
#4412 = CARTESIAN_POINT ( 'NONE',  ( 3.097717276963072752, -6.469942106353948397, 0.7083956213743991537 ) ) ;
#4413 = CARTESIAN_POINT ( 'NONE',  ( 0.8211505375108071325, -5.253265135619255233, -3.073976161747301816 ) ) ;
#4415 = CARTESIAN_POINT ( 'NONE',  ( 0.8311144665615850524, -3.401365892569335525, -3.041935983198833071 ) ) ;
#4414 = CARTESIAN_POINT ( 'NONE',  ( 2.728214993842049019, -6.456230385730761689, -1.581818473014279913 ) ) ;
#4416 = DIRECTION ( 'NONE',  ( 0.000000000000000000, 1.000000000000000000, -7.703719777548943412E-32 ) ) ;
#4417 = CARTESIAN_POINT ( 'NONE',  ( 2.767729701632016148, -2.407119178410583427, -1.577306845133029878 ) ) ;
#4418 = CARTESIAN_POINT ( 'NONE',  ( 1.229669309515878828, -5.587611264672741385, 2.904278045496311300 ) ) ;
#4419 = CARTESIAN_POINT ( 'NONE',  ( -1.315128060534579202, -1.938193749999999049, 3.174999999999998934 ) ) ;
#4421 = CARTESIAN_POINT ( 'NONE',  ( -1.538586101888211655, -3.774007227209410065, 2.752411699310466364 ) ) ;
#4420 = CARTESIAN_POINT ( 'NONE',  ( 0.7290218318276749931, -4.739796176862039800, 3.100823123944677739 ) ) ;
#4422 = DIRECTION ( 'NONE',  ( 0.000000000000000000, 1.000000000000000000, -7.703719777548943412E-32 ) ) ;
#4423 = B_SPLINE_CURVE_WITH_KNOTS ( 'NONE', 3,
 ( #3685, #4596, #26, #2109, #3659, #4153, #2950, #5339, #1667, #1610, #4914, #5314, #1260, #854, #3332, #3772, #4941, #885, #2052, #1172, #428, #3713, #3306, #1201, #4625, #1230, #2516, #2080, #4511, #54 ),
 .UNSPECIFIED., .F., .F.,
 ( 4, 2, 2, 2, 2, 2, 2, 2, 2, 2, 2, 2, 2, 2, 4 ),
 ( 0.01082880187223590404, 0.01145884314621777207, 0.01208888442019963837, 0.01271892569418150640, 0.01334896696816337269, 0.01397900824214524072, 0.01460904951612710875, 0.01586913206409084134, 0.01649917333807271111, 0.01712921461205457740, 0.01775925588603644717, 0.01838929716001831347, 0.01964937970798204953, 0.02027942098196391929, 0.02090946225594578559 ),
 .UNSPECIFIED. ) ;
#4424 = CARTESIAN_POINT ( 'NONE',  ( 9.184850993605150903E-17, 5.754792120177907755, -0.7499999999999985567 ) ) ;
#4425 = CARTESIAN_POINT ( 'NONE',  ( 1.579128628825615444, -4.281011862852046157, -2.757504908062069493 ) ) ;
#4426 = CARTESIAN_POINT ( 'NONE',  ( -1.023336079404100651, -7.316643749999998114, 2.470551841763083178 ) ) ;
#4427 = CARTESIAN_POINT ( 'NONE',  ( -1.850830998139979089, -3.894429227290155282, 2.592745182123961989 ) ) ;
#4428 = CARTESIAN_POINT ( 'NONE',  ( 3.175057323652327401, -6.425942217383714627, -0.2060989543035115779 ) ) ;
#4429 = LINE ( 'NONE', #4016, #3565 ) ;
#4430 = CARTESIAN_POINT ( 'NONE',  ( 3.499999999999999556, 0.9679990734604387859, 1.378180896817340573 ) ) ;
#4431 = CARTESIAN_POINT ( 'NONE',  ( 1.746943960583590583, -3.099449999999997374, 1.746943960583591693 ) ) ;
#4432 = CARTESIAN_POINT ( 'NONE',  ( 0.000000000000000000, 5.754792120177907755, 2.168404344971008868E-15 ) ) ;
#4433 = CARTESIAN_POINT ( 'NONE',  ( 3.056555739995983956, -2.654460585380951976, 0.8968595985385272584 ) ) ;
#4434 = CARTESIAN_POINT ( 'NONE',  ( 3.112750930312261577, -6.514230314951602097, -0.5054934635703053347 ) ) ;
#4435 = AXIS2_PLACEMENT_3D ( 'NONE', #3089, #4842, #3147 ) ;
#4436 = CARTESIAN_POINT ( 'NONE',  ( -2.801554993064729437, -3.877436590826832230, 1.516707352636637030 ) ) ;
#4437 = CARTESIAN_POINT ( 'NONE',  ( 3.124191030523503443, -6.427822371057572148, 0.5805878309305539942 ) ) ;
#4438 = ADVANCED_FACE ( 'NONE', ( #637 ), #5049, .T. ) ;
#4439 = CARTESIAN_POINT ( 'NONE',  ( -2.524585648850807829, -6.049101166285472786, -1.936593451992283388 ) ) ;
#4440 = EDGE_CURVE ( 'NONE', #453, #4628, #3573, .T. ) ;
#4441 = AXIS2_PLACEMENT_3D ( 'NONE', #818, #5333, #3733 ) ;
#4443 = CARTESIAN_POINT ( 'NONE',  ( 3.022876076770323106, -3.649324444229751219, 0.8974295273220315172 ) ) ;
#4442 = CARTESIAN_POINT ( 'NONE',  ( 2.102713715917035042, -6.390399597273567878, -2.392989711205980363 ) ) ;
#4444 = CARTESIAN_POINT ( 'NONE',  ( 2.473145199548082207, -2.417103220045208722, -2.007923656169343207 ) ) ;
#4445 = AXIS2_PLACEMENT_3D ( 'NONE', #4343, #669, #2353 ) ;
#4446 = CARTESIAN_POINT ( 'NONE',  ( 3.152357732130233181, -5.435805989545749561, -0.4602389539766916782 ) ) ;
#4447 = CARTESIAN_POINT ( 'NONE',  ( -3.174999999999999378, -2.182668749999999047, -1.315128060534578092 ) ) ;
#4449 = CARTESIAN_POINT ( 'NONE',  ( -1.678376396809318827, -4.095137613417072053, -2.669684218682684573 ) ) ;
#4448 = CARTESIAN_POINT ( 'NONE',  ( 2.198061135475021466, -5.382577888528093268, -2.305713489701886942 ) ) ;
#4450 = CARTESIAN_POINT ( 'NONE',  ( -1.810998739586078932, -7.410614730868560152, 1.774048884683284921 ) ) ;
#4451 = LINE ( 'NONE', #1860, #355 ) ;
#4452 = CARTESIAN_POINT ( 'NONE',  ( 1.577556223487087683, -4.316592701062162973, -2.758404491633964284 ) ) ;
#4453 = CARTESIAN_POINT ( 'NONE',  ( 7.313735224848305469E-16, -1.877074999999998051, -2.470551841763085399 ) ) ;
#4454 = VERTEX_POINT ( 'NONE', #4424 ) ;
#4455 = ORIENTED_EDGE ( 'NONE', *, *, #2765, .T. ) ;
#4456 = CARTESIAN_POINT ( 'NONE',  ( -2.783990763142094593, -4.156813480137270922, -1.547896243338554800 ) ) ;
#4457 = CARTESIAN_POINT ( 'NONE',  ( 3.073170894658318275, -6.475818900215126739, 0.8246630253026724366 ) ) ;
#4458 = CARTESIAN_POINT ( 'NONE',  ( 1.315128060534577648, -3.282806249999995707, -3.174999999999999822 ) ) ;
#4459 = CARTESIAN_POINT ( 'NONE',  ( -0.2080926011217457128, -4.733873537595327363, 3.175000000000023803 ) ) ;
#4460 = ADVANCED_FACE ( 'NONE', ( #690 ), #4000, .T. ) ;
#4461 = CARTESIAN_POINT ( 'NONE',  ( -1.023336079404097543, -7.561118749999998556, -2.470551841763085399 ) ) ;
#4462 = ADVANCED_FACE ( 'NONE', ( #3652 ), #791, .T. ) ;
#4463 = CARTESIAN_POINT ( 'NONE',  ( 1.678427056775019688, -2.732297820665363641, 2.707260795624490957 ) ) ;
#4464 = DIRECTION ( 'NONE',  ( -0.000000000000000000, 1.000000000000000000, 2.900479261138468265E-16 ) ) ;
#4465 = CARTESIAN_POINT ( 'NONE',  ( 2.462656203083412265, -3.555438238235895998, 1.970430677678029596 ) ) ;
#4466 = CARTESIAN_POINT ( 'NONE',  ( -1.179301722857994728, -6.703292369869300771, 2.959483656030219123 ) ) ;
#4467 = CARTESIAN_POINT ( 'NONE',  ( 2.525406205257188397, -5.560079380745590605, 1.935388418666095012 ) ) ;
#4468 = ADVANCED_FACE ( 'NONE', ( #1990 ), #4527, .T. ) ;
#4470 = CARTESIAN_POINT ( 'NONE',  ( -3.144755422137925027, -3.105010378751176248, 0.2314685880329617196 ) ) ;
#4469 = CARTESIAN_POINT ( 'NONE',  ( -0.7916220225287498025, -6.203443602414636437, -3.085608774876100302 ) ) ;
#4471 = CARTESIAN_POINT ( 'NONE',  ( 2.228639312176249998, -2.647532769953431231, 2.276570735720693239 ) ) ;
#4472 = CARTESIAN_POINT ( 'NONE',  ( 2.706878216104883883, -5.370566782026610753, -1.679555922015348646 ) ) ;
#4473 = CARTESIAN_POINT ( 'NONE',  ( 1.746943960583591915, -7.744474999999997777, -1.746943960583591471 ) ) ;
#4475 = CARTESIAN_POINT ( 'NONE',  ( -3.098747135352596604, -3.910387430832392042, 0.5837649044842181389 ) ) ;
#4474 = CARTESIAN_POINT ( 'NONE',  ( -2.717542189962581567, -5.141291225638012996, -1.661909630511797298 ) ) ;
#4476 = DIRECTION ( 'NONE',  ( -0.000000000000000000, 1.000000000000000000, -0.000000000000000000 ) ) ;
#4477 = CARTESIAN_POINT ( 'NONE',  ( 1.409042715756731790, -2.696725273153273150, 2.852874961836076029 ) ) ;
#4478 = CARTESIAN_POINT ( 'NONE',  ( 2.839091152899786419, -4.517678801521767262, 1.444912167229500444 ) ) ;
#4479 = CARTESIAN_POINT ( 'NONE',  ( 7.313735224848305469E-16, -2.854974999999997376, -2.470551841763085399 ) ) ;
#4480 = B_SPLINE_CURVE_WITH_KNOTS ( 'NONE', 3,
 ( #270, #2733, #5262, #670, #3528, #1921, #744, #4839, #4814, #5185, #1451, #2325 ),
 .UNSPECIFIED., .F., .F.,
 ( 4, 2, 2, 2, 2, 4 ),
 ( 2.632426238777963955E-07, 0.001079328387318433027, 0.001618860959665710791, 0.002158393532012988988, 0.003237458676707544083, 0.004316523821402100045 ),
 .UNSPECIFIED. ) ;
#4481 = ORIENTED_EDGE ( 'NONE', *, *, #2103, .F. ) ;
#4482 = CIRCLE ( 'NONE', #1827, 0.8726039399110456785 ) ;
#4483 = CARTESIAN_POINT ( 'NONE',  ( -3.145365721054170560, -4.090904855949244023, 0.06256024711212278266 ) ) ;
#4484 = PERSON_AND_ORGANIZATION_ROLE ( 'design_owner' ) ;
#4485 = EDGE_CURVE ( 'NONE', #1168, #2917, #2345, .T. ) ;
#4486 = CARTESIAN_POINT ( 'NONE',  ( -1.315128060534579202, -2.793856249999995267, 3.174999999999998934 ) ) ;
#4487 = CARTESIAN_POINT ( 'NONE',  ( -0.9385243882429425977, -2.233291766580821402, -3.042487201102158867 ) ) ;
#4488 = CARTESIAN_POINT ( 'NONE',  ( 2.470551841763084511, -6.888812499999997563, 0.000000000000000000 ) ) ;
#4489 = VERTEX_POINT ( 'NONE', #1660 ) ;
#4490 = CARTESIAN_POINT ( 'NONE',  ( -3.097573475600603476, -3.098205275005359915, -0.7086818800413272612 ) ) ;
#4491 = FACE_OUTER_BOUND ( 'NONE', #1277, .T. ) ;
#4492 = CARTESIAN_POINT ( 'NONE',  ( -0.4091965205348058188, -3.713859492061610368, 3.119319444627513871 ) ) ;
#4493 = CARTESIAN_POINT ( 'NONE',  ( -0.6763680673225260787, -6.712631339192721036, 3.113167366812783943 ) ) ;
#4494 = CARTESIAN_POINT ( 'NONE',  ( -1.951511313826847838, -6.088107895018175064, -2.538420060968152203 ) ) ;
#4495 = CARTESIAN_POINT ( 'NONE',  ( -2.098454698797311835, -2.931909254770463491, 2.391794664047237617 ) ) ;
#4497 = CARTESIAN_POINT ( 'NONE',  ( -3.153065158714117633, -4.096083976350547218, -0.04458999956633970946 ) ) ;
#4496 = CARTESIAN_POINT ( 'NONE',  ( -1.943580920381508204, -6.139093910820482058, -2.523670415118236310 ) ) ;
#4498 = CARTESIAN_POINT ( 'NONE',  ( 3.126304008556592517, -2.551319574995148720, 0.5691529947884202967 ) ) ;
#4499 = CARTESIAN_POINT ( 'NONE',  ( -1.056482624152918826, -5.718801830116793106, 3.005337899445848837 ) ) ;
#4500 = CARTESIAN_POINT ( 'NONE',  ( 3.174999999999998934, -1.693718749999999051, 1.315128060534579202 ) ) ;
#4502 = CARTESIAN_POINT ( 'NONE',  ( 2.928041356122546901, -4.368476914641527209, -1.170475815522635799 ) ) ;
#4501 = CARTESIAN_POINT ( 'NONE',  ( 1.348543456985444200, -5.332292044528966990, -2.885771379994284569 ) ) ;
#4503 = CARTESIAN_POINT ( 'NONE',  ( -2.470551841763085843, -6.460981249999997900, 1.023336079404096877 ) ) ;
#4504 = FACE_OUTER_BOUND ( 'NONE', #3091, .T. ) ;
#4505 = CARTESIAN_POINT ( 'NONE',  ( 0.1057026053096662144, -4.719110408835177850, 3.184116390296123811 ) ) ;
#4506 = CARTESIAN_POINT ( 'NONE',  ( -2.470551841763085843, -1.571862711890305020, 1.016949107889312920 ) ) ;
#4507 = ADVANCED_FACE ( 'NONE', ( #4504 ), #442, .T. ) ;
#4508 = ORIENTED_EDGE ( 'NONE', *, *, #282, .F. ) ;
#4509 = CARTESIAN_POINT ( 'NONE',  ( -3.160754723622338780, -4.057147108237660227, -0.3268397174403213090 ) ) ;
#4510 = CARTESIAN_POINT ( 'NONE',  ( 1.023440305471419176, -6.629323072011930940, 3.012743231190102122 ) ) ;
#4511 = CARTESIAN_POINT ( 'NONE',  ( -0.2075724002086432873, -5.762662679422213330, 3.174999999998696865 ) ) ;
#4512 = DIRECTION ( 'NONE',  ( 0.000000000000000000, 0.000000000000000000, -1.000000000000000000 ) ) ;
#4513 = VERTEX_POINT ( 'NONE', #2018 ) ;
#4514 = ORIENTED_EDGE ( 'NONE', *, *, #2827, .F. ) ;
#4515 = CARTESIAN_POINT ( 'NONE',  ( -2.690807747367221392, -3.201909934853060413, -1.644732020830190322 ) ) ;
#4516 = CARTESIAN_POINT ( 'NONE',  ( 1.023336079404099319, -1.938193749999997273, -2.470551841763085399 ) ) ;
#4517 = CARTESIAN_POINT ( 'NONE',  ( 0.4174390342458122460, -4.305956307983558773, -3.154266276735553820 ) ) ;
#4518 = CARTESIAN_POINT ( 'NONE',  ( -2.347931373453741699, -3.839134409856664654, 2.152981451769059085 ) ) ;
#4519 = CARTESIAN_POINT ( 'NONE',  ( -3.043874698341420881, -6.844321252840869008, 0.9030255310551534853 ) ) ;
#4520 = CARTESIAN_POINT ( 'NONE',  ( 0.4164598727719535654, -5.682355242904870707, 3.154450913381597665 ) ) ;
#4521 = CARTESIAN_POINT ( 'NONE',  ( 6.495294733748071251E-16, -3.746299587359795069, 3.174999999999999378 ) ) ;
#4522 = CIRCLE ( 'NONE', #693, 0.7500000000000001110 ) ;
#4524 = CARTESIAN_POINT ( 'NONE',  ( 0.4950354460236531251, -4.803423457702177046, 3.114152900305009464 ) ) ;
#4523 = CARTESIAN_POINT ( 'NONE',  ( 2.756084733709405654, -6.439818865993097496, -1.596976041363726395 ) ) ;
#4525 = CARTESIAN_POINT ( 'NONE',  ( 1.605411948637176289, -2.685648645981499438, 2.751583600031168420 ) ) ;
#4526 = CARTESIAN_POINT ( 'NONE',  ( -2.045054165754374598, -5.760616578631353235, 2.390646439005446044 ) ) ;
#4527 = TOROIDAL_SURFACE ( 'NONE', #1645, 1.952016013762337465, 0.5000000000000000000 ) ;
#4528 = CARTESIAN_POINT ( 'NONE',  ( -3.174999999999999822, -3.099449999999999150, -1.549017063184669745E-15 ) ) ;
#4530 = CARTESIAN_POINT ( 'NONE',  ( 3.113607231336940728, -2.495795570050412415, 0.4986766601340862914 ) ) ;
#4529 = CARTESIAN_POINT ( 'NONE',  ( -2.716594248844284021, -5.105710347741551303, -1.663456084143946079 ) ) ;
#4531 = FACE_OUTER_BOUND ( 'NONE', #77, .T. ) ;
#4532 = VECTOR ( 'NONE', #5261, 1000.000000000000000 ) ;
#4533 = CARTESIAN_POINT ( 'NONE',  ( 0.000000000000000000, 7.500000000000000000, 1.524838142362548366E-15 ) ) ;
#4534 = CARTESIAN_POINT ( 'NONE',  ( -3.086591739961632719, -4.885032770297327076, 0.6480625824408178248 ) ) ;
#4535 = CARTESIAN_POINT ( 'NONE',  ( -1.746943960583591027, -4.688537499999997138, -1.746943960583593025 ) ) ;
#4536 = CARTESIAN_POINT ( 'NONE',  ( -1.746943960583590805, -5.544199999999997353, -1.746943960583592581 ) ) ;
#4537 = ORIENTED_EDGE ( 'NONE', *, *, #3259, .F. ) ;
#4539 = CARTESIAN_POINT ( 'NONE',  ( -3.141425693728659763, -5.881607663288991539, 0.2729552259274397041 ) ) ;
#4538 = CARTESIAN_POINT ( 'NONE',  ( -1.738866457255158871, -4.231271183392347979, -2.668888900483927351 ) ) ;
#4540 = CARTESIAN_POINT ( 'NONE',  ( -2.756022088068142306, -4.937611618947692627, 1.590191733941501040 ) ) ;
#4541 = EDGE_CURVE ( 'NONE', #4672, #2329, #4989, .T. ) ;
#4542 = CARTESIAN_POINT ( 'NONE',  ( -5.396703864651910792E-15, -2.279449587359795970, -3.175000000000000266 ) ) ;
#4543 = CARTESIAN_POINT ( 'NONE',  ( 0.000000000000000000, -7.500000000000000000, -5.800958522276924697E-16 ) ) ;
#4544 = CARTESIAN_POINT ( 'NONE',  ( -2.391386399438006016, -3.227032942118421843, -2.055936305812742226 ) ) ;
#4545 = CARTESIAN_POINT ( 'NONE',  ( -2.470551841763084511, -3.649518749999998146, -1.023336079404099763 ) ) ;
#4546 = CARTESIAN_POINT ( 'NONE',  ( -0.6295923216421686064, -2.147757202836698021, -3.001593785540496384 ) ) ;
#4547 = CARTESIAN_POINT ( 'NONE',  ( -1.511746231965833243, -3.772440244865338244, 2.768203341320044863 ) ) ;
#4548 = VERTEX_POINT ( 'NONE', #1601 ) ;
#4549 = CARTESIAN_POINT ( 'NONE',  ( 2.097221383454580312, -3.684696125926939292, 2.392924113552357124 ) ) ;
#4550 = CARTESIAN_POINT ( 'NONE',  ( 0.000000000000000000, -7.500000000000000000, -5.800958522276924697E-16 ) ) ;
#4551 = CARTESIAN_POINT ( 'NONE',  ( -3.013134998230672323, -3.013161657206129718, 1.022095289692185771 ) ) ;
#4553 = CARTESIAN_POINT ( 'NONE',  ( -3.052998272908857835, -4.132589434923022331, -0.7887994962729110160 ) ) ;
#4552 = CARTESIAN_POINT ( 'NONE',  ( 0.7251117620390771235, -6.747395549560749828, 3.061267513132261975 ) ) ;
#4554 = CARTESIAN_POINT ( 'NONE',  ( -0.4085633300909713439, -2.735772683910091985, 3.127395342295744562 ) ) ;
#4555 = CARTESIAN_POINT ( 'NONE',  ( -3.109970281925488855, -5.915013154080343227, 0.6523548643608182429 ) ) ;
#4556 = CARTESIAN_POINT ( 'NONE',  ( 7.313735224848304483E-16, -3.710637499999997146, -2.470551841763084955 ) ) ;
#4558 = CARTESIAN_POINT ( 'NONE',  ( -2.450068989308800571, -3.067437359339184599, -1.985435254591939369 ) ) ;
#4557 = CARTESIAN_POINT ( 'NONE',  ( -1.395169218868668848, -5.193218862704322980, -2.863549843712540621 ) ) ;
#4559 = CARTESIAN_POINT ( 'NONE',  ( 1.746943960583592359, -4.933012499999998468, -1.746943960583591693 ) ) ;
#4560 = CARTESIAN_POINT ( 'NONE',  ( 1.477534842218144906, -4.612907155390690406, 2.813247263985027224 ) ) ;
#4561 = CARTESIAN_POINT ( 'NONE',  ( 2.470551841763084955, -5.055249999999998245, 0.000000000000000000 ) ) ;
#4562 = CARTESIAN_POINT ( 'NONE',  ( -2.470551841763084067, -5.483081249999997020, -1.023336079404099763 ) ) ;
#4563 = ORIENTED_EDGE ( 'NONE', *, *, #1035, .T. ) ;
#4564 = VERTEX_POINT ( 'NONE', #3705 ) ;
#4566 = CARTESIAN_POINT ( 'NONE',  ( 3.131683450998512530, -6.400919735269599009, 0.3682002565054847687 ) ) ;
#4565 = CARTESIAN_POINT ( 'NONE',  ( -0.2851157276190717238, -4.272863301905744038, -3.172663000869471173 ) ) ;
#4567 = PERSON_AND_ORGANIZATION ( #2072, #4707 ) ;
#4568 = CARTESIAN_POINT ( 'NONE',  ( -0.4141722329210043574, -4.794746187219522504, 3.154699313830490848 ) ) ;
#4569 = CARTESIAN_POINT ( 'NONE',  ( 2.522531135784538137, -4.377042784392298991, -1.939323838811153999 ) ) ;
#4570 = CARTESIAN_POINT ( 'NONE',  ( 2.470551841763084511, -7.866712499999997554, 0.000000000000000000 ) ) ;
#4571 = CARTESIAN_POINT ( 'NONE',  ( -2.238708018064826000, -3.186729767160904725, -2.266340384061766411 ) ) ;
#4572 = CARTESIAN_POINT ( 'NONE',  ( 1.023336079404098431, -2.304906249999998380, 2.470551841763084067 ) ) ;
#4573 = CARTESIAN_POINT ( 'NONE',  ( 3.072819535176421812, -4.570975019856182264, 0.8258268842989417990 ) ) ;
#4574 = CARTESIAN_POINT ( 'NONE',  ( -2.895926081120064222, -4.002113566732136363, -1.249328761136104138 ) ) ;
#4575 = CARTESIAN_POINT ( 'NONE',  ( 3.073484444243615332, -3.592929455448016896, 0.8229696682535132535 ) ) ;
#4576 = B_SPLINE_CURVE_WITH_KNOTS ( 'NONE', 3,
 ( #1523, #1038, #1065, #1445, #2292, #5179, #3577, #1091, #237, #3600, #3927, #3548, #5205, #2702, #2779, #2753, #1913, #1011, #636, #3137, #3955, #1887, #3078, #4808, #2344, #2672, #2727, #5255, #4397, #664, #3493, #2318, #607, #5233 ),
 .UNSPECIFIED., .F., .F.,
 ( 4, 2, 2, 2, 2, 2, 2, 2, 2, 2, 2, 2, 2, 2, 2, 2, 4 ),
 ( 0.08139932072983381561, 0.08202952413778158425, 0.08265972754572936676, 0.08328993095367713539, 0.08392013436162491791, 0.08455033776957268654, 0.08518054117752046905, 0.08581074458546823769, 0.08644094799341600632, 0.08707115140136378884, 0.08770135480931155747, 0.08833155821725933998, 0.08896176162520710862, 0.08959196503315489113, 0.09022216844110265976, 0.09085237184905042840, 0.09148257525699821091 ),
 .UNSPECIFIED. ) ;
#4577 = DIRECTION ( 'NONE',  ( -0.000000000000000000, 1.000000000000000000, -1.312969931749826551E-31 ) ) ;
#4578 = CARTESIAN_POINT ( 'NONE',  ( -3.074666791493456675, -2.162185156013909371, -0.8328062389238324315 ) ) ;
#4580 = CARTESIAN_POINT ( 'NONE',  ( -0.9934746953501809585, -4.876792425145033860, 2.992817617336480218 ) ) ;
#4579 = CARTESIAN_POINT ( 'NONE',  ( 3.153585242797888100, -6.540637836186363963, 0.3900145552948750538 ) ) ;
#4581 = CARTESIAN_POINT ( 'NONE',  ( 2.381906261334207464, -2.583655427916449643, 2.067292887190416817 ) ) ;
#4582 = CARTESIAN_POINT ( 'NONE',  ( -3.006552167535437636, -5.895533643318622730, 1.028714091010168419 ) ) ;
#4583 = CARTESIAN_POINT ( 'NONE',  ( 7.313735224848304483E-16, -5.666437499999998018, -2.470551841763084955 ) ) ;
#4585 = CARTESIAN_POINT ( 'NONE',  ( -0.04002270759914113019, -3.203545671075390011, -3.153165530912835912 ) ) ;
#4584 = CARTESIAN_POINT ( 'NONE',  ( 0.6017249915137858896, -5.724135776349436711, 3.127974029554427382 ) ) ;
#4586 = CARTESIAN_POINT ( 'NONE',  ( -2.470551841763084955, -4.566299999999998249, -1.462747044969661094E-15 ) ) ;
#4587 = CARTESIAN_POINT ( 'NONE',  ( 3.013058802078404153, -2.473307388567730580, -1.022294534766944984 ) ) ;
#4588 = CARTESIAN_POINT ( 'NONE',  ( -2.940223663457450343, -4.859042645672875693, 1.141101407928381439 ) ) ;
#4589 = CARTESIAN_POINT ( 'NONE',  ( -1.936681542469763651, -3.848833535459364352, 2.524415242837466877 ) ) ;
#4590 = CARTESIAN_POINT ( 'NONE',  ( -1.746943960583590805, -4.566299999999997361, -1.746943960583592581 ) ) ;
#4591 = ORIENTED_EDGE ( 'NONE', *, *, #4867, .F. ) ;
#4592 = ORIENTED_EDGE ( 'NONE', *, *, #4237, .T. ) ;
#4594 = CARTESIAN_POINT ( 'NONE',  ( -3.069035925442382240, -5.929940673099011406, -0.7251083053138560608 ) ) ;
#4593 = CARTESIAN_POINT ( 'NONE',  ( 2.528018372295411265, -4.632554886692854978, 1.925139164333659059 ) ) ;
#4595 = PERSON_AND_ORGANIZATION ( #2072, #4707 ) ;
#4596 = CARTESIAN_POINT ( 'NONE',  ( -0.2091784209916995596, -6.232238484072741613, -3.175000000000001155 ) ) ;
#4597 = CARTESIAN_POINT ( 'NONE',  ( -1.409281628546456888, -5.141462437849265932, -2.852784960718352192 ) ) ;
#4598 = CARTESIAN_POINT ( 'NONE',  ( 1.023336079404099319, -2.793856249999997043, -2.470551841763084955 ) ) ;
#4599 = CARTESIAN_POINT ( 'NONE',  ( -1.625317067652211067, -3.224336626884461765, -2.739520345994829853 ) ) ;
#4600 = CARTESIAN_POINT ( 'NONE',  ( -1.023336079404100651, -2.427143749999997269, 2.470551841763083178 ) ) ;
#4601 = CARTESIAN_POINT ( 'NONE',  ( -2.093755924320208661E-11, -5.264062912639227321, -3.175000000000000266 ) ) ;
#4602 = CARTESIAN_POINT ( 'NONE',  ( -0.3028409444956973173, -4.168843276201900316, -3.139550992300993659 ) ) ;
#4603 = CARTESIAN_POINT ( 'NONE',  ( 0.4140011717887315812, -3.276595955139116612, -3.174999999999991385 ) ) ;
#4604 = CARTESIAN_POINT ( 'NONE',  ( -3.154411908708871781, -4.061416779178615322, -0.4161105199826528045 ) ) ;
#4605 = CARTESIAN_POINT ( 'NONE',  ( -3.107874600554416222, -2.087811017509263234, 0.6981819834503766309 ) ) ;
#4607 = CARTESIAN_POINT ( 'NONE',  ( -2.876592767470418810, -5.137534134551667186, -1.291866906115602731 ) ) ;
#4606 = CARTESIAN_POINT ( 'NONE',  ( 3.059203025787624597, -6.478598632738545859, -0.8880846383794261945 ) ) ;
#4608 = CARTESIAN_POINT ( 'NONE',  ( -3.059019146780562970, -3.056438693728257050, -0.8891487855287746322 ) ) ;
#4609 = EDGE_CURVE ( 'NONE', #1805, #620, #1918, .T. ) ;
#4610 = CARTESIAN_POINT ( 'NONE',  ( -0.5565534620091419082, -6.164457659478549623, -3.136867273758758845 ) ) ;
#4611 = CARTESIAN_POINT ( 'NONE',  ( -1.746943960583592359, -3.343924999999997816, 1.746943960583590361 ) ) ;
#4612 = ORIENTED_EDGE ( 'NONE', *, *, #3299, .F. ) ;
#4614 = CARTESIAN_POINT ( 'NONE',  ( 1.388934889693787644, -2.645008002737209818, 2.830873517610635659 ) ) ;
#4613 = CARTESIAN_POINT ( 'NONE',  ( 0.2196366782509661109, -5.742705895340388444, 3.169984558844363587 ) ) ;
#4615 = CARTESIAN_POINT ( 'NONE',  ( 1.746943960583590805, -4.199587499999997142, 1.746943960583591915 ) ) ;
#4616 = CARTESIAN_POINT ( 'NONE',  ( -1.984702289419154164, -2.174066508986880031, -2.491784344698024345 ) ) ;
#4617 = AXIS2_PLACEMENT_3D ( 'NONE', #2362, #2767, #2686 ) ;
#4618 = CARTESIAN_POINT ( 'NONE',  ( -2.863631983864655339, -4.897813971339185279, 1.395993933576834323 ) ) ;
#4619 = DIRECTION ( 'NONE',  ( 0.000000000000000000, 0.7660444431189771253, -0.6427876096865404731 ) ) ;
#4620 = AXIS2_PLACEMENT_3D ( 'NONE', #3714, #828, #4512 ) ;
#4621 = ORIENTED_EDGE ( 'NONE', *, *, #4609, .T. ) ;
#4623 = CARTESIAN_POINT ( 'NONE',  ( -2.389089659658429454, -6.005685344235671685, -2.057993459765574240 ) ) ;
#4622 = CARTESIAN_POINT ( 'NONE',  ( 3.162679035283377793, -4.548436800206364872, -0.3792739228220453063 ) ) ;
#4624 = LINE ( 'NONE', #4208, #2258 ) ;
#4625 = CARTESIAN_POINT ( 'NONE',  ( -1.601004660998596174, -5.835137919919604066, 2.773418635334527593 ) ) ;
#4626 = CARTESIAN_POINT ( 'NONE',  ( -2.754961712772462157, -5.050747659483882046, -1.591835267877993232 ) ) ;
#4627 = CARTESIAN_POINT ( 'NONE',  ( 1.023336079404098209, -6.094268749999997681, 2.470551841763083178 ) ) ;
#4628 = VERTEX_POINT ( 'NONE', #738 ) ;
#4629 = CARTESIAN_POINT ( 'NONE',  ( -0.02856783107873000355, -3.358989038746157174, -3.145853065029656115 ) ) ;
#4630 = CARTESIAN_POINT ( 'NONE',  ( -1.023336079404100651, -3.405043749999997704, 2.470551841763083178 ) ) ;
#4631 = CARTESIAN_POINT ( 'NONE',  ( -3.499999999999999556, 1.311141269941938914, 0.3866173041966481372 ) ) ;
#4632 = CARTESIAN_POINT ( 'NONE',  ( -3.092065611730478114, -4.027998178842532973, -0.7664191418544662460 ) ) ;
#4633 = EDGE_CURVE ( 'NONE', #2712, #5217, #1542, .T. ) ;
#4634 = CARTESIAN_POINT ( 'NONE',  ( 1.407196803099459714, -3.379835789571340676, -2.853687906277309949 ) ) ;
#4635 = CARTESIAN_POINT ( 'NONE',  ( -1.590880874284118729, -3.879211670086362140, 2.755581604845919852 ) ) ;
#4636 = CARTESIAN_POINT ( 'NONE',  ( 2.288820971828667616, -2.455206991927194604, -2.215320183561517275 ) ) ;
#4638 = CARTESIAN_POINT ( 'NONE',  ( -1.959007939061275794, -5.211147551589402127, -2.470991366289102764 ) ) ;
#4637 = CARTESIAN_POINT ( 'NONE',  ( 3.083100898161447390, -6.559612446235499661, 0.7691066221476354769 ) ) ;
#4639 = CARTESIAN_POINT ( 'NONE',  ( -2.267634176932740608, -3.133697756168208226, -2.226100308624768598 ) ) ;
#4640 = CARTESIAN_POINT ( 'NONE',  ( -2.518473452739030893, -6.049273908119915610, -1.937783276076869399 ) ) ;
#4641 = CARTESIAN_POINT ( 'NONE',  ( -1.023336079404097543, -4.627418749999997694, -2.470551841763085399 ) ) ;
#4642 = VERTEX_POINT ( 'NONE', #4962 ) ;
#4643 = EDGE_CURVE ( 'NONE', #741, #4881, #1683, .T. ) ;
#4645 = CARTESIAN_POINT ( 'NONE',  ( -0.07053950237725283012, -2.719776286558358347, 3.152669983337192505 ) ) ;
#4644 = CARTESIAN_POINT ( 'NONE',  ( 2.917308550467731187, -5.572025343468366643, 1.259572073957519800 ) ) ;
#4646 = CARTESIAN_POINT ( 'NONE',  ( 2.470551841763085399, -3.038331249999997929, -1.023336079404098653 ) ) ;
#4647 = CARTESIAN_POINT ( 'NONE',  ( -2.904767036667557090, -1.970213636591261697, 1.281777462233431919 ) ) ;
#4648 = CARTESIAN_POINT ( 'NONE',  ( -2.942224700257578984, -4.973803286893557107, -1.136206293944503898 ) ) ;
#4649 = CARTESIAN_POINT ( 'NONE',  ( -2.854052491580064910, -4.062320083648223168, -1.406332855750243693 ) ) ;
#4650 = ORIENTED_EDGE ( 'NONE', *, *, #1195, .T. ) ;
#4652 = DIRECTION ( 'NONE',  ( 1.224646799147353207E-16, 0.000000000000000000, -1.000000000000000000 ) ) ;
#4651 = CARTESIAN_POINT ( 'NONE',  ( 2.978367329483421422, -4.474350206479932091, -1.129506716278922740 ) ) ;
#4653 = DIRECTION ( 'NONE',  ( 0.000000000000000000, 1.000000000000000000, -7.703719777548943412E-32 ) ) ;
#4654 = CARTESIAN_POINT ( 'NONE',  ( 2.485186804769956126, -7.117149484913976032, -1.354274833528878119 ) ) ;
#4655 = CARTESIAN_POINT ( 'NONE',  ( -1.023336079404100429, -4.260706249999998363, 2.470551841763083178 ) ) ;
#4656 = CARTESIAN_POINT ( 'NONE',  ( 1.334172828984350190, -3.428566250127998316, -2.857499199785618949 ) ) ;
#4657 = CARTESIAN_POINT ( 'NONE',  ( -1.315128060534576537, -6.094268749999996793, -3.175000000000000266 ) ) ;
#4658 = CARTESIAN_POINT ( 'NONE',  ( 0.000000000000000000, 4.700000000000000178, 1.524838142362548366E-15 ) ) ;
#4659 = CARTESIAN_POINT ( 'NONE',  ( 0.9754053398471135283, -4.231720527309685842, -2.999297053407809166 ) ) ;
#4660 = CARTESIAN_POINT ( 'NONE',  ( 2.391035636935858744, -3.389179373559806585, -2.099191546765112992 ) ) ;
#4661 = DIRECTION ( 'NONE',  ( -0.000000000000000000, -1.000000000000000000, 7.703719777548942317E-32 ) ) ;
#4662 = CARTESIAN_POINT ( 'NONE',  ( -0.2821193930025458485, -2.369188926463457801, -3.140975802368974445 ) ) ;
#4663 = CARTESIAN_POINT ( 'NONE',  ( 1.125251221302216997, -5.372843807870770760, -2.945727706736089413 ) ) ;
#4664 = CARTESIAN_POINT ( 'NONE',  ( -2.317067895819501011, -2.844799229293391907, 2.128062998654734805 ) ) ;
#4665 = CARTESIAN_POINT ( 'NONE',  ( -2.596905324090789779, -6.042817237936932706, -1.831310400893891410 ) ) ;
#4666 = CARTESIAN_POINT ( 'NONE',  ( 1.746943960583591915, -2.854974999999997376, -1.746943960583591471 ) ) ;
#4668 = CARTESIAN_POINT ( 'NONE',  ( -2.747720758519076156, -2.063184747282532427, -1.547348216014853284 ) ) ;
#4667 = CARTESIAN_POINT ( 'NONE',  ( 3.144357219911407153, -5.484273628696337610, -0.5092713190321528360 ) ) ;
#4669 = CARTESIAN_POINT ( 'NONE',  ( -1.023336079404100651, -3.405043749999997704, 2.470551841763083178 ) ) ;
#4670 = CARTESIAN_POINT ( 'NONE',  ( -2.244235985266455735, -2.103737375115984243, -2.204736019395266755 ) ) ;
#4671 = CARTESIAN_POINT ( 'NONE',  ( 0.09648120277294144898, -5.181795266413321777, -3.184136060335680973 ) ) ;
#4672 = VERTEX_POINT ( 'NONE', #3380 ) ;
#4674 = CARTESIAN_POINT ( 'NONE',  ( 1.745279705097193990, -5.558006857188530603, 2.626462440234048401 ) ) ;
#4673 = CARTESIAN_POINT ( 'NONE',  ( 2.101827773933060417, -4.398734547401585537, -2.393785014005734624 ) ) ;
#4675 = CARTESIAN_POINT ( 'NONE',  ( 0.2732759727830815222, 0.7948195375141214880, 3.883675927878010636 ) ) ;
#4676 = CARTESIAN_POINT ( 'NONE',  ( 2.692649723043288645, -7.190305759825920795, 0.5938082282450337646 ) ) ;
#4677 = CARTESIAN_POINT ( 'NONE',  ( -1.478213668982906350E-11, -2.330362912639511563, -3.175000000000000266 ) ) ;
#4678 = EDGE_CURVE ( 'NONE', #2329, #3414, #2262, .T. ) ;
#4679 = CARTESIAN_POINT ( 'NONE',  ( 1.746943960583591915, -3.832874999999997812, -1.746943960583591471 ) ) ;
#4680 = CARTESIAN_POINT ( 'NONE',  ( 3.144325522266104400, -3.564135287151637854, -0.5094168809041454971 ) ) ;
#4681 = CARTESIAN_POINT ( 'NONE',  ( 1.315128060534576981, -5.605318749999996797, 3.174999999999999378 ) ) ;
#4682 = FACE_OUTER_BOUND ( 'NONE', #3657, .T. ) ;
#4683 = CARTESIAN_POINT ( 'NONE',  ( -0.2532349139925139658, -2.839528623375212391, -2.457539110812720917 ) ) ;
#4684 = CARTESIAN_POINT ( 'NONE',  ( -2.445876203567808993, -2.017578983141989024, 2.001216242582583682 ) ) ;
#4685 = CARTESIAN_POINT ( 'NONE',  ( -2.497719634795395383, -2.226456398087275801, -1.976789444422900388 ) ) ;
#4686 = CARTESIAN_POINT ( 'NONE',  ( -2.960122121410004414, -6.104186410842422639, -1.086851900541714544 ) ) ;
#4687 = CARTESIAN_POINT ( 'NONE',  ( -0.9357670938984634645, -3.158750509447317611, -3.011926633962611621 ) ) ;
#4688 = CARTESIAN_POINT ( 'NONE',  ( 0.8651140625511385407, -6.233523173675017404, -3.057622173250388098 ) ) ;
#4689 = CARTESIAN_POINT ( 'NONE',  ( -2.155542441120523371E-11, -2.819312912641201319, 3.174999999999999378 ) ) ;
#4691 = CARTESIAN_POINT ( 'NONE',  ( 3.151032412528504967, -2.621154298894500467, -0.1203592519342322198 ) ) ;
#4690 = CARTESIAN_POINT ( 'NONE',  ( 3.010324293353489278, -5.594653828267558637, 1.017428836399084435 ) ) ;
#4692 = CARTESIAN_POINT ( 'NONE',  ( 7.313735224848305469E-16, -2.854974999999997376, -2.470551841763085399 ) ) ;
#4693 = CARTESIAN_POINT ( 'NONE',  ( -0.2387003199000355402, -6.781535695002767206, 3.151011042126122152 ) ) ;
#4694 = CARTESIAN_POINT ( 'NONE',  ( -2.972127422443483269, -4.990214303039275379, -1.146817167167976992 ) ) ;
#4695 = UNCERTAINTY_MEASURE_WITH_UNIT (LENGTH_MEASURE( 1.000000000000000082E-05 ), #1609, 'distance_accuracy_value', 'NONE');
#4696 = DIRECTION ( 'NONE',  ( 0.000000000000000000, 0.000000000000000000, 1.000000000000000000 ) ) ;
#4698 = CARTESIAN_POINT ( 'NONE',  ( 2.480189481870012091, -5.509807671349909342, 1.947218919854774910 ) ) ;
#4697 = CARTESIAN_POINT ( 'NONE',  ( 1.901207392184478762, -4.386433094890148432, -2.555754349951568916 ) ) ;
#4699 = CARTESIAN_POINT ( 'NONE',  ( -3.499999999999999556, 0.6204091765858628094, -2.020725942163689837 ) ) ;
#4700 = CARTESIAN_POINT ( 'NONE',  ( 2.101983168631610610, -7.238787643076006084, 1.708675166986233229 ) ) ;
#4701 = CARTESIAN_POINT ( 'NONE',  ( -1.023336079404100429, -6.216506249999996569, 2.470551841763083178 ) ) ;
#4702 = AXIS2_PLACEMENT_3D ( 'NONE', #209, #4422, #3191 ) ;
#4703 = ADVANCED_FACE ( 'NONE', ( #550 ), #1804, .T. ) ;
#4704 = CARTESIAN_POINT ( 'NONE',  ( 2.004527096306913059, -3.450547060310255265, -2.475558851607839728 ) ) ;
#4705 = CARTESIAN_POINT ( 'NONE',  ( 2.245064030267287070, -5.544199999999995576, 2.245064030267288846 ) ) ;
#4706 = CARTESIAN_POINT ( 'NONE',  ( 0.000000000000000000, -2.000000000000000000, 2.168404344971008868E-15 ) ) ;
#4707 = ORGANIZATION ( 'UNSPECIFIED', 'UNSPECIFIED', '' ) ;
#4708 = CARTESIAN_POINT ( 'NONE',  ( -1.491591044913579411, -2.781319644563957638, -2.037093313888553414 ) ) ;
#4709 = AXIS2_PLACEMENT_3D ( 'NONE', #4190, #4577, #1736 ) ;
#4710 = CARTESIAN_POINT ( 'NONE',  ( -1.983435091280921103, -2.433568355275788520, -1.996664458355674521 ) ) ;
#4711 = CARTESIAN_POINT ( 'NONE',  ( -2.496620393587423159, -2.190874348518606851, -1.978173249639643805 ) ) ;
#4712 = CARTESIAN_POINT ( 'NONE',  ( 2.815953390455750327, -5.633633861389911957, 1.419063914219465872 ) ) ;
#4713 = CARTESIAN_POINT ( 'NONE',  ( -0.9460082413467798546, -3.175161769974816028, -3.041956815777546730 ) ) ;
#4714 = CARTESIAN_POINT ( 'NONE',  ( -3.090922985900411923, -5.984072678854692739, -0.7718514966644901554 ) ) ;
#4715 = CARTESIAN_POINT ( 'NONE',  ( 1.023497563649798048, -5.702311631369664902, 3.012623080635644435 ) ) ;
#4717 = CARTESIAN_POINT ( 'NONE',  ( 2.111430166386530249, -2.756953581600509295, 2.342012237114544426 ) ) ;
#4716 = CARTESIAN_POINT ( 'NONE',  ( -0.2960069213337600535, -5.766980897526567063, 3.163802114840827961 ) ) ;
#4718 = CARTESIAN_POINT ( 'NONE',  ( 2.810449903075945777, -2.307647656460896091, -0.8681484569250639272 ) ) ;
#4719 = CARTESIAN_POINT ( 'NONE',  ( -2.497747860078935567, -2.085201055799143166, -1.912809980633199514 ) ) ;
#4720 = CARTESIAN_POINT ( 'NONE',  ( -2.492450106103519580, -5.019325814813339726, -1.919663941116793726 ) ) ;
#4721 = CARTESIAN_POINT ( 'NONE',  ( 7.745085315923348724E-16, -3.343924999999999148, -3.175000000000000266 ) ) ;
#4722 = VERTEX_POINT ( 'NONE', #2032 ) ;
#4724 = CARTESIAN_POINT ( 'NONE',  ( -2.699923149095818431, -5.001647002596335767, -1.628999270684482248 ) ) ;
#4723 = CARTESIAN_POINT ( 'NONE',  ( -1.522459288540966238, -4.853112756058529875, 2.798104474127059316 ) ) ;
#4725 = CARTESIAN_POINT ( 'NONE',  ( -3.226569718301743439, 0.7949180206457900910, -2.178590988906773163 ) ) ;
#4726 = CARTESIAN_POINT ( 'NONE',  ( 2.640876822445282990, -7.197182366778997142, 0.7681705604094494211 ) ) ;
#4727 = CARTESIAN_POINT ( 'NONE',  ( -2.470551841763084067, -1.571481249999996832, -1.023336079404099541 ) ) ;
#4728 = CLOSED_SHELL ( 'NONE', ( #2435, #2897 ) ) ;
#4729 = CARTESIAN_POINT ( 'NONE',  ( 2.352011704412361848, -3.491053614645571290, -2.100850659280514510 ) ) ;
#4730 = CARTESIAN_POINT ( 'NONE',  ( 3.135488340675289809, -6.550758062163187567, 0.2567194986957601066 ) ) ;
#4731 = CARTESIAN_POINT ( 'NONE',  ( 7.745085315923348724E-16, -5.177487499999996245, -3.175000000000000266 ) ) ;
#4732 = CARTESIAN_POINT ( 'NONE',  ( -3.499999999999999112, 1.316223360495556216, -0.06370696831553668282 ) ) ;
#4733 = CARTESIAN_POINT ( 'NONE',  ( -2.364877694483595416, -2.725398736491238427, -1.049492259519911874 ) ) ;
#4734 = CARTESIAN_POINT ( 'NONE',  ( -2.446108387247614591, -2.016640046827490984, 2.002176525857024103 ) ) ;
#4735 = ORIENTED_EDGE ( 'NONE', *, *, #4485, .T. ) ;
#4736 = CARTESIAN_POINT ( 'NONE',  ( 0.1003173262910936336, -2.370706575088141310, -3.176001758941279007 ) ) ;
#4737 = CARTESIAN_POINT ( 'NONE',  ( -1.935477479285180769, -6.190510132657311537, -2.489401473495015615 ) ) ;
#4738 = CARTESIAN_POINT ( 'NONE',  ( 0.08630062354796551316, -3.225515463595192589, -3.184482816824160789 ) ) ;
#4739 = CARTESIAN_POINT ( 'NONE',  ( 0.4900925561255095042, -6.620880043858673680, 3.139630394174893979 ) ) ;
#4740 = CARTESIAN_POINT ( 'NONE',  ( 2.470551841763084955, -1.938193749999997273, -1.023336079404098431 ) ) ;
#4742 = CARTESIAN_POINT ( 'NONE',  ( 1.500754109875562792, -2.460123323736317591, -2.773269628195484948 ) ) ;
#4741 = CARTESIAN_POINT ( 'NONE',  ( -3.009930767369051630, -6.002825413283752631, 0.9412834286247133697 ) ) ;
#4743 = CARTESIAN_POINT ( 'NONE',  ( 2.470551841763085399, -7.927831249999997887, -1.023336079404098653 ) ) ;
#4744 = CARTESIAN_POINT ( 'NONE',  ( 1.347124505100659508, -2.312110261461258087, -2.877999992535382745 ) ) ;
#4745 = CARTESIAN_POINT ( 'NONE',  ( 1.358524952051215484, -5.246272377507166240, -2.881517018419061937 ) ) ;
#4746 = CARTESIAN_POINT ( 'NONE',  ( -2.245064030267287514, -4.199587499999998919, -2.245064030267289290 ) ) ;
#4748 = CARTESIAN_POINT ( 'NONE',  ( -2.790314284346497420, -5.818632931392249574, 1.469067908027536173 ) ) ;
#4747 = CARTESIAN_POINT ( 'NONE',  ( -0.9257455317987486332, -4.856400961228649393, 3.039779476366212485 ) ) ;
#4749 = CARTESIAN_POINT ( 'NONE',  ( -2.076414809707336939, -7.428101786339575519, 1.423924337555914743 ) ) ;
#4750 = CARTESIAN_POINT ( 'NONE',  ( 0.000000000000000000, 5.754792120177907755, 0.7500000000000016653 ) ) ;
#4751 = CARTESIAN_POINT ( 'NONE',  ( -1.315086157152916657, -4.168877619631042641, -2.901470900917284101 ) ) ;
#4752 = CARTESIAN_POINT ( 'NONE',  ( 2.470551841763083178, -2.060431249999997050, 1.023336079404100207 ) ) ;
#4753 = ORIENTED_EDGE ( 'NONE', *, *, #3497, .F. ) ;
#4754 = CARTESIAN_POINT ( 'NONE',  ( -0.4194203302975326730, -3.852702462253692062, 3.157583599634592897 ) ) ;
#4755 = CARTESIAN_POINT ( 'NONE',  ( -1.270632582226272511, -6.847890655476934541, 2.875133722745337739 ) ) ;
#4756 = CARTESIAN_POINT ( 'NONE',  ( 2.245064030267287070, -3.588399999999996037, 2.245064030267288846 ) ) ;
#4757 = CARTESIAN_POINT ( 'NONE',  ( 3.499999999999999556, 1.166650997455668914, 0.8658975571695193274 ) ) ;
#4758 = CARTESIAN_POINT ( 'NONE',  ( -0.8303461739879981485, -3.268081620533667575, -3.092807882110879536 ) ) ;
#4759 = CARTESIAN_POINT ( 'NONE',  ( 1.023336079404098209, -3.160568749999996818, 2.470551841763083178 ) ) ;
#4760 = CARTESIAN_POINT ( 'NONE',  ( -1.657805452618138720, -2.472272954053193583, -2.233937266109792041 ) ) ;
#4761 = ORIENTED_EDGE ( 'NONE', *, *, #765, .T. ) ;
#4762 = CARTESIAN_POINT ( 'NONE',  ( 3.060196417203246977, -2.531495166037928346, -0.8848734569052628673 ) ) ;
#4763 = CARTESIAN_POINT ( 'NONE',  ( 3.500000000000000000, 7.500000000000000000, 2.020725942163690725 ) ) ;
#4764 = CARTESIAN_POINT ( 'NONE',  ( 0.8545491146983498210, -3.247435821109855070, -3.035901375030039429 ) ) ;
#4765 = CARTESIAN_POINT ( 'NONE',  ( 2.222086165371497835, -6.559561772094258281, 2.283028702423229195 ) ) ;
#4766 = CARTESIAN_POINT ( 'NONE',  ( -2.470551841763084511, -1.510362499999997388, -1.462747044969660897E-15 ) ) ;
#4767 = EDGE_CURVE ( 'NONE', #4782, #2945, #4022, .T. ) ;
#4769 = CARTESIAN_POINT ( 'NONE',  ( -0.9031551851151072841, -3.315613392386937086, -3.021412226260109968 ) ) ;
#4768 = CARTESIAN_POINT ( 'NONE',  ( -3.067227103771998031, -6.083920037561038718, -0.6994840433471068986 ) ) ;
#4770 = CARTESIAN_POINT ( 'NONE',  ( -2.470551841763084955, -4.566299999999998249, -1.462747044969661094E-15 ) ) ;
#4771 = DIRECTION ( 'NONE',  ( -1.000000000000000000, 0.000000000000000000, 1.224646799147353207E-16 ) ) ;
#4772 = CARTESIAN_POINT ( 'NONE',  ( 2.740599305907229777, -2.390707622015437739, -1.560859314713238133 ) ) ;
#4773 = CARTESIAN_POINT ( 'NONE',  ( 2.965183641462859843, -5.459412712125546463, 1.074550312662978957 ) ) ;
#4774 = CARTESIAN_POINT ( 'NONE',  ( 1.315128060534576981, -5.727556250000000126, 3.174999999999999378 ) ) ;
#4776 = CARTESIAN_POINT ( 'NONE',  ( 2.723892850742200444, -5.322760153813441697, -1.589036842081133161 ) ) ;
#4775 = CARTESIAN_POINT ( 'NONE',  ( -1.953100954015188018, -4.914219324536741595, 2.516482500256215005 ) ) ;
#4777 = DIRECTION ( 'NONE',  ( 0.000000000000000000, 0.000000000000000000, 1.000000000000000000 ) ) ;
#4778 = PLANE ( 'NONE',  #3477 ) ;
#4779 = CARTESIAN_POINT ( 'NONE',  ( 2.222175736666197832, -4.603750628294145386, 2.282666641288043863 ) ) ;
#4780 = CARTESIAN_POINT ( 'NONE',  ( -2.470551841763084511, -2.488262499999996713, -1.462747044969660897E-15 ) ) ;
#4781 = AXIS2_PLACEMENT_3D ( 'NONE', #1924, #1510, #5216 ) ;
#4782 = VERTEX_POINT ( 'NONE', #3340 ) ;
#4783 = CARTESIAN_POINT ( 'NONE',  ( 0.8585913215684559674, -3.790904763503427866, 3.067539157598717647 ) ) ;
#4784 = CARTESIAN_POINT ( 'NONE',  ( 2.755267827804558145, -6.517571807590816668, 1.591405688316911426 ) ) ;
#4785 = CARTESIAN_POINT ( 'NONE',  ( -1.163333890321619382E-15, -2.732737499999995379, 3.174999999999999378 ) ) ;
#4786 = CARTESIAN_POINT ( 'NONE',  ( -3.092607091875145375, -2.000000000000000000, 0.7186142047604934247 ) ) ;
#4787 = VECTOR ( 'NONE', #2788, 1000.000000000000000 ) ;
#4788 = CARTESIAN_POINT ( 'NONE',  ( 0.000000000000000000, 7.237910539948424038, 2.391787062128929442 ) ) ;
#4789 = CARTESIAN_POINT ( 'NONE',  ( -2.449981963471703050, -2.021697730766772505, 1.990716064979761946 ) ) ;
#4790 = ORIENTED_EDGE ( 'NONE', *, *, #4485, .F. ) ;
#4791 = CARTESIAN_POINT ( 'NONE',  ( -0.5511223900139092802, -2.845795445258411327, 3.129457660201514724 ) ) ;
#4792 = CC_DESIGN_SECURITY_CLASSIFICATION ( #277, ( #4356 ) ) ;
#4793 = CARTESIAN_POINT ( 'NONE',  ( 0.000000000000000000, -7.500000000000000000, -5.800958522276924697E-16 ) ) ;
#4794 = CARTESIAN_POINT ( 'NONE',  ( 3.170073945436389096, -3.480949496175390401, 0.3161444550229552397 ) ) ;
#4795 = CARTESIAN_POINT ( 'NONE',  ( 1.814386477313479462, -6.549308618344683808, 2.618762334958221860 ) ) ;
#4796 = CARTESIAN_POINT ( 'NONE',  ( 1.951613471284578294, -5.650059597224985630, 2.538327359537984051 ) ) ;
#4797 = VERTEX_POINT ( 'NONE', #1734 ) ;
#4799 = CARTESIAN_POINT ( 'NONE',  ( 3.134494505342223292, -3.588550193451207626, -0.3436409608882799449 ) ) ;
#4798 = CARTESIAN_POINT ( 'NONE',  ( -2.955093978777449060, -5.937955477006576110, 1.189683885621669157 ) ) ;
#4800 = CARTESIAN_POINT ( 'NONE',  ( 1.746943960583590805, -6.155387499999998013, 1.746943960583591915 ) ) ;
#4801 = CARTESIAN_POINT ( 'NONE',  ( -3.010650541430837546, -2.137659334009666345, -1.046139192382705252 ) ) ;
#4802 = CARTESIAN_POINT ( 'NONE',  ( 2.301260632256554306, -2.369444179703556141, -2.203104550654150007 ) ) ;
#4803 = CARTESIAN_POINT ( 'NONE',  ( 2.639382211133420864, -5.515172748406107495, 1.783804367367109123 ) ) ;
#4804 = CARTESIAN_POINT ( 'NONE',  ( 1.315128060534576981, -6.705456250000000118, 3.174999999999999378 ) ) ;
#4805 = EDGE_CURVE ( 'NONE', #319, #3788, #4244, .T. ) ;
#4807 = CARTESIAN_POINT ( 'NONE',  ( 0.7322445580178214009, -4.218985141136910144, -3.067261766785766675 ) ) ;
#4806 = CARTESIAN_POINT ( 'NONE',  ( 1.680810623985510510, -4.723630363194983417, 2.705829902074135429 ) ) ;
#4808 = CARTESIAN_POINT ( 'NONE',  ( 2.525403410662424353, -2.472381990348449410, -1.935411547176188796 ) ) ;
#4809 = DIRECTION ( 'NONE',  ( -0.000000000000000000, 1.000000000000000000, -0.000000000000000000 ) ) ;
#4810 = CARTESIAN_POINT ( 'NONE',  ( 2.934083840334980486, -4.418394653325516508, -1.220096840955887885 ) ) ;
#4811 = CARTESIAN_POINT ( 'NONE',  ( -2.470551841763084511, -7.561118749999999444, -1.023336079404099763 ) ) ;
#4812 = CARTESIAN_POINT ( 'NONE',  ( 1.774249021284368455, -3.755618765248692537, 2.607178242405430613 ) ) ;
#4813 = LINE ( 'NONE', #4838, #4532 ) ;
#4814 = CARTESIAN_POINT ( 'NONE',  ( 1.131243293049617238, 1.226627174762164874, -3.388328264566226711 ) ) ;
#4815 = CARTESIAN_POINT ( 'NONE',  ( -2.487296735956070481, -7.471023158236909545, 0.1484542144352769266 ) ) ;
#4816 = CARTESIAN_POINT ( 'NONE',  ( 3.010707087490965937E-11, -2.768399587358396197, 3.174999999999999378 ) ) ;
#4817 = CARTESIAN_POINT ( 'NONE',  ( 2.470551841763084511, -6.888812499999997563, 0.000000000000000000 ) ) ;
#4818 = ORIENTED_EDGE ( 'NONE', *, *, #1530, .T. ) ;
#4819 = CARTESIAN_POINT ( 'NONE',  ( 3.089674574634152737, -2.596233435212962348, -0.6322154156836155003 ) ) ;
#4820 = CARTESIAN_POINT ( 'NONE',  ( 0.9276885554024063563, -6.736963372797410976, 3.013778751289430069 ) ) ;
#4821 = CARTESIAN_POINT ( 'NONE',  ( 2.529859473969079620, -3.349359806750694002, -1.883625748254294852 ) ) ;
#4822 = CARTESIAN_POINT ( 'NONE',  ( 2.771845784453500716, -6.354808714434276418, -1.570019396457241978 ) ) ;
#4823 = CARTESIAN_POINT ( 'NONE',  ( 2.853738277308612847, -5.529221894180757602, 1.407317462651698881 ) ) ;
#4825 = CARTESIAN_POINT ( 'NONE',  ( 1.495201403888739122, -2.794109171648106127, 2.776446738552063032 ) ) ;
#4824 = CARTESIAN_POINT ( 'NONE',  ( -2.899506413051291087, -6.064090362114670896, -1.319231640453494281 ) ) ;
#4826 = CARTESIAN_POINT ( 'NONE',  ( 7.313735224848305469E-16, -7.744474999999997777, -2.470551841763085399 ) ) ;
#4827 = CARTESIAN_POINT ( 'NONE',  ( 1.906964170131792535, -2.380070955297753255, -2.552054463460672107 ) ) ;
#4828 = CARTESIAN_POINT ( 'NONE',  ( 2.486039065921869184, -5.563482755149138370, 1.992328409645860887 ) ) ;
#4829 = CARTESIAN_POINT ( 'NONE',  ( 2.245064030267287070, -4.688537499999998914, 2.245064030267288846 ) ) ;
#4831 = CARTESIAN_POINT ( 'NONE',  ( -1.311251996372039264, -3.761093240081449185, 2.867746304721139339 ) ) ;
#4830 = CARTESIAN_POINT ( 'NONE',  ( -2.151865001405474320, -4.926408377239957836, 2.348568728733900102 ) ) ;
#4832 = DIRECTION ( 'NONE',  ( 0.000000000000000000, -4.443415073817150039E-16, 1.000000000000000000 ) ) ;
#4833 = CARTESIAN_POINT ( 'NONE',  ( 0.4152877280917784963, -6.261651396921227963, -3.154523748888970580 ) ) ;
#4834 = CARTESIAN_POINT ( 'NONE',  ( 1.233547402365817725, -4.261494764213187736, -2.937073153760173749 ) ) ;
#4835 = CARTESIAN_POINT ( 'NONE',  ( -1.033928862999106603E-15, -2.243787499999996715, 2.470551841763084067 ) ) ;
#4836 = ORIENTED_EDGE ( 'NONE', *, *, #3729, .F. ) ;
#4837 = CARTESIAN_POINT ( 'NONE',  ( 0.09088984085563493742, -3.793012844010468232, 3.176315605313897006 ) ) ;
#4838 = CARTESIAN_POINT ( 'NONE',  ( 3.888253587292846081E-16, -7.500000000000000000, -3.175000000000000266 ) ) ;
#4839 = CARTESIAN_POINT ( 'NONE',  ( 1.436310929606578357, 1.315472786230462043, -3.212197382479021979 ) ) ;
#4840 = EDGE_CURVE ( 'NONE', #4893, #4489, #2117, .T. ) ;
#4841 = CARTESIAN_POINT ( 'NONE',  ( 3.499999999999999556, 1.311793720691841747, 0.1571699867874900014 ) ) ;
#4842 = DIRECTION ( 'NONE',  ( 1.000000000000000000, -3.552062643146505149E-32, 1.224646799147353207E-16 ) ) ;
#4843 = CARTESIAN_POINT ( 'NONE',  ( 2.470551841763084955, -6.827693749999997230, -1.023336079404098431 ) ) ;
#4844 = CARTESIAN_POINT ( 'NONE',  ( -0.6676482540659453013, -2.904113346175027477, 3.074285337425497477 ) ) ;
#4845 = DIRECTION ( 'NONE',  ( 0.000000000000000000, 0.000000000000000000, 1.000000000000000000 ) ) ;
#4846 = CARTESIAN_POINT ( 'NONE',  ( 3.032462172866748240, -3.548711677341727988, 0.9496520984622011108 ) ) ;
#4847 = CARTESIAN_POINT ( 'NONE',  ( 2.772746659530150204, -6.319228101516744189, -1.568434134378030587 ) ) ;
#4848 = CARTESIAN_POINT ( 'NONE',  ( 0.8249529234135873912, -5.661806949364347474, 3.073020023480910190 ) ) ;
#4850 = CARTESIAN_POINT ( 'NONE',  ( -1.858141212212063742, -3.948129621594373972, 2.547956684015755258 ) ) ;
#4849 = CARTESIAN_POINT ( 'NONE',  ( 0.2301689972148570629, -6.288432260839831756, -3.169271961783626690 ) ) ;
#4851 = CARTESIAN_POINT ( 'NONE',  ( -1.074028529240651286, -2.226164971101176171, -2.999373079119330487 ) ) ;
#4852 = CARTESIAN_POINT ( 'NONE',  ( 1.467097744098348588, -5.574282466625840371, 2.791963247582748497 ) ) ;
#4853 = CARTESIAN_POINT ( 'NONE',  ( 1.315128060534577648, -1.449243749999999054, -3.174999999999999822 ) ) ;
#4855 = CARTESIAN_POINT ( 'NONE',  ( -2.581787163317317280, -4.034558392743691435, -1.810376915898058714 ) ) ;
#4854 = CARTESIAN_POINT ( 'NONE',  ( -2.237761559851388693, -5.178654674532418234, -2.267149982254804019 ) ) ;
#4856 = CARTESIAN_POINT ( 'NONE',  ( -0.7179309888539940898, -7.357765368565788222, 2.486400543492489401 ) ) ;
#4857 = CARTESIAN_POINT ( 'NONE',  ( -0.2734302817014174214, 0.7949180206477250987, 3.883586837582471585 ) ) ;
#4858 = CARTESIAN_POINT ( 'NONE',  ( 2.220953995523330615, -4.568167125917214300, 2.283860764457275483 ) ) ;
#4859 = CARTESIAN_POINT ( 'NONE',  ( -1.746943960583591027, -2.732737499999998043, -1.746943960583593025 ) ) ;
#4860 = ORIENTED_EDGE ( 'NONE', *, *, #1768, .T. ) ;
#4861 = CARTESIAN_POINT ( 'NONE',  ( -2.817392333023217788, -4.020956494861160913, 1.416887698964685027 ) ) ;
#4862 = CARTESIAN_POINT ( 'NONE',  ( 0.8242697787432547996, -6.231326382645064221, -3.073131120202046151 ) ) ;
#4863 = CARTESIAN_POINT ( 'NONE',  ( -3.499999999999999556, -1.999999999999997113, 2.020725942163691169 ) ) ;
#4864 = CARTESIAN_POINT ( 'NONE',  ( 7.690482901705569098E-15, -4.724199587359795061, 3.174999999999999378 ) ) ;
#4865 = CARTESIAN_POINT ( 'NONE',  ( 1.746943960583591915, -3.832874999999997812, -1.746943960583591471 ) ) ;
#4866 = ORIENTED_EDGE ( 'NONE', *, *, #2103, .T. ) ;
#4867 = EDGE_CURVE ( 'NONE', #2657, #5014, #3183, .T. ) ;
#4868 = CARTESIAN_POINT ( 'NONE',  ( 1.223904875497372480, -2.793588019689985824, 2.940821775009327954 ) ) ;
#4869 = CYLINDRICAL_SURFACE ( 'NONE', #1641, 3.174999999999999822 ) ;
#4870 = AXIS2_PLACEMENT_3D ( 'NONE', #3031, #3397, #2578 ) ;
#4871 = CARTESIAN_POINT ( 'NONE',  ( 1.254021090977970099, -3.683285085174027085, 2.928456990706215013 ) ) ;
#4872 = CARTESIAN_POINT ( 'NONE',  ( -0.03123546073055749259, -6.645740225552986935, 3.177530338346859384 ) ) ;
#4873 = CARTESIAN_POINT ( 'NONE',  ( 3.154372298297416055, -5.477381248335801089, 0.4164499525720031792 ) ) ;
#4874 = AXIS2_PLACEMENT_3D ( 'NONE', #2694, #4771, #3773 ) ;
#4876 = CARTESIAN_POINT ( 'NONE',  ( -1.403522580734369418, -2.943525329158977577, 2.823874749449057031 ) ) ;
#4875 = CARTESIAN_POINT ( 'NONE',  ( 1.669249362676648252, -6.381525887341053860, -2.675886169636954470 ) ) ;
#4877 = CARTESIAN_POINT ( 'NONE',  ( 3.180516106789893271, -2.496638223324871397, 0.1825144822909924025 ) ) ;
#4878 = CC_DESIGN_APPROVAL ( #926, ( #277 ) ) ;
#4879 = CARTESIAN_POINT ( 'NONE',  ( 2.995920573394011743, -5.511404173246895688, 1.082810351477133226 ) ) ;
#4880 = CARTESIAN_POINT ( 'NONE',  ( 2.470551841763084511, -6.888812499999997563, 0.000000000000000000 ) ) ;
#4881 = VERTEX_POINT ( 'NONE', #120 ) ;
#4883 = CARTESIAN_POINT ( 'NONE',  ( -2.937495941311035530, -3.996475699781564472, -1.146441817678904185 ) ) ;
#4882 = CARTESIAN_POINT ( 'NONE',  ( -3.030819191828697079, -5.102392054406404753, -0.9546567237344000256 ) ) ;
#4884 = CARTESIAN_POINT ( 'NONE',  ( -1.746943960583592581, -6.399862499999998455, 1.746943960583590361 ) ) ;
#4885 = DIRECTION ( 'NONE',  ( -1.073081856240827703E-16, 0.000000000000000000, 1.000000000000000000 ) ) ;
#4886 = CARTESIAN_POINT ( 'NONE',  ( 1.903881404142870881, -4.335878972430343481, -2.544179641848578477 ) ) ;
#4887 = CARTESIAN_POINT ( 'NONE',  ( 1.023336079404099319, -2.916093749999997708, -2.470551841763085399 ) ) ;
#4888 = ORIENTED_EDGE ( 'NONE', *, *, #1035, .F. ) ;
#4889 = CARTESIAN_POINT ( 'NONE',  ( -1.041576152579418268, -4.270090220978961071, -3.002054516522351779 ) ) ;
#4890 = CARTESIAN_POINT ( 'NONE',  ( -1.991789667473209918E-14, -6.679999587359798596, 3.174999999999999378 ) ) ;
#4891 = CARTESIAN_POINT ( 'NONE',  ( 0.000000000000000000, 4.645553918089162515, 3.469446951953614189E-15 ) ) ;
#4892 = CARTESIAN_POINT ( 'NONE',  ( 2.389695307103117727, -4.592457442781554100, 2.100646802203169461 ) ) ;
#4893 = VERTEX_POINT ( 'NONE', #2220 ) ;
#4894 = ORIENTED_EDGE ( 'NONE', *, *, #3231, .F. ) ;
#4895 = CARTESIAN_POINT ( 'NONE',  ( -3.102013236752128478, -3.088388424200833260, 0.5690466268201818112 ) ) ;
#4896 = CARTESIAN_POINT ( 'NONE',  ( -2.375027726966527641, -2.076113036520485622, -2.015652334530662948 ) ) ;
#4897 = CARTESIAN_POINT ( 'NONE',  ( 1.471345700648595489, -3.618244245675080961, 2.789966631953548326 ) ) ;
#4898 = CARTESIAN_POINT ( 'NONE',  ( -1.405479628298302641, -6.700078348545043028, 2.823416929720289126 ) ) ;
#4899 = CARTESIAN_POINT ( 'NONE',  ( -3.012307912131245491, -5.997331328072267986, -1.024560264439961843 ) ) ;
#4900 = CARTESIAN_POINT ( 'NONE',  ( -1.408336127460809939, -2.890947623257886789, 2.853226316739188473 ) ) ;
#4902 = CARTESIAN_POINT ( 'NONE',  ( -1.783580435859398516, -4.243998719858906199, -2.600389572132333793 ) ) ;
#4901 = CARTESIAN_POINT ( 'NONE',  ( 1.448643375120805876, -6.368732561843409634, -2.801283523971975775 ) ) ;
#4903 = CARTESIAN_POINT ( 'NONE',  ( -1.409293576926486935, -2.804354727956774873, 2.856948237804018742 ) ) ;
#4904 = CARTESIAN_POINT ( 'NONE',  ( -2.408985173217153442, -5.785195130051436152, 2.023482176133508226 ) ) ;
#4905 = CARTESIAN_POINT ( 'NONE',  ( -2.470551841763085399, -6.338743749999997235, 1.023336079404096655 ) ) ;
#4907 = CARTESIAN_POINT ( 'NONE',  ( 2.973476673676478388, -4.480176013562212844, 1.049508807157503387 ) ) ;
#4906 = CARTESIAN_POINT ( 'NONE',  ( -0.9191565165079060851, -5.254599520696840997, -3.049847679002375411 ) ) ;
#4908 = CARTESIAN_POINT ( 'NONE',  ( 0.000000000000000000, 4.700000000000000178, 1.524838142362548366E-15 ) ) ;
#4909 = DIRECTION ( 'NONE',  ( 0.000000000000000000, -2.900479261138468265E-16, 1.000000000000000000 ) ) ;
#4910 = CARTESIAN_POINT ( 'NONE',  ( -2.063665587345237640, -4.799046595822762384, 2.416386164423152572 ) ) ;
#4911 = CARTESIAN_POINT ( 'NONE',  ( 1.023336079404099319, -3.893993749999998144, -2.470551841763085399 ) ) ;
#4912 = EDGE_LOOP ( 'NONE', ( #2105, #3940, #370, #985 ) ) ;
#4913 = CARTESIAN_POINT ( 'NONE',  ( -3.145229034986778860, -4.098943230990113484, -0.4522979846884865873 ) ) ;
#4914 = CARTESIAN_POINT ( 'NONE',  ( -2.523693230799306519, -6.100075261945634431, -1.937773207264462894 ) ) ;
#4915 = DIRECTION ( 'NONE',  ( 0.000000000000000000, 0.000000000000000000, -1.000000000000000000 ) ) ;
#4916 = CARTESIAN_POINT ( 'NONE',  ( -1.743933284940548889, -2.910157748247495846, 2.665599656495705183 ) ) ;
#4917 = ORIENTED_EDGE ( 'NONE', *, *, #4678, .T. ) ;
#4918 = CARTESIAN_POINT ( 'NONE',  ( -1.033928862999106603E-15, -7.255524999999997782, 2.470551841763084511 ) ) ;
#4919 = CARTESIAN_POINT ( 'NONE',  ( 3.154498308684288599, -4.550376407937913648, 0.4163536466763566590 ) ) ;
#4920 = CARTESIAN_POINT ( 'NONE',  ( -2.325107107960631581, -3.822719871617191956, 2.130951523895122435 ) ) ;
#4921 = CARTESIAN_POINT ( 'NONE',  ( -0.6781348588944976497, -6.677050301993511461, 3.112784661846323520 ) ) ;
#4922 = CARTESIAN_POINT ( 'NONE',  ( 1.022873876226522372, -5.651451841490445105, 3.012870488644149969 ) ) ;
#4923 = CARTESIAN_POINT ( 'NONE',  ( -1.022144116492971877, -2.869919893332631755, 3.013226255620907512 ) ) ;
#4925 = CARTESIAN_POINT ( 'NONE',  ( -2.763259414013546689, -5.150399863136645884, -1.519009535449647563 ) ) ;
#4924 = CARTESIAN_POINT ( 'NONE',  ( 1.686764285304655386, -6.365113982409481785, -2.702338441896600330 ) ) ;
#4926 = CARTESIAN_POINT ( 'NONE',  ( 2.960143397149602507, -2.525378949055940403, 1.065350622743818088 ) ) ;
#4927 = CARTESIAN_POINT ( 'NONE',  ( -0.03035241309505266882, -5.651612233562611110, 3.153827280288798995 ) ) ;
#4928 = CARTESIAN_POINT ( 'NONE',  ( -2.470551841763084511, -7.377762499999997559, -1.462747044969660897E-15 ) ) ;
#4929 = ORIENTED_EDGE ( 'NONE', *, *, #5164, .F. ) ;
#4930 = EDGE_CURVE ( 'NONE', #3740, #2458, #1811, .T. ) ;
#4932 = CARTESIAN_POINT ( 'NONE',  ( 2.552075154397161150, -3.351257821197771491, -1.852391952659809160 ) ) ;
#4931 = CARTESIAN_POINT ( 'NONE',  ( -0.9108291972898591160, -5.271010843266707546, -3.019235043493364579 ) ) ;
#4933 = CARTESIAN_POINT ( 'NONE',  ( 5.646229213111801656E-16, 7.500000000000000000, 4.041451884327380562 ) ) ;
#4934 = CARTESIAN_POINT ( 'NONE',  ( -2.597279961789556335, -4.836156017966634302, 1.844813764540027989 ) ) ;
#4935 = CARTESIAN_POINT ( 'NONE',  ( -1.033928862999106603E-15, -2.366024999999997380, 2.470551841763084511 ) ) ;
#4936 = CARTESIAN_POINT ( 'NONE',  ( 7.313735224848304483E-16, -5.666437499999998018, -2.470551841763084955 ) ) ;
#4937 = ORIENTED_EDGE ( 'NONE', *, *, #2534, .T. ) ;
#4938 = ORIENTED_EDGE ( 'NONE', *, *, #907, .T. ) ;
#4940 = CARTESIAN_POINT ( 'NONE',  ( -3.153250480909653319, -5.893418546490847731, 0.01809454666819834343 ) ) ;
#4939 = CARTESIAN_POINT ( 'NONE',  ( -3.153954024749397789, -4.020506578443531431, 0.4469229916282505544 ) ) ;
#4941 = CARTESIAN_POINT ( 'NONE',  ( -3.154489117392123454, -5.977752362886773696, 0.4160441217504587397 ) ) ;
#4942 = CARTESIAN_POINT ( 'NONE',  ( 0.8206943459584041811, -4.684125695322896910, 3.074103723310418257 ) ) ;
#4943 = ORIENTED_EDGE ( 'NONE', *, *, #2055, .F. ) ;
#4944 = CARTESIAN_POINT ( 'NONE',  ( -3.133677820788683732, -3.036394710424779042, 0.5721623952308109162 ) ) ;
#4945 = CARTESIAN_POINT ( 'NONE',  ( -2.470551841763085843, -2.549381249999997934, 1.023336079404096877 ) ) ;
#4946 = CARTESIAN_POINT ( 'NONE',  ( 3.175083583503952589, -4.521087761132085880, -0.2054641704956503001 ) ) ;
#4947 = CARTESIAN_POINT ( 'NONE',  ( 2.109001291765331132, -3.579902543140775162, 2.345081185484926500 ) ) ;
#4948 = CARTESIAN_POINT ( 'NONE',  ( 1.592842212733455831, -3.715080881748035857, 2.754329463821127089 ) ) ;
#4949 = CARTESIAN_POINT ( 'NONE',  ( -2.853148388493198961, -3.970029030209771381, 1.408398202319678383 ) ) ;
#4950 = CARTESIAN_POINT ( 'NONE',  ( -2.245352651164869595, -1.963386363917073218, 2.259452252752650825 ) ) ;
#4951 = AXIS2_PLACEMENT_3D ( 'NONE', #3282, #3718, #805 ) ;
#4953 = CARTESIAN_POINT ( 'NONE',  ( 2.829402228171535416, -4.654200441019196610, 1.391967198507710224 ) ) ;
#4952 = CARTESIAN_POINT ( 'NONE',  ( 2.974479331861897613, -6.543249989587338611, 1.139621671008227421 ) ) ;
#4954 = CARTESIAN_POINT ( 'NONE',  ( -1.396036980034391473, -2.787943629436013815, 2.828121068190869725 ) ) ;
#4955 = CARTESIAN_POINT ( 'NONE',  ( -3.007141916132642478, -5.859953092151011234, 1.026989504671111497 ) ) ;
#4956 = VECTOR ( 'NONE', #4653, 1000.000000000000000 ) ;
#4957 = CARTESIAN_POINT ( 'NONE',  ( -2.245064030267289290, -2.977212499999999817, 2.245064030267287070 ) ) ;
#4959 = CARTESIAN_POINT ( 'NONE',  ( 3.143639705932193440, -2.460113236862982777, -0.2492560034988303419 ) ) ;
#4958 = CARTESIAN_POINT ( 'NONE',  ( 0.6124602521226655272, -5.329132085610722491, -3.125980699324948819 ) ) ;
#4960 = CARTESIAN_POINT ( 'NONE',  ( -1.023336079404097765, -6.705456249999998342, -2.470551841763085843 ) ) ;
#4961 = VECTOR ( 'NONE', #2678, 1000.000000000000114 ) ;
#4962 = CARTESIAN_POINT ( 'NONE',  ( -2.426062149576721616, -7.471023158236911321, 0.4667428084396666454 ) ) ;
#4963 = CARTESIAN_POINT ( 'NONE',  ( 0.8643911435641919994, -4.629364401033711829, 3.033186033405944837 ) ) ;
#4964 = CARTESIAN_POINT ( 'NONE',  ( 1.746943960583590805, -3.221687499999998039, 1.746943960583591915 ) ) ;
#4965 = DIRECTION ( 'NONE',  ( 0.000000000000000000, 0.000000000000000000, 1.000000000000000000 ) ) ;
#4966 = ORIENTED_EDGE ( 'NONE', *, *, #604, .T. ) ;
#4967 = EDGE_LOOP ( 'NONE', ( #5369, #722, #1256, #2459, #3141, #1943, #3628, #558, #5022, #3966, #2757, #192, #5050, #471 ) ) ;
#4969 = DIRECTION ( 'NONE',  ( 0.000000000000000000, 0.000000000000000000, 1.000000000000000000 ) ) ;
#4968 = CARTESIAN_POINT ( 'NONE',  ( -0.6679441895665815254, -4.289467153114398634, -3.106621507422300255 ) ) ;
#4970 = CALENDAR_DATE ( 2026, 3, 1 ) ;
#4971 = CARTESIAN_POINT ( 'NONE',  ( -9.478127849532680814E-15, -4.775112912640198992, 3.174999999999999378 ) ) ;
#4972 = CARTESIAN_POINT ( 'NONE',  ( 1.022900746510530867, -4.673549851994255988, 3.012832064615742933 ) ) ;
#4973 = CARTESIAN_POINT ( 'NONE',  ( -2.470551841763084511, -7.377762499999997559, -1.462747044969660897E-15 ) ) ;
#4974 = CARTESIAN_POINT ( 'NONE',  ( -3.124405492717184707, -3.127336621833610053, -0.5790911066298572996 ) ) ;
#4975 = CARTESIAN_POINT ( 'NONE',  ( -1.746943960583592581, -3.466162499999998037, 1.746943960583590361 ) ) ;
#4976 = CARTESIAN_POINT ( 'NONE',  ( -0.3118760135884009466, -2.159111799720156100, -3.041489347538861132 ) ) ;
#4977 = CARTESIAN_POINT ( 'NONE',  ( 0.4923816529692981447, -3.670522167750789766, 3.115201510760637227 ) ) ;
#4978 = CARTESIAN_POINT ( 'NONE',  ( 3.013576926974013581, -3.603285683813941986, 1.021015223738001687 ) ) ;
#4979 = CARTESIAN_POINT ( 'NONE',  ( -3.174979932909033131, -4.051444701736396148, -0.2098828121362006638 ) ) ;
#4980 = CARTESIAN_POINT ( 'NONE',  ( -3.039896087850084250, -2.074725309779097859, 0.9515973669028452431 ) ) ;
#4982 = CARTESIAN_POINT ( 'NONE',  ( 1.218319915607796178, -4.765473103144762135, 2.908454152687609984 ) ) ;
#4981 = CARTESIAN_POINT ( 'NONE',  ( 3.122291446121979952, -6.557051049681679622, 0.3853080561229629275 ) ) ;
#4983 = CARTESIAN_POINT ( 'NONE',  ( 2.990205027437670804, -2.541790181929692416, 1.075246890039869951 ) ) ;
#4984 = CARTESIAN_POINT ( 'NONE',  ( -1.054753332400811372, -5.754382235955920244, 3.005945022916411524 ) ) ;
#4985 = CARTESIAN_POINT ( 'NONE',  ( -1.746943960583592359, -5.299724999999996911, 1.746943960583590361 ) ) ;
#4987 = CARTESIAN_POINT ( 'NONE',  ( 3.140923317007813242, -3.462945347194690271, 0.2809636555069899289 ) ) ;
#4986 = CARTESIAN_POINT ( 'NONE',  ( 3.143037391902001598, -5.572871142226802021, 0.2601238821541850266 ) ) ;
#4988 = CARTESIAN_POINT ( 'NONE',  ( 2.470551841763085399, -4.994131249999998801, -1.023336079404098653 ) ) ;
#4989 = LINE ( 'NONE', #1221, #3739 ) ;
#4990 = CARTESIAN_POINT ( 'NONE',  ( -3.161262725874649959, -4.914477025638544383, 0.3931438288743012710 ) ) ;
#4991 = CARTESIAN_POINT ( 'NONE',  ( -1.023522062646215369, -4.184568355801374651, -3.012695640520957063 ) ) ;
#4992 = CARTESIAN_POINT ( 'NONE',  ( -1.023336079404100429, -7.194406249999997449, 2.470551841763083178 ) ) ;
#4993 = ORIENTED_EDGE ( 'NONE', *, *, #5193, .F. ) ;
#4995 = CARTESIAN_POINT ( 'NONE',  ( 0.3022074979427258334, -6.153208592570402757, -3.138809272744982781 ) ) ;
#4994 = CARTESIAN_POINT ( 'NONE',  ( 2.604668555570258448, -4.661867716190516653, 1.820143091690791914 ) ) ;
#4996 = DIRECTION ( 'NONE',  ( 1.000000000000000000, 0.000000000000000000, 0.000000000000000000 ) ) ;
#4997 = CARTESIAN_POINT ( 'NONE',  ( -3.175101499592595911, -5.029183901628782039, -0.2063736439901465713 ) ) ;
#4998 = CARTESIAN_POINT ( 'NONE',  ( -0.2789393877778165165, -2.317395388847631743, -3.174999999998700861 ) ) ;
#4999 = CARTESIAN_POINT ( 'NONE',  ( 0.5734783852007242499, -2.709819404085119121, -2.531813311087017571 ) ) ;
#5000 = EDGE_CURVE ( 'NONE', #2945, #478, #3041, .T. ) ;
#5001 = CARTESIAN_POINT ( 'NONE',  ( -3.097974626083503935, -3.133786402121378156, -0.7069267370311095311 ) ) ;
#5002 = CARTESIAN_POINT ( 'NONE',  ( 1.746943960583590805, -2.243787499999997603, 1.746943960583591915 ) ) ;
#5003 = CARTESIAN_POINT ( 'NONE',  ( 2.854087847494840346, -4.602161261996618791, 1.406296772865368139 ) ) ;
#5004 = CARTESIAN_POINT ( 'NONE',  ( -3.134652435568645590, -3.925934634795763323, 0.2674461969826221197 ) ) ;
#5005 = VERTEX_POINT ( 'NONE', #2498 ) ;
#5006 = CARTESIAN_POINT ( 'NONE',  ( -2.196830937143047002, -2.740043047235365403, -1.343697659438284120 ) ) ;
#5007 = CYLINDRICAL_SURFACE ( 'NONE', #2858, 3.174999999999999822 ) ;
#5008 = CARTESIAN_POINT ( 'NONE',  ( -2.942939542075039938, -2.146042900557223021, -1.198482893706959374 ) ) ;
#5010 = CARTESIAN_POINT ( 'NONE',  ( 1.662757758083346804, -4.740154811141572111, 2.679300347231837964 ) ) ;
#5009 = CARTESIAN_POINT ( 'NONE',  ( -0.8010903402005588037, -6.805573816994989755, 3.083102439713053755 ) ) ;
#5011 = CARTESIAN_POINT ( 'NONE',  ( -3.085370562412977691, -2.928901959763398732, 0.6546038523972019796 ) ) ;
#5012 = CARTESIAN_POINT ( 'NONE',  ( -3.185630074507170839, -5.946252476994812852, 0.002534523456964947984 ) ) ;
#5013 = CARTESIAN_POINT ( 'NONE',  ( -2.470551841763084511, -3.466162499999997149, -1.462747044969660897E-15 ) ) ;
#5014 = VERTEX_POINT ( 'NONE', #4521 ) ;
#5016 = CARTESIAN_POINT ( 'NONE',  ( -2.599145432427343749, -3.055149622215655558, -1.785426495869579799 ) ) ;
#5015 = CARTESIAN_POINT ( 'NONE',  ( 2.683829434107375622, -5.597715368992589369, 1.715611771374704109 ) ) ;
#5017 = CARTESIAN_POINT ( 'NONE',  ( 2.500414846592208917, -2.278978076847937739, -1.559620122853001778 ) ) ;
#5018 = CARTESIAN_POINT ( 'NONE',  ( 0.8238422199529187306, -2.319704609859543520, -3.073229797610504299 ) ) ;
#5019 = CARTESIAN_POINT ( 'NONE',  ( -1.404940663271809775, -4.744248228221454866, 2.823664836287256730 ) ) ;
#5020 = CARTESIAN_POINT ( 'NONE',  ( 0.000000000000000000, -7.500000000000000000, -5.800958522276924697E-16 ) ) ;
#5021 = CARTESIAN_POINT ( 'NONE',  ( 2.470551841763084955, -4.871893749999998136, -1.023336079404098431 ) ) ;
#5022 = ORIENTED_EDGE ( 'NONE', *, *, #1936, .F. ) ;
#5024 = CARTESIAN_POINT ( 'NONE',  ( 2.737122122624219056, -6.301997684169061031, -1.566021971478605890 ) ) ;
#5023 = CARTESIAN_POINT ( 'NONE',  ( 2.947765040924611668, -4.526341612130050152, -1.120768178005546956 ) ) ;
#5025 = CARTESIAN_POINT ( 'NONE',  ( 0.000000000000000000, -7.500000000000000000, 2.168404344971008868E-15 ) ) ;
#5026 = CARTESIAN_POINT ( 'NONE',  ( -2.609512585500667115, -7.314999140734174787, -0.3222202370759791323 ) ) ;
#5027 = CARTESIAN_POINT ( 'NONE',  ( -2.363109651647793630, -2.200276045278965587, -2.125114361821430098 ) ) ;
#5028 = CARTESIAN_POINT ( 'NONE',  ( 2.470551841763084511, -5.910912499999996683, 0.000000000000000000 ) ) ;
#5029 = CARTESIAN_POINT ( 'NONE',  ( 0.6133458359813006577, -3.337705040572685800, -3.125888487785673409 ) ) ;
#5030 = CARTESIAN_POINT ( 'NONE',  ( -3.174999999999999822, -7.866712499999995778, -1.549017063184669745E-15 ) ) ;
#5031 = CARTESIAN_POINT ( 'NONE',  ( -3.165953995556656242, -3.977931095697141650, 0.2726956670826188311 ) ) ;
#5032 = CARTESIAN_POINT ( 'NONE',  ( 1.937783281644598343, -3.643713260122328101, 2.523770489322096466 ) ) ;
#5033 = ADVANCED_FACE ( 'NONE', ( #754 ), #4033, .T. ) ;
#5034 = CARTESIAN_POINT ( 'NONE',  ( -2.667985300374567714, -2.000111644672773803, 1.721457292498038250 ) ) ;
#5035 = CARTESIAN_POINT ( 'NONE',  ( 1.902318599372122998, -2.466369586987405604, -2.554908504396835589 ) ) ;
#5037 = CARTESIAN_POINT ( 'NONE',  ( -3.025616952920179514, -6.005612780319816046, 0.8883994088454840732 ) ) ;
#5036 = CARTESIAN_POINT ( 'NONE',  ( 0.8556798551786122253, -6.724598891137645751, 3.060205250584594694 ) ) ;
#5038 = CARTESIAN_POINT ( 'NONE',  ( -3.151759084071609429, -2.966364643663657041, -0.1159352313758416769 ) ) ;
#5039 = CARTESIAN_POINT ( 'NONE',  ( -3.143303176797459297, -5.935577588483520017, -0.5176085367817526706 ) ) ;
#5040 = CARTESIAN_POINT ( 'NONE',  ( 2.470551841763083178, -5.972031249999997904, 1.023336079404100207 ) ) ;
#5041 = ORIENTED_EDGE ( 'NONE', *, *, #1195, .F. ) ;
#5043 = CARTESIAN_POINT ( 'NONE',  ( -1.056185549650275224, -2.769209963953597420, 2.971134439535485949 ) ) ;
#5042 = CARTESIAN_POINT ( 'NONE',  ( 3.049585577662760727, -5.588110513066895990, 0.8928950520490571696 ) ) ;
#5044 = CARTESIAN_POINT ( 'NONE',  ( 1.920123588993156494, -2.428750995296916848, 2.067403767571937223 ) ) ;
#5045 = CARTESIAN_POINT ( 'NONE',  ( -2.876921921779934888, -1.918221910755596671, 1.266578590996134235 ) ) ;
#5046 = CIRCLE ( 'NONE', #4435, 5.999999999999998224 ) ;
#5047 = CARTESIAN_POINT ( 'NONE',  ( 0.6114776291877398462, -5.206996412924186579, -3.118295836489815898 ) ) ;
#5048 = DIRECTION ( 'NONE',  ( 0.000000000000000000, -2.900479261138467772E-16, 1.000000000000000000 ) ) ;
#5049 = CONICAL_SURFACE ( 'NONE', #2696, 3.174999999999999378, 0.6981317007977333455 ) ;
#5050 = ORIENTED_EDGE ( 'NONE', *, *, #4440, .F. ) ;
#5052 = CARTESIAN_POINT ( 'NONE',  ( 0.8046170718548157907, -6.588280257116586824, 3.049126234832996385 ) ) ;
#5051 = CARTESIAN_POINT ( 'NONE',  ( 1.228362676132090270, -4.347782895989706020, -2.938954949738967315 ) ) ;
#5053 = CARTESIAN_POINT ( 'NONE',  ( 0.9848614430334988734, 1.160472922472425505, 3.472841865077505474 ) ) ;
#5054 = SHAPE_DEFINITION_REPRESENTATION ( #214, #5070 ) ;
#5055 = CARTESIAN_POINT ( 'NONE',  ( 1.144401025603482370E-15, 7.500000000000000000, -4.041451884327381450 ) ) ;
#5056 = CARTESIAN_POINT ( 'NONE',  ( -2.854471913871303279, -5.040173912912365495, -1.405513035259438714 ) ) ;
#5057 = ORIENTED_EDGE ( 'NONE', *, *, #1936, .T. ) ;
#5058 = CARTESIAN_POINT ( 'NONE',  ( 7.313735224848304483E-16, -5.666437499999998018, -2.470551841763084955 ) ) ;
#5059 = CARTESIAN_POINT ( 'NONE',  ( -0.1586411503201931028, -3.336526571474625946, -3.173649452040071761 ) ) ;
#5060 = CARTESIAN_POINT ( 'NONE',  ( -2.245064030267287514, -6.033149999999995572, -2.245064030267289290 ) ) ;
#5061 = CARTESIAN_POINT ( 'NONE',  ( -2.949338023411798737, -2.037671222673698157, -1.087339177777851607 ) ) ;
#5062 = CARTESIAN_POINT ( 'NONE',  ( -0.5638843737814915880, -4.172618798851139843, -3.135377422238585510 ) ) ;
#5063 = VERTEX_POINT ( 'NONE', #1506 ) ;
#5064 = CARTESIAN_POINT ( 'NONE',  ( 3.175037772995056962, -3.492119462040028655, -0.2087475798285843842 ) ) ;
#5065 = FACE_OUTER_BOUND ( 'NONE', #2106, .T. ) ;
#5066 = CARTESIAN_POINT ( 'NONE',  ( 1.687962342392275383, -2.453585591872373683, -2.701510838916542312 ) ) ;
#5067 = CARTESIAN_POINT ( 'NONE',  ( -2.946100636552055896, -5.992980472069123543, 1.124576697392565938 ) ) ;
#5068 = CARTESIAN_POINT ( 'NONE',  ( -1.955335368415962449, -3.100249490501154614, -2.464567695677293280 ) ) ;
#5069 = CARTESIAN_POINT ( 'NONE',  ( 0.9820009538976395280, -6.188033271250296785, -2.988852947321315678 ) ) ;
#5070 = ADVANCED_BREP_SHAPE_REPRESENTATION ( '1095K104_Zinc-Plated Steel Grease Fitting', ( #4325, #868, #3571 ), #5135 ) ;
#5071 = CARTESIAN_POINT ( 'NONE',  ( 1.746943960583590583, -3.099449999999997374, 1.746943960583591693 ) ) ;
#5072 = EDGE_CURVE ( 'NONE', #109, #2031, #3961, .T. ) ;
#5074 = CARTESIAN_POINT ( 'NONE',  ( 0.3080474774217564216, -2.397034928291699174, -3.138456345930643376 ) ) ;
#5073 = CARTESIAN_POINT ( 'NONE',  ( 3.144073061943250647, -5.519855164732740960, -0.5110363539227971152 ) ) ;
#5075 = CARTESIAN_POINT ( 'NONE',  ( -1.033928862999106603E-15, -3.343924999999997816, 2.470551841763084511 ) ) ;
#5076 = CARTESIAN_POINT ( 'NONE',  ( -2.524447687440963151, -2.137196186266898668, -1.929976208917077551 ) ) ;
#5077 = CARTESIAN_POINT ( 'NONE',  ( 0.8654350191046178420, -5.219967814632630265, -3.057563779969186601 ) ) ;
#5078 = CARTESIAN_POINT ( 'NONE',  ( 0.000000000000000000, -2.000000000000000000, -3.174999999999997158 ) ) ;
#5079 = ORIENTED_EDGE ( 'NONE', *, *, #2601, .F. ) ;
#5081 = CARTESIAN_POINT ( 'NONE',  ( -3.105656431964059827, -4.890175846402318172, 0.5463989421396353574 ) ) ;
#5080 = CARTESIAN_POINT ( 'NONE',  ( 2.806253744538402373, -4.607004867609433063, 1.490695083092043127 ) ) ;
#5082 = DIRECTION ( 'NONE',  ( -0.000000000000000000, 1.000000000000000000, 2.900479261138468265E-16 ) ) ;
#5083 = CARTESIAN_POINT ( 'NONE',  ( 2.760953299607161071, -7.176773931358092717, 0.2339874730841659811 ) ) ;
#5084 = CARTESIAN_POINT ( 'NONE',  ( -3.175009737552923372, -4.959066993557926573, 0.2066612077549511983 ) ) ;
#5085 = CARTESIAN_POINT ( 'NONE',  ( -2.470551841763084511, -3.466162499999997149, -1.462747044969660897E-15 ) ) ;
#5086 = CARTESIAN_POINT ( 'NONE',  ( 2.789793777752124893, -3.528930688178615771, -1.470980027413935298 ) ) ;
#5087 = CARTESIAN_POINT ( 'NONE',  ( 2.245064030267288846, -5.299724999999996022, -2.245064030267287958 ) ) ;
#5088 = FACE_OUTER_BOUND ( 'NONE', #2542, .T. ) ;
#5089 = CARTESIAN_POINT ( 'NONE',  ( -1.352516190603883839, -2.788424498619798353, -2.124944061002046691 ) ) ;
#5090 = CARTESIAN_POINT ( 'NONE',  ( -1.056027454857624726, -2.539849515865198359, -2.512315449123194266 ) ) ;
#5091 = CARTESIAN_POINT ( 'NONE',  ( -1.720968750126305569, -2.291965874147633198, -2.642971908315336460 ) ) ;
#5092 = CARTESIAN_POINT ( 'NONE',  ( -3.094833180409320761, -6.078930908822705703, -0.6046357781938799247 ) ) ;
#5093 = CARTESIAN_POINT ( 'NONE',  ( -2.608468145177766040, -3.108779213379727402, -1.828818460037917593 ) ) ;
#5094 = CARTESIAN_POINT ( 'NONE',  ( 0.9910525280260349401, -6.204444605427378967, -3.019179667063398576 ) ) ;
#5095 = CARTESIAN_POINT ( 'NONE',  ( 7.313735224848304483E-16, -2.732737499999997155, -2.470551841763084955 ) ) ;
#5097 = DIRECTION ( 'NONE',  ( 0.000000000000000000, 0.000000000000000000, 1.000000000000000000 ) ) ;
#5096 = CARTESIAN_POINT ( 'NONE',  ( 2.689668540579726930, -5.419879776489196388, -1.706499483329520839 ) ) ;
#5098 = CARTESIAN_POINT ( 'NONE',  ( 2.606870454480020083, -2.385620361273392831, 1.170700877662690376 ) ) ;
#5099 = CARTESIAN_POINT ( 'NONE',  ( -2.332446162935979839, -2.097729773136793874, -2.111229422074466289 ) ) ;
#5100 = CARTESIAN_POINT ( 'NONE',  ( -3.162343813970443840, -4.986857854988576477, -0.3859001755454999349 ) ) ;
#5101 = FACE_OUTER_BOUND ( 'NONE', #2277, .T. ) ;
#5102 = ADVANCED_FACE ( 'NONE', ( #3606 ), #3746, .T. ) ;
#5104 = CARTESIAN_POINT ( 'NONE',  ( -3.051473690193490018, -4.877468019117772613, 0.7946661902294297475 ) ) ;
#5103 = CARTESIAN_POINT ( 'NONE',  ( 1.899779117315826715, -4.422014788431546606, -2.556819149912680444 ) ) ;
#5105 = CARTESIAN_POINT ( 'NONE',  ( -3.183313574550400205, -2.005244577314130083, 0.1097037471957624660 ) ) ;
#5106 = CARTESIAN_POINT ( 'NONE',  ( -0.3162203149347807551, -6.798182588612613486, 3.127446332775403626 ) ) ;
#5107 = CARTESIAN_POINT ( 'NONE',  ( 2.470551841763084511, -4.933012499999997580, 0.000000000000000000 ) ) ;
#5108 = VERTEX_POINT ( 'NONE', #3172 ) ;
#5109 = CARTESIAN_POINT ( 'NONE',  ( -0.9159750897867828812, -3.263293377743247348, -3.050780247588782856 ) ) ;
#5110 = CARTESIAN_POINT ( 'NONE',  ( 3.174999999999999822, -7.377762499999995782, 0.000000000000000000 ) ) ;
#5111 = CARTESIAN_POINT ( 'NONE',  ( 0.000000000000000000, -7.500000000000000000, -5.800958522276924697E-16 ) ) ;
#5112 = CARTESIAN_POINT ( 'NONE',  ( 2.524809634165935179, -3.604331996583035824, 1.936273668069619536 ) ) ;
#5113 = CARTESIAN_POINT ( 'NONE',  ( -2.449229325239338007, -2.014157172985318489, 2.001651589497918327 ) ) ;
#5114 = CARTESIAN_POINT ( 'NONE',  ( 0.09853504519528191730, -2.387122689243244889, -3.144411404927006881 ) ) ;
#5115 = CARTESIAN_POINT ( 'NONE',  ( 1.418367130515930441, -5.732192896271904203, 2.816407446434411987 ) ) ;
#5116 = CARTESIAN_POINT ( 'NONE',  ( -1.643764797822842239, -3.119289434652485760, -2.691654849497717716 ) ) ;
#5117 = CARTESIAN_POINT ( 'NONE',  ( -1.976545554182630893, -6.086170235308678400, -2.498253698090103114 ) ) ;
#5118 = CARTESIAN_POINT ( 'NONE',  ( 7.313735224848304483E-16, -1.754837499999997608, -2.470551841763084955 ) ) ;
#5119 = B_SPLINE_CURVE_WITH_KNOTS ( 'NONE', 3,
 ( #772, #1203, #403, #2082, #1233, #2054 ),
 .UNSPECIFIED., .F., .F.,
 ( 4, 2, 4 ),
 ( 0.000000000000000000, 0.0008645523298229395616, 0.001729104659645878690 ),
 .UNSPECIFIED. ) ;
#5121 = CARTESIAN_POINT ( 'NONE',  ( -1.829051235709538981, -2.285449395249185667, -2.568770726788449199 ) ) ;
#5120 = CARTESIAN_POINT ( 'NONE',  ( -2.996686053938979022, -6.086783685251964116, -1.080202517090303127 ) ) ;
#5122 = CARTESIAN_POINT ( 'NONE',  ( 2.470551841763084955, -4.077349999999998253, 0.000000000000000000 ) ) ;
#5123 = CARTESIAN_POINT ( 'NONE',  ( -3.173577217296840391, -1.986427553010158498, 0.2766590253839742441 ) ) ;
#5124 = CARTESIAN_POINT ( 'NONE',  ( -2.801768194486585983, -5.009872519005661218, -1.499249433298465384 ) ) ;
#5125 = CARTESIAN_POINT ( 'NONE',  ( -2.245064030267289290, -4.933012499999999356, 2.245064030267287070 ) ) ;
#5127 = CARTESIAN_POINT ( 'NONE',  ( -0.4105753033380400430, -5.669581840927691907, 3.126638269651354385 ) ) ;
#5126 = CARTESIAN_POINT ( 'NONE',  ( -0.4237330361774665488, -4.795296330932954376, 3.149205189141913941 ) ) ;
#5128 = CARTESIAN_POINT ( 'NONE',  ( 3.226569718301746992, 0.7949180206457897579, 2.178590988906772719 ) ) ;
#5129 = CARTESIAN_POINT ( 'NONE',  ( -3.499999999999999556, 0.6204091765964246941, 2.020725942163691169 ) ) ;
#5130 = CARTESIAN_POINT ( 'NONE',  ( -2.470551841763085843, -5.483081249999997908, 1.023336079404096877 ) ) ;
#5131 = CARTESIAN_POINT ( 'NONE',  ( 2.377280615179288681, -3.439052217119689114, -2.120147596621037245 ) ) ;
#5132 = CARTESIAN_POINT ( 'NONE',  ( 2.433673339889609544, -6.646520173524054442, 2.006070660628973990 ) ) ;
#5133 = CARTESIAN_POINT ( 'NONE',  ( -1.315128060534579202, -5.727556249999997462, 3.174999999999998934 ) ) ;
#5134 = DIRECTION ( 'NONE',  ( -0.000000000000000000, 1.000000000000000000, -0.000000000000000000 ) ) ;
#5135 =( GEOMETRIC_REPRESENTATION_CONTEXT ( 3 ) GLOBAL_UNCERTAINTY_ASSIGNED_CONTEXT ( ( #4695 ) ) GLOBAL_UNIT_ASSIGNED_CONTEXT ( ( #1609, #826, #1170 ) ) REPRESENTATION_CONTEXT ( 'NONE', 'WORKASPACE' ) );
#5136 = CARTESIAN_POINT ( 'NONE',  ( -2.523023654507278835, -2.704247680529461295, -0.5820410289520600022 ) ) ;
#5137 = CARTESIAN_POINT ( 'NONE',  ( -2.469354708135506726, -2.028087514550018788, 1.958084445272196827 ) ) ;
#5138 = ORIENTED_EDGE ( 'NONE', *, *, #4805, .T. ) ;
#5139 = CARTESIAN_POINT ( 'NONE',  ( -1.945292282121913408, -2.227389752124733224, -2.522388155962147493 ) ) ;
#5140 = CARTESIAN_POINT ( 'NONE',  ( -2.489426767481338398, -5.175268829138186533, -1.935395936642053005 ) ) ;
#5141 = CARTESIAN_POINT ( 'NONE',  ( 3.138434659503544388, -3.464535899952435383, 0.3138189902079329130 ) ) ;
#5142 = CARTESIAN_POINT ( 'NONE',  ( -1.761927968430645475, -6.099146486867934591, -2.654076089399392657 ) ) ;
#5143 = CARTESIAN_POINT ( 'NONE',  ( 0.000000000000000000, -2.000000000000000000, -3.174999999999997158 ) ) ;
#5145 = CARTESIAN_POINT ( 'NONE',  ( -3.142364476541209317, -2.125677845897805618, 0.2621587425162174578 ) ) ;
#5144 = CARTESIAN_POINT ( 'NONE',  ( -0.1640824256852644325, -5.796332127236357046, 3.173368030668564543 ) ) ;
#5146 = CARTESIAN_POINT ( 'NONE',  ( 1.023336079404099319, -4.871893749999997247, -2.470551841763085399 ) ) ;
#5147 = CARTESIAN_POINT ( 'NONE',  ( 1.334491196935333468, -2.295699041904849302, -2.848981698973827914 ) ) ;
#5148 = CARTESIAN_POINT ( 'NONE',  ( -2.709250994695005854, -5.000068623297537762, -1.599237812253008428 ) ) ;
#5149 = CARTESIAN_POINT ( 'NONE',  ( 3.174999999999999822, -4.505181249999999693, -1.315128060534576981 ) ) ;
#5151 = CARTESIAN_POINT ( 'NONE',  ( -0.6317749602105736662, -4.702789875497252581, 3.089341030632943852 ) ) ;
#5150 = CARTESIAN_POINT ( 'NONE',  ( -0.04101064811258840759, -4.776824233465086778, 3.185061249616328194 ) ) ;
#5152 = LINE ( 'NONE', #4337, #1914 ) ;
#5153 = CARTESIAN_POINT ( 'NONE',  ( -1.227574644361641765, -6.901022018323049956, 2.792137359163525900 ) ) ;
#5154 = CARTESIAN_POINT ( 'NONE',  ( -3.055990618763896105, -3.900333938160639224, 0.7802209560418933432 ) ) ;
#5155 = CARTESIAN_POINT ( 'NONE',  ( -1.023336079404100651, -5.360843749999998131, 2.470551841763083178 ) ) ;
#5156 = CARTESIAN_POINT ( 'NONE',  ( -2.553681851198724040, -3.995478729930408868, 1.850402140512584781 ) ) ;
#5157 = FACE_OUTER_BOUND ( 'NONE', #3368, .T. ) ;
#5158 = CARTESIAN_POINT ( 'NONE',  ( -1.315128060534579202, -4.749656249999995694, 3.174999999999998934 ) ) ;
#5159 = CARTESIAN_POINT ( 'NONE',  ( -3.087410783044491236, -6.832723721050748544, 0.4465942467420391249 ) ) ;
#5160 = CARTESIAN_POINT ( 'NONE',  ( -0.4179749313764738461, -3.288831810025077296, -3.175000000000003375 ) ) ;
#5161 = CARTESIAN_POINT ( 'NONE',  ( -1.023336079404100429, -4.260706249999997475, 2.470551841763083178 ) ) ;
#5162 = CARTESIAN_POINT ( 'NONE',  ( -2.458173241865592384, -2.011366400619289063, 1.994376314137046524 ) ) ;
#5163 = EDGE_LOOP ( 'NONE', ( #4993, #1721, #4197, #5288 ) ) ;
#5164 = EDGE_CURVE ( 'NONE', #2945, #2657, #4813, .T. ) ;
#5165 = CARTESIAN_POINT ( 'NONE',  ( 0.2211638907402768695, -2.860995869685902804, 3.145951728404225989 ) ) ;
#5166 = CARTESIAN_POINT ( 'NONE',  ( 1.601807431033938300, -6.377574793876633841, -2.716280839748157483 ) ) ;
#5167 = CARTESIAN_POINT ( 'NONE',  ( 3.147412992943704246, -3.440004528013429486, -0.2051002899641641564 ) ) ;
#5168 = CARTESIAN_POINT ( 'NONE',  ( 2.709685894442840581, -6.522339300814487650, 1.675119520946219076 ) ) ;
#5169 = CARTESIAN_POINT ( 'NONE',  ( -1.992033961198868373E-11, -5.753012912641125354, 3.174999999999999378 ) ) ;
#5171 = CARTESIAN_POINT ( 'NONE',  ( -3.153466897720374362, -2.137271590640811958, 0.01140821601945404135 ) ) ;
#5170 = CARTESIAN_POINT ( 'NONE',  ( -3.161013617538805942, -6.048494851591431853, -0.3243862105420842745 ) ) ;
#5172 = CARTESIAN_POINT ( 'NONE',  ( 2.470551841763084067, -6.094268749999997681, 1.023336079404100207 ) ) ;
#5173 = CARTESIAN_POINT ( 'NONE',  ( -3.073082670821454254, -5.008982573234451507, -0.8249206756516646033 ) ) ;
#5174 = CARTESIAN_POINT ( 'NONE',  ( 0.9794629530198210032, -2.327904942086182150, -3.022969533035583467 ) ) ;
#5175 = CARTESIAN_POINT ( 'NONE',  ( 3.179315571545011210, -5.448147957111010520, -0.2020639819240053203 ) ) ;
#5176 = CARTESIAN_POINT ( 'NONE',  ( 3.174999999999998934, -4.627418749999999470, 1.315128060534579202 ) ) ;
#5178 = CARTESIAN_POINT ( 'NONE',  ( 0.3383507526578499180, -5.633939323580889891, 3.135076365391505693 ) ) ;
#5177 = CARTESIAN_POINT ( 'NONE',  ( -2.873659173251187582, -5.005481482531228821, 1.299061105621129197 ) ) ;
#5179 = CARTESIAN_POINT ( 'NONE',  ( 1.405959734586062160, -2.747788543834169595, 2.854249315861308478 ) ) ;
#5180 = CARTESIAN_POINT ( 'NONE',  ( -1.131243293049615906, 1.226627174762169092, 3.388328264566226267 ) ) ;
#5181 = CARTESIAN_POINT ( 'NONE',  ( -2.784146718160602330, -4.015220810244767513, -1.482253599304976355 ) ) ;
#5182 = CARTESIAN_POINT ( 'NONE',  ( -2.470551841763084955, -7.499999999999998224, -1.462747044969661094E-15 ) ) ;
#5183 = CARTESIAN_POINT ( 'NONE',  ( 3.060256447997604656, -3.642240987405683583, 0.7620150254101663023 ) ) ;
#5184 = CARTESIAN_POINT ( 'NONE',  ( 3.154842581210502317, -6.455159480763943414, 0.4140250485869454433 ) ) ;
#5185 = CARTESIAN_POINT ( 'NONE',  ( 0.5492920273308898871, 0.9634770311734299764, -3.724317984484177835 ) ) ;
#5186 = CARTESIAN_POINT ( 'NONE',  ( 3.500000000000000444, 0.7930270108568979737, -1.708417157784281049 ) ) ;
#5187 = CARTESIAN_POINT ( 'NONE',  ( -3.154383503285556056, -3.032629954849661136, -0.4164267600132455782 ) ) ;
#5188 = CARTESIAN_POINT ( 'NONE',  ( -1.425440463679178427, -2.498877333835507031, -2.362911314136174834 ) ) ;
#5189 = EDGE_LOOP ( 'NONE', ( #4866, #312 ) ) ;
#5190 = CARTESIAN_POINT ( 'NONE',  ( 3.028988427415696627, -2.583487158231011271, -0.8786247715126559443 ) ) ;
#5191 = CARTESIAN_POINT ( 'NONE',  ( 0.6867708725416407090, -6.749516455828342920, 3.077784262881520849 ) ) ;
#5192 = CARTESIAN_POINT ( 'NONE',  ( 1.562754156870042932, -3.286618695541811963, -2.730455809130623024 ) ) ;
#5193 = EDGE_CURVE ( 'NONE', #2458, #3149, #297, .T. ) ;
#5194 = CARTESIAN_POINT ( 'NONE',  ( 2.986638120876476510, -6.453917197419937857, 1.085109533890585842 ) ) ;
#5195 = CARTESIAN_POINT ( 'NONE',  ( 0.000000000000000000, -6.766574999999998674, -5.800958522276925683E-16 ) ) ;
#5197 = CARTESIAN_POINT ( 'NONE',  ( 0.7985526182020229458, -2.832139966219659133, 3.050550633172410819 ) ) ;
#5196 = CARTESIAN_POINT ( 'NONE',  ( 0.09312673480361968736, -5.800732804136543130, 3.144596411057419161 ) ) ;
#5198 = CARTESIAN_POINT ( 'NONE',  ( -1.023336079404097765, -4.749656249999996582, -2.470551841763085843 ) ) ;
#5199 = CARTESIAN_POINT ( 'NONE',  ( -2.904856372747457005, -2.152035325103505148, -1.311658215426052543 ) ) ;
#5200 = CARTESIAN_POINT ( 'NONE',  ( -1.072302672438409266, -2.190584538825512517, -2.999989421642004661 ) ) ;
#5201 = CARTESIAN_POINT ( 'NONE',  ( 3.124325717153144222, -5.485554913116388320, 0.5798507088552307120 ) ) ;
#5202 = CARTESIAN_POINT ( 'NONE',  ( -3.174999999999999822, -4.077349999999999142, -1.549017063184669745E-15 ) ) ;
#5204 = CARTESIAN_POINT ( 'NONE',  ( 2.986068777364796478, -3.500334861653884744, 1.013371147990934640 ) ) ;
#5203 = CARTESIAN_POINT ( 'NONE',  ( -0.9274841945338906379, -4.820820286248999942, 3.039249073821678415 ) ) ;
#5205 = CARTESIAN_POINT ( 'NONE',  ( 2.853317099187680839, -2.646451083404545379, 1.407910172326966913 ) ) ;
#5206 = CARTESIAN_POINT ( 'NONE',  ( -0.5492920273308881107, 0.9634770311734329740, 3.724317984484176502 ) ) ;
#5207 = CARTESIAN_POINT ( 'NONE',  ( 1.990085461025593139, -4.290291820063313999, -2.436640577192342061 ) ) ;
#5208 = CARTESIAN_POINT ( 'NONE',  ( 1.023336079404098431, -7.194406249999998337, 2.470551841763084067 ) ) ;
#5209 = CIRCLE ( 'NONE', #4870, 0.4999999999999997780 ) ;
#5210 = CARTESIAN_POINT ( 'NONE',  ( -1.156854574645550970, -3.907708616525648271, 2.933831202740601718 ) ) ;
#5211 = CARTESIAN_POINT ( 'NONE',  ( 2.754888080507637227, -6.353466185201237515, -1.591876785006277162 ) ) ;
#5212 = CARTESIAN_POINT ( 'NONE',  ( -1.022937644689726477, -5.213391852737006893, -3.012841230220074884 ) ) ;
#5213 = CARTESIAN_POINT ( 'NONE',  ( 3.500000000000000000, 1.278235718868548476, 0.4274198626187654115 ) ) ;
#5214 = CIRCLE ( 'NONE', #272, 1.952016013762337465 ) ;
#5215 = CARTESIAN_POINT ( 'NONE',  ( -1.033928862999106603E-15, -4.199587499999997142, 2.470551841763084067 ) ) ;
#5216 = DIRECTION ( 'NONE',  ( -0.8660254037844385966, 0.000000000000000000, 0.5000000000000001110 ) ) ;
#5217 = VERTEX_POINT ( 'NONE', #216 ) ;
#5218 = CARTESIAN_POINT ( 'NONE',  ( 2.281970642691343087, -2.694924162043248916, 2.222392922523232617 ) ) ;
#5219 = VECTOR ( 'NONE', #3010, 1000.000000000000000 ) ;
#5220 = DIRECTION ( 'NONE',  ( -0.000000000000000000, -1.000000000000000000, 7.703719777548942317E-32 ) ) ;
#5221 = CARTESIAN_POINT ( 'NONE',  ( 2.553724022107954461, -3.401354365645112843, -1.904669499584727310 ) ) ;
#5222 = CARTESIAN_POINT ( 'NONE',  ( 3.130726448099087289, -6.407266041839789317, -0.5898771946947207745 ) ) ;
#5223 = CARTESIAN_POINT ( 'NONE',  ( -2.097494908182996110, -5.814639432523662776, 2.392541349244005300 ) ) ;
#5225 = CARTESIAN_POINT ( 'NONE',  ( 1.690043408538684178, -3.760639434367822886, 2.662096477438649522 ) ) ;
#5224 = CARTESIAN_POINT ( 'NONE',  ( -3.097880365363876898, -6.067508064077943963, -0.7073538058339705614 ) ) ;
#5226 = CARTESIAN_POINT ( 'NONE',  ( 2.470551841763084067, -7.072168749999998560, 1.023336079404100207 ) ) ;
#5227 = CARTESIAN_POINT ( 'NONE',  ( 3.061074715698275828, -2.482103727857938313, -0.8528885266819059563 ) ) ;
#5228 = CARTESIAN_POINT ( 'NONE',  ( 1.587066320797546837, -5.294859036118489293, -2.762348517671803005 ) ) ;
#5229 = CARTESIAN_POINT ( 'NONE',  ( 3.174999999999998934, -3.649518749999999923, 1.315128060534579202 ) ) ;
#5230 = EDGE_CURVE ( 'NONE', #478, #5217, #1945, .T. ) ;
#5232 = CARTESIAN_POINT ( 'NONE',  ( -2.719738466132182619, -4.021798251707685345, -1.595693347129522266 ) ) ;
#5231 = CARTESIAN_POINT ( 'NONE',  ( -2.501771585774646312, -4.914992634118863890, 1.971664700455025621 ) ) ;
#5233 = CARTESIAN_POINT ( 'NONE',  ( -1.478213668982906350E-11, -2.330362912639511563, -3.175000000000000266 ) ) ;
#5234 = FACE_OUTER_BOUND ( 'NONE', #5337, .T. ) ;
#5235 = CARTESIAN_POINT ( 'NONE',  ( 2.280374644216534463, -4.308929934816182694, -2.178941969783898536 ) ) ;
#5236 = CARTESIAN_POINT ( 'NONE',  ( -1.746943960583592359, -2.366024999999997380, 1.746943960583590361 ) ) ;
#5237 = CARTESIAN_POINT ( 'NONE',  ( 0.3498297399715488143, -3.816295913733793732, 3.158301790894121996 ) ) ;
#5238 = CARTESIAN_POINT ( 'NONE',  ( 3.013267698049978627, -6.384936484998233297, -1.021754964715789971 ) ) ;
#5239 = DIRECTION ( 'NONE',  ( -0.000000000000000000, 1.000000000000000000, 2.900479261138468265E-16 ) ) ;
#5240 = CARTESIAN_POINT ( 'NONE',  ( -2.907339025578435265, -6.806856375896435551, 1.200684662869750285 ) ) ;
#5241 = CARTESIAN_POINT ( 'NONE',  ( 1.023336079404099319, -3.771756249999997479, -2.470551841763084955 ) ) ;
#5242 = CARTESIAN_POINT ( 'NONE',  ( -0.6751982726249475819, -2.887701270828117117, 3.105018489276798910 ) ) ;
#5243 = CARTESIAN_POINT ( 'NONE',  ( 2.210827964494144648, -6.662234463451037314, 2.248554702394502947 ) ) ;
#5244 = CARTESIAN_POINT ( 'NONE',  ( 3.001476417413440512, -3.496719653287124530, 0.9427345141123383288 ) ) ;
#5245 = CARTESIAN_POINT ( 'NONE',  ( 3.179946947089172138, -6.444327876139631428, 0.1914084221190376078 ) ) ;
#5246 = DIRECTION ( 'NONE',  ( 0.000000000000000000, 0.000000000000000000, 1.000000000000000000 ) ) ;
#5247 = CONICAL_SURFACE ( 'NONE', #3603, 3.174999999999999822, 0.7853981633974492782 ) ;
#5249 = CARTESIAN_POINT ( 'NONE',  ( -2.684552032255022258, -3.029313745337089081, 1.654623993926580106 ) ) ;
#5248 = CARTESIAN_POINT ( 'NONE',  ( 3.059708702604101660, -6.443018079812610210, -0.8863303902128950584 ) ) ;
#5250 = CARTESIAN_POINT ( 'NONE',  ( 3.143158315938786362, -2.465936179283318985, -0.4672145777023590241 ) ) ;
#5251 = CARTESIAN_POINT ( 'NONE',  ( 2.612629554451592284, -5.498760596115372934, 1.766747735451697832 ) ) ;
#5252 = CARTESIAN_POINT ( 'NONE',  ( -2.245064030267287514, -1.265887499999999166, -2.245064030267289290 ) ) ;
#5254 = CARTESIAN_POINT ( 'NONE',  ( 3.048598448921566284, -4.467287415927495786, 0.8060499868459262141 ) ) ;
#5253 = CARTESIAN_POINT ( 'NONE',  ( 1.562839357923017536, -5.397399650373667868, -2.739219311920481292 ) ) ;
#5255 = CARTESIAN_POINT ( 'NONE',  ( 1.592043814660897949, -2.412429804370447517, -2.754850251084782986 ) ) ;
#5256 = CARTESIAN_POINT ( 'NONE',  ( -1.907824337038910079, 1.315296942635233224, 2.939968989771446495 ) ) ;
#5257 = CARTESIAN_POINT ( 'NONE',  ( 2.712091689914905235, -4.566326940312035454, 1.671545775806043910 ) ) ;
#5258 = EDGE_CURVE ( 'NONE', #1844, #3959, #2381, .T. ) ;
#5259 = CARTESIAN_POINT ( 'NONE',  ( -1.746943960583592581, -3.466162499999998037, 1.746943960583590361 ) ) ;
#5260 = CARTESIAN_POINT ( 'NONE',  ( -2.418535143449481062, -3.930828650219382769, 2.072972801658143904 ) ) ;
#5261 = DIRECTION ( 'NONE',  ( 0.000000000000000000, 1.000000000000000000, -7.703719777548943412E-32 ) ) ;
#5262 = CARTESIAN_POINT ( 'NONE',  ( 2.951036411345500543, 0.9632531356973795811, -2.337670217848670795 ) ) ;
#5263 = CARTESIAN_POINT ( 'NONE',  ( -1.004252934863322011, -6.729750113802089651, 3.015541882418920849 ) ) ;
#5264 = CARTESIAN_POINT ( 'NONE',  ( 2.470551841763084955, -3.893993749999997700, -1.023336079404098431 ) ) ;
#5265 = CARTESIAN_POINT ( 'NONE',  ( 1.023336079404099319, -5.727556249999997462, -2.470551841763084955 ) ) ;
#5266 = CARTESIAN_POINT ( 'NONE',  ( 3.056041308178069738, -2.618879972033759884, 0.8986102923304131185 ) ) ;
#5267 = CARTESIAN_POINT ( 'NONE',  ( 1.616309337261932377, -6.698683465740942644, 2.707497414063396057 ) ) ;
#5268 = CARTESIAN_POINT ( 'NONE',  ( 2.645998975893804062, -3.594454758724139776, 1.773892820762232425 ) ) ;
#5269 = CARTESIAN_POINT ( 'NONE',  ( 0.4843865680508641081, -6.604467278324665180, 3.108502306244823377 ) ) ;
#5270 = CARTESIAN_POINT ( 'NONE',  ( -8.411305411250775884E-15, -6.191049587359796824, -3.175000000000000266 ) ) ;
#5272 = CARTESIAN_POINT ( 'NONE',  ( -2.053585938956548951, -3.960285935970834892, 2.392934618036162586 ) ) ;
#5271 = CARTESIAN_POINT ( 'NONE',  ( -0.7863133909823498691, -6.255435996262439069, -3.054229078400801711 ) ) ;
#5273 = CARTESIAN_POINT ( 'NONE',  ( -2.063456890745890782, -2.878683304147174660, 2.426973264095896532 ) ) ;
#5274 = CARTESIAN_POINT ( 'NONE',  ( 3.172015890379307645, -5.466502948787058003, 0.1897453036205371812 ) ) ;
#5275 = CARTESIAN_POINT ( 'NONE',  ( -3.174999999999999822, -1.143649999999999611, -1.549017063184669745E-15 ) ) ;
#5277 = CARTESIAN_POINT ( 'NONE',  ( 0.8957051358874993374, -3.649803630865525950, 3.023371582173099537 ) ) ;
#5276 = CARTESIAN_POINT ( 'NONE',  ( -3.179220343913910618, -5.028883300908603360, -0.1982047257023507036 ) ) ;
#5278 = CARTESIAN_POINT ( 'NONE',  ( -1.746943960583592581, -4.444062499999998472, 1.746943960583590361 ) ) ;
#5279 = CARTESIAN_POINT ( 'NONE',  ( 0.000000000000000000, -2.000000000000000000, 2.168404344971008868E-15 ) ) ;
#5280 = CARTESIAN_POINT ( 'NONE',  ( 3.068826731139719488, -4.437973111697121276, -0.8546137302570551153 ) ) ;
#5281 = CARTESIAN_POINT ( 'NONE',  ( -1.033928862999106603E-15, -4.321824999999997807, 2.470551841763084511 ) ) ;
#5282 = EDGE_LOOP ( 'NONE', ( #4508, #822, #3558, #4917 ) ) ;
#5283 = CARTESIAN_POINT ( 'NONE',  ( -2.305343053764448591, -4.211129949365808756, -2.152321623531907591 ) ) ;
#5284 = APPROVAL_DATE_TIME ( #2921, #3489 ) ;
#5285 = CARTESIAN_POINT ( 'NONE',  ( -0.2068837814001565079, -5.254445158837206087, -3.174999999998636913 ) ) ;
#5286 = CARTESIAN_POINT ( 'NONE',  ( 1.407470537677486533, -4.306856978457292762, -2.853583788004525612 ) ) ;
#5287 = CARTESIAN_POINT ( 'NONE',  ( -1.746943960583592359, -7.255524999999997782, 1.746943960583590361 ) ) ;
#5288 = ORIENTED_EDGE ( 'NONE', *, *, #3231, .T. ) ;
#5289 = ADVANCED_FACE ( 'NONE', ( #3582, #5157 ), #3553, .T. ) ;
#5290 = CARTESIAN_POINT ( 'NONE',  ( -1.742423694189170424, -2.945738856620321755, 2.666588705522328961 ) ) ;
#5291 = CARTESIAN_POINT ( 'NONE',  ( 2.754479905154807007, -4.612739796784232738, 1.592643262584234831 ) ) ;
#5292 = CARTESIAN_POINT ( 'NONE',  ( 0.7499851721793181492, -3.657423792422127118, 3.063475005505097659 ) ) ;
#5293 = CARTESIAN_POINT ( 'NONE',  ( -2.865926713677469095, -6.818203935240304325, 1.391298736290883520 ) ) ;
#5294 = B_SPLINE_CURVE_WITH_KNOTS ( 'NONE', 3,
 ( #2735, #2762, #3935, #5263, #2709, #2242, #1482, #3529 ),
 .UNSPECIFIED., .F., .F.,
 ( 4, 2, 2, 4 ),
 ( 0.09611565102500677082, 0.09699726559593359332, 0.09743807288139699763, 0.09787888016686041581 ),
 .UNSPECIFIED. ) ;
#5295 = CARTESIAN_POINT ( 'NONE',  ( -2.853146182174345125, -5.874931504583631003, 1.408483067021100377 ) ) ;
#5296 = CIRCLE ( 'NONE', #4620, 3.174999999999999378 ) ;
#5298 = CARTESIAN_POINT ( 'NONE',  ( -2.523262103904997389, -3.216730848425385147, -1.891080003733298653 ) ) ;
#5297 = CARTESIAN_POINT ( 'NONE',  ( -2.496037005171169554, -6.138188910779711627, -1.978943835675841756 ) ) ;
#5299 = AXIS2_PLACEMENT_3D ( 'NONE', #2790, #2525, #63 ) ;
#5300 = CARTESIAN_POINT ( 'NONE',  ( -0.6678196713925399486, -2.764926868469756549, 3.115072964912027675 ) ) ;
#5301 = AXIS2_PLACEMENT_3D ( 'NONE', #243, #3144, #1016 ) ;
#5302 = CARTESIAN_POINT ( 'NONE',  ( -1.531284353327663217, -5.744946364928661175, 2.793452953899467239 ) ) ;
#5303 = CARTESIAN_POINT ( 'NONE',  ( 2.470551841763083178, -6.949931249999997895, 1.023336079404100207 ) ) ;
#5304 = ORIENTED_EDGE ( 'NONE', *, *, #3967, .F. ) ;
#5306 = CARTESIAN_POINT ( 'NONE',  ( -2.873134133491857423, -3.872398152693626638, 1.299599274975432595 ) ) ;
#5305 = CARTESIAN_POINT ( 'NONE',  ( -3.152112198628934436, -5.041341756038197452, -0.4587431825177786804 ) ) ;
#5307 = CARTESIAN_POINT ( 'NONE',  ( 2.470551841763085399, -6.949931249999997895, -1.023336079404098653 ) ) ;
#5308 = CARTESIAN_POINT ( 'NONE',  ( 2.393416998736536350, -2.411446507829597241, -2.096582652353824461 ) ) ;
#5309 = CARTESIAN_POINT ( 'NONE',  ( -3.117083296744330045, -4.937025931214125585, 0.6571856246138912949 ) ) ;
#5310 = CARTESIAN_POINT ( 'NONE',  ( 2.470551841763084955, -2.121549999999998271, 0.000000000000000000 ) ) ;
#5311 = EDGE_LOOP ( 'NONE', ( #5363, #4481, #801, #3062, #4047, #160, #2351, #2422, #5346, #375 ) ) ;
#5312 = CARTESIAN_POINT ( 'NONE',  ( -3.075233328808545608, -4.117852609011986686, -0.8301888162214843270 ) ) ;
#5313 = COORDINATED_UNIVERSAL_TIME_OFFSET ( 6, 0, .BEHIND. ) ;
#5314 = CARTESIAN_POINT ( 'NONE',  ( -2.755180813069180612, -6.079524608354165416, -1.591531090890056843 ) ) ;
#5315 = CARTESIAN_POINT ( 'NONE',  ( 2.754585356497039950, -4.397626381824985664, -1.592607860258053343 ) ) ;
#5316 = CARTESIAN_POINT ( 'NONE',  ( 1.023336079404099319, -6.705456249999998342, -2.470551841763084955 ) ) ;
#5317 = CARTESIAN_POINT ( 'NONE',  ( -2.844864343112790017, -3.172394540199503954, -1.432838988862005669 ) ) ;
#5318 = CARTESIAN_POINT ( 'NONE',  ( -1.023336079404097765, -5.727556249999997462, -2.470551841763085843 ) ) ;
#5319 = CARTESIAN_POINT ( 'NONE',  ( 2.523790033196258609, -4.633213696105460855, 1.937564444888432602 ) ) ;
#5320 = CARTESIAN_POINT ( 'NONE',  ( -0.02054672472975686837, -3.695098546830674291, 3.145987372249041680 ) ) ;
#5321 = CARTESIAN_POINT ( 'NONE',  ( -2.598109957353745170, -6.827695207208720696, 1.843653370226399080 ) ) ;
#5322 = EDGE_CURVE ( 'NONE', #4454, #4123, #877, .T. ) ;
#5323 = CARTESIAN_POINT ( 'NONE',  ( -1.405624722574555063, -5.773605261180916770, 2.854411742134542074 ) ) ;
#5324 = CARTESIAN_POINT ( 'NONE',  ( -3.074190509407069616, -2.126604418658191609, -0.8345629341995239869 ) ) ;
#5326 = CARTESIAN_POINT ( 'NONE',  ( 3.152726728010716961, -4.579992571465572482, -0.06267675379840162431 ) ) ;
#5325 = CARTESIAN_POINT ( 'NONE',  ( -1.514855629818606442, -6.200045603021252738, -2.802074550128943908 ) ) ;
#5327 = CARTESIAN_POINT ( 'NONE',  ( 0.8820311955757657030, -2.689552468727315571, 3.061045326532281230 ) ) ;
#5328 = CARTESIAN_POINT ( 'NONE',  ( -1.758861045226917330, -5.758168205463431555, 2.656023046959726575 ) ) ;
#5329 = CARTESIAN_POINT ( 'NONE',  ( -2.254960147887568933, -1.022064944831513111, 2.235124097547800393 ) ) ;
#5331 = CARTESIAN_POINT ( 'NONE',  ( -2.957443634276036626, -2.905795235195696602, 1.093855775035228906 ) ) ;
#5330 = CARTESIAN_POINT ( 'NONE',  ( -0.9174074085335904849, -5.219018961513792298, -3.050373502289909666 ) ) ;
#5332 = CARTESIAN_POINT ( 'NONE',  ( 1.023336079404099319, -5.849793749999999903, -2.470551841763085399 ) ) ;
#5333 = DIRECTION ( 'NONE',  ( -1.000000000000000000, -0.000000000000000000, 0.000000000000000000 ) ) ;
#5334 = CARTESIAN_POINT ( 'NONE',  ( -2.571910842424177446, -4.819743497161389278, 1.825761030611279923 ) ) ;
#5335 = CARTESIAN_POINT ( 'NONE',  ( 1.023336079404098431, -4.260706249999998363, 2.470551841763084067 ) ) ;
#5336 = ORIENTED_EDGE ( 'NONE', *, *, #3251, .F. ) ;
#5337 = EDGE_LOOP ( 'NONE', ( #1560, #3383 ) ) ;
#5338 = CARTESIAN_POINT ( 'NONE',  ( -2.326786758195988458, -4.159132049018992916, -2.175814213512472506 ) ) ;
#5339 = CARTESIAN_POINT ( 'NONE',  ( -1.935698403074426865, -6.139489736221978688, -2.525199453496946411 ) ) ;
#5340 = CARTESIAN_POINT ( 'NONE',  ( 2.522605739726900609, -4.582412838544921208, 1.939252869191114170 ) ) ;
#5341 = CARTESIAN_POINT ( 'NONE',  ( -2.470551841763084067, -7.438881249999998779, -1.023336079404099541 ) ) ;
#5342 = CARTESIAN_POINT ( 'NONE',  ( -2.501505082267766245, -2.994837299174275547, 1.972046919088898953 ) ) ;
#5343 = CARTESIAN_POINT ( 'NONE',  ( 2.470551841763085399, -2.060431249999997938, -1.023336079404098653 ) ) ;
#5344 = CARTESIAN_POINT ( 'NONE',  ( 0.2071055344930614051, -4.295790975451608595, -3.174999999998983746 ) ) ;
#5345 = CARTESIAN_POINT ( 'NONE',  ( 2.130795603679155992, -3.596318889895560922, 2.368132083389016262 ) ) ;
#5346 = ORIENTED_EDGE ( 'NONE', *, *, #41, .T. ) ;
#5347 = CARTESIAN_POINT ( 'NONE',  ( -1.168363488477157874, -6.686881307703917088, 2.929699116932566128 ) ) ;
#5348 = CARTESIAN_POINT ( 'NONE',  ( -3.073694788545711098, -4.081835402200724161, -0.8221087528493491448 ) ) ;
#5349 = CARTESIAN_POINT ( 'NONE',  ( -2.419929240648125646, -1.975070768752666295, 2.071676315974154470 ) ) ;
#5351 = CARTESIAN_POINT ( 'NONE',  ( -0.3844466542719089941, -4.319971150513528535, -3.129932624266072771 ) ) ;
#5350 = CARTESIAN_POINT ( 'NONE',  ( 0.3578977368992898311, -6.294597531742867069, -3.157362845519774197 ) ) ;
#5352 = CARTESIAN_POINT ( 'NONE',  ( 2.814856510775332055, -2.544969686760121697, 1.422519879465341752 ) ) ;
#5353 = CARTESIAN_POINT ( 'NONE',  ( 0.7475631602074631621, -5.630030242370637872, 3.088502757841668611 ) ) ;
#5354 = CARTESIAN_POINT ( 'NONE',  ( -1.746943960583590805, -7.499999999999998224, -1.746943960583592581 ) ) ;
#5355 = EDGE_CURVE ( 'NONE', #850, #5063, #1883, .T. ) ;
#5357 = CARTESIAN_POINT ( 'NONE',  ( 1.159379594822721238, -2.285854556992942488, -2.932530347210706712 ) ) ;
#5356 = CARTESIAN_POINT ( 'NONE',  ( 0.6142240671457362966, -5.293550713990761381, -3.125637295196980414 ) ) ;
#5358 = CARTESIAN_POINT ( 'NONE',  ( -1.033928862999106603E-15, -7.255524999999997782, 2.470551841763084511 ) ) ;
#5359 = CARTESIAN_POINT ( 'NONE',  ( 3.154816213170658301, -2.543571996045143724, 0.4142833591420023720 ) ) ;
#5360 = CARTESIAN_POINT ( 'NONE',  ( -0.6762214219802445969, -4.756826927005510797, 3.113042162981441763 ) ) ;
#5361 = CARTESIAN_POINT ( 'NONE',  ( -1.023336079404100651, -2.427143749999997269, 2.470551841763083178 ) ) ;
#5362 = CARTESIAN_POINT ( 'NONE',  ( -2.470551841763084067, -7.423029252832273883, -0.7579196461108335114 ) ) ;
#5363 = ORIENTED_EDGE ( 'NONE', *, *, #4805, .F. ) ;
#5365 = CARTESIAN_POINT ( 'NONE',  ( 0.06367785121810705384, -6.625075652085406830, 3.152674280893236869 ) ) ;
#5364 = CARTESIAN_POINT ( 'NONE',  ( -0.7879374930588902703, -4.299393939118013819, -3.045704320689913036 ) ) ;
#5366 = CARTESIAN_POINT ( 'NONE',  ( 1.935638417766706310, -6.577541523581118099, 2.525254177475580342 ) ) ;
#5367 = CARTESIAN_POINT ( 'NONE',  ( -3.012128003207724003, -4.968808321450875809, 1.024977437066185937 ) ) ;
#5368 = CARTESIAN_POINT ( 'NONE',  ( 2.391117464646107749, -4.367086835076520401, -2.099064914282581462 ) ) ;
#5369 = ORIENTED_EDGE ( 'NONE', *, *, #4643, .F. ) ;
#5370 = CARTESIAN_POINT ( 'NONE',  ( -2.786661035717505452, -2.984591444114117476, 1.543058384713628550 ) ) ;
#5371 = EDGE_LOOP ( 'NONE', ( #4929, #3738, #3747, #881 ) ) ;
#5372 = CARTESIAN_POINT ( 'NONE',  ( -1.754644849624134029, -1.511014983676849832, 1.739208973794256874 ) ) ;
ENDSEC;
END-ISO-10303-21;
