ISO-10303-21;
HEADER;
FILE_DESCRIPTION (( 'STEP AP203' ),
    '1' );
FILE_NAME ('1095K105_Zinc-Plated Steel Grease Fitting.STEP',
    '2026-01-03T23:20:07',
    ( 'McMaster Carr Supply' ),
    ( 'McMaster Carr Supply' ),
    'SwSTEP 2.0',
    'SolidWorks 2024',
    '' );
FILE_SCHEMA (( 'CONFIG_CONTROL_DESIGN' ));
ENDSEC;

DATA;
#1 = CARTESIAN_POINT ( 'NONE',  ( 2.749999999999998668, -2.000000000000000000, -4.763139720814413280 ) ) ;
#2 = CARTESIAN_POINT ( 'NONE',  ( -3.144543847555109739, -3.067685074068215112, -3.590222535603181164 ) ) ;
#3 = EDGE_LOOP ( 'NONE', ( #1876, #1462, #221 ) ) ;
#4 = CARTESIAN_POINT ( 'NONE',  ( -2.367245500183265516, -5.746197999191925199, -4.145459283492083813 ) ) ;
#5 = CARTESIAN_POINT ( 'NONE',  ( 1.588108772276521030, -1.910175994861744719, -5.433957933909630000 ) ) ;
#6 = CONICAL_SURFACE ( 'NONE', #3074, 5.499999999999999112, 1.047197551196600074 ) ;
#7 = LINE ( 'NONE', #4198, #3985 ) ;
#8 = CARTESIAN_POINT ( 'NONE',  ( 2.408252112346567220, -2.656634751341254930, 4.062347521231935765 ) ) ;
#9 = CARTESIAN_POINT ( 'NONE',  ( -3.918038746913496961, -2.456651296175530241, -4.798213610342920265E-16 ) ) ;
#10 = CONICAL_SURFACE ( 'NONE', #4556, 4.762500000000000178, 1.082104136236486269 ) ;
#11 = CARTESIAN_POINT ( 'NONE',  ( 2.392351606407590481, -2.569925486865162423, 4.129708493242960188 ) ) ;
#12 =( BOUNDED_SURFACE ( )  B_SPLINE_SURFACE ( 3, 2, ( 
 ( #2256, #3000, #174 ),
 ( #1684, #1432, #1019 ),
 ( #1848, #3109, #4782 ),
 ( #1270, #2532, #452 ),
 ( #2693, #4370, #612 ),
 ( #2941, #274, #4806 ),
 ( #4395, #4858, #4009 ),
 ( #1043, #301, #684 ),
 ( #1950, #2717, #1099 ),
 ( #3622, #4908, #1898 ),
 ( #5243, #636, #5292 ),
 ( #4493, #4086, #325 ),
 ( #2815, #4033, #2740 ),
 ( #2306, #3134, #3983 ),
 ( #2789, #1536, #226 ),
 ( #1071, #3575, #3648 ),
 ( #1484, #708, #2766 ),
 ( #1148, #4419, #3160 ),
 ( #4832, #661, #1461 ),
 ( #3213, #4882, #1122 ),
 ( #4469, #2331, #4444 ),
 ( #251, #1923, #2382 ),
 ( #2354, #3599, #5269 ),
 ( #1511, #736, #3548 ),
 ( #3187, #4059, #2409 ),
 ( #5221, #1975, #5315 ),
 ( #1561, #3236, #4605 ),
 ( #2547, #5367, #5341 ),
 ( #2106, #3671, #4990 ),
 ( #1670, #3347, #1227 ),
 ( #4547, #815, #2054 ),
 ( #870, #2491, #436 ),
 ( #3376, #2898, #354 ),
 ( #4166, #5016, #841 ),
 ( #1254, #1587, #4963 ),
 ( #4223, #2928, #382 ),
 ( #2519, #3264, #408 ),
 ( #2956, #2842, #3321 ),
 ( #3292, #4935, #4193 ),
 ( #2077, #3754, #1174 ),
 ( #1998, #2, #5046 ),
 ( #2870, #1201, #3782 ),
 ( #28, #4631, #4520 ),
 ( #1282, #1697, #4574 ),
 ( #761, #2435, #4111 ),
 ( #2026, #3699, #1618 ),
 ( #1644, #788, #2463 ),
 ( #4138, #3727, #5394 ),
 ( #2249, #3513, #5101 ),
 ( #1369, #55, #1725 ),
 ( #3014, #4308, #3897 ),
 ( #551, #4773, #2218 ),
 ( #4690, #3404, #5073 ),
 ( #983, #3460, #925 ),
 ( #3044, #3812, #3100 ),
 ( #4251, #2605, #1812 ),
 ( #1310, #1011, #3485 ),
 ( #4337, #4278, #2985 ),
 ( #2632, #519, #3839 ),
 ( #581, #2189, #3868 ),
 ( #492, #4658, #897 ),
 ( #140, #1342, #3432 ),
 ( #4716, #5156, #1425 ),
 ( #2686, #2576, #5187 ) ),
 .UNSPECIFIED., .F., .F., .F. ) 
 B_SPLINE_SURFACE_WITH_KNOTS ( ( 4, 2, 2, 2, 2, 2, 2, 2, 2, 2, 2, 2, 2, 2, 2, 2, 2, 2, 2, 2, 2, 2, 2, 2, 2, 2, 2, 2, 2, 2, 2, 4 ),
 ( 3, 3 ),
 ( 1.734723475976807094E-18, 0.0009118251855699583850, 0.001823650371139915035, 0.002735475556709871577, 0.003647300742279828336, 0.004559125927849784661, 0.005470951113419741420, 0.006382776298989698179, 0.007294601484559654937, 0.008206426670129610829, 0.009118251855699567587, 0.01003007704126952435, 0.01094190222683948110, 0.01185372741240943786, 0.01276555259797939462, 0.01367737778354935138, 0.01458920296911930814, 0.01550102815468926490, 0.01641285334025922166, 0.01732467852582917842, 0.01823650371139913517, 0.01914832889696909193, 0.02006015408253904869, 0.02097197926810900545, 0.02188380445367896221, 0.02279562963924891897, 0.02370745482481887573, 0.02461928001038883249, 0.02553110519595878924, 0.02644293038152874600, 0.02735475556709870276, 0.02917840593823861628 ),
 ( 0.000000000000000000, 1.000000000000000000 ),
 .UNSPECIFIED. ) 
 GEOMETRIC_REPRESENTATION_ITEM ( )  RATIONAL_B_SPLINE_SURFACE ( (
 ( 1.000000000000000000, 0.8548157484951702800, 1.000000000000000000),
 ( 1.000000000000000000, 0.8548105661690559298, 1.000000000000000000),
 ( 1.000000000000000000, 0.8548064086887852131, 1.000000000000000000),
 ( 1.000000000000000000, 0.8548007893426401438, 1.000000000000000000),
 ( 1.000000000000000000, 0.8547993005166446556, 1.000000000000000000),
 ( 1.000000000000000000, 0.8547992973597514643, 1.000000000000000000),
 ( 1.000000000000000000, 0.8548007448474049808, 1.000000000000000000),
 ( 1.000000000000000000, 0.8548063504873492091, 1.000000000000000000),
 ( 1.000000000000000000, 0.8548117015614750125, 1.000000000000000000),
 ( 1.000000000000000000, 0.8548198103543466209, 1.000000000000000000),
 ( 1.000000000000000000, 0.8548064482534682984, 1.000000000000000000),
 ( 1.000000000000000000, 0.8548007710882710164, 1.000000000000000000),
 ( 1.000000000000000000, 0.8547993067901465958, 1.000000000000000000),
 ( 1.000000000000000000, 0.8547992911478831113, 1.000000000000000000),
 ( 1.000000000000000000, 0.8548007342279048126, 1.000000000000000000),
 ( 1.000000000000000000, 0.8548063891340281772, 1.000000000000000000),
 ( 1.000000000000000000, 0.8548105260800554772, 1.000000000000000000),
 ( 1.000000000000000000, 0.8548208876318542648, 1.000000000000000000),
 ( 1.000000000000000000, 0.8548064117515745686, 1.000000000000000000),
 ( 1.000000000000000000, 0.8548007751826174339, 1.000000000000000000),
 ( 1.000000000000000000, 0.8547993139381629968, 1.000000000000000000),
 ( 1.000000000000000000, 0.8547992841654795670, 1.000000000000000000),
 ( 1.000000000000000000, 0.8548007570756983586, 1.000000000000000000),
 ( 1.000000000000000000, 0.8548063514256420969, 1.000000000000000000),
 ( 1.000000000000000000, 0.8548104649216932138, 1.000000000000000000),
 ( 1.000000000000000000, 0.8548209480791142401, 1.000000000000000000),
 ( 1.000000000000000000, 0.8548064320849180220, 1.000000000000000000),
 ( 1.000000000000000000, 0.8548008023789226417, 1.000000000000000000),
 ( 1.000000000000000000, 0.8547993075366630000, 1.000000000000000000),
 ( 1.000000000000000000, 0.8547992904129678715, 1.000000000000000000),
 ( 1.000000000000000000, 0.8548007335940516205, 1.000000000000000000),
 ( 1.000000000000000000, 0.8548063236256701058, 1.000000000000000000),
 ( 1.000000000000000000, 0.8548105337909246426, 1.000000000000000000),
 ( 1.000000000000000000, 0.8548209087779354842, 1.000000000000000000),
 ( 1.000000000000000000, 0.8548064731515119252, 1.000000000000000000),
 ( 1.000000000000000000, 0.8548007886954793744, 1.000000000000000000),
 ( 1.000000000000000000, 0.8547993130235994608, 1.000000000000000000),
 ( 1.000000000000000000, 0.8547992850552906807, 1.000000000000000000),
 ( 1.000000000000000000, 0.8548007159129320520, 1.000000000000000000),
 ( 1.000000000000000000, 0.8548063636870124604, 1.000000000000000000),
 ( 1.000000000000000000, 0.8548104984014672780, 1.000000000000000000),
 ( 1.000000000000000000, 0.8548208471386813390, 1.000000000000000000),
 ( 1.000000000000000000, 0.8548064397474052223, 1.000000000000000000),
 ( 1.000000000000000000, 0.8548007865308643316, 1.000000000000000000),
 ( 1.000000000000000000, 0.8547993208507329577, 1.000000000000000000),
 ( 1.000000000000000000, 0.8547992775108335106, 1.000000000000000000),
 ( 1.000000000000000000, 0.8548007436923733549, 1.000000000000000000),
 ( 1.000000000000000000, 0.8548063282218357761, 1.000000000000000000),
 ( 1.000000000000000000, 0.8548104358243787670, 1.000000000000000000),
 ( 1.000000000000000000, 0.8548208946765293303, 1.000000000000000000),
 ( 1.000000000000000000, 0.8548064556696046701, 1.000000000000000000),
 ( 1.000000000000000000, 0.8548008152628239209, 1.000000000000000000),
 ( 1.000000000000000000, 0.8547993147825151405, 1.000000000000000000),
 ( 1.000000000000000000, 0.8547992833460767992, 1.000000000000000000),
 ( 1.000000000000000000, 0.8548007223201153915, 1.000000000000000000),
 ( 1.000000000000000000, 0.8548062972390216840, 1.000000000000000000),
 ( 1.000000000000000000, 0.8548105004417274611, 1.000000000000000000),
 ( 1.000000000000000000, 0.8548208721034540325, 1.000000000000000000),
 ( 1.000000000000000000, 0.8548064978189344743, 1.000000000000000000),
 ( 1.000000000000000000, 0.8548008059397484981, 1.000000000000000000),
 ( 1.000000000000000000, 0.8547993193160584591, 1.000000000000000000),
 ( 1.000000000000000000, 0.8547992588180344242, 1.000000000000000000),
 ( 1.000000000000000000, 0.8548051485233890689, 1.000000000000000000),
 ( 1.000000000000000000, 0.8548157496300697877, 1.000000000000000000) ) ) 
 REPRESENTATION_ITEM ( '' )  SURFACE ( )  );
#13 = DIRECTION ( 'NONE',  ( -0.000000000000000000, 1.000000000000000000, -0.000000000000000000 ) ) ;
#14 = CARTESIAN_POINT ( 'NONE',  ( 0.6284696214988726437, -5.252212543034752379, 4.762493788264560379 ) ) ;
#15 = CARTESIAN_POINT ( 'NONE',  ( 0.6265076288275804872, -4.570240922615868229, -4.731343725617916718 ) ) ;
#16 = CARTESIAN_POINT ( 'NONE',  ( 5.951011859767828868E-16, -2.004505671772412789, -4.762500000000000178 ) ) ;
#17 = CARTESIAN_POINT ( 'NONE',  ( -2.481920370813905929, -1.134202793940001230, -3.103228277498833343 ) ) ;
#18 = CARTESIAN_POINT ( 'NONE',  ( -4.282162956290862077, -3.147807224395355430, -2.107550240838325539 ) ) ;
#19 = CARTESIAN_POINT ( 'NONE',  ( -4.762500000000000178, -5.674374999999999503, -1.972692090801865916 ) ) ;
#20 = CARTESIAN_POINT ( 'NONE',  ( -0.6098962859259797753, -3.160395187395228067, -4.679203317588492617 ) ) ;
#21 = CARTESIAN_POINT ( 'NONE',  ( 4.278539338247270507, -6.169767603195743355, -1.990824512823093029 ) ) ;
#22 = DIRECTION ( 'NONE',  ( 1.000000000000000000, 0.000000000000000000, 1.224646799147353207E-16 ) ) ;
#23 = ORIENTED_EDGE ( 'NONE', *, *, #4389, .F. ) ;
#24 = CARTESIAN_POINT ( 'NONE',  ( -4.609311970239446055, -5.586618728024073555, -1.238486362593716361 ) ) ;
#25 = CARTESIAN_POINT ( 'NONE',  ( 4.762500000000000178, -3.451875000000000693, -1.972692090801865472 ) ) ;
#26 = CARTESIAN_POINT ( 'NONE',  ( -3.111671043611105247, -4.181750006761411065, 3.547286275115919096 ) ) ;
#27 = CARTESIAN_POINT ( 'NONE',  ( -1.221018430994794679, -1.999999999999943157, -4.609175894685841435 ) ) ;
#28 = CARTESIAN_POINT ( 'NONE',  ( -3.786805439636428350, -3.090159975365883049, -2.904934292117549610 ) ) ;
#29 = EDGE_CURVE ( 'NONE', #1554, #175, #409, .T. ) ;
#30 = CARTESIAN_POINT ( 'NONE',  ( 1.217374619337719510, -6.308643210231229759, 4.558876373566891793 ) ) ;
#31 = ORIENTED_EDGE ( 'NONE', *, *, #1517, .F. ) ;
#32 = CARTESIAN_POINT ( 'NONE',  ( -3.171789312659174964, -5.764968875653510239, -3.567990801460121819 ) ) ;
#33 = CARTESIAN_POINT ( 'NONE',  ( -0.9937924997950106087, -2.000000000000000000, -4.657658501581154908 ) ) ;
#34 = AXIS2_PLACEMENT_3D ( 'NONE', #981, #2631, #81 ) ;
#35 = FACE_OUTER_BOUND ( 'NONE', #3503, .T. ) ;
#36 = LINE ( 'NONE', #5023, #2282 ) ;
#37 = CARTESIAN_POINT ( 'NONE',  ( 0.5030908046196524985, -6.466098619679305770, 4.738676662019249086 ) ) ;
#38 = CARTESIAN_POINT ( 'NONE',  ( -3.918038746913496961, -3.806026296175529566, -1.622904786874857175 ) ) ;
#39 = CIRCLE ( 'NONE', #5208, 1.957629832425594740 ) ;
#40 = CARTESIAN_POINT ( 'NONE',  ( 4.762791980745512355, -2.371594331921045740, 0.3067133483976035024 ) ) ;
#41 = CARTESIAN_POINT ( 'NONE',  ( -1.450176280996375701E-11, -4.581744328227002505, -4.762500000000000178 ) ) ;
#42 = CARTESIAN_POINT ( 'NONE',  ( 4.470177657896952539, -5.053569330000400761, 1.511426252052785912 ) ) ;
#43 = DIRECTION ( 'NONE',  ( -0.000000000000000000, 1.000000000000000000, 1.111353676405166014E-16 ) ) ;
#44 = CARTESIAN_POINT ( 'NONE',  ( 2.333582165701389692E-16, -5.137804509500275785, -3.811028889841740597 ) ) ;
#45 = CARTESIAN_POINT ( 'NONE',  ( 0.3117288303862318366, -3.324290427872360620, -4.762444876192123644 ) ) ;
#46 = DIRECTION ( 'NONE',  ( 0.000000000000000000, 2.668805347656624706E-16, -1.000000000000000000 ) ) ;
#47 = CARTESIAN_POINT ( 'NONE',  ( -3.108132948623582248, -3.039695511354991275, -3.550358539342857611 ) ) ;
#48 = LINE ( 'NONE', #2652, #293 ) ;
#49 = CARTESIAN_POINT ( 'NONE',  ( 3.591171536906921702, -2.468023948849502158, 3.143696676780812105 ) ) ;
#50 = ORIENTED_EDGE ( 'NONE', *, *, #130, .T. ) ;
#51 = CARTESIAN_POINT ( 'NONE',  ( 1.622904786874855176, -2.853526296175527222, -3.918038746913490744 ) ) ;
#52 = CARTESIAN_POINT ( 'NONE',  ( 4.762500000000000178, -4.801250000000000462, 0.000000000000000000 ) ) ;
#53 = FACE_OUTER_BOUND ( 'NONE', #1398, .T. ) ;
#54 = CARTESIAN_POINT ( 'NONE',  ( 4.519744357909573296, -6.066282851646557894, -1.533159637549616594 ) ) ;
#55 = CARTESIAN_POINT ( 'NONE',  ( -4.762830429892786377, -2.883816443087068748, 0.3088654935714841843 ) ) ;
#56 = CARTESIAN_POINT ( 'NONE',  ( 3.150095191021493601, -6.303140767057145766, 3.585367424164027206 ) ) ;
#57 = ORIENTED_EDGE ( 'NONE', *, *, #3388, .F. ) ;
#58 = CARTESIAN_POINT ( 'NONE',  ( 0.1518341880581300929, -5.946863974928022323, -4.717493444521886126 ) ) ;
#59 = CARTESIAN_POINT ( 'NONE',  ( -2.476932355874092551, -2.484584954872262497, -2.954801721179532326 ) ) ;
#60 = EDGE_CURVE ( 'NONE', #2158, #3746, #5342, .T. ) ;
#61 = CARTESIAN_POINT ( 'NONE',  ( 0.002507410479071959901, -6.449404760035468698, 4.762499339936194787 ) ) ;
#62 = CARTESIAN_POINT ( 'NONE',  ( -4.371833965118157472, -6.601361975350562794, 1.748810975667089096 ) ) ;
#63 = CARTESIAN_POINT ( 'NONE',  ( 2.789380589375091812, -6.359691479114733426, 3.873997468166575420 ) ) ;
#64 = CARTESIAN_POINT ( 'NONE',  ( -2.770471766894177623, -4.837901296175530774, 2.770471766894176735 ) ) ;
#65 = EDGE_CURVE ( 'NONE', #589, #583, #2305, .T. ) ;
#66 = CARTESIAN_POINT ( 'NONE',  ( 4.557283739144899926, -6.095581318187075937, 1.224125148463246715 ) ) ;
#67 = CARTESIAN_POINT ( 'NONE',  ( 2.389745299889502572, -5.110057884673649298, 4.131361326214679330 ) ) ;
#68 = CARTESIAN_POINT ( 'NONE',  ( 1.451719246313554741E-11, -4.544505671772997246, -4.762500000000000178 ) ) ;
#69 = DIRECTION ( 'NONE',  ( 0.000000000000000000, 1.000000000000000000, 3.921717058577609625E-16 ) ) ;
#70 = CARTESIAN_POINT ( 'NONE',  ( 2.694804371304934776, -5.296554509500277064, -2.694804371304934332 ) ) ;
#71 = CARTESIAN_POINT ( 'NONE',  ( 4.281953237923853628, -3.782833130765446583, 2.108107218857715459 ) ) ;
#72 = CARTESIAN_POINT ( 'NONE',  ( 4.762499999999999289, -5.039374999999999716, 1.972692090801868581 ) ) ;
#73 = CARTESIAN_POINT ( 'NONE',  ( 0.3100749987966300858, -4.556985243654474438, -4.762552804497497405 ) ) ;
#74 = CARTESIAN_POINT ( 'NONE',  ( 0.6157724439240871428, -3.795140333588495452, 4.678271961337961748 ) ) ;
#75 = CARTESIAN_POINT ( 'NONE',  ( -3.416315769685314141, -7.417049726133459586, 1.908425808717744587 ) ) ;
#76 = ORIENTED_EDGE ( 'NONE', *, *, #4508, .F. ) ;
#77 = CARTESIAN_POINT ( 'NONE',  ( -1.622904786874854510, -5.234776296175526866, -3.918038746913490744 ) ) ;
#78 = B_SPLINE_CURVE_WITH_KNOTS ( 'NONE', 3,
 ( #1062, #3974, #2372, #3177, #5212, #242 ),
 .UNSPECIFIED., .F., .F.,
 ( 4, 2, 4 ),
 ( 0.009189667672849177738, 0.01079868210958701870, 0.01240769654632485966 ),
 .UNSPECIFIED. ) ;
#79 = CARTESIAN_POINT ( 'NONE',  ( 4.762499999999999289, -6.150624999999999787, 1.972692090801868581 ) ) ;
#80 = CARTESIAN_POINT ( 'NONE',  ( -0.6156633595580367491, -4.061105043375317081, 4.678282834454302375 ) ) ;
#81 = DIRECTION ( 'NONE',  ( 0.000000000000000000, 0.000000000000000000, 1.000000000000000000 ) ) ;
#82 = CARTESIAN_POINT ( 'NONE',  ( -4.585984043603931859, -6.622831849658521008, 1.038389946601163905 ) ) ;
#83 = CARTESIAN_POINT ( 'NONE',  ( 3.112525457007767837, -5.871962324578984926, -3.546845657938758389 ) ) ;
#84 = ORIENTED_EDGE ( 'NONE', *, *, #4289, .F. ) ;
#85 = CARTESIAN_POINT ( 'NONE',  ( 3.162779898105144927, -5.998710675700245076, -3.575708656228726134 ) ) ;
#86 = CARTESIAN_POINT ( 'NONE',  ( -3.411307809069699104, -2.482701539997619999, -1.804308685590559236 ) ) ;
#87 = CARTESIAN_POINT ( 'NONE',  ( 0.0008357808588867331624, -5.179472031776443330, 4.762500000000000178 ) ) ;
#88 = CARTESIAN_POINT ( 'NONE',  ( -0.4487403829899220264, -1.658339941539923812, 6.091772580170395024 ) ) ;
#89 = ORIENTED_EDGE ( 'NONE', *, *, #60, .F. ) ;
#90 = ADVANCED_FACE ( 'NONE', ( #3214, #302 ), #4035, .T. ) ;
#91 = CARTESIAN_POINT ( 'NONE',  ( 1.622904786874857841, -2.059776296175530597, 3.918038746913496073 ) ) ;
#92 = AXIS2_PLACEMENT_3D ( 'NONE', #4187, #430, #5333 ) ;
#93 = CARTESIAN_POINT ( 'NONE',  ( 2.399106805171460132E-16, -6.584151296175529744, -3.918038746913496961 ) ) ;
#94 = VECTOR ( 'NONE', #2255, 1000.000000000000000 ) ;
#95 = CARTESIAN_POINT ( 'NONE',  ( -0.3122696778592035649, -5.103422909687295395, 4.708564596916352762 ) ) ;
#96 = CARTESIAN_POINT ( 'NONE',  ( 3.584912238404536655, -3.482859264479548411, -3.150584716029826371 ) ) ;
#97 = CARTESIAN_POINT ( 'NONE',  ( 2.904930756441121087, -5.046365348350737356, 3.786769871860682812 ) ) ;
#98 = ORIENTED_EDGE ( 'NONE', *, *, #3959, .F. ) ;
#99 = AXIS2_PLACEMENT_3D ( 'NONE', #159, #4216, #458 ) ;
#100 = EDGE_CURVE ( 'NONE', #3135, #2429, #5316, .T. ) ;
#101 = CARTESIAN_POINT ( 'NONE',  ( 2.694804371304934332, -1.804054509500276904, 2.694804371304935664 ) ) ;
#102 = CARTESIAN_POINT ( 'NONE',  ( 4.732145672936178826, -3.715453189485312890, 0.6200022344993348922 ) ) ;
#103 = CARTESIAN_POINT ( 'NONE',  ( 1.972692090801865916, -0.9118749999999994360, -4.762500000000000178 ) ) ;
#104 = CARTESIAN_POINT ( 'NONE',  ( 4.520457094033069723, -4.735610385608038264, -1.531063271889161026 ) ) ;
#105 = CARTESIAN_POINT ( 'NONE',  ( 4.466847333361545047, -3.569176036949098574, 1.520717082167585499 ) ) ;
#106 = CARTESIAN_POINT ( 'NONE',  ( -3.790034454458625746, -7.445335604337966373, 0.7810678395588508405 ) ) ;
#107 = ORIENTED_EDGE ( 'NONE', *, *, #1434, .F. ) ;
#108 = CARTESIAN_POINT ( 'NONE',  ( 4.610267628328412748, -3.644244708946566824, 1.234942586521453389 ) ) ;
#109 = FACE_OUTER_BOUND ( 'NONE', #2550, .T. ) ;
#110 = CARTESIAN_POINT ( 'NONE',  ( -3.148176689183111332, -4.153763462672965368, 3.587057337451426520 ) ) ;
#111 = CARTESIAN_POINT ( 'NONE',  ( 2.107648209992115884, -4.674545387082322812, -4.281987155640520903 ) ) ;
#112 = CARTESIAN_POINT ( 'NONE',  ( -4.371833965118157472, -6.601361975350562794, 1.748810975667089096 ) ) ;
#113 = CARTESIAN_POINT ( 'NONE',  ( 1.535223154121380329, -5.819579188308987128, -4.519085218157165684 ) ) ;
#114 = EDGE_LOOP ( 'NONE', ( #2047, #5159, #5056, #2627 ) ) ;
#115 = CARTESIAN_POINT ( 'NONE',  ( -2.997524282398036366, -5.445627820201531577, 3.634921521635785968 ) ) ;
#116 = CARTESIAN_POINT ( 'NONE',  ( -4.132405527125441402, -5.603597782594095023, -2.387833173383635987 ) ) ;
#117 = CARTESIAN_POINT ( 'NONE',  ( -3.145575972866246239, -4.398388306173931284, -3.589307955475744105 ) ) ;
#118 = CARTESIAN_POINT ( 'NONE',  ( 1.947188410644291479E-16, 6.000000000000007994, -1.590000000000000080 ) ) ;
#119 = EDGE_LOOP ( 'NONE', ( #5189, #3406 ) ) ;
#120 = CARTESIAN_POINT ( 'NONE',  ( 3.918038746913496073, -3.171026296175530224, 1.622904786874859839 ) ) ;
#121 = AXIS2_PLACEMENT_3D ( 'NONE', #1510, #660, #3132 ) ;
#122 = CARTESIAN_POINT ( 'NONE',  ( -1.622904786874856953, -6.504776296175530881, -3.918038746913496961 ) ) ;
#123 = CARTESIAN_POINT ( 'NONE',  ( 0.000000000000000000, 3.196031326221389079, -2.695916926119900303 ) ) ;
#124 = CARTESIAN_POINT ( 'NONE',  ( -2.376583838777910795, -1.935517355791991356, -4.127136477905674283 ) ) ;
#125 = CARTESIAN_POINT ( 'NONE',  ( 4.281209776413868795, -4.769117907416633884, -2.109481070169866079 ) ) ;
#126 = CIRCLE ( 'NONE', #1788, 2.695916926119901191 ) ;
#127 = CARTESIAN_POINT ( 'NONE',  ( 2.694804371304934332, -5.614054509500276957, 2.694804371304935664 ) ) ;
#128 = CARTESIAN_POINT ( 'NONE',  ( 4.133100742434827168, -3.522712092326537814, -2.386632914364201774 ) ) ;
#129 = CARTESIAN_POINT ( 'NONE',  ( 1.972692090801865916, -3.451874999999999805, -4.762500000000000178 ) ) ;
#130 = EDGE_CURVE ( 'NONE', #1313, #1811, #3555, .T. ) ;
#131 = CARTESIAN_POINT ( 'NONE',  ( -4.517377647538523000, -4.232302822575417345, -1.540073797638660258 ) ) ;
#132 = CARTESIAN_POINT ( 'NONE',  ( 2.086880120427382135, -3.727749539415651903, 4.232192612269032317 ) ) ;
#133 = CARTESIAN_POINT ( 'NONE',  ( 2.904478225063815255, -2.137638143009612968, -3.787014384962808844 ) ) ;
#134 = AXIS2_PLACEMENT_3D ( 'NONE', #451, #5086, #394 ) ;
#135 = ORIENTED_EDGE ( 'NONE', *, *, #5094, .T. ) ;
#136 = CARTESIAN_POINT ( 'NONE',  ( -3.559370600013335384, -7.391961253279277777, -1.637653368108219043 ) ) ;
#137 = CARTESIAN_POINT ( 'NONE',  ( -0.1955091358428882320, -1.907688383546504385, -4.704581722894066509 ) ) ;
#138 = CARTESIAN_POINT ( 'NONE',  ( -4.610367207934694456, -4.212021788307191095, 1.234573874745511723 ) ) ;
#139 = DIRECTION ( 'NONE',  ( 0.000000000000000000, 0.000000000000000000, -1.000000000000000000 ) ) ;
#140 = CARTESIAN_POINT ( 'NONE',  ( -1.251826488368118273, -2.691984151250713886, 4.636730713589148678 ) ) ;
#141 = CARTESIAN_POINT ( 'NONE',  ( 4.558503771388759063, -5.991068574125003821, -1.219054172027101757 ) ) ;
#142 = ORIENTED_EDGE ( 'NONE', *, *, #5088, .F. ) ;
#143 = CARTESIAN_POINT ( 'NONE',  ( -4.713555310757624461, -5.613052374514614584, 0.2473680734669482240 ) ) ;
#144 = CARTESIAN_POINT ( 'NONE',  ( -1.874947764431451613, -2.469254990220305146, -3.397176576050661811 ) ) ;
#145 = CARTESIAN_POINT ( 'NONE',  ( 0.000000000000000000, 7.500000000000000000, 2.755455298081544383E-15 ) ) ;
#146 = CARTESIAN_POINT ( 'NONE',  ( -2.282185778941304033, -1.988388889991861141, 5.033232387273385733 ) ) ;
#147 = CARTESIAN_POINT ( 'NONE',  ( -0.6829450479592568124, -6.555342537093126865, 4.706299560091276923 ) ) ;
#148 = CARTESIAN_POINT ( 'NONE',  ( -1.595632989226606346, -6.616291230649535393, 4.487245131984240132 ) ) ;
#149 = CARTESIAN_POINT ( 'NONE',  ( 3.918038746913496961, -5.631651296175530064, 0.000000000000000000 ) ) ;
#150 = B_SPLINE_CURVE_WITH_KNOTS ( 'NONE', 3,
 ( #4989, #1669, #1617, #5393, #4962, #1643, #1200, #1253, #4604, #3320, #3670, #1996, #2518, #4192, #2869, #3263, #435, #1695, #381, #5340, #1586, #2053, #4907, #4307, #1753, #2162, #4715, #1280, #111, #4630, #4335, #4222, #4689, #3838 ),
 .UNSPECIFIED., .F., .F.,
 ( 4, 2, 2, 2, 2, 2, 2, 2, 2, 2, 2, 2, 2, 2, 2, 2, 4 ),
 ( 2.429906637911003478E-06, 0.0009421270145499011745, 0.001881824122461891362, 0.002821521230373881441, 0.003761218338285871737, 0.004700915446197862467, 0.005640612554109852329, 0.006580309662021843059, 0.007520006769933832921, 0.008459703877845822784, 0.009399400985757812646, 0.01033909809366980251, 0.01127879520158179237, 0.01221849230949378223, 0.01315818941740577383, 0.01409788652531776369, 0.01503758363322975355 ),
 .UNSPECIFIED. ) ;
#151 = CYLINDRICAL_SURFACE ( 'NONE', #422, 0.7500000000000001110 ) ;
#152 = CARTESIAN_POINT ( 'NONE',  ( 3.589746082403211691, -3.775336631597085546, 3.145134781829979964 ) ) ;
#153 = CARTESIAN_POINT ( 'NONE',  ( -2.694804371304935664, -2.121554509500276797, 2.694804371304934332 ) ) ;
#154 = CARTESIAN_POINT ( 'NONE',  ( 4.229237917373815492, -3.624786955563487734, -2.092785119322269960 ) ) ;
#155 = CARTESIAN_POINT ( 'NONE',  ( -3.367596045400933491, -2.896249999999999325, 3.367596045400932603 ) ) ;
#156 = CARTESIAN_POINT ( 'NONE',  ( -4.762328943857361274, -4.239744622246172767, -0.3164266705160320714 ) ) ;
#157 = CARTESIAN_POINT ( 'NONE',  ( -1.735450164686332286, -2.449008012938763468, -3.512725487168854688 ) ) ;
#158 = CARTESIAN_POINT ( 'NONE',  ( 4.239765368242453647, -7.056229136012502678, -0.4418989044515392872 ) ) ;
#159 = CARTESIAN_POINT ( 'NONE',  ( 0.000000000000000000, 4.067719139822249197, 1.734723475976807094E-15 ) ) ;
#160 = APPROVAL ( #212, 'UNSPECIFIED' ) ;
#161 = EDGE_LOOP ( 'NONE', ( #5346, #982, #985, #4901 ) ) ;
#162 = CARTESIAN_POINT ( 'NONE',  ( -0.3170253853307286040, -5.229501837142515264, 4.762338157167838482 ) ) ;
#163 = CARTESIAN_POINT ( 'NONE',  ( -2.110092251702819777, -4.488802268717744681, -4.280951352425281797 ) ) ;
#164 = CARTESIAN_POINT ( 'NONE',  ( -1.812961561257185883, -2.000000000000002665, -5.304139115663601522 ) ) ;
#165 = CARTESIAN_POINT ( 'NONE',  ( -4.660591584349271344, -6.643932104120179538, 0.2926085134814621069 ) ) ;
#166 = CARTESIAN_POINT ( 'NONE',  ( 4.234296969100177499, -5.950460522888205261, -2.082567476556498764 ) ) ;
#167 = EDGE_CURVE ( 'NONE', #5133, #2079, #2367, .T. ) ;
#168 = ORIENTED_EDGE ( 'NONE', *, *, #3277, .F. ) ;
#169 = ORIENTED_EDGE ( 'NONE', *, *, #1207, .T. ) ;
#170 = CARTESIAN_POINT ( 'NONE',  ( -2.476133579919758798, -5.417951606818482091, 4.018040024666778010 ) ) ;
#171 = CARTESIAN_POINT ( 'NONE',  ( -3.546257884478566158, -4.206758449498477326, 3.112840181823669727 ) ) ;
#172 = CARTESIAN_POINT ( 'NONE',  ( 0.001671600918433033701, -6.449438393863942132, 4.762499779981956394 ) ) ;
#173 = DIRECTION ( 'NONE',  ( -0.000000000000000000, 1.000000000000000000, 1.111353676405166014E-16 ) ) ;
#174 = CARTESIAN_POINT ( 'NONE',  ( -0.001230575016568283449, -3.820764113462334244, 4.708643241721737205 ) ) ;
#175 = VERTEX_POINT ( 'NONE', #4606 ) ;
#176 = CARTESIAN_POINT ( 'NONE',  ( 1.971913785432668709, -2.463290725801692282, 4.283352000299834650 ) ) ;
#177 = CARTESIAN_POINT ( 'NONE',  ( -2.353093002878875684, -2.024151952042841263, -4.078508452001533335 ) ) ;
#178 = CARTESIAN_POINT ( 'NONE',  ( 3.811028889841740597, -4.305945490499723860, 0.000000000000000000 ) ) ;
#179 = AXIS2_PLACEMENT_3D ( 'NONE', #1262, #2113, #2934 ) ;
#180 = CARTESIAN_POINT ( 'NONE',  ( 3.115677384419578644, -3.889110709786319120, 3.543802556216988364 ) ) ;
#181 = CARTESIAN_POINT ( 'NONE',  ( -8.748570571408905162E-16, -1.467499999999999138, 4.762500000000000178 ) ) ;
#182 = CARTESIAN_POINT ( 'NONE',  ( -4.089684418227912843, -4.031985774414425627, 2.353771022857241491 ) ) ;
#183 = AXIS2_PLACEMENT_3D ( 'NONE', #2430, #1612, #2810 ) ;
#184 = CARTESIAN_POINT ( 'NONE',  ( -2.181423642904283700, -2.090777087780069543, -4.040625646940438465 ) ) ;
#185 = COORDINATED_UNIVERSAL_TIME_OFFSET ( 6, 0, .BEHIND. ) ;
#186 = CARTESIAN_POINT ( 'NONE',  ( 3.918038746913496961, -5.320223703824469297, -1.622904786874857175 ) ) ;
#187 = EDGE_LOOP ( 'NONE', ( #4965, #1842 ) ) ;
#188 = CARTESIAN_POINT ( 'NONE',  ( 2.388824546325369891, -3.381149006291240600, -4.131724956387251346 ) ) ;
#189 = CARTESIAN_POINT ( 'NONE',  ( 1.059425513937066743, -1.988187602712415014, -4.653903880751689037 ) ) ;
#190 = CARTESIAN_POINT ( 'NONE',  ( -2.364615051318741834, -4.563765063917134768, -4.083370496124988591 ) ) ;
#191 =( BOUNDED_SURFACE ( )  B_SPLINE_SURFACE ( 3, 2, ( 
 ( #4139, #2138, #1283 ),
 ( #2843, #2108, #4549 ),
 ( #1619, #842, #2464 ),
 ( #2027, #2520, #30 ),
 ( #383, #2055, #3728 ),
 ( #1645, #2492, #1672 ),
 ( #4194, #2957, #1698 ),
 ( #4632, #4224, #3813 ),
 ( #56, #1726, #1175 ),
 ( #4521, #2437, #2633 ),
 ( #4309, #1841, #2986 ),
 ( #3869, #3461, #1755 ),
 ( #898, #552, #2577 ),
 ( #2660, #582, #3433 ),
 ( #194, #4746, #2219 ),
 ( #4774, #955, #5102 ),
 ( #520, #4253, #984 ),
 ( #3073, #5074, #927 ),
 ( #2274, #4338, #1783 ),
 ( #2250, #1311, #141 ),
 ( #4659, #4364, #1426 ),
 ( #493, #3926, #166 ),
 ( #3514, #606, #2606 ),
 ( #3486, #1012, #1343 ),
 ( #3015, #2164, #5158 ),
 ( #3840, #5188, #83 ),
 ( #2687, #3101, #3898 ),
 ( #2190, #3951, #1813 ),
 ( #3405, #4691, #5132 ),
 ( #4279, #113, #1397 ),
 ( #1370, #3046, #4717 ),
 ( #1915, #266, #701 ),
 ( #2759, #630, #292 ),
 ( #4875, #4411, #4460 ),
 ( #3569, #1037, #3616 ),
 ( #4799, #3205, #2711 ),
 ( #3229, #2375, #4437 ),
 ( #655, #2808, #1942 ),
 ( #1092, #1454, #3126 ),
 ( #4388, #3179, #5307 ),
 ( #5261, #677, #3153 ),
 ( #1115, #2298, #4001 ),
 ( #2782, #3641, #4849 ),
 ( #3976, #220, #1867 ),
 ( #5284, #727, #2401 ),
 ( #4052, #2324, #1892 ),
 ( #1967, #2347, #244 ),
 ( #1529, #5237, #1553 ),
 ( #1478, #4900, #4026 ),
 ( #1140, #4824, #4486 ),
 ( #4078, #3540, #5215 ),
 ( #1064, #2734, #3592 ),
 ( #1504, #1990, #3313 ),
 ( #5414, #1662, #4981 ),
 ( #3748, #2862, #4567 ),
 ( #2483, #5039, #345 ),
 ( #1275, #4512, #4928 ),
 ( #1690, #2891, #4159 ),
 ( #2540, #779, #1166 ),
 ( #2098, #3664, #1247 ),
 ( #4131, #753, #2071 ),
 ( #2836, #3340, #835 ),
 ( #4103, #1610, #4540 ),
 ( #2428, #3285, #2046 ) ),
 .UNSPECIFIED., .F., .F., .F. ) 
 B_SPLINE_SURFACE_WITH_KNOTS ( ( 4, 2, 2, 2, 2, 2, 2, 2, 2, 2, 2, 2, 2, 2, 2, 2, 2, 2, 2, 2, 2, 2, 2, 2, 2, 2, 2, 2, 2, 2, 2, 4 ),
 ( 3, 3 ),
 ( 6.505213034913026604E-19, 0.0009118231129028804864, 0.001823646225805760322, 0.002735469338708640050, 0.003647292451611520211, 0.004559115564514400372, 0.005470938677417280099, 0.006382761790320159827, 0.007294584903223039554, 0.008206408016125918414, 0.009118231129028799009, 0.01003005424193167960, 0.01094187735483456020, 0.01185370046773744079, 0.01276552358064031965, 0.01367734669354319851, 0.01458916980644607911, 0.01550099291934895797, 0.01641281603225183683, 0.01732463914515471742, 0.01823646225805759802, 0.01914828537096047861, 0.02006010848386335921, 0.02097193159676623980, 0.02188375470966912040, 0.02279557782257200099, 0.02370740093547488159, 0.02461922404837776218, 0.02553104716128063931, 0.02644287027418351643, 0.02735469338708639703, 0.02917833961289215822 ),
 ( 0.000000000000000000, 1.000000000000000000 ),
 .UNSPECIFIED. ) 
 GEOMETRIC_REPRESENTATION_ITEM ( )  RATIONAL_B_SPLINE_SURFACE ( (
 ( 1.000000000000000000, 0.8548157496099235697, 1.000000000000000000),
 ( 1.000000000000000000, 0.8548105634531594221, 1.000000000000000000),
 ( 1.000000000000000000, 0.8548064079137960292, 1.000000000000000000),
 ( 1.000000000000000000, 0.8548007889470579101, 1.000000000000000000),
 ( 1.000000000000000000, 0.8547993005183319726, 1.000000000000000000),
 ( 1.000000000000000000, 0.8547992973574719544, 1.000000000000000000),
 ( 1.000000000000000000, 0.8548007452251747962, 1.000000000000000000),
 ( 1.000000000000000000, 0.8548063511972862072, 1.000000000000000000),
 ( 1.000000000000000000, 0.8548119987743202364, 1.000000000000000000),
 ( 1.000000000000000000, 0.8548195150882628157, 1.000000000000000000),
 ( 1.000000000000000000, 0.8548064475767016557, 1.000000000000000000),
 ( 1.000000000000000000, 0.8548007707482960793, 1.000000000000000000),
 ( 1.000000000000000000, 0.8547993066227397296, 1.000000000000000000),
 ( 1.000000000000000000, 0.8547992913125919134, 1.000000000000000000),
 ( 1.000000000000000000, 0.8548007345510559851, 1.000000000000000000),
 ( 1.000000000000000000, 0.8548063897451945170, 1.000000000000000000),
 ( 1.000000000000000000, 0.8548105268156979131, 1.000000000000000000),
 ( 1.000000000000000000, 0.8548208885579805516, 1.000000000000000000),
 ( 1.000000000000000000, 0.8548064111779705154, 1.000000000000000000),
 ( 1.000000000000000000, 0.8548007748940626982, 1.000000000000000000),
 ( 1.000000000000000000, 0.8547993137941085617, 1.000000000000000000),
 ( 1.000000000000000000, 0.8547992843052205636, 1.000000000000000000),
 ( 1.000000000000000000, 0.8548007573496592126, 1.000000000000000000),
 ( 1.000000000000000000, 0.8548063519352397943, 1.000000000000000000),
 ( 1.000000000000000000, 0.8548104655322984469, 1.000000000000000000),
 ( 1.000000000000000000, 0.8548209488376427023, 1.000000000000000000),
 ( 1.000000000000000000, 0.8548064316098873405, 1.000000000000000000),
 ( 1.000000000000000000, 0.8548008021417630165, 1.000000000000000000),
 ( 1.000000000000000000, 0.8547993074210999964, 1.000000000000000000),
 ( 1.000000000000000000, 0.8547992905265204833, 1.000000000000000000),
 ( 1.000000000000000000, 0.8548007338161163204, 1.000000000000000000),
 ( 1.000000000000000000, 0.8548063240314500710, 1.000000000000000000),
 ( 1.000000000000000000, 0.8548105342769509729, 1.000000000000000000),
 ( 1.000000000000000000, 0.8548209093875733799, 1.000000000000000000),
 ( 1.000000000000000000, 0.8548064727781135019, 1.000000000000000000),
 ( 1.000000000000000000, 0.8548007885147976825, 1.000000000000000000),
 ( 1.000000000000000000, 0.8547993129339526153, 1.000000000000000000),
 ( 1.000000000000000000, 0.8547992851423686922, 1.000000000000000000),
 ( 1.000000000000000000, 0.8548007160752225664, 1.000000000000000000),
 ( 1.000000000000000000, 0.8548063639940876035, 1.000000000000000000),
 ( 1.000000000000000000, 0.8548104987679607802, 1.000000000000000000),
 ( 1.000000000000000000, 0.8548208475856267086, 1.000000000000000000),
 ( 1.000000000000000000, 0.8548064394809300470, 1.000000000000000000),
 ( 1.000000000000000000, 0.8548007863962745478, 1.000000000000000000),
 ( 1.000000000000000000, 0.8547993207870913102, 1.000000000000000000),
 ( 1.000000000000000000, 0.8547992775716964919, 1.000000000000000000),
 ( 1.000000000000000000, 0.8548007438084119780, 1.000000000000000000),
 ( 1.000000000000000000, 0.8548063284304554532, 1.000000000000000000),
 ( 1.000000000000000000, 0.8548104360677775126, 1.000000000000000000),
 ( 1.000000000000000000, 0.8548208949457682948, 1.000000000000000000),
 ( 1.000000000000000000, 0.8548064554976362306, 1.000000000000000000),
 ( 1.000000000000000000, 0.8548008151827883871, 1.000000000000000000),
 ( 1.000000000000000000, 0.8547993147464253427, 1.000000000000000000),
 ( 1.000000000000000000, 0.8547992833810295066, 1.000000000000000000),
 ( 1.000000000000000000, 0.8548007223868991922, 1.000000000000000000),
 ( 1.000000000000000000, 0.8548062973426988620, 1.000000000000000000),
 ( 1.000000000000000000, 0.8548105005547178559, 1.000000000000000000),
 ( 1.000000000000000000, 0.8548208722355162825, 1.000000000000000000),
 ( 1.000000000000000000, 0.8548064977493771144, 1.000000000000000000),
 ( 1.000000000000000000, 0.8548008059191990471, 1.000000000000000000),
 ( 1.000000000000000000, 0.8547993193062060069, 1.000000000000000000),
 ( 1.000000000000000000, 0.8547992588371099432, 1.000000000000000000),
 ( 1.000000000000000000, 0.8548051485248999715, 1.000000000000000000),
 ( 1.000000000000000000, 0.8548157496099217934, 1.000000000000000000) ) ) 
 REPRESENTATION_ITEM ( '' )  SURFACE ( )  );
#192 = CARTESIAN_POINT ( 'NONE',  ( -3.787066407015426073, -3.127360467467857674, -2.904452621719491479 ) ) ;
#193 = CARTESIAN_POINT ( 'NONE',  ( -4.281599854109738423, -5.535080939046205906, 1.984393156801462998 ) ) ;
#194 = CARTESIAN_POINT ( 'NONE',  ( 4.610370907245477490, -6.184227599844167145, 1.234560202532140716 ) ) ;
#195 = EDGE_LOOP ( 'NONE', ( #202, #4254, #4245, #2864 ) ) ;
#196 = CARTESIAN_POINT ( 'NONE',  ( -4.402297726811004175, -5.514712967604318727, 1.846166380024316434 ) ) ;
#197 = DIRECTION ( 'NONE',  ( 0.000000000000000000, 0.000000000000000000, -1.000000000000000000 ) ) ;
#198 = CARTESIAN_POINT ( 'NONE',  ( 1.235133382392566981, -5.127277675689775549, 4.610002771695179469 ) ) ;
#199 = DIRECTION ( 'NONE',  ( 0.000000000000000000, 0.000000000000000000, 1.000000000000000000 ) ) ;
#200 = EDGE_CURVE ( 'NONE', #2735, #1291, #1576, .T. ) ;
#201 = DIRECTION ( 'NONE',  ( -0.000000000000000000, 1.000000000000000000, -0.000000000000000000 ) ) ;
#202 = ORIENTED_EDGE ( 'NONE', *, *, #1207, .F. ) ;
#203 = CARTESIAN_POINT ( 'NONE',  ( 4.369092953688381797, -2.311131038277453698, 1.773982365282482876 ) ) ;
#204 = CARTESIAN_POINT ( 'NONE',  ( 4.748358597796988434, -2.338258361962213705, -0.5155469039624618333 ) ) ;
#205 = ORIENTED_EDGE ( 'NONE', *, *, #2768, .F. ) ;
#206 = CARTESIAN_POINT ( 'NONE',  ( -2.694804371304935664, -4.782195490499724144, 2.694804371304934332 ) ) ;
#207 = CARTESIAN_POINT ( 'NONE',  ( -1.421661929932158642E-05, -4.007500861146976234, 4.762500652578982141 ) ) ;
#208 = CARTESIAN_POINT ( 'NONE',  ( -2.770471766894176735, -6.193348703824469226, -2.770471766894177179 ) ) ;
#209 = CARTESIAN_POINT ( 'NONE',  ( -4.134480505667704975, -4.120620079705701322, 2.384135069046852351 ) ) ;
#210 = VECTOR ( 'NONE', #1885, 1000.000000000000000 ) ;
#211 = CARTESIAN_POINT ( 'NONE',  ( -2.021997937954793212, -2.215397109267387865, -3.859848775720145841 ) ) ;
#212 = APPROVAL_STATUS ( 'not_yet_approved' ) ;
#213 = CARTESIAN_POINT ( 'NONE',  ( -3.546734248361585795, -7.394651776668877297, -1.658680945540012663 ) ) ;
#214 = CARTESIAN_POINT ( 'NONE',  ( -3.789838903430748474, -5.401305779611221602, 2.900827587886698922 ) ) ;
#215 = CARTESIAN_POINT ( 'NONE',  ( 4.055837516398915987, -2.209593145866184383, -2.501321721662773001 ) ) ;
#216 = CARTESIAN_POINT ( 'NONE',  ( -1.532690569088026367, -4.516018324768949377, -4.519943961152255163 ) ) ;
#217 = DIRECTION ( 'NONE',  ( -1.000000000000000000, 0.000000000000000000, 0.000000000000000000 ) ) ;
#218 = CARTESIAN_POINT ( 'NONE',  ( -2.924097654638948551, -5.441476859938388699, 3.703911945820042018 ) ) ;
#219 = CONICAL_SURFACE ( 'NONE', #3018, 4.762500000000000178, 1.082104136236486269 ) ;
#220 = CARTESIAN_POINT ( 'NONE',  ( -4.131756168455570588, -5.542886270420237516, -2.388957034271828928 ) ) ;
#221 = ORIENTED_EDGE ( 'NONE', *, *, #5225, .F. ) ;
#222 = CARTESIAN_POINT ( 'NONE',  ( -3.687598671798458128, -5.759590392269585024, -2.932418387758946920 ) ) ;
#223 = CARTESIAN_POINT ( 'NONE',  ( 4.708228022728890849, -4.975149012244866498, -0.3165062132825663399 ) ) ;
#224 = CARTESIAN_POINT ( 'NONE',  ( 0.6156633588432696147, -5.065144956654273223, 4.678282834490999242 ) ) ;
#225 = DIRECTION ( 'NONE',  ( 0.9991561548031412388, 0.04106964973500531330, 0.0005120445734585015157 ) ) ;
#226 = CARTESIAN_POINT ( 'NONE',  ( 4.557202476907291633, -3.555595552106299184, 1.224441260447550750 ) ) ;
#227 = CARTESIAN_POINT ( 'NONE',  ( 2.511903314360200756, -2.244729561189547251, -3.998923023961557188 ) ) ;
#228 = B_SPLINE_CURVE_WITH_KNOTS ( 'NONE', 3,
 ( #4890, #3194, #233, #1078, #1904, #4067, #2312, #5297, #5227, #4425, #1980, #3219, #3654, #1543, #1050, #4040, #5248, #3965, #1104, #2361, #1154, #4400, #1492, #5274, #3167, #2747, #667, #2337, #2724, #4016, #256, #4866, #4475, #642, #2772, #280, #2821, #1956, #1881, #3629, #714, #2389, #5322, #1568, #4916, #4501, #1466, #3139, #4812, #4615, #333, #3272, #2415, #3736, #3708, #418, #2087, #5403, #826, #4174, #3301, #3357, #769, #4970, #3682, #4587 ),
 .UNSPECIFIED., .F., .F.,
 ( 4, 2, 2, 2, 2, 2, 2, 2, 2, 2, 2, 2, 2, 2, 2, 2, 2, 2, 2, 2, 2, 2, 2, 2, 2, 2, 2, 2, 2, 2, 2, 2, 4 ),
 ( 2.011703249728963305E-20, 0.0009208313536224066323, 0.001841662707244813265, 0.002762494060867219138, 0.003683325414489624795, 0.004604156768112030451, 0.005524988121734436541, 0.006445819475356841764, 0.007366650828979247854, 0.008287482182601654812, 0.009208313536224060902, 0.01012914488984646699, 0.01104997624346887135, 0.01197080759709127570, 0.01289163895071368179, 0.01381247030433608962, 0.01473330165795849571, 0.01565413301158090353, 0.01657496436520330962, 0.01749579571882571571, 0.01841662707244812180, 0.01933745842607053136, 0.02025828977969293745, 0.02117912113331534354, 0.02209995248693774963, 0.02302078384056015573, 0.02394161519418256182, 0.02486244654780496791, 0.02578327790142737400, 0.02670410925504978356, 0.02762494060867218965, 0.02854577196229459574, 0.02946660331591699836 ),
 .UNSPECIFIED. ) ;
#229 = CARTESIAN_POINT ( 'NONE',  ( -1.622904786874856953, -5.002723703824469403, -3.918038746913496961 ) ) ;
#230 = CARTESIAN_POINT ( 'NONE',  ( 4.695198904509595650, -2.383551524221867002, -0.8779780605702498519 ) ) ;
#231 = CARTESIAN_POINT ( 'NONE',  ( -3.811028889841740597, -6.210945490499723221, -4.667164331402779384E-16 ) ) ;
#232 = EDGE_CURVE ( 'NONE', #3746, #956, #3364, .T. ) ;
#233 = CARTESIAN_POINT ( 'NONE',  ( 0.6158352809118544657, -5.065137635202544786, 4.678263598565435721 ) ) ;
#234 = CARTESIAN_POINT ( 'NONE',  ( -2.770471766894176735, -4.923348703824470540, -2.770471766894177179 ) ) ;
#235 = CARTESIAN_POINT ( 'NONE',  ( -2.113916578407775582, -3.941867062388005660, 4.278902089285552712 ) ) ;
#236 = CARTESIAN_POINT ( 'NONE',  ( 0.000000000000000000, 0.4738549290423901272, 1.734723475976807094E-15 ) ) ;
#237 = PERSON_AND_ORGANIZATION ( #2945, #2825 ) ;
#238 = CARTESIAN_POINT ( 'NONE',  ( -1.622904786874856953, -7.542723703824470327, -3.918038746913496961 ) ) ;
#239 = CARTESIAN_POINT ( 'NONE',  ( -4.280754217757719360, -2.962065164582903254, 2.110154902568302848 ) ) ;
#240 = CARTESIAN_POINT ( 'NONE',  ( 3.176861738166734117, -2.491500438460519717, 3.551611029827076216 ) ) ;
#241 = CARTESIAN_POINT ( 'NONE',  ( -1.235773801166266894, -4.529465399738993092, -4.609880811654148758 ) ) ;
#242 = CARTESIAN_POINT ( 'NONE',  ( -5.500000000000000000, -1.508759813876278111, 3.175426480542941743 ) ) ;
#243 = CARTESIAN_POINT ( 'NONE',  ( -2.484464862106856131, -6.783024513976030789, -3.788915987927497842 ) ) ;
#244 = CARTESIAN_POINT ( 'NONE',  ( -4.557053625089222848, -5.460590191506396351, -1.224247835302333165 ) ) ;
#245 = EDGE_LOOP ( 'NONE', ( #3593, #3286 ) ) ;
#246 = CARTESIAN_POINT ( 'NONE',  ( -2.220670234349098493, -5.315026271413989534, 4.226011799221798704 ) ) ;
#247 = CARTESIAN_POINT ( 'NONE',  ( 2.399106805171460132E-16, -4.044151296175530597, -3.918038746913496961 ) ) ;
#248 = DIRECTION ( 'NONE',  ( 0.000000000000000000, -1.000000000000000000, 0.000000000000000000 ) ) ;
#249 = CARTESIAN_POINT ( 'NONE',  ( 0.000000000000000000, 3.196031326221388191, 1.067560561327421209E-15 ) ) ;
#250 = CARTESIAN_POINT ( 'NONE',  ( 0.000000000000000000, -2.000000000000000000, 1.734723475976807094E-15 ) ) ;
#251 = CARTESIAN_POINT ( 'NONE',  ( 4.280987332238296972, -3.499095908458529802, -2.109935638380143530 ) ) ;
#252 = CARTESIAN_POINT ( 'NONE',  ( -0.5735197372793424675, -2.106839046837675422, -4.687413082917593066 ) ) ;
#253 = CARTESIAN_POINT ( 'NONE',  ( 1.622904786874857841, -6.907723703824470540, 3.918038746913496073 ) ) ;
#254 = CARTESIAN_POINT ( 'NONE',  ( 4.438938985585159536, -2.518190804962089135, 1.612042503515204617 ) ) ;
#255 = CARTESIAN_POINT ( 'NONE',  ( 1.578579852768129177, -7.877820490499724215, -3.811028889841741041 ) ) ;
#256 = CARTESIAN_POINT ( 'NONE',  ( 1.225336171580346800, -4.508138835743530137, -4.556795376560608624 ) ) ;
#257 = CARTESIAN_POINT ( 'NONE',  ( -2.770471766894177623, -2.065848703824469723, 2.770471766894176735 ) ) ;
#258 = CARTESIAN_POINT ( 'NONE',  ( -0.001164548443840098414, -6.360761426278149777, 4.708643258879271265 ) ) ;
#259 = DIRECTION ( 'NONE',  ( 0.000000000000000000, 0.000000000000000000, 1.000000000000000000 ) ) ;
#260 = ADVANCED_FACE ( 'NONE', ( #817 ), #191, .T. ) ;
#261 = CARTESIAN_POINT ( 'NONE',  ( -3.566976774371184877, -7.454755451180361092, -1.466125419905634608 ) ) ;
#262 = DIRECTION ( 'NONE',  ( -0.000000000000000000, 1.000000000000000000, 1.111353676405166014E-16 ) ) ;
#263 = CARTESIAN_POINT ( 'NONE',  ( 2.934374476660576381, -2.504641184146256361, 3.754442414172852072 ) ) ;
#264 = CARTESIAN_POINT ( 'NONE',  ( -2.904930759990791866, -2.809884651835572456, 3.786769869254115850 ) ) ;
#265 = CARTESIAN_POINT ( 'NONE',  ( -9.660718518450857290E-13, -6.860705524101780917, -4.449294475898216028 ) ) ;
#266 = CARTESIAN_POINT ( 'NONE',  ( 0.6282993894969280957, -5.779553666227193354, -4.731110424440364781 ) ) ;
#267 = AXIS2_PLACEMENT_3D ( 'NONE', #4588, #1293, #1183 ) ;
#268 = ORIENTED_EDGE ( 'NONE', *, *, #5225, .T. ) ;
#269 = CARTESIAN_POINT ( 'NONE',  ( -3.918038746913490744, -6.346026296175526937, -1.622904786874855176 ) ) ;
#270 = CARTESIAN_POINT ( 'NONE',  ( 1.972692090801865916, -7.103125000000001243, -4.762500000000000178 ) ) ;
#271 = CARTESIAN_POINT ( 'NONE',  ( 3.108121278796753373, -4.816553843893116138, -3.550368615814754047 ) ) ;
#272 = CARTESIAN_POINT ( 'NONE',  ( 1.537497027468868405, -5.113584115394808727, 4.518290870531531667 ) ) ;
#273 = CARTESIAN_POINT ( 'NONE',  ( 0.000000000000000000, 0.4738549290423900162, 1.734723475976807094E-15 ) ) ;
#274 = CARTESIAN_POINT ( 'NONE',  ( 2.111638264975923551, -3.755745043582990661, 4.280168394482462446 ) ) ;
#275 = CARTESIAN_POINT ( 'NONE',  ( 4.125728765499776074, -2.551373200875017400, 2.297661163462487277 ) ) ;
#276 = DESIGN_CONTEXT ( 'detailed design', #1845, 'design' ) ;
#277 = DIRECTION ( 'NONE',  ( 0.000000000000000000, 0.000000000000000000, 1.000000000000000000 ) ) ;
#278 = CARTESIAN_POINT ( 'NONE',  ( 4.373271038880798045, -2.275478058142832882, -1.920276688098595974 ) ) ;
#279 = CARTESIAN_POINT ( 'NONE',  ( -7.000746497104166611E-16, -5.893445490499722439, 3.811028889841740597 ) ) ;
#280 = CARTESIAN_POINT ( 'NONE',  ( -1.216604624197466178, -4.403680865379007159, -4.559251210546532818 ) ) ;
#281 = CARTESIAN_POINT ( 'NONE',  ( 2.770471766894177179, -3.970848703824469972, -2.770471766894176735 ) ) ;
#282 = DIRECTION ( 'NONE',  ( 0.000000000000000000, -1.000000000000000000, 0.000000000000000000 ) ) ;
#283 = CARTESIAN_POINT ( 'NONE',  ( -4.708882195495698753, -3.095387593434154372, -0.3034244954787654325 ) ) ;
#284 = CARTESIAN_POINT ( 'NONE',  ( 4.729345736920718579, -6.205935733902248508, -0.5843393798540101880 ) ) ;
#285 = CARTESIAN_POINT ( 'NONE',  ( -1.622904786874859173, -5.796473703824469581, 3.918038746913496073 ) ) ;
#286 = CARTESIAN_POINT ( 'NONE',  ( -4.678425891077222509, -3.108581366453768702, -0.6151408376157260216 ) ) ;
#287 = EDGE_CURVE ( 'NONE', #2809, #2521, #2634, .T. ) ;
#288 = AXIS2_PLACEMENT_3D ( 'NONE', #4573, #2814, #2434 ) ;
#289 = CARTESIAN_POINT ( 'NONE',  ( 2.140543195528959330, -2.545117779941250546, 4.266197039805607716 ) ) ;
#290 = CARTESIAN_POINT ( 'NONE',  ( 2.107500144898965200, -6.393925013632548726, 4.282058217576757642 ) ) ;
#291 = CARTESIAN_POINT ( 'NONE',  ( -2.163765640519775157, -6.794069032872585900, -3.976743008293773141 ) ) ;
#292 = CARTESIAN_POINT ( 'NONE',  ( 0.3102784682110885095, -5.738343687601510368, -4.708457344105952735 ) ) ;
#293 = VECTOR ( 'NONE', #3064, 1000.000000000000000 ) ;
#294 = VERTEX_POINT ( 'NONE', #2019 ) ;
#295 = CARTESIAN_POINT ( 'NONE',  ( 2.770471766894172294, -5.790401296175528678, 2.770471766894173626 ) ) ;
#296 = EDGE_CURVE ( 'NONE', #2248, #4523, #531, .T. ) ;
#297 = CARTESIAN_POINT ( 'NONE',  ( -1.622904786874859173, -2.218526296175530543, 3.918038746913496073 ) ) ;
#298 = DIRECTION ( 'NONE',  ( -0.000000000000000000, 1.000000000000000000, -0.000000000000000000 ) ) ;
#299 = CARTESIAN_POINT ( 'NONE',  ( 0.6265415741793743942, -5.153782678022448493, 4.731292179010146093 ) ) ;
#300 = CARTESIAN_POINT ( 'NONE',  ( -0.002507410479073349414, -3.946845239964532848, 4.762499339936194787 ) ) ;
#301 = CARTESIAN_POINT ( 'NONE',  ( 2.902946560424318978, -3.715707415218911347, 3.788296374103516495 ) ) ;
#302 = FACE_BOUND ( 'NONE', #2922, .T. ) ;
#303 = CARTESIAN_POINT ( 'NONE',  ( -3.918038746913497405, -5.955223703824469972, 1.622904786874856065 ) ) ;
#304 = CARTESIAN_POINT ( 'NONE',  ( 4.694254777217082619, -2.426896794952845493, -0.5135020004451770204 ) ) ;
#305 = ADVANCED_FACE ( 'NONE', ( #3692 ), #1316, .F. ) ;
#306 = CARTESIAN_POINT ( 'NONE',  ( -3.918038746913496961, -7.536651296175530312, -4.798213610342920265E-16 ) ) ;
#307 = CARTESIAN_POINT ( 'NONE',  ( 0.6225330601350395066, -4.010199865878242953, 4.708486145469096051 ) ) ;
#308 = CARTESIAN_POINT ( 'NONE',  ( 2.399106805171460132E-16, -2.542098703824469563, -3.918038746913496961 ) ) ;
#309 = CARTESIAN_POINT ( 'NONE',  ( -3.914971425616564193, -2.449008012938762580, 0.1550043835550716786 ) ) ;
#310 = CARTESIAN_POINT ( 'NONE',  ( -4.678413206454299811, -3.057447721983658884, 0.6162667898831060143 ) ) ;
#311 = CARTESIAN_POINT ( 'NONE',  ( 4.689508931653028512, -6.206388981041627950, 0.8931510375609370556 ) ) ;
#312 = CARTESIAN_POINT ( 'NONE',  ( 3.918038746913496073, -4.208973703824470114, 1.622904786874859839 ) ) ;
#313 = CARTESIAN_POINT ( 'NONE',  ( -1.534940612726183096, -2.803317231112501418, 4.519160820759533514 ) ) ;
#314 = CARTESIAN_POINT ( 'NONE',  ( 2.898191669026121353, -2.416002993187193582, 3.714325889018364357 ) ) ;
#315 = CARTESIAN_POINT ( 'NONE',  ( 4.732069787855409437, -6.143758360895811066, -0.6206143686852951813 ) ) ;
#316 = CARTESIAN_POINT ( 'NONE',  ( -0.6176405744949957644, -6.601359527458798837, 4.667956214489424660 ) ) ;
#317 = APPROVAL ( #3532, 'UNSPECIFIED' ) ;
#318 = FACE_OUTER_BOUND ( 'NONE', #1589, .T. ) ;
#319 = ORIENTED_EDGE ( 'NONE', *, *, #467, .F. ) ;
#320 = CARTESIAN_POINT ( 'NONE',  ( -1.301683751143591472, -5.332703312550163943, 4.592863953207083405 ) ) ;
#321 = CARTESIAN_POINT ( 'NONE',  ( 3.918038746913496073, -3.171026296175530224, 1.622904786874859839 ) ) ;
#322 = CARTESIAN_POINT ( 'NONE',  ( -3.795916788080736293, -2.422154802588390776, 1.186473039436999777 ) ) ;
#323 = CARTESIAN_POINT ( 'NONE',  ( 1.519098211734388304, -4.521598230643786742, -4.467554619716806563 ) ) ;
#324 = CARTESIAN_POINT ( 'NONE',  ( -2.259225882378152583, -2.024163828526910791, -4.140834630891908397 ) ) ;
#325 = CARTESIAN_POINT ( 'NONE',  ( 4.085361605991438161, -3.609826413643113519, 2.361544760235913643 ) ) ;
#326 = EDGE_CURVE ( 'NONE', #2429, #1646, #2980, .T. ) ;
#327 = CARTESIAN_POINT ( 'NONE',  ( 5.499999999999998224, 0.4262780420213983512, 1.082391170803078673 ) ) ;
#328 = CARTESIAN_POINT ( 'NONE',  ( -3.537014146146518989, -6.531611253887080082, 3.116963349136273820 ) ) ;
#329 = FACE_BOUND ( 'NONE', #119, .T. ) ;
#330 = CARTESIAN_POINT ( 'NONE',  ( -5.500000000000000000, -2.000000000000000000, 1.734723475976807094E-15 ) ) ;
#331 = ORIENTED_EDGE ( 'NONE', *, *, #2102, .F. ) ;
#332 = CARTESIAN_POINT ( 'NONE',  ( -7.197320415514379411E-16, -5.949151296175529957, 3.918038746913496961 ) ) ;
#333 = CARTESIAN_POINT ( 'NONE',  ( -4.678777682096912471, -4.112807686044496869, 0.6118699725762214436 ) ) ;
#334 = CARTESIAN_POINT ( 'NONE',  ( -1.622904786874856953, -2.462723703824470256, -3.918038746913496961 ) ) ;
#335 = CARTESIAN_POINT ( 'NONE',  ( 1.532867028964219669, -4.708224344431457098, -4.519727945969872707 ) ) ;
#336 = CARTESIAN_POINT ( 'NONE',  ( 5.500000000000000000, -1.508759813876277445, 3.175426480542941743 ) ) ;
#337 = CARTESIAN_POINT ( 'NONE',  ( -0.6222570820944280934, -3.374687903530631417, -4.677461566586172736 ) ) ;
#338 = CARTESIAN_POINT ( 'NONE',  ( 4.692893335832855506, -6.240767775462443545, -0.4178140193483930176 ) ) ;
#339 = CARTESIAN_POINT ( 'NONE',  ( -3.811028889841741041, -7.280929509500276176, 1.578579852768128067 ) ) ;
#340 = CARTESIAN_POINT ( 'NONE',  ( 0.001164548443839381756, -2.765488573721852195, 4.708643258879272153 ) ) ;
#341 = CARTESIAN_POINT ( 'NONE',  ( 4.754826495111079687, -2.244393543541446157, -0.4157441092713454744 ) ) ;
#342 = DIRECTION ( 'NONE',  ( -1.000000000000000000, -0.000000000000000000, 0.000000000000000000 ) ) ;
#343 = CARTESIAN_POINT ( 'NONE',  ( 3.981600403493786189, -6.373380536709507993, 2.533011043049740785 ) ) ;
#344 = B_SPLINE_CURVE_WITH_KNOTS ( 'NONE', 3,
 ( #3130, #3156, #609, #1458, #3596, #1870, #4803, #3545, #1844, #171, #4030, #3518, #4828, #1040, #5266, #1508, #1068, #4006, #3184, #2714, #2737, #3955, #4392, #4855, #633, #2763, #1119, #1533, #4415, #2278, #1096, #3980, #4441, #2786, #681, #2351, #5191, #2301, #5218, #3929, #271, #1429, #4779, #658, #2328, #1946, #3105, #3620, #223, #1016, #2690, #1895, #3572, #5240, #2379, #2925, #4544, #3289, #3752, #5391, #4932, #733, #4135, #4083, #1558, #379 ),
 .UNSPECIFIED., .F., .F.,
 ( 4, 2, 2, 2, 2, 2, 2, 2, 2, 2, 2, 2, 2, 2, 2, 2, 2, 2, 2, 2, 2, 2, 2, 2, 2, 2, 2, 2, 2, 2, 2, 2, 4 ),
 ( 0.000000000000000000, 0.0009208313559428760783, 0.001841662711885752157, 0.002762494067828628018, 0.003683325423771504313, 0.004604156779714380608, 0.005524988135657256036, 0.006445819491600130596, 0.007366650847543006891, 0.008287482203485883187, 0.009208313559428759482, 0.01012914491537163578, 0.01104997627131451207, 0.01197080762725739010, 0.01289163898320026813, 0.01381247033914314616, 0.01473330169508602419, 0.01565413305102890049, 0.01657496440697177678, 0.01749579576291465308, 0.01841662711885752937, 0.01933745847480040567, 0.02025828983074328196, 0.02117912118668615826, 0.02209995254262903108, 0.02302078389857190738, 0.02394161525451478367, 0.02486244661045765997, 0.02578327796640053626, 0.02670410932234341256, 0.02762494067828628885, 0.02854577203422916515, 0.02946660339017204144 ),
 .UNSPECIFIED. ) ;
#345 = CARTESIAN_POINT ( 'NONE',  ( -3.748943174575065651, -5.275416071753253000, 2.865519061243576360 ) ) ;
#346 = B_SPLINE_CURVE_WITH_KNOTS ( 'NONE', 3,
 ( #4557, #2850, #3387, #4530, #797, #742 ),
 .UNSPECIFIED., .F., .F.,
 ( 4, 2, 4 ),
 ( 0.01570867478269642042, 0.01731714134618803080, 0.01892560790967963771 ),
 .UNSPECIFIED. ) ;
#347 = ORIENTED_EDGE ( 'NONE', *, *, #29, .T. ) ;
#348 = CIRCLE ( 'NONE', #438, 3.809999999999997389 ) ;
#349 = CARTESIAN_POINT ( 'NONE',  ( 1.622904786874855620, -7.139776296175525339, 3.918038746913489856 ) ) ;
#350 = CARTESIAN_POINT ( 'NONE',  ( -7.197320415514379411E-16, -2.139151296175529904, 3.918038746913496961 ) ) ;
#351 = CARTESIAN_POINT ( 'NONE',  ( -3.914971425616564193, -2.449008012938762580, 0.1550043835550716786 ) ) ;
#352 = CARTESIAN_POINT ( 'NONE',  ( 3.147270916150326947, -4.629952867795330995, -3.588159420556950252 ) ) ;
#353 = CARTESIAN_POINT ( 'NONE',  ( -2.214582195832409006, -2.018252030269199526, -4.177493579907483046 ) ) ;
#354 = CARTESIAN_POINT ( 'NONE',  ( 0.3103114876998803173, -3.198345067394673169, -4.708455203826459545 ) ) ;
#355 = CIRCLE ( 'NONE', #2359, 0.09999999999999989453 ) ;
#356 = CARTESIAN_POINT ( 'NONE',  ( 1.627011279026184784E-11, -2.292439143870680152, 4.212501962619182194 ) ) ;
#357 = ORIENTED_EDGE ( 'NONE', *, *, #2976, .T. ) ;
#358 = CARTESIAN_POINT ( 'NONE',  ( -2.487644909332488830, -6.500419106143184855, 4.068039773528209224 ) ) ;
#359 = ADVANCED_FACE ( 'NONE', ( #318 ), #1053, .T. ) ;
#360 = CARTESIAN_POINT ( 'NONE',  ( 0.001164548443838723645, -2.765488573721851751, 4.708643258879271265 ) ) ;
#361 = CARTESIAN_POINT ( 'NONE',  ( -2.209902559482560314, -6.547499999999991438, 4.218736413618707992 ) ) ;
#362 =( BOUNDED_SURFACE ( )  B_SPLINE_SURFACE ( 3, 2, ( 
 ( #137, #3122, #3041 ),
 ( #3564, #1032, #1888 ),
 ( #547, #1863, #5152 ),
 ( #2270, #189, #4407 ),
 ( #5210, #1474, #5233 ),
 ( #1450, #625, #3097 ),
 ( #1835, #577, #2707 ),
 ( #4770, #5184, #650 ),
 ( #1779, #3945, #1808 ),
 ( #4383, #1392, #1422 ),
 ( #3921, #2320, #2294 ),
 ( #1366, #2629, #3457 ),
 ( #3068, #3972, #215 ),
 ( #3148, #2730, #2656 ),
 ( #3509, #4713, #950 ),
 ( #2214, #4333, #3894 ),
 ( #1008, #2683, #1137 ),
 ( #2344, #776, #4457 ),
 ( #4433, #341, #1500 ),
 ( #1987, #1607, #4845 ),
 ( #723, #5255, #3175 ),
 ( #5281, #1087, #4048 ),
 ( #2832, #3282, #3588 ),
 ( #2805, #5357, #1577 ),
 ( #1163, #3661, #4872 ),
 ( #3254, #4483, #4074 ),
 ( #4537, #3997, #2755 ),
 ( #2398, #3202, #2779 ),
 ( #674, #4023, #240 ),
 ( #314, #4925, #263 ),
 ( #4509, #3226, #1938 ),
 ( #4897, #2015, #4952 ),
 ( #1190, #4100, #289 ),
 ( #3613, #5330, #1525 ),
 ( #750, #2424, #2859 ),
 ( #3689, #1911, #1112 ),
 ( #698, #2371, #1550 ),
 ( #1964, #3637, #5304 ) ),
 .UNSPECIFIED., .F., .F., .F. ) 
 B_SPLINE_SURFACE_WITH_KNOTS ( ( 4, 2, 2, 2, 2, 2, 2, 2, 2, 2, 2, 2, 2, 2, 2, 2, 2, 2, 4 ),
 ( 3, 3 ),
 ( 0.005100712206884750084, 0.006035903451243248077, 0.006971094695601745203, 0.007906285939960244064, 0.008841477184318741189, 0.009776668428677238315, 0.01024426405085648688, 0.01071185967303573544, 0.01164705091739423257, 0.01258224216175273143, 0.01351743340611123029, 0.01445262465046972741, 0.01538781589482822454, 0.01632300713918672166, 0.01679060276136597196, 0.01725819838354521879, 0.01819338962790371939, 0.01912858087226221651, 0.02006377211662071364 ),
 ( 0.000000000000000000, 1.000000000000000000 ),
 .UNSPECIFIED. ) 
 GEOMETRIC_REPRESENTATION_ITEM ( )  RATIONAL_B_SPLINE_SURFACE ( (
 ( 1.000000000000000000, 0.8548126067996744126, 1.000000000000000000),
 ( 1.000000000000000000, 0.8548176394989995819, 1.000000000000000000),
 ( 1.000000000000000000, 0.8548087640866572912, 1.000000000000000000),
 ( 1.000000000000000000, 0.8548020112501235612, 1.000000000000000000),
 ( 1.000000000000000000, 0.8547999938500481232, 1.000000000000000000),
 ( 1.000000000000000000, 0.8547989046142090430, 1.000000000000000000),
 ( 1.000000000000000000, 0.8547998777116653235, 1.000000000000000000),
 ( 1.000000000000000000, 0.8548046272770987164, 1.000000000000000000),
 ( 1.000000000000000000, 0.8548083861319603072, 1.000000000000000000),
 ( 1.000000000000000000, 0.8548183215814956215, 1.000000000000000000),
 ( 1.000000000000000000, 0.8548081334987169821, 1.000000000000000000),
 ( 1.000000000000000000, 0.8548032880350561191, 1.000000000000000000),
 ( 1.000000000000000000, 0.8548020023584720350, 1.000000000000000000),
 ( 1.000000000000000000, 0.8548001411282862838, 1.000000000000000000),
 ( 1.000000000000000000, 0.8547995675958638406, 1.000000000000000000),
 ( 1.000000000000000000, 0.8547989875734599563, 1.000000000000000000),
 ( 1.000000000000000000, 0.8548000931504213806, 1.000000000000000000),
 ( 1.000000000000000000, 0.8548051231553894791, 1.000000000000000000),
 ( 1.000000000000000000, 0.8548091032164802927, 1.000000000000000000),
 ( 1.000000000000000000, 0.8548192078877515643, 1.000000000000000000),
 ( 1.000000000000000000, 0.8548074636102048762, 1.000000000000000000),
 ( 1.000000000000000000, 0.8548012566833317338, 1.000000000000000000),
 ( 1.000000000000000000, 0.8547995547080305956, 1.000000000000000000),
 ( 1.000000000000000000, 0.8547990965431607746, 1.000000000000000000),
 ( 1.000000000000000000, 0.8548003877638705728, 1.000000000000000000),
 ( 1.000000000000000000, 0.8548057383250198260, 1.000000000000000000),
 ( 1.000000000000000000, 0.8548097716744892383, 1.000000000000000000),
 ( 1.000000000000000000, 0.8548175389827069592, 1.000000000000000000),
 ( 1.000000000000000000, 0.8548114441851243361, 1.000000000000000000),
 ( 1.000000000000000000, 0.8548071897149599474, 1.000000000000000000),
 ( 1.000000000000000000, 0.8548053801026924692, 1.000000000000000000),
 ( 1.000000000000000000, 0.8548009657782326132, 1.000000000000000000),
 ( 1.000000000000000000, 0.8547993749748855619, 1.000000000000000000),
 ( 1.000000000000000000, 0.8547992282739363956, 1.000000000000000000),
 ( 1.000000000000000000, 0.8548006567063900496, 1.000000000000000000),
 ( 1.000000000000000000, 0.8548062655723965841, 1.000000000000000000),
 ( 1.000000000000000000, 0.8548105238923799920, 1.000000000000000000),
 ( 1.000000000000000000, 0.8548157496300674563, 1.000000000000000000) ) ) 
 REPRESENTATION_ITEM ( '' )  SURFACE ( )  );
#363 = CARTESIAN_POINT ( 'NONE',  ( 3.811028889841740597, -1.765945490499722936, 0.000000000000000000 ) ) ;
#364 = CARTESIAN_POINT ( 'NONE',  ( -0.002440671509797156906, -5.216842554312614233, 4.762499374606004032 ) ) ;
#365 = CARTESIAN_POINT ( 'NONE',  ( -5.500000000000000000, -2.000000000000000000, 3.175426480542941743 ) ) ;
#366 = CARTESIAN_POINT ( 'NONE',  ( 4.234113684704413849, -5.080813000033898241, 2.083069569036176016 ) ) ;
#367 = CARTESIAN_POINT ( 'NONE',  ( 3.145918347934011816, -4.690634853848330010, -3.589336576172706295 ) ) ;
#368 = DIRECTION ( 'NONE',  ( 0.000000000000000000, 0.000000000000000000, 1.000000000000000000 ) ) ;
#369 = CARTESIAN_POINT ( 'NONE',  ( 3.918038746913496961, -2.859598703824469901, 0.000000000000000000 ) ) ;
#370 = CARTESIAN_POINT ( 'NONE',  ( 0.6179852870718850477, -3.397864807947430954, -4.732579220853717850 ) ) ;
#371 = CARTESIAN_POINT ( 'NONE',  ( -4.762500000000001066, -5.515624999999999112, 1.972692090801864584 ) ) ;
#372 = CARTESIAN_POINT ( 'NONE',  ( 0.000000000000000000, -7.500000000000000000, 0.000000000000000000 ) ) ;
#373 = FACE_OUTER_BOUND ( 'NONE', #818, .T. ) ;
#374 = CARTESIAN_POINT ( 'NONE',  ( 0.002454761440141361040, -6.449404760035468698, 4.662499353795801937 ) ) ;
#375 = EDGE_LOOP ( 'NONE', ( #4826, #607 ) ) ;
#376 = AXIS2_PLACEMENT_3D ( 'NONE', #579, #3896, #5154 ) ;
#377 = CARTESIAN_POINT ( 'NONE',  ( -3.918038746913491632, -4.996651296175527612, -4.798213610342912376E-16 ) ) ;
#378 = CARTESIAN_POINT ( 'NONE',  ( -2.481920345406042561, -1.366255387946070599, -3.103228297851937434 ) ) ;
#379 = CARTESIAN_POINT ( 'NONE',  ( 0.001230553817909865602, -5.305485887400422484, 4.708643241727394901 ) ) ;
#380 = CARTESIAN_POINT ( 'NONE',  ( 1.235773811426414515, -4.596784600721331771, -4.609880808816617659 ) ) ;
#381 = CARTESIAN_POINT ( 'NONE',  ( 4.731236190873147507, -4.873486053764841230, -0.6270351971320442530 ) ) ;
#382 = CARTESIAN_POINT ( 'NONE',  ( -1.216354563967157354, -3.133692108548242317, -4.559314477121596099 ) ) ;
#383 = CARTESIAN_POINT ( 'NONE',  ( 1.537500380936880573, -6.383583962219564256, 4.518289775413255605 ) ) ;
#384 = EDGE_LOOP ( 'NONE', ( #575, #613, #2020, #1833, #1116, #1364 ) ) ;
#385 = CARTESIAN_POINT ( 'NONE',  ( -3.377776158150771035, -6.522110598570291629, 3.289040054825700832 ) ) ;
#386 = CARTESIAN_POINT ( 'NONE',  ( 1.622904786874857619, -2.621473703824470203, -3.918038746913496961 ) ) ;
#387 = CARTESIAN_POINT ( 'NONE',  ( 0.3579417364415284908, -2.750968310031415509, 4.708553049298269677 ) ) ;
#388 = ORIENTED_EDGE ( 'NONE', *, *, #4184, .T. ) ;
#389 = CC_DESIGN_DATE_AND_TIME_ASSIGNMENT ( #4404, #671, ( #2136 ) ) ;
#390 = CARTESIAN_POINT ( 'NONE',  ( 3.811028889841741041, -2.956570490499723647, -1.578579852768128955 ) ) ;
#391 = CARTESIAN_POINT ( 'NONE',  ( -0.0008135357231731483139, -5.216777072861729536, 4.762500000000000178 ) ) ;
#392 = CARTESIAN_POINT ( 'NONE',  ( -1.868304492447592446, -6.530774093098254518, 4.397675879999670912 ) ) ;
#393 = CARTESIAN_POINT ( 'NONE',  ( 1.254513575965919614, -5.224914351423800341, 4.636004824084695386 ) ) ;
#394 = DIRECTION ( 'NONE',  ( 0.000000000000000000, 0.000000000000000000, -1.000000000000000000 ) ) ;
#395 = CARTESIAN_POINT ( 'NONE',  ( -4.466864335625899685, -3.017076287831728543, 1.520667000138714808 ) ) ;
#396 = EDGE_CURVE ( 'NONE', #3777, #2735, #4034, .T. ) ;
#397 = CARTESIAN_POINT ( 'NONE',  ( -2.770471766894177623, -2.065848703824469723, 2.770471766894176735 ) ) ;
#398 = CARTESIAN_POINT ( 'NONE',  ( -4.131686463255916486, -3.100868668777022386, -2.388910631022176823 ) ) ;
#399 = CARTESIAN_POINT ( 'NONE',  ( -3.367596045400932603, -5.753749999999999254, -3.367596045400933047 ) ) ;
#400 = CARTESIAN_POINT ( 'NONE',  ( 1.268784755823431168E-16, -5.851744328227585612, -4.762500000000000178 ) ) ;
#401 = CARTESIAN_POINT ( 'NONE',  ( 4.405768698039531195, -6.331972230388536182, 1.691219260463229235 ) ) ;
#402 = FACE_BOUND ( 'NONE', #375, .T. ) ;
#403 = VERTEX_POINT ( 'NONE', #4625 ) ;
#404 = CARTESIAN_POINT ( 'NONE',  ( 1.622904786874855176, -4.123526296175526795, -3.918038746913490744 ) ) ;
#405 = CARTESIAN_POINT ( 'NONE',  ( -4.762500000000000178, -4.166250000000000675, -5.832380380939270108E-16 ) ) ;
#406 = CARTESIAN_POINT ( 'NONE',  ( -0.002507410479073375869, -2.676845239964531942, 4.762499339936194787 ) ) ;
#407 = PLANE ( 'NONE',  #288 ) ;
#408 = CARTESIAN_POINT ( 'NONE',  ( -1.514327321632768619, -3.120043071668998635, -4.469018929269707563 ) ) ;
#409 = B_SPLINE_CURVE_WITH_KNOTS ( 'NONE', 3,
 ( #4286, #1762, #4345, #2585, #961, #5195, #4259, #2614, #2170, #3110, #528, #2198, #2227, #5138, #3905, #147, #4860, #1562, #3601, #1485 ),
 .UNSPECIFIED., .F., .F.,
 ( 4, 2, 2, 2, 2, 2, 2, 2, 2, 4 ),
 ( 1.107850915824665648E-17, 7.192398801641475823E-05, 0.0001438479760328184576, 0.0001528384745348697349, 0.0001618289730369209850, 0.0001798099700410267922, 0.0002157719640492380812, 0.0002876959520656603340, 0.0005753919041313497245, 0.001150783808262728723 ),
 .UNSPECIFIED. ) ;
#410 = CARTESIAN_POINT ( 'NONE',  ( 4.384413292513859695, -2.102615618918956653, -1.309830779147575619 ) ) ;
#411 = ORIENTED_EDGE ( 'NONE', *, *, #1098, .F. ) ;
#412 = CARTESIAN_POINT ( 'NONE',  ( -1.779963675832420211, -5.835330023218784135, -4.429493620383667007 ) ) ;
#413 = DIRECTION ( 'NONE',  ( 0.000000000000000000, -3.624005796528497542E-16, 1.000000000000000000 ) ) ;
#414 = PLANE ( 'NONE',  #911 ) ;
#415 = CARTESIAN_POINT ( 'NONE',  ( -5.500000000000000888, -1.782921046198643555, -2.129733372950174175 ) ) ;
#416 = B_SPLINE_CURVE_WITH_KNOTS ( 'NONE', 3,
 ( #4343, #2143, #5078, #4228 ),
 .UNSPECIFIED., .F., .F.,
 ( 4, 4 ),
 ( 0.000000000000000000, 2.497550428295739633E-06 ),
 .UNSPECIFIED. ) ;
#417 = CARTESIAN_POINT ( 'NONE',  ( 1.622904786874857841, -4.599776296175530632, 3.918038746913496073 ) ) ;
#418 = CARTESIAN_POINT ( 'NONE',  ( -3.748871843316825103, -4.005411289940697728, 2.865607023609745063 ) ) ;
#419 = CARTESIAN_POINT ( 'NONE',  ( 0.8997266965234487213, 0.2825236417604808925, 5.831395510650978053 ) ) ;
#420 = CARTESIAN_POINT ( 'NONE',  ( 4.084368329664957997, -4.881344522010263809, -2.363075999753081913 ) ) ;
#421 = CARTESIAN_POINT ( 'NONE',  ( 0.000000000000000000, 6.000000000000007994, -1.530808498934193789E-16 ) ) ;
#422 = AXIS2_PLACEMENT_3D ( 'NONE', #3085, #3935, #1380 ) ;
#423 = CARTESIAN_POINT ( 'NONE',  ( 5.500000000000000000, -2.000000000000000000, 1.734723475976807094E-15 ) ) ;
#424 = CARTESIAN_POINT ( 'NONE',  ( 2.770471766894176291, -1.748348703824469386, 2.770471766894177623 ) ) ;
#425 = CARTESIAN_POINT ( 'NONE',  ( -3.145418200815996101, -3.165641217830830634, -3.589777123419207960 ) ) ;
#426 = CARTESIAN_POINT ( 'NONE',  ( -3.367596045400933491, -5.436250000000000249, 3.367596045400932603 ) ) ;
#427 = ADVANCED_FACE ( 'NONE', ( #402, #5360 ), #1637, .T. ) ;
#428 = CARTESIAN_POINT ( 'NONE',  ( -4.678773068609237917, -2.842806142813901982, 0.6119059796760607517 ) ) ;
#429 = LINE ( 'NONE', #1579, #3891 ) ;
#430 = DIRECTION ( 'NONE',  ( -1.000000000000000000, 0.000000000000000000, 0.000000000000000000 ) ) ;
#431 = ORIENTED_EDGE ( 'NONE', *, *, #1968, .T. ) ;
#432 = CARTESIAN_POINT ( 'NONE',  ( -1.622904786874854510, -3.964776296175526404, -3.918038746913490744 ) ) ;
#433 = CARTESIAN_POINT ( 'NONE',  ( 3.367596045400931715, -4.960000000000000853, 3.367596045400933491 ) ) ;
#434 = CARTESIAN_POINT ( 'NONE',  ( -4.519146903651170000, -4.198429302151231113, 1.534572894922845654 ) ) ;
#435 = CARTESIAN_POINT ( 'NONE',  ( 4.762775620909180496, -4.911709391189091001, 0.3095787431361600728 ) ) ;
#436 = CARTESIAN_POINT ( 'NONE',  ( 0.6224534503432176402, -3.211570472126200393, -4.677438746378679291 ) ) ;
#437 = CARTESIAN_POINT ( 'NONE',  ( -4.609178938540359504E-16, -0.01738525708133304565, -6.350852961085881709 ) ) ;
#438 = AXIS2_PLACEMENT_3D ( 'NONE', #3298, #4968, #3760 ) ;
#439 = VERTEX_POINT ( 'NONE', #573 ) ;
#440 = CARTESIAN_POINT ( 'NONE',  ( -3.136824649549905697, -5.792954934477810625, -3.526833936353759746 ) ) ;
#441 = CARTESIAN_POINT ( 'NONE',  ( -3.063295647714397330, -6.591236214499137880, 3.654418507362305668 ) ) ;
#442 = CARTESIAN_POINT ( 'NONE',  ( 1.622904786874857841, -3.097723703824469599, 3.918038746913496073 ) ) ;
#443 = DIRECTION ( 'NONE',  ( 0.000000000000000000, 0.000000000000000000, -1.000000000000000000 ) ) ;
#444 = EDGE_LOOP ( 'NONE', ( #3323, #1013, #3678, #2949, #319, #1203 ) ) ;
#445 = CARTESIAN_POINT ( 'NONE',  ( 2.486629619833433669, -6.462590437768951368, 4.011661081096317361 ) ) ;
#446 = CARTESIAN_POINT ( 'NONE',  ( -3.918038746913497850, -3.647276296175530508, 1.622904786874856287 ) ) ;
#447 = AXIS2_PLACEMENT_3D ( 'NONE', #462, #5070, #2244 ) ;
#448 = CARTESIAN_POINT ( 'NONE',  ( 1.534902734145620062, -2.107547932112114442, -4.519105370282929357 ) ) ;
#449 = CARTESIAN_POINT ( 'NONE',  ( 0.8997266965234487213, -1.808668712718090710, 5.831395510650978053 ) ) ;
#450 = CARTESIAN_POINT ( 'NONE',  ( 4.229218114691401631, -4.894784998967667278, -2.092824993141676693 ) ) ;
#451 = CARTESIAN_POINT ( 'NONE',  ( 0.000000000000000000, -7.500000000000000000, 0.000000000000000000 ) ) ;
#452 = CARTESIAN_POINT ( 'NONE',  ( 1.217313441612992708, -3.768645976235055262, 4.558892756823188286 ) ) ;
#453 = CARTESIAN_POINT ( 'NONE',  ( -2.694804371304935664, -4.661554509500277277, 2.694804371304934332 ) ) ;
#454 = CARTESIAN_POINT ( 'NONE',  ( -4.234296967181971461, -3.175789477311565800, -2.082567480673983784 ) ) ;
#455 = CARTESIAN_POINT ( 'NONE',  ( 2.916190190469635054E-16, -7.182499999999999218, -4.762500000000000178 ) ) ;
#456 = CARTESIAN_POINT ( 'NONE',  ( 3.111683125715707376, -3.674498956596516486, 3.547268799696962294 ) ) ;
#457 = CARTESIAN_POINT ( 'NONE',  ( 1.095288490900704570, -6.893469130389815902, -4.287452088900994163 ) ) ;
#458 = DIRECTION ( 'NONE',  ( 0.000000000000000000, 3.921717058577609625E-16, -1.000000000000000000 ) ) ;
#459 = EDGE_CURVE ( 'NONE', #4365, #5045, #866, .T. ) ;
#460 = EDGE_LOOP ( 'NONE', ( #550, #3378, #5155 ) ) ;
#461 = CARTESIAN_POINT ( 'NONE',  ( 0.002440650075534577228, -3.909407446549927556, 4.762499374616989023 ) ) ;
#462 = CARTESIAN_POINT ( 'NONE',  ( 0.000000000000000000, -7.500000000000000000, 0.000000000000000000 ) ) ;
#463 = CARTESIAN_POINT ( 'NONE',  ( -4.762664005020625702, -4.337401815608691535, -0.3081455677114917635 ) ) ;
#464 = CARTESIAN_POINT ( 'NONE',  ( 2.749999999999998224, 0.4738549290423901272, -4.763139720814410616 ) ) ;
#465 = CARTESIAN_POINT ( 'NONE',  ( 5.499999999999999112, 0.4738549290423901272, 1.734723475976807094E-15 ) ) ;
#466 = CARTESIAN_POINT ( 'NONE',  ( 1.196395259089262808, -2.263728263624753545, 4.102315465737762956 ) ) ;
#467 = EDGE_CURVE ( 'NONE', #4357, #5045, #355, .T. ) ;
#468 = VERTEX_POINT ( 'NONE', #4766 ) ;
#469 = CARTESIAN_POINT ( 'NONE',  ( 3.622880552952186139, -6.025164319409947566, -3.108634037182231857 ) ) ;
#470 = CARTESIAN_POINT ( 'NONE',  ( -1.913853336290644691, -2.471128374350613832, -3.371364059132058610 ) ) ;
#471 = CARTESIAN_POINT ( 'NONE',  ( -3.584912113141764944, -4.373390742913400686, -3.150584857032793451 ) ) ;
#472 = CARTESIAN_POINT ( 'NONE',  ( 4.111259688997472850, -6.277706578372140633, 2.426122951062180011 ) ) ;
#473 = CARTESIAN_POINT ( 'NONE',  ( -1.622904786874859173, -4.758526296175530135, 3.918038746913496073 ) ) ;
#474 = ORIENTED_EDGE ( 'NONE', *, *, #2794, .F. ) ;
#475 = CARTESIAN_POINT ( 'NONE',  ( -3.918038746913496961, -6.346026296175529602, -1.622904786874857175 ) ) ;
#476 = B_SPLINE_CURVE_WITH_KNOTS ( 'NONE', 3,
 ( #1873, #2330, #1483, #2303, #2280, #3211 ),
 .UNSPECIFIED., .F., .F.,
 ( 4, 2, 4 ),
 ( 0.009189667672849176003, 0.01079868210958701870, 0.01240769654632486139 ),
 .UNSPECIFIED. ) ;
#477 = CARTESIAN_POINT ( 'NONE',  ( 2.749999999999999112, 0.4738549290423901272, 4.763139720814413280 ) ) ;
#478 = CARTESIAN_POINT ( 'NONE',  ( 2.911091366205967201, -5.144027666774443119, 3.782137031843503472 ) ) ;
#479 = CARTESIAN_POINT ( 'NONE',  ( -4.520609242927307037, -2.891392673104865807, 1.530788413215928845 ) ) ;
#480 = CARTESIAN_POINT ( 'NONE',  ( 0.000000000000000000, 0.4738549290423901272, 1.734723475976807094E-15 ) ) ;
#481 = CARTESIAN_POINT ( 'NONE',  ( -2.694804371304935664, -3.391554509500276371, 2.694804371304934332 ) ) ;
#482 = CARTESIAN_POINT ( 'NONE',  ( 2.108618314727935150, -3.404592344668692316, -4.281511887951340078 ) ) ;
#483 = CARTESIAN_POINT ( 'NONE',  ( -4.762500000000000178, -5.594999999999998863, -5.832380380939270108E-16 ) ) ;
#484 = CARTESIAN_POINT ( 'NONE',  ( 1.532690579352314009, -4.610231675699994369, -4.519943957785799604 ) ) ;
#485 = CARTESIAN_POINT ( 'NONE',  ( -3.550230811181782631, -2.722185107171863905, 3.108335699754581238 ) ) ;
#486 = CARTESIAN_POINT ( 'NONE',  ( 5.499999999999999112, 0.4738549290423901272, 1.734723475976807094E-15 ) ) ;
#487 = ORIENTED_EDGE ( 'NONE', *, *, #4300, .F. ) ;
#488 = CARTESIAN_POINT ( 'NONE',  ( -4.762783991675478390, -5.521925731699073303, 0.3061333238805964974 ) ) ;
#489 = CARTESIAN_POINT ( 'NONE',  ( -4.762500000000001066, -4.086875000000000036, 1.972692090801864584 ) ) ;
#490 = CARTESIAN_POINT ( 'NONE',  ( -4.609628768395285014, -4.316546251706744108, -1.236816036312375466 ) ) ;
#491 = CARTESIAN_POINT ( 'NONE',  ( 0.000000000000000000, 0.4738549290423901272, 1.734723475976807094E-15 ) ) ;
#492 = CARTESIAN_POINT ( 'NONE',  ( -2.111440011765369995, -2.732515741803204445, 4.280123956271183694 ) ) ;
#493 = CARTESIAN_POINT ( 'NONE',  ( 4.280967511055465025, -6.039093964920402513, -2.109975727882211327 ) ) ;
#494 = VERTEX_POINT ( 'NONE', #2183 ) ;
#495 = CARTESIAN_POINT ( 'NONE',  ( 0.1547495956767218073, -5.918875426947991514, -4.771410789446878908 ) ) ;
#496 = CARTESIAN_POINT ( 'NONE',  ( -0.3108538115340857555, -5.801993874145484398, -4.762500000000948752 ) ) ;
#497 = CARTESIAN_POINT ( 'NONE',  ( -5.500000000000000000, -0.01738525708133294156, -3.175426480542940855 ) ) ;
#498 = CARTESIAN_POINT ( 'NONE',  ( -1.588108772276519698, -1.910175994861746052, 5.433957933909629112 ) ) ;
#499 = ADVANCED_FACE ( 'NONE', ( #5067 ), #6, .T. ) ;
#500 = EDGE_LOOP ( 'NONE', ( #2257, #1664, #331, #3154, #1427 ) ) ;
#501 = CARTESIAN_POINT ( 'NONE',  ( 3.918038746913496961, -5.552276296175532089, -1.622904786874857175 ) ) ;
#502 = CARTESIAN_POINT ( 'NONE',  ( 3.918038746913496961, -4.361651296175530490, 0.000000000000000000 ) ) ;
#503 = CARTESIAN_POINT ( 'NONE',  ( -4.465984089729382767, -5.474305693118335370, -1.523545449344044567 ) ) ;
#504 = CARTESIAN_POINT ( 'NONE',  ( 1.242580117905491388, -3.894164793166444483, 4.608278747456448166 ) ) ;
#505 = CARTESIAN_POINT ( 'NONE',  ( 4.732358068413711649, -4.887463322769654894, 0.6200300054217967594 ) ) ;
#506 = DIRECTION ( 'NONE',  ( 0.000000000000000000, 0.000000000000000000, 1.000000000000000000 ) ) ;
#507 = CARTESIAN_POINT ( 'NONE',  ( -3.811028889841741041, -2.200929509500276993, 1.578579852768128067 ) ) ;
#508 = CARTESIAN_POINT ( 'NONE',  ( 4.465889628892146135, -3.651931472035835125, -1.523821707562566186 ) ) ;
#509 = CARTESIAN_POINT ( 'NONE',  ( 1.622904786874857175, -6.431473703824469368, -3.918038746913496961 ) ) ;
#510 = CARTESIAN_POINT ( 'NONE',  ( -0.6205446810121266754, -4.519039819110863831, -4.732245882475520027 ) ) ;
#511 = CARTESIAN_POINT ( 'NONE',  ( 2.869272632310018167, -3.687715346904258507, 3.746097224411376825 ) ) ;
#512 = CARTESIAN_POINT ( 'NONE',  ( 4.220424949186492469, -7.081130564265146532, 0.3870840433422946814 ) ) ;
#513 = CARTESIAN_POINT ( 'NONE',  ( 0.6308279258328990391, -2.613600825527308213, 4.730726818270253986 ) ) ;
#514 = VERTEX_POINT ( 'NONE', #3094 ) ;
#515 = DIRECTION ( 'NONE',  ( -0.000000000000000000, 1.000000000000000000, -0.000000000000000000 ) ) ;
#516 = CARTESIAN_POINT ( 'NONE',  ( 4.762499999999999289, -3.610625000000000195, 1.972692090801868581 ) ) ;
#517 = DIRECTION ( 'NONE',  ( 1.000000000000000000, 0.000000000000000000, 0.000000000000000000 ) ) ;
#518 = CARTESIAN_POINT ( 'NONE',  ( 2.388814801148879230, -5.921148522142728687, -4.131730481390236243 ) ) ;
#519 = CARTESIAN_POINT ( 'NONE',  ( -2.911049082064217419, -2.712220086135409325, 3.782169774195824452 ) ) ;
#520 = CARTESIAN_POINT ( 'NONE',  ( 4.762499701958936349, -6.144507280264944526, 0.3106005408910521570 ) ) ;
#521 = CC_DESIGN_SECURITY_CLASSIFICATION ( #2136, ( #2224 ) ) ;
#522 = EDGE_LOOP ( 'NONE', ( #3238, #580, #4461, #3693 ) ) ;
#523 = CARTESIAN_POINT ( 'NONE',  ( -2.619234480298472167, -5.820758863113876025, -3.926552294630845541 ) ) ;
#524 = CARTESIAN_POINT ( 'NONE',  ( -2.029993148423379967, -2.475963923083784213, -3.293045192299353108 ) ) ;
#525 = CARTESIAN_POINT ( 'NONE',  ( 1.627011279026184784E-11, -2.292439143870680152, 4.212501962619182194 ) ) ;
#526 = CARTESIAN_POINT ( 'NONE',  ( 0.000000000000000000, 5.111917277360397804, 1.819003254228609978E-15 ) ) ;
#527 = ORIENTED_EDGE ( 'NONE', *, *, #2507, .F. ) ;
#528 = CARTESIAN_POINT ( 'NONE',  ( -0.4769169749172823547, -6.571482359733967549, 4.714459923574712441 ) ) ;
#529 = CARTESIAN_POINT ( 'NONE',  ( 2.770471766894176291, -1.980401296175529957, 2.770471766894177623 ) ) ;
#530 = ADVANCED_FACE ( 'NONE', ( #3398 ), #1407, .F. ) ;
#531 = CIRCLE ( 'NONE', #1490, 0.1000000000000003247 ) ;
#532 = CARTESIAN_POINT ( 'NONE',  ( 3.918038746913496961, -4.282276296175529851, -1.622904786874857175 ) ) ;
#533 = AXIS2_PLACEMENT_3D ( 'NONE', #588, #3845, #3904 ) ;
#534 = CARTESIAN_POINT ( 'NONE',  ( 1.010564408172110573, -2.507852468266306367, 4.605881946125390591 ) ) ;
#535 = CARTESIAN_POINT ( 'NONE',  ( -2.378902129176980740, -1.996169061998834815, -4.125801505940117408 ) ) ;
#536 = CYLINDRICAL_SURFACE ( 'NONE', #4421, 4.762500000000000178 ) ;
#537 = CIRCLE ( 'NONE', #3771, 5.499999999999999112 ) ;
#538 = CARTESIAN_POINT ( 'NONE',  ( -3.811028889841740597, -6.090304509500277241, -4.667164331402779384E-16 ) ) ;
#539 = CARTESIAN_POINT ( 'NONE',  ( 4.678788282149149325, -3.743437776434393349, 0.6117628751456148928 ) ) ;
#540 = CARTESIAN_POINT ( 'NONE',  ( -1.622904786874856953, -7.542723703824470327, -3.918038746913496961 ) ) ;
#541 = CARTESIAN_POINT ( 'NONE',  ( -3.115721111357537154, -3.967141593196003235, 3.543764075339791653 ) ) ;
#542 = CARTESIAN_POINT ( 'NONE',  ( -4.089526035687400807, -2.761972156654325161, 2.354040034626903477 ) ) ;
#543 = CARTESIAN_POINT ( 'NONE',  ( 4.210174844518991044, -7.047518581527120851, -0.7215059808196292446 ) ) ;
#544 = CARTESIAN_POINT ( 'NONE',  ( 3.148920469802236166, -2.493208423181302091, 3.586591930782425663 ) ) ;
#545 = ORIENTED_EDGE ( 'NONE', *, *, #1634, .T. ) ;
#546 = CARTESIAN_POINT ( 'NONE',  ( -2.115185042793908732, -5.309907909034895290, 4.278432230330962760 ) ) ;
#547 = CARTESIAN_POINT ( 'NONE',  ( 0.4317577710035821470, -1.933443358367431752, -4.699196092087925436 ) ) ;
#548 = CARTESIAN_POINT ( 'NONE',  ( -3.546310875323077649, -4.206761763400564291, 3.112786369978696399 ) ) ;
#549 = DIRECTION ( 'NONE',  ( -0.000000000000000000, 1.000000000000000000, -0.000000000000000000 ) ) ;
#550 = ORIENTED_EDGE ( 'NONE', *, *, #5103, .T. ) ;
#551 = CARTESIAN_POINT ( 'NONE',  ( -4.611077637037787724, -2.904958238328102738, 1.231090613382415100 ) ) ;
#552 = CARTESIAN_POINT ( 'NONE',  ( 4.280754216663254397, -6.164184835525411188, 2.110154904800480846 ) ) ;
#553 = B_SPLINE_CURVE_WITH_KNOTS ( 'NONE', 3,
 ( #3794, #419, #4122, #477 ),
 .UNSPECIFIED., .F., .F.,
 ( 4, 4 ),
 ( 2.380734335077702051E-07, 0.003213249942171107244 ),
 .UNSPECIFIED. ) ;
#554 = EDGE_LOOP ( 'NONE', ( #4752, #1167, #4739, #4550, #4113, #934 ) ) ;
#555 = CARTESIAN_POINT ( 'NONE',  ( -4.602445087956906988, -5.667400817305732197, -1.046077069710125373 ) ) ;
#556 = CARTESIAN_POINT ( 'NONE',  ( -3.786004083962234201, -5.630215229202793381, -2.905975874082500354 ) ) ;
#557 = CARTESIAN_POINT ( 'NONE',  ( -0.6196736151024360151, -4.519076716997768806, -4.732357307077529107 ) ) ;
#558 = CARTESIAN_POINT ( 'NONE',  ( 5.905857078482122577E-16, -1.508759813876278555, 6.350852961085882598 ) ) ;
#559 = CARTESIAN_POINT ( 'NONE',  ( -4.259463206126974377, -6.670817498712263927, 2.182504934500775651 ) ) ;
#560 = CARTESIAN_POINT ( 'NONE',  ( -0.3136752728555180503, -6.560102446781114871, 4.763650885012169489 ) ) ;
#561 = CARTESIAN_POINT ( 'NONE',  ( 2.770471766894177179, -8.012901296175531485, -2.770471766894176735 ) ) ;
#562 = CARTESIAN_POINT ( 'NONE',  ( -4.709047304298762171, -5.395830999612778456, 0.3041278548509544488 ) ) ;
#563 = CARTESIAN_POINT ( 'NONE',  ( 4.517776033816210735, -3.563232574182279677, -1.538893956487677128 ) ) ;
#564 = CARTESIAN_POINT ( 'NONE',  ( 0.3171526938551892383, -5.166743113184709024, 4.762333682195497353 ) ) ;
#565 = LOCAL_TIME ( 17, 20, 7.000000000000000000, #3199 ) ;
#566 = CARTESIAN_POINT ( 'NONE',  ( -1.578579852768128955, -2.518429509500276886, -3.811028889841741041 ) ) ;
#567 = CARTESIAN_POINT ( 'NONE',  ( 4.731806716201613305, -3.654800026444415373, 0.6225960259934669727 ) ) ;
#568 = CARTESIAN_POINT ( 'NONE',  ( -1.972692090801868137, -2.816874999999999130, 4.762499999999999289 ) ) ;
#569 = CARTESIAN_POINT ( 'NONE',  ( -4.084368322617578428, -4.244905478610865757, -2.363076012102103274 ) ) ;
#570 = DIRECTION ( 'NONE',  ( 0.000000000000000000, -1.000000000000000000, 0.000000000000000000 ) ) ;
#571 = EDGE_CURVE ( 'NONE', #956, #4783, #3857, .T. ) ;
#572 = CARTESIAN_POINT ( 'NONE',  ( 1.892052094950088525, -7.214306199427690025, 3.643200866806069804 ) ) ;
#573 = CARTESIAN_POINT ( 'NONE',  ( 4.260753523247610204E-16, 0.9662187481069689499, 3.479169280656359220 ) ) ;
#574 = TOROIDAL_SURFACE ( 'NONE', #2488, 1.957629832425594740, 0.5000000000000000000 ) ;
#575 = ORIENTED_EDGE ( 'NONE', *, *, #1537, .F. ) ;
#576 = CARTESIAN_POINT ( 'NONE',  ( 1.537358417207105310, -3.843590462020230802, 4.518337056118322259 ) ) ;
#577 = CARTESIAN_POINT ( 'NONE',  ( 2.243216661717702731, -2.043170228197050520, -4.212870207239066467 ) ) ;
#578 = CARTESIAN_POINT ( 'NONE',  ( -0.3100749856488156375, -4.569264756888445689, -4.762552805300295233 ) ) ;
#579 = CARTESIAN_POINT ( 'NONE',  ( 0.000000000000000000, 0.4738549290423901272, 1.734723475976807094E-15 ) ) ;
#580 = ORIENTED_EDGE ( 'NONE', *, *, #3150, .T. ) ;
#581 = CARTESIAN_POINT ( 'NONE',  ( -2.389694965109163238, -2.746189602040859601, 4.131390621546454867 ) ) ;
#582 = CARTESIAN_POINT ( 'NONE',  ( 4.518281761073382086, -6.137168934159139333, 1.537120788417601025 ) ) ;
#583 = VERTEX_POINT ( 'NONE', #486 ) ;
#584 = VERTEX_POINT ( 'NONE', #2157 ) ;
#585 = CARTESIAN_POINT ( 'NONE',  ( -3.733771988191625368, -5.397399882622585743, 2.974697930379259780 ) ) ;
#586 = CARTESIAN_POINT ( 'NONE',  ( -3.912131931017958308, -2.458378089016383328, -0.2187224260678738708 ) ) ;
#587 = CARTESIAN_POINT ( 'NONE',  ( -2.383624161589543711, -4.438149293212226176, -4.134999279626774715 ) ) ;
#588 = CARTESIAN_POINT ( 'NONE',  ( 0.000000000000000000, 4.067719139822249197, 1.734723475976807094E-15 ) ) ;
#589 = VERTEX_POINT ( 'NONE', #1005 ) ;
#590 = CARTESIAN_POINT ( 'NONE',  ( -0.001163355406556704349, -2.550761377723433476, 4.708643259180776752 ) ) ;
#591 = CARTESIAN_POINT ( 'NONE',  ( 2.749999999999998668, -2.000000000000000000, -4.763139720814413280 ) ) ;
#592 = CARTESIAN_POINT ( 'NONE',  ( 3.811028889841740597, -8.115945490499724357, 0.000000000000000000 ) ) ;
#593 = CARTESIAN_POINT ( 'NONE',  ( 2.389691671542607310, -3.840060560703391523, 4.131392435758514559 ) ) ;
#594 = CARTESIAN_POINT ( 'NONE',  ( -1.622904786874859173, -7.066473703824470043, 3.918038746913496073 ) ) ;
#595 = CARTESIAN_POINT ( 'NONE',  ( -3.741635674812637369, -4.271523115097416223, -2.875130035933693318 ) ) ;
#596 = FACE_OUTER_BOUND ( 'NONE', #5308, .T. ) ;
#597 = CALENDAR_DATE ( 2026, 3, 1 ) ;
#598 = CARTESIAN_POINT ( 'NONE',  ( 2.770471766894176291, -5.558348703824470327, 2.770471766894177623 ) ) ;
#599 = VERTEX_POINT ( 'NONE', #1303 ) ;
#600 = CARTESIAN_POINT ( 'NONE',  ( 3.145929146844590019, -3.420635408027244750, -3.589327281556348836 ) ) ;
#601 = EDGE_CURVE ( 'NONE', #4852, #891, #941, .T. ) ;
#602 = DIRECTION ( 'NONE',  ( 0.000000000000000000, 0.000000000000000000, 1.000000000000000000 ) ) ;
#603 = CARTESIAN_POINT ( 'NONE',  ( 1.514320356567562031, -4.736206606615537495, -4.469021198466688993 ) ) ;
#604 = CARTESIAN_POINT ( 'NONE',  ( -0.3171526937790535294, -2.689506886812223829, 4.762333682195537321 ) ) ;
#605 = DIRECTION ( 'NONE',  ( 0.000000000000000000, 0.000000000000000000, 1.000000000000000000 ) ) ;
#606 = CARTESIAN_POINT ( 'NONE',  ( 4.133033603154538937, -5.964729789289665796, -2.386585286319701016 ) ) ;
#607 = ORIENTED_EDGE ( 'NONE', *, *, #3776, .T. ) ;
#608 = CARTESIAN_POINT ( 'NONE',  ( -4.415217470518259191, -5.695872859598872573, -1.668119657474548712 ) ) ;
#609 = CARTESIAN_POINT ( 'NONE',  ( -0.6158352816254737405, -4.061112364827122789, 4.678263598528637601 ) ) ;
#610 = CARTESIAN_POINT ( 'NONE',  ( 1.232539331579379560, -5.066626038194860016, 4.610695539972514467 ) ) ;
#611 = CARTESIAN_POINT ( 'NONE',  ( 0.000000000000000000, 0.9662187481069691719, -3.479169280656357888 ) ) ;
#612 = CARTESIAN_POINT ( 'NONE',  ( 1.516311322776409121, -3.754953261653903418, 4.468481218010738054 ) ) ;
#613 = ORIENTED_EDGE ( 'NONE', *, *, #4418, .T. ) ;
#614 = CARTESIAN_POINT ( 'NONE',  ( 3.551641759002921450, -5.897261765769650665, -3.107036343992962912 ) ) ;
#615 = DIRECTION ( 'NONE',  ( 1.000000000000000000, 4.802718242948642635E-32, -1.224646799147353207E-16 ) ) ;
#616 = B_SPLINE_CURVE_WITH_KNOTS ( 'NONE', 3,
 ( #68, #3391, #15, #2969, #4644, #2561, #910, #2590, #367, #2038, #1796, #3029, #125, #3910, #1825, #4703, #1354, #3473, #505, #2176, #3852, #1382, #939, #4264, #4730, #2646, #97, #4320, #5114, #5143, #3444, #2619, #564, #3498 ),
 .UNSPECIFIED., .F., .F.,
 ( 4, 2, 2, 2, 2, 2, 2, 2, 2, 2, 2, 2, 2, 2, 2, 2, 4 ),
 ( 0.01503758365067503489, 0.01597733061796896212, 0.01691707758526288935, 0.01785682455255681658, 0.01879657151985074381, 0.01973631848714467105, 0.02067606545443859828, 0.02161581242173252898, 0.02255555938902645621, 0.02349530635632038345, 0.02443505332361431415, 0.02537480029090824485, 0.02631454725820216861, 0.02725429422549609931, 0.02819404119279002655, 0.02913378816008395725, 0.03007353512737788448 ),
 .UNSPECIFIED. ) ;
#617 = CARTESIAN_POINT ( 'NONE',  ( 3.811028889841741041, -1.565929509500276984, -1.578579852768128955 ) ) ;
#618 = AXIS2_PLACEMENT_3D ( 'NONE', #1353, #938, #1022 ) ;
#619 = CARTESIAN_POINT ( 'NONE',  ( 1.251824457938960133, -3.894265936816957208, 4.636731094871918479 ) ) ;
#620 = CARTESIAN_POINT ( 'NONE',  ( 2.770471766894177179, -6.510848703824470007, -2.770471766894176735 ) ) ;
#621 = CARTESIAN_POINT ( 'NONE',  ( -4.762832702980553279, -4.153817915815733564, 0.3088279505165607564 ) ) ;
#622 = LINE ( 'NONE', #2291, #210 ) ;
#623 = CARTESIAN_POINT ( 'NONE',  ( -3.918038746913496961, -4.843973703824469901, -1.622904786874857175 ) ) ;
#624 = CARTESIAN_POINT ( 'NONE',  ( 4.131978334066698011, -3.485406590661785042, -2.388403828129398221 ) ) ;
#625 = CARTESIAN_POINT ( 'NONE',  ( 1.955136462927890451, -2.029224341112900287, -4.354136240408899461 ) ) ;
#626 = CARTESIAN_POINT ( 'NONE',  ( -0.6283312634930253715, -4.616694979785175512, -4.731106135746742325 ) ) ;
#627 = CARTESIAN_POINT ( 'NONE',  ( 3.786121039782235353, -6.265213406799445828, 2.905978933260626729 ) ) ;
#628 = DIRECTION ( 'NONE',  ( 0.000000000000000000, -3.921717058577609625E-16, 1.000000000000000000 ) ) ;
#629 = ADVANCED_FACE ( 'NONE', ( #4455 ), #1875, .T. ) ;
#630 = CARTESIAN_POINT ( 'NONE',  ( 0.3126049652481678320, -5.766329746892257191, -4.762392652954543948 ) ) ;
#631 = ORIENTED_EDGE ( 'NONE', *, *, #3744, .T. ) ;
#632 = CARTESIAN_POINT ( 'NONE',  ( -3.732146849937223454, -5.458053363185432438, 2.976730909527677493 ) ) ;
#633 = CARTESIAN_POINT ( 'NONE',  ( -3.551657561252941520, -4.498987228859291143, -3.107018184265555760 ) ) ;
#634 = CARTESIAN_POINT ( 'NONE',  ( 3.589255668694190771, -5.008133824338576900, 3.145664097106866564 ) ) ;
#635 = CARTESIAN_POINT ( 'NONE',  ( -4.113515124622722396, -7.198176137629699767, 0.1189754548202242718 ) ) ;
#636 = CARTESIAN_POINT ( 'NONE',  ( 3.784643637508728453, -3.664552240029427033, 2.907902345054724780 ) ) ;
#637 = EDGE_CURVE ( 'NONE', #584, #2114, #5054, .T. ) ;
#638 = CARTESIAN_POINT ( 'NONE',  ( 2.698725325869220981, -2.641652733295479116, 3.874886885676038339 ) ) ;
#639 = CARTESIAN_POINT ( 'NONE',  ( -3.918038746913496961, -6.034598703824469723, -4.798213610342920265E-16 ) ) ;
#640 = CARTESIAN_POINT ( 'NONE',  ( 1.120557676716636974, -2.178186744033894229, -4.587337710211971675 ) ) ;
#641 = CARTESIAN_POINT ( 'NONE',  ( 1.578579852768130065, -7.084070490499724038, 3.811028889841740597 ) ) ;
#642 = CARTESIAN_POINT ( 'NONE',  ( -0.3045131028163380327, -4.443318976641516649, -4.708830604251271090 ) ) ;
#643 = CARTESIAN_POINT ( 'NONE',  ( 1.622904786874857841, -3.097723703824470043, 3.918038746913496073 ) ) ;
#644 = CARTESIAN_POINT ( 'NONE',  ( -4.520030292272166683, -4.161314131407986672, 1.532500695962175641 ) ) ;
#645 = AXIS2_PLACEMENT_3D ( 'NONE', #3091, #2677, #5251 ) ;
#646 = CARTESIAN_POINT ( 'NONE',  ( -5.500000000000000000, -0.01738525708133294156, -3.175426480542940855 ) ) ;
#647 = PERSON_AND_ORGANIZATION_ROLE ( 'design_owner' ) ;
#648 = CARTESIAN_POINT ( 'NONE',  ( 3.918038746913496073, -6.748973703824470149, 1.622904786874859839 ) ) ;
#649 = CARTESIAN_POINT ( 'NONE',  ( -3.786272887191230563, -2.861046996389972286, 2.905783224170236156 ) ) ;
#650 = CARTESIAN_POINT ( 'NONE',  ( 2.775511848096114509, -2.130852394017881402, -3.882890762843732357 ) ) ;
#651 = CARTESIAN_POINT ( 'NONE',  ( -3.145437926834764308, -4.435640189788870202, -3.589759753933479569 ) ) ;
#652 = CARTESIAN_POINT ( 'NONE',  ( -1.236487881207144923, -3.259433449521415671, -4.609687948132505042 ) ) ;
#653 = CARTESIAN_POINT ( 'NONE',  ( -3.978102522884467529, -5.738669599003970667, -2.538665206482583425 ) ) ;
#654 = AXIS2_PLACEMENT_3D ( 'NONE', #3360, #829, #1240 ) ;
#655 = CARTESIAN_POINT ( 'NONE',  ( -2.108618314095123569, -5.721657655362283990, -4.281511888278080491 ) ) ;
#656 = ORIENTED_EDGE ( 'NONE', *, *, #1902, .F. ) ;
#657 = CARTESIAN_POINT ( 'NONE',  ( -0.002440671509797156906, -5.216842554312614233, 4.762499374606004032 ) ) ;
#658 = CARTESIAN_POINT ( 'NONE',  ( 4.084500894783820613, -4.881355817382637241, -2.362853377265166088 ) ) ;
#659 = DIRECTION ( 'NONE',  ( -0.000000000000000000, -1.000000000000000000, -3.921717058577609625E-16 ) ) ;
#660 = DIRECTION ( 'NONE',  ( -0.000000000000000000, 1.000000000000000000, -0.000000000000000000 ) ) ;
#661 = CARTESIAN_POINT ( 'NONE',  ( 4.731784574366689533, -3.505655239605281803, -0.6233710951255637678 ) ) ;
#662 = CARTESIAN_POINT ( 'NONE',  ( 3.385800547406148553, -2.054305872193218363, -3.211358547346686354 ) ) ;
#663 = ADVANCED_FACE ( 'NONE', ( #3821 ), #2421, .T. ) ;
#664 = DIRECTION ( 'NONE',  ( 0.000000000000000000, 0.000000000000000000, 1.000000000000000000 ) ) ;
#665 = CARTESIAN_POINT ( 'NONE',  ( 1.137226915408110051, -2.089552082904858388, -4.638874367467310300 ) ) ;
#666 = CARTESIAN_POINT ( 'NONE',  ( 2.333582165701389692E-16, -1.327804509500276176, -3.811028889841740597 ) ) ;
#667 = CARTESIAN_POINT ( 'NONE',  ( 2.874154255024154558, -4.588972662082724696, -3.742272792836434103 ) ) ;
#668 = CARTESIAN_POINT ( 'NONE',  ( -7.197320415514379411E-16, -3.177098703824469794, 3.918038746913496961 ) ) ;
#669 = CARTESIAN_POINT ( 'NONE',  ( -4.133964981840358099, -4.157779244816392605, 2.385321701272046901 ) ) ;
#670 = CYLINDRICAL_SURFACE ( 'NONE', #2042, 4.762500000000000178 ) ;
#671 = DATE_TIME_ROLE ( 'classification_date' ) ;
#672 = CARTESIAN_POINT ( 'NONE',  ( 1.622904786874857175, -7.701473703824469830, -3.918038746913496961 ) ) ;
#673 = CARTESIAN_POINT ( 'NONE',  ( -4.609677926614949683, -3.002673935442219832, 1.237157114479555009 ) ) ;
#674 = CARTESIAN_POINT ( 'NONE',  ( 3.138157659634714047, -2.402859691160363020, 3.513931042239426983 ) ) ;
#675 = CARTESIAN_POINT ( 'NONE',  ( -4.610277521128399059, -2.942006953608196973, 1.234905369696309707 ) ) ;
#676 = CARTESIAN_POINT ( 'NONE',  ( 0.000000000000000000, 1.473854929042390127, 4.340740814427817895 ) ) ;
#677 = CARTESIAN_POINT ( 'NONE',  ( -3.144562830683430121, -5.607684031950610049, -3.590205837781916820 ) ) ;
#678 = ORIENTED_EDGE ( 'NONE', *, *, #5320, .T. ) ;
#679 = CARTESIAN_POINT ( 'NONE',  ( -2.963493916336666256, -7.391961253086498651, 2.562953653531614862 ) ) ;
#680 = CARTESIAN_POINT ( 'NONE',  ( -1.902778571133521890, -1.401099001746710870, -3.424976106712360302 ) ) ;
#681 = CARTESIAN_POINT ( 'NONE',  ( 0.6098932131630255826, -4.695854683017912201, -4.679203586141102988 ) ) ;
#682 = CARTESIAN_POINT ( 'NONE',  ( 4.609674214879895260, -4.853576677206680401, 1.237170803093935234 ) ) ;
#683 = CARTESIAN_POINT ( 'NONE',  ( 0.8749350999044468447, -2.003101584714771732, -4.695937979721801270 ) ) ;
#684 = CARTESIAN_POINT ( 'NONE',  ( 2.869135336928108071, -3.687722775515334117, 3.746206477695869452 ) ) ;
#685 = CARTESIAN_POINT ( 'NONE',  ( 4.715736274556152630, -2.458122482836825551, 0.2449223096471442040 ) ) ;
#686 = CARTESIAN_POINT ( 'NONE',  ( 1.622904786874857841, -5.637723703824471855, 3.918038746913496073 ) ) ;
#687 = CARTESIAN_POINT ( 'NONE',  ( 0.5909992973646378545, -2.155159416883922319, -4.674828889494204276 ) ) ;
#688 = EDGE_LOOP ( 'NONE', ( #767, #3341, #2557, #5216 ) ) ;
#689 = ADVANCED_FACE ( 'NONE', ( #1143 ), #1117, .F. ) ;
#690 = CARTESIAN_POINT ( 'NONE',  ( -3.811028889841740597, -4.940945490499722759, -4.667164331402779384E-16 ) ) ;
#691 = CARTESIAN_POINT ( 'NONE',  ( -2.983383958937197544, -2.000000000000002665, -4.628395429297479602 ) ) ;
#692 = CARTESIAN_POINT ( 'NONE',  ( 5.499999999999999112, -2.000000000000000000, -0.5375526812502229301 ) ) ;
#693 = CARTESIAN_POINT ( 'NONE',  ( -4.678407850400208901, -3.108588262880515707, -0.6153028199238790297 ) ) ;
#694 = PERSON_AND_ORGANIZATION ( #2945, #2825 ) ;
#695 = AXIS2_PLACEMENT_3D ( 'NONE', #526, #1847, #2197 ) ;
#696 = CARTESIAN_POINT ( 'NONE',  ( -2.770471766894177623, -7.145848703824469794, 2.770471766894176735 ) ) ;
#697 = CARTESIAN_POINT ( 'NONE',  ( -4.466769269200144166, -3.017063320976352436, 1.520946244102880707 ) ) ;
#698 = CARTESIAN_POINT ( 'NONE',  ( 0.3115422794580074983, -2.538035591611734088, 4.708723848697333736 ) ) ;
#699 = CARTESIAN_POINT ( 'NONE',  ( -3.145918343880497403, -3.165615146370270416, -3.589336579924551351 ) ) ;
#700 = DIRECTION ( 'NONE',  ( 0.000000000000000000, 1.000000000000000000, 3.921717058577609625E-16 ) ) ;
#701 = CARTESIAN_POINT ( 'NONE',  ( 0.6224199696868980558, -5.751569035463680812, -4.677443146017717268 ) ) ;
#702 = ORIENTED_EDGE ( 'NONE', *, *, #3640, .T. ) ;
#703 = CARTESIAN_POINT ( 'NONE',  ( -1.622904786874856731, -6.028526296175528820, 3.918038746913489856 ) ) ;
#704 = CARTESIAN_POINT ( 'NONE',  ( 3.918038746913496073, -1.901026296175530206, 1.622904786874859839 ) ) ;
#705 = DIRECTION ( 'NONE',  ( 0.000000000000000000, 0.000000000000000000, -1.000000000000000000 ) ) ;
#706 = CARTESIAN_POINT ( 'NONE',  ( 4.731439684127076717, -4.836307124084378017, -0.6259950529203996972 ) ) ;
#707 = CARTESIAN_POINT ( 'NONE',  ( -0.1114719001553588773, -2.000000000000000000, -4.761195255970474882 ) ) ;
#708 = CARTESIAN_POINT ( 'NONE',  ( 4.762333787928520579, -3.543855230517542143, 0.3132139230133976215 ) ) ;
#709 = CARTESIAN_POINT ( 'NONE',  ( 0.3617673254597368326, -2.750812614868138439, 4.708552081590317684 ) ) ;
#710 = CARTESIAN_POINT ( 'NONE',  ( 3.918038746913496073, -6.748973703824470149, 1.622904786874859839 ) ) ;
#711 = CARTESIAN_POINT ( 'NONE',  ( 0.6015815444671543943, -2.066521351032050813, -4.727818148620457350 ) ) ;
#712 = ORIENTED_EDGE ( 'NONE', *, *, #3627, .F. ) ;
#713 = CARTESIAN_POINT ( 'NONE',  ( -2.694804371304935664, -3.512195490499722794, 2.694804371304934332 ) ) ;
#714 = CARTESIAN_POINT ( 'NONE',  ( -3.108121268788718083, -4.309696156660649535, -3.550368624505433335 ) ) ;
#715 = CARTESIAN_POINT ( 'NONE',  ( 1.622904786874857175, -3.891473703824469332, -3.918038746913496961 ) ) ;
#716 = ADVANCED_FACE ( 'NONE', ( #4958 ), #4853, .F. ) ;
#717 = CARTESIAN_POINT ( 'NONE',  ( -4.610277521128401723, -4.212006953608199211, 1.234905369696304600 ) ) ;
#718 = CARTESIAN_POINT ( 'NONE',  ( 3.542797965047153941, -3.571551696366039863, -3.116753142153124490 ) ) ;
#719 = CARTESIAN_POINT ( 'NONE',  ( 3.522901272693184538, -6.319539927503612375, 3.221883299542339874 ) ) ;
#720 = CARTESIAN_POINT ( 'NONE',  ( 1.578579852768129177, -7.757179509500278236, -3.811028889841741041 ) ) ;
#721 = CARTESIAN_POINT ( 'NONE',  ( -4.231774699879299106, -2.990047424712540813, 2.087435775789785897 ) ) ;
#722 = CIRCLE ( 'NONE', #2571, 4.762500000000000178 ) ;
#723 = CARTESIAN_POINT ( 'NONE',  ( 4.689242717106693270, -2.255094078093672572, 0.5296309821836353571 ) ) ;
#724 = EDGE_CURVE ( 'NONE', #1456, #3481, #3952, .T. ) ;
#725 = CARTESIAN_POINT ( 'NONE',  ( -4.371833965118157472, -6.601361975350562794, 1.748810975667089096 ) ) ;
#726 = CARTESIAN_POINT ( 'NONE',  ( -2.133149124849998302, -5.845309788762278025, -4.209398479898228906 ) ) ;
#727 = CARTESIAN_POINT ( 'NONE',  ( -4.278189848545876472, -5.529445308751117061, -2.115566201066000573 ) ) ;
#728 = APPROVAL_PERSON_ORGANIZATION ( #2341, #317, #3172 ) ;
#729 = ORIENTED_EDGE ( 'NONE', *, *, #1939, .T. ) ;
#730 = CARTESIAN_POINT ( 'NONE',  ( 2.770471766894173182, -5.472901296175527897, -2.770471766894172738 ) ) ;
#731 = B_SPLINE_CURVE_WITH_KNOTS ( 'NONE', 3,
 ( #3354, #4583, #415, #5052, #4090, #330 ),
 .UNSPECIFIED., .F., .F.,
 ( 4, 2, 4 ),
 ( 0.005974341325904718343, 0.007582004499376947607, 0.009189667672849177738 ),
 .UNSPECIFIED. ) ;
#732 = CARTESIAN_POINT ( 'NONE',  ( -8.748570571408905162E-16, -6.388749999999999929, 4.762500000000000178 ) ) ;
#733 = CARTESIAN_POINT ( 'NONE',  ( 1.524481119640938687, -5.239399214282607353, 4.465568053159922002 ) ) ;
#734 = CARTESIAN_POINT ( 'NONE',  ( -1.532867016699616114, -4.418025656131325363, -4.519727950129232674 ) ) ;
#735 = CARTESIAN_POINT ( 'NONE',  ( -2.243420046170165882, -2.021276955957689747, -4.155595154126765500 ) ) ;
#736 = CARTESIAN_POINT ( 'NONE',  ( 3.788327264532537875, -3.398213247960540251, -2.902814395661452718 ) ) ;
#737 = CARTESIAN_POINT ( 'NONE',  ( 2.680977643388765319, -2.033919951207539878, -3.866265871945752330 ) ) ;
#738 = LINE ( 'NONE', #3731, #4499 ) ;
#739 = CARTESIAN_POINT ( 'NONE',  ( 0.000000000000000000, -2.000000000000000000, 1.734723475976807094E-15 ) ) ;
#740 = CARTESIAN_POINT ( 'NONE',  ( 3.344304487251750224, -2.198399726309665070, -3.410012025315801054 ) ) ;
#741 = CARTESIAN_POINT ( 'NONE',  ( -2.770471766894177623, -6.107901296175531236, 2.770471766894176735 ) ) ;
#742 = CARTESIAN_POINT ( 'NONE',  ( 5.500000000000000000, -2.000000000000000000, 1.734723475976807094E-15 ) ) ;
#743 = CARTESIAN_POINT ( 'NONE',  ( -3.918038746913496961, -4.764598703824469261, -4.798213610342920265E-16 ) ) ;
#744 = CARTESIAN_POINT ( 'NONE',  ( -2.874276415466340495, -4.537270712144271911, -3.742174687143335010 ) ) ;
#745 = CARTESIAN_POINT ( 'NONE',  ( 4.598775329437195580, -1.781821257207333753, 3.695748786692707455 ) ) ;
#746 = CARTESIAN_POINT ( 'NONE',  ( -3.551641757708128289, -3.228988234321756412, -3.107036345702759661 ) ) ;
#747 = CARTESIAN_POINT ( 'NONE',  ( 4.710546751795168241, -6.254298476369818616, -0.09263221284710226877 ) ) ;
#748 = CARTESIAN_POINT ( 'NONE',  ( -3.811028889841740597, -7.360304509500277703, -4.667164331402779384E-16 ) ) ;
#749 = CARTESIAN_POINT ( 'NONE',  ( -3.589261638731950921, -2.848116530912410571, 3.145657350528058505 ) ) ;
#750 = CARTESIAN_POINT ( 'NONE',  ( 1.236169546814981812, -2.497797852852914335, 4.554104840861422865 ) ) ;
#751 = FACE_OUTER_BOUND ( 'NONE', #5286, .T. ) ;
#752 = CARTESIAN_POINT ( 'NONE',  ( 2.671726455059070915, -6.063071060914484001, -3.889921339309700521 ) ) ;
#753 = CARTESIAN_POINT ( 'NONE',  ( -2.113861122459123720, -5.211864373660684890, 4.278929530428132288 ) ) ;
#754 = EDGE_CURVE ( 'NONE', #3543, #2165, #4105, .T. ) ;
#755 = ORIENTED_EDGE ( 'NONE', *, *, #3045, .F. ) ;
#756 = CARTESIAN_POINT ( 'NONE',  ( 3.918038746913490744, -6.822276296175529886, -1.622904786874854954 ) ) ;
#757 = CARTESIAN_POINT ( 'NONE',  ( -2.770471766894177623, -2.297901296175529851, 2.770471766894176735 ) ) ;
#758 = CARTESIAN_POINT ( 'NONE',  ( -1.269982921940131737, -2.323866893578400372, 3.962876662717344178 ) ) ;
#759 = CARTESIAN_POINT ( 'NONE',  ( -2.870590612194460434, -4.322648357914212980, -3.745305089355043027 ) ) ;
#760 = CARTESIAN_POINT ( 'NONE',  ( -2.178634301270121032, -2.015608938131503880, -4.202027393796617716 ) ) ;
#761 = CARTESIAN_POINT ( 'NONE',  ( -4.279377666836537308, -3.050097422040110473, -2.113160901016386983 ) ) ;
#762 = CARTESIAN_POINT ( 'NONE',  ( 4.505653390357053034, -2.118962507539650097, -0.5972508943295830042 ) ) ;
#763 = ORIENTED_EDGE ( 'NONE', *, *, #2642, .T. ) ;
#764 = CARTESIAN_POINT ( 'NONE',  ( -4.018686159337065078, -6.589275094764768248, 2.599049721873144758 ) ) ;
#765 = CARTESIAN_POINT ( 'NONE',  ( -0.07431304498300478345, -2.000000000000001332, -4.762065240915634767 ) ) ;
#766 = DIRECTION ( 'NONE',  ( 0.000000000000000000, 0.7071067811865493491, 0.7071067811865455743 ) ) ;
#767 = ORIENTED_EDGE ( 'NONE', *, *, #795, .T. ) ;
#768 = CARTESIAN_POINT ( 'NONE',  ( 1.578579852768130065, -2.004070490499723523, 3.811028889841740597 ) ) ;
#769 = CARTESIAN_POINT ( 'NONE',  ( -1.229833529534450687, -3.873338467300831756, 4.555810136873009952 ) ) ;
#770 = CARTESIAN_POINT ( 'NONE',  ( 1.217642377723214153, -6.308631166229662135, 4.558808346199991313 ) ) ;
#771 = CARTESIAN_POINT ( 'NONE',  ( 4.131733950433606140, -4.853361815311864724, -2.388995406183129777 ) ) ;
#772 = CARTESIAN_POINT ( 'NONE',  ( -0.3108702888816112786, -4.569231867391040147, -4.762499999999054268 ) ) ;
#773 = CARTESIAN_POINT ( 'NONE',  ( -1.217642379250136075, -2.817618833838620773, 4.558808345835900333 ) ) ;
#774 = CARTESIAN_POINT ( 'NONE',  ( 1.578579852768130065, -6.963429509500278058, 3.811028889841740597 ) ) ;
#775 = CARTESIAN_POINT ( 'NONE',  ( -1.519070291995599620, -3.334653066162984292, -4.467564144837344209 ) ) ;
#776 = CARTESIAN_POINT ( 'NONE',  ( 4.716066345180156993, -2.230923230001248925, -0.7344640611955722820 ) ) ;
#777 = CARTESIAN_POINT ( 'NONE',  ( -0.001163355406556704349, -2.550761377723433476, 4.708643259180776752 ) ) ;
#778 = CARTESIAN_POINT ( 'NONE',  ( -0.3028042019253928685, -6.587843701334383795, 4.709615034810278544 ) ) ;
#779 = CARTESIAN_POINT ( 'NONE',  ( -2.911044155073139184, -5.252219826341513631, 3.782173467027011959 ) ) ;
#780 = VERTEX_POINT ( 'NONE', #657 ) ;
#781 = AXIS2_PLACEMENT_3D ( 'NONE', #5395, #2899, #4964 ) ;
#782 = CIRCLE ( 'NONE', #4384, 4.340740814427816119 ) ;
#783 = CARTESIAN_POINT ( 'NONE',  ( -2.770471766894172738, -2.615401296175527524, -2.770471766894173182 ) ) ;
#784 = CARTESIAN_POINT ( 'NONE',  ( -3.918038746913496961, -3.726651296175530259, -4.798213610342920265E-16 ) ) ;
#785 = CARTESIAN_POINT ( 'NONE',  ( -3.681566269432175798, 0.4173102238648540574, -4.225299684389768551 ) ) ;
#786 = CARTESIAN_POINT ( 'NONE',  ( -2.081191106266101709, -4.363025871451648996, -4.234850659545078777 ) ) ;
#787 = CARTESIAN_POINT ( 'NONE',  ( -1.264722030952369902, -6.661831478352994829, 4.485536059179027646 ) ) ;
#788 = CARTESIAN_POINT ( 'NONE',  ( -4.609508961987812903, -2.948573777099488424, -1.237030276621092995 ) ) ;
#789 = AXIS2_PLACEMENT_3D ( 'NONE', #2502, #5058, #2559 ) ;
#790 = CARTESIAN_POINT ( 'NONE',  ( 4.478007158724436998, -2.113586316621304029, -0.8354938382885495063 ) ) ;
#791 = ORIENTED_EDGE ( 'NONE', *, *, #3584, .T. ) ;
#792 = CARTESIAN_POINT ( 'NONE',  ( -4.213098620609215139, -6.582184341262999894, 2.154286759779662219 ) ) ;
#793 = CARTESIAN_POINT ( 'NONE',  ( 3.918038746913496961, -2.780223703824470149, -1.622904786874857619 ) ) ;
#794 = CARTESIAN_POINT ( 'NONE',  ( 2.434694996411496781, -2.628651977989107547, 4.109472290082455181 ) ) ;
#795 = EDGE_CURVE ( 'NONE', #4852, #2286, #2607, .T. ) ;
#796 = CARTESIAN_POINT ( 'NONE',  ( -1.622904786874856953, -7.774776296175532231, -3.918038746913496961 ) ) ;
#797 = CARTESIAN_POINT ( 'NONE',  ( 5.500000000000000000, -1.999999999999999556, 0.5380045017581059907 ) ) ;
#798 = DIRECTION ( 'NONE',  ( 0.000000000000000000, 3.921717058577609625E-16, -1.000000000000000000 ) ) ;
#799 = CARTESIAN_POINT ( 'NONE',  ( 4.520030285378800805, -4.964935869509768729, 1.532500715919134837 ) ) ;
#800 = CARTESIAN_POINT ( 'NONE',  ( -4.731236179571251199, -2.982763946334292537, -0.6270351949240716705 ) ) ;
#801 = CARTESIAN_POINT ( 'NONE',  ( 4.089520812393579341, -3.824278295665780814, 2.354048985642270164 ) ) ;
#802 = CARTESIAN_POINT ( 'NONE',  ( -7.197320415514379411E-16, -4.447098703824469368, 3.918038746913496961 ) ) ;
#803 = CARTESIAN_POINT ( 'NONE',  ( -3.147251182757562660, -3.226298160978459784, -3.588176814670652526 ) ) ;
#804 = CARTESIAN_POINT ( 'NONE',  ( 4.762500000000000178, -7.500000000000000000, 0.000000000000000000 ) ) ;
#805 = DIRECTION ( 'NONE',  ( -0.000000000000000000, 1.000000000000000000, -0.000000000000000000 ) ) ;
#806 = CARTESIAN_POINT ( 'NONE',  ( 0.4786005707193378145, -6.555692435709365995, 4.686863729543162549 ) ) ;
#807 = CARTESIAN_POINT ( 'NONE',  ( 5.315874344317300390E-16, 1.473854929042390127, -4.340740814427814342 ) ) ;
#808 = ORIENTED_EDGE ( 'NONE', *, *, #5410, .T. ) ;
#809 = CIRCLE ( 'NONE', #3623, 0.5000000000000000000 ) ;
#810 = CARTESIAN_POINT ( 'NONE',  ( -0.6238585947199688508, -5.826120663160532231, -4.731641974262146277 ) ) ;
#811 = CARTESIAN_POINT ( 'NONE',  ( -4.762500000000001066, -5.356875000000001386, 1.972692090801864584 ) ) ;
#812 = CARTESIAN_POINT ( 'NONE',  ( -3.916963637520310737, -2.442433893336432682, 0.4172140737118160136 ) ) ;
#813 = CARTESIAN_POINT ( 'NONE',  ( 4.469741615449081884, -4.707628123509943308, -1.512536808355848139 ) ) ;
#814 = CARTESIAN_POINT ( 'NONE',  ( -1.443825056062714385, -2.000684310647014907, -4.542905197871414558 ) ) ;
#815 = CARTESIAN_POINT ( 'NONE',  ( 1.238375663505395075, -3.266133297066163621, -4.609185813031508872 ) ) ;
#816 = AXIS2_PLACEMENT_3D ( 'NONE', #4874, #700, #628 ) ;
#817 = FACE_OUTER_BOUND ( 'NONE', #2654, .T. ) ;
#818 = EDGE_LOOP ( 'NONE', ( #3807, #3841, #3918 ) ) ;
#819 = CARTESIAN_POINT ( 'NONE',  ( 4.333188651557350113, -6.081460975032557670, -2.003514464706484866 ) ) ;
#820 = CARTESIAN_POINT ( 'NONE',  ( -0.4778534885999601856, -6.468734972097887947, 4.762752245368010229 ) ) ;
#821 = CARTESIAN_POINT ( 'NONE',  ( 2.399106805171460132E-16, -3.812098703824470025, -3.918038746913496961 ) ) ;
#822 = CARTESIAN_POINT ( 'NONE',  ( 5.832380380939270108E-16, -7.500000000000000000, -4.762500000000000178 ) ) ;
#823 = ORIENTED_EDGE ( 'NONE', *, *, #5381, .F. ) ;
#824 = CARTESIAN_POINT ( 'NONE',  ( 2.770471766894176291, -7.060401296175530028, 2.770471766894177623 ) ) ;
#825 = EDGE_CURVE ( 'NONE', #3777, #1646, #1141, .T. ) ;
#826 = CARTESIAN_POINT ( 'NONE',  ( -2.879019540645547437, -3.954230697268231509, 3.738712268279812623 ) ) ;
#827 = CARTESIAN_POINT ( 'NONE',  ( 4.234167606590025557, -5.950447623768364558, -2.082830857992862050 ) ) ;
#828 = CARTESIAN_POINT ( 'NONE',  ( 4.557041437654567595, -4.935657762573421259, -1.224293060144540979 ) ) ;
#829 = DIRECTION ( 'NONE',  ( 0.000000000000000000, 1.000000000000000000, 0.000000000000000000 ) ) ;
#830 = CARTESIAN_POINT ( 'NONE',  ( -0.001164548443840164550, -5.090761426278149315, 4.708643258879271265 ) ) ;
#831 = CARTESIAN_POINT ( 'NONE',  ( 2.770471766894177179, -1.430848703824469492, -2.770471766894176735 ) ) ;
#832 = CARTESIAN_POINT ( 'NONE',  ( 1.234133261104357171, -3.363924821209931082, -4.610438429740498556 ) ) ;
#833 = CARTESIAN_POINT ( 'NONE',  ( -5.500000000000000000, -1.508759813876278111, 3.175426480542941743 ) ) ;
#834 = CARTESIAN_POINT ( 'NONE',  ( 3.389486358404752764, -6.102161165228548789, -3.283712990144316279 ) ) ;
#835 = CARTESIAN_POINT ( 'NONE',  ( -1.241505867413352560, -5.143350636817339172, 4.583253212170573576 ) ) ;
#836 = EDGE_LOOP ( 'NONE', ( #89, #388, #3454, #4195, #4807, #2056 ) ) ;
#837 = CARTESIAN_POINT ( 'NONE',  ( 3.918038746913490744, -3.012276296175528056, -1.622904786874854954 ) ) ;
#838 = CARTESIAN_POINT ( 'NONE',  ( -2.312887526230344992, -1.840697705571181064, -4.163166768339706003 ) ) ;
#839 = CARTESIAN_POINT ( 'NONE',  ( -2.114113634409063192, -4.039856245100247101, 4.278945318735421388 ) ) ;
#840 = CARTESIAN_POINT ( 'NONE',  ( -0.9466770282538112813, -6.631171027457329004, 4.594348433271796317 ) ) ;
#841 = CARTESIAN_POINT ( 'NONE',  ( -0.3046258211715739961, -3.173314402288990976, -4.708829867055378315 ) ) ;
#842 = CARTESIAN_POINT ( 'NONE',  ( 0.6239488594917239617, -6.363129470048394687, 4.731633248056071217 ) ) ;
#843 = ORIENTED_EDGE ( 'NONE', *, *, #4232, .F. ) ;
#844 = CARTESIAN_POINT ( 'NONE',  ( 0.4864510363805488180, -5.932296974621226404, -4.749097194054828996 ) ) ;
#845 = CARTESIAN_POINT ( 'NONE',  ( -1.540541851684718688, -5.245594706523903916, 4.517117609588678917 ) ) ;
#846 = CARTESIAN_POINT ( 'NONE',  ( 2.540468604030314324E-16, -3.909505671772414370, 4.762500000000000178 ) ) ;
#847 = DIRECTION ( 'NONE',  ( 0.000000000000000000, 0.000000000000000000, 1.000000000000000000 ) ) ;
#848 = CARTESIAN_POINT ( 'NONE',  ( 0.6620398432954491819, -6.547853960628436276, 4.664711841566328232 ) ) ;
#849 = CARTESIAN_POINT ( 'NONE',  ( -7.197320415514379411E-16, -4.679151296175529495, 3.918038746913496961 ) ) ;
#850 = CARTESIAN_POINT ( 'NONE',  ( 4.517677002837168665, -2.293230170044028959, -1.538912762538399814 ) ) ;
#851 = CARTESIAN_POINT ( 'NONE',  ( -1.506105909179604518, -6.513926968175554499, 4.534050876157951215 ) ) ;
#852 = CARTESIAN_POINT ( 'NONE',  ( 4.762163183153098167, -4.947159491819109078, -0.3189905753317653914 ) ) ;
#853 = CARTESIAN_POINT ( 'NONE',  ( -1.534500002629361370, -3.208719359581095887, -4.519170797323940114 ) ) ;
#854 = CARTESIAN_POINT ( 'NONE',  ( -2.132799503838892718, -7.354313989786107619, 3.343737605624252485 ) ) ;
#855 = EDGE_CURVE ( 'NONE', #2712, #1893, #1925, .T. ) ;
#856 = CARTESIAN_POINT ( 'NONE',  ( -3.811028889841741041, -3.629679509500276957, -1.578579852768129621 ) ) ;
#857 = CARTESIAN_POINT ( 'NONE',  ( -0.6257021770438320196, -3.286043293396560205, -4.731451711421670758 ) ) ;
#858 = CARTESIAN_POINT ( 'NONE',  ( -4.762500000000000178, -4.404374999999998153, -1.972692090801865916 ) ) ;
#859 = CARTESIAN_POINT ( 'NONE',  ( 4.558451328680228620, -3.451059194348840009, -1.219262914505360396 ) ) ;
#860 = EDGE_CURVE ( 'NONE', #1020, #780, #3035, .T. ) ;
#861 = CARTESIAN_POINT ( 'NONE',  ( 4.115085983833009387, -7.098743319515451233, 0.9376749321702362305 ) ) ;
#862 = CARTESIAN_POINT ( 'NONE',  ( 0.000000000000000000, -7.500000000000000000, 0.000000000000000000 ) ) ;
#863 = EDGE_LOOP ( 'NONE', ( #3350, #2697, #431, #5018, #5396 ) ) ;
#864 = CARTESIAN_POINT ( 'NONE',  ( -3.918038746913491632, -2.456651296175527577, -4.798213610342912376E-16 ) ) ;
#865 = FACE_OUTER_BOUND ( 'NONE', #3822, .T. ) ;
#866 = B_SPLINE_CURVE_WITH_KNOTS ( 'NONE', 3,
 ( #3480, #3006, #3805, #4301, #4737, #1776, #4682, #133, #2626, #2978, #4330, #4710, #5123, #5180, #1804, #919, #976, #1419, #3506, #4271, #1363, #947, #3065, #2653, #49, #544, #2240, #2568, #1832, #5149, #2598, #513, #4244, #1718 ),
 .UNSPECIFIED., .F., .F.,
 ( 4, 2, 2, 2, 2, 2, 2, 2, 2, 2, 2, 2, 2, 2, 2, 2, 4 ),
 ( 0.0001114575020814689301, 0.001053997809910762031, 0.001996538117740055077, 0.002939078425569348341, 0.003881618733398641604, 0.004824159041227934867, 0.005766699349057227697, 0.006709239656886520527, 0.007651779964715814224, 0.008594320272545107053, 0.009536860580374400750, 0.01047940088820369271, 0.01142194119603298468, 0.01236448150386227664, 0.01330702181169156686, 0.01424956211952086056, 0.01519210242735014905 ),
 .UNSPECIFIED. ) ;
#867 = CARTESIAN_POINT ( 'NONE',  ( -4.609674217686570152, -4.272673323280821833, 1.237170792138109654 ) ) ;
#868 = B_SPLINE_CURVE_WITH_KNOTS ( 'NONE', 3,
 ( #4722, #1376, #960, #2639, #4314, #683, #1897, #3982 ),
 .UNSPECIFIED., .F., .F.,
 ( 4, 2, 2, 4 ),
 ( 2.069434951602914729E-17, 0.0006626815973549759565, 0.001325363194709931096, 0.002650726389419841376 ),
 .UNSPECIFIED. ) ;
#869 = DIRECTION ( 'NONE',  ( 0.000000000000000000, -1.000000000000000000, 0.000000000000000000 ) ) ;
#870 = CARTESIAN_POINT ( 'NONE',  ( 0.6257360397891487125, -3.300208143144456319, -4.731447289687111812 ) ) ;
#871 = CARTESIAN_POINT ( 'NONE',  ( 3.579026696005003227, -2.195858278319585022, 2.560535589238276177 ) ) ;
#872 = B_SPLINE_CURVE_WITH_KNOTS ( 'NONE', 3,
 ( #2088, #3764, #4642, #851, #392, #2473 ),
 .UNSPECIFIED., .F., .F.,
 ( 4, 2, 4 ),
 ( 2.508511863770170361E-06, 0.001160045424760501901, 0.002317582337657233659 ),
 .UNSPECIFIED. ) ;
#873 = VECTOR ( 'NONE', #3521, 1000.000000000000000 ) ;
#874 = ORIENTED_EDGE ( 'NONE', *, *, #3010, .T. ) ;
#875 = CARTESIAN_POINT ( 'NONE',  ( 2.874528219868381029, -6.073789598762734165, -3.743661447498098038 ) ) ;
#876 = CARTESIAN_POINT ( 'NONE',  ( 6.334671543463350000E-16, -0.01738525708133141154, 6.350852961085882598 ) ) ;
#877 = CARTESIAN_POINT ( 'NONE',  ( -2.770471766894177623, -4.605848703824469759, 2.770471766894176735 ) ) ;
#878 = CARTESIAN_POINT ( 'NONE',  ( 4.523434884179515336, -6.295373924670832899, 1.525693572474994708 ) ) ;
#879 = CARTESIAN_POINT ( 'NONE',  ( -2.770471766894176735, -3.885401296175530206, -2.770471766894177179 ) ) ;
#880 = CARTESIAN_POINT ( 'NONE',  ( -2.770471766894176735, -7.695401296175530703, -2.770471766894177179 ) ) ;
#881 = CARTESIAN_POINT ( 'NONE',  ( -1.578107474308547229E-11, -6.486744328228219558, 4.762500000000000178 ) ) ;
#882 = CARTESIAN_POINT ( 'NONE',  ( 4.089684409829009049, -5.094264226327301692, 2.353771037605733696 ) ) ;
#883 = CARTESIAN_POINT ( 'NONE',  ( -2.910664349486318692, -2.772962834182296721, 3.782463620913648850 ) ) ;
#884 = FACE_OUTER_BOUND ( 'NONE', #1093, .T. ) ;
#885 = CARTESIAN_POINT ( 'NONE',  ( 3.811028889841741041, -5.375929509500276815, -1.578579852768128955 ) ) ;
#886 = CARTESIAN_POINT ( 'NONE',  ( 1.532901904283852756, -3.438225944081066299, -4.519716163482710769 ) ) ;
#887 = CARTESIAN_POINT ( 'NONE',  ( -2.750000000000000444, -2.000000000000000000, -4.763139720814411504 ) ) ;
#888 = CARTESIAN_POINT ( 'NONE',  ( -4.229355753623719849, -2.961451389477303131, -2.092547556694337452 ) ) ;
#889 = CARTESIAN_POINT ( 'NONE',  ( 0.5589374879989016387, -7.260520528063807433, 4.020229793578836031 ) ) ;
#890 = CARTESIAN_POINT ( 'NONE',  ( -2.963493916336666256, -7.391961253086498651, 2.562953653531614862 ) ) ;
#891 = VERTEX_POINT ( 'NONE', #136 ) ;
#892 = CARTESIAN_POINT ( 'NONE',  ( -7.197320415514368564E-16, -3.409151296175526813, 3.918038746913491632 ) ) ;
#893 = EDGE_CURVE ( 'NONE', #1220, #2837, #1834, .T. ) ;
#894 = CARTESIAN_POINT ( 'NONE',  ( -1.972692090801868137, -5.198125000000000107, 4.762499999999999289 ) ) ;
#895 = CARTESIAN_POINT ( 'NONE',  ( -4.731439682728455054, -4.289942876341203082, -0.6259950629193086202 ) ) ;
#896 = CARTESIAN_POINT ( 'NONE',  ( 0.4487403829899216934, 0.1321948705823121628, -6.091772580170394136 ) ) ;
#897 = CARTESIAN_POINT ( 'NONE',  ( -2.091103002669302935, -2.643882278990583590, 4.229968014726720682 ) ) ;
#898 = CARTESIAN_POINT ( 'NONE',  ( 4.281948290509285826, -6.224836030535811915, 2.107729103006227067 ) ) ;
#899 = ORIENTED_EDGE ( 'NONE', *, *, #637, .F. ) ;
#900 = CARTESIAN_POINT ( 'NONE',  ( 2.910475467314331599, -5.985151903238103088, -3.784121655985252186 ) ) ;
#901 = CARTESIAN_POINT ( 'NONE',  ( 5.500000000000000000, -0.01738525708133346545, -3.175426480542943075 ) ) ;
#902 = CONICAL_SURFACE ( 'NONE', #645, 5.499999999999999112, 1.047197551196600074 ) ;
#903 = CARTESIAN_POINT ( 'NONE',  ( -2.113447435305542133, -4.002613060981195403, 4.279130825927520476 ) ) ;
#904 = CARTESIAN_POINT ( 'NONE',  ( -0.9012246705628035315, 0.2556761862497248239, 5.830530654936118218 ) ) ;
#905 = CARTESIAN_POINT ( 'NONE',  ( 4.729662945474641944, -6.145282440423003756, -0.5817545068503168215 ) ) ;
#906 = CARTESIAN_POINT ( 'NONE',  ( -3.918038746913496961, -5.076026296175531805, -1.622904786874857175 ) ) ;
#907 = CARTESIAN_POINT ( 'NONE',  ( -3.918038746913496961, -7.616026296175530064, -1.622904786874857175 ) ) ;
#908 = CARTESIAN_POINT ( 'NONE',  ( -4.470065564012363879, -5.342665299353004826, 1.511757509345605710 ) ) ;
#909 = CARTESIAN_POINT ( 'NONE',  ( 1.540541852650743504, -3.880655293431398700, 4.517117609239067022 ) ) ;
#910 = CARTESIAN_POINT ( 'NONE',  ( 2.388814801148878342, -4.651148522142730002, -4.131730481390238907 ) ) ;
#911 = AXIS2_PLACEMENT_3D ( 'NONE', #5371, #2846, #2082 ) ;
#912 = DIRECTION ( 'NONE',  ( 0.9991561573079419389, 0.04106941184185955440, 0.0005260461871472264924 ) ) ;
#913 = CARTESIAN_POINT ( 'NONE',  ( 1.578579852768129177, -2.677179509500276833, -3.811028889841741041 ) ) ;
#914 = CARTESIAN_POINT ( 'NONE',  ( 4.280757469618391653, -3.722181941882572342, 2.110532600325008001 ) ) ;
#915 = CARTESIAN_POINT ( 'NONE',  ( 3.367596045400931715, -2.578749999999999432, 3.367596045400933491 ) ) ;
#916 = CARTESIAN_POINT ( 'NONE',  ( 2.906161597137363550, -4.616963867451374881, -3.785743452639465989 ) ) ;
#917 = CARTESIAN_POINT ( 'NONE',  ( -4.465978075230005118, -2.934306520195124168, -1.523563281024484573 ) ) ;
#918 = DIRECTION ( 'NONE',  ( 1.000000000000000000, 0.000000000000000000, 0.000000000000000000 ) ) ;
#919 = CARTESIAN_POINT ( 'NONE',  ( 4.731240272733859165, -2.296240882185968335, -0.6275591167586104246 ) ) ;
#920 = VERTEX_POINT ( 'NONE', #1421 ) ;
#921 = CARTESIAN_POINT ( 'NONE',  ( -9.391509667127534093E-16, -2.000000000000000000, -6.350852961085882598 ) ) ;
#922 = CARTESIAN_POINT ( 'NONE',  ( 1.972692090801866360, -2.499375000000000568, 4.762499999999999289 ) ) ;
#923 = CARTESIAN_POINT ( 'NONE',  ( -4.085383331765865655, -4.246425490679420989, 2.361506967942958557 ) ) ;
#924 = LINE ( 'NONE', #3070, #3707 ) ;
#925 = CARTESIAN_POINT ( 'NONE',  ( -4.234094616458719429, -2.775435098357974528, 2.083108397084958430 ) ) ;
#926 = ADVANCED_FACE ( 'NONE', ( #1862 ), #10, .T. ) ;
#927 = CARTESIAN_POINT ( 'NONE',  ( 4.708881717977967618, -6.030858009852007484, -0.3035327324778160363 ) ) ;
#928 = ORIENTED_EDGE ( 'NONE', *, *, #724, .F. ) ;
#929 = B_SPLINE_CURVE_WITH_KNOTS ( 'NONE', 3,
 ( #4208, #1296, #3767, #16 ),
 .UNSPECIFIED., .F., .F.,
 ( 4, 4 ),
 ( 5.421010862427522170E-20, 0.0001114575020814689301 ),
 .UNSPECIFIED. ) ;
#930 = CARTESIAN_POINT ( 'NONE',  ( -2.343884339699061847, -5.834832219873171688, -4.096625050110653810 ) ) ;
#931 = CARTESIAN_POINT ( 'NONE',  ( 0.000000000000000000, 6.000000000000007994, 1.589999999999999636 ) ) ;
#932 = CARTESIAN_POINT ( 'NONE',  ( -2.905585972726016930, -4.411334202242234603, -3.786482977820607054 ) ) ;
#933 = CARTESIAN_POINT ( 'NONE',  ( -0.9319670605746420700, -6.400111752709551460, 4.621350417107525033 ) ) ;
#934 = ORIENTED_EDGE ( 'NONE', *, *, #1850, .F. ) ;
#935 = CARTESIAN_POINT ( 'NONE',  ( 2.770471766894176291, -3.250401296175530419, 2.770471766894177623 ) ) ;
#936 = CARTESIAN_POINT ( 'NONE',  ( 3.918038746913496961, -5.552276296175532089, -1.622904786874857175 ) ) ;
#937 = CARTESIAN_POINT ( 'NONE',  ( -3.108151726937328441, -5.579694468888415138, -3.550342029742112882 ) ) ;
#938 = DIRECTION ( 'NONE',  ( 0.9991561573079419389, 0.04106941184185944338, -0.0005260461871481243203 ) ) ;
#939 = CARTESIAN_POINT ( 'NONE',  ( 4.133964978734154805, -4.968470755441789954, 2.385321706402685926 ) ) ;
#940 = CARTESIAN_POINT ( 'NONE',  ( -7.000746497104166611E-16, -3.232804509500277312, 3.811028889841740597 ) ) ;
#941 = B_SPLINE_CURVE_WITH_KNOTS ( 'NONE', 3,
 ( #890, #3833, #75, #5095, #1336, #106, #2211, #1472, #1886, #3120, #3970, #4405, #3146, #261, #2776, #3533, #4793, #2753, #5253, #2680, #4842, #1962, #2728, #3586, #4895, #4430, #213, #1909 ),
 .UNSPECIFIED., .F., .F.,
 ( 4, 2, 2, 2, 2, 2, 2, 2, 2, 2, 2, 2, 2, 4 ),
 ( 0.000000000000000000, 0.001197398410415785250, 0.001796097615623678092, 0.002394796820831570933, 0.002993496026039463558, 0.003592195231247357051, 0.004190894436455250109, 0.004490244039059196855, 0.004565081439710183542, 0.004602500140035676451, 0.004621209490198422906, 0.004639918840361170228, 0.004714756241012158650, 0.004789593641663147071 ),
 .UNSPECIFIED. ) ;
#942 = CARTESIAN_POINT ( 'NONE',  ( 4.731446476845055038, -3.603552908279409550, -0.6254611365575618587 ) ) ;
#943 = CARTESIAN_POINT ( 'NONE',  ( -3.367596045400933491, -1.626249999999999307, 3.367596045400932603 ) ) ;
#944 = CARTESIAN_POINT ( 'NONE',  ( -4.677431807679656828, -4.164061460037530971, -0.6222291067181333624 ) ) ;
#945 = CARTESIAN_POINT ( 'NONE',  ( -4.470069237158079467, -2.802665801330691764, 1.511746696496735209 ) ) ;
#946 = CARTESIAN_POINT ( 'NONE',  ( 0.2782077397273107766, -7.269616555079547737, 4.040383444919563694 ) ) ;
#947 = CARTESIAN_POINT ( 'NONE',  ( 4.281897777946660710, -2.414846042628219891, 2.107956972035005538 ) ) ;
#948 = EDGE_LOOP ( 'NONE', ( #3113, #631, #57 ) ) ;
#949 = CARTESIAN_POINT ( 'NONE',  ( -1.241465615283132706, -5.269254697486377204, 4.608345790694470701 ) ) ;
#950 = CARTESIAN_POINT ( 'NONE',  ( 4.285269167205745688, -2.230211967377663917, -2.083966597804544740 ) ) ;
#951 = CARTESIAN_POINT ( 'NONE',  ( -3.587642821456771269, -4.178772766386372517, 3.147509120926253345 ) ) ;
#952 = CARTESIAN_POINT ( 'NONE',  ( -4.609178938540359504E-16, -0.01738525708133304565, -6.350852961085881709 ) ) ;
#953 = ORIENTED_EDGE ( 'NONE', *, *, #467, .T. ) ;
#954 = CARTESIAN_POINT ( 'NONE',  ( 5.500000000000000888, 0.4738549290423898497, -0.5375526812502231522 ) ) ;
#955 = CARTESIAN_POINT ( 'NONE',  ( 4.732071190026557517, -6.096794046478215989, 0.6222450648304782561 ) ) ;
#956 = VERTEX_POINT ( 'NONE', #5126 ) ;
#957 = CARTESIAN_POINT ( 'NONE',  ( -3.828902545366636545, -5.724708825904037290, -2.836912846878308692 ) ) ;
#958 = CARTESIAN_POINT ( 'NONE',  ( -4.762775598300697411, -5.484540594537561375, 0.3095791071026738894 ) ) ;
#959 = CARTESIAN_POINT ( 'NONE',  ( -1.534500030590870923, -4.478719358343677293, -4.519170790574007945 ) ) ;
#960 = CARTESIAN_POINT ( 'NONE',  ( 2.107180637394156175, -2.019780364683271490, -4.235162450573030313 ) ) ;
#961 = CARTESIAN_POINT ( 'NONE',  ( -0.5011041027922074065, -6.589182138827117896, 4.694201265986362337 ) ) ;
#962 = CARTESIAN_POINT ( 'NONE',  ( 1.622904786874857175, -5.393526296175529922, -3.918038746913496961 ) ) ;
#963 = AXIS2_PLACEMENT_3D ( 'NONE', #2513, #1580, #4599 ) ;
#964 = CARTESIAN_POINT ( 'NONE',  ( 2.399106805171460132E-16, -5.314151296175530170, -3.918038746913496961 ) ) ;
#965 = EDGE_CURVE ( 'NONE', #5150, #2712, #2117, .T. ) ;
#966 = CARTESIAN_POINT ( 'NONE',  ( 2.874133612195881149, -5.858971553678373745, -3.742288705676312333 ) ) ;
#967 = CARTESIAN_POINT ( 'NONE',  ( -0.6744581023020028709, -2.074797747734328901, -4.728632127376554806 ) ) ;
#968 = FACE_OUTER_BOUND ( 'NONE', #500, .T. ) ;
#969 = VECTOR ( 'NONE', #2036, 1000.000000000000000 ) ;
#970 = CARTESIAN_POINT ( 'NONE',  ( 3.811028889841741041, -4.105929509500276353, -1.578579852768128955 ) ) ;
#971 = CARTESIAN_POINT ( 'NONE',  ( 3.585766882388879306, -3.482909819690163999, -3.149615818558572755 ) ) ;
#972 = CARTESIAN_POINT ( 'NONE',  ( 3.367596045400931715, -1.308749999999999192, 3.367596045400933491 ) ) ;
#973 = CARTESIAN_POINT ( 'NONE',  ( -4.609501443485321204, -4.218575018263810428, -1.237058008804326148 ) ) ;
#974 = CARTESIAN_POINT ( 'NONE',  ( -0.3045146858541978307, -3.173318912740191955, -4.708830573472405412 ) ) ;
#975 = CARTESIAN_POINT ( 'NONE',  ( 2.818905553937052666, -7.178594313998033272, 3.033022605798222582 ) ) ;
#976 = CARTESIAN_POINT ( 'NONE',  ( 4.762422501991506074, -2.309418303825733876, -0.3127633859747890877 ) ) ;
#977 = ORIENTED_EDGE ( 'NONE', *, *, #4431, .T. ) ;
#978 = CARTESIAN_POINT ( 'NONE',  ( 4.731501157047254935, -3.566327104774904555, -0.6255238307090866812 ) ) ;
#979 = DIRECTION ( 'NONE',  ( 0.000000000000000000, 0.000000000000000000, -1.000000000000000000 ) ) ;
#980 = CARTESIAN_POINT ( 'NONE',  ( 2.904418169358670809, -4.775616998651009304, -3.787384317329433259 ) ) ;
#981 = CARTESIAN_POINT ( 'NONE',  ( 0.000000000000000000, -7.500000000000000000, 0.000000000000000000 ) ) ;
#982 = ORIENTED_EDGE ( 'NONE', *, *, #2833, .F. ) ;
#983 = CARTESIAN_POINT ( 'NONE',  ( -4.280762378256113720, -2.864068539130971036, 2.110522679672399704 ) ) ;
#984 = CARTESIAN_POINT ( 'NONE',  ( 4.708402232666838216, -6.055867084431134195, 0.3108305648362584273 ) ) ;
#985 = ORIENTED_EDGE ( 'NONE', *, *, #3487, .T. ) ;
#986 = CARTESIAN_POINT ( 'NONE',  ( -4.101673254312215633, -5.642855668611939102, -2.425849400596648664 ) ) ;
#987 = CARTESIAN_POINT ( 'NONE',  ( -0.6665758889493554884, -2.014331975434477062, -4.727475860143692366 ) ) ;
#988 = CARTESIAN_POINT ( 'NONE',  ( -4.278755195841833725, -4.320158235759373966, -2.114414544070401192 ) ) ;
#989 = CARTESIAN_POINT ( 'NONE',  ( -0.4487403829899226371, 0.1321948705823138281, 6.091772580170396800 ) ) ;
#990 = ORIENTED_EDGE ( 'NONE', *, *, #1663, .F. ) ;
#991 = CARTESIAN_POINT ( 'NONE',  ( -1.271243551289420903, -6.630027423032940348, 4.545336194375772187 ) ) ;
#992 = AXIS2_PLACEMENT_3D ( 'NONE', #2316, #570, #1859 ) ;
#993 = CARTESIAN_POINT ( 'NONE',  ( -1.622904786874859173, -4.758526296175530135, 3.918038746913496073 ) ) ;
#994 = CARTESIAN_POINT ( 'NONE',  ( 3.746110641927502982, -5.910219995181311248, -2.869163979499287365 ) ) ;
#995 = CARTESIAN_POINT ( 'NONE',  ( 0.000000000000000000, 7.245200206706155832, -2.393378451047910804 ) ) ;
#996 = CONICAL_SURFACE ( 'NONE', #3106, 3.250000000000002220, 0.5125491481694454121 ) ;
#997 = ADVANCED_FACE ( 'NONE', ( #3009 ), #4686, .F. ) ;
#998 = CARTESIAN_POINT ( 'NONE',  ( 1.578579852768130065, -5.814070490499723576, 3.811028889841740597 ) ) ;
#999 = B_SPLINE_CURVE_WITH_KNOTS ( 'NONE', 3,
 ( #2023, #1252, #2839, #1972, #758, #1994, #2432, #1224, #3668, #5364, #1614, #4107, #3645, #3318, #322, #4987, #812, #351 ),
 .UNSPECIFIED., .F., .F.,
 ( 4, 2, 2, 2, 2, 2, 2, 2, 4 ),
 ( 0.01278501912218802175, 0.01355922893973269573, 0.01433343875727736971, 0.01510764857482204369, 0.01588185839236671767, 0.01665606820991139339, 0.01743027802745606564, 0.01820448784500074135, 0.01897869766254541707 ),
 .UNSPECIFIED. ) ;
#1000 = CARTESIAN_POINT ( 'NONE',  ( 3.748943173921359673, -3.850833928296270248, 2.865519062194710198 ) ) ;
#1001 = CARTESIAN_POINT ( 'NONE',  ( 1.622904786874857841, -6.907723703824469652, 3.918038746913496073 ) ) ;
#1002 = CARTESIAN_POINT ( 'NONE',  ( -4.611778153043244011, -4.114308304710739606, 1.228457930251202201 ) ) ;
#1003 = DIRECTION ( 'NONE',  ( -0.000000000000000000, 1.000000000000000000, -0.000000000000000000 ) ) ;
#1004 = PERSON_AND_ORGANIZATION ( #2945, #2825 ) ;
#1005 = CARTESIAN_POINT ( 'NONE',  ( 5.500000000000000000, -0.01738525708133232747, 3.175426480542941743 ) ) ;
#1006 = ORIENTED_EDGE ( 'NONE', *, *, #3180, .F. ) ;
#1007 = CARTESIAN_POINT ( 'NONE',  ( -1.538200896347976743, -5.282697937386763520, 4.518066856219387084 ) ) ;
#1008 = CARTESIAN_POINT ( 'NONE',  ( 4.526757234521338269, -2.175897269735437956, -1.332969442213121747 ) ) ;
#1009 = CARTESIAN_POINT ( 'NONE',  ( 1.234097803380679315, -4.633923237622481928, -4.610447853123926798 ) ) ;
#1010 = CARTESIAN_POINT ( 'NONE',  ( -4.609750414274810915, -3.046525838019017662, -1.236359029207203530 ) ) ;
#1011 = CARTESIAN_POINT ( 'NONE',  ( -3.590098327725347538, -2.750174985592702459, 3.144743126150638890 ) ) ;
#1012 = CARTESIAN_POINT ( 'NONE',  ( 3.788301127635584020, -5.938211442673777540, -2.902848435892456447 ) ) ;
#1013 = ORIENTED_EDGE ( 'NONE', *, *, #965, .F. ) ;
#1014 = ORIENTED_EDGE ( 'NONE', *, *, #1434, .T. ) ;
#1015 = CARTESIAN_POINT ( 'NONE',  ( -3.971094680808860300, -5.738654661841211535, -2.535396936276248514 ) ) ;
#1016 = CARTESIAN_POINT ( 'NONE',  ( 4.709050524754077038, -5.000416975353895843, 0.3040767580116170987 ) ) ;
#1017 = CARTESIAN_POINT ( 'NONE',  ( -9.660718518450857290E-13, -6.860705524101780917, -4.449294475898216028 ) ) ;
#1018 = SPHERICAL_SURFACE ( 'NONE', #5335, 0.7499999999999963363 ) ;
#1019 = CARTESIAN_POINT ( 'NONE',  ( 0.3097587859253746467, -3.808108024560899363, 4.708727688352670526 ) ) ;
#1020 = VERTEX_POINT ( 'NONE', #3225 ) ;
#1021 = CARTESIAN_POINT ( 'NONE',  ( -4.089520812030473351, -5.301971704307152145, 2.354048986156983325 ) ) ;
#1022 = DIRECTION ( 'NONE',  ( -0.04106941752431860632, 0.9991562955535101542, 0.000000000000000000 ) ) ;
#1023 = CARTESIAN_POINT ( 'NONE',  ( -2.414133919147622098, -1.189908599615807860, -3.018472603579635205 ) ) ;
#1024 = CARTESIAN_POINT ( 'NONE',  ( 2.113861122639960843, -3.914385626330951773, 4.278929530315555674 ) ) ;
#1025 = CARTESIAN_POINT ( 'NONE',  ( 2.916190190469635054E-16, -0.8324999999999990186, -4.762500000000000178 ) ) ;
#1026 = EDGE_CURVE ( 'NONE', #2688, #2599, #2548, .T. ) ;
#1027 = CARTESIAN_POINT ( 'NONE',  ( -4.234113692427874831, -4.045437000724380283, 2.083069553607228119 ) ) ;
#1028 = CARTESIAN_POINT ( 'NONE',  ( 5.051259617010077640, 0.1321948705823128012, 3.434506861458429317 ) ) ;
#1029 = CALENDAR_DATE ( 2026, 3, 1 ) ;
#1030 = CARTESIAN_POINT ( 'NONE',  ( 1.622904786874857175, -5.161473703824470682, -3.918038746913496961 ) ) ;
#1031 = CARTESIAN_POINT ( 'NONE',  ( 3.149910772340691612, -3.763150824125946592, 3.585527993109032252 ) ) ;
#1032 = CARTESIAN_POINT ( 'NONE',  ( 0.1135954572618180919, -1.948468962253912862, -4.771411476034881360 ) ) ;
#1033 = CARTESIAN_POINT ( 'NONE',  ( -3.591535286811050831, -4.470997765011630598, -3.143418466532810651 ) ) ;
#1034 = ADVANCED_FACE ( 'NONE', ( #1059 ), #5025, .T. ) ;
#1035 = CARTESIAN_POINT ( 'NONE',  ( -2.110722796781958177, -3.218771705508664205, -4.280639727743589695 ) ) ;
#1036 = CARTESIAN_POINT ( 'NONE',  ( -4.711245750211733530, -5.622988764894797598, 8.223852602626546837E-05 ) ) ;
#1037 = CARTESIAN_POINT ( 'NONE',  ( -0.6179852860337000653, -5.728385192094791911, -4.732579220868219139 ) ) ;
#1038 = ORIENTED_EDGE ( 'NONE', *, *, #1877, .F. ) ;
#1039 = CARTESIAN_POINT ( 'NONE',  ( -4.263611140906545138, -5.439517054263501628, 2.147279149885532146 ) ) ;
#1040 = CARTESIAN_POINT ( 'NONE',  ( -4.466860093153850464, -4.287075714752570654, 1.520679324559584433 ) ) ;
#1041 = FACE_OUTER_BOUND ( 'NONE', #4992, .T. ) ;
#1042 = CARTESIAN_POINT ( 'NONE',  ( 5.905857078482122577E-16, -1.508759813876278555, 6.350852961085882598 ) ) ;
#1043 = CARTESIAN_POINT ( 'NONE',  ( 2.905023372347883992, -3.776360462695552478, 3.786700387918399358 ) ) ;
#1044 = CARTESIAN_POINT ( 'NONE',  ( 3.813485251542320320, -2.319612900778837972, -2.784838955429496554 ) ) ;
#1045 = EDGE_CURVE ( 'NONE', #1337, #584, #2506, .T. ) ;
#1046 = CARTESIAN_POINT ( 'NONE',  ( 2.770471766894177179, -6.510848703824470007, -2.770471766894176735 ) ) ;
#1047 = CARTESIAN_POINT ( 'NONE',  ( 0.4190536170058763443, -2.119611686199480260, -4.747502527602200040 ) ) ;
#1048 = CARTESIAN_POINT ( 'NONE',  ( -2.694804371304934332, -3.829695490499722688, -2.694804371304934776 ) ) ;
#1049 = AXIS2_PLACEMENT_3D ( 'NONE', #1535, #5313, #2788 ) ;
#1050 = CARTESIAN_POINT ( 'NONE',  ( 4.557280067250679245, -4.825581930696610122, 1.224138678300436434 ) ) ;
#1051 = CARTESIAN_POINT ( 'NONE',  ( 3.918038746913496961, -1.510223703824469910, -1.622904786874857175 ) ) ;
#1052 = CARTESIAN_POINT ( 'NONE',  ( -2.392068232321297838, -3.955540473279799407, 4.130015095861262253 ) ) ;
#1053 = CONICAL_SURFACE ( 'NONE', #4296, 3.809999999999997389, 0.7853981633974456145 ) ;
#1054 = DIRECTION ( 'NONE',  ( 0.000000000000000000, 0.000000000000000000, -1.000000000000000000 ) ) ;
#1055 = DATE_AND_TIME ( #1029, #565 ) ;
#1056 = B_SPLINE_CURVE_WITH_KNOTS ( 'NONE', 3,
 ( #2133, #3923, #164, #1724 ),
 .UNSPECIFIED., .F., .F.,
 ( 4, 4 ),
 ( 2.380734335070314865E-07, 0.003213249942171108112 ),
 .UNSPECIFIED. ) ;
#1057 = CARTESIAN_POINT ( 'NONE',  ( -2.770471766894176735, -7.463348703824469688, -2.770471766894177179 ) ) ;
#1058 = CC_DESIGN_PERSON_AND_ORGANIZATION_ASSIGNMENT ( #2679, #1108, ( #2224 ) ) ;
#1059 = FACE_OUTER_BOUND ( 'NONE', #2221, .T. ) ;
#1060 = FACE_OUTER_BOUND ( 'NONE', #5040, .T. ) ;
#1061 = CARTESIAN_POINT ( 'NONE',  ( -2.390552412595528864, -4.535782351310087002, -4.130725058580644315 ) ) ;
#1062 = CARTESIAN_POINT ( 'NONE',  ( -5.500000000000000000, -2.000000000000000000, 1.734723475976807094E-15 ) ) ;
#1063 = DIRECTION ( 'NONE',  ( 0.000000000000000000, 0.000000000000000000, 1.000000000000000000 ) ) ;
#1064 = CARTESIAN_POINT ( 'NONE',  ( -4.611074199547985586, -5.444957670595443666, 1.231103300808412682 ) ) ;
#1065 = EDGE_CURVE ( 'NONE', #4876, #2900, #228, .T. ) ;
#1066 = ORIENTED_EDGE ( 'NONE', *, *, #4650, .F. ) ;
#1067 = CARTESIAN_POINT ( 'NONE',  ( -4.014401086004754760, -5.650019225976736337, -2.567711031029903612 ) ) ;
#1068 = CARTESIAN_POINT ( 'NONE',  ( -4.708400655902317489, -4.340385953100494909, 0.3107552722540223300 ) ) ;
#1069 = CARTESIAN_POINT ( 'NONE',  ( 4.280748956299313512, -4.894185348500238675, 2.110165474757903059 ) ) ;
#1070 = CARTESIAN_POINT ( 'NONE',  ( -4.010261955760879182, -7.265527557186906016, -0.5511038565466794825 ) ) ;
#1071 = CARTESIAN_POINT ( 'NONE',  ( 4.732402380366981021, -3.617449262954333555, 0.6196990096642486234 ) ) ;
#1072 = CARTESIAN_POINT ( 'NONE',  ( 0.1453779068527617513, -2.136645772904183893, -4.720134051882909354 ) ) ;
#1073 = CARTESIAN_POINT ( 'NONE',  ( 4.484112259255451427, -2.170059371695476358, -1.458750778125224024 ) ) ;
#1074 = CARTESIAN_POINT ( 'NONE',  ( 4.032026947474598444, -2.244036075024931964, -2.560414191728970223 ) ) ;
#1075 = ORIENTED_EDGE ( 'NONE', *, *, #4865, .F. ) ;
#1076 = CARTESIAN_POINT ( 'NONE',  ( 1.578579852768129177, -1.407179509500276815, -3.811028889841741041 ) ) ;
#1077 = AXIS2_PLACEMENT_3D ( 'NONE', #676, #3975, #605 ) ;
#1078 = CARTESIAN_POINT ( 'NONE',  ( 1.217639711240240397, -5.038631285975628593, 4.558809012050843990 ) ) ;
#1079 = CARTESIAN_POINT ( 'NONE',  ( 1.622904786874857175, -1.351473703824469741, -3.918038746913496961 ) ) ;
#1080 = CARTESIAN_POINT ( 'NONE',  ( -1.241566999092076351, -3.873353406538850852, 4.583236489439076244 ) ) ;
#1081 = CIRCLE ( 'NONE', #4062, 5.499999999999999112 ) ;
#1082 = DIRECTION ( 'NONE',  ( 0.000000000000000000, 0.000000000000000000, 1.000000000000000000 ) ) ;
#1083 = APPROVAL_DATE_TIME ( #1055, #4283 ) ;
#1084 = CARTESIAN_POINT ( 'NONE',  ( -3.918038746913496961, -7.304598703824470185, -4.798213610342920265E-16 ) ) ;
#1085 = EDGE_CURVE ( 'NONE', #494, #294, #537, .T. ) ;
#1086 = CARTESIAN_POINT ( 'NONE',  ( -4.762662928302225041, -3.067402497673925588, -0.3081629649622102396 ) ) ;
#1087 = CARTESIAN_POINT ( 'NONE',  ( 4.630367153655944534, -2.310056760583083957, 1.158262217667781924 ) ) ;
#1088 = CARTESIAN_POINT ( 'NONE',  ( -2.906161589394710809, -4.509286132960019344, -3.785743458621602997 ) ) ;
#1089 = CARTESIAN_POINT ( 'NONE',  ( -4.762527764873631497, -3.006728244681397211, -0.3101496287156143561 ) ) ;
#1090 = CARTESIAN_POINT ( 'NONE',  ( -0.3748897751889910257, -6.850086947769858270, -4.459913052230059627 ) ) ;
#1091 = CONICAL_SURFACE ( 'NONE', #1615, 5.499999999999999112, 1.047197551196600074 ) ;
#1092 = CARTESIAN_POINT ( 'NONE',  ( -2.384612300931126860, -5.708100060263797459, -4.134431201765974784 ) ) ;
#1093 = EDGE_LOOP ( 'NONE', ( #1395, #3379, #2681 ) ) ;
#1094 = CARTESIAN_POINT ( 'NONE',  ( 5.253682228077236212E-05, -5.277498175195068697, 4.762500652317990912 ) ) ;
#1095 = CARTESIAN_POINT ( 'NONE',  ( 3.367596045400933047, -7.182500000000000107, -3.367596045400932603 ) ) ;
#1096 = CARTESIAN_POINT ( 'NONE',  ( -1.225336161450379269, -4.618111164716093953, -4.556795379370853993 ) ) ;
#1097 = CARTESIAN_POINT ( 'NONE',  ( 3.546310872472928644, -4.919488236777854517, 3.112786373360603154 ) ) ;
#1098 = EDGE_CURVE ( 'NONE', #2177, #3206, #2443, .T. ) ;
#1099 = CARTESIAN_POINT ( 'NONE',  ( 3.111629420562675108, -3.674502262361781568, 3.547323200664881160 ) ) ;
#1100 = CARTESIAN_POINT ( 'NONE',  ( 3.818339148362748237, -2.069939594580780806, -2.631350288060333664 ) ) ;
#1101 = CARTESIAN_POINT ( 'NONE',  ( 4.302091949731727816, -2.147787938916748907, -1.930600843503756936 ) ) ;
#1102 = CARTESIAN_POINT ( 'NONE',  ( 1.490414182367501672, -2.166214542319446767, -4.537825853515524699 ) ) ;
#1103 = CARTESIAN_POINT ( 'NONE',  ( -3.811028889841741041, -5.020320490499724286, -1.578579852768129621 ) ) ;
#1104 = CARTESIAN_POINT ( 'NONE',  ( 4.678410165502912221, -4.747662504295049324, -0.6152849289191409943 ) ) ;
#1105 = CARTESIAN_POINT ( 'NONE',  ( -3.918038746913497850, -3.415223703824469492, 1.622904786874856287 ) ) ;
#1106 = CARTESIAN_POINT ( 'NONE',  ( -4.762472197012113106, -4.251726114249477995, 0.3110017300133335327 ) ) ;
#1107 = CARTESIAN_POINT ( 'NONE',  ( -4.469643023878370869, -3.148635422872186673, -1.512828816817972877 ) ) ;
#1108 = PERSON_AND_ORGANIZATION_ROLE ( 'design_supplier' ) ;
#1109 = CARTESIAN_POINT ( 'NONE',  ( -3.918038746913496961, -6.034598703824469723, -4.798213610342920265E-16 ) ) ;
#1110 = CARTESIAN_POINT ( 'NONE',  ( -1.217374620866528367, -2.817606789837106440, 4.558876373202473076 ) ) ;
#1111 = B_SPLINE_CURVE_WITH_KNOTS ( 'NONE', 3,
 ( #2346, #3204, #1941, #1891, #1114, #3125, #4051, #218, #3949, #3639, #5306, #1139, #193, #1866, #2733, #5213, #1453, #4798, #1036, #5260, #2297, #3568, #5236, #4410, #653, #1503, #4000, #2323, #5359, #726, #4955, #2426, #4130, #1246, #2920, #1609, #2400, #4598, #4980, #3284, #752, #4485, #834, #2835, #4927, #21, #5038, #1165, #1192, #4158, #3774, #4076, #3370, #401, #4102, #343, #1661, #2482, #5413, #2861, #2807, #2018, #1218, #2512, #4539, #5386, #806, #2890, #778, #316 ),
 .UNSPECIFIED., .F., .F.,
 ( 4, 2, 2, 2, 2, 2, 2, 2, 2, 2, 2, 2, 2, 2, 2, 2, 2, 2, 2, 2, 2, 2, 2, 2, 2, 2, 2, 2, 2, 2, 2, 2, 2, 2, 4 ),
 ( 0.000000000000000000, 0.0009523561476729595953, 0.001904712295345919191, 0.002857068443018878894, 0.003809424590691838381, 0.004761780738364798302, 0.005714136886037758656, 0.006666493033710719010, 0.007142671107547199187, 0.007618849181383678497, 0.008571205329056637984, 0.009523561476729596603, 0.01047591762440255869, 0.01142827377207551731, 0.01238062991974847767, 0.01333298606742143455, 0.01428534221509439144, 0.01523769836276735005, 0.01619005451044030694, 0.01714241065811326556, 0.01809476680578622418, 0.01904712295345917933, 0.01999947910113213795, 0.02095183524880509657, 0.02190419139647805866, 0.02285654754415101728, 0.02380890369182397590, 0.02476125983949693452, 0.02571361598716989660, 0.02666597213484285522, 0.02761832828251581037, 0.02857068443018876552, 0.02904686250402524830, 0.02952304057786172761, 0.03047539672553467929 ),
 .UNSPECIFIED. ) ;
#1112 = CARTESIAN_POINT ( 'NONE',  ( 0.6374969776504687546, -2.613322326414468044, 4.730113177874679664 ) ) ;
#1113 = CARTESIAN_POINT ( 'NONE',  ( -2.708486453843874209, -6.547500000000006537, 3.957562991949349573 ) ) ;
#1114 = CARTESIAN_POINT ( 'NONE',  ( -1.548188646005343783, -5.372770197727763097, 4.458033386530721565 ) ) ;
#1115 = CARTESIAN_POINT ( 'NONE',  ( -3.585766881424823804, -5.643340180365972181, -3.149615819600412259 ) ) ;
#1116 = ORIENTED_EDGE ( 'NONE', *, *, #3551, .F. ) ;
#1117 = PLANE ( 'NONE',  #2542 ) ;
#1118 = CARTESIAN_POINT ( 'NONE',  ( -4.762500000000001066, -7.896875000000000533, 1.972692090801864584 ) ) ;
#1119 = CARTESIAN_POINT ( 'NONE',  ( -2.874154247378206684, -4.537277338328094878, -3.742272798746625551 ) ) ;
#1120 = CARTESIAN_POINT ( 'NONE',  ( 4.678392699384297693, -4.798810037545058194, 0.6164489603470005852 ) ) ;
#1121 = CARTESIAN_POINT ( 'NONE',  ( 0.000000000000000000, -7.500000000000000888, -1.653408313040394459E-15 ) ) ;
#1122 = CARTESIAN_POINT ( 'NONE',  ( 4.558515848291421868, -3.451070609629916408, -1.219009159748989601 ) ) ;
#1123 = CARTESIAN_POINT ( 'NONE',  ( -9.391509667127534093E-16, -2.000000000000000000, -6.350852961085882598 ) ) ;
#1124 = CARTESIAN_POINT ( 'NONE',  ( -3.918038746913496961, -7.346567861198722404, -0.8581032617798958206 ) ) ;
#1125 = CARTESIAN_POINT ( 'NONE',  ( 3.984329844588857306, -2.332671171967644952, -2.534752878448652602 ) ) ;
#1126 = CARTESIAN_POINT ( 'NONE',  ( -0.9875431785175736721, -1.398789313995647321, -3.811028889841740597 ) ) ;
#1127 = EDGE_CURVE ( 'NONE', #3039, #4919, #346, .T. ) ;
#1128 = CARTESIAN_POINT ( 'NONE',  ( -3.911891227723440778, -1.910175994861750715, -4.092321507719217877 ) ) ;
#1129 = B_SPLINE_CURVE_WITH_KNOTS ( 'NONE', 3,
 ( #4285, #5108, #4665, #2554, #4344, #904, #989, #4258 ),
 .UNSPECIFIED., .F., .F.,
 ( 4, 2, 2, 4 ),
 ( 0.003213249942171110280, 0.004013500389788045297, 0.004813750837404981615, 0.006414251732638851650 ),
 .UNSPECIFIED. ) ;
#1130 = CARTESIAN_POINT ( 'NONE',  ( -1.622904786874859173, -3.256473703824469101, 3.918038746913496073 ) ) ;
#1131 = CARTESIAN_POINT ( 'NONE',  ( -1.236487881207128048, -4.529433449521415689, -4.609687948132510371 ) ) ;
#1132 = CARTESIAN_POINT ( 'NONE',  ( -1.518797081023076201, -3.334665749042600602, -4.467656909906978058 ) ) ;
#1133 = CARTESIAN_POINT ( 'NONE',  ( 2.760959127678368485, -6.448328232009301608, 3.827927303503696699 ) ) ;
#1134 = TOROIDAL_SURFACE ( 'NONE', #695, -0.002530093853909956385, 3.309416156571634904 ) ;
#1135 = CARTESIAN_POINT ( 'NONE',  ( 3.811028889841740597, -7.995304509500279266, 0.000000000000000000 ) ) ;
#1136 = CARTESIAN_POINT ( 'NONE',  ( -3.784678323012558021, -2.921700158000252401, 2.907857114518914710 ) ) ;
#1137 = CARTESIAN_POINT ( 'NONE',  ( 4.577414700954054005, -2.264531197172282795, -1.352038026299975826 ) ) ;
#1138 = CARTESIAN_POINT ( 'NONE',  ( -4.178083563407068546, -6.585070793981679493, 2.277029219873465848 ) ) ;
#1139 = CARTESIAN_POINT ( 'NONE',  ( -4.137197066757732244, -5.521020498858535852, 2.270064116556391731 ) ) ;
#1140 = CARTESIAN_POINT ( 'NONE',  ( -4.762666354991488937, -5.484472819094585283, 0.3113081440773043940 ) ) ;
#1141 = CIRCLE ( 'NONE', #4471, 6.109691365970316923 ) ;
#1142 = ORIENTED_EDGE ( 'NONE', *, *, #4147, .F. ) ;
#1143 = FACE_OUTER_BOUND ( 'NONE', #5373, .T. ) ;
#1144 = CARTESIAN_POINT ( 'NONE',  ( -1.972692090801868137, -6.468125000000001457, 4.762499999999999289 ) ) ;
#1145 = CARTESIAN_POINT ( 'NONE',  ( 5.500000000000000000, -1.508759813876277445, 3.175426480542941743 ) ) ;
#1146 = CARTESIAN_POINT ( 'NONE',  ( 4.280977091089510189, -4.769094911734571340, -2.109956166300383629 ) ) ;
#1147 = FACE_OUTER_BOUND ( 'NONE', #836, .T. ) ;
#1148 = CARTESIAN_POINT ( 'NONE',  ( 4.762503546362753859, -3.579506351473004333, -0.3105423480712629636 ) ) ;
#1149 = CARTESIAN_POINT ( 'NONE',  ( 3.250330643687840748, -2.611624993541001416, 3.425382645395675940 ) ) ;
#1150 = CARTESIAN_POINT ( 'NONE',  ( -2.876282819268399127, -6.581234046010607130, 3.803199633573899341 ) ) ;
#1151 = CARTESIAN_POINT ( 'NONE',  ( 2.399106805171460132E-16, -6.352098703824469617, -3.918038746913496961 ) ) ;
#1152 = CARTESIAN_POINT ( 'NONE',  ( 4.372179227042335192, -2.336129122308677086, -1.922759545572500617 ) ) ;
#1153 = CARTESIAN_POINT ( 'NONE',  ( 3.918038746913496073, -6.981026296175530277, 1.622904786874859839 ) ) ;
#1154 = CARTESIAN_POINT ( 'NONE',  ( 4.469649346800216527, -4.707615450909570676, -1.512809965795642642 ) ) ;
#1155 = CARTESIAN_POINT ( 'NONE',  ( -3.918038746913496961, -4.843973703824469901, -1.622904786874857175 ) ) ;
#1156 = CARTESIAN_POINT ( 'NONE',  ( -1.450176280996375701E-11, -4.581744328227002505, -4.762500000000000178 ) ) ;
#1157 = CARTESIAN_POINT ( 'NONE',  ( 4.465984090702749043, -3.651944307003157864, -1.523545446761906508 ) ) ;
#1158 = EDGE_CURVE ( 'NONE', #780, #1220, #3893, .T. ) ;
#1159 = CARTESIAN_POINT ( 'NONE',  ( 4.356217865094820674, -6.337902639052344966, 1.816414582063962335 ) ) ;
#1160 = CARTESIAN_POINT ( 'NONE',  ( 2.333582165701389692E-16, -7.677804509500276708, -3.811028889841740597 ) ) ;
#1161 = CARTESIAN_POINT ( 'NONE',  ( -2.111693805302812255, -2.830507648700330225, 4.280140943647527507 ) ) ;
#1162 = CONICAL_SURFACE ( 'NONE', #4674, 5.499999999999999112, 1.047197551196600074 ) ;
#1163 = CARTESIAN_POINT ( 'NONE',  ( 4.116899581137491104, -2.337049516330128363, 2.306376603311608875 ) ) ;
#1164 = LINE ( 'NONE', #1988, #2477 ) ;
#1165 = CARTESIAN_POINT ( 'NONE',  ( 4.590314600145447343, -6.211462756681126685, -1.095432737510700028 ) ) ;
#1166 = CARTESIAN_POINT ( 'NONE',  ( -2.879102549604281691, -5.224235226413668443, 3.738644029149281511 ) ) ;
#1167 = ORIENTED_EDGE ( 'NONE', *, *, #5197, .F. ) ;
#1168 = CARTESIAN_POINT ( 'NONE',  ( 4.665904304751412537E-16, -7.500000000000000000, -3.809999999999997389 ) ) ;
#1169 = CARTESIAN_POINT ( 'NONE',  ( -3.918038746913496961, -3.806026296175529566, -1.622904786874857175 ) ) ;
#1170 = CARTESIAN_POINT ( 'NONE',  ( 0.000000000000000000, -2.000000000000000000, 1.734723475976807094E-15 ) ) ;
#1171 = CIRCLE ( 'NONE', #4341, 2.695916926119901191 ) ;
#1172 = CARTESIAN_POINT ( 'NONE',  ( -2.354208771949426016, -4.349467474548561974, -4.089655769312481759 ) ) ;
#1173 = DIRECTION ( 'NONE',  ( -1.000000000000000000, -2.249639673992797140E-31, 1.224646799147353207E-16 ) ) ;
#1174 = CARTESIAN_POINT ( 'NONE',  ( -2.870602013532638885, -3.052647747458400396, -3.745296399744582505 ) ) ;
#1175 = CARTESIAN_POINT ( 'NONE',  ( 3.111677357595273197, -6.214499650959539601, 3.547280743471573849 ) ) ;
#1176 = VERTEX_POINT ( 'NONE', #4121 ) ;
#1177 = CARTESIAN_POINT ( 'NONE',  ( -3.413848973094981254, -6.610754465147339332, 3.329292723861399406 ) ) ;
#1178 = CARTESIAN_POINT ( 'NONE',  ( -0.9150554067360965327, -2.497344061717866381, -3.918038746913496961 ) ) ;
#1179 = DIRECTION ( 'NONE',  ( -0.000000000000000000, 1.000000000000000000, 1.111353676405166014E-16 ) ) ;
#1180 = ORIENTED_EDGE ( 'NONE', *, *, #4013, .T. ) ;
#1181 = CARTESIAN_POINT ( 'NONE',  ( 2.694804371304934332, -3.194695490499722901, 2.694804371304935664 ) ) ;
#1182 = CARTESIAN_POINT ( 'NONE',  ( 2.383538630178454909, -2.148098548590267054, -4.134922493850337055 ) ) ;
#1183 = DIRECTION ( 'NONE',  ( 0.000000000000000000, 0.000000000000000000, 1.000000000000000000 ) ) ;
#1184 = CARTESIAN_POINT ( 'NONE',  ( 4.678794812618320975, -5.013435618820283324, 0.6117125663087105147 ) ) ;
#1185 = CARTESIAN_POINT ( 'NONE',  ( -0.6265064824587022185, -3.972465851355813538, 4.731295719043616010 ) ) ;
#1186 = CARTESIAN_POINT ( 'NONE',  ( -3.111727024594566515, -2.911753479930857313, 3.547230233681167189 ) ) ;
#1187 = CARTESIAN_POINT ( 'NONE',  ( 3.258490756768141150, -6.421107861482616030, 3.414408834218326749 ) ) ;
#1188 = CARTESIAN_POINT ( 'NONE',  ( -3.918038746913496961, -2.303973703824470309, -1.622904786874857175 ) ) ;
#1189 = CARTESIAN_POINT ( 'NONE',  ( 2.382284989124729080, -3.478801469998991092, -4.135776218918627123 ) ) ;
#1190 = CARTESIAN_POINT ( 'NONE',  ( 2.112802930756659148, -2.456484283298785876, 4.219718269651338893 ) ) ;
#1191 = CARTESIAN_POINT ( 'NONE',  ( 1.234258124399623124, -6.434535771466689091, 4.610443799867192993 ) ) ;
#1192 = CARTESIAN_POINT ( 'NONE',  ( 4.652743474018830483, -6.225005253361738156, -0.7885168140781814161 ) ) ;
#1193 = DIRECTION ( 'NONE',  ( 0.000000000000000000, -0.000000000000000000, -1.000000000000000000 ) ) ;
#1194 = ORIENTED_EDGE ( 'NONE', *, *, #4049, .T. ) ;
#1195 = DIRECTION ( 'NONE',  ( -0.8660254037844385966, 0.000000000000000000, 0.4999999999999999445 ) ) ;
#1196 = EDGE_CURVE ( 'NONE', #599, #2809, #1854, .T. ) ;
#1197 = CARTESIAN_POINT ( 'NONE',  ( -4.762500000000000178, -7.976250000000000284, -5.832380380939270108E-16 ) ) ;
#1198 = DIRECTION ( 'NONE',  ( 1.000000000000000000, 4.802718242948642635E-32, -1.224646799147353207E-16 ) ) ;
#1199 = CARTESIAN_POINT ( 'NONE',  ( 1.225590625633056430, -4.508150288496400648, -4.556730284303563749 ) ) ;
#1200 = CARTESIAN_POINT ( 'NONE',  ( 2.391628897098534434, -5.109963873216634589, 4.130267409682091717 ) ) ;
#1201 = CARTESIAN_POINT ( 'NONE',  ( -3.584147941461176767, -3.042684185579327405, -3.151465434956912670 ) ) ;
#1202 = CARTESIAN_POINT ( 'NONE',  ( 2.313741750478811809, -2.234424784861477775, 3.658019735971175912 ) ) ;
#1203 = ORIENTED_EDGE ( 'NONE', *, *, #4479, .F. ) ;
#1204 = CARTESIAN_POINT ( 'NONE',  ( 0.9012246705628029764, -1.781821257207332421, -5.830530654936115553 ) ) ;
#1205 = CARTESIAN_POINT ( 'NONE',  ( -1.735450164686332286, -2.449008012938763468, -3.512725487168854688 ) ) ;
#1206 = CARTESIAN_POINT ( 'NONE',  ( 1.436790706185793631, -2.676231279114102968, 4.555076389347721744 ) ) ;
#1207 = EDGE_CURVE ( 'NONE', #3135, #920, #3078, .T. ) ;
#1208 = CARTESIAN_POINT ( 'NONE',  ( 3.811028889841739709, -3.115320490499722705, 1.578579852768131397 ) ) ;
#1209 = CARTESIAN_POINT ( 'NONE',  ( 1.537817257226473000, -2.610781791632395432, 4.518129512889984767 ) ) ;
#1210 = CARTESIAN_POINT ( 'NONE',  ( -0.001164548443840098414, -6.360761426278149777, 4.708643258879271265 ) ) ;
#1211 = CARTESIAN_POINT ( 'NONE',  ( 3.584135409491326918, -4.813565075316344810, -3.151479526437421352 ) ) ;
#1212 = CARTESIAN_POINT ( 'NONE',  ( -1.540542138096335778, -2.705594719779680357, 4.517117505730441351 ) ) ;
#1213 = FACE_OUTER_BOUND ( 'NONE', #1638, .T. ) ;
#1214 = CARTESIAN_POINT ( 'NONE',  ( -1.622904786874859173, -4.526473703824470007, 3.918038746913496073 ) ) ;
#1215 = CARTESIAN_POINT ( 'NONE',  ( -1.225561535035527116, -3.348101028228193332, -4.556738165248893857 ) ) ;
#1216 = CARTESIAN_POINT ( 'NONE',  ( -4.762500000000000178, -6.864999999999999325, -5.832380380939270108E-16 ) ) ;
#1217 = CARTESIAN_POINT ( 'NONE',  ( 4.281674180054363177, -6.076374869331788275, -2.108587243272435074 ) ) ;
#1218 = CARTESIAN_POINT ( 'NONE',  ( 1.556489834691044072, -6.507920422572228247, 4.455118609858759626 ) ) ;
#1219 = DIRECTION ( 'NONE',  ( -0.04106941752431909204, 0.9991562955535100432, 0.000000000000000000 ) ) ;
#1220 = VERTEX_POINT ( 'NONE', #3495 ) ;
#1221 = VECTOR ( 'NONE', #3621, 1000.000000000000114 ) ;
#1222 = CARTESIAN_POINT ( 'NONE',  ( -3.914971425616564193, -2.449008012938762580, 0.1550043835550716786 ) ) ;
#1223 = CARTESIAN_POINT ( 'NONE',  ( -8.748570571408905162E-16, -2.578750000000000320, 4.762500000000000178 ) ) ;
#1224 = CARTESIAN_POINT ( 'NONE',  ( -2.397724015156574406, -2.356667309976904434, 3.325869924094096763 ) ) ;
#1225 = CARTESIAN_POINT ( 'NONE',  ( 2.874276423119356494, -4.588979288266995304, -3.742174681227499633 ) ) ;
#1226 = CARTESIAN_POINT ( 'NONE',  ( 0.000000000000000000, 6.750000000000004441, 0.000000000000000000 ) ) ;
#1227 = CARTESIAN_POINT ( 'NONE',  ( 1.519104492172321130, -3.251598521157545552, -4.467552548110152344 ) ) ;
#1228 = AXIS2_PLACEMENT_3D ( 'NONE', #921, #2600, #4073 ) ;
#1229 = ADVANCED_FACE ( 'NONE', ( #4005 ), #4323, .T. ) ;
#1230 = CARTESIAN_POINT ( 'NONE',  ( 4.153168235272248765, -2.086143791991104113, -1.993225530703636394 ) ) ;
#1231 = ORIENTED_EDGE ( 'NONE', *, *, #1537, .T. ) ;
#1232 = CARTESIAN_POINT ( 'NONE',  ( 0.4890339200944421871, -5.871643363421975792, -4.748834157900441610 ) ) ;
#1233 = CARTESIAN_POINT ( 'NONE',  ( 0.4487403829899219154, -1.658339941539922258, -6.091772580170395024 ) ) ;
#1234 = CARTESIAN_POINT ( 'NONE',  ( -2.770471766894176735, -4.923348703824470540, -2.770471766894177179 ) ) ;
#1235 = CARTESIAN_POINT ( 'NONE',  ( 2.738408380775641859, -2.552396529219226551, 3.913278243224757258 ) ) ;
#1236 = CARTESIAN_POINT ( 'NONE',  ( -3.811028889841741041, -3.591570490499723434, 1.578579852768128067 ) ) ;
#1237 = CARTESIAN_POINT ( 'NONE',  ( 0.3146279645989235041, -2.664080621768905477, 4.762499999999999289 ) ) ;
#1238 = CARTESIAN_POINT ( 'NONE',  ( 4.469643024302544454, -5.977614577198128387, -1.512828815265929050 ) ) ;
#1239 = CARTESIAN_POINT ( 'NONE',  ( 1.241566980561016775, -5.252896594299375721, 4.583236494426549790 ) ) ;
#1240 = DIRECTION ( 'NONE',  ( 0.000000000000000000, 0.000000000000000000, 1.000000000000000000 ) ) ;
#1241 = CARTESIAN_POINT ( 'NONE',  ( -0.5642106448220705062, -7.296393133237887518, 3.983855012647918858 ) ) ;
#1242 = CARTESIAN_POINT ( 'NONE',  ( 1.622904786874857841, -1.827723703824470025, 3.918038746913496073 ) ) ;
#1243 = CARTESIAN_POINT ( 'NONE',  ( 2.870622282324274632, -3.533603339665394749, -3.745280840005552392 ) ) ;
#1244 = CARTESIAN_POINT ( 'NONE',  ( -8.748570571408905162E-16, -5.277499999999998970, 4.762500000000000178 ) ) ;
#1245 = CARTESIAN_POINT ( 'NONE',  ( 0.000000000000000000, -7.500000000000000000, 0.000000000000000000 ) ) ;
#1246 = CARTESIAN_POINT ( 'NONE',  ( -0.3230058871085493832, -5.927380382951743520, -4.707982743198879660 ) ) ;
#1247 = CARTESIAN_POINT ( 'NONE',  ( -2.366060516996514540, -5.197555083196126802, 4.082698953282155152 ) ) ;
#1248 = EDGE_LOOP ( 'NONE', ( #2465, #3792, #1749, #357, #2457, #3734, #1777, #3266, #2348, #545, #4831 ) ) ;
#1249 = AXIS2_PLACEMENT_3D ( 'NONE', #372, #805, #3283 ) ;
#1250 = CARTESIAN_POINT ( 'NONE',  ( -4.132228124671332381, -5.640836000680073958, -2.388323340926269189 ) ) ;
#1251 = CARTESIAN_POINT ( 'NONE',  ( -1.234095684900970324, -1.894093824337433007, -4.762500000000001066 ) ) ;
#1252 = CARTESIAN_POINT ( 'NONE',  ( -0.2581504649422932118, -2.298372995989685474, 4.201342009898518803 ) ) ;
#1253 = CARTESIAN_POINT ( 'NONE',  ( 2.910664552817131323, -5.083287154278891329, 3.782463419240512437 ) ) ;
#1254 = CARTESIAN_POINT ( 'NONE',  ( -0.6205478040609297974, -3.249039688883186727, -4.732245606542440974 ) ) ;
#1255 = CC_DESIGN_APPROVAL ( #317, ( #2224 ) ) ;
#1256 = CARTESIAN_POINT ( 'NONE',  ( 2.518298712808909823, -2.228743709108124804, 3.533294468633802143 ) ) ;
#1257 = ORIENTED_EDGE ( 'NONE', *, *, #2858, .F. ) ;
#1258 = CARTESIAN_POINT ( 'NONE',  ( 4.184265664911494653, -6.127899774048080950, -2.297973746128188388 ) ) ;
#1259 = CARTESIAN_POINT ( 'NONE',  ( -2.391628392552753724, -5.286286101593807629, 4.130267703145340974 ) ) ;
#1260 = ADVANCED_FACE ( 'NONE', ( #865 ), #2544, .T. ) ;
#1261 = CARTESIAN_POINT ( 'NONE',  ( -3.918038746913496961, -3.494598703824469688, -4.798213610342920265E-16 ) ) ;
#1262 = CARTESIAN_POINT ( 'NONE',  ( 0.000000000000000000, 7.500000000000000000, 2.941287793933206948E-15 ) ) ;
#1263 = CIRCLE ( 'NONE', #3550, 3.479169280656358332 ) ;
#1264 = CARTESIAN_POINT ( 'NONE',  ( 1.622904786874857175, -2.853526296175530774, -3.918038746913496961 ) ) ;
#1265 = CARTESIAN_POINT ( 'NONE',  ( 4.134073964461619788, -2.465661399629446304, 2.384748899387928223 ) ) ;
#1266 = ADVANCED_FACE ( 'NONE', ( #109 ), #4303, .T. ) ;
#1267 = CARTESIAN_POINT ( 'NONE',  ( 0.6158366479550481110, -6.335137577292686117, 4.678263463784514187 ) ) ;
#1268 = CARTESIAN_POINT ( 'NONE',  ( 4.135825155733172664, -5.066281453650828936, 2.381807797200112820 ) ) ;
#1269 = CARTESIAN_POINT ( 'NONE',  ( -3.584912293455911225, -3.103390732559391463, -3.150584671315331153 ) ) ;
#1270 = CARTESIAN_POINT ( 'NONE',  ( 1.235074207426747561, -3.857280322229065916, 4.610018720438251449 ) ) ;
#1271 = CARTESIAN_POINT ( 'NONE',  ( -1.578579852768131175, -2.042179509500277046, 3.811028889841739709 ) ) ;
#1272 = CARTESIAN_POINT ( 'NONE',  ( -4.133033601904104515, -3.161520210816076926, -2.386585288414900585 ) ) ;
#1273 = CARTESIAN_POINT ( 'NONE',  ( -8.748570571408905162E-16, -6.547499999999999432, 4.762500000000000178 ) ) ;
#1274 = CARTESIAN_POINT ( 'NONE',  ( 4.231881308606227243, -3.596191985333317742, 2.087219723935313187 ) ) ;
#1275 = CARTESIAN_POINT ( 'NONE',  ( -3.588396469694723478, -5.350828797201209852, 3.146677019036693501 ) ) ;
#1276 = ORIENTED_EDGE ( 'NONE', *, *, #965, .T. ) ;
#1277 = CARTESIAN_POINT ( 'NONE',  ( 1.622904786874855620, -4.599776296175528856, 3.918038746913489856 ) ) ;
#1278 = CARTESIAN_POINT ( 'NONE',  ( -1.972692090801868137, -2.658125000000000515, 4.762499999999999289 ) ) ;
#1279 = CARTESIAN_POINT ( 'NONE',  ( 0.001164548443839367444, -4.035488573721851324, 4.708643258879272153 ) ) ;
#1280 = CARTESIAN_POINT ( 'NONE',  ( 2.383624165236698289, -4.688100706972409881, -4.134999277355050573 ) ) ;
#1281 = VERTEX_POINT ( 'NONE', #4795 ) ;
#1282 = CARTESIAN_POINT ( 'NONE',  ( -4.133089896720945511, -3.063538846296018026, -2.386651751890873197 ) ) ;
#1283 = CARTESIAN_POINT ( 'NONE',  ( -0.001164548443841114745, -6.360761426278150665, 4.708643258879273041 ) ) ;
#1284 = ORIENTED_EDGE ( 'NONE', *, *, #5320, .F. ) ;
#1285 = CARTESIAN_POINT ( 'NONE',  ( 4.136328181379453461, -6.155882266019728100, -2.273100888749900683 ) ) ;
#1286 = CARTESIAN_POINT ( 'NONE',  ( -2.332481844440296381, -2.483017705227594796, -3.073804003098654647 ) ) ;
#1287 = CARTESIAN_POINT ( 'NONE',  ( 0.000000000000000000, -2.000000000000000000, 1.734723475976807094E-15 ) ) ;
#1288 = CARTESIAN_POINT ( 'NONE',  ( 2.710605708440150252, -2.641032820116505420, 3.866795915991666277 ) ) ;
#1289 = CARTESIAN_POINT ( 'NONE',  ( 1.912317500694268313, -6.491078367586560205, 4.315064821233804082 ) ) ;
#1290 = CARTESIAN_POINT ( 'NONE',  ( -5.500000000000000000, -2.000000000000000000, -3.175426480542940855 ) ) ;
#1291 = VERTEX_POINT ( 'NONE', #4742 ) ;
#1292 = CARTESIAN_POINT ( 'NONE',  ( 4.521271086029130970, -2.424770074199228631, 1.528893978965968792 ) ) ;
#1293 = DIRECTION ( 'NONE',  ( -0.000000000000000000, 1.000000000000000000, -0.000000000000000000 ) ) ;
#1294 = CARTESIAN_POINT ( 'NONE',  ( 3.115721097882334867, -5.159108407509984673, 3.543764087104152694 ) ) ;
#1295 = DIRECTION ( 'NONE',  ( 0.000000000000000000, 0.000000000000000000, 1.000000000000000000 ) ) ;
#1296 = CARTESIAN_POINT ( 'NONE',  ( -0.07430039443454271308, -2.001509713742606777, -4.762065537097706525 ) ) ;
#1297 = ADVANCED_FACE ( 'NONE', ( #4305 ), #4819, .F. ) ;
#1298 = CARTESIAN_POINT ( 'NONE',  ( -2.694804371304935664, -5.931554509500276851, 2.694804371304934332 ) ) ;
#1299 = CARTESIAN_POINT ( 'NONE',  ( -0.3102784656150318621, -3.387906312505850170, -4.708457344213097251 ) ) ;
#1300 = CARTESIAN_POINT ( 'NONE',  ( 1.972692090801866360, -3.928124999999999645, 4.762499999999999289 ) ) ;
#1301 = CARTESIAN_POINT ( 'NONE',  ( 3.746136482765312525, -3.370221800999728679, -2.869130308827062326 ) ) ;
#1302 = CARTESIAN_POINT ( 'NONE',  ( 3.386775337051506352, -7.152734240605671978, 2.426906973245821053 ) ) ;
#1303 = CARTESIAN_POINT ( 'NONE',  ( 0.000000000000000000, -2.000000000000000000, -4.762500000000001954 ) ) ;
#1304 = ORIENTED_EDGE ( 'NONE', *, *, #1327, .T. ) ;
#1305 = CARTESIAN_POINT ( 'NONE',  ( -2.384834463972253182, -5.745301102309583463, -4.134100017793163495 ) ) ;
#1306 = CARTESIAN_POINT ( 'NONE',  ( -1.972692090801868137, -3.928125000000000533, 4.762499999999999289 ) ) ;
#1307 = CARTESIAN_POINT ( 'NONE',  ( -0.002507410479072663331, -3.946845239964532848, 4.762499339936194787 ) ) ;
#1308 = CARTESIAN_POINT ( 'NONE',  ( 3.787066407167812621, -5.998889532540201408, -2.904452621582389149 ) ) ;
#1309 = ADVANCED_FACE ( 'NONE', ( #1060 ), #362, .T. ) ;
#1310 = CARTESIAN_POINT ( 'NONE',  ( -3.588401620597468700, -2.810829117828323565, 3.146671186296861045 ) ) ;
#1311 = CARTESIAN_POINT ( 'NONE',  ( 4.610317534045021759, -6.019051277102263953, -1.234240779073964678 ) ) ;
#1312 = AXIS2_PLACEMENT_3D ( 'NONE', #2904, #1179, #443 ) ;
#1313 = VERTEX_POINT ( 'NONE', #3717 ) ;
#1314 = CARTESIAN_POINT ( 'NONE',  ( 2.358052686648214102, -6.017574189496396109, -4.150911143483298815 ) ) ;
#1315 = CARTESIAN_POINT ( 'NONE',  ( -1.735450164686332286, -2.449008012938763468, -3.512725487168854688 ) ) ;
#1316 = TOROIDAL_SURFACE ( 'NONE', #963, 4.340740814427816119, 1.000000000000000000 ) ;
#1317 = CARTESIAN_POINT ( 'NONE',  ( -3.786003958667381486, -4.360215237800905363, -2.905976035918421463 ) ) ;
#1318 = CARTESIAN_POINT ( 'NONE',  ( -1.158257034142927244, -6.410188331838711839, 4.569886655213993620 ) ) ;
#1319 = B_SPLINE_CURVE_WITH_KNOTS ( 'NONE', 3,
 ( #464, #3867, #2603, #1810, #2954, #1394, #896, #952 ),
 .UNSPECIFIED., .F., .F.,
 ( 4, 2, 2, 4 ),
 ( 0.003213249942171108979, 0.004013500389788045297, 0.004813750837404979881, 0.006414251732638851650 ),
 .UNSPECIFIED. ) ;
#1320 = CARTESIAN_POINT ( 'NONE',  ( 4.764729017176401626, -6.172289916041683533, 0.07663963871660696425 ) ) ;
#1321 = CARTESIAN_POINT ( 'NONE',  ( -1.902778599321400810, -1.401099000050809229, -3.424976091052312377 ) ) ;
#1322 = CARTESIAN_POINT ( 'NONE',  ( -3.918038746913497850, -4.917276296175529637, 1.622904786874856287 ) ) ;
#1323 = CARTESIAN_POINT ( 'NONE',  ( 2.364367197804288168, -5.832472362507656882, -4.083517990962777233 ) ) ;
#1324 = CARTESIAN_POINT ( 'NONE',  ( -0.6680588599969473629, -2.102782210141670660, -4.674981427441337267 ) ) ;
#1325 = CYLINDRICAL_SURFACE ( 'NONE', #2830, 0.7500000000000001110 ) ;
#1326 = CARTESIAN_POINT ( 'NONE',  ( -2.580593755994120553, -7.373504607515989129, 2.986384926463988787 ) ) ;
#1327 = EDGE_CURVE ( 'NONE', #2429, #1281, #2107, .T. ) ;
#1328 = CARTESIAN_POINT ( 'NONE',  ( -2.694804371304934332, -4.979054509500277170, -2.694804371304934776 ) ) ;
#1329 = B_SPLINE_CURVE_WITH_KNOTS ( 'NONE', 3,
 ( #901, #3209, #5289, #1481 ),
 .UNSPECIFIED., .F., .F.,
 ( 4, 4 ),
 ( 2.380734335076571262E-07, 0.003213249942171108979 ),
 .UNSPECIFIED. ) ;
#1330 = CARTESIAN_POINT ( 'NONE',  ( 4.135797559590161931, -3.796283846591351097, 2.381855837839639278 ) ) ;
#1331 = DIRECTION ( 'NONE',  ( 0.000000000000000000, 0.000000000000000000, 1.000000000000000000 ) ) ;
#1332 = ADVANCED_FACE ( 'NONE', ( #3772 ), #4128, .F. ) ;
#1333 = CARTESIAN_POINT ( 'NONE',  ( 2.904086935727854701, -4.677617024072524110, -3.787337180009646698 ) ) ;
#1334 = CARTESIAN_POINT ( 'NONE',  ( 4.678414123031507721, -3.477663771907854251, -0.6152554221685213598 ) ) ;
#1335 = DIRECTION ( 'NONE',  ( 0.000000000000000000, 2.668805347656624706E-16, -1.000000000000000000 ) ) ;
#1336 = CARTESIAN_POINT ( 'NONE',  ( -3.698963091753749044, -7.437091920089339503, 1.164425302954062547 ) ) ;
#1337 = VERTEX_POINT ( 'NONE', #887 ) ;
#1338 = CARTESIAN_POINT ( 'NONE',  ( -3.918038746913490744, -5.076026296175526475, -1.622904786874855176 ) ) ;
#1339 = CARTESIAN_POINT ( 'NONE',  ( -3.367596045400933491, -2.737500000000000266, 3.367596045400932603 ) ) ;
#1340 = CARTESIAN_POINT ( 'NONE',  ( -3.150089394450589442, -4.093108918158547382, 3.585372459540717927 ) ) ;
#1341 = CARTESIAN_POINT ( 'NONE',  ( 4.731497100906288722, -6.106325826454447991, -0.6255539273124613997 ) ) ;
#1342 = CARTESIAN_POINT ( 'NONE',  ( -1.254453792898192477, -2.631332967955064550, 4.636021332352622260 ) ) ;
#1343 = CARTESIAN_POINT ( 'NONE',  ( 3.746211144987153574, -5.910226803042574417, -2.869038321728540453 ) ) ;
#1344 = EDGE_LOOP ( 'NONE', ( #1861, #1372, #4371, #678 ) ) ;
#1345 = CARTESIAN_POINT ( 'NONE',  ( -1.465400867309235577, -5.849883821202142009, -4.543299941488168514 ) ) ;
#1346 = DIRECTION ( 'NONE',  ( 0.000000000000000000, 0.000000000000000000, -1.000000000000000000 ) ) ;
#1347 = DIRECTION ( 'NONE',  ( 0.000000000000000000, 1.000000000000000000, 3.921717058577609625E-16 ) ) ;
#1348 = CARTESIAN_POINT ( 'NONE',  ( 0.000000000000000000, 6.000000000000007994, 1.589999999999999636 ) ) ;
#1349 = ORIENTED_EDGE ( 'NONE', *, *, #2237, .T. ) ;
#1350 = CARTESIAN_POINT ( 'NONE',  ( 3.918038746913496961, -4.361651296175530490, 0.000000000000000000 ) ) ;
#1351 = CARTESIAN_POINT ( 'NONE',  ( 3.918038746913496961, -8.092276296175530348, -1.622904786874857175 ) ) ;
#1352 = CARTESIAN_POINT ( 'NONE',  ( -4.677456183128253286, -5.434052567884261720, -0.6220206992644772281 ) ) ;
#1353 = CARTESIAN_POINT ( 'NONE',  ( 0.002454761440141174124, -5.179404760035468236, 4.662499353795801937 ) ) ;
#1354 = CARTESIAN_POINT ( 'NONE',  ( 4.762527764977660283, -4.849521755407220525, -0.3101496264709621697 ) ) ;
#1355 = ORIENTED_EDGE ( 'NONE', *, *, #4252, .F. ) ;
#1356 = AXIS2_PLACEMENT_3D ( 'NONE', #2524, #2440, #1702 ) ;
#1357 = CARTESIAN_POINT ( 'NONE',  ( -3.811028889841741041, -6.010929509500277490, 1.578579852768128067 ) ) ;
#1358 = CARTESIAN_POINT ( 'NONE',  ( 4.557053625340815373, -3.665659808542532261, -1.224247834203862295 ) ) ;
#1359 = CARTESIAN_POINT ( 'NONE',  ( 2.916190190469635054E-16, -3.372499999999999609, -4.762500000000000178 ) ) ;
#1360 = CARTESIAN_POINT ( 'NONE',  ( -4.131733943308712576, -4.272888185309033915, -2.388995418675862403 ) ) ;
#1361 = CARTESIAN_POINT ( 'NONE',  ( 3.551669234964682342, -3.357263503089582546, -3.107005033281378115 ) ) ;
#1362 =( NAMED_UNIT ( * ) SI_UNIT ( $, .STERADIAN. ) SOLID_ANGLE_UNIT ( ) );
#1363 = CARTESIAN_POINT ( 'NONE',  ( 4.519675954485695257, -2.387756089351797062, 1.533186369356102752 ) ) ;
#1364 = ORIENTED_EDGE ( 'NONE', *, *, #5103, .F. ) ;
#1365 = DIRECTION ( 'NONE',  ( -0.000000000000000000, 1.000000000000000000, -0.000000000000000000 ) ) ;
#1366 = CARTESIAN_POINT ( 'NONE',  ( 3.928183854705133982, -2.114205372065915078, -2.600922986575909590 ) ) ;
#1367 = CARTESIAN_POINT ( 'NONE',  ( -4.132760199287048408, -4.218442788952918576, 2.387408070514344782 ) ) ;
#1368 = CARTESIAN_POINT ( 'NONE',  ( 4.762472196907794775, -6.144523885790578177, 0.3110017309653238526 ) ) ;
#1369 = CARTESIAN_POINT ( 'NONE',  ( -4.762667361171288860, -2.944473371918061133, 0.3112939932663582598 ) ) ;
#1370 = CARTESIAN_POINT ( 'NONE',  ( 1.235744385387314459, -5.866783284144641009, -4.609888754104904507 ) ) ;
#1371 = EDGE_CURVE ( 'NONE', #4336, #3462, #2799, .T. ) ;
#1372 = ORIENTED_EDGE ( 'NONE', *, *, #2137, .T. ) ;
#1373 = CARTESIAN_POINT ( 'NONE',  ( -3.279375415123786830, -5.431202371175607446, 3.457487431970906133 ) ) ;
#1374 = CARTESIAN_POINT ( 'NONE',  ( 1.451608026835755251E-11, -5.814505671772996820, -4.762500000000000178 ) ) ;
#1375 = DIRECTION ( 'NONE',  ( 0.000000000000000000, 1.000000000000000000, 0.000000000000000000 ) ) ;
#1376 = CARTESIAN_POINT ( 'NONE',  ( 2.299118776836519551, -2.023790410514878957, -4.125529735161074463 ) ) ;
#1377 = EDGE_LOOP ( 'NONE', ( #1581, #4331, #1479 ) ) ;
#1378 = CARTESIAN_POINT ( 'NONE',  ( 2.770471766894177179, -5.472901296175530561, -2.770471766894176735 ) ) ;
#1379 = CARTESIAN_POINT ( 'NONE',  ( 2.770471766894177179, -5.472901296175530561, -2.770471766894176735 ) ) ;
#1380 = DIRECTION ( 'NONE',  ( 0.000000000000000000, 0.000000000000000000, 1.000000000000000000 ) ) ;
#1381 = CARTESIAN_POINT ( 'NONE',  ( -0.6718524657862035010, -2.014144932312472047, -4.728997004092784451 ) ) ;
#1382 = CARTESIAN_POINT ( 'NONE',  ( 4.281815104689401075, -4.954849035340772367, 2.107997160294373895 ) ) ;
#1383 = CARTESIAN_POINT ( 'NONE',  ( 2.694804371304934776, -6.566554509500276637, -2.694804371304934332 ) ) ;
#1384 = CARTESIAN_POINT ( 'NONE',  ( 4.762666354815339176, -3.641777181099195904, 0.3113081489708723337 ) ) ;
#1385 = CARTESIAN_POINT ( 'NONE',  ( -4.762500000000000178, -3.134374999999999023, -1.972692090801865916 ) ) ;
#1386 = CARTESIAN_POINT ( 'NONE',  ( -3.108060464371588782, -4.309699672728276809, -3.550430415817681151 ) ) ;
#1387 = CARTESIAN_POINT ( 'NONE',  ( 4.469657799732698500, -3.437616595887785120, -1.512785333333066085 ) ) ;
#1388 = CARTESIAN_POINT ( 'NONE',  ( 4.244666567996251416, -7.072882737483479509, 0.1108461954467638289 ) ) ;
#1389 = CARTESIAN_POINT ( 'NONE',  ( 0.002455942407966464885, -2.639404711492854272, 4.662499353173884309 ) ) ;
#1390 = ORIENTED_EDGE ( 'NONE', *, *, #459, .T. ) ;
#1391 = CARTESIAN_POINT ( 'NONE',  ( 0.6265100806663219668, -3.300241024851476190, -4.731343512310751009 ) ) ;
#1392 = CARTESIAN_POINT ( 'NONE',  ( 3.491327184669804407, -2.109359517150881214, -3.254721137003350417 ) ) ;
#1393 = CARTESIAN_POINT ( 'NONE',  ( -2.111689431944161477, -4.100507437577844527, 4.280143052762690026 ) ) ;
#1394 = CARTESIAN_POINT ( 'NONE',  ( 0.9012246705628034205, 0.2556761862497226034, -5.830530654936115553 ) ) ;
#1395 = ORIENTED_EDGE ( 'NONE', *, *, #4179, .T. ) ;
#1396 = CARTESIAN_POINT ( 'NONE',  ( 0.002508616775965937743, -2.639404711492854716, 4.762499339300938495 ) ) ;
#1397 = CARTESIAN_POINT ( 'NONE',  ( 1.519070293178953701, -5.791596933889882060, -4.467564144557915284 ) ) ;
#1398 = EDGE_LOOP ( 'NONE', ( #702, #4938, #4767, #2514, #2844, #1814 ) ) ;
#1399 = CARTESIAN_POINT ( 'NONE',  ( -4.560979127287316359, -5.571148310274713467, 1.213870444563482920 ) ) ;
#1400 = FACE_OUTER_BOUND ( 'NONE', #4302, .T. ) ;
#1401 = CARTESIAN_POINT ( 'NONE',  ( -4.611535849955322064, -4.175035339331186535, 1.229364018924259172 ) ) ;
#1402 = CARTESIAN_POINT ( 'NONE',  ( -0.9012246705628020882, -1.781821257207333975, 5.830530654936114665 ) ) ;
#1403 = ADVANCED_FACE ( 'NONE', ( #2535 ), #3023, .T. ) ;
#1404 = TOROIDAL_SURFACE ( 'NONE', #4820, 4.340740814427816119, 1.000000000000000000 ) ;
#1405 = ORIENTED_EDGE ( 'NONE', *, *, #5055, .F. ) ;
#1406 = CARTESIAN_POINT ( 'NONE',  ( -0.9690136261308919252, -6.587955620197614159, 4.674588432571861851 ) ) ;
#1407 = TOROIDAL_SURFACE ( 'NONE', #99, 8.743105441705637304, 6.109691365970316923 ) ;
#1408 = CARTESIAN_POINT ( 'NONE',  ( -1.622904786874859173, -7.298526296175531947, 3.918038746913496073 ) ) ;
#1409 = CARTESIAN_POINT ( 'NONE',  ( -3.115750614775560479, -5.237143493464328614, 3.543729595030805868 ) ) ;
#1410 = CARTESIAN_POINT ( 'NONE',  ( 4.762220678274664998, -3.616440197028247816, -0.3180013146504261368 ) ) ;
#1411 = CARTESIAN_POINT ( 'NONE',  ( -4.384156220540574189, -6.602836384151679283, 1.717686338820129999 ) ) ;
#1412 = VERTEX_POINT ( 'NONE', #4426 ) ;
#1413 = AXIS2_PLACEMENT_3D ( 'NONE', #5128, #4359, #602 ) ;
#1414 = CARTESIAN_POINT ( 'NONE',  ( -1.578579852768131175, -4.702820490499723505, 3.811028889841739709 ) ) ;
#1415 = CARTESIAN_POINT ( 'NONE',  ( 4.762166561522783503, -3.677161529484949565, -0.3189413329066618785 ) ) ;
#1416 = CARTESIAN_POINT ( 'NONE',  ( -3.918038746913496961, -7.383973703824469936, -1.622904786874857175 ) ) ;
#1417 = CARTESIAN_POINT ( 'NONE',  ( -4.559946287870851656, -4.086325587826379113, 1.213336568635865920 ) ) ;
#1418 = FACE_OUTER_BOUND ( 'NONE', #948, .T. ) ;
#1419 = CARTESIAN_POINT ( 'NONE',  ( 4.762577204495373806, -2.334497869192731834, 0.3103987665930168505 ) ) ;
#1420 = ORIENTED_EDGE ( 'NONE', *, *, #5258, .T. ) ;
#1421 = CARTESIAN_POINT ( 'NONE',  ( 2.664224183709726055E-16, 7.500000000000000888, -1.957629832425592298 ) ) ;
#1422 = CARTESIAN_POINT ( 'NONE',  ( 3.489649034473297551, -2.170015905979730153, -3.256525818184909049 ) ) ;
#1423 = CARTESIAN_POINT ( 'NONE',  ( 1.231503507178443479, -4.694574875911258438, -4.611139992723129133 ) ) ;
#1424 = CARTESIAN_POINT ( 'NONE',  ( 3.589109741522137131, -6.278142485211136936, 3.145828873845366136 ) ) ;
#1425 = CARTESIAN_POINT ( 'NONE',  ( -0.6225321577918474514, -2.576050094740969243, 4.708486303129008732 ) ) ;
#1426 = CARTESIAN_POINT ( 'NONE',  ( 4.469735296623701615, -5.977627250141470228, -1.512555650923497641 ) ) ;
#1427 = ORIENTED_EDGE ( 'NONE', *, *, #3522, .F. ) ;
#1428 = CARTESIAN_POINT ( 'NONE',  ( -4.719108009466973286, -5.626001954871806987, -0.07720740227263830913 ) ) ;
#1429 = CARTESIAN_POINT ( 'NONE',  ( 3.542770168662466634, -4.841550033994677094, -3.116784658484856418 ) ) ;
#1430 = CARTESIAN_POINT ( 'NONE',  ( -0.0008357886465793545796, -2.676777968537007446, 4.762500000000000178 ) ) ;
#1431 = CARTESIAN_POINT ( 'NONE',  ( 5.500000000000000000, -2.000000000000000000, 3.175426480542941743 ) ) ;
#1432 = CARTESIAN_POINT ( 'NONE',  ( 0.3145279884048370334, -3.836095420009054902, 4.762504035247019374 ) ) ;
#1433 = ORIENTED_EDGE ( 'NONE', *, *, #3819, .T. ) ;
#1434 = EDGE_CURVE ( 'NONE', #4919, #3834, #4015, .T. ) ;
#1435 = CIRCLE ( 'NONE', #3450, 4.762500000000000178 ) ;
#1436 = CARTESIAN_POINT ( 'NONE',  ( -3.542797964102143204, -5.554698303689592720, -3.116753143172191542 ) ) ;
#1437 = DIRECTION ( 'NONE',  ( -1.224646799147353207E-16, 0.000000000000000000, -1.000000000000000000 ) ) ;
#1438 =( GEOMETRIC_REPRESENTATION_CONTEXT ( 3 ) GLOBAL_UNCERTAINTY_ASSIGNED_CONTEXT ( ( #4884 ) ) GLOBAL_UNIT_ASSIGNED_CONTEXT ( ( #3505, #2947, #1362 ) ) REPRESENTATION_CONTEXT ( 'NONE', 'WORKASPACE' ) );
#1439 = CARTESIAN_POINT ( 'NONE',  ( 1.578579852768130065, -4.544070490499723114, 3.811028889841740597 ) ) ;
#1440 = EDGE_CURVE ( 'NONE', #3294, #3299, #872, .T. ) ;
#1441 = CARTESIAN_POINT ( 'NONE',  ( 3.786819162563486607, -3.496090974769560322, -2.904916357674323546 ) ) ;
#1442 = AXIS2_PLACEMENT_3D ( 'NONE', #421, #43, #2090 ) ;
#1443 = CARTESIAN_POINT ( 'NONE',  ( -2.770471766894176735, -7.463348703824469688, -2.770471766894177179 ) ) ;
#1444 = CARTESIAN_POINT ( 'NONE',  ( -4.279366918195849578, -4.320098465108737962, -2.113182373532629832 ) ) ;
#1445 = CARTESIAN_POINT ( 'NONE',  ( -1.781824147560435057, -2.409996409377077153, -3.571650494480382854 ) ) ;
#1446 = COORDINATED_UNIVERSAL_TIME_OFFSET ( 6, 0, .BEHIND. ) ;
#1447 = CARTESIAN_POINT ( 'NONE',  ( -3.918038746913497850, -7.225223703824470434, 1.622904786874856287 ) ) ;
#1448 = ORIENTED_EDGE ( 'NONE', *, *, #4110, .F. ) ;
#1449 = CARTESIAN_POINT ( 'NONE',  ( -0.002440671509797156906, -5.216842554312614233, 4.762499374606004032 ) ) ;
#1450 = CARTESIAN_POINT ( 'NONE',  ( 1.934192133323987983, -2.001242205133580754, -4.304367500260042334 ) ) ;
#1451 = CARTESIAN_POINT ( 'NONE',  ( -0.6224514842995744202, -4.644679610422181248, -4.677438897102386584 ) ) ;
#1452 = CARTESIAN_POINT ( 'NONE',  ( -4.762472197012111330, -2.981726114249477089, 0.3110017300133396945 ) ) ;
#1453 = CARTESIAN_POINT ( 'NONE',  ( -4.687622900508540802, -5.603492993325963845, 0.4715294073516415607 ) ) ;
#1454 = CARTESIAN_POINT ( 'NONE',  ( -2.382284984317843524, -5.647448530243357467, -4.135776221859979174 ) ) ;
#1455 = ORIENTED_EDGE ( 'NONE', *, *, #4179, .F. ) ;
#1456 = VERTEX_POINT ( 'NONE', #1627 ) ;
#1457 = CARTESIAN_POINT ( 'NONE',  ( -4.057274404235172938, -5.731490367232143335, -2.395049345646668826 ) ) ;
#1458 = CARTESIAN_POINT ( 'NONE',  ( -1.217639713623249964, -4.087618714131100894, 4.558809011472984452 ) ) ;
#1459 = CARTESIAN_POINT ( 'NONE',  ( 1.217371954034990322, -5.038643329921524305, 4.558877038959876060 ) ) ;
#1460 = CARTESIAN_POINT ( 'NONE',  ( -0.001671584350677371737, -3.946811605469354944, 4.762499779990679194 ) ) ;
#1461 = CARTESIAN_POINT ( 'NONE',  ( 4.678432157928734902, -3.477670667027622731, -0.6150934695814418429 ) ) ;
#1462 = ORIENTED_EDGE ( 'NONE', *, *, #65, .T. ) ;
#1463 = DIRECTION ( 'NONE',  ( -0.000000000000000000, 1.000000000000000000, -0.000000000000000000 ) ) ;
#1464 = CARTESIAN_POINT ( 'NONE',  ( 4.506474203507308651, -2.291250058080422036, -1.583477917864360096 ) ) ;
#1465 = CARTESIAN_POINT ( 'NONE',  ( 1.578579852768129177, -5.337820490499724180, -3.811028889841741041 ) ) ;
#1466 = CARTESIAN_POINT ( 'NONE',  ( -4.557106855416986235, -4.190580698766025236, -1.224036621484753562 ) ) ;
#1467 = CARTESIAN_POINT ( 'NONE',  ( -4.762500000000000178, -1.864374999999999893, -1.972692090801865916 ) ) ;
#1468 = CARTESIAN_POINT ( 'NONE',  ( -2.911091380866574152, -3.982222334006316977, 3.782137020387735582 ) ) ;
#1469 = CARTESIAN_POINT ( 'NONE',  ( -0.001163355406556704349, -2.550761377723433476, 4.708643259180776752 ) ) ;
#1470 = EDGE_CURVE ( 'NONE', #2694, #3756, #553, .T. ) ;
#1471 = CALENDAR_DATE ( 2026, 3, 1 ) ;
#1472 = CARTESIAN_POINT ( 'NONE',  ( -3.855258289702638841, -7.455005887479105198, 0.1925594329690746564 ) ) ;
#1473 = CARTESIAN_POINT ( 'NONE',  ( -2.086664799146001670, -2.858489905592367819, 4.232298906032712971 ) ) ;
#1474 = CARTESIAN_POINT ( 'NONE',  ( 1.363352628723741189, -2.001746852711991931, -4.574093384189623634 ) ) ;
#1475 = CARTESIAN_POINT ( 'NONE',  ( -3.551718082092515605, -4.498983802329621362, -3.106959062620719969 ) ) ;
#1476 = CARTESIAN_POINT ( 'NONE',  ( -3.589109742591869434, -2.848107514853783329, 3.145828872534496945 ) ) ;
#1477 = CARTESIAN_POINT ( 'NONE',  ( 1.449674984028049645E-11, -3.274505671772997228, -4.762500000000000178 ) ) ;
#1478 = CARTESIAN_POINT ( 'NONE',  ( -4.762332296055562075, -5.509742584114592390, -0.3163774193632248877 ) ) ;
#1479 = ORIENTED_EDGE ( 'NONE', *, *, #2970, .T. ) ;
#1480 = CARTESIAN_POINT ( 'NONE',  ( -3.786337837661833294, -5.752693244939052875, -2.803834189115612663 ) ) ;
#1481 = CARTESIAN_POINT ( 'NONE',  ( 2.749999999999998224, 0.4738549290423901272, -4.763139720814410616 ) ) ;
#1482 = CARTESIAN_POINT ( 'NONE',  ( 4.134104004025650703, -4.968458844942353458, 2.385083249610603584 ) ) ;
#1483 = CARTESIAN_POINT ( 'NONE',  ( -5.500000000000000888, 0.4262780420213987953, 1.082391170803077340 ) ) ;
#1484 = CARTESIAN_POINT ( 'NONE',  ( 4.762496453016257014, -3.604509369850715128, 0.3106511131011543414 ) ) ;
#1485 = CARTESIAN_POINT ( 'NONE',  ( -1.420460040536392743, -6.547499999999991438, 4.545734211680150239 ) ) ;
#1486 = CARTESIAN_POINT ( 'NONE',  ( 4.715301198393490267, -2.235019279237948631, 0.04159836553259387698 ) ) ;
#1487 = CARTESIAN_POINT ( 'NONE',  ( 2.477531291277247583, -2.213500779794138840, -4.083762410969791645 ) ) ;
#1488 = EDGE_LOOP ( 'NONE', ( #1257, #2184, #1142, #23, #1448, #990, #268 ) ) ;
#1489 = CARTESIAN_POINT ( 'NONE',  ( 3.811028889841741041, -5.496570490499724571, -1.578579852768128955 ) ) ;
#1490 = AXIS2_PLACEMENT_3D ( 'NONE', #374, #2921, #1219 ) ;
#1491 = AXIS2_PLACEMENT_3D ( 'NONE', #2812, #5338, #2487 ) ;
#1492 = CARTESIAN_POINT ( 'NONE',  ( 4.086801304482678532, -4.666736422702761899, -2.358703955144195508 ) ) ;
#1493 = CARTESIAN_POINT ( 'NONE',  ( -1.622904786874856953, -3.732723703824469830, -3.918038746913496961 ) ) ;
#1494 = CARTESIAN_POINT ( 'NONE',  ( -1.533376350933483678, -4.515986840471300390, -4.519710629010410763 ) ) ;
#1495 = VECTOR ( 'NONE', #5287, 1000.000000000000114 ) ;
#1496 = CARTESIAN_POINT ( 'NONE',  ( 0.000000000000000000, -7.500000000000000000, 3.809999999999997389 ) ) ;
#1497 = DATE_AND_TIME ( #3585, #4586 ) ;
#1498 = CARTESIAN_POINT ( 'NONE',  ( -3.587648416076939739, -2.908773110708410492, 3.147502757304689425 ) ) ;
#1499 = EDGE_CURVE ( 'NONE', #2212, #4919, #4999, .T. ) ;
#1500 = CARTESIAN_POINT ( 'NONE',  ( 4.754604337297585026, -2.305047451400686231, -0.4183168369316397350 ) ) ;
#1501 = CARTESIAN_POINT ( 'NONE',  ( -1.225590615490226964, -4.618099711963708387, -4.556730287118028855 ) ) ;
#1502 = CARTESIAN_POINT ( 'NONE',  ( -2.114008102274587575, -2.769851148434968824, 4.278996326917944515 ) ) ;
#1503 = CARTESIAN_POINT ( 'NONE',  ( -3.605293070668096789, -5.765559188514198574, -3.044996571896567694 ) ) ;
#1504 = CARTESIAN_POINT ( 'NONE',  ( -4.520012848191207411, -5.431311768726409639, 1.532552192947892911 ) ) ;
#1505 = ORIENTED_EDGE ( 'NONE', *, *, #1196, .F. ) ;
#1506 = CARTESIAN_POINT ( 'NONE',  ( -0.3226188203700902091, -5.318665328537917070, 4.708731181933377918 ) ) ;
#1507 = CARTESIAN_POINT ( 'NONE',  ( 0.000000000000000000, -2.000000000000000000, -1.653408313040394459E-15 ) ) ;
#1508 = CARTESIAN_POINT ( 'NONE',  ( -4.678411195965482605, -4.327447078317582907, 0.6162817738820109970 ) ) ;
#1509 = CARTESIAN_POINT ( 'NONE',  ( 0.6239474775216996560, -5.093129527930832623, 4.731633384615706817 ) ) ;
#1510 = CARTESIAN_POINT ( 'NONE',  ( 0.000000000000000000, -2.000000000000000000, 1.734723475976807094E-15 ) ) ;
#1511 = CARTESIAN_POINT ( 'NONE',  ( 3.786731369338308006, -3.458866295898759713, -2.904891215647832592 ) ) ;
#1512 = CARTESIAN_POINT ( 'NONE',  ( 1.550198640645862103, -2.197812429026556824, -4.460382145120789232 ) ) ;
#1513 = B_SPLINE_CURVE_WITH_KNOTS ( 'NONE', 3,
 ( #646, #4379, #1522, #1907, #4869, #2751 ),
 .UNSPECIFIED., .F., .F.,
 ( 4, 2, 4 ),
 ( 0.005974341325904838039, 0.007582004499377006587, 0.009189667672849176003 ),
 .UNSPECIFIED. ) ;
#1514 = CARTESIAN_POINT ( 'NONE',  ( -3.918038746913496961, -6.113973703824471251, -1.622904786874857619 ) ) ;
#1515 = CARTESIAN_POINT ( 'NONE',  ( 4.771812524941012157, -2.428456365088538238, 0.2063004259722541756 ) ) ;
#1516 = CARTESIAN_POINT ( 'NONE',  ( 2.694804371304934776, -5.417195490499723931, -2.694804371304934332 ) ) ;
#1517 = EDGE_CURVE ( 'NONE', #1555, #3311, #2910, .T. ) ;
#1518 = CONICAL_SURFACE ( 'NONE', #5204, 5.499999999999999112, 1.047197551196600074 ) ;
#1519 = CARTESIAN_POINT ( 'NONE',  ( -5.500000000000000000, -1.508759813876390465, -3.175426480543112717 ) ) ;
#1520 = CARTESIAN_POINT ( 'NONE',  ( -1.015276314341131192, -1.222442335747565556, -3.918038746913497405 ) ) ;
#1521 = CARTESIAN_POINT ( 'NONE',  ( -3.589109742591870322, -4.118107514853782014, 3.145828872534495613 ) ) ;
#1522 = CARTESIAN_POINT ( 'NONE',  ( -5.500000000000000888, 0.2567759752410484486, -2.129733372950096459 ) ) ;
#1523 = CARTESIAN_POINT ( 'NONE',  ( -2.770471766894176735, -6.193348703824469226, -2.770471766894177179 ) ) ;
#1524 = CARTESIAN_POINT ( 'NONE',  ( -2.114118006427899044, -2.769856456219070839, 4.278943207202653198 ) ) ;
#1525 = CARTESIAN_POINT ( 'NONE',  ( 1.554845917073633066, -2.572793580158187154, 4.512739359693944685 ) ) ;
#1526 = DIRECTION ( 'NONE',  ( -0.000000000000000000, 1.000000000000000000, -0.000000000000000000 ) ) ;
#1527 = CARTESIAN_POINT ( 'NONE',  ( -4.218240634411214884, -6.707649689931404424, -1.877738144346536631 ) ) ;
#1528 = AXIS2_PLACEMENT_3D ( 'NONE', #2000, #3673, #413 ) ;
#1529 = CARTESIAN_POINT ( 'NONE',  ( -4.731446476908931054, -5.522697091713143713, -0.6254611363988029638 ) ) ;
#1530 = EDGE_LOOP ( 'NONE', ( #1304, #874, #1284, #5401 ) ) ;
#1531 = CARTESIAN_POINT ( 'NONE',  ( -1.304273199997602273, -5.272051799109429560, 4.592130851659107726 ) ) ;
#1532 = CARTESIAN_POINT ( 'NONE',  ( 4.762499999999999289, -7.420625000000001137, 1.972692090801868581 ) ) ;
#1533 = CARTESIAN_POINT ( 'NONE',  ( -2.364390962116399653, -4.563776437463567426, -4.083504177415987257 ) ) ;
#1534 = CARTESIAN_POINT ( 'NONE',  ( 2.869176716554637796, -4.957720555345614066, 3.746174666778107731 ) ) ;
#1535 = CARTESIAN_POINT ( 'NONE',  ( 0.000000000000000000, -7.500000000000000888, -1.653408313040394459E-15 ) ) ;
#1536 = CARTESIAN_POINT ( 'NONE',  ( 4.609664359683954160, -3.583578330427868330, 1.237207808154196398 ) ) ;
#1537 = EDGE_CURVE ( 'NONE', #3016, #5263, #2851, .T. ) ;
#1538 = CARTESIAN_POINT ( 'NONE',  ( 4.016636140882855699, -2.335327216515667104, -2.482872896372318561 ) ) ;
#1539 = CARTESIAN_POINT ( 'NONE',  ( 2.481876524883166457, -2.028638411197570601, -4.001445986055238713 ) ) ;
#1540 = CARTESIAN_POINT ( 'NONE',  ( 0.4216205379768382389, -2.058957776273576901, -4.747275851024872928 ) ) ;
#1541 = ORIENTED_EDGE ( 'NONE', *, *, #1158, .T. ) ;
#1542 = CARTESIAN_POINT ( 'NONE',  ( 2.694804371304934776, -2.877195490499723451, -2.694804371304934332 ) ) ;
#1543 = CARTESIAN_POINT ( 'NONE',  ( 4.466860091069541738, -4.839174285530710939, 1.520679330657099593 ) ) ;
#1544 = CARTESIAN_POINT ( 'NONE',  ( 3.918038746913496961, -5.399598703824469048, 0.000000000000000000 ) ) ;
#1545 = CARTESIAN_POINT ( 'NONE',  ( 3.217814221058692414, -1.988388889991861141, 4.493047054355440828 ) ) ;
#1546 = CARTESIAN_POINT ( 'NONE',  ( -4.558439242361009391, -3.135192842294335147, -1.219307950853053324 ) ) ;
#1547 = CARTESIAN_POINT ( 'NONE',  ( 0.6657833393338716821, -6.459216391349489328, 4.718609948073130944 ) ) ;
#1548 = CARTESIAN_POINT ( 'NONE',  ( 2.770471766894177179, -6.510848703824470007, -2.770471766894176735 ) ) ;
#1549 = CARTESIAN_POINT ( 'NONE',  ( -4.281948291601736400, -2.901413969572256502, 2.107729100772571584 ) ) ;
#1550 = CARTESIAN_POINT ( 'NONE',  ( 0.3188910793596462234, -2.626673565885159878, 4.762332686815198279 ) ) ;
#1551 = CARTESIAN_POINT ( 'NONE',  ( -3.687038438742812563, -2.000000000000004441, 4.222140325965221486 ) ) ;
#1552 = PLANE ( 'NONE',  #816 ) ;
#1553 = CARTESIAN_POINT ( 'NONE',  ( -4.677438168321971013, -5.434059418153031729, -0.6221815662697796068 ) ) ;
#1554 = VERTEX_POINT ( 'NONE', #4558 ) ;
#1555 = VERTEX_POINT ( 'NONE', #41 ) ;
#1556 = CARTESIAN_POINT ( 'NONE',  ( 3.918038746913490744, -5.552276296175526760, -1.622904786874854954 ) ) ;
#1557 = CARTESIAN_POINT ( 'NONE',  ( -4.762500000000001066, -6.626875000000000071, 1.972692090801864584 ) ) ;
#1558 = CARTESIAN_POINT ( 'NONE',  ( 0.3123349841678865757, -5.292824358899745008, 4.708560218952877463 ) ) ;
#1559 = CARTESIAN_POINT ( 'NONE',  ( 0.3145933062904140431, -5.106093011883580779, 4.762499620545370682 ) ) ;
#1560 = DIRECTION ( 'NONE',  ( 0.000000000000000000, -1.000000000000000000, 0.000000000000000000 ) ) ;
#1561 = CARTESIAN_POINT ( 'NONE',  ( 2.904097877612188405, -3.407617602049684447, -3.787328910063133325 ) ) ;
#1562 = CARTESIAN_POINT ( 'NONE',  ( -1.056098621164606621, -6.548249447439651760, 4.646990905939602179 ) ) ;
#1563 = CARTESIAN_POINT ( 'NONE',  ( -3.415581759835934594, -6.550098562996298668, 3.327512471910453407 ) ) ;
#1564 = EDGE_CURVE ( 'NONE', #3943, #2212, #2827, .T. ) ;
#1565 = CARTESIAN_POINT ( 'NONE',  ( 2.770471766894176291, -5.558348703824470327, 2.770471766894177623 ) ) ;
#1566 = CARTESIAN_POINT ( 'NONE',  ( -0.1251513999400618860, -2.036737896989202490, -4.764356348418789189 ) ) ;
#1567 = CARTESIAN_POINT ( 'NONE',  ( -3.918038746913496961, -6.266651296175529851, -4.798213610342920265E-16 ) ) ;
#1568 = CARTESIAN_POINT ( 'NONE',  ( -4.084500887741210562, -4.244894183238438146, -2.362853389608515098 ) ) ;
#1569 = CARTESIAN_POINT ( 'NONE',  ( -3.918038746913496961, -3.494598703824469688, -4.798213610342920265E-16 ) ) ;
#1570 = CARTESIAN_POINT ( 'NONE',  ( -2.387457287807850825, -4.053295129165396915, 4.132589558851048395 ) ) ;
#1571 = CARTESIAN_POINT ( 'NONE',  ( -2.874133611177499326, -3.267278446376579826, -3.742288706477511884 ) ) ;
#1572 = CARTESIAN_POINT ( 'NONE',  ( 0.01718576198753965500, -6.575023259036001377, 4.719711475062817740 ) ) ;
#1573 = VECTOR ( 'NONE', #1818, 1000.000000000000000 ) ;
#1574 = CARTESIAN_POINT ( 'NONE',  ( -3.918038746913496961, -3.494598703824469688, -4.798213610342920265E-16 ) ) ;
#1575 = CARTESIAN_POINT ( 'NONE',  ( -2.902993988489559474, -2.870545099883596851, 3.788259969293636065 ) ) ;
#1576 = CIRCLE ( 'NONE', #781, 4.340740814427816119 ) ;
#1577 = CARTESIAN_POINT ( 'NONE',  ( 4.313226247307405892, -2.411738075342321874, 2.043687948350975780 ) ) ;
#1578 = DIRECTION ( 'NONE',  ( 0.000000000000000000, 0.000000000000000000, -1.000000000000000000 ) ) ;
#1579 = CARTESIAN_POINT ( 'NONE',  ( 9.184850993605150903E-17, 3.499999999999999556, -0.7499999999999972244 ) ) ;
#1580 = DIRECTION ( 'NONE',  ( -0.000000000000000000, 1.000000000000000000, -0.000000000000000000 ) ) ;
#1581 = ORIENTED_EDGE ( 'NONE', *, *, #4684, .T. ) ;
#1582 = DIRECTION ( 'NONE',  ( -0.5000000000000000000, 0.000000000000000000, -0.8660254037844387076 ) ) ;
#1583 = CARTESIAN_POINT ( 'NONE',  ( 1.622904786874857175, -2.853526296175530774, -3.918038746913496961 ) ) ;
#1584 = FACE_OUTER_BOUND ( 'NONE', #5011, .T. ) ;
#1585 = CARTESIAN_POINT ( 'NONE',  ( 2.110092264394221928, -4.637447731895337988, -4.280951346290139625 ) ) ;
#1586 = CARTESIAN_POINT ( 'NONE',  ( 4.517775943425193397, -4.833232562129224696, -1.538894218583726214 ) ) ;
#1587 = CARTESIAN_POINT ( 'NONE',  ( -0.6179539947466532457, -3.188386520380936062, -4.732583374157433020 ) ) ;
#1588 = CARTESIAN_POINT ( 'NONE',  ( 3.351486999076030759, -2.289779387511257536, -3.326494162906243446 ) ) ;
#1589 = EDGE_LOOP ( 'NONE', ( #2570, #1733, #2376, #1969, #4753, #5181, #347, #1405, #4957, #135 ) ) ;
#1590 = B_SPLINE_CURVE_WITH_KNOTS ( 'NONE', 3,
 ( #3843, #586, #4720, #3408, #2637, #3902, #86, #1759, #3436, #59, #1286, #4227, #524, #470, #144, #4312, #2223, #5077, #5106, #3490, #4663, #5161, #2142, #1315 ),
 .UNSPECIFIED., .F., .F.,
 ( 4, 2, 2, 2, 2, 2, 2, 2, 2, 2, 2, 4 ),
 ( 0.000000000000000000, 0.001121064651637365770, 0.001681596977456048655, 0.002242129303274731540, 0.003363193954912097310, 0.003923726280730780412, 0.004203992443640122180, 0.004344125525094793064, 0.004414192065822128072, 0.004449225336185795576, 0.004466741971367629328, 0.004484258606549463080 ),
 .UNSPECIFIED. ) ;
#1591 = CARTESIAN_POINT ( 'NONE',  ( -3.589746083076942984, -5.350913368440833651, 3.145134781166979199 ) ) ;
#1592 = CARTESIAN_POINT ( 'NONE',  ( -2.770471766894176735, -3.653348703824470078, -2.770471766894177179 ) ) ;
#1593 = CARTESIAN_POINT ( 'NONE',  ( -1.421661929934911838E-05, -2.737500861146977549, 4.762500652578983917 ) ) ;
#1594 = VERTEX_POINT ( 'NONE', #881 ) ;
#1595 = ADVANCED_FACE ( 'NONE', ( #3302 ), #4910, .T. ) ;
#1596 = CARTESIAN_POINT ( 'NONE',  ( 1.622904786874857841, -5.869776296175529318, 3.918038746913496073 ) ) ;
#1597 = CARTESIAN_POINT ( 'NONE',  ( 3.586037218117732017, -2.212926146748591893, -3.149289231619068374 ) ) ;
#1598 = CARTESIAN_POINT ( 'NONE',  ( -7.197320415514379411E-16, -4.447098703824469368, 3.918038746913496961 ) ) ;
#1599 = CARTESIAN_POINT ( 'NONE',  ( 2.354208787643556455, -4.776782526245106020, -4.089655760114496275 ) ) ;
#1600 = CARTESIAN_POINT ( 'NONE',  ( -0.3171526937790542511, -3.959506886812226067, 4.762333682195538209 ) ) ;
#1601 = CARTESIAN_POINT ( 'NONE',  ( -4.557283740738419908, -3.030668682103297762, 1.224125141988108512 ) ) ;
#1602 = CARTESIAN_POINT ( 'NONE',  ( 4.599600290601491892, -6.213138749466962096, -1.058095734019153022 ) ) ;
#1603 = ADVANCED_FACE ( 'NONE', ( #1681 ), #4036, .T. ) ;
#1604 = CARTESIAN_POINT ( 'NONE',  ( -2.770471766894176735, -3.653348703824470078, -2.770471766894177179 ) ) ;
#1605 = CARTESIAN_POINT ( 'NONE',  ( 2.106192524404553623, -3.465243533995427061, -4.282706563182589576 ) ) ;
#1606 = CIRCLE ( 'NONE', #1784, 5.500000000000000000 ) ;
#1607 = CARTESIAN_POINT ( 'NONE',  ( 4.768079239264389813, -2.270031963199592440, 0.2159525912669485459 ) ) ;
#1608 = DIRECTION ( 'NONE',  ( -0.000000000000000000, 1.000000000000000000, -0.000000000000000000 ) ) ;
#1609 = CARTESIAN_POINT ( 'NONE',  ( 0.6262749048610651847, -5.966550262213116795, -4.677491440347745666 ) ) ;
#1610 = CARTESIAN_POINT ( 'NONE',  ( -0.6284031675313810350, -5.144034636257485360, 4.762502596718455550 ) ) ;
#1611 = EDGE_LOOP ( 'NONE', ( #3701, #2268, #3870, #4513 ) ) ;
#1612 = DIRECTION ( 'NONE',  ( 0.4999999999999998335, 0.000000000000000000, -0.8660254037844387076 ) ) ;
#1613 = CARTESIAN_POINT ( 'NONE',  ( 2.770471766894176291, -3.250401296175530419, 2.770471766894177623 ) ) ;
#1614 = CARTESIAN_POINT ( 'NONE',  ( -3.121786155756002934, -2.381825975489998637, 2.584413933895593374 ) ) ;
#1615 = AXIS2_PLACEMENT_3D ( 'NONE', #3215, #3552, #664 ) ;
#1616 = CARTESIAN_POINT ( 'NONE',  ( 4.519588306579481518, -4.796261582681347058, -1.533623623048443241 ) ) ;
#1617 = CARTESIAN_POINT ( 'NONE',  ( 0.6260473852425946228, -5.191032330351285751, 4.731627948006788209 ) ) ;
#1618 = CARTESIAN_POINT ( 'NONE',  ( -4.465883614951521530, -2.934319354794434176, -1.523839533415868752 ) ) ;
#1619 = CARTESIAN_POINT ( 'NONE',  ( 0.6265429563004938363, -6.423782620135421340, 4.731292041667908066 ) ) ;
#1620 = ORIENTED_EDGE ( 'NONE', *, *, #5314, .T. ) ;
#1621 = CARTESIAN_POINT ( 'NONE',  ( 1.421661929764657877E-05, -6.388749138853023979, 4.762500652578982141 ) ) ;
#1622 = CARTESIAN_POINT ( 'NONE',  ( 1.017031219832249970E-14, -2.000052656235997706, -4.762400968023396075 ) ) ;
#1623 = CARTESIAN_POINT ( 'NONE',  ( 0.000000000000000000, -2.000000000000000000, -4.762500000000001954 ) ) ;
#1624 = VERTEX_POINT ( 'NONE', #5030 ) ;
#1625 = CARTESIAN_POINT ( 'NONE',  ( -3.811028889841741041, -2.480320490499723363, -1.578579852768129621 ) ) ;
#1626 = CARTESIAN_POINT ( 'NONE',  ( 2.908364362167799921, -2.543406614172967206, 3.784079172627907273 ) ) ;
#1627 = CARTESIAN_POINT ( 'NONE',  ( 0.000000000000000000, 7.500000000000000888, 1.423651904008797675E-15 ) ) ;
#1628 = CARTESIAN_POINT ( 'NONE',  ( 3.148651726740543388, -5.070461997048331781, 3.586663844308570326 ) ) ;
#1629 = CARTESIAN_POINT ( 'NONE',  ( -4.762775560983431689, -2.944540544384643077, 0.3095803685731063903 ) ) ;
#1630 = CARTESIAN_POINT ( 'NONE',  ( -1.225307074211354319, -3.348112481256229955, -4.556803257483079683 ) ) ;
#1631 = CARTESIAN_POINT ( 'NONE',  ( 1.622904786874857841, -4.367723703824469617, 3.918038746913496073 ) ) ;
#1632 = CARTESIAN_POINT ( 'NONE',  ( -4.558503770904470898, -3.135181425943189826, -1.219054173504833694 ) ) ;
#1633 = DIRECTION ( 'NONE',  ( 0.9991561573079419389, 0.04106941184186072014, 0.0005260461871472221556 ) ) ;
#1634 = EDGE_CURVE ( 'NONE', #2248, #4876, #4676, .T. ) ;
#1635 = CARTESIAN_POINT ( 'NONE',  ( 5.500000000000000000, -0.01738525708133346545, -3.175426480542943075 ) ) ;
#1636 = DIRECTION ( 'NONE',  ( 0.000000000000000000, 0.000000000000000000, 1.000000000000000000 ) ) ;
#1637 = PLANE ( 'NONE',  #1665 ) ;
#1638 = EDGE_LOOP ( 'NONE', ( #5171, #3899, #1355 ) ) ;
#1639 = CARTESIAN_POINT ( 'NONE',  ( -1.622904786874854510, -2.694776296175527719, -3.918038746913490744 ) ) ;
#1640 = CARTESIAN_POINT ( 'NONE',  ( 1.972692090801865916, -2.023125000000000728, -4.762500000000000178 ) ) ;
#1641 = DIRECTION ( 'NONE',  ( 0.000000000000000000, 0.000000000000000000, 1.000000000000000000 ) ) ;
#1642 = CARTESIAN_POINT ( 'NONE',  ( 3.591535293264517481, -4.655252235402831396, -3.143418458895158807 ) ) ;
#1643 = CARTESIAN_POINT ( 'NONE',  ( 2.113447435522480600, -5.123636939007942814, 4.279130825799418503 ) ) ;
#1644 = CARTESIAN_POINT ( 'NONE',  ( -4.610201887839612489, -3.009225315522811695, -1.234433596135071642 ) ) ;
#1645 = CARTESIAN_POINT ( 'NONE',  ( 2.114118005148672985, -6.356393543843690708, 4.278943207883368238 ) ) ;
#1646 = VERTEX_POINT ( 'NONE', #123 ) ;
#1647 = CARTESIAN_POINT ( 'NONE',  ( 1.123427098767674659, -5.988354602293447293, -4.584306835696356330 ) ) ;
#1648 = CARTESIAN_POINT ( 'NONE',  ( -2.846802816422062232, -6.492596425111377023, 3.757879016835372177 ) ) ;
#1649 = CARTESIAN_POINT ( 'NONE',  ( -1.578107474308547229E-11, -6.486744328228219558, 4.762500000000000178 ) ) ;
#1650 = CARTESIAN_POINT ( 'NONE',  ( 3.300607597997088138, -2.582857931212513503, 3.452329412175986878 ) ) ;
#1651 = CARTESIAN_POINT ( 'NONE',  ( 1.622904786874857175, -7.933526296175529957, -3.918038746913496961 ) ) ;
#1652 = CARTESIAN_POINT ( 'NONE',  ( 3.783689155453673791, -2.225862142990376658, -2.909308052468584815 ) ) ;
#1653 = CARTESIAN_POINT ( 'NONE',  ( 4.085529156246047400, -6.149812067671387439, 2.361261655698507322 ) ) ;
#1654 = CARTESIAN_POINT ( 'NONE',  ( 4.731813364033541802, -4.924797868462205130, 0.6225451359284908115 ) ) ;
#1655 = CARTESIAN_POINT ( 'NONE',  ( -4.762220716500094042, -2.969809806140687236, -0.3180014091859515446 ) ) ;
#1656 = CARTESIAN_POINT ( 'NONE',  ( -3.741227215719386212, -2.949691912694574647, 2.875820145504815351 ) ) ;
#1657 = CARTESIAN_POINT ( 'NONE',  ( 3.918038746913496961, -1.510223703824469910, -1.622904786874857175 ) ) ;
#1658 = CARTESIAN_POINT ( 'NONE',  ( 2.354242844491691411, -3.506784242329470835, -4.089636177577782306 ) ) ;
#1659 = CARTESIAN_POINT ( 'NONE',  ( 5.500000000000000000, -2.000000000000000000, -3.175426480542942631 ) ) ;
#1660 = CARTESIAN_POINT ( 'NONE',  ( 3.585017193714214123, -6.315630872083461078, 3.150486715708527896 ) ) ;
#1661 = CARTESIAN_POINT ( 'NONE',  ( 3.802841944929760576, -6.387038537201635613, 2.794580867079936581 ) ) ;
#1662 = CARTESIAN_POINT ( 'NONE',  ( -4.281953237967673687, -5.343416869227122667, 2.108107219052214099 ) ) ;
#1663 = EDGE_CURVE ( 'NONE', #3756, #3007, #2262, .T. ) ;
#1664 = ORIENTED_EDGE ( 'NONE', *, *, #1440, .F. ) ;
#1665 = AXIS2_PLACEMENT_3D ( 'NONE', #862, #4956, #1193 ) ;
#1666 = CARTESIAN_POINT ( 'NONE',  ( -3.147549072979515028, -5.705517885358291075, -3.587595553789575842 ) ) ;
#1667 = CARTESIAN_POINT ( 'NONE',  ( -1.972692090801865028, -5.674375000000000391, -4.762500000000000178 ) ) ;
#1668 = CARTESIAN_POINT ( 'NONE',  ( 0.002507410479071902655, -5.179404760035467348, 4.762499339936194787 ) ) ;
#1669 = CARTESIAN_POINT ( 'NONE',  ( 0.3146117444684660702, -5.204081274625594666, 4.762500000000001066 ) ) ;
#1670 = CARTESIAN_POINT ( 'NONE',  ( 1.532696933005049500, -3.340231966199800784, -4.519941867968024773 ) ) ;
#1671 = AXIS2_PLACEMENT_3D ( 'NONE', #5254, #262, #4482 ) ;
#1672 = CARTESIAN_POINT ( 'NONE',  ( 2.086664797880539268, -6.267760094470347099, 4.232298906704499153 ) ) ;
#1673 = ORIENTED_EDGE ( 'NONE', *, *, #2863, .T. ) ;
#1674 = CARTESIAN_POINT ( 'NONE',  ( 4.567572844831091494, -6.170883333332318976, -1.388482276456815434 ) ) ;
#1675 = CARTESIAN_POINT ( 'NONE',  ( -0.6260467388615067463, -5.205217642213131768, 4.731628033281987555 ) ) ;
#1676 = CARTESIAN_POINT ( 'NONE',  ( 3.918038746913496073, -2.938973703824469208, 1.622904786874859839 ) ) ;
#1677 = CARTESIAN_POINT ( 'NONE',  ( 0.7300812774391608473, -2.707418721855272992, 4.720176661700757670 ) ) ;
#1678 = CARTESIAN_POINT ( 'NONE',  ( -1.622904786874856953, -5.234776296175529531, -3.918038746913496961 ) ) ;
#1679 = B_SPLINE_CURVE_WITH_KNOTS ( 'NONE', 3,
 ( #61, #172, #1731, #1846 ),
 .UNSPECIFIED., .F., .F.,
 ( 4, 4 ),
 ( 0.000000000000000000, 2.508511863770170361E-06 ),
 .UNSPECIFIED. ) ;
#1680 = CARTESIAN_POINT ( 'NONE',  ( 3.591403897697931669, -2.505242554909583141, 3.143484153585453633 ) ) ;
#1681 = FACE_OUTER_BOUND ( 'NONE', #3081, .T. ) ;
#1682 = CARTESIAN_POINT ( 'NONE',  ( 3.542848428869658228, -4.841554553926819437, -3.116705454103626760 ) ) ;
#1683 = CARTESIAN_POINT ( 'NONE',  ( -4.609809189681908670, -3.009290534928738658, -1.235891644636229803 ) ) ;
#1684 = CARTESIAN_POINT ( 'NONE',  ( 0.3170863418519392907, -3.896746052442768171, 4.762338127345126182 ) ) ;
#1685 = CARTESIAN_POINT ( 'NONE',  ( -3.061062142306409939, -1.099359180180253359, -2.781480463945355197 ) ) ;
#1686 = CARTESIAN_POINT ( 'NONE',  ( -4.610317533554966651, -3.107198722966006965, -1.234240780568619966 ) ) ;
#1687 = CARTESIAN_POINT ( 'NONE',  ( 3.367596045400933047, -6.071249999999999147, -3.367596045400932603 ) ) ;
#1688 = CARTESIAN_POINT ( 'NONE',  ( 4.085501787898162540, -3.609814460493793398, 2.361309113756920652 ) ) ;
#1689 = DIRECTION ( 'NONE',  ( 0.000000000000000000, 3.217316266628267449E-16, -1.000000000000000000 ) ) ;
#1690 = CARTESIAN_POINT ( 'NONE',  ( -3.148607499457666048, -5.325785701307216513, 3.586702705858146434 ) ) ;
#1691 = VERTEX_POINT ( 'NONE', #3414 ) ;
#1692 = CARTESIAN_POINT ( 'NONE',  ( -3.918038746913491632, -3.647276296175526067, 1.622904786874853844 ) ) ;
#1693 = CARTESIAN_POINT ( 'NONE',  ( 2.916190190469635054E-16, -5.753750000000000142, -4.762500000000000178 ) ) ;
#1694 = CARTESIAN_POINT ( 'NONE',  ( -1.421661929936902027E-05, -4.007500861146976234, 4.762500652578982141 ) ) ;
#1695 = CARTESIAN_POINT ( 'NONE',  ( 4.762220654927395103, -4.886440183286984151, -0.3180016463974209562 ) ) ;
#1696 = ADVANCED_FACE ( 'NONE', ( #4262 ), #151, .F. ) ;
#1697 = CARTESIAN_POINT ( 'NONE',  ( -4.131745312904416600, -3.002887208999489133, -2.388975864076057665 ) ) ;
#1698 = CARTESIAN_POINT ( 'NONE',  ( 2.357177236562872480, -6.254314542522910081, 4.087749786356793535 ) ) ;
#1699 = ORIENTED_EDGE ( 'NONE', *, *, #3271, .F. ) ;
#1700 = CARTESIAN_POINT ( 'NONE',  ( -3.169877447675056192, -5.704314480984168156, -3.569693215977025158 ) ) ;
#1701 = CARTESIAN_POINT ( 'NONE',  ( -5.832380380939270108E-16, -2.000000000000000000, 4.762499999999998401 ) ) ;
#1702 = DIRECTION ( 'NONE',  ( -0.04106965519533139347, 0.9991562857842293255, 0.000000000000000000 ) ) ;
#1703 = FACE_OUTER_BOUND ( 'NONE', #522, .T. ) ;
#1704 = EDGE_CURVE ( 'NONE', #4357, #5133, #1721, .T. ) ;
#1705 = ORIENTED_EDGE ( 'NONE', *, *, #3713, .F. ) ;
#1706 = CARTESIAN_POINT ( 'NONE',  ( 4.740032104987907502, -6.253203988015008541, 0.5673699567746219863 ) ) ;
#1707 = CARTESIAN_POINT ( 'NONE',  ( -3.061062142306409939, -1.331411772531313265, -2.781480463945355197 ) ) ;
#1708 = CARTESIAN_POINT ( 'NONE',  ( 4.282234597438890233, -2.452038343434974621, 2.107575831323469817 ) ) ;
#1709 = CARTESIAN_POINT ( 'NONE',  ( 2.357413871880333467, -6.254302548473229528, 4.087609565921672683 ) ) ;
#1710 = CARTESIAN_POINT ( 'NONE',  ( 4.279366924739107958, -4.806151535523642160, -2.113182360528841119 ) ) ;
#1711 = CARTESIAN_POINT ( 'NONE',  ( -1.242579032778392101, -2.692085158791087451, 4.608279009902248369 ) ) ;
#1712 = CARTESIAN_POINT ( 'NONE',  ( 0.3122696778187644684, -4.022827090314353704, 4.708564596916360756 ) ) ;
#1713 = CARTESIAN_POINT ( 'NONE',  ( -1.578579852768131175, -4.582179509500277526, 3.811028889841739709 ) ) ;
#1714 = CARTESIAN_POINT ( 'NONE',  ( -0.3126049626225932410, -3.359920253215037622, -4.762392653062061498 ) ) ;
#1715 = CARTESIAN_POINT ( 'NONE',  ( 4.762499999999999289, -6.309375000000000178, 1.972692090801868581 ) ) ;
#1716 = CARTESIAN_POINT ( 'NONE',  ( 2.364400254315996541, -3.292474029573031480, -4.083498906124268579 ) ) ;
#1717 = CARTESIAN_POINT ( 'NONE',  ( 3.183292581619368011, -6.969678357983990935, -2.963493430446671351 ) ) ;
#1718 = CARTESIAN_POINT ( 'NONE',  ( 0.002508616775965937743, -2.639404711492854716, 4.762499339300938495 ) ) ;
#1719 = ORIENTED_EDGE ( 'NONE', *, *, #65, .F. ) ;
#1720 = CARTESIAN_POINT ( 'NONE',  ( 2.540468604030314324E-16, -3.909505671772414370, 4.762500000000000178 ) ) ;
#1721 = B_SPLINE_CURVE_WITH_KNOTS ( 'NONE', 3,
 ( #590, #2617, #4290, #534, #1794, #2174, #176, #3850, #1765, #3442, #5112, #4862, #5271, #4497, #2769, #203, #2356, #1900, #2744, #4472, #1486, #3163, #3625, #3577, #1073, #1101, #4063, #5223, #2721, #1878, #3191, #4834, #5294, #1539 ),
 .UNSPECIFIED., .F., .F.,
 ( 4, 2, 2, 2, 2, 2, 2, 2, 2, 2, 2, 2, 2, 2, 2, 2, 4 ),
 ( 1.761828530288944465E-19, 0.0007677784237629806455, 0.001535556847525961074, 0.002303335271288941069, 0.003071113695051921715, 0.003838892118814900625, 0.004606670542577879536, 0.005374448966340858447, 0.006142227390103838225, 0.006910005813866818003, 0.007677784237629797781, 0.008445562661392775824, 0.009213341085155755603, 0.009981119508918737115, 0.01074889793268171689, 0.01151667635644469841, 0.01228445478020767818 ),
 .UNSPECIFIED. ) ;
#1722 = CARTESIAN_POINT ( 'NONE',  ( 2.916190190469635054E-16, -1.943750000000000089, -4.762500000000000178 ) ) ;
#1723 = DIRECTION ( 'NONE',  ( 0.000000000000000000, 0.000000000000000000, -1.000000000000000000 ) ) ;
#1724 = CARTESIAN_POINT ( 'NONE',  ( -2.750000000000000444, -2.000000000000000000, -4.763139720814411504 ) ) ;
#1725 = CARTESIAN_POINT ( 'NONE',  ( -4.709047536461121730, -2.855826946623500895, 0.3042273436228854488 ) ) ;
#1726 = CARTESIAN_POINT ( 'NONE',  ( 3.148182888216485065, -6.242486210502999455, 3.587051904924334345 ) ) ;
#1727 = ORIENTED_EDGE ( 'NONE', *, *, #1634, .F. ) ;
#1728 = CARTESIAN_POINT ( 'NONE',  ( 4.515543956817791305, -6.198865773183007910, -1.373999076594364821 ) ) ;
#1729 = B_SPLINE_CURVE_WITH_KNOTS ( 'NONE', 3,
 ( #5192, #1817, #1430, #2666 ),
 .UNSPECIFIED., .F., .F.,
 ( 4, 4 ),
 ( 0.000000000000000000, 2.503807138307542330E-06 ),
 .UNSPECIFIED. ) ;
#1730 = CARTESIAN_POINT ( 'NONE',  ( -4.732029680742240174, -5.471522658955241702, 0.6208815475856390709 ) ) ;
#1731 = CARTESIAN_POINT ( 'NONE',  ( 0.0008357974300468418811, -6.449472031109441339, 4.762500000000366107 ) ) ;
#1732 = CARTESIAN_POINT ( 'NONE',  ( 9.184850993605150903E-17, 7.500000000000000000, -0.7499999999999972244 ) ) ;
#1733 = ORIENTED_EDGE ( 'NONE', *, *, #3316, .F. ) ;
#1734 = CARTESIAN_POINT ( 'NONE',  ( 3.893097381341918961, -6.380399352774582589, 2.668822503594412865 ) ) ;
#1735 = CARTESIAN_POINT ( 'NONE',  ( 3.918038746913496961, -3.091651296175530028, 0.000000000000000000 ) ) ;
#1736 = EDGE_CURVE ( 'NONE', #294, #2212, #4976, .T. ) ;
#1737 = CARTESIAN_POINT ( 'NONE',  ( -3.918038746913496961, -6.266651296175529851, -4.798213610342920265E-16 ) ) ;
#1738 = CARTESIAN_POINT ( 'NONE',  ( -4.708231374911521883, -5.421098949780207121, -0.3164575221313264963 ) ) ;
#1739 = CARTESIAN_POINT ( 'NONE',  ( -1.030583012743312876, -2.059388489580026516, -4.663837480778117772 ) ) ;
#1740 = CARTESIAN_POINT ( 'NONE',  ( -2.391627723838829489, -2.746286067569974065, 4.130268130457306341 ) ) ;
#1741 = CARTESIAN_POINT ( 'NONE',  ( 1.283792644832523994E-11, -7.278312889570484501, 4.031687110429511556 ) ) ;
#1742 = CARTESIAN_POINT ( 'NONE',  ( -2.694804371304934332, -6.249054509500276744, -2.694804371304934776 ) ) ;
#1743 = CARTESIAN_POINT ( 'NONE',  ( 4.131756168443437183, -3.583363729586151347, -2.388957034103385446 ) ) ;
#1744 = CARTESIAN_POINT ( 'NONE',  ( 4.762499999999999289, -3.769374999999999254, 1.972692090801868581 ) ) ;
#1745 = CARTESIAN_POINT ( 'NONE',  ( 1.238370433521335467, -4.536133065129120290, -4.609187102967527316 ) ) ;
#1746 = CARTESIAN_POINT ( 'NONE',  ( -2.365829293018913315, -2.657543344653281459, 4.082837078568401168 ) ) ;
#1747 = CARTESIAN_POINT ( 'NONE',  ( 3.826838678656361292, -7.125599032125132126, 1.714892493404576612 ) ) ;
#1748 = CARTESIAN_POINT ( 'NONE',  ( 0.000000000000000000, 0.4738549290423901272, 1.734723475976807094E-15 ) ) ;
#1749 = ORIENTED_EDGE ( 'NONE', *, *, #167, .T. ) ;
#1750 = CARTESIAN_POINT ( 'NONE',  ( 3.918038746913489856, -3.171026296175527115, 1.622904786874857397 ) ) ;
#1751 = CARTESIAN_POINT ( 'NONE',  ( -3.367596045400933491, -5.277500000000000746, 3.367596045400932603 ) ) ;
#1752 = CARTESIAN_POINT ( 'NONE',  ( -0.3145933064751761377, -4.020156988123244624, 4.762499620544835111 ) ) ;
#1753 = CARTESIAN_POINT ( 'NONE',  ( 3.584912113353907692, -4.752859257098180912, -3.150584856850259907 ) ) ;
#1754 = CARTESIAN_POINT ( 'NONE',  ( -4.650272731061825482, -6.638692452162465507, 0.4806945476919646798 ) ) ;
#1755 = CARTESIAN_POINT ( 'NONE',  ( 4.085388963691499065, -6.149824022024720449, 2.361497327358753839 ) ) ;
#1756 = VECTOR ( 'NONE', #4526, 1000.000000000000114 ) ;
#1757 = VERTEX_POINT ( 'NONE', #5245 ) ;
#1758 = CARTESIAN_POINT ( 'NONE',  ( -0.8287845377320846030, -5.878132366090695449, -4.701285868839799598 ) ) ;
#1759 = CARTESIAN_POINT ( 'NONE',  ( -3.123214158902987592, -2.486465323643031411, -2.277226898223603246 ) ) ;
#1760 = CARTESIAN_POINT ( 'NONE',  ( -4.732029728628036835, -4.201522674729886830, 0.6208811752898024672 ) ) ;
#1761 = CARTESIAN_POINT ( 'NONE',  ( -4.371833965118157472, -6.601361975350562794, 1.748810975667089096 ) ) ;
#1762 = CARTESIAN_POINT ( 'NONE',  ( -0.5943318877244387899, -6.599247703958138089, 4.673170532528261312 ) ) ;
#1763 = CARTESIAN_POINT ( 'NONE',  ( 3.918038746913496961, -1.742276296175530259, -1.622904786874857175 ) ) ;
#1764 = CARTESIAN_POINT ( 'NONE',  ( -1.622904786874859173, -6.028526296175531485, 3.918038746913496073 ) ) ;
#1765 = CARTESIAN_POINT ( 'NONE',  ( 2.633405131594859672, -2.430103294745094900, 3.911563684426323739 ) ) ;
#1766 = CARTESIAN_POINT ( 'NONE',  ( 2.107648300978001821, -3.404545391472609595, -4.281987111894858700 ) ) ;
#1767 = CARTESIAN_POINT ( 'NONE',  ( 0.000000000000000000, -7.500000000000000000, 0.000000000000000000 ) ) ;
#1768 = ADVANCED_FACE ( 'NONE', ( #4422 ), #1091, .T. ) ;
#1769 = CARTESIAN_POINT ( 'NONE',  ( 3.811028889841739709, -4.264679509500276744, 1.578579852768131397 ) ) ;
#1770 = CARTESIAN_POINT ( 'NONE',  ( 3.148607500027748252, -3.800464298659294027, 3.586702705262305724 ) ) ;
#1771 = CARTESIAN_POINT ( 'NONE',  ( 3.918038746913496961, -7.860223703824471109, -1.622904786874857175 ) ) ;
#1772 = CARTESIAN_POINT ( 'NONE',  ( -1.216347685092478370, -4.403692417159108530, -4.559316176790844111 ) ) ;
#1773 = CARTESIAN_POINT ( 'NONE',  ( 2.089517070189780501, -3.278801810443290332, -4.230912618815698245 ) ) ;
#1774 = EDGE_CURVE ( 'NONE', #891, #2129, #2388, .T. ) ;
#1775 = APPLICATION_PROTOCOL_DEFINITION ( 'international standard', 'config_control_design', 1994, #3170 ) ;
#1776 = CARTESIAN_POINT ( 'NONE',  ( 2.112077144015635177, -2.097543584097091074, -4.279991857843535641 ) ) ;
#1777 = ORIENTED_EDGE ( 'NONE', *, *, #5410, .F. ) ;
#1778 = CARTESIAN_POINT ( 'NONE',  ( 2.113956887159813114, -3.816401335766724134, 4.279021726385498603 ) ) ;
#1779 = CARTESIAN_POINT ( 'NONE',  ( 2.994228578769433824, -2.055456109116990504, -3.647569775167614825 ) ) ;
#1780 = CARTESIAN_POINT ( 'NONE',  ( -4.134104009240625821, -4.157791155496388669, 2.385083240862915677 ) ) ;
#1781 = CARTESIAN_POINT ( 'NONE',  ( 4.131967122048886942, -6.025405629921936068, -2.388423058342632466 ) ) ;
#1782 = CARTESIAN_POINT ( 'NONE',  ( 5.499999999999997335, 0.2567759752410487817, -2.129733372950094683 ) ) ;
#1783 = CARTESIAN_POINT ( 'NONE',  ( 4.678425891709538931, -6.017668633725712368, -0.6151408334703666325 ) ) ;
#1784 = AXIS2_PLACEMENT_3D ( 'NONE', #3638, #3745, #1578 ) ;
#1785 = EDGE_LOOP ( 'NONE', ( #4185, #2109, #1390, #3053, #3103 ) ) ;
#1786 = CARTESIAN_POINT ( 'NONE',  ( -4.633790102500431551, -5.585222250808111966, 0.8981976718183809494 ) ) ;
#1787 = CARTESIAN_POINT ( 'NONE',  ( -4.611535746639193079, -5.445035321868165745, 1.229364410183875878 ) ) ;
#1788 = AXIS2_PLACEMENT_3D ( 'NONE', #3256, #2097, #1689 ) ;
#1789 = DIRECTION ( 'NONE',  ( 0.000000000000000000, 0.000000000000000000, 1.000000000000000000 ) ) ;
#1790 = CARTESIAN_POINT ( 'NONE',  ( 0.000000000000000000, 5.722886414021193247, 2.058521631565233228E-15 ) ) ;
#1791 = VERTEX_POINT ( 'NONE', #2468 ) ;
#1792 = CARTESIAN_POINT ( 'NONE',  ( 2.770471766894177179, -1.662901296175529842, -2.770471766894176735 ) ) ;
#1793 = CARTESIAN_POINT ( 'NONE',  ( -2.770471766894177623, -6.107901296175531236, 2.770471766894176735 ) ) ;
#1794 = CARTESIAN_POINT ( 'NONE',  ( 1.255424591457467320, -2.496864731669778070, 4.545236447319545903 ) ) ;
#1795 = CARTESIAN_POINT ( 'NONE',  ( -2.067254738261297131, -2.011703676979229805, -4.305494763826413163 ) ) ;
#1796 = CARTESIAN_POINT ( 'NONE',  ( 3.787066407167813065, -4.728889532540201834, -2.904452621582388705 ) ) ;
#1797 = AXIS2_PLACEMENT_3D ( 'NONE', #1919, #248, #197 ) ;
#1798 = CARTESIAN_POINT ( 'NONE',  ( -1.578579852768128955, -3.788429509500276904, -3.811028889841741041 ) ) ;
#1799 = CARTESIAN_POINT ( 'NONE',  ( 3.588396468735155054, -3.775421202854456926, 3.146677020022232707 ) ) ;
#1800 = CARTESIAN_POINT ( 'NONE',  ( 1.972692090801865916, -2.181874999999999787, -4.762500000000000178 ) ) ;
#1801 = CARTESIAN_POINT ( 'NONE',  ( -4.280781704479855065, -4.134070441418104203, 2.110483410210351352 ) ) ;
#1802 = CARTESIAN_POINT ( 'NONE',  ( 4.708398489025996447, -3.515865479284849826, 0.3107895731057727651 ) ) ;
#1803 = CARTESIAN_POINT ( 'NONE',  ( 3.667683313764066089, -6.994769041712600277, -2.290403256162610202 ) ) ;
#1804 = CARTESIAN_POINT ( 'NONE',  ( 4.609166133181350489, -2.269625523292313485, -1.238568738544487902 ) ) ;
#1805 = ORIENTED_EDGE ( 'NONE', *, *, #4079, .T. ) ;
#1806 = CARTESIAN_POINT ( 'NONE',  ( -4.283139408212041310, -5.441521401811575842, 2.105552240691900501 ) ) ;
#1807 = EDGE_CURVE ( 'NONE', #2900, #2712, #4154, .T. ) ;
#1808 = CARTESIAN_POINT ( 'NONE',  ( 3.025517957813057102, -2.144095018573339839, -3.691727492009129641 ) ) ;
#1809 = CARTESIAN_POINT ( 'NONE',  ( -4.732069160525853135, -4.299455310076354841, 0.6222602156204414259 ) ) ;
#1810 = CARTESIAN_POINT ( 'NONE',  ( 1.818433730567823980, 0.4173102238648536688, -5.300979757239055346 ) ) ;
#1811 = VERTEX_POINT ( 'NONE', #360 ) ;
#1812 = CARTESIAN_POINT ( 'NONE',  ( -3.748948371690473902, -2.735416431945672855, 2.865512362955823011 ) ) ;
#1813 = CARTESIAN_POINT ( 'NONE',  ( 2.364591298464445934, -5.832483736601269619, -4.083384304858574509 ) ) ;
#1814 = ORIENTED_EDGE ( 'NONE', *, *, #1158, .F. ) ;
#1815 = CARTESIAN_POINT ( 'NONE',  ( -2.870733784955446399, -5.438767332165863166, 3.735817646163717143 ) ) ;
#1816 = CARTESIAN_POINT ( 'NONE',  ( -4.609809185206240834, -5.549290537605159557, -1.235891709280876549 ) ) ;
#1817 = CARTESIAN_POINT ( 'NONE',  ( -0.001671592139074238844, -2.676811605782767334, 4.762499779986578474 ) ) ;
#1818 = DIRECTION ( 'NONE',  ( -0.000000000000000000, 1.000000000000000000, -0.000000000000000000 ) ) ;
#1819 = ORIENTED_EDGE ( 'NONE', *, *, #893, .T. ) ;
#1820 = CARTESIAN_POINT ( 'NONE',  ( -0.9568203150273218993, -6.615938963096524184, 4.621975075808596678 ) ) ;
#1821 = ADVANCED_FACE ( 'NONE', ( #329, #4995 ), #414, .F. ) ;
#1822 = CARTESIAN_POINT ( 'NONE',  ( -1.622904786874856953, -5.234776296175529531, -3.918038746913496961 ) ) ;
#1823 = CARTESIAN_POINT ( 'NONE',  ( -4.678771144085125400, -5.382805526528677831, 0.6119203250126762361 ) ) ;
#1824 = CARTESIAN_POINT ( 'NONE',  ( 2.910664119024031216, -3.813287177317931320, 3.782463754619759921 ) ) ;
#1825 = CARTESIAN_POINT ( 'NONE',  ( 4.609750414521687212, -4.809724162008277126, -1.236359028631161427 ) ) ;
#1826 = CARTESIAN_POINT ( 'NONE',  ( 3.811028889841739709, -5.534679509500276318, 1.578579852768131397 ) ) ;
#1827 = CARTESIAN_POINT ( 'NONE',  ( 4.278189848667084405, -3.596804691252874608, -2.115566201020457449 ) ) ;
#1828 = CARTESIAN_POINT ( 'NONE',  ( -1.972692090801865028, -2.023124999999999840, -4.762500000000000178 ) ) ;
#1829 = CARTESIAN_POINT ( 'NONE',  ( -4.762669652936763143, -4.214474844459568992, 0.3112564606729186223 ) ) ;
#1830 = FACE_OUTER_BOUND ( 'NONE', #2145, .T. ) ;
#1831 = CARTESIAN_POINT ( 'NONE',  ( 2.599826313753933249, -7.187284550127517768, 3.211563770994810163 ) ) ;
#1832 = CARTESIAN_POINT ( 'NONE',  ( 2.114832236501213103, -2.546360165766990757, 4.278664794364217983 ) ) ;
#1833 = ORIENTED_EDGE ( 'NONE', *, *, #4355, .T. ) ;
#1834 = LINE ( 'NONE', #3482, #2195 ) ;
#1835 = CARTESIAN_POINT ( 'NONE',  ( 2.218971963678902259, -2.015187816022988354, -4.164623283121057007 ) ) ;
#1836 = CARTESIAN_POINT ( 'NONE',  ( -0.6257340516554869003, -4.556041939386766160, -4.731447440467329457 ) ) ;
#1837 = CARTESIAN_POINT ( 'NONE',  ( -3.590227040988327456, -3.140319241456138943, -3.144902081862722909 ) ) ;
#1838 = ORIENTED_EDGE ( 'NONE', *, *, #3246, .T. ) ;
#1839 = CARTESIAN_POINT ( 'NONE',  ( 5.500000000000000000, 0.1319573878422063973, -2.658088383054392878 ) ) ;
#1840 = EDGE_CURVE ( 'NONE', #468, #3927, #4808, .T. ) ;
#1841 = CARTESIAN_POINT ( 'NONE',  ( 3.784678321307613391, -6.204549842109342350, 2.907857116526448849 ) ) ;
#1842 = ORIENTED_EDGE ( 'NONE', *, *, #3348, .F. ) ;
#1843 = CARTESIAN_POINT ( 'NONE',  ( -2.505545447254712954, -5.389968514861108062, 4.063330386191638333 ) ) ;
#1844 = CARTESIAN_POINT ( 'NONE',  ( -3.111721285082473809, -4.181753162451570027, 3.547235211749494965 ) ) ;
#1845 = APPLICATION_CONTEXT ( 'configuration controlled 3d designs of mechanical parts and assemblies' ) ;
#1846 = CARTESIAN_POINT ( 'NONE',  ( 1.367788875430809323E-11, -6.449505671771861515, 4.762500000000000178 ) ) ;
#1847 = DIRECTION ( 'NONE',  ( -0.000000000000000000, -1.000000000000000000, -3.921717058577609625E-16 ) ) ;
#1848 = CARTESIAN_POINT ( 'NONE',  ( 0.6264780457767733512, -3.883785375368020265, 4.731300683617735814 ) ) ;
#1849 = AXIS2_PLACEMENT_3D ( 'NONE', #1790, #3467, #5137 ) ;
#1850 = EDGE_CURVE ( 'NONE', #175, #1594, #3566, .T. ) ;
#1851 = ORIENTED_EDGE ( 'NONE', *, *, #3887, .F. ) ;
#1852 = CARTESIAN_POINT ( 'NONE',  ( 3.112608583085981095, -5.871967053471027320, -3.546763896011588812 ) ) ;
#1853 = CARTESIAN_POINT ( 'NONE',  ( -2.064812971461487123, -1.951052543944612028, -4.306667639192101937 ) ) ;
#1854 = CIRCLE ( 'NONE', #3602, 4.762500000000000178 ) ;
#1855 = CARTESIAN_POINT ( 'NONE',  ( 2.694804371304934776, -4.147195490499724357, -2.694804371304934332 ) ) ;
#1856 = CARTESIAN_POINT ( 'NONE',  ( 3.108090921747638458, -3.546552014980337564, -3.550403822961718081 ) ) ;
#1857 = CARTESIAN_POINT ( 'NONE',  ( -1.234100466938641949, -0.7828436319230954732, -4.762500000000000178 ) ) ;
#1858 = CARTESIAN_POINT ( 'NONE',  ( -4.762163181889520480, -4.179090508860007880, -0.3189905916756761162 ) ) ;
#1859 = DIRECTION ( 'NONE',  ( 0.000000000000000000, 0.000000000000000000, -1.000000000000000000 ) ) ;
#1860 = CARTESIAN_POINT ( 'NONE',  ( 2.770471766894177179, -5.240848703824470434, -2.770471766894176735 ) ) ;
#1861 = ORIENTED_EDGE ( 'NONE', *, *, #3150, .F. ) ;
#1862 = FACE_OUTER_BOUND ( 'NONE', #4200, .T. ) ;
#1863 = CARTESIAN_POINT ( 'NONE',  ( 0.4354650797202717638, -1.961428807708612609, -4.753059213557206952 ) ) ;
#1864 = CARTESIAN_POINT ( 'NONE',  ( 2.384577879668440481, -4.688148224038922507, -4.134451032056578157 ) ) ;
#1865 = CARTESIAN_POINT ( 'NONE',  ( -1.235066508900257265, -2.728969354217692267, 4.610019552257469400 ) ) ;
#1866 = CARTESIAN_POINT ( 'NONE',  ( -4.507222279999175463, -5.562742051853730274, 1.398164213805682454 ) ) ;
#1867 = CARTESIAN_POINT ( 'NONE',  ( -4.084390305813605515, -5.514903563812237230, -2.363038069043007727 ) ) ;
#1868 = ORIENTED_EDGE ( 'NONE', *, *, #3142, .T. ) ;
#1869 = CARTESIAN_POINT ( 'NONE',  ( -4.613482063912958786, -5.543165557016515699, 1.226514658770381017 ) ) ;
#1870 = CARTESIAN_POINT ( 'NONE',  ( -2.086930729632896497, -4.128502942522954910, 4.232167559743570173 ) ) ;
#1871 = CC_DESIGN_PERSON_AND_ORGANIZATION_ASSIGNMENT ( #4044, #647, ( #3244 ) ) ;
#1872 = CARTESIAN_POINT ( 'NONE',  ( 4.610367205135875501, -4.914228212179907018, 1.234573885702887397 ) ) ;
#1873 = CARTESIAN_POINT ( 'NONE',  ( -5.499999999999999112, 0.4738549290423901272, 1.734723475976807094E-15 ) ) ;
#1874 = CARTESIAN_POINT ( 'NONE',  ( 2.365826036041782654, -3.928706818198461903, 4.082838875926771749 ) ) ;
#1875 =( BOUNDED_SURFACE ( )  B_SPLINE_SURFACE ( 3, 2, ( 
 ( #1936, #4816, #2267, #672, #3200, #238, #1057, #4021, #1084, #1447, #696, #3173, #2342, #3635, #3610, #648, #4870, #5302, #1548, #2318, #5278, #4356, #1523, #3561, #1109, #2369, #4046, #285, #3942, #5206, #598, #3224, #5231, #186, #1860, #1030, #2704, #4381, #3995, #623, #2292, #3306, #4975, #1214, #802, #1631, #5328, #312, #2915, #2508, #3714, #2885, #4923, #3363, #1604, #1985, #1574, #4592, #4072, #2040, #4562, #4180, #3659, #5382, #369, #3335, #2856, #5005, #2478, #2422, #2395, #1188, #4153, #5408, #397, #2067, #3252, #1242, #424, #3741, #3688, #1657, #831, #2013, #4098, #2092, #3769, #17, #1685 ),
 ( #1135, #2803, #4481, #720, #1160, #4535, #2829, #4506, #748, #339, #5355, #3279, #4950, #774, #2450, #4126, #3828, #2971, #1383, #5062, #2620, #2533, #1742, #3059, #538, #1357, #1298, #2205, #4210, #4292, #127, #1826, #3393, #885, #70, #4239, #44, #2563, #1328, #3420, #3882, #5144, #453, #1713, #5117, #2178, #5034, #1769, #4647, #970, #4675, #3911, #3445, #1798, #3474, #856, #3030, #4731, #481, #2647, #940, #5089, #3001, #2152, #2123, #3799, #3853, #913, #4322, #566, #2234, #2592, #4266, #507, #153, #1271, #2942, #4621, #101, #4704, #4424, #617, #4348, #1076, #666, #3165, #5172, #1023, #4786 ),
 ( #592, #2311, #2723, #255, #5226, #1928, #4399, #2698, #4759, #3554, #1903, #2335, #3989, #641, #2260, #3605, #4864, #2746, #2287, #4014, #4836, #4375, #3964, #5273, #231, #3579, #4449, #4039, #279, #998, #2771, #5247, #2358, #1489, #1516, #1465, #3937, #3499, #3193, #1103, #690, #2673, #206, #1414, #3087, #1439, #1880, #3115, #178, #3527, #1855, #5200, #3138, #4811, #1048, #3735, #3270, #1236, #713, #3218, #2033, #3245, #1181, #1208, #2849, #390, #1542, #4474, #3628, #4943, #4915, #1625, #3300, #4529, #3706, #5375, #4500, #768, #2005, #4119, #363, #4969, #2878, #2442, #2386, #1126, #5402, #3329, #4555 ),
 ( #2414, #2795, #4065, #1651, #4889, #796, #2471, #4998, #306, #4145, #2060, #2907, #3680, #4585, #824, #1153, #1979, #5347, #2499, #4173, #1954, #5296, #3653, #5321, #1567, #2820, #741, #4091, #332, #1596, #3386, #3440, #2994, #501, #1378, #962, #2641, #1678, #5139, #906, #4726, #4260, #2586, #473, #849, #417, #5110, #2171, #1350, #3356, #4639, #3025, #5081, #3791, #879, #38, #2199, #446, #4699, #5027, #2556, #3876, #935, #120, #1735, #3054, #4614, #1264, #2085, #4667, #3847, #3761, #9, #2615, #4287, #4231, #2935, #91, #529, #3412, #2147, #1763, #1792, #2527, #3469, #4202, #1321, #2116, #1707 ) ),
 .UNSPECIFIED., .F., .F., .F. ) 
 B_SPLINE_SURFACE_WITH_KNOTS ( ( 4, 4 ),
 ( 3, 2, 2, 2, 2, 2, 2, 2, 2, 2, 2, 2, 2, 2, 2, 2, 2, 2, 2, 2, 2, 2, 2, 2, 2, 2, 2, 2, 2, 2, 2, 2, 2, 2, 2, 2, 2, 2, 2, 2, 2, 2, 2, 2, 3 ),
 ( 0.000000000000000000, 1.000000000000000000 ),
 ( 0.000000000000000000, 0.02083333333333333218, 0.04166666666666666435, 0.06250000000000000000, 0.08333333333333332871, 0.1041666666666666713, 0.1250000000000000000, 0.1458333333333333426, 0.1666666666666666574, 0.1875000000000000000, 0.2083333333333333426, 0.2291666666666666574, 0.2500000000000000000, 0.2708333333333333148, 0.2916666666666666852, 0.3125000000000000000, 0.3333333333333333148, 0.3541666666666666852, 0.3750000000000000000, 0.3958333333333333148, 0.4166666666666666852, 0.4375000000000000000, 0.4583333333333333148, 0.4791666666666666852, 0.5000000000000000000, 0.5208333333333333703, 0.5416666666666666297, 0.5625000000000000000, 0.5833333333333333703, 0.6041666666666666297, 0.6250000000000000000, 0.6458333333333333703, 0.6666666666666666297, 0.6875000000000000000, 0.7083333333333333703, 0.7291666666666666297, 0.7500000000000000000, 0.7708333333333333703, 0.7916666666666666297, 0.8125000000000000000, 0.8333333333333333703, 0.8541666666666666297, 0.8750000000000000000, 0.8884154617809206789, 0.8972996163987299045 ),
 .UNSPECIFIED. ) 
 GEOMETRIC_REPRESENTATION_ITEM ( )  RATIONAL_B_SPLINE_SURFACE ( (
 ( 1.000000000000000000, 0.9238795325112867385, 1.000000000000000000, 0.9238795325112867385, 1.000000000000000000, 0.9238795325112867385, 1.000000000000000000, 0.9238795325112867385, 1.000000000000000000, 0.9238795325112867385, 1.000000000000000000, 0.9238795325112867385, 1.000000000000000000, 0.9238795325112867385, 1.000000000000000000, 0.9238795325112867385, 1.000000000000000000, 0.9238795325112867385, 1.000000000000000000, 0.9238795325112867385, 1.000000000000000000, 0.9238795325112867385, 1.000000000000000000, 0.9238795325112867385, 1.000000000000000000, 0.9238795325112867385, 1.000000000000000000, 0.9238795325112867385, 1.000000000000000000, 0.9238795325112867385, 1.000000000000000000, 0.9238795325112867385, 1.000000000000000000, 0.9238795325112867385, 1.000000000000000000, 0.9238795325112867385, 1.000000000000000000, 0.9238795325112867385, 1.000000000000000000, 0.9238795325112867385, 1.000000000000000000, 0.9238795325112867385, 1.000000000000000000, 0.9238795325112867385, 1.000000000000000000, 0.9238795325112867385, 1.000000000000000000, 0.9238795325112867385, 1.000000000000000000, 0.9238795325112867385, 1.000000000000000000, 0.9238795325112867385, 1.000000000000000000, 0.9238795325112867385, 1.000000000000000000, 0.9238795325112867385, 1.000000000000000000, 0.9238795325112867385, 1.000000000000000000, 0.9238795325112867385, 1.000000000000000000, 0.9238795325112867385, 1.000000000000000000, 0.9238795325112867385, 1.000000000000000000, 0.9238795325112867385, 1.000000000000000000, 0.9238795325112867385, 1.000000000000000000, 0.9238795325112867385, 1.000000000000000000, 0.9238795325112867385, 1.000000000000000000, 0.9238795325112867385, 1.000000000000000000, 0.9238795325112867385, 1.000000000000000000, 0.9238795325112867385, 1.000000000000000000, 0.9238795325112867385, 1.000000000000000000, 0.9238795325112867385, 1.000000000000000000, 0.9238795325112867385, 1.000000000000000000, 0.9509828213276489972, 0.9650940990156964272, 0.9650940990156964272, 0.9650940990156964272),
 ( 0.6411657421566858694, 0.5923599061259711140, 0.6411657421566858694, 0.5923599061259711140, 0.6411657421566858694, 0.5923599061259711140, 0.6411657421566858694, 0.5923599061259711140, 0.6411657421566858694, 0.5923599061259711140, 0.6411657421566858694, 0.5923599061259711140, 0.6411657421566858694, 0.5923599061259711140, 0.6411657421566858694, 0.5923599061259711140, 0.6411657421566858694, 0.5923599061259711140, 0.6411657421566858694, 0.5923599061259711140, 0.6411657421566858694, 0.5923599061259711140, 0.6411657421566858694, 0.5923599061259711140, 0.6411657421566858694, 0.5923599061259711140, 0.6411657421566858694, 0.5923599061259711140, 0.6411657421566858694, 0.5923599061259711140, 0.6411657421566858694, 0.5923599061259711140, 0.6411657421566858694, 0.5923599061259711140, 0.6411657421566858694, 0.5923599061259711140, 0.6411657421566858694, 0.5923599061259711140, 0.6411657421566858694, 0.5923599061259711140, 0.6411657421566858694, 0.5923599061259711140, 0.6411657421566858694, 0.5923599061259711140, 0.6411657421566858694, 0.5923599061259711140, 0.6411657421566858694, 0.5923599061259711140, 0.6411657421566858694, 0.5923599061259711140, 0.6411657421566858694, 0.5923599061259711140, 0.6411657421566858694, 0.5923599061259711140, 0.6411657421566858694, 0.5923599061259711140, 0.6411657421566858694, 0.5923599061259711140, 0.6411657421566858694, 0.5923599061259711140, 0.6411657421566858694, 0.5923599061259711140, 0.6411657421566858694, 0.5923599061259711140, 0.6411657421566858694, 0.5923599061259711140, 0.6411657421566858694, 0.5923599061259711140, 0.6411657421566858694, 0.5923599061259711140, 0.6411657421566858694, 0.5923599061259711140, 0.6411657421566858694, 0.5923599061259711140, 0.6411657421566858694, 0.5923599061259711140, 0.6411657421566858694, 0.5923599061259711140, 0.6411657421566858694, 0.5923599061259711140, 0.6411657421566858694, 0.5923599061259711140, 0.6411657421566858694, 0.5923599061259711140, 0.6411657421566858694, 0.6097376064148010144, 0.6187852742464370337, 0.6187852742464370337, 0.6187852742464370337),
 ( 0.6411657421566858694, 0.5923599061259711140, 0.6411657421566858694, 0.5923599061259711140, 0.6411657421566858694, 0.5923599061259711140, 0.6411657421566858694, 0.5923599061259711140, 0.6411657421566858694, 0.5923599061259711140, 0.6411657421566858694, 0.5923599061259711140, 0.6411657421566858694, 0.5923599061259711140, 0.6411657421566858694, 0.5923599061259711140, 0.6411657421566858694, 0.5923599061259711140, 0.6411657421566858694, 0.5923599061259711140, 0.6411657421566858694, 0.5923599061259711140, 0.6411657421566858694, 0.5923599061259711140, 0.6411657421566858694, 0.5923599061259711140, 0.6411657421566858694, 0.5923599061259711140, 0.6411657421566858694, 0.5923599061259711140, 0.6411657421566858694, 0.5923599061259711140, 0.6411657421566858694, 0.5923599061259711140, 0.6411657421566858694, 0.5923599061259711140, 0.6411657421566858694, 0.5923599061259711140, 0.6411657421566858694, 0.5923599061259711140, 0.6411657421566858694, 0.5923599061259711140, 0.6411657421566858694, 0.5923599061259711140, 0.6411657421566858694, 0.5923599061259711140, 0.6411657421566858694, 0.5923599061259711140, 0.6411657421566858694, 0.5923599061259711140, 0.6411657421566858694, 0.5923599061259711140, 0.6411657421566858694, 0.5923599061259711140, 0.6411657421566858694, 0.5923599061259711140, 0.6411657421566858694, 0.5923599061259711140, 0.6411657421566858694, 0.5923599061259711140, 0.6411657421566858694, 0.5923599061259711140, 0.6411657421566858694, 0.5923599061259711140, 0.6411657421566858694, 0.5923599061259711140, 0.6411657421566858694, 0.5923599061259711140, 0.6411657421566858694, 0.5923599061259711140, 0.6411657421566858694, 0.5923599061259711140, 0.6411657421566858694, 0.5923599061259711140, 0.6411657421566858694, 0.5923599061259711140, 0.6411657421566858694, 0.5923599061259711140, 0.6411657421566858694, 0.5923599061259711140, 0.6411657421566858694, 0.5923599061259711140, 0.6411657421566858694, 0.5923599061259711140, 0.6411657421566858694, 0.6097376064148010144, 0.6187852742464370337, 0.6187852742464370337, 0.6187852742464370337),
 ( 1.000000000000000000, 0.9238795325112867385, 1.000000000000000000, 0.9238795325112867385, 1.000000000000000000, 0.9238795325112867385, 1.000000000000000000, 0.9238795325112867385, 1.000000000000000000, 0.9238795325112867385, 1.000000000000000000, 0.9238795325112867385, 1.000000000000000000, 0.9238795325112867385, 1.000000000000000000, 0.9238795325112867385, 1.000000000000000000, 0.9238795325112867385, 1.000000000000000000, 0.9238795325112867385, 1.000000000000000000, 0.9238795325112867385, 1.000000000000000000, 0.9238795325112867385, 1.000000000000000000, 0.9238795325112867385, 1.000000000000000000, 0.9238795325112867385, 1.000000000000000000, 0.9238795325112867385, 1.000000000000000000, 0.9238795325112867385, 1.000000000000000000, 0.9238795325112867385, 1.000000000000000000, 0.9238795325112867385, 1.000000000000000000, 0.9238795325112867385, 1.000000000000000000, 0.9238795325112867385, 1.000000000000000000, 0.9238795325112867385, 1.000000000000000000, 0.9238795325112867385, 1.000000000000000000, 0.9238795325112867385, 1.000000000000000000, 0.9238795325112867385, 1.000000000000000000, 0.9238795325112867385, 1.000000000000000000, 0.9238795325112867385, 1.000000000000000000, 0.9238795325112867385, 1.000000000000000000, 0.9238795325112867385, 1.000000000000000000, 0.9238795325112867385, 1.000000000000000000, 0.9238795325112867385, 1.000000000000000000, 0.9238795325112867385, 1.000000000000000000, 0.9238795325112867385, 1.000000000000000000, 0.9238795325112867385, 1.000000000000000000, 0.9238795325112867385, 1.000000000000000000, 0.9238795325112867385, 1.000000000000000000, 0.9238795325112867385, 1.000000000000000000, 0.9238795325112867385, 1.000000000000000000, 0.9238795325112867385, 1.000000000000000000, 0.9238795325112867385, 1.000000000000000000, 0.9238795325112867385, 1.000000000000000000, 0.9238795325112867385, 1.000000000000000000, 0.9238795325112867385, 1.000000000000000000, 0.9509828213276489972, 0.9650940990156964272, 0.9650940990156964272, 0.9650940990156964272) ) ) 
 REPRESENTATION_ITEM ( '' )  SURFACE ( )  );
#1876 = ORIENTED_EDGE ( 'NONE', *, *, #4650, .T. ) ;
#1877 = EDGE_CURVE ( 'NONE', #2599, #2688, #2233, .T. ) ;
#1878 = CARTESIAN_POINT ( 'NONE',  ( 3.466943378659296471, -2.082207167452316376, -3.196161938595536434 ) ) ;
#1879 = CARTESIAN_POINT ( 'NONE',  ( 3.074214885387914986, -2.183881930608441380, -3.655740248204935039 ) ) ;
#1880 = CARTESIAN_POINT ( 'NONE',  ( 2.694804371304934332, -4.464695490499724251, 2.694804371304935664 ) ) ;
#1881 = CARTESIAN_POINT ( 'NONE',  ( -2.354439660148660352, -4.349455770810167543, -4.089518854896192046 ) ) ;
#1882 = CIRCLE ( 'NONE', #1528, 2.393378451047913469 ) ;
#1883 = CARTESIAN_POINT ( 'NONE',  ( -3.918038746913496961, -6.113973703824471251, -1.622904786874857175 ) ) ;
#1884 = CARTESIAN_POINT ( 'NONE',  ( -2.909019385745173825, -4.042875509332994888, 3.783732973948964684 ) ) ;
#1885 = DIRECTION ( 'NONE',  ( -0.000000000000000000, 1.000000000000000000, -0.000000000000000000 ) ) ;
#1886 = CARTESIAN_POINT ( 'NONE',  ( -3.857664464333898202, -7.457447918909513085, -0.008079490288235124940 ) ) ;
#1887 = CARTESIAN_POINT ( 'NONE',  ( -4.521110192130256777, -5.468681597860773458, 1.529116103857911302 ) ) ;
#1888 = CARTESIAN_POINT ( 'NONE',  ( 0.1111228014348064480, -2.009125222307356129, -4.771473373802296081 ) ) ;
#1889 = CARTESIAN_POINT ( 'NONE',  ( -0.3103108688219834432, -4.657904957269599855, -4.708455172954570500 ) ) ;
#1890 = CARTESIAN_POINT ( 'NONE',  ( -1.533376350933501220, -3.245986840471297263, -4.519710629010406322 ) ) ;
#1891 = CARTESIAN_POINT ( 'NONE',  ( -1.249043744142135592, -5.359032050829612537, 4.550786078721816175 ) ) ;
#1892 = CARTESIAN_POINT ( 'NONE',  ( -4.465889627914925164, -5.474318528086052460, -1.523821710154931175 ) ) ;
#1893 = VERTEX_POINT ( 'NONE', #846 ) ;
#1894 = CARTESIAN_POINT ( 'NONE',  ( -3.927131580214421547, -5.471867045565244503, 2.714187593188365444 ) ) ;
#1895 = CARTESIAN_POINT ( 'NONE',  ( 4.559881842247579975, -5.039935896188070252, 1.213592049938242878 ) ) ;
#1896 = CARTESIAN_POINT ( 'NONE',  ( 2.902988401791970929, -4.985705195259567013, 3.788264190423684674 ) ) ;
#1897 = CARTESIAN_POINT ( 'NONE',  ( 0.4417130794436941454, -2.000463607575829528, -4.761628080962606369 ) ) ;
#1898 = CARTESIAN_POINT ( 'NONE',  ( 3.546282608122836244, -3.649489989279668833, 3.112819311233088193 ) ) ;
#1899 = CARTESIAN_POINT ( 'NONE',  ( 2.481876524883166457, -2.028638411197570601, -4.001445986055238713 ) ) ;
#1900 = CARTESIAN_POINT ( 'NONE',  ( 4.596503013456946896, -2.277923709395150542, 1.052203610316862603 ) ) ;
#1901 = CARTESIAN_POINT ( 'NONE',  ( 4.771699568566782901, -2.367800000394092663, 0.2087611333496632582 ) ) ;
#1902 = EDGE_CURVE ( 'NONE', #2079, #2809, #7, .T. ) ;
#1903 = CARTESIAN_POINT ( 'NONE',  ( -2.694804371304935664, -7.322195490499724180, 2.694804371304934332 ) ) ;
#1904 = CARTESIAN_POINT ( 'NONE',  ( 1.516657149775540114, -5.024937204803449298, 4.468363594978412401 ) ) ;
#1905 = CARTESIAN_POINT ( 'NONE',  ( 2.770471766894176291, -4.288348703824469865, 2.770471766894177623 ) ) ;
#1906 = CARTESIAN_POINT ( 'NONE',  ( -3.149949413541108800, -4.093101298950778677, 3.585493931353331387 ) ) ;
#1907 = CARTESIAN_POINT ( 'NONE',  ( -5.499999999999998224, 0.4275841083939049270, -1.070740573249779448 ) ) ;
#1908 = PERSON_AND_ORGANIZATION ( #2945, #2825 ) ;
#1909 = CARTESIAN_POINT ( 'NONE',  ( -3.559370600013335384, -7.391961253279277777, -1.637653368108219043 ) ) ;
#1910 = CARTESIAN_POINT ( 'NONE',  ( -4.610370908855021987, -2.942022400446695940, 1.234560195971139418 ) ) ;
#1911 = CARTESIAN_POINT ( 'NONE',  ( 0.6349017777988658073, -2.552669214091419114, 4.730460597362918129 ) ) ;
#1912 = CARTESIAN_POINT ( 'NONE',  ( 0.3116949628149260354, -4.594289100999350950, -4.762447056939806522 ) ) ;
#1913 = CARTESIAN_POINT ( 'NONE',  ( 2.904930756441121975, -6.316365348350736930, 3.786769871860683256 ) ) ;
#1914 = CARTESIAN_POINT ( 'NONE',  ( -1.822803256221979140, -6.805287941094453785, -4.123664904317945634 ) ) ;
#1915 = CARTESIAN_POINT ( 'NONE',  ( 0.6257021799021623698, -5.840206706725861174, -4.731451710976751102 ) ) ;
#1916 = ORIENTED_EDGE ( 'NONE', *, *, #860, .T. ) ;
#1917 = CARTESIAN_POINT ( 'NONE',  ( -1.622904786874854510, -6.504776296175527328, -3.918038746913490744 ) ) ;
#1918 = CARTESIAN_POINT ( 'NONE',  ( -1.622904786874856953, -7.774776296175532231, -3.918038746913496961 ) ) ;
#1919 = CARTESIAN_POINT ( 'NONE',  ( 0.000000000000000000, 0.4738549290423901272, 1.734723475976807094E-15 ) ) ;
#1920 = CARTESIAN_POINT ( 'NONE',  ( 2.086660471959912222, -4.997760305664674441, 4.232300991488731512 ) ) ;
#1921 = DIRECTION ( 'NONE',  ( 0.000000000000000000, 0.000000000000000000, 1.000000000000000000 ) ) ;
#1922 = ORIENTED_EDGE ( 'NONE', *, *, #130, .F. ) ;
#1923 = CARTESIAN_POINT ( 'NONE',  ( 4.282182757315483812, -3.438444719377501624, -2.107510134455178097 ) ) ;
#1924 = CARTESIAN_POINT ( 'NONE',  ( 4.427079931632236232, -2.519680261183613990, 1.643728628757062937 ) ) ;
#1925 = B_SPLINE_CURVE_WITH_KNOTS ( 'NONE', 3,
 ( #461, #4189, #2130, #1720 ),
 .UNSPECIFIED., .F., .F.,
 ( 4, 4 ),
 ( 0.000000000000000000, 2.429885303862805512E-06 ),
 .UNSPECIFIED. ) ;
#1926 = CARTESIAN_POINT ( 'NONE',  ( 2.770471766894176291, -6.828348703824469901, 2.770471766894177623 ) ) ;
#1927 = CARTESIAN_POINT ( 'NONE',  ( 4.185072614522928447, -2.461498584079089724, 2.302429931937100882 ) ) ;
#1928 = CARTESIAN_POINT ( 'NONE',  ( -1.578579852768128955, -7.719070490499723824, -3.811028889841741041 ) ) ;
#1929 = CARTESIAN_POINT ( 'NONE',  ( -0.002507410479072607820, -3.946845239964531959, 4.762499339936194787 ) ) ;
#1930 = CARTESIAN_POINT ( 'NONE',  ( 1.622904786874857841, -5.637723703824471855, 3.918038746913496073 ) ) ;
#1931 = ADVANCED_FACE ( 'NONE', ( #35 ), #3195, .T. ) ;
#1932 = DIRECTION ( 'NONE',  ( 0.000000000000000000, 0.000000000000000000, 1.000000000000000000 ) ) ;
#1933 = AXIS2_PLACEMENT_3D ( 'NONE', #1659, #3743, #1331 ) ;
#1934 = FACE_OUTER_BOUND ( 'NONE', #4711, .T. ) ;
#1935 = APPROVAL_STATUS ( 'not_yet_approved' ) ;
#1936 = CARTESIAN_POINT ( 'NONE',  ( 3.918038746913496961, -7.939598703824469972, 0.000000000000000000 ) ) ;
#1937 = CARTESIAN_POINT ( 'NONE',  ( -0.3145940087088142101, -2.750157016375265329, 4.762499620541329470 ) ) ;
#1938 = CARTESIAN_POINT ( 'NONE',  ( 2.808761446337042944, -2.511277475515050206, 3.849279252992378275 ) ) ;
#1939 = EDGE_CURVE ( 'NONE', #920, #4053, #4683, .T. ) ;
#1940 = FACE_OUTER_BOUND ( 'NONE', #3890, .T. ) ;
#1941 = CARTESIAN_POINT ( 'NONE',  ( -0.6340637004846545466, -5.331887416794756085, 4.676296043593286100 ) ) ;
#1942 = CARTESIAN_POINT ( 'NONE',  ( -2.081224978286037697, -5.633024213167153071, -4.234834060893744478 ) ) ;
#1943 = ORIENTED_EDGE ( 'NONE', *, *, #1736, .T. ) ;
#1944 = CARTESIAN_POINT ( 'NONE',  ( -3.918038746913491632, -6.187276296175528323, 1.622904786874853844 ) ) ;
#1945 = CARTESIAN_POINT ( 'NONE',  ( 2.916190190469635054E-16, -7.023750000000000604, -4.762500000000000178 ) ) ;
#1946 = CARTESIAN_POINT ( 'NONE',  ( 4.465969019322291622, -4.921942263097541570, -1.523589426886491127 ) ) ;
#1947 = CARTESIAN_POINT ( 'NONE',  ( 1.516367257396591173, -5.024950663730298750, 4.468462145421411513 ) ) ;
#1948 = FACE_OUTER_BOUND ( 'NONE', #4225, .T. ) ;
#1949 = ORIENTED_EDGE ( 'NONE', *, *, #3887, .T. ) ;
#1950 = CARTESIAN_POINT ( 'NONE',  ( 3.150050838539762310, -3.763143187083227925, 3.585406449912185600 ) ) ;
#1951 = CARTESIAN_POINT ( 'NONE',  ( 3.504482458733334305, -2.597139490682406571, 3.164938288375281683 ) ) ;
#1952 = CARTESIAN_POINT ( 'NONE',  ( 1.622904786874857619, -5.161473703824470682, -3.918038746913496961 ) ) ;
#1953 = CARTESIAN_POINT ( 'NONE',  ( -0.1274230229134499792, -2.125379909581798454, -4.710381605846804653 ) ) ;
#1954 = CARTESIAN_POINT ( 'NONE',  ( 2.399106805171460132E-16, -6.584151296175529744, -3.918038746913496961 ) ) ;
#1955 = AXIS2_PLACEMENT_3D ( 'NONE', #4673, #912, #2562 ) ;
#1956 = CARTESIAN_POINT ( 'NONE',  ( -2.081449550417509453, -4.363013212812226094, -4.234723663401638305 ) ) ;
#1957 = CARTESIAN_POINT ( 'NONE',  ( -3.918038746913497850, -4.685223703824468622, 1.622904786874856287 ) ) ;
#1958 = CARTESIAN_POINT ( 'NONE',  ( 2.983383958937205094, -2.000000000000004885, 4.628395429297477826 ) ) ;
#1959 = CARTESIAN_POINT ( 'NONE',  ( -4.086790323031486594, -3.189514540089746664, -2.358723064537472602 ) ) ;
#1960 = CALENDAR_DATE ( 2026, 3, 1 ) ;
#1961 = CARTESIAN_POINT ( 'NONE',  ( 3.936912200529561368, -6.352415594283704614, 2.700394406824684790 ) ) ;
#1962 = CARTESIAN_POINT ( 'NONE',  ( -3.468129583827285867, -7.417730121809438693, -1.766877684543274540 ) ) ;
#1963 = CARTESIAN_POINT ( 'NONE',  ( -1.516370576221356181, -2.831299489558141591, 4.468461064623731716 ) ) ;
#1964 = CARTESIAN_POINT ( 'NONE',  ( -0.001163355406670154180, -2.550761377723437473, 4.708643259180774976 ) ) ;
#1965 = CARTESIAN_POINT ( 'NONE',  ( 0.6195715866592390597, -6.461306013325369690, 4.732411245695460345 ) ) ;
#1966 = CARTESIAN_POINT ( 'NONE',  ( -5.500000000000000000, -0.01738525708133235523, 3.175426480542941743 ) ) ;
#1967 = CARTESIAN_POINT ( 'NONE',  ( -4.610206676953639615, -5.549224510189812776, -1.234415567291376803 ) ) ;
#1968 = EDGE_CURVE ( 'NONE', #3047, #2177, #1729, .T. ) ;
#1969 = ORIENTED_EDGE ( 'NONE', *, *, #4953, .T. ) ;
#1970 = CARTESIAN_POINT ( 'NONE',  ( 3.918038746913489856, -5.711026296175526262, 1.622904786874857397 ) ) ;
#1971 = CARTESIAN_POINT ( 'NONE',  ( -3.367596045400932603, -8.135000000000001563, -3.367596045400933047 ) ) ;
#1972 = CARTESIAN_POINT ( 'NONE',  ( -1.022013784107828283, -2.317321575478338502, 4.046785752169519412 ) ) ;
#1973 = CARTESIAN_POINT ( 'NONE',  ( 0.3171516871715932551, -5.166743556067506127, 4.762333682725506279 ) ) ;
#1974 = CARTESIAN_POINT ( 'NONE',  ( 0.000000000000000000, 0.9662187481069691719, 1.734723475976807094E-15 ) ) ;
#1975 = CARTESIAN_POINT ( 'NONE',  ( 3.147281419125361968, -3.359953406617816718, -3.588150379744952989 ) ) ;
#1976 = CARTESIAN_POINT ( 'NONE',  ( 5.500000000000000000, -0.01738525708133232747, 3.175426480542941743 ) ) ;
#1977 = CARTESIAN_POINT ( 'NONE',  ( -2.770471766894177623, -5.875848703824470221, 2.770471766894176735 ) ) ;
#1978 = CARTESIAN_POINT ( 'NONE',  ( 4.688002221467017172, -2.471489820751741728, 0.5677163521835512094 ) ) ;
#1979 = CARTESIAN_POINT ( 'NONE',  ( 3.918038746913496961, -6.901651296175530526, 0.000000000000000000 ) ) ;
#1980 = CARTESIAN_POINT ( 'NONE',  ( 3.741221314865435410, -4.906558495764927308, 2.875827737372466331 ) ) ;
#1981 = CARTESIAN_POINT ( 'NONE',  ( -2.770471766894176735, -2.383348703824469617, -2.770471766894177179 ) ) ;
#1982 = CARTESIAN_POINT ( 'NONE',  ( -0.6284696466768049383, -3.874037458024788716, 4.762493785434054772 ) ) ;
#1983 = CARTESIAN_POINT ( 'NONE',  ( -1.516660469778343234, -2.831312948543572627, 4.468362513541413783 ) ) ;
#1984 = CARTESIAN_POINT ( 'NONE',  ( 4.522570889629196067, -6.234722699359960707, 1.528255654080263204 ) ) ;
#1985 = CARTESIAN_POINT ( 'NONE',  ( -3.918038746913496961, -3.573973703824469439, -1.622904786874857175 ) ) ;
#1986 = CARTESIAN_POINT ( 'NONE',  ( -1.537500383554772920, -2.742666037901444032, 4.518289774476325071 ) ) ;
#1987 = CARTESIAN_POINT ( 'NONE',  ( 4.714105425975527730, -2.242043179702783551, 0.2146712894591932819 ) ) ;
#1988 = CARTESIAN_POINT ( 'NONE',  ( 5.964575746760461595E-16, -2.000000000000000000, 6.350852961085882598 ) ) ;
#1989 = CARTESIAN_POINT ( 'NONE',  ( 0.000000000000000000, 0.4738549290423901272, 1.734723475976807094E-15 ) ) ;
#1990 = CARTESIAN_POINT ( 'NONE',  ( -4.520881022905626878, -5.370660571399726635, 1.529991610750732089 ) ) ;
#1991 = ORIENTED_EDGE ( 'NONE', *, *, #3612, .T. ) ;
#1992 = CARTESIAN_POINT ( 'NONE',  ( -2.770471766894172738, -6.425401296175525800, -2.770471766894173182 ) ) ;
#1993 = CARTESIAN_POINT ( 'NONE',  ( -2.770471766894177623, -3.567901296175530312, 2.770471766894176735 ) ) ;
#1994 = CARTESIAN_POINT ( 'NONE',  ( -1.741709473095474525, -2.336922911460211694, 3.752376255622464019 ) ) ;
#1995 = CARTESIAN_POINT ( 'NONE',  ( -2.108584070554472500, -4.451659313578447019, -4.281528704754053116 ) ) ;
#1996 = CARTESIAN_POINT ( 'NONE',  ( 4.135413131273039333, -5.005549044257998403, 2.382511595546794148 ) ) ;
#1997 = EDGE_CURVE ( 'NONE', #5045, #3371, #416, .T. ) ;
#1998 = CARTESIAN_POINT ( 'NONE',  ( -3.146471998527625935, -3.128339206058595945, -3.588525938648461810 ) ) ;
#1999 = CARTESIAN_POINT ( 'NONE',  ( 3.223375036136202798, -2.049422923543063657, -3.387043582430903310 ) ) ;
#2000 = CARTESIAN_POINT ( 'NONE',  ( 0.000000000000000000, 7.245200206706154944, 2.655530028493292608E-15 ) ) ;
#2001 = CARTESIAN_POINT ( 'NONE',  ( 2.399106805171460132E-16, -2.542098703824469563, -3.918038746913496961 ) ) ;
#2002 = CARTESIAN_POINT ( 'NONE',  ( 2.740574467097266709, -2.613049078770508071, 3.911757151928135112 ) ) ;
#2003 = EDGE_CURVE ( 'NONE', #1757, #3434, #2926, .T. ) ;
#2004 = ORIENTED_EDGE ( 'NONE', *, *, #1026, .T. ) ;
#2005 = CARTESIAN_POINT ( 'NONE',  ( 2.694804371304934332, -1.924695490499723327, 2.694804371304935664 ) ) ;
#2006 = CARTESIAN_POINT ( 'NONE',  ( 4.731879192607632234, -2.384786595084674055, 0.6222921952479780749 ) ) ;
#2007 = CARTESIAN_POINT ( 'NONE',  ( 1.622904786874857841, -1.827723703824470025, 3.918038746913496073 ) ) ;
#2008 = CARTESIAN_POINT ( 'NONE',  ( -2.388229023117778738, -4.475130710150748037, -4.132070422775583118 ) ) ;
#2009 = CARTESIAN_POINT ( 'NONE',  ( -0.6265076275365691894, -4.556009077440007715, -4.731343725853015769 ) ) ;
#2010 = CARTESIAN_POINT ( 'NONE',  ( 1.514626954489377564, -3.466220834789705663, -4.468917364209137766 ) ) ;
#2011 = CARTESIAN_POINT ( 'NONE',  ( 3.935406702381812227, -6.291763304191591466, 2.702580148647103719 ) ) ;
#2012 = CIRCLE ( 'NONE', #3425, 5.499999999999999112 ) ;
#2013 = CARTESIAN_POINT ( 'NONE',  ( 1.622904786874857175, -1.351473703824469741, -3.918038746913496961 ) ) ;
#2014 = CARTESIAN_POINT ( 'NONE',  ( -4.134109701511383683, -2.887791643117809670, 2.385073478536467118 ) ) ;
#2015 = CARTESIAN_POINT ( 'NONE',  ( 2.416735950775917630, -2.470728900274667961, 4.115770357238062616 ) ) ;
#2016 = DIRECTION ( 'NONE',  ( 0.000000000000000000, -2.312964634635754100E-15, 1.000000000000000000 ) ) ;
#2017 = ORIENTED_EDGE ( 'NONE', *, *, #2936, .T. ) ;
#2018 = CARTESIAN_POINT ( 'NONE',  ( 1.848471873911238905, -6.494130879971542925, 4.342006942617234522 ) ) ;
#2019 = CARTESIAN_POINT ( 'NONE',  ( 0.000000000000000000, -2.000000000000000000, 5.500000000000000888 ) ) ;
#2020 = ORIENTED_EDGE ( 'NONE', *, *, #3388, .T. ) ;
#2021 = CARTESIAN_POINT ( 'NONE',  ( -1.613347558807547433, -5.346906942127667151, 4.493069295707573296 ) ) ;
#2022 = CARTESIAN_POINT ( 'NONE',  ( 2.399106805171460132E-16, -2.774151296175530135, -3.918038746913496961 ) ) ;
#2023 = CARTESIAN_POINT ( 'NONE',  ( 1.627011279026184784E-11, -2.292439143870680152, 4.212501962619182194 ) ) ;
#2024 = CARTESIAN_POINT ( 'NONE',  ( 3.746225279474638459, -4.640227795143030853, -2.869019797602656574 ) ) ;
#2025 = CARTESIAN_POINT ( 'NONE',  ( -2.226414661254097371, -2.019243613329334330, -4.169084818710192764 ) ) ;
#2026 = CARTESIAN_POINT ( 'NONE',  ( -4.518257947950829134, -3.022952792721564919, -1.537487341340695313 ) ) ;
#2027 = CARTESIAN_POINT ( 'NONE',  ( 1.235136077958700618, -6.397277555987956887, 4.610002096373129632 ) ) ;
#2028 = ORIENTED_EDGE ( 'NONE', *, *, #4982, .F. ) ;
#2029 = PRODUCT_RELATED_PRODUCT_CATEGORY ( 'detail', '', ( #3244 ) ) ;
#2030 = CARTESIAN_POINT ( 'NONE',  ( -1.852071423284896268, -6.530180794277527845, 4.394063019914757007 ) ) ;
#2031 = CARTESIAN_POINT ( 'NONE',  ( -2.770471766894177623, -3.335848703824469741, 2.770471766894176735 ) ) ;
#2032 = CARTESIAN_POINT ( 'NONE',  ( 0.7230554436981877497, -2.735402920469347965, 4.666605216081016749 ) ) ;
#2033 = CARTESIAN_POINT ( 'NONE',  ( -7.000746497104166611E-16, -3.353445490499723736, 3.811028889841740597 ) ) ;
#2034 = EDGE_CURVE ( 'NONE', #2963, #2837, #4077, .T. ) ;
#2035 = CARTESIAN_POINT ( 'NONE',  ( 2.902852909152818128, -2.174773166505947319, -3.788441027589779520 ) ) ;
#2036 = DIRECTION ( 'NONE',  ( -0.000000000000000000, 1.000000000000000000, -0.000000000000000000 ) ) ;
#2037 = CARTESIAN_POINT ( 'NONE',  ( 3.748977518331909398, -5.120831516730540045, 2.865474028847528221 ) ) ;
#2038 = CARTESIAN_POINT ( 'NONE',  ( 3.590227041523198270, -4.715930758586495131, -3.144902081024885110 ) ) ;
#2039 = CARTESIAN_POINT ( 'NONE',  ( -2.357413873504436097, -2.871947451606829738, 4.087609565093222486 ) ) ;
#2040 = CARTESIAN_POINT ( 'NONE',  ( -1.622904786874859173, -3.256473703824469101, 3.918038746913496073 ) ) ;
#2041 = CARTESIAN_POINT ( 'NONE',  ( -4.520450697216894298, -3.120640487852343270, -1.531082330183477502 ) ) ;
#2042 = AXIS2_PLACEMENT_3D ( 'NONE', #2340, #4019, #259 ) ;
#2043 = CARTESIAN_POINT ( 'NONE',  ( 1.972692090801865916, -5.991875000000000284, -4.762500000000000178 ) ) ;
#2044 = CARTESIAN_POINT ( 'NONE',  ( 3.150454063292102536, -5.998128973582435464, -3.585052234241889568 ) ) ;
#2045 = DIRECTION ( 'NONE',  ( 0.000000000000000000, -1.000000000000000000, 0.000000000000000000 ) ) ;
#2046 = CARTESIAN_POINT ( 'NONE',  ( -0.001164548443841128406, -5.090761426278148427, 4.708643258879270377 ) ) ;
#2047 = ORIENTED_EDGE ( 'NONE', *, *, #1850, .T. ) ;
#2048 = CARTESIAN_POINT ( 'NONE',  ( 2.770471766894173182, -4.202901296175527435, -2.770471766894172738 ) ) ;
#2049 = CARTESIAN_POINT ( 'NONE',  ( 3.367596045400931715, -7.500000000000000888, 3.367596045400933491 ) ) ;
#2050 = CARTESIAN_POINT ( 'NONE',  ( -3.217814221058692858, 0.4622438190342503250, -4.493047054355439052 ) ) ;
#2051 = AXIS2_PLACEMENT_3D ( 'NONE', #4042, #282, #1932 ) ;
#2052 = CARTESIAN_POINT ( 'NONE',  ( -1.231503491235461212, -4.431675124798365673, -4.611139996834785926 ) ) ;
#2053 = CARTESIAN_POINT ( 'NONE',  ( 4.278755195532266242, -4.806091764202060190, -2.114414544900657056 ) ) ;
#2054 = CARTESIAN_POINT ( 'NONE',  ( 1.225595796326120146, -3.238150520445683522, -4.556729007505697204 ) ) ;
#2055 = CARTESIAN_POINT ( 'NONE',  ( 1.534940610107913495, -6.322932769008307474, 4.519160821695118457 ) ) ;
#2056 = ORIENTED_EDGE ( 'NONE', *, *, #232, .F. ) ;
#2057 = CARTESIAN_POINT ( 'NONE',  ( -1.630246981931270156, -6.459036444620041451, 4.481057611246467509 ) ) ;
#2058 = CARTESIAN_POINT ( 'NONE',  ( -0.03715574928010002137, -2.000018088083820977, -4.762465981262052672 ) ) ;
#2059 = FACE_OUTER_BOUND ( 'NONE', #4777, .T. ) ;
#2060 = CARTESIAN_POINT ( 'NONE',  ( -2.770471766894177623, -7.377901296175529922, 2.770471766894176735 ) ) ;
#2061 = CARTESIAN_POINT ( 'NONE',  ( 2.109896946873252688, -2.134653077337208771, -4.280954872990680116 ) ) ;
#2062 = CARTESIAN_POINT ( 'NONE',  ( 5.832380380939270108E-16, -7.500000000000000000, -4.762500000000000178 ) ) ;
#2063 = CARTESIAN_POINT ( 'NONE',  ( 4.518248811065495474, -4.833295990825529742, -1.537513787485020877 ) ) ;
#2064 = DIRECTION ( 'NONE',  ( -0.000000000000000000, 1.000000000000000000, -0.000000000000000000 ) ) ;
#2065 = CARTESIAN_POINT ( 'NONE',  ( -3.546263790945655803, -2.936758802184146866, 3.112833517686652840 ) ) ;
#2066 = EDGE_CURVE ( 'NONE', #1893, #3311, #3768, .T. ) ;
#2067 = CARTESIAN_POINT ( 'NONE',  ( -1.622904786874859173, -1.986473703824469750, 3.918038746913496073 ) ) ;
#2068 = CARTESIAN_POINT ( 'NONE',  ( -2.110066342586087274, -3.218803524556014928, -4.280964156809267784 ) ) ;
#2069 = CARTESIAN_POINT ( 'NONE',  ( 2.916190190469635054E-16, -4.642499999999999183, -4.762500000000000178 ) ) ;
#2070 = DIRECTION ( 'NONE',  ( 0.000000000000000000, 1.000000000000000000, 3.921717058577609625E-16 ) ) ;
#2071 = CARTESIAN_POINT ( 'NONE',  ( -2.091099530037859644, -5.183882109476520839, 4.229969686760562730 ) ) ;
#2072 = ORIENTED_EDGE ( 'NONE', *, *, #5088, .T. ) ;
#2073 = CARTESIAN_POINT ( 'NONE',  ( -2.770471766894173626, -3.567901296175526760, 2.770471766894172738 ) ) ;
#2074 = CARTESIAN_POINT ( 'NONE',  ( -3.367596045400932603, -3.055000000000000604, -3.367596045400933047 ) ) ;
#2075 = LINE ( 'NONE', #4490, #2096 ) ;
#2076 = CARTESIAN_POINT ( 'NONE',  ( -3.553465492063159648, -6.944434089579941016, 2.558537368200425988 ) ) ;
#2077 = CARTESIAN_POINT ( 'NONE',  ( -2.906505859315339446, -3.141285441870693251, -3.785778792533443404 ) ) ;
#2078 = CARTESIAN_POINT ( 'NONE',  ( 4.185775269754157257, -2.167501261975850468, 1.522482967353919081 ) ) ;
#2079 = VERTEX_POINT ( 'NONE', #525 ) ;
#2080 = CARTESIAN_POINT ( 'NONE',  ( 2.908400237245463149, -6.045804949898580638, -3.785720802831538112 ) ) ;
#2081 = CARTESIAN_POINT ( 'NONE',  ( 2.238921931081807706E-16, -5.179505671772410835, 4.762500000000000178 ) ) ;
#2082 = DIRECTION ( 'NONE',  ( 0.000000000000000000, -0.000000000000000000, -1.000000000000000000 ) ) ;
#2083 = CARTESIAN_POINT ( 'NONE',  ( 1.367788875430809323E-11, -6.449505671771861515, 4.762500000000000178 ) ) ;
#2084 = ORIENTED_EDGE ( 'NONE', *, *, #1840, .F. ) ;
#2085 = CARTESIAN_POINT ( 'NONE',  ( 2.399106805171460132E-16, -2.774151296175530135, -3.918038746913496961 ) ) ;
#2086 = ORIENTED_EDGE ( 'NONE', *, *, #2802, .F. ) ;
#2087 = CARTESIAN_POINT ( 'NONE',  ( -3.550263531260252847, -3.992187182876411278, 3.108298246031841128 ) ) ;
#2088 = CARTESIAN_POINT ( 'NONE',  ( 1.367788875430809323E-11, -6.449505671771861515, 4.762500000000000178 ) ) ;
#2089 = CARTESIAN_POINT ( 'NONE',  ( 4.465874558955879259, -4.921929428705500875, -1.523865674143529692 ) ) ;
#2090 = DIRECTION ( 'NONE',  ( 0.000000000000000000, 0.000000000000000000, 1.000000000000000000 ) ) ;
#2091 = CARTESIAN_POINT ( 'NONE',  ( -1.385886430302304184, -7.325239123463750168, 3.746669066052776387 ) ) ;
#2092 = CARTESIAN_POINT ( 'NONE',  ( -1.015272397434552332, -1.222442527320393824, -3.918038746913496961 ) ) ;
#2093 = CARTESIAN_POINT ( 'NONE',  ( -0.6224199668606795743, -3.374680964658824056, -4.677443146459943080 ) ) ;
#2094 = CARTESIAN_POINT ( 'NONE',  ( -3.367596045400933491, -4.166249999999999787, 3.367596045400932603 ) ) ;
#2095 = CARTESIAN_POINT ( 'NONE',  ( -3.748842681055343462, -2.735409237641967639, 2.865645375209462387 ) ) ;
#2096 = VECTOR ( 'NONE', #2867, 1000.000000000000000 ) ;
#2097 = DIRECTION ( 'NONE',  ( -0.000000000000000000, -1.000000000000000000, -3.921717058577609625E-16 ) ) ;
#2098 = CARTESIAN_POINT ( 'NONE',  ( -2.389691673944081884, -5.286189439418348179, 4.131392434241107914 ) ) ;
#2099 = ORIENTED_EDGE ( 'NONE', *, *, #3920, .F. ) ;
#2100 = AXIS2_PLACEMENT_3D ( 'NONE', #3453, #3426, #3889 ) ;
#2101 = CARTESIAN_POINT ( 'NONE',  ( -4.517856236252295155, -5.600207583431222602, -1.538353262609574612 ) ) ;
#2102 = EDGE_CURVE ( 'NONE', #4523, #3294, #1679, .T. ) ;
#2103 = CARTESIAN_POINT ( 'NONE',  ( 1.972692090801865916, -5.833125000000001670, -4.762500000000000178 ) ) ;
#2104 = CARTESIAN_POINT ( 'NONE',  ( -4.732406987294101697, -4.238802252778439694, 0.6196632559815439256 ) ) ;
#2105 = CARTESIAN_POINT ( 'NONE',  ( 4.600273303476549280, -1.808668712718089155, -3.694883930977848951 ) ) ;
#2106 = CARTESIAN_POINT ( 'NONE',  ( 2.110099965417002732, -3.367448103868425413, -4.280947618717207526 ) ) ;
#2107 = CIRCLE ( 'NONE', #5182, 3.250000000000002220 ) ;
#2108 = CARTESIAN_POINT ( 'NONE',  ( 0.3145940087491049808, -6.376092983622039689, 4.762499620542266499 ) ) ;
#2109 = ORIENTED_EDGE ( 'NONE', *, *, #4692, .T. ) ;
#2110 = CARTESIAN_POINT ( 'NONE',  ( 1.456829471598780845, -5.974727152244978967, -4.545988559785840266 ) ) ;
#2111 = CARTESIAN_POINT ( 'NONE',  ( -1.627706573395378387, -6.519687608047904703, 4.481979528618730058 ) ) ;
#2112 = CARTESIAN_POINT ( 'NONE',  ( 2.770471766894177179, -2.700848703824469510, -2.770471766894176735 ) ) ;
#2113 = DIRECTION ( 'NONE',  ( 0.000000000000000000, 1.000000000000000000, 0.000000000000000000 ) ) ;
#2114 = VERTEX_POINT ( 'NONE', #497 ) ;
#2115 = CARTESIAN_POINT ( 'NONE',  ( 4.690003604346117072, -6.267041331578298902, 0.8905441640474545117 ) ) ;
#2116 = CARTESIAN_POINT ( 'NONE',  ( -2.481920370813905929, -1.366255386291060914, -3.103228277498833343 ) ) ;
#2117 = B_SPLINE_CURVE_WITH_KNOTS ( 'NONE', 3,
 ( #3944, #2628, #1391, #3040, #4769, #4712, #188, #2185, #600, #3535, #4304, #624, #4358, #3067, #4741, #978, #4273, #3864, #5183, #108, #3121, #3096, #4332, #2682, #4794, #1031, #2705, #4382, #1778, #576, #2293, #3971, #3563, #5232 ),
 .UNSPECIFIED., .F., .F.,
 ( 4, 2, 2, 2, 2, 2, 2, 2, 2, 2, 2, 2, 2, 2, 2, 2, 4 ),
 ( 0.01503763008107157455, 0.01597737988781319785, 0.01691712969455482288, 0.01785687950129644444, 0.01879662930803806947, 0.01973637911477969104, 0.02067612892152131607, 0.02161587872826293763, 0.02255562853500455919, 0.02349537834174618423, 0.02443512814848780579, 0.02537487795522942735, 0.02631462776197104891, 0.02725437756871267048, 0.02819412737545429204, 0.02913387718219591360, 0.03007362698893753516 ),
 .UNSPECIFIED. ) ;
#2118 = CARTESIAN_POINT ( 'NONE',  ( 0.6295506365124180492, -2.650880826679433699, 4.730996942509502645 ) ) ;
#2119 = DIRECTION ( 'NONE',  ( -0.000000000000000000, -1.000000000000000000, -3.921717058577609625E-16 ) ) ;
#2120 = CARTESIAN_POINT ( 'NONE',  ( 4.709049773588952270, -5.000421581256783377, 0.3041902413371791458 ) ) ;
#2121 = CARTESIAN_POINT ( 'NONE',  ( 2.693213056788147772E-16, -2.639505671772413020, 4.762500000000000178 ) ) ;
#2122 = CARTESIAN_POINT ( 'NONE',  ( 1.229771307729268681, -3.982914348336774157, 4.555826951824900384 ) ) ;
#2123 = CARTESIAN_POINT ( 'NONE',  ( 3.811028889841740597, -2.915304509500277419, 0.000000000000000000 ) ) ;
#2124 = CARTESIAN_POINT ( 'NONE',  ( -3.551702279792620320, -3.228984807746193564, -3.106977223444916003 ) ) ;
#2125 = CARTESIAN_POINT ( 'NONE',  ( -4.762500000000000178, -4.324999999999999289, -5.832380380939270108E-16 ) ) ;
#2126 = CARTESIAN_POINT ( 'NONE',  ( 4.086812219386831480, -3.396737369566412923, -2.358685209570791752 ) ) ;
#2127 = CARTESIAN_POINT ( 'NONE',  ( 2.116224911785248519, -6.927921884784834283, -3.847146810999168665 ) ) ;
#2128 = DIRECTION ( 'NONE',  ( -0.04106941322983050785, 0.9991562957300311743, 0.000000000000000000 ) ) ;
#2129 = VERTEX_POINT ( 'NONE', #4664 ) ;
#2130 = CARTESIAN_POINT ( 'NONE',  ( 0.0008135285787998767278, -3.909472927425829525, 4.762500000000000178 ) ) ;
#2131 = CARTESIAN_POINT ( 'NONE',  ( 4.762499999999999289, -2.340625000000000178, 1.972692090801868581 ) ) ;
#2132 = CARTESIAN_POINT ( 'NONE',  ( -1.217371956419212919, -4.087606670185377489, 4.558877038381596414 ) ) ;
#2133 = CARTESIAN_POINT ( 'NONE',  ( -9.391509667127534093E-16, -1.508759813876276556, -6.350852961085882598 ) ) ;
#2134 = ORIENTED_EDGE ( 'NONE', *, *, #1517, .T. ) ;
#2135 = CARTESIAN_POINT ( 'NONE',  ( -4.658958932549612797, -6.654075349585432342, -0.07924685774812854910 ) ) ;
#2136 = SECURITY_CLASSIFICATION ( '', '', #4380 ) ;
#2137 = EDGE_CURVE ( 'NONE', #439, #3777, #1263, .T. ) ;
#2138 = CARTESIAN_POINT ( 'NONE',  ( 1.421661929762709871E-05, -6.388749138853026643, 4.762500652578985694 ) ) ;
#2139 = EDGE_LOOP ( 'NONE', ( #2872, #791, #4633, #3230 ) ) ;
#2140 = CARTESIAN_POINT ( 'NONE',  ( 1.137523682248693380, -5.960371706953344173, -4.636442685320667501 ) ) ;
#2141 = AXIS2_PLACEMENT_3D ( 'NONE', #2903, #3759, #4610 ) ;
#2142 = CARTESIAN_POINT ( 'NONE',  ( -1.732199783017788208, -2.451742360806481891, -3.508595396287096602 ) ) ;
#2143 = CARTESIAN_POINT ( 'NONE',  ( 0.001672388525296177779, -2.639438362166317997, 4.762499779778946341 ) ) ;
#2144 = CARTESIAN_POINT ( 'NONE',  ( -2.749999999999998224, -2.000000000000000000, 4.763139720814413280 ) ) ;
#2145 = EDGE_LOOP ( 'NONE', ( #1868, #2484, #1276, #4653, #1075 ) ) ;
#2146 = CARTESIAN_POINT ( 'NONE',  ( 0.9828541271759539955, -6.533838922711147745, 4.607800015873510624 ) ) ;
#2147 = CARTESIAN_POINT ( 'NONE',  ( 3.918038746913496961, -1.821651296175530010, 0.000000000000000000 ) ) ;
#2148 = CARTESIAN_POINT ( 'NONE',  ( -3.918038746913496961, -5.076026296175531805, -1.622904786874857175 ) ) ;
#2149 = CARTESIAN_POINT ( 'NONE',  ( 4.517377653418009231, -4.893947178202768811, -1.540073780733616671 ) ) ;
#2150 = CARTESIAN_POINT ( 'NONE',  ( -3.145575879425797527, -3.128388311584955339, -3.589308054440726981 ) ) ;
#2151 = CARTESIAN_POINT ( 'NONE',  ( 3.550225719187421802, -3.864065213671180832, 3.108341474746746602 ) ) ;
#2152 = CARTESIAN_POINT ( 'NONE',  ( 3.811028889841739709, -2.994679509500276726, 1.578579852768131397 ) ) ;
#2153 = CARTESIAN_POINT ( 'NONE',  ( -3.788301126780112771, -3.188038557382476768, -2.902848436951002586 ) ) ;
#2154 = CARTESIAN_POINT ( 'NONE',  ( 3.367596045400933047, -4.801249999999999574, -3.367596045400932603 ) ) ;
#2155 = CARTESIAN_POINT ( 'NONE',  ( 0.6283312765899690122, -4.509555020772317846, -4.731106133922340362 ) ) ;
#2156 = CARTESIAN_POINT ( 'NONE',  ( -3.115755794926185374, -2.697143764665582921, 3.543725076251294404 ) ) ;
#2157 = CARTESIAN_POINT ( 'NONE',  ( -5.500000000000000000, -1.508759813876390465, -3.175426480543112717 ) ) ;
#2158 = VERTEX_POINT ( 'NONE', #2168 ) ;
#2159 = CARTESIAN_POINT ( 'NONE',  ( 1.622904786874855620, -3.329776296175526173, 3.918038746913489856 ) ) ;
#2160 = CARTESIAN_POINT ( 'NONE',  ( -3.367596045400933491, -4.007500000000000284, 3.367596045400932603 ) ) ;
#2161 = CARTESIAN_POINT ( 'NONE',  ( -4.610322512311001653, -4.377197885742961425, -1.234222035493489855 ) ) ;
#2162 = CARTESIAN_POINT ( 'NONE',  ( 3.145575972203762838, -4.727861693788862674, -3.589307956107989028 ) ) ;
#2163 = DIRECTION ( 'NONE',  ( 0.000000000000000000, 0.000000000000000000, -1.000000000000000000 ) ) ;
#2164 = CARTESIAN_POINT ( 'NONE',  ( 3.591519301654124252, -5.925251229780116979, -3.143436827528570898 ) ) ;
#2165 = VERTEX_POINT ( 'NONE', #1017 ) ;
#2166 = CARTESIAN_POINT ( 'NONE',  ( 4.282519575494988295, -6.170094215443103103, -1.984448057798065213 ) ) ;
#2167 = CARTESIAN_POINT ( 'NONE',  ( 0.002440650075534577228, -3.909407446549927556, 4.762499374616989023 ) ) ;
#2168 = CARTESIAN_POINT ( 'NONE',  ( -9.391509667127534093E-16, -1.508759813876276556, -6.350852961085882598 ) ) ;
#2169 = CARTESIAN_POINT ( 'NONE',  ( -1.818433730567822204, -1.943455294822465262, 5.300979757239054457 ) ) ;
#2170 = CARTESIAN_POINT ( 'NONE',  ( -0.4656479711951264644, -6.578130119472978876, 4.708902790128322025 ) ) ;
#2171 = CARTESIAN_POINT ( 'NONE',  ( 3.918038746913496073, -4.441026296175530241, 1.622904786874859839 ) ) ;
#2172 = CARTESIAN_POINT ( 'NONE',  ( 3.918038746913496961, -6.822276296175531662, -1.622904786874857175 ) ) ;
#2173 = EDGE_CURVE ( 'NONE', #1791, #1646, #1171, .T. ) ;
#2174 = CARTESIAN_POINT ( 'NONE',  ( 1.735157462769879810, -2.474632344138833595, 4.384573945564383735 ) ) ;
#2175 = CARTESIAN_POINT ( 'NONE',  ( 4.520609577596641060, -3.694857286277642761, 1.530787542359421938 ) ) ;
#2176 = CARTESIAN_POINT ( 'NONE',  ( 4.610277519698902537, -4.914243046652829960, 1.234905375590631849 ) ) ;
#2177 = VERTEX_POINT ( 'NONE', #2279 ) ;
#2178 = CARTESIAN_POINT ( 'NONE',  ( 1.578579852768130065, -4.423429509500276247, 3.811028889841740597 ) ) ;
#2179 = CARTESIAN_POINT ( 'NONE',  ( 4.708232163330065667, -3.705147556912502527, -0.3165436804585535779 ) ) ;
#2180 = CARTESIAN_POINT ( 'NONE',  ( 4.762500000000000178, -1.149999999999999023, 0.000000000000000000 ) ) ;
#2181 = CARTESIAN_POINT ( 'NONE',  ( -0.6179508720746708095, -4.458386650597494061, -4.732583648328535730 ) ) ;
#2182 = CARTESIAN_POINT ( 'NONE',  ( 3.741192894928869084, -3.636560486541265735, 2.875864880017952707 ) ) ;
#2183 = CARTESIAN_POINT ( 'NONE',  ( -2.749999999999998224, -2.000000000000000000, 4.763139720814413280 ) ) ;
#2184 = ORIENTED_EDGE ( 'NONE', *, *, #571, .F. ) ;
#2185 = CARTESIAN_POINT ( 'NONE',  ( 2.904607034473678517, -3.407644614927252569, -3.786936994940086620 ) ) ;
#2186 = CARTESIAN_POINT ( 'NONE',  ( 1.972692090801866360, -6.309375000000001954, 4.762499999999999289 ) ) ;
#2187 = CARTESIAN_POINT ( 'NONE',  ( -2.905065195449308302, -4.079891757391869156, 3.786668181752478102 ) ) ;
#2188 = DIRECTION ( 'NONE',  ( 0.000000000000000000, -1.000000000000000000, 0.000000000000000000 ) ) ;
#2189 = CARTESIAN_POINT ( 'NONE',  ( -2.392017898371937346, -2.685537959114296491, 4.130044428841755710 ) ) ;
#2190 = CARTESIAN_POINT ( 'NONE',  ( 2.388204984225847927, -5.921118090262307732, -4.132084371028118319 ) ) ;
#2191 = AXIS2_PLACEMENT_3D ( 'NONE', #3261, #517, #1723 ) ;
#2192 = ORIENTED_EDGE ( 'NONE', *, *, #200, .F. ) ;
#2193 = CARTESIAN_POINT ( 'NONE',  ( -3.241425093172707772, -5.459189390558080390, 3.419208154316935033 ) ) ;
#2194 = CARTESIAN_POINT ( 'NONE',  ( -1.037707187618014864E-11, -2.041744328227169447, -4.762500000000000178 ) ) ;
#2195 = VECTOR ( 'NONE', #1365, 1000.000000000000000 ) ;
#2196 = CARTESIAN_POINT ( 'NONE',  ( -2.910664552178651387, -4.042962845689613616, 3.782463419589068732 ) ) ;
#2197 = DIRECTION ( 'NONE',  ( 0.000000000000000000, 3.921717058577609625E-16, -1.000000000000000000 ) ) ;
#2198 = CARTESIAN_POINT ( 'NONE',  ( -0.4943381386593729276, -6.568109699332102203, 4.716066624594171586 ) ) ;
#2199 = CARTESIAN_POINT ( 'NONE',  ( -3.918038746913496961, -3.726651296175530259, -4.798213610342920265E-16 ) ) ;
#2200 = CARTESIAN_POINT ( 'NONE',  ( 3.918038746913496961, -8.171651296175530987, 0.000000000000000000 ) ) ;
#2201 = CARTESIAN_POINT ( 'NONE',  ( -2.090833948746458226, -5.183869087097161987, 4.230101016642889178 ) ) ;
#2202 = CARTESIAN_POINT ( 'NONE',  ( 4.135412902032408411, -3.735549064177706491, 2.382511995599975840 ) ) ;
#2203 = CARTESIAN_POINT ( 'NONE',  ( -0.9937924997950106087, -2.000000000000000000, -4.657658501581154908 ) ) ;
#2204 = ADVANCED_FACE ( 'NONE', ( #1041 ), #4669, .T. ) ;
#2205 = CARTESIAN_POINT ( 'NONE',  ( -1.578579852768131175, -5.852179509500277099, 3.811028889841739709 ) ) ;
#2206 = CARTESIAN_POINT ( 'NONE',  ( 4.611764610126344088, -3.741943974108231430, 1.228508955647745093 ) ) ;
#2207 = CARTESIAN_POINT ( 'NONE',  ( 4.762500000000000178, -3.610624999999999751, -1.972692090801865472 ) ) ;
#2208 = CARTESIAN_POINT ( 'NONE',  ( -1.251886295784031322, -3.961986832624891708, 4.636714235725037270 ) ) ;
#2209 = CARTESIAN_POINT ( 'NONE',  ( -1.524424589789700635, -2.616848158412663050, 4.465587435282032835 ) ) ;
#2210 = CARTESIAN_POINT ( 'NONE',  ( 0.000000000000000000, 5.722886414021193247, 2.058521631565233228E-15 ) ) ;
#2211 = CARTESIAN_POINT ( 'NONE',  ( -3.821348219719046924, -7.448936761643101256, 0.5867053112224739353 ) ) ;
#2212 = VERTEX_POINT ( 'NONE', #5324 ) ;
#2213 = CARTESIAN_POINT ( 'NONE',  ( -3.149474046477364286, -5.363066554291875399, 3.586212097855102421 ) ) ;
#2214 = CARTESIAN_POINT ( 'NONE',  ( 4.429314970441297739, -2.162247850159456863, -1.627992843231450548 ) ) ;
#2215 = CARTESIAN_POINT ( 'NONE',  ( -2.387573423618621238, -4.053300898897116866, 4.132523787631185996 ) ) ;
#2216 = CARTESIAN_POINT ( 'NONE',  ( 0.6265076288275792660, -5.840240922615866026, -4.731343725617916718 ) ) ;
#2217 = ORIENTED_EDGE ( 'NONE', *, *, #3142, .F. ) ;
#2218 = CARTESIAN_POINT ( 'NONE',  ( -4.559936299940800630, -2.816323876806962723, 1.213374473183377988 ) ) ;
#2219 = CARTESIAN_POINT ( 'NONE',  ( 4.557215902928672513, -6.095593286417723355, 1.224391148407225405 ) ) ;
#2220 = AXIS2_PLACEMENT_3D ( 'NONE', #2393, #2448, #3633 ) ;
#2221 = EDGE_LOOP ( 'NONE', ( #4888, #3665, #2251, #487, #2217, #1851 ) ) ;
#2222 = CARTESIAN_POINT ( 'NONE',  ( -3.689168628881346113, -5.486038262270508170, 2.944028972690476920 ) ) ;
#2223 = CARTESIAN_POINT ( 'NONE',  ( -1.798056521166925492, -2.463719702189133276, -3.449999701328296364 ) ) ;
#2224 = PRODUCT_DEFINITION_FORMATION_WITH_SPECIFIED_SOURCE ( 'ANY', '', #3244, .NOT_KNOWN. ) ;
#2225 = CARTESIAN_POINT ( 'NONE',  ( 0.002507410479071902655, -5.179404760035467348, 4.762499339936194787 ) ) ;
#2226 = CARTESIAN_POINT ( 'NONE',  ( 0.001164548443838746847, -4.035488573721849548, 4.708643258879270377 ) ) ;
#2227 = CARTESIAN_POINT ( 'NONE',  ( -0.5061186680107629954, -6.566849447317935073, 4.716085126857437970 ) ) ;
#2228 = CARTESIAN_POINT ( 'NONE',  ( -1.576386685363044382, -6.644273586460673897, 4.436922123044056754 ) ) ;
#2229 = CARTESIAN_POINT ( 'NONE',  ( -3.918038746913497850, -7.457276296175530561, 1.622904786874856287 ) ) ;
#2230 = CARTESIAN_POINT ( 'NONE',  ( -0.001164548443840164550, -5.090761426278149315, 4.708643258879271265 ) ) ;
#2231 = CARTESIAN_POINT ( 'NONE',  ( 0.6260467381301418888, -3.921032357816322200, 4.731628033282982315 ) ) ;
#2232 = CARTESIAN_POINT ( 'NONE',  ( -4.432850339864677913, -6.691469859792592345, 1.741046844390356618 ) ) ;
#2233 = CIRCLE ( 'NONE', #2141, 1.589999999999999858 ) ;
#2234 = CARTESIAN_POINT ( 'NONE',  ( -2.694804371304934332, -2.439054509500276691, -2.694804371304934776 ) ) ;
#2235 = CARTESIAN_POINT ( 'NONE',  ( 4.279386921199899163, -3.536153492206753679, -2.113142011485299232 ) ) ;
#2236 = CARTESIAN_POINT ( 'NONE',  ( 2.916190190469635054E-16, -2.102499999999999147, -4.762500000000000178 ) ) ;
#2237 = EDGE_CURVE ( 'NONE', #1555, #4336, #4738, .T. ) ;
#2238 = CARTESIAN_POINT ( 'NONE',  ( -4.610194385573621823, -4.279226556642274915, -1.234461330579352811 ) ) ;
#2239 = CARTESIAN_POINT ( 'NONE',  ( -1.828900750981078183, -2.371019964564029969, -3.630052320255936049 ) ) ;
#2240 = CARTESIAN_POINT ( 'NONE',  ( 2.906151780311270638, -2.506298865251186392, 3.785729741199755694 ) ) ;
#2241 = ORIENTED_EDGE ( 'NONE', *, *, #893, .F. ) ;
#2242 = VERTEX_POINT ( 'NONE', #2824 ) ;
#2243 = CARTESIAN_POINT ( 'NONE',  ( -4.732026036321260953, -5.508721672827475935, 0.6215077847264555144 ) ) ;
#2244 = DIRECTION ( 'NONE',  ( 0.000000000000000000, 0.000000000000000000, 1.000000000000000000 ) ) ;
#2245 = CARTESIAN_POINT ( 'NONE',  ( 1.535426976044331093, -4.647573147590120080, -4.518858133806267219 ) ) ;
#2246 = ADVANCED_FACE ( 'NONE', ( #4453 ), #574, .T. ) ;
#2247 = FACE_OUTER_BOUND ( 'NONE', #1377, .T. ) ;
#2248 = VERTEX_POINT ( 'NONE', #258 ) ;
#2249 = CARTESIAN_POINT ( 'NONE',  ( -4.762331273451998470, -2.969743269902571203, -0.3163940348853985784 ) ) ;
#2250 = CARTESIAN_POINT ( 'NONE',  ( 4.609623779165138657, -6.079702911104992502, -1.236834778514891431 ) ) ;
#2251 = ORIENTED_EDGE ( 'NONE', *, *, #4885, .F. ) ;
#2252 = CARTESIAN_POINT ( 'NONE',  ( -4.213610648617433618, -5.528150568533910736, 2.126520578990285237 ) ) ;
#2253 = CARTESIAN_POINT ( 'NONE',  ( -1.233169548008800076, -5.762368200830843890, -4.610693434429289361 ) ) ;
#2254 = CARTESIAN_POINT ( 'NONE',  ( -2.107648210584561532, -4.451704612889184176, -4.281987155361442809 ) ) ;
#2255 = DIRECTION ( 'NONE',  ( -0.000000000000000000, 1.000000000000000000, 1.111353676405166014E-16 ) ) ;
#2256 = CARTESIAN_POINT ( 'NONE',  ( 0.002440650075532824290, -3.909407446549926668, 4.762499374616988135 ) ) ;
#2257 = ORIENTED_EDGE ( 'NONE', *, *, #4351, .F. ) ;
#2258 = CARTESIAN_POINT ( 'NONE',  ( -2.878972834457053320, -5.224228188430631192, 3.738748330374976447 ) ) ;
#2259 = FACE_OUTER_BOUND ( 'NONE', #2299, .T. ) ;
#2260 = CARTESIAN_POINT ( 'NONE',  ( 2.694804371304934332, -7.004695490499722510, 2.694804371304935664 ) ) ;
#2261 = CARTESIAN_POINT ( 'NONE',  ( 4.470160460355582011, -3.783571691820473593, 1.511477161898871824 ) ) ;
#2262 = CIRCLE ( 'NONE', #3140, 5.500000000000000000 ) ;
#2263 = CARTESIAN_POINT ( 'NONE',  ( -4.762500000000000178, -1.784999999999999254, -5.832380380939270108E-16 ) ) ;
#2264 = CARTESIAN_POINT ( 'NONE',  ( -3.789505573076987321, -4.094056138893658492, 2.901323248247904996 ) ) ;
#2265 = CARTESIAN_POINT ( 'NONE',  ( -0.6202087928101464032, -2.576470435476617027, 4.677954179503978516 ) ) ;
#2266 = COORDINATED_UNIVERSAL_TIME_OFFSET ( 6, 0, .BEHIND. ) ;
#2267 = CARTESIAN_POINT ( 'NONE',  ( 2.770471766894177179, -7.780848703824469581, -2.770471766894176735 ) ) ;
#2268 = ORIENTED_EDGE ( 'NONE', *, *, #2794, .T. ) ;
#2269 = CARTESIAN_POINT ( 'NONE',  ( 0.000000000000000000, -2.000000000000000000, -1.653408313040394459E-15 ) ) ;
#2270 = CARTESIAN_POINT ( 'NONE',  ( 1.048674215085803496, -1.960204393141155244, -4.600991227392523975 ) ) ;
#2271 = CARTESIAN_POINT ( 'NONE',  ( -4.519588304087563735, -4.329988417670192824, -1.533623630748134792 ) ) ;
#2272 = CARTESIAN_POINT ( 'NONE',  ( -3.155485181118971472, -6.554602061178139927, 3.600626170528992809 ) ) ;
#2273 = FACE_OUTER_BOUND ( 'NONE', #3846, .T. ) ;
#2274 = CARTESIAN_POINT ( 'NONE',  ( 4.731437329961440064, -6.106306357377829563, -0.6260131367918977396 ) ) ;
#2275 = ADVANCED_FACE ( 'NONE', ( #4095 ), #2748, .T. ) ;
#2276 = ORIENTED_EDGE ( 'NONE', *, *, #4865, .T. ) ;
#2277 = CARTESIAN_POINT ( 'NONE',  ( -4.015835048404429841, -5.710671295277852444, -2.565470417864813335 ) ) ;
#2278 = CARTESIAN_POINT ( 'NONE',  ( -1.518824998752528632, -4.604664452360950122, -4.467647387355969890 ) ) ;
#2279 = CARTESIAN_POINT ( 'NONE',  ( -3.256317696518119868E-17, -2.676744328227586234, 4.762500000000000178 ) ) ;
#2280 = CARTESIAN_POINT ( 'NONE',  ( -5.500000000000000000, 0.1309064495469990930, 2.661728940100203111 ) ) ;
#2281 = CARTESIAN_POINT ( 'NONE',  ( 2.878972834957426397, -3.902021811544848617, 3.738748330128415454 ) ) ;
#2282 = VECTOR ( 'NONE', #766, 1000.000000000000114 ) ;
#2283 = ORIENTED_EDGE ( 'NONE', *, *, #2336, .F. ) ;
#2284 = CARTESIAN_POINT ( 'NONE',  ( -4.559868461891093183, -5.356311824805545463, 1.213642505392502402 ) ) ;
#2285 = CARTESIAN_POINT ( 'NONE',  ( -2.045029449291167367, -2.039685787836444497, -4.256244705804903106 ) ) ;
#2286 = VERTEX_POINT ( 'NONE', #309 ) ;
#2287 = CARTESIAN_POINT ( 'NONE',  ( 2.694804371304934776, -6.687195490499724393, -2.694804371304934332 ) ) ;
#2288 = CARTESIAN_POINT ( 'NONE',  ( -2.750000000000000444, -2.000000000000000000, -4.763139720814411504 ) ) ;
#2289 = CARTESIAN_POINT ( 'NONE',  ( 1.622904786874857175, -7.701473703824469830, -3.918038746913496961 ) ) ;
#2290 = CARTESIAN_POINT ( 'NONE',  ( -3.550330289227378255, -3.992191013152778467, 3.108231769195561434 ) ) ;
#2291 = CARTESIAN_POINT ( 'NONE',  ( 5.832380380939270108E-16, -7.500000000000000000, -4.762500000000000178 ) ) ;
#2292 = CARTESIAN_POINT ( 'NONE',  ( -3.918038746913496961, -4.764598703824469261, -4.798213610342920265E-16 ) ) ;
#2293 = CARTESIAN_POINT ( 'NONE',  ( 1.235007291772801663, -3.857283294178595945, 4.610035510628474498 ) ) ;
#2294 = CARTESIAN_POINT ( 'NONE',  ( 3.697569596787407153, -2.182828912640551788, -3.017970918470328723 ) ) ;
#2295 = CARTESIAN_POINT ( 'NONE',  ( -3.786719520484021384, -4.397384517693860850, -2.904906523277992925 ) ) ;
#2296 = CARTESIAN_POINT ( 'NONE',  ( 1.537415029129697075, -6.383587861692831211, 4.518317701413003817 ) ) ;
#2297 = CARTESIAN_POINT ( 'NONE',  ( -4.654041086288069451, -5.655785060650805107, -0.7820397868918890216 ) ) ;
#2298 = CARTESIAN_POINT ( 'NONE',  ( -3.584163512098833326, -5.582683262574321681, -3.151447645438095524 ) ) ;
#2299 = EDGE_LOOP ( 'NONE', ( #4412, #1922, #3314, #474, #411, #2402 ) ) ;
#2300 = CARTESIAN_POINT ( 'NONE',  ( -3.358990210309263258, -5.465830046109590334, 3.303785528285462458 ) ) ;
#2301 = CARTESIAN_POINT ( 'NONE',  ( 2.081449561907415813, -4.763236787750569690, -4.234723657754464909 ) ) ;
#2302 = CARTESIAN_POINT ( 'NONE',  ( 2.385247480438863033, -5.012297562702884512, 4.133870261506659816 ) ) ;
#2303 = CARTESIAN_POINT ( 'NONE',  ( -5.499999999999998224, 0.2542673113310479072, 2.141653731741703481 ) ) ;
#2304 = EDGE_CURVE ( 'NONE', #2212, #3039, #2822, .T. ) ;
#2305 = B_SPLINE_CURVE_WITH_KNOTS ( 'NONE', 3,
 ( #1976, #2816, #2355, #327, #5244, #2307 ),
 .UNSPECIFIED., .F., .F.,
 ( 4, 2, 4 ),
 ( 0.01570867478269641695, 0.01731714134618802386, 0.01892560790967963424 ),
 .UNSPECIFIED. ) ;
#2306 = CARTESIAN_POINT ( 'NONE',  ( 4.519134032633269626, -3.657822448886143274, 1.534611079327470762 ) ) ;
#2307 = CARTESIAN_POINT ( 'NONE',  ( 5.499999999999999112, 0.4738549290423901272, 1.734723475976807094E-15 ) ) ;
#2308 = AXIS2_PLACEMENT_3D ( 'NONE', #3504, #3609, #5178 ) ;
#2309 = CARTESIAN_POINT ( 'NONE',  ( -1.622904786874859173, -5.796473703824469581, 3.918038746913496073 ) ) ;
#2310 = CARTESIAN_POINT ( 'NONE',  ( 1.492984645576679759, -2.105563351712361531, -4.536979983866876509 ) ) ;
#2311 = CARTESIAN_POINT ( 'NONE',  ( 3.811028889841741041, -8.036570490499725494, -1.578579852768128955 ) ) ;
#2312 = CARTESIAN_POINT ( 'NONE',  ( 2.357409100639894728, -4.984302788114643334, 4.087612263324373885 ) ) ;
#2313 = AXIS2_PLACEMENT_3D ( 'NONE', #3409, #1375, #1789 ) ;
#2314 = CARTESIAN_POINT ( 'NONE',  ( 3.918038746913496961, -4.050223703824469723, -1.622904786874857175 ) ) ;
#2315 = CARTESIAN_POINT ( 'NONE',  ( -4.470177664695117237, -4.072680670917231183, 1.511426232316724461 ) ) ;
#2316 = CARTESIAN_POINT ( 'NONE',  ( 0.000000000000000000, -2.000000000000000000, 0.000000000000000000 ) ) ;
#2317 = PERSON_AND_ORGANIZATION_ROLE ( 'creator' ) ;
#2318 = CARTESIAN_POINT ( 'NONE',  ( 1.622904786874857175, -6.431473703824469368, -3.918038746913496961 ) ) ;
#2319 = CARTESIAN_POINT ( 'NONE',  ( -3.741121191886235486, -2.949684741259405829, 2.875952424978801325 ) ) ;
#2320 = CARTESIAN_POINT ( 'NONE',  ( 3.699213941680057349, -2.122175392016174111, -3.015960304735954445 ) ) ;
#2321 = CARTESIAN_POINT ( 'NONE',  ( -3.147270904790223867, -4.496297132804634167, -3.588159430751995504 ) ) ;
#2322 = CARTESIAN_POINT ( 'NONE',  ( -2.388814800785790560, -3.205101477875623495, -4.131730481614963146 ) ) ;
#2323 = CARTESIAN_POINT ( 'NONE',  ( -2.928778364434190706, -5.804347759618831759, -3.700368814370986748 ) ) ;
#2324 = CARTESIAN_POINT ( 'NONE',  ( -4.517392882338325144, -5.502300778637313705, -1.540029310469702040 ) ) ;
#2325 = ORIENTED_EDGE ( 'NONE', *, *, #4252, .T. ) ;
#2326 = CARTESIAN_POINT ( 'NONE',  ( 2.770471766894172294, -7.060401296175528252, 2.770471766894173626 ) ) ;
#2327 = CARTESIAN_POINT ( 'NONE',  ( -7.197320415514379411E-16, -4.679151296175529495, 3.918038746913496961 ) ) ;
#2328 = CARTESIAN_POINT ( 'NONE',  ( 4.229345114583686893, -4.894797567877340327, -2.092568769126464279 ) ) ;
#2329 = CARTESIAN_POINT ( 'NONE',  ( 4.762498616158167053, -4.874507938259120543, 0.3106164397407379374 ) ) ;
#2330 = CARTESIAN_POINT ( 'NONE',  ( -5.499999999999999112, 0.4738549290423896831, 0.5380045017581049915 ) ) ;
#2331 = CARTESIAN_POINT ( 'NONE',  ( 4.520465644519541470, -3.465611530011904140, -1.531038371954036581 ) ) ;
#2332 = CARTESIAN_POINT ( 'NONE',  ( -1.611079449786510853, -2.060423224922727670, -4.438769463897186185 ) ) ;
#2333 = CARTESIAN_POINT ( 'NONE',  ( -3.918038746913497405, -7.225223703824470434, 1.622904786874856065 ) ) ;
#2334 = CARTESIAN_POINT ( 'NONE',  ( 4.488345695264286839, -2.429557620836677145, 1.634248848894259698 ) ) ;
#2335 = CARTESIAN_POINT ( 'NONE',  ( -1.578579852768131175, -7.242820490499723540, 3.811028889841739709 ) ) ;
#2336 = EDGE_CURVE ( 'NONE', #1594, #3294, #2853, .T. ) ;
#2337 = CARTESIAN_POINT ( 'NONE',  ( 2.364390971264632046, -4.562473562998632381, -4.083504172084293060 ) ) ;
#2338 = CARTESIAN_POINT ( 'NONE',  ( -1.622904786874859173, -1.986473703824469750, 3.918038746913496073 ) ) ;
#2339 = CARTESIAN_POINT ( 'NONE',  ( -1.537415031582157976, -4.012662138420555635, 4.518317700530263714 ) ) ;
#2340 = CARTESIAN_POINT ( 'NONE',  ( 0.000000000000000000, -7.500000000000000000, 0.000000000000000000 ) ) ;
#2341 = PERSON_AND_ORGANIZATION ( #2945, #2825 ) ;
#2342 = CARTESIAN_POINT ( 'NONE',  ( -7.197320415514379411E-16, -6.987098703824469403, 3.918038746913496961 ) ) ;
#2343 = CARTESIAN_POINT ( 'NONE',  ( -4.762499702116496536, -2.981742719807185971, 0.3106005391592233655 ) ) ;
#2344 = CARTESIAN_POINT ( 'NONE',  ( 4.662921327632211010, -2.202939080667432492, -0.7249267413223786649 ) ) ;
#2345 = CARTESIAN_POINT ( 'NONE',  ( 2.387457286398472878, -6.342954870903110276, 4.132589559558534020 ) ) ;
#2346 = CARTESIAN_POINT ( 'NONE',  ( 0.001230553817909865602, -5.305485887400422484, 4.708643241727394901 ) ) ;
#2347 = CARTESIAN_POINT ( 'NONE',  ( -4.609513761647975549, -5.488572971735871775, -1.237012249139684883 ) ) ;
#2348 = ORIENTED_EDGE ( 'NONE', *, *, #3522, .T. ) ;
#2349 = CARTESIAN_POINT ( 'NONE',  ( 3.918038746913491632, -6.901651296175526085, 0.000000000000000000 ) ) ;
#2350 = CARTESIAN_POINT ( 'NONE',  ( -1.972692090801865028, -8.214375000000002203, -4.762500000000000178 ) ) ;
#2351 = CARTESIAN_POINT ( 'NONE',  ( 1.216604639953686728, -4.722569135330688006, -4.559251206486339747 ) ) ;
#2352 = CARTESIAN_POINT ( 'NONE',  ( 4.762335970174537358, -4.813853798790148630, 0.3131792444268012843 ) ) ;
#2353 = CARTESIAN_POINT ( 'NONE',  ( -4.609178938540359504E-16, -0.01738525708133304565, -6.350852961085881709 ) ) ;
#2354 = CARTESIAN_POINT ( 'NONE',  ( 4.131708630492560097, -3.485383240134076299, -2.388872376455471347 ) ) ;
#2355 = CARTESIAN_POINT ( 'NONE',  ( 5.500000000000000888, 0.2542673113310473521, 2.141653731741705258 ) ) ;
#2356 = CARTESIAN_POINT ( 'NONE',  ( 4.457700682273535442, -2.300012760202415851, 1.537487759979693669 ) ) ;
#2357 = CARTESIAN_POINT ( 'NONE',  ( 3.342519925331699504, -2.259055540888097902, -3.411754970810644494 ) ) ;
#2358 = CARTESIAN_POINT ( 'NONE',  ( 3.811028889841740597, -5.575945490499722546, 0.000000000000000000 ) ) ;
#2359 = AXIS2_PLACEMENT_3D ( 'NONE', #1389, #3861, #2128 ) ;
#2360 = B_SPLINE_CURVE_WITH_KNOTS ( 'NONE', 3,
 ( #465, #954, #3925, #1782, #1839, #5131 ),
 .UNSPECIFIED., .F., .F.,
 ( 4, 2, 4 ),
 ( 0.01892560790967963424, 0.02053272367001392901, 0.02213983943034822724 ),
 .UNSPECIFIED. ) ;
#2361 = CARTESIAN_POINT ( 'NONE',  ( 4.558444164967963452, -4.721057995600472346, -1.219289401834273479 ) ) ;
#2362 = CARTESIAN_POINT ( 'NONE',  ( -2.770471766894177623, -5.875848703824470221, 2.770471766894176735 ) ) ;
#2363 = CARTESIAN_POINT ( 'NONE',  ( -5.255826084717135768E-05, -3.848751825667554360, 4.762500652317759986 ) ) ;
#2364 = AXIS2_PLACEMENT_3D ( 'NONE', #5036, #1633, #5091 ) ;
#2365 = CARTESIAN_POINT ( 'NONE',  ( -4.231905275768323094, -2.990060400537380758, 2.087171027169644866 ) ) ;
#2366 = EDGE_CURVE ( 'NONE', #3371, #5150, #5196, .T. ) ;
#2367 = B_SPLINE_CURVE_WITH_KNOTS ( 'NONE', 3,
 ( #1899, #737, #4087, #1999, #662, #3672, #1100, #4445, #1230, #3377, #410, #790, #762, #4991, #3349, #3783, #3755, #2078, #3700, #5047, #871, #5017, #2549, #3293, #1256, #1202, #4112, #2929, #466, #3322, #4167, #4937, #356 ),
 .UNSPECIFIED., .F., .F.,
 ( 4, 2, 2, 2, 2, 2, 2, 2, 1, 2, 2, 2, 2, 2, 2, 2, 4 ),
 ( 0.001295183256200957032, 0.002013297997825149160, 0.002731412739449341071, 0.003449527481073533415, 0.004167642222697724892, 0.004885756964321915502, 0.005603871705946106112, 0.006321986447570297589, 0.007040101189194489066, 0.007758215930818678809, 0.008476330672442871153, 0.009194445414067062630, 0.009912560155691254107, 0.01063067489731544732, 0.01134878963893963880, 0.01206690438056383201, 0.01278501912218802175 ),
 .UNSPECIFIED. ) ;
#2368 = PERSON_AND_ORGANIZATION_ROLE ( 'classification_officer' ) ;
#2369 = CARTESIAN_POINT ( 'NONE',  ( -3.918038746913497850, -5.955223703824469972, 1.622904786874856287 ) ) ;
#2370 = CARTESIAN_POINT ( 'NONE',  ( -4.762337064935096897, -3.042396859336998993, 0.3131633415659228481 ) ) ;
#2371 = CARTESIAN_POINT ( 'NONE',  ( 0.3163321839630346965, -2.566023057691249054, 4.762499538385782216 ) ) ;
#2372 = CARTESIAN_POINT ( 'NONE',  ( -5.500000000000000888, -1.952423112979008613, 1.082391170803077785 ) ) ;
#2373 = CARTESIAN_POINT ( 'NONE',  ( 0.000000000000000000, -2.000000000000000000, 1.734723475976807094E-15 ) ) ;
#2374 = B_SPLINE_CURVE_WITH_KNOTS ( 'NONE', 3,
 ( #2194, #3077, #987, #33 ),
 .UNSPECIFIED., .F., .F.,
 ( 4, 4 ),
 ( 0.01508321105336545703, 0.01608560553513370753 ),
 .UNSPECIFIED. ) ;
#2375 = CARTESIAN_POINT ( 'NONE',  ( -1.532901903220471818, -5.688024055968166515, -4.519716163857417257 ) ) ;
#2376 = ORIENTED_EDGE ( 'NONE', *, *, #3296, .T. ) ;
#2377 = CARTESIAN_POINT ( 'NONE',  ( -7.197320415514368564E-16, -5.949151296175524628, 3.918038746913491632 ) ) ;
#2378 = CARTESIAN_POINT ( 'NONE',  ( -4.762500000000000178, -6.706250000000000711, -5.832380380939270108E-16 ) ) ;
#2379 = CARTESIAN_POINT ( 'NONE',  ( 4.089548093304188114, -5.094275902108400977, 2.354001470478154445 ) ) ;
#2380 = CARTESIAN_POINT ( 'NONE',  ( 4.731780567461247422, -4.775653972762891719, -0.6234009199829857462 ) ) ;
#2381 = DIRECTION ( 'NONE',  ( -0.000000000000000000, 1.000000000000000000, -0.000000000000000000 ) ) ;
#2382 = CARTESIAN_POINT ( 'NONE',  ( 4.234316533795343673, -3.410462466509422530, -2.082527821794095679 ) ) ;
#2383 = CARTESIAN_POINT ( 'NONE',  ( 0.001164548443838723645, -2.765488573721851751, 4.708643258879271265 ) ) ;
#2384 = CARTESIAN_POINT ( 'NONE',  ( -2.770471766894176735, -6.193348703824469226, -2.770471766894177179 ) ) ;
#2385 = CARTESIAN_POINT ( 'NONE',  ( 2.135408446902283153, -2.225817459879965377, -4.211902558580246314 ) ) ;
#2386 = CARTESIAN_POINT ( 'NONE',  ( 2.333582165701389692E-16, -1.448445490499722821, -3.811028889841740597 ) ) ;
#2387 = AXIS2_PLACEMENT_3D ( 'NONE', #480, #5033, #506 ) ;
#2388 =( BOUNDED_CURVE ( )  B_SPLINE_CURVE ( 2, ( #4886, #1124, #3136, #2333, #4011, #2412, #2791, #253, #1926, #710, #4809, #4037, #1046, #4397, #1151, #3651, #2384, #1514, #639, #303, #1977, #2309, #4447, #686, #1565, #5318, #3603, #3241, #4912, #1952, #3987, #229, #1234, #4171, #5051, #4636, #877, #5344, #3383, #4582, #3297, #3268, #3675, #4525, #4089, #3353, #821, #5022, #1592, #2876, #1261, #3326, #2031, #4552, #3703, #442, #4115, #1676, #4940, #793, #2112, #386, #2001, #1178, #1205 ),
 .UNSPECIFIED., .F., .F. ) 
 B_SPLINE_CURVE_WITH_KNOTS ( ( 3, 2, 2, 2, 2, 2, 2, 2, 2, 2, 2, 2, 2, 2, 2, 2, 2, 2, 2, 2, 2, 2, 2, 2, 2, 2, 2, 2, 2, 2, 2, 2, 3 ),
 ( 0.08093955236645089535, 0.09379995317672509825, 0.1172499414709063936, 0.1406999297650876612, 0.1641499180592689289, 0.1875999063534502243, 0.2110498946476315196, 0.2344998829418127873, 0.2579498712359940549, 0.2813998595301753225, 0.3048498478243566456, 0.3282998361185379133, 0.3517498244127191809, 0.3751998127069004485, 0.3986498010010817716, 0.4220997892952630393, 0.4455497775894442514, 0.4689997658836256300, 0.4924497541778068421, 0.5158997424719882208, 0.5393497307661694329, 0.5627997190603506450, 0.5862497073545320792, 0.6096996956487132913, 0.6331496839428946144, 0.6565996722370758265, 0.6800496605312571496, 0.7034996488254384728, 0.7269496371196196849, 0.7503996254138010080, 0.7738496137079822201, 0.7972996020021635433, 0.8109756533461164318 ),
 .UNSPECIFIED. ) 
 CURVE ( )  GEOMETRIC_REPRESENTATION_ITEM ( )  RATIONAL_B_SPLINE_CURVE ( ( 0.9622966683192937243, 0.9582541488085430936, 1.000000000000000000, 0.9238795325112867385, 1.000000000000000000, 0.9238795325112867385, 1.000000000000000000, 0.9238795325112867385, 1.000000000000000000, 0.9238795325112867385, 1.000000000000000000, 0.9238795325112867385, 1.000000000000000000, 0.9238795325112867385, 1.000000000000000000, 0.9238795325112867385, 1.000000000000000000, 0.9238795325112867385, 1.000000000000000000, 0.9238795325112867385, 1.000000000000000000, 0.9238795325112867385, 1.000000000000000000, 0.9238795325112867385, 1.000000000000000000, 0.9238795325112867385, 1.000000000000000000, 0.9238795325112867385, 1.000000000000000000, 0.9238795325112867385, 1.000000000000000000, 0.9238795325112867385, 1.000000000000000000, 0.9238795325112867385, 1.000000000000000000, 0.9238795325112867385, 1.000000000000000000, 0.9238795325112867385, 1.000000000000000000, 0.9238795325112867385, 1.000000000000000000, 0.9238795325112867385, 1.000000000000000000, 0.9238795325112867385, 1.000000000000000000, 0.9238795325112867385, 1.000000000000000000, 0.9238795325112867385, 1.000000000000000000, 0.9238795325112867385, 1.000000000000000000, 0.9238795325112867385, 1.000000000000000000, 0.9238795325112867385, 1.000000000000000000, 0.9238795325112867385, 1.000000000000000000, 0.9238795325112867385, 1.000000000000000000, 0.9238795325112867385, 1.000000000000000000, 0.9238795325112867385, 1.000000000000000000, 0.9556064843768108386, 0.9629936341752720619 ) ) 
 REPRESENTATION_ITEM ( '' )  );
#2389 = CARTESIAN_POINT ( 'NONE',  ( -3.542770158790443435, -4.284699966594837761, -3.116784669625535020 ) ) ;
#2390 = CARTESIAN_POINT ( 'NONE',  ( 3.918038746913496073, -2.938973703824469208, 1.622904786874859839 ) ) ;
#2391 = CARTESIAN_POINT ( 'NONE',  ( -2.904930759990796307, -4.079884651835572917, 3.786769869254111409 ) ) ;
#2392 = AXIS2_PLACEMENT_3D ( 'NONE', #2373, #4436, #1063 ) ;
#2393 = CARTESIAN_POINT ( 'NONE',  ( 0.000000000000000000, -2.000000000000000000, 1.734723475976807094E-15 ) ) ;
#2394 = CARTESIAN_POINT ( 'NONE',  ( 4.637195419498494786, -6.295024937696938494, 0.8792390980098554465 ) ) ;
#2395 = CARTESIAN_POINT ( 'NONE',  ( -2.770471766894176735, -2.383348703824469617, -2.770471766894177179 ) ) ;
#2396 = CARTESIAN_POINT ( 'NONE',  ( -1.232542028847391169, -2.789624081570195369, 4.610694865852553725 ) ) ;
#2397 = EDGE_CURVE ( 'NONE', #3543, #4626, #3806, .T. ) ;
#2398 = CARTESIAN_POINT ( 'NONE',  ( 3.254443948927678409, -2.396364082047480970, 3.406528570048752425 ) ) ;
#2399 = CARTESIAN_POINT ( 'NONE',  ( 4.762731992060793118, -6.156731148961180011, -0.3109840528548278860 ) ) ;
#2400 = CARTESIAN_POINT ( 'NONE',  ( 0.9407971627361477740, -5.980245019643480653, -4.624456106514577947 ) ) ;
#2401 = CARTESIAN_POINT ( 'NONE',  ( -4.229237917254061507, -5.501463044440450645, -2.092785119367272628 ) ) ;
#2402 = ORIENTED_EDGE ( 'NONE', *, *, #1968, .F. ) ;
#2403 = CARTESIAN_POINT ( 'NONE',  ( -0.6517059748423693621, -5.332634709947210006, 4.674560110274855518 ) ) ;
#2404 = ADVANCED_FACE ( 'NONE', ( #4590 ), #3901, .T. ) ;
#2405 = CARTESIAN_POINT ( 'NONE',  ( -1.622904786874859173, -3.488526296175529673, 3.918038746913496073 ) ) ;
#2406 = DIRECTION ( 'NONE',  ( -0.000000000000000000, 1.000000000000000000, -0.000000000000000000 ) ) ;
#2407 = CARTESIAN_POINT ( 'NONE',  ( 2.089771372238349745, -4.548814275877450797, -4.230787079104586290 ) ) ;
#2408 = CARTESIAN_POINT ( 'NONE',  ( -2.248989179385450399, -2.022035162799898700, -4.150961720083961026 ) ) ;
#2409 = CARTESIAN_POINT ( 'NONE',  ( 3.551729751943604629, -3.357266929393077248, -3.106945915595628716 ) ) ;
#2410 = CARTESIAN_POINT ( 'NONE',  ( 4.698927699917824441, -2.428863177410057528, -0.4671174716060388921 ) ) ;
#2411 = CARTESIAN_POINT ( 'NONE',  ( 1.947188410644291479E-16, 6.000000000000007994, -1.590000000000000080 ) ) ;
#2412 = CARTESIAN_POINT ( 'NONE',  ( -1.622904786874859173, -7.066473703824470043, 3.918038746913496073 ) ) ;
#2413 = CARTESIAN_POINT ( 'NONE',  ( 4.322213383702035117, -2.364111152928999093, -1.902187601416568619 ) ) ;
#2414 = CARTESIAN_POINT ( 'NONE',  ( 3.918038746913496961, -8.171651296175530987, 0.000000000000000000 ) ) ;
#2415 = CARTESIAN_POINT ( 'NONE',  ( -4.470082776878176567, -4.072667662825136148, 1.511706565247487033 ) ) ;
#2416 = CARTESIAN_POINT ( 'NONE',  ( 2.399106805171460132E-16, -3.812098703824470025, -3.918038746913496961 ) ) ;
#2417 = CARTESIAN_POINT ( 'NONE',  ( -1.519098201588279906, -4.604651769825439445, -4.467554623053866081 ) ) ;
#2418 = CARTESIAN_POINT ( 'NONE',  ( 5.051259617010075864, -1.658339941539922702, 3.434506861458428428 ) ) ;
#2419 = CARTESIAN_POINT ( 'NONE',  ( 4.709047304129201805, -3.730419000580848632, 0.3041278596793777766 ) ) ;
#2420 = CARTESIAN_POINT ( 'NONE',  ( 0.5011675121190820592, -6.554737386578961100, 4.684687094642200123 ) ) ;
#2422 = CARTESIAN_POINT ( 'NONE',  ( -1.622904786874856953, -2.462723703824470256, -3.918038746913496961 ) ) ;
#2421 =( BOUNDED_SURFACE ( )  B_SPLINE_SURFACE ( 3, 2, ( 
 ( #2228, #148, #3906 ),
 ( #991, #3082, #4754 ),
 ( #1820, #1406, #3494 ),
 ( #4316, #560, #5166 ),
 ( #1572, #5327, #2993 ),
 ( #2420, #2828, #37 ),
 ( #848, #5301, #1547 ),
 ( #2146, #5053, #3687 ),
 ( #4638, #2964, #4612 ),
 ( #4097, #3820, #4045 ),
 ( #1289, #3790, #4921 ),
 ( #445, #3223, #4894 ),
 ( #1133, #2801, #63 ),
 ( #1187, #4480, #4505 ),
 ( #2526, #4230, #719 ),
 ( #1734, #1961, #2011 ),
 ( #3251, #3278, #472 ),
 ( #1159, #5080, #3411 ),
 ( #3634, #878, #1984 ),
 ( #2394, #2115, #311 ),
 ( #4071, #1706, #2555 ),
 ( #3658, #4201, #1320 ),
 ( #747, #3385, #4666 ),
 ( #338, #4949, #5354 ),
 ( #2855, #284, #905 ),
 ( #1602, #2959, #4169 ),
 ( #1728, #1674, #4608 ),
 ( #2166, #3324, #819 ),
 ( #1285, #1258, #3407 ),
 ( #4634, #3815, #5076 ),
 ( #2551, #3786, #469 ),
 ( #4662, #4281, #85 ),
 ( #875, #2080, #900 ),
 ( #4577, #1314, #2580 ),
 ( #5397, #2931, #5019 ),
 ( #4255, #2110, #2522 ),
 ( #1647, #2140, #4993 ),
 ( #4226, #844, #1232 ),
 ( #58, #495, #3017 ),
 ( #2989, #3842, #5105 ),
 ( #4196, #1758, #3435 ),
 ( #2901, #1345, #2494 ),
 ( #4694, #412, #3757 ),
 ( #930, #2609, #4 ),
 ( #523, #3730, #3351 ),
 ( #440, #32, #1700 ),
 ( #3380, #5049, #5134 ),
 ( #222, #3129, #3979 ),
 ( #1480, #957, #3463 ),
 ( #1015, #2277, #1067 ),
 ( #1457, #4801, #986 ),
 ( #2713, #5190, #2663 ),
 ( #608, #2636, #4827 ),
 ( #555, #4340, #5217 ),
 ( #4391, #2736, #2689 ),
 ( #1428, #4311, #5160 ),
 ( #143, #3076, #3104 ),
 ( #1786, #4719, #3871 ),
 ( #1399, #1869, #3544 ),
 ( #3954, #196, #4748 ),
 ( #2252, #4366, #1039 ),
 ( #4413, #1894, #3571 ),
 ( #2222, #632, #585 ),
 ( #2300, #5239, #3155 ),
 ( #2193, #1373, #4778 ),
 ( #115, #3048, #3900 ),
 ( #1815, #3928, #3489 ),
 ( #170, #1843, #3517 ),
 ( #4930, #5362, #246 ),
 ( #4903, #2021, #3666 ),
 ( #3259, #320, #1531 ),
 ( #2403, #3594, #5264 ),
 ( #1506, #3182, #3694 ),
 ( #3231, #1094, #4877 ) ),
 .UNSPECIFIED., .F., .F., .F. ) 
 B_SPLINE_SURFACE_WITH_KNOTS ( ( 4, 2, 2, 2, 2, 2, 2, 2, 2, 2, 2, 2, 2, 2, 2, 2, 2, 2, 2, 2, 2, 2, 2, 2, 2, 2, 2, 2, 2, 2, 2, 2, 2, 2, 2, 2, 4 ),
 ( 3, 3 ),
 ( 0.02219324890923627183, 0.02315488938992162765, 0.02411652987060698694, 0.02459735011094966659, 0.02507817035129234623, 0.02603981083197770552, 0.02700145131266306481, 0.02796309179334842063, 0.02892473227403377645, 0.02988637275471913574, 0.03084801323540449156, 0.03132883347574717120, 0.03180965371608984738, 0.03277129419677520666, 0.03373293467746056595, 0.03469457515814592524, 0.03565621563883128453, 0.03661785611951664382, 0.03757949660020200311, 0.03854113708088736240, 0.03950277756157272169, 0.04046441804225808098, 0.04142605852294344027, 0.04238769900362879955, 0.04286851924397147573, 0.04334933948431415884, 0.04431097996499951119, 0.04527262044568487048, 0.04623426092637022977, 0.04719590140705558212, 0.04815754188774094141, 0.04911918236842630070, 0.04960000260876898381, 0.05008082284911165999, 0.05104246332979701928, 0.05200410381048237857, 0.05296574429116773786 ),
 ( 0.000000000000000000, 1.000000000000000000 ),
 .UNSPECIFIED. ) 
 GEOMETRIC_REPRESENTATION_ITEM ( )  RATIONAL_B_SPLINE_SURFACE ( (
 ( 1.000000000000000000, 0.8547995948478968042, 1.000000000000000000),
 ( 1.000000000000000000, 0.8548003871345953852, 1.000000000000000000),
 ( 1.000000000000000000, 0.8548027623849411283, 1.000000000000000000),
 ( 1.000000000000000000, 0.8548104646425359610, 1.000000000000000000),
 ( 1.000000000000000000, 0.8548150786485464447, 1.000000000000000000),
 ( 1.000000000000000000, 0.8548081480441427349, 1.000000000000000000),
 ( 1.000000000000000000, 0.8548061549618677368, 1.000000000000000000),
 ( 1.000000000000000000, 0.8548028808090555319, 1.000000000000000000),
 ( 1.000000000000000000, 0.8548016009169356888, 1.000000000000000000),
 ( 1.000000000000000000, 0.8547989879693926873, 1.000000000000000000),
 ( 1.000000000000000000, 0.8547988362271781160, 1.000000000000000000),
 ( 1.000000000000000000, 0.8548017147602384735, 1.000000000000000000),
 ( 1.000000000000000000, 0.8548047956029707350, 1.000000000000000000),
 ( 1.000000000000000000, 0.8548135399805900647, 1.000000000000000000),
 ( 1.000000000000000000, 0.8548118864010371132, 1.000000000000000000),
 ( 1.000000000000000000, 0.8548036243308970716, 1.000000000000000000),
 ( 1.000000000000000000, 0.8548009576736631532, 1.000000000000000000),
 ( 1.000000000000000000, 0.8547987710744161527, 1.000000000000000000),
 ( 1.000000000000000000, 0.8547992909560589991, 1.000000000000000000),
 ( 1.000000000000000000, 0.8548034708801440784, 1.000000000000000000),
 ( 1.000000000000000000, 0.8548070850606803717, 1.000000000000000000),
 ( 1.000000000000000000, 0.8548144698236378458, 1.000000000000000000),
 ( 1.000000000000000000, 0.8548141346631220605, 1.000000000000000000),
 ( 1.000000000000000000, 0.8548092617738721755, 1.000000000000000000),
 ( 1.000000000000000000, 0.8548071550923886930, 1.000000000000000000),
 ( 1.000000000000000000, 0.8548019037268057563, 1.000000000000000000),
 ( 1.000000000000000000, 0.8547998247519695836, 1.000000000000000000),
 ( 1.000000000000000000, 0.8547989499617248965, 1.000000000000000000),
 ( 1.000000000000000000, 0.8548001400069691336, 1.000000000000000000),
 ( 1.000000000000000000, 0.8548055464481796317, 1.000000000000000000),
 ( 1.000000000000000000, 0.8548098376385530051, 1.000000000000000000),
 ( 1.000000000000000000, 0.8548206351020110061, 1.000000000000000000),
 ( 1.000000000000000000, 0.8548063655018677265, 1.000000000000000000),
 ( 1.000000000000000000, 0.8548004967380159469, 1.000000000000000000),
 ( 1.000000000000000000, 0.8547991013099590640, 1.000000000000000000),
 ( 1.000000000000000000, 0.8547995424513562535, 1.000000000000000000),
 ( 1.000000000000000000, 0.8548013871542701203, 1.000000000000000000),
 ( 1.000000000000000000, 0.8548080785626990252, 1.000000000000000000),
 ( 1.000000000000000000, 0.8548180258377620078, 1.000000000000000000),
 ( 1.000000000000000000, 0.8548078482819290169, 1.000000000000000000),
 ( 1.000000000000000000, 0.8548040594659713776, 1.000000000000000000),
 ( 1.000000000000000000, 0.8547995065361275735, 1.000000000000000000),
 ( 1.000000000000000000, 0.8547987809981520968, 1.000000000000000000),
 ( 1.000000000000000000, 0.8548005811707781731, 1.000000000000000000),
 ( 1.000000000000000000, 0.8548030607979747453, 1.000000000000000000),
 ( 1.000000000000000000, 0.8548109546709522499, 1.000000000000000000),
 ( 1.000000000000000000, 0.8548145244714440150, 1.000000000000000000),
 ( 1.000000000000000000, 0.8548077247365973852, 1.000000000000000000),
 ( 1.000000000000000000, 0.8548057784676286186, 1.000000000000000000),
 ( 1.000000000000000000, 0.8548026032502928917, 1.000000000000000000),
 ( 1.000000000000000000, 0.8548013761340290673, 1.000000000000000000),
 ( 1.000000000000000000, 0.8547989232001751425, 1.000000000000000000),
 ( 1.000000000000000000, 0.8547988810475145582, 1.000000000000000000),
 ( 1.000000000000000000, 0.8548019734290638327, 1.000000000000000000),
 ( 1.000000000000000000, 0.8548051573639049439, 1.000000000000000000),
 ( 1.000000000000000000, 0.8548140790460091454, 1.000000000000000000),
 ( 1.000000000000000000, 0.8548113794631467810, 1.000000000000000000),
 ( 1.000000000000000000, 0.8548033071745505529, 1.000000000000000000),
 ( 1.000000000000000000, 0.8548007443874527933, 1.000000000000000000),
 ( 1.000000000000000000, 0.8547987723542940230, 1.000000000000000000),
 ( 1.000000000000000000, 0.8547994046164597570, 1.000000000000000000),
 ( 1.000000000000000000, 0.8548037929314455940, 1.000000000000000000),
 ( 1.000000000000000000, 0.8548075040993555751, 1.000000000000000000),
 ( 1.000000000000000000, 0.8548150159889624788, 1.000000000000000000),
 ( 1.000000000000000000, 0.8548136013846167058, 1.000000000000000000),
 ( 1.000000000000000000, 0.8548088149096016997, 1.000000000000000000),
 ( 1.000000000000000000, 0.8548067543981929806, 1.000000000000000000),
 ( 1.000000000000000000, 0.8548016484730093234, 1.000000000000000000),
 ( 1.000000000000000000, 0.8547996765720480283, 1.000000000000000000),
 ( 1.000000000000000000, 0.8547990207098725701, 1.000000000000000000),
 ( 1.000000000000000000, 0.8548003189682285008, 1.000000000000000000),
 ( 1.000000000000000000, 0.8548059285080804592, 1.000000000000000000),
 ( 1.000000000000000000, 0.8548103327835314680, 1.000000000000000000),
 ( 1.000000000000000000, 0.8548157484955273278, 1.000000000000000000) ) ) 
 REPRESENTATION_ITEM ( '' )  SURFACE ( )  );
#2423 = CARTESIAN_POINT ( 'NONE',  ( -4.518281761804716190, -2.989081065940209836, 1.537120786245055770 ) ) ;
#2424 = CARTESIAN_POINT ( 'NONE',  ( 1.251551415228387087, -2.525780516500087280, 4.605863486215363345 ) ) ;
#2425 = CARTESIAN_POINT ( 'NONE',  ( -2.749999999999998224, -2.000000000000000000, 4.763139720814413280 ) ) ;
#2426 = CARTESIAN_POINT ( 'NONE',  ( -1.249004079459004268, -5.887051050782094563, -4.551045434389226152 ) ) ;
#2427 = CC_DESIGN_PERSON_AND_ORGANIZATION_ASSIGNMENT ( #1004, #2317, ( #4613 ) ) ;
#2428 = CARTESIAN_POINT ( 'NONE',  ( 0.002507410479071003635, -5.179404760035468236, 4.762499339936194787 ) ) ;
#2429 = VERTEX_POINT ( 'NONE', #5406 ) ;
#2430 = CARTESIAN_POINT ( 'NONE',  ( 5.964575746760461595E-16, -2.000000000000000000, 6.350852961085882598 ) ) ;
#2431 = CARTESIAN_POINT ( 'NONE',  ( 3.918038746913496961, -1.821651296175530010, 0.000000000000000000 ) ) ;
#2432 = CARTESIAN_POINT ( 'NONE',  ( -1.967849634174884343, -2.343495023757445228, 3.625107481688587541 ) ) ;
#2433 = CARTESIAN_POINT ( 'NONE',  ( 4.131697581828020382, -4.755382293740776589, -2.388891317813182980 ) ) ;
#2434 = DIRECTION ( 'NONE',  ( 0.8660254037844385966, 0.000000000000000000, -0.4999999999999999445 ) ) ;
#2435 = CARTESIAN_POINT ( 'NONE',  ( -4.278180583903151479, -2.989446222975987055, -2.115585084588581744 ) ) ;
#2436 = ADVANCED_FACE ( 'NONE', ( #2504 ), #1325, .F. ) ;
#2437 = CARTESIAN_POINT ( 'NONE',  ( 3.587648414850585166, -6.217476889370580295, 3.147502758808681911 ) ) ;
#2438 = ORIENTED_EDGE ( 'NONE', *, *, #2173, .F. ) ;
#2439 = CARTESIAN_POINT ( 'NONE',  ( -2.460588125635679191, -6.472436055997706994, 4.021372064101717214 ) ) ;
#2440 = DIRECTION ( 'NONE',  ( 0.9991561548023054629, 0.04106964981140635851, -0.0005120400766214205359 ) ) ;
#2441 = CARTESIAN_POINT ( 'NONE',  ( 2.432383704525086454, -2.568000328737551019, 4.110841137220083930 ) ) ;
#2442 = CARTESIAN_POINT ( 'NONE',  ( 1.578579852768129177, -1.527820490499723460, -3.811028889841741041 ) ) ;
#2443 = B_SPLINE_CURVE_WITH_KNOTS ( 'NONE', 3,
 ( #5000, #1237, #2118, #3762, #1209, #5029, #11, #1626, #5376, #1680, #3330, #1265, #1708, #1292, #2966, #2006, #40, #2909, #5057, #2937, #850, #2528, #4203, #1652, #1597, #4944, #2035, #1182, #2061, #448, #4092, #4148, #3793, #2879 ),
 .UNSPECIFIED., .F., .F.,
 ( 4, 2, 2, 2, 2, 2, 2, 2, 2, 2, 2, 2, 2, 2, 2, 2, 4 ),
 ( 2.503807138307542330E-06, 0.0009450480100275039826, 0.001887592212916700549, 0.002830136415805896248, 0.003772680618695091730, 0.004715224821584288947, 0.005657769024473484863, 0.006600313227362681646, 0.007542857430251877562, 0.008485401633141074346, 0.009427945836030271129, 0.01037049003891946791, 0.01131303424180866643, 0.01225557844469786495, 0.01319812264758706173, 0.01414066685047626025, 0.01508321105336545703 ),
 .UNSPECIFIED. ) ;
#2444 = DIRECTION ( 'NONE',  ( -0.000000000000000000, 1.000000000000000000, -0.000000000000000000 ) ) ;
#2445 = CARTESIAN_POINT ( 'NONE',  ( 5.500000000000000000, -1.658102458799816548, -2.658088383054392434 ) ) ;
#2446 = CARTESIAN_POINT ( 'NONE',  ( 4.520898430123866163, -5.025587066885203846, 1.529940125802956574 ) ) ;
#2447 = CARTESIAN_POINT ( 'NONE',  ( -2.114008102274593792, -4.039851148434967953, 4.278996326917940074 ) ) ;
#2448 = DIRECTION ( 'NONE',  ( 0.000000000000000000, 1.000000000000000000, 0.000000000000000000 ) ) ;
#2449 = AXIS2_PLACEMENT_3D ( 'NONE', #4163, #2406, #1641 ) ;
#2450 = CARTESIAN_POINT ( 'NONE',  ( 2.694804371304934332, -6.884054509500276531, 2.694804371304935664 ) ) ;
#2451 = CARTESIAN_POINT ( 'NONE',  ( -0.3100422188984907068, -3.299266111839776361, -4.762554974481983727 ) ) ;
#2452 = AXIS2_PLACEMENT_3D ( 'NONE', #807, #22, #2948 ) ;
#2453 = CARTESIAN_POINT ( 'NONE',  ( 4.762500000000000178, -3.689999999999999503, 0.000000000000000000 ) ) ;
#2454 = CARTESIAN_POINT ( 'NONE',  ( 2.905494163901187310, -6.353562378228724050, 3.786498151076251872 ) ) ;
#2455 = DIRECTION ( 'NONE',  ( -0.000000000000000000, 1.000000000000000000, -0.000000000000000000 ) ) ;
#2456 = DIRECTION ( 'NONE',  ( 0.000000000000000000, 0.000000000000000000, -1.000000000000000000 ) ) ;
#2457 = ORIENTED_EDGE ( 'NONE', *, *, #795, .F. ) ;
#2458 = CARTESIAN_POINT ( 'NONE',  ( -3.918038746913490744, -3.806026296175526902, -1.622904786874855176 ) ) ;
#2459 = CARTESIAN_POINT ( 'NONE',  ( -1.622904786874856953, -2.694776296175530383, -3.918038746913496961 ) ) ;
#2460 = CARTESIAN_POINT ( 'NONE',  ( -0.001230575016566556315, -3.820764113462334688, 4.708643241721738093 ) ) ;
#2461 = CARTESIAN_POINT ( 'NONE',  ( -3.146460193554552642, -4.398339851381713572, -3.588536148014556115 ) ) ;
#2462 = CARTESIAN_POINT ( 'NONE',  ( -0.6176405744949957644, -6.601359527458798837, 4.667956214489424660 ) ) ;
#2463 = CARTESIAN_POINT ( 'NONE',  ( -4.557048874690455165, -2.920590996909177228, -1.224265658262029710 ) ) ;
#2464 = CARTESIAN_POINT ( 'NONE',  ( 0.6156647251088862571, -6.335144898778338529, 4.678282699840282888 ) ) ;
#2465 = ORIENTED_EDGE ( 'NONE', *, *, #4479, .T. ) ;
#2466 = CARTESIAN_POINT ( 'NONE',  ( -0.9508365254393207344, -6.428206240441371122, 4.690628703629780460 ) ) ;
#2467 = ADVANCED_FACE ( 'NONE', ( #4207 ), #4177, .F. ) ;
#2468 = CARTESIAN_POINT ( 'NONE',  ( 3.640824065784404159E-16, 3.196031326221387303, 2.695916926119902080 ) ) ;
#2469 = CARTESIAN_POINT ( 'NONE',  ( 1.775329581510434407, -2.599828691274826742, 4.434378222311903706 ) ) ;
#2470 = ORIENTED_EDGE ( 'NONE', *, *, #2802, .T. ) ;
#2471 = CARTESIAN_POINT ( 'NONE',  ( -2.770471766894176735, -7.695401296175530703, -2.770471766894177179 ) ) ;
#2472 = CARTESIAN_POINT ( 'NONE',  ( -0.001627092891971818360, -5.216809814890210895, 4.762499791546353833 ) ) ;
#2473 = CARTESIAN_POINT ( 'NONE',  ( -2.209902559482560314, -6.547499999999991438, 4.218736413618707992 ) ) ;
#2474 = CARTESIAN_POINT ( 'NONE',  ( 2.111491953907138619, -5.123731739787642958, 4.280098242604426950 ) ) ;
#2475 = CARTESIAN_POINT ( 'NONE',  ( -1.233170494907410042, -3.222368159158385037, -4.610693219742359794 ) ) ;
#2476 = CARTESIAN_POINT ( 'NONE',  ( 3.748837481473810129, -3.850841122703180019, 2.865652076227235945 ) ) ;
#2477 = VECTOR ( 'NONE', #3310, 1000.000000000000000 ) ;
#2478 = CARTESIAN_POINT ( 'NONE',  ( 2.399106805171460132E-16, -2.542098703824469563, -3.918038746913496961 ) ) ;
#2479 = CARTESIAN_POINT ( 'NONE',  ( 0.3093006911607745768, -3.384947362027475926, -4.762608079382413706 ) ) ;
#2480 = CARTESIAN_POINT ( 'NONE',  ( 2.916190190469635054E-16, -5.912499999999999645, -4.762500000000000178 ) ) ;
#2481 = CARTESIAN_POINT ( 'NONE',  ( 3.589578731188692196, -6.023135282489870512, -3.145295671277070326 ) ) ;
#2482 = CARTESIAN_POINT ( 'NONE',  ( 3.395019525554824114, -6.413584790878105402, 3.277980843431838487 ) ) ;
#2483 = CARTESIAN_POINT ( 'NONE',  ( -3.789470794854215896, -5.364053726957576984, 2.901368773095374110 ) ) ;
#2484 = ORIENTED_EDGE ( 'NONE', *, *, #2578, .T. ) ;
#2485 = CARTESIAN_POINT ( 'NONE',  ( 2.399106805171456188E-16, -2.774151296175527470, -3.918038746913491632 ) ) ;
#2486 = CARTESIAN_POINT ( 'NONE',  ( 4.762499999999999289, -4.880625000000000213, 1.972692090801868581 ) ) ;
#2487 = DIRECTION ( 'NONE',  ( 0.000000000000000000, 0.000000000000000000, 1.000000000000000000 ) ) ;
#2488 = AXIS2_PLACEMENT_3D ( 'NONE', #4503, #4124, #4069 ) ;
#2489 = CARTESIAN_POINT ( 'NONE',  ( 4.086936586555524720, -4.666747967027276012, -2.358476316594228184 ) ) ;
#2490 = CARTESIAN_POINT ( 'NONE',  ( -2.263681474587746933, -2.028638692442175095, -4.128803975060819198 ) ) ;
#2491 = CARTESIAN_POINT ( 'NONE',  ( 0.6283332519045792264, -3.239555102754128058, -4.731105983842962104 ) ) ;
#2492 = CARTESIAN_POINT ( 'NONE',  ( 2.111693804023150989, -6.295742351362627609, 4.280140944327340158 ) ) ;
#2493 = ORIENTED_EDGE ( 'NONE', *, *, #3045, .T. ) ;
#2494 = CARTESIAN_POINT ( 'NONE',  ( -1.462827380174817726, -5.789232610107999832, -4.544126335375834991 ) ) ;
#2495 = CARTESIAN_POINT ( 'NONE',  ( 2.516616041062793574, -2.000000000000001776, -4.897884012331349624 ) ) ;
#2496 = CARTESIAN_POINT ( 'NONE',  ( -0.1114719001553588773, -2.000000000000000000, -4.761195255970474882 ) ) ;
#2497 = CARTESIAN_POINT ( 'NONE',  ( 3.955154963234663867, -2.565740014448746109, 2.580034845038095437 ) ) ;
#2498 = VERTEX_POINT ( 'NONE', #4236 ) ;
#2499 = CARTESIAN_POINT ( 'NONE',  ( 2.770471766894177179, -6.742901296175530135, -2.770471766894176735 ) ) ;
#2500 = ORIENTED_EDGE ( 'NONE', *, *, #3848, .T. ) ;
#2501 = CARTESIAN_POINT ( 'NONE',  ( 0.000000000000000000, -2.000000000000000000, 1.734723475976807094E-15 ) ) ;
#2502 = CARTESIAN_POINT ( 'NONE',  ( 0.000000000000000000, -7.500000000000000000, 0.000000000000000000 ) ) ;
#2503 = CARTESIAN_POINT ( 'NONE',  ( 4.559946283540628365, -5.039924412912391460, 1.213336585000524881 ) ) ;
#2504 = FACE_OUTER_BOUND ( 'NONE', #3960, .T. ) ;
#2505 = CARTESIAN_POINT ( 'NONE',  ( 0.000000000000000000, -7.500000000000000000, 4.762500000000000178 ) ) ;
#2506 = B_SPLINE_CURVE_WITH_KNOTS ( 'NONE', 3,
 ( #2288, #691, #3990, #4837, #1128, #3580, #3606, #1519 ),
 .UNSPECIFIED., .F., .F.,
 ( 4, 2, 2, 4 ),
 ( 0.003213249942171108112, 0.004013500389788017542, 0.004813750837404927839, 0.006414251732638747566 ),
 .UNSPECIFIED. ) ;
#2507 = EDGE_CURVE ( 'NONE', #3311, #2963, #616, .T. ) ;
#2508 = CARTESIAN_POINT ( 'NONE',  ( 3.918038746913496961, -4.050223703824469723, -1.622904786874857175 ) ) ;
#2509 = CARTESIAN_POINT ( 'NONE',  ( -1.535223152924403811, -3.306670811743882332, -4.519085218439811591 ) ) ;
#2510 = CARTESIAN_POINT ( 'NONE',  ( -3.367596045400932603, -4.483749999999999680, -3.367596045400933047 ) ) ;
#2511 = CARTESIAN_POINT ( 'NONE',  ( 2.384685470297819077, -6.380311036114141743, 4.134336681055161833 ) ) ;
#2512 = CARTESIAN_POINT ( 'NONE',  ( 1.100447889073316476, -6.528600846136376035, 4.580956477229340074 ) ) ;
#2513 = CARTESIAN_POINT ( 'NONE',  ( 0.000000000000000000, 1.473854929042390127, 1.734723475976807094E-15 ) ) ;
#2514 = ORIENTED_EDGE ( 'NONE', *, *, #2237, .F. ) ;
#2515 = CARTESIAN_POINT ( 'NONE',  ( -3.918038746913491632, -3.726651296175528039, -4.798213610342912376E-16 ) ) ;
#2516 = CARTESIAN_POINT ( 'NONE',  ( -3.720817808770645385, -1.771010477969900077, -3.380977495247461384 ) ) ;
#2517 = CARTESIAN_POINT ( 'NONE',  ( -1.534937259856271163, -4.073317077990202151, 4.519161913568428446 ) ) ;
#2518 = CARTESIAN_POINT ( 'NONE',  ( 4.281595450748670650, -4.992099443459286690, 2.108829495781346264 ) ) ;
#2519 = CARTESIAN_POINT ( 'NONE',  ( -1.535434019306613163, -3.208676530677953664, -4.518855832578458909 ) ) ;
#2520 = CARTESIAN_POINT ( 'NONE',  ( 1.232542027301110732, -6.336625918498387300, 4.610694866221663801 ) ) ;
#2521 = VERTEX_POINT ( 'NONE', #2203 ) ;
#2522 = CARTESIAN_POINT ( 'NONE',  ( 1.459401685459794651, -5.914075890195119811, -4.545162846586799255 ) ) ;
#2523 = CARTESIAN_POINT ( 'NONE',  ( -1.834766665185042278, -6.441547508042278380, 4.342830571678390150 ) ) ;
#2524 = CARTESIAN_POINT ( 'NONE',  ( 0.002389402829854076621, -3.909407446549927556, 4.662499387748391122 ) ) ;
#2525 = CARTESIAN_POINT ( 'NONE',  ( 1.434210188872637293, -2.615580078234134298, 4.555885999914790929 ) ) ;
#2526 = CARTESIAN_POINT ( 'NONE',  ( 3.485579264215303397, -6.408180940840327189, 3.182700647811019579 ) ) ;
#2527 = CARTESIAN_POINT ( 'NONE',  ( 1.622904786874857175, -1.583526296175530534, -3.918038746913496961 ) ) ;
#2528 = CARTESIAN_POINT ( 'NONE',  ( 4.279843976257446059, -2.266206589315517217, -2.112011726189094496 ) ) ;
#2529 = CARTESIAN_POINT ( 'NONE',  ( 5.905857078482122577E-16, -1.508759813876278555, 6.350852961085882598 ) ) ;
#2530 = CARTESIAN_POINT ( 'NONE',  ( 4.278169830037020560, -4.866802734610876868, -2.115606537083507099 ) ) ;
#2531 = CARTESIAN_POINT ( 'NONE',  ( 0.000000000000000000, 3.499999999999999556, 2.941287793933206948E-15 ) ) ;
#2532 = CARTESIAN_POINT ( 'NONE',  ( 1.232480152068954116, -3.796628684630197093, 4.610711454070292703 ) ) ;
#2533 = CARTESIAN_POINT ( 'NONE',  ( -1.578579852768128955, -6.328429509500277383, -3.811028889841741041 ) ) ;
#2534 = CARTESIAN_POINT ( 'NONE',  ( -1.238341009048108399, -3.320118251532754083, -4.609195065767053734 ) ) ;
#2535 = FACE_OUTER_BOUND ( 'NONE', #5415, .T. ) ;
#2536 = ADVANCED_FACE ( 'NONE', ( #4291 ), #536, .T. ) ;
#2537 = DIRECTION ( 'NONE',  ( 0.000000000000000000, 0.000000000000000000, 1.000000000000000000 ) ) ;
#2538 = AXIS2_PLACEMENT_3D ( 'NONE', #5311, #1198, #3345 ) ;
#2539 = CARTESIAN_POINT ( 'NONE',  ( 4.035939531548682346, -7.107636207840569043, 1.203076313364539907 ) ) ;
#2540 = CARTESIAN_POINT ( 'NONE',  ( -2.908972132828629764, -5.312873001473101375, 3.783769400035998931 ) ) ;
#2541 = ORIENTED_EDGE ( 'NONE', *, *, #1327, .F. ) ;
#2542 = AXIS2_PLACEMENT_3D ( 'NONE', #2761, #1582, #1195 ) ;
#2543 = CARTESIAN_POINT ( 'NONE',  ( 0.000000000000000000, 4.067719139822252750, -8.743105441705635528 ) ) ;
#2544 = CYLINDRICAL_SURFACE ( 'NONE', #447, 4.762500000000000178 ) ;
#2545 = CARTESIAN_POINT ( 'NONE',  ( -4.708401146720431640, -4.340382257721283388, 0.3108462804777709088 ) ) ;
#2546 = CARTESIAN_POINT ( 'NONE',  ( 3.145918347934009596, -5.960634853848328696, -3.589336576172706739 ) ) ;
#2547 = CARTESIAN_POINT ( 'NONE',  ( 2.388238419196540452, -3.381119756545757582, -4.132065102200741968 ) ) ;
#2548 = CIRCLE ( 'NONE', #1671, 1.589999999999999858 ) ;
#2549 = CARTESIAN_POINT ( 'NONE',  ( 3.088139415941166366, -2.212329291532299624, 3.091772282047569043 ) ) ;
#2550 = EDGE_LOOP ( 'NONE', ( #4315, #4188, #3181, #1180, #76, #205 ) ) ;
#2551 = CARTESIAN_POINT ( 'NONE',  ( 3.579452565440427669, -6.113804101553218295, -3.076329593572365795 ) ) ;
#2552 = DIRECTION ( 'NONE',  ( -0.000000000000000000, 1.000000000000000000, -0.000000000000000000 ) ) ;
#2553 = CARTESIAN_POINT ( 'NONE',  ( -3.790691657800190573, -4.094138464408661804, 2.899768960473728008 ) ) ;
#2554 = CARTESIAN_POINT ( 'NONE',  ( -1.818433730567823092, 0.4173102238648557227, 5.300979757239054457 ) ) ;
#2555 = CARTESIAN_POINT ( 'NONE',  ( 4.739724898901727990, -6.192550621405781719, 0.5699597337642077211 ) ) ;
#2556 = CARTESIAN_POINT ( 'NONE',  ( -7.197320415514379411E-16, -3.409151296175530366, 3.918038746913496961 ) ) ;
#2557 = ORIENTED_EDGE ( 'NONE', *, *, #1774, .F. ) ;
#2558 = CARTESIAN_POINT ( 'NONE',  ( -3.918038746913497850, -6.187276296175530987, 1.622904786874856287 ) ) ;
#2559 = DIRECTION ( 'NONE',  ( 0.000000000000000000, 0.000000000000000000, 1.000000000000000000 ) ) ;
#2560 = CARTESIAN_POINT ( 'NONE',  ( 3.150483795068717896, -5.131118920874542688, 3.585061179561427114 ) ) ;
#2561 = CARTESIAN_POINT ( 'NONE',  ( 2.110722799887503331, -4.637478294639590715, -4.280639726345524032 ) ) ;
#2562 = DIRECTION ( 'NONE',  ( -0.04106941752431888387, 0.9991562955535100432, 0.000000000000000000 ) ) ;
#2563 = CARTESIAN_POINT ( 'NONE',  ( -1.578579852768128955, -5.058429509500276922, -3.811028889841741041 ) ) ;
#2564 = CARTESIAN_POINT ( 'NONE',  ( -3.786705216662972884, -3.127385509308863831, -2.904925237550940231 ) ) ;
#2565 = CARTESIAN_POINT ( 'NONE',  ( 4.762500000000000178, -6.150624999999998899, -1.972692090801865472 ) ) ;
#2566 = CARTESIAN_POINT ( 'NONE',  ( -4.708230350430175015, -2.881099635902187206, -0.3164739580448282519 ) ) ;
#2567 = FACE_OUTER_BOUND ( 'NONE', #4310, .T. ) ;
#2568 = CARTESIAN_POINT ( 'NONE',  ( 2.390975168698735054, -2.532777818844752726, 4.130460699035492844 ) ) ;
#2569 = ADVANCED_FACE ( 'NONE', ( #968 ), #2987, .T. ) ;
#2570 = ORIENTED_EDGE ( 'NONE', *, *, #754, .F. ) ;
#2571 = AXIS2_PLACEMENT_3D ( 'NONE', #4765, #1003, #1054 ) ;
#2572 = CARTESIAN_POINT ( 'NONE',  ( -2.770471766894172738, -3.885401296175527097, -2.770471766894173182 ) ) ;
#2573 = CARTESIAN_POINT ( 'NONE',  ( -3.367596045400932603, -4.325000000000001066, -3.367596045400933047 ) ) ;
#2574 = CARTESIAN_POINT ( 'NONE',  ( -4.731780566068212401, -4.350596027662786192, -0.6234009299810295834 ) ) ;
#2575 = CARTESIAN_POINT ( 'NONE',  ( 3.590227041523196938, -5.985930758586498257, -3.144902081024885554 ) ) ;
#2576 = CARTESIAN_POINT ( 'NONE',  ( 1.542317778174915211E-05, -2.578749090304989888, 4.762500652575096360 ) ) ;
#2577 = CARTESIAN_POINT ( 'NONE',  ( 4.231774698797094558, -6.136202575395344638, 2.087435777996980768 ) ) ;
#2578 = EDGE_CURVE ( 'NONE', #2242, #5150, #738, .T. ) ;
#2579 = EDGE_LOOP ( 'NONE', ( #3071, #3516, #4160, #2004 ) ) ;
#2580 = CARTESIAN_POINT ( 'NONE',  ( 2.360390820226311970, -5.956922722678799964, -4.149578210966327063 ) ) ;
#2581 = CIRCLE ( 'NONE', #3464, 0.7500000000000001110 ) ;
#2582 = CARTESIAN_POINT ( 'NONE',  ( -4.135412901396144036, -5.390700935772093416, 2.382511996583839498 ) ) ;
#2583 = DIRECTION ( 'NONE',  ( 0.000000000000000000, 0.000000000000000000, 1.000000000000000000 ) ) ;
#2584 = CARTESIAN_POINT ( 'NONE',  ( 0.000000000000000000, 6.000000000000007994, -1.331803394072746708E-15 ) ) ;
#2585 = CARTESIAN_POINT ( 'NONE',  ( -0.5246462672618235068, -6.591567036243413114, 4.689234070087779926 ) ) ;
#2586 = CARTESIAN_POINT ( 'NONE',  ( -2.770471766894177623, -4.837901296175530774, 2.770471766894176735 ) ) ;
#2587 = CARTESIAN_POINT ( 'NONE',  ( 1.622904786874857175, -6.663526296175530383, -3.918038746913496961 ) ) ;
#2588 = CARTESIAN_POINT ( 'NONE',  ( -3.550225720132560436, -5.262184786384301205, 3.108341473774942187 ) ) ;
#2589 = CARTESIAN_POINT ( 'NONE',  ( 4.281595253595951611, -3.722099462916744539, 2.108829897665035702 ) ) ;
#2590 = CARTESIAN_POINT ( 'NONE',  ( 2.904595782603697440, -4.677644020463763930, -3.786945505908157372 ) ) ;
#2591 = CARTESIAN_POINT ( 'NONE',  ( 0.000000000000000000, 7.000000000000000000, 2.559369445152664025E-15 ) ) ;
#2592 = CARTESIAN_POINT ( 'NONE',  ( -3.811028889841741041, -2.359679509500276939, -1.578579852768129621 ) ) ;
#2593 = CARTESIAN_POINT ( 'NONE',  ( 3.550292480189197519, -3.864061383285268825, 3.108274996478629593 ) ) ;
#2594 = CARTESIAN_POINT ( 'NONE',  ( -7.197320415514379411E-16, -6.987098703824469403, 3.918038746913496961 ) ) ;
#2595 = CARTESIAN_POINT ( 'NONE',  ( 1.535251394154872440, -4.549580485031649246, -4.519075592247472350 ) ) ;
#2596 = CARTESIAN_POINT ( 'NONE',  ( -0.001230575016566556315, -3.820764113462334688, 4.708643241721738093 ) ) ;
#2597 = MECHANICAL_CONTEXT ( 'NONE', #3170, 'mechanical' ) ;
#2598 = CARTESIAN_POINT ( 'NONE',  ( 1.239434590018595683, -2.587085459735196213, 4.608852568500913627 ) ) ;
#2599 = VERTEX_POINT ( 'NONE', #2411 ) ;
#2600 = DIRECTION ( 'NONE',  ( -0.4999999999999997224, 0.000000000000000000, 0.8660254037844388186 ) ) ;
#2601 = CARTESIAN_POINT ( 'NONE',  ( -4.762500000000000178, -2.896250000000000213, -5.832380380939270108E-16 ) ) ;
#2602 = CARTESIAN_POINT ( 'NONE',  ( -4.231769497939459335, -4.260046911914635359, 2.087446221255317091 ) ) ;
#2603 = CARTESIAN_POINT ( 'NONE',  ( 2.282185778941306253, 0.4622438190342497144, -5.033232387273383956 ) ) ;
#2604 = CC_DESIGN_PERSON_AND_ORGANIZATION_ASSIGNMENT ( #694, #4429, ( #2224 ) ) ;
#2605 = CARTESIAN_POINT ( 'NONE',  ( -3.791070417414306171, -2.763401053662259077, 2.899283142179763129 ) ) ;
#2606 = CARTESIAN_POINT ( 'NONE',  ( 4.086925609778282009, -5.936747004533528660, -2.358495420587913838 ) ) ;
#2607 =( BOUNDED_CURVE ( )  B_SPLINE_CURVE ( 2, ( #679, #2784, #4439, #4514, #2865, #349, #2326, #3643, #2349, #756, #3207, #4028, #4004, #1917, #1992, #269, #3618, #1944, #4463, #703, #2377, #4054, #295, #1970, #5309, #1556, #730, #4081, #4627, #77, #5097, #1338, #377, #3835, #5041, #3428, #2950, #1277, #4601, #4985, #4542, #4133, #2048, #404, #3722, #432, #2572, #2458, #2515, #1692, #2073, #3778, #892, #2159, #3750, #1750, #4654, #837, #5389, #51, #2485, #1639, #783, #3372, #864, #3315, #1222 ),
 .UNSPECIFIED., .F., .F. ) 
 B_SPLINE_CURVE_WITH_KNOTS ( ( 3, 2, 2, 2, 2, 2, 2, 2, 2, 2, 2, 2, 2, 2, 2, 2, 2, 2, 2, 2, 2, 2, 2, 2, 2, 2, 2, 2, 2, 2, 2, 2, 2, 3 ),
 ( 0.1150480930645720601, 0.1172499479667522132, 0.1406999375601014901, 0.1641499271534507809, 0.1875999167468000439, 0.2110499063401493347, 0.2344998959334986255, 0.2579498855268478330, 0.2813998751201972071, 0.3048498647135464701, 0.3282998543068957886, 0.3517498439002450517, 0.3751998334935943147, 0.3986498230869436332, 0.4220998126802929518, 0.4455498022736421593, 0.4689997918669914778, 0.4924497814603407964, 0.5158997710536900039, 0.5393497606470393224, 0.5627997502403885299, 0.5862497398337378485, 0.6096997294270871670, 0.6331497190204364856, 0.6565997086137858041, 0.6800496982071350116, 0.7034996878004843301, 0.7269496773938336487, 0.7503996669871828562, 0.7738496565805321747, 0.7972996461738814933, 0.8207496357672307008, 0.8441996253605800193, 0.8454074730405434224 ),
 .UNSPECIFIED. ) 
 CURVE ( )  GEOMETRIC_REPRESENTATION_ITEM ( )  RATIONAL_B_SPLINE_CURVE ( ( 0.9870474391584909135, 0.9928526098559729007, 0.9999999999999666933, 0.9238795325112560963, 0.9999999999999666933, 0.9238795325112560963, 0.9999999999999666933, 0.9238795325112560963, 0.9999999999999666933, 0.9238795325112560963, 0.9999999999999666933, 0.9238795325112560963, 0.9999999999999666933, 0.9238795325112560963, 0.9999999999999666933, 0.9238795325112560963, 0.9999999999999666933, 0.9238795325112560963, 0.9999999999999666933, 0.9238795325112560963, 0.9999999999999666933, 0.9238795325112560963, 0.9999999999999666933, 0.9238795325112560963, 0.9999999999999666933, 0.9238795325112560963, 0.9999999999999666933, 0.9238795325112560963, 0.9999999999999666933, 0.9238795325112560963, 0.9999999999999666933, 0.9238795325112560963, 0.9999999999999666933, 0.9238795325112560963, 0.9999999999999666933, 0.9238795325112560963, 0.9999999999999666933, 0.9238795325112560963, 0.9999999999999666933, 0.9238795325112560963, 0.9999999999999666933, 0.9238795325112560963, 0.9999999999999666933, 0.9238795325112560963, 0.9999999999999666933, 0.9238795325112560963, 0.9999999999999666933, 0.9238795325112560963, 0.9999999999999666933, 0.9238795325112560963, 0.9999999999999666933, 0.9238795325112560963, 0.9999999999999666933, 0.9238795325112560963, 0.9999999999999666933, 0.9238795325112560963, 0.9999999999999666933, 0.9238795325112560963, 0.9999999999999666933, 0.9238795325112560963, 0.9999999999999666933, 0.9238795325112560963, 0.9999999999999666933, 0.9238795325112560963, 0.9999999999999666933, 0.9960792336521623325, 0.9925623641605184622 ) ) 
 REPRESENTATION_ITEM ( '' )  );
#2608 = ORIENTED_EDGE ( 'NONE', *, *, #2936, .F. ) ;
#2609 = CARTESIAN_POINT ( 'NONE',  ( -2.369580033563067900, -5.806849552184144336, -4.144125278588068007 ) ) ;
#2610 = CARTESIAN_POINT ( 'NONE',  ( -2.383624264535130877, -5.708149288097198237, -4.134999221289427318 ) ) ;
#2611 = CARTESIAN_POINT ( 'NONE',  ( -0.3108537970868519573, -4.531993874726982341, -4.762500000000948752 ) ) ;
#2612 = CARTESIAN_POINT ( 'NONE',  ( 5.249142342845342309E-16, -7.500000000000000000, -3.809999999999997389 ) ) ;
#2613 = EDGE_CURVE ( 'NONE', #3159, #2158, #4276, .T. ) ;
#2614 = CARTESIAN_POINT ( 'NONE',  ( -0.4688074601757386550, -6.579790429879833979, 4.706921390066217903 ) ) ;
#2615 = CARTESIAN_POINT ( 'NONE',  ( -3.918038746913497850, -2.377276296175530490, 1.622904786874856287 ) ) ;
#2616 = CARTESIAN_POINT ( 'NONE',  ( 1.622904786874857175, -5.393526296175529922, -3.918038746913496961 ) ) ;
#2617 = CARTESIAN_POINT ( 'NONE',  ( 0.2547535176998354522, -2.540345969565864781, 4.708707902123595801 ) ) ;
#2618 = CARTESIAN_POINT ( 'NONE',  ( 3.790691358050994886, -3.762111556433350934, 2.899769354185151471 ) ) ;
#2619 = CARTESIAN_POINT ( 'NONE',  ( 0.6265064822475542305, -5.153784148652460928, 4.731295719030656599 ) ) ;
#2620 = CARTESIAN_POINT ( 'NONE',  ( 2.333582165701389692E-16, -6.407804509500278023, -3.811028889841740597 ) ) ;
#2621 = CARTESIAN_POINT ( 'NONE',  ( 4.677438168258640339, -3.692190581839528640, -0.6221815664267266177 ) ) ;
#2622 = CARTESIAN_POINT ( 'NONE',  ( 4.762500000000000178, -2.419999999999999485, 0.000000000000000000 ) ) ;
#2623 = CARTESIAN_POINT ( 'NONE',  ( -4.518248805196424023, -4.292954009952521410, -1.537513804393029648 ) ) ;
#2624 = CARTESIAN_POINT ( 'NONE',  ( -2.090837424063713534, -2.643869256737213735, 4.230099343615614238 ) ) ;
#2625 = CARTESIAN_POINT ( 'NONE',  ( 2.573573384324534086, -6.944898684844873493, -3.536547381537428425 ) ) ;
#2626 = CARTESIAN_POINT ( 'NONE',  ( 3.146605308345171714, -2.150673346191940727, -3.588664796068128382 ) ) ;
#2627 = ORIENTED_EDGE ( 'NONE', *, *, #5055, .T. ) ;
#2628 = CARTESIAN_POINT ( 'NONE',  ( 0.3108713897177544094, -3.287018176917374301, -4.762499999999055156 ) ) ;
#2629 = CARTESIAN_POINT ( 'NONE',  ( 3.972417700541877927, -2.142188965094955488, -2.631730991263703245 ) ) ;
#2630 = CARTESIAN_POINT ( 'NONE',  ( -3.741115297559645558, -4.219684333269003496, 2.875960008025121528 ) ) ;
#2631 = DIRECTION ( 'NONE',  ( -0.000000000000000000, 1.000000000000000000, -0.000000000000000000 ) ) ;
#2632 = CARTESIAN_POINT ( 'NONE',  ( -2.908977062558010918, -2.772873261286668889, 3.783765709393414500 ) ) ;
#2633 = CARTESIAN_POINT ( 'NONE',  ( 3.546316203094350250, -6.189487908956424533, 3.112780263630465782 ) ) ;
#2634 = CIRCLE ( 'NONE', #2720, 4.762500000000000178 ) ;
#2635 = ORIENTED_EDGE ( 'NONE', *, *, #1704, .F. ) ;
#2636 = CARTESIAN_POINT ( 'NONE',  ( -4.465266295253266016, -5.667890766510604195, -1.688414017087090269 ) ) ;
#2637 = CARTESIAN_POINT ( 'NONE',  ( -3.644572447322884656, -2.476784195656453580, -1.302168864547531557 ) ) ;
#2638 = CARTESIAN_POINT ( 'NONE',  ( -1.233169491177583676, -4.492368203353724887, -4.610693448618441437 ) ) ;
#2639 = CARTESIAN_POINT ( 'NONE',  ( 1.709914819504073868, -2.012914353530112166, -4.424387605026017134 ) ) ;
#2640 = ORIENTED_EDGE ( 'NONE', *, *, #287, .F. ) ;
#2641 = CARTESIAN_POINT ( 'NONE',  ( 2.399106805171460132E-16, -5.314151296175530170, -3.918038746913496961 ) ) ;
#2642 = EDGE_CURVE ( 'NONE', #1412, #3135, #1882, .T. ) ;
#2643 = CARTESIAN_POINT ( 'NONE',  ( 2.770471766894177179, -6.742901296175530135, -2.770471766894176735 ) ) ;
#2644 = CARTESIAN_POINT ( 'NONE',  ( -2.081483430760871833, -5.633011554074785820, -4.234707057972540767 ) ) ;
#2645 = CARTESIAN_POINT ( 'NONE',  ( 4.762775598180710723, -3.641709405624656171, 0.3095791111825390574 ) ) ;
#2646 = CARTESIAN_POINT ( 'NONE',  ( 3.149949410937816552, -5.033148701193449703, 3.585493933719706483 ) ) ;
#2647 = CARTESIAN_POINT ( 'NONE',  ( -1.578579852768131175, -3.312179509500276620, 3.811028889841739709 ) ) ;
#2648 = CARTESIAN_POINT ( 'NONE',  ( 4.709046551776075340, -3.730423606555878902, 0.3042413452688624842 ) ) ;
#2649 = CARTESIAN_POINT ( 'NONE',  ( -3.367596045400932603, -3.213749999999999662, -3.367596045400933047 ) ) ;
#2650 = CARTESIAN_POINT ( 'NONE',  ( -3.786792642422754263, -4.360160856087765602, -2.904950884567390368 ) ) ;
#2651 = CARTESIAN_POINT ( 'NONE',  ( -0.3122691927445757076, -2.563422888614631301, 4.708564675863430971 ) ) ;
#2652 = CARTESIAN_POINT ( 'NONE',  ( 3.980102097228900204E-16, 5.722886414021192358, 3.250000000000003997 ) ) ;
#2653 = CARTESIAN_POINT ( 'NONE',  ( 3.787667705131854579, -2.455095148611373013, 2.903680045474570814 ) ) ;
#2654 = EDGE_LOOP ( 'NONE', ( #5125, #843, #4698, #3166, #1006, #1727 ) ) ;
#2655 = CARTESIAN_POINT ( 'NONE',  ( -4.610834993827324979, -5.482121425512330504, 1.232291765206304568 ) ) ;
#2656 = CARTESIAN_POINT ( 'NONE',  ( 4.212875361028904031, -2.223262563374895251, -2.226681276502438411 ) ) ;
#2657 = CARTESIAN_POINT ( 'NONE',  ( 3.146460203677554635, -4.727910149172599219, -3.588536139210148246 ) ) ;
#2658 = CARTESIAN_POINT ( 'NONE',  ( 2.904595782603700105, -5.947644020463764392, -3.786945505908155596 ) ) ;
#2659 = CARTESIAN_POINT ( 'NONE',  ( -4.500115991020599893, -6.612148356859488985, 1.399077989892311802 ) ) ;
#2660 = CARTESIAN_POINT ( 'NONE',  ( 4.519151182840158931, -6.197820125048748352, 1.534560432465669422 ) ) ;
#2661 = VECTOR ( 'NONE', #201, 1000.000000000000000 ) ;
#2662 = ORIENTED_EDGE ( 'NONE', *, *, #3612, .F. ) ;
#2663 = CARTESIAN_POINT ( 'NONE',  ( -4.338091472046299302, -5.621482510231115448, -1.992641168956478914 ) ) ;
#2664 = CARTESIAN_POINT ( 'NONE',  ( -4.517776033153980464, -5.563017425895758983, -1.538893958152824482 ) ) ;
#2665 = APPROVAL_PERSON_ORGANIZATION ( #237, #160, #2703 ) ;
#2666 = CARTESIAN_POINT ( 'NONE',  ( -3.256317696518119868E-17, -2.676744328227586234, 4.762500000000000178 ) ) ;
#2667 = CARTESIAN_POINT ( 'NONE',  ( -0.2366027264520719486, -6.370343385245953449, 4.708583729069325763 ) ) ;
#2668 = ORIENTED_EDGE ( 'NONE', *, *, #855, .F. ) ;
#2669 = CARTESIAN_POINT ( 'NONE',  ( 2.770471766894177179, -4.202901296175530099, -2.770471766894176735 ) ) ;
#2670 = CARTESIAN_POINT ( 'NONE',  ( -3.741761557981531094, -5.541514545414737647, -2.874971610019008583 ) ) ;
#2671 = CARTESIAN_POINT ( 'NONE',  ( 0.3108538105804762308, -3.324256125816134499, -4.762500000000948752 ) ) ;
#2672 = CC_DESIGN_DATE_AND_TIME_ASSIGNMENT ( #1497, #4354, ( #4613 ) ) ;
#2673 = CARTESIAN_POINT ( 'NONE',  ( -3.811028889841741041, -4.861570490499723896, 1.578579852768128067 ) ) ;
#2674 = CARTESIAN_POINT ( 'NONE',  ( 2.911044155575981840, -3.874030173634519070, 3.782173466781088234 ) ) ;
#2675 = CARTESIAN_POINT ( 'NONE',  ( 2.770471766894176291, -6.828348703824469901, 2.770471766894177623 ) ) ;
#2676 = CARTESIAN_POINT ( 'NONE',  ( -3.144532034947956856, -4.337685719449785537, -3.590232740378072496 ) ) ;
#2677 = DIRECTION ( 'NONE',  ( 0.000000000000000000, 1.000000000000000000, 0.000000000000000000 ) ) ;
#2678 = EDGE_CURVE ( 'NONE', #2837, #2498, #4802, .T. ) ;
#2679 = PERSON_AND_ORGANIZATION ( #2945, #2825 ) ;
#2680 = CARTESIAN_POINT ( 'NONE',  ( -3.457639792704363391, -7.428940222036565011, -1.762777437763473953 ) ) ;
#2681 = ORIENTED_EDGE ( 'NONE', *, *, #571, .T. ) ;
#2682 = CARTESIAN_POINT ( 'NONE',  ( 3.786092243652315226, -3.725215402782112051, 2.906016622038364527 ) ) ;
#2683 = CARTESIAN_POINT ( 'NONE',  ( 4.578175847425931089, -2.203879750761575718, -1.349454202301069161 ) ) ;
#2684 = CARTESIAN_POINT ( 'NONE',  ( -4.469741612991894542, -4.418621876841361207, -1.512536815970070059 ) ) ;
#2685 = CARTESIAN_POINT ( 'NONE',  ( -4.133964981840356323, -2.887779244816391699, 2.385321701272052675 ) ) ;
#2686 = CARTESIAN_POINT ( 'NONE',  ( 0.002508616775967581394, -2.639404711492854716, 4.762499339300942935 ) ) ;
#2687 = CARTESIAN_POINT ( 'NONE',  ( 2.904066051226836809, -5.947615916098406785, -3.787353253406366527 ) ) ;
#2688 = VERTEX_POINT ( 'NONE', #931 ) ;
#2689 = CARTESIAN_POINT ( 'NONE',  ( -4.716979592237595220, -5.564524279630184367, -0.7338902955185623300 ) ) ;
#2690 = CARTESIAN_POINT ( 'NONE',  ( 4.678777680015683949, -5.013442314645448761, 0.6118699886665061038 ) ) ;
#2691 = CARTESIAN_POINT ( 'NONE',  ( 3.587642818433852021, -4.947477233803550867, 3.147509124473567343 ) ) ;
#2692 = DIRECTION ( 'NONE',  ( -0.000000000000000000, 1.000000000000000000, 1.111353676405166014E-16 ) ) ;
#2693 = CARTESIAN_POINT ( 'NONE',  ( 1.537440466208572332, -3.843586713426967449, 4.518310209831202684 ) ) ;
#2694 = VERTEX_POINT ( 'NONE', #876 ) ;
#2695 = CARTESIAN_POINT ( 'NONE',  ( -3.748837482124653953, -5.275408877346324132, 2.865652075280431088 ) ) ;
#2696 = CARTESIAN_POINT ( 'NONE',  ( 3.786004085026097421, -3.496034770876776054, -2.905975872545341065 ) ) ;
#2697 = ORIENTED_EDGE ( 'NONE', *, *, #4300, .T. ) ;
#2698 = CARTESIAN_POINT ( 'NONE',  ( -3.811028889841741041, -7.560320490499724322, -1.578579852768129621 ) ) ;
#2699 = CARTESIAN_POINT ( 'NONE',  ( 4.762829430521261287, -3.702434110003222756, 0.3088796533951143619 ) ) ;
#2700 = CARTESIAN_POINT ( 'NONE',  ( -2.770471766894177623, -7.145848703824469794, 2.770471766894176735 ) ) ;
#2701 = CARTESIAN_POINT ( 'NONE',  ( -3.590131427684645438, -4.020177061037784050, 3.144705255896600438 ) ) ;
#2702 = CARTESIAN_POINT ( 'NONE',  ( 5.500000000000000000, -0.01738525708133232747, 3.175426480542941743 ) ) ;
#2703 = APPROVAL_ROLE ( '' ) ;
#2704 = CARTESIAN_POINT ( 'NONE',  ( 2.399106805171460132E-16, -5.082098703824469155, -3.918038746913496961 ) ) ;
#2705 = CARTESIAN_POINT ( 'NONE',  ( 2.904888854414678701, -3.776367572571865505, 3.786802135462234986 ) ) ;
#2706 = EDGE_CURVE ( 'NONE', #3135, #1412, #4942, .T. ) ;
#2707 = CARTESIAN_POINT ( 'NONE',  ( 2.240836944436856104, -2.103821614373466709, -4.214137691574159739 ) ) ;
#2708 = CARTESIAN_POINT ( 'NONE',  ( 3.108060474389814143, -4.816550327826035982, -3.550430407118579268 ) ) ;
#2709 = CARTESIAN_POINT ( 'NONE',  ( -4.732358068488832892, -2.968786677299373178, 0.6200300037379153917 ) ) ;
#2710 = CARTESIAN_POINT ( 'NONE',  ( -1.471505104921943863, -6.816596959089951113, -4.249721971446633439 ) ) ;
#2711 = CARTESIAN_POINT ( 'NONE',  ( -1.216382756862121273, -5.673690833201877837, -4.559306887243426587 ) ) ;
#2712 = VERTEX_POINT ( 'NONE', #2167 ) ;
#2713 = CARTESIAN_POINT ( 'NONE',  ( -4.290682066331540589, -5.710115734667411402, -1.966507693665144663 ) ) ;
#2714 = CARTESIAN_POINT ( 'NONE',  ( -4.558444162906167385, -4.405192004736320222, -1.219289409255664092 ) ) ;
#2715 = CARTESIAN_POINT ( 'NONE',  ( 4.732406986471452193, -4.887447747529159336, 0.6196632632713475752 ) ) ;
#2716 = CARTESIAN_POINT ( 'NONE',  ( -4.047290881773128568, -7.248041866617641382, -0.3838746306408110653 ) ) ;
#2717 = CARTESIAN_POINT ( 'NONE',  ( 3.148135714505163385, -3.702488714867369080, 3.587093710705933081 ) ) ;
#2718 = VECTOR ( 'NONE', #173, 1000.000000000000000 ) ;
#2719 = CARTESIAN_POINT ( 'NONE',  ( 4.344290758953992970, -2.366578041179318692, -1.850716778018032471 ) ) ;
#2720 = AXIS2_PLACEMENT_3D ( 'NONE', #5010, #3257, #2456 ) ;
#2721 = CARTESIAN_POINT ( 'NONE',  ( 3.789049392812337214, -2.103480975263525732, -2.806818718286177017 ) ) ;
#2722 = CARTESIAN_POINT ( 'NONE',  ( 0.4131002340448157728, -2.147597237762855382, -4.693919119479931013 ) ) ;
#2723 = CARTESIAN_POINT ( 'NONE',  ( 2.694804371304934776, -7.957195490499723967, -2.694804371304934332 ) ) ;
#2724 = CARTESIAN_POINT ( 'NONE',  ( 2.089509451730294121, -4.548801438103285300, -4.230916313726210021 ) ) ;
#2725 = CARTESIAN_POINT ( 'NONE',  ( 1.622904786874857175, -5.161473703824470682, -3.918038746913496961 ) ) ;
#2726 = CARTESIAN_POINT ( 'NONE',  ( -2.366113524242448918, -3.927557759851078689, 4.082668145003307991 ) ) ;
#2727 = CARTESIAN_POINT ( 'NONE',  ( -1.924423556538022106, -2.293149737219783990, -3.745767701929774596 ) ) ;
#2728 = CARTESIAN_POINT ( 'NONE',  ( -3.472370800958619608, -7.416084159769213535, -1.762173169537630146 ) ) ;
#2729 = CARTESIAN_POINT ( 'NONE',  ( -0.6239488597707461004, -2.763120529962514560, 4.731633248062457220 ) ) ;
#2730 = CARTESIAN_POINT ( 'NONE',  ( 4.214132554164664590, -2.162611151277347155, -2.224303480050150661 ) ) ;
#2731 = CARTESIAN_POINT ( 'NONE',  ( -4.520457091545986295, -4.390639614743626851, -1.531063279589881310 ) ) ;
#2732 = CARTESIAN_POINT ( 'NONE',  ( -0.6265076275365870639, -3.286009077440008586, -4.731343725853014881 ) ) ;
#2733 = CARTESIAN_POINT ( 'NONE',  ( -4.590097842414269991, -5.576427143743623027, 1.096218000558025096 ) ) ;
#2734 = CARTESIAN_POINT ( 'NONE',  ( -4.611764610163324285, -5.384306025899057602, 1.228508955479176379 ) ) ;
#2735 = VERTEX_POINT ( 'NONE', #4749 ) ;
#2736 = CARTESIAN_POINT ( 'NONE',  ( -4.717380511431887413, -5.625177120404660336, -0.7312891946236310670 ) ) ;
#2737 = CARTESIAN_POINT ( 'NONE',  ( -4.469649344346186659, -4.418634549441255999, -1.512809973399412034 ) ) ;
#2738 = CARTESIAN_POINT ( 'NONE',  ( 4.231769495186769703, -4.866203088358117768, 2.087446226817557537 ) ) ;
#2739 = CARTESIAN_POINT ( 'NONE',  ( -3.957139124926811302, -7.045183096959053870, 1.625479799125479241 ) ) ;
#2740 = CARTESIAN_POINT ( 'NONE',  ( 4.231750739881218415, -3.596204960114975702, 2.087484449891652716 ) ) ;
#2741 = ADVANCED_FACE ( 'NONE', ( #1400 ), #219, .T. ) ;
#2742 = CARTESIAN_POINT ( 'NONE',  ( 4.650718545235061896, -2.413698992141079636, -0.8197772820292711371 ) ) ;
#2743 = CONICAL_SURFACE ( 'NONE', #2220, 5.499999999999999112, 1.047197551196600074 ) ;
#2744 = CARTESIAN_POINT ( 'NONE',  ( 4.646853948960660396, -2.266890975317629842, 0.8019562379811692177 ) ) ;
#2745 = CARTESIAN_POINT ( 'NONE',  ( 3.819891161419997516, -2.288922177966156823, -2.867219351229589375 ) ) ;
#2746 = CARTESIAN_POINT ( 'NONE',  ( 3.811028889841741041, -6.766570490499724144, -1.578579852768128955 ) ) ;
#2747 = CARTESIAN_POINT ( 'NONE',  ( 3.112628085121905031, -4.601968082101934421, -3.546746696590223902 ) ) ;
#2748 = CONICAL_SURFACE ( 'NONE', #2051, 5.499999999999999112, 1.047197551196600074 ) ;
#2749 = CARTESIAN_POINT ( 'NONE',  ( 2.399106805171460132E-16, -1.272098703824469323, -3.918038746913496961 ) ) ;
#2750 = CARTESIAN_POINT ( 'NONE',  ( -0.001230575016568283882, -3.820764113462335576, 4.708643241721739869 ) ) ;
#2751 = CARTESIAN_POINT ( 'NONE',  ( -5.499999999999999112, 0.4738549290423901272, 1.734723475976807094E-15 ) ) ;
#2752 = DATE_AND_TIME ( #597, #4495 ) ;
#2753 = CARTESIAN_POINT ( 'NONE',  ( -3.464466218001186704, -7.436175265301068649, -1.733246065816389070 ) ) ;
#2754 = CARTESIAN_POINT ( 'NONE',  ( -1.421661929935419719E-05, -2.737500861146976661, 4.762500652578983917 ) ) ;
#2755 = CARTESIAN_POINT ( 'NONE',  ( 3.626566819334971825, -2.465805282502373519, 3.103190992736659215 ) ) ;
#2756 = CARTESIAN_POINT ( 'NONE',  ( -2.089771359696273922, -4.577435724735349432, -4.230787085180662821 ) ) ;
#2757 = CARTESIAN_POINT ( 'NONE',  ( -3.786121041194158821, -2.861036593289734586, 2.905978931628478090 ) ) ;
#2758 = CARTESIAN_POINT ( 'NONE',  ( -2.749999999999998668, 0.4738549290423901272, 4.763139720814414169 ) ) ;
#2759 = CARTESIAN_POINT ( 'NONE',  ( 0.3100422215235653645, -5.826983888267635692, -4.762554974375897920 ) ) ;
#2760 = ORIENTED_EDGE ( 'NONE', *, *, #3959, .T. ) ;
#2761 = CARTESIAN_POINT ( 'NONE',  ( 5.500000000000000000, -2.000000000000000000, 3.175426480542941743 ) ) ;
#2762 = CARTESIAN_POINT ( 'NONE',  ( -2.770471766894176735, -2.615401296175530188, -2.770471766894177179 ) ) ;
#2763 = CARTESIAN_POINT ( 'NONE',  ( -3.112628073906944515, -4.524281918496918742, -3.546746706660896198 ) ) ;
#2764 = CARTESIAN_POINT ( 'NONE',  ( 3.741115293980477485, -4.906565666971162365, 2.875960012444619629 ) ) ;
#2765 = CARTESIAN_POINT ( 'NONE',  ( 0.000000000000000000, 6.750000000000004441, 0.000000000000000000 ) ) ;
#2766 = CARTESIAN_POINT ( 'NONE',  ( 4.708398979462357303, -3.515869174458065238, 0.3108805761055454808 ) ) ;
#2767 = CARTESIAN_POINT ( 'NONE',  ( 1.202130616539289099, -2.181858184823122215, -4.566482808303801377 ) ) ;
#2768 = EDGE_CURVE ( 'NONE', #2286, #2129, #1590, .T. ) ;
#2769 = CARTESIAN_POINT ( 'NONE',  ( 4.152534277957198761, -2.333518663126508574, 2.234378941271002006 ) ) ;
#2770 = CARTESIAN_POINT ( 'NONE',  ( 3.072234664053790087, -2.244535642889780469, -3.657410010662086819 ) ) ;
#2771 = CARTESIAN_POINT ( 'NONE',  ( 2.694804371304934332, -5.734695490499723824, 2.694804371304935664 ) ) ;
#2772 = CARTESIAN_POINT ( 'NONE',  ( -0.6098932012210216413, -4.430395317491988116, -4.679203587557108079 ) ) ;
#2773 = CARTESIAN_POINT ( 'NONE',  ( 2.770471766894176291, -3.018348703824469847, 2.770471766894177623 ) ) ;
#2774 = CARTESIAN_POINT ( 'NONE',  ( 0.002440650075532802606, -3.909407446549927556, 4.762499374616989911 ) ) ;
#2775 = CARTESIAN_POINT ( 'NONE',  ( -3.112608578132043391, -3.254282946797587783, -3.546763900560403471 ) ) ;
#2776 = CARTESIAN_POINT ( 'NONE',  ( -3.530233402143421628, -7.452173812613962944, -1.558886773842859119 ) ) ;
#2777 = AXIS2_PLACEMENT_3D ( 'NONE', #739, #1463, #277 ) ;
#2778 = CARTESIAN_POINT ( 'NONE',  ( -2.357177238189758661, -2.871935457557465821, 4.087749785526615831 ) ) ;
#2779 = CARTESIAN_POINT ( 'NONE',  ( 3.294308938415024812, -2.485008491012014709, 3.442967994899851725 ) ) ;
#2780 = CARTESIAN_POINT ( 'NONE',  ( -4.519744357789983624, -3.059967148381395941, -1.533159638194969254 ) ) ;
#2781 = CARTESIAN_POINT ( 'NONE',  ( -4.577895059517309129, -6.674715440262843025, -0.8161937233081381082 ) ) ;
#2782 = CARTESIAN_POINT ( 'NONE',  ( -3.786819160795460437, -5.630159025358856262, -2.904916360134376152 ) ) ;
#2783 = ORIENTED_EDGE ( 'NONE', *, *, #1026, .F. ) ;
#2784 = CARTESIAN_POINT ( 'NONE',  ( -2.870737988555181364, -7.384836517807825018, 2.670205545233164113 ) ) ;
#2785 = CARTESIAN_POINT ( 'NONE',  ( -1.972692090801868137, -7.738125000000001030, 4.762499999999999289 ) ) ;
#2786 = CARTESIAN_POINT ( 'NONE',  ( 0.3045131141927618357, -4.682931023808146520, -4.708830603463026065 ) ) ;
#2787 = CARTESIAN_POINT ( 'NONE',  ( 4.762664005522056598, -4.788848184732103164, -0.3081455590238032505 ) ) ;
#2788 = DIRECTION ( 'NONE',  ( 0.000000000000000000, 0.000000000000000000, 1.000000000000000000 ) ) ;
#2789 = CARTESIAN_POINT ( 'NONE',  ( 4.610357371590264819, -3.644229865338343366, 1.234610893563322431 ) ) ;
#2790 = CARTESIAN_POINT ( 'NONE',  ( 4.538351089836588415, -2.503992071830437371, 1.304338129654305956 ) ) ;
#2791 = CARTESIAN_POINT ( 'NONE',  ( -7.197320415514379411E-16, -6.987098703824469403, 3.918038746913496961 ) ) ;
#2792 = CARTESIAN_POINT ( 'NONE',  ( 3.775941703359892543, -2.316906473227771990, -2.835786644538215384 ) ) ;
#2793 = CIRCLE ( 'NONE', #2538, 3.309416156571634904 ) ;
#2794 = EDGE_CURVE ( 'NONE', #3206, #2521, #2374, .T. ) ;
#2795 = CARTESIAN_POINT ( 'NONE',  ( 3.918038746913496961, -8.092276296175530348, -1.622904786874857175 ) ) ;
#2796 = CARTESIAN_POINT ( 'NONE',  ( 0.001164548443839369613, -4.035488573721851324, 4.708643258879270377 ) ) ;
#2797 = CARTESIAN_POINT ( 'NONE',  ( -7.197320415514379411E-16, -5.717098703824469830, 3.918038746913496961 ) ) ;
#2798 = CARTESIAN_POINT ( 'NONE',  ( -4.609750414274808250, -4.316525838019018124, -1.236359029207215077 ) ) ;
#2799 = CIRCLE ( 'NONE', #2364, 0.09999999999999989453 ) ;
#2800 = CARTESIAN_POINT ( 'NONE',  ( 3.741761559721481500, -3.584735454712991931, -2.874971607601325196 ) ) ;
#2801 = CARTESIAN_POINT ( 'NONE',  ( 2.791517870265088241, -6.420344221252619832, 3.872454077248598026 ) ) ;
#2802 = EDGE_CURVE ( 'NONE', #4374, #4783, #1329, .T. ) ;
#2803 = CARTESIAN_POINT ( 'NONE',  ( 3.811028889841741041, -7.915929509500276851, -1.578579852768128955 ) ) ;
#2804 = CARTESIAN_POINT ( 'NONE',  ( -0.3098240399720471605, -2.778144487591964751, 4.708723479109010235 ) ) ;
#2805 = CARTESIAN_POINT ( 'NONE',  ( 4.262750531643089147, -2.323104746225527428, 2.024148226110713544 ) ) ;
#2806 = FACE_OUTER_BOUND ( 'NONE', #3128, .T. ) ;
#2807 = CARTESIAN_POINT ( 'NONE',  ( 2.408659056003791932, -6.466546693823752356, 4.058108074323135916 ) ) ;
#2808 = CARTESIAN_POINT ( 'NONE',  ( -2.106192523771723391, -5.661006466035279239, -4.282706563509139031 ) ) ;
#2809 = VERTEX_POINT ( 'NONE', #1701 ) ;
#2810 = DIRECTION ( 'NONE',  ( -0.8660254037844387076, 0.000000000000000000, -0.4999999999999998335 ) ) ;
#2811 = CARTESIAN_POINT ( 'NONE',  ( 4.762500000000000178, -7.261875000000000746, -1.972692090801865472 ) ) ;
#2812 = CARTESIAN_POINT ( 'NONE',  ( 0.000000000000000000, -2.000000000000000000, 1.734723475976807094E-15 ) ) ;
#2813 = CARTESIAN_POINT ( 'NONE',  ( 4.234306424993008022, -4.680461469740505365, -2.082548127246131919 ) ) ;
#2814 = DIRECTION ( 'NONE',  ( 0.5000000000000000000, 0.000000000000000000, 0.8660254037844387076 ) ) ;
#2815 = CARTESIAN_POINT ( 'NONE',  ( 4.281924097570901644, -3.684838415355944363, 2.107778354652237063 ) ) ;
#2816 = CARTESIAN_POINT ( 'NONE',  ( 5.499999999999999112, 0.1309064495469989542, 2.661728940100203111 ) ) ;
#2817 = B_SPLINE_CURVE_WITH_KNOTS ( 'NONE', 3,
 ( #1966, #4363, #4899, #2758 ),
 .UNSPECIFIED., .F., .F.,
 ( 4, 4 ),
 ( 2.380734335076571262E-07, 0.003213249942171110280 ),
 .UNSPECIFIED. ) ;
#2818 = CARTESIAN_POINT ( 'NONE',  ( -2.878368822763643475, -6.520580958194294396, 3.801620290887552933 ) ) ;
#2819 = CARTESIAN_POINT ( 'NONE',  ( 0.5989962181512582529, -2.127174628869322515, -4.728146208220827873 ) ) ;
#2820 = CARTESIAN_POINT ( 'NONE',  ( -3.918038746913497850, -6.187276296175530987, 1.622904786874856287 ) ) ;
#2821 = CARTESIAN_POINT ( 'NONE',  ( -1.514592446584611451, -4.390030765998968576, -4.468929014642407438 ) ) ;
#2822 = B_SPLINE_CURVE_WITH_KNOTS ( 'NONE', 3,
 ( #3608, #1958, #1545, #3632, #4892, #745, #2418, #336 ),
 .UNSPECIFIED., .F., .F.,
 ( 4, 2, 2, 4 ),
 ( 0.003213249942171107244, 0.004013500389788042695, 0.004813750837404978146, 0.006414251732638851650 ),
 .UNSPECIFIED. ) ;
#2823 = CARTESIAN_POINT ( 'NONE',  ( 3.918038746913496961, -4.129598703824470363, 0.000000000000000000 ) ) ;
#2824 = CARTESIAN_POINT ( 'NONE',  ( -1.451907951575715138E-11, -3.311744328227002931, -4.762500000000000178 ) ) ;
#2825 = ORGANIZATION ( 'UNSPECIFIED', 'UNSPECIFIED', '' ) ;
#2826 = CARTESIAN_POINT ( 'NONE',  ( 4.677456183063333661, -3.692197432107750199, -0.6220206994339130269 ) ) ;
#2827 = B_SPLINE_CURVE_WITH_KNOTS ( 'NONE', 3,
 ( #2529, #449, #2938, #4945 ),
 .UNSPECIFIED., .F., .F.,
 ( 4, 4 ),
 ( 2.380734335077574731E-07, 0.003213249942171107244 ),
 .UNSPECIFIED. ) ;
#2828 = CARTESIAN_POINT ( 'NONE',  ( 0.5056684370072748180, -6.526752176364279734, 4.738404024489077493 ) ) ;
#2829 = CARTESIAN_POINT ( 'NONE',  ( -2.694804371304934332, -7.519054509500276318, -2.694804371304934776 ) ) ;
#2830 = AXIS2_PLACEMENT_3D ( 'NONE', #2531, #2064, #1295 ) ;
#2831 = CARTESIAN_POINT ( 'NONE',  ( -2.387578244207288591, -2.783301138391407470, 4.132521057392053443 ) ) ;
#2832 = CARTESIAN_POINT ( 'NONE',  ( 4.492165768146946903, -2.295676840463104718, 1.445221874612545143 ) ) ;
#2833 = EDGE_CURVE ( 'NONE', #4002, #1176, #2581, .T. ) ;
#2834 = CARTESIAN_POINT ( 'NONE',  ( -4.600273303476549280, -1.808668712718090710, 3.694883930977847619 ) ) ;
#2835 = CARTESIAN_POINT ( 'NONE',  ( 3.798260447490214187, -6.128705907496510896, -2.800817613538408413 ) ) ;
#2836 = CARTESIAN_POINT ( 'NONE',  ( -1.251824456829705001, -5.231984063131466023, 4.636731095257218271 ) ) ;
#2837 = VERTEX_POINT ( 'NONE', #4367 ) ;
#2838 = CARTESIAN_POINT ( 'NONE',  ( 1.622904786874857841, -2.059776296175530597, 3.918038746913496073 ) ) ;
#2839 = CARTESIAN_POINT ( 'NONE',  ( -0.5142077070819469631, -2.304529654892186308, 4.166244621469740395 ) ) ;
#2840 = CARTESIAN_POINT ( 'NONE',  ( -2.906494337233225700, -4.411286052224161480, -3.785787589086349048 ) ) ;
#2841 = CARTESIAN_POINT ( 'NONE',  ( -1.872666377689010453, -2.005660953473979990, -4.368834442036126475 ) ) ;
#2842 = CARTESIAN_POINT ( 'NONE',  ( -2.106167367657012512, -3.121007685244146401, -4.282718983820116954 ) ) ;
#2843 = CARTESIAN_POINT ( 'NONE',  ( 0.3171523897742145603, -6.436743527795091957, 4.762333682355594178 ) ) ;
#2844 = ORIENTED_EDGE ( 'NONE', *, *, #4079, .F. ) ;
#2845 = CARTESIAN_POINT ( 'NONE',  ( -0.4804558352718797387, -6.408081710654825791, 4.762502143798585941 ) ) ;
#2846 = DIRECTION ( 'NONE',  ( 0.000000000000000000, -1.000000000000000000, 0.000000000000000000 ) ) ;
#2847 = LINE ( 'NONE', #1623, #1756 ) ;
#2848 = ORIENTED_EDGE ( 'NONE', *, *, #2706, .F. ) ;
#2849 = CARTESIAN_POINT ( 'NONE',  ( 3.811028889841740597, -3.035945490499723398, 0.000000000000000000 ) ) ;
#2850 = CARTESIAN_POINT ( 'NONE',  ( 5.499999999999999112, -1.657051520504609021, 2.661728940100201779 ) ) ;
#2851 = LINE ( 'NONE', #365, #969 ) ;
#2852 = CARTESIAN_POINT ( 'NONE',  ( 2.366113504852710658, -5.198692241130126845, 4.082668156395759418 ) ) ;
#2853 = LINE ( 'NONE', #3582, #5214 ) ;
#2854 = CARTESIAN_POINT ( 'NONE',  ( 4.229364922403931359, -3.624799525242258014, -2.092528878542226245 ) ) ;
#2855 = CARTESIAN_POINT ( 'NONE',  ( 4.675709874192027549, -6.233920610772552884, -0.5789522671206970283 ) ) ;
#2856 = CARTESIAN_POINT ( 'NONE',  ( 2.770471766894177179, -2.700848703824469510, -2.770471766894176735 ) ) ;
#2857 = CARTESIAN_POINT ( 'NONE',  ( -1.532662333643200370, -3.246019621052695481, -4.519953567574749087 ) ) ;
#2858 = EDGE_CURVE ( 'NONE', #4783, #583, #3715, .T. ) ;
#2859 = CARTESIAN_POINT ( 'NONE',  ( 1.254144282214852524, -2.586432118944510083, 4.605159627136171885 ) ) ;
#2860 = CARTESIAN_POINT ( 'NONE',  ( 3.145366600467549123, -6.340631343208928072, 3.589510241487780196 ) ) ;
#2861 = CARTESIAN_POINT ( 'NONE',  ( 2.678242569357539793, -6.452664264636038816, 3.885441520770092971 ) ) ;
#2862 = CARTESIAN_POINT ( 'NONE',  ( -4.135797559227308184, -5.329966153381834992, 2.381855838353676091 ) ) ;
#2863 = EDGE_CURVE ( 'NONE', #3462, #5222, #344, .T. ) ;
#2864 = ORIENTED_EDGE ( 'NONE', *, *, #1939, .F. ) ;
#2865 = CARTESIAN_POINT ( 'NONE',  ( -7.197320415514368564E-16, -7.219151296175525978, 3.918038746913491632 ) ) ;
#2866 = CARTESIAN_POINT ( 'NONE',  ( -8.748570571408905162E-16, -7.658750000000000391, 4.762500000000000178 ) ) ;
#2867 = DIRECTION ( 'NONE',  ( -0.000000000000000000, 1.000000000000000000, -0.000000000000000000 ) ) ;
#2868 = CARTESIAN_POINT ( 'NONE',  ( -2.106158269486505752, -4.391008124280408431, -4.282723361086437919 ) ) ;
#2869 = CARTESIAN_POINT ( 'NONE',  ( 4.611535850064503173, -4.951214660652072830, 1.229364018553362525 ) ) ;
#2870 = CARTESIAN_POINT ( 'NONE',  ( -3.585751323813576974, -3.103341103250908173, -3.149633612603287780 ) ) ;
#2871 = CARTESIAN_POINT ( 'NONE',  ( -0.8997266965234493874, 0.2825236417604791161, -5.831395510650976277 ) ) ;
#2872 = ORIENTED_EDGE ( 'NONE', *, *, #3776, .F. ) ;
#2873 = CARTESIAN_POINT ( 'NONE',  ( -0.9482131041666528315, -6.488858204257032192, 4.691156562641478622 ) ) ;
#2874 = CC_DESIGN_APPROVAL ( #160, ( #2136 ) ) ;
#2875 = B_SPLINE_CURVE_WITH_KNOTS ( 'NONE', 3,
 ( #5066, #3037, #2977, #457, #4709, #4215, #2127, #2625, #3804, #1717, #4329, #1803, #3860, #3397, #3916, #543, #158, #1388, #512, #861, #2539, #1747, #4243, #1302, #4736, #975, #1831, #3479, #572, #4652, #4299, #889, #946, #3888 ),
 .UNSPECIFIED., .F., .F.,
 ( 4, 2, 2, 2, 2, 2, 2, 2, 2, 2, 2, 2, 2, 2, 2, 2, 4 ),
 ( 0.01080897314937900866, 0.01163761323317644494, 0.01246625331697388123, 0.01329489340077131578, 0.01412353348456875032, 0.01495217356836618661, 0.01578081365216361942, 0.01660945373596105570, 0.01743809381975849199, 0.01826673390355592827, 0.01909537398735336455, 0.01992401407115079737, 0.02075265415494823018, 0.02158129423874566646, 0.02240993432254310275, 0.02323857440634053556, 0.02406721449013796837 ),
 .UNSPECIFIED. ) ;
#2876 = CARTESIAN_POINT ( 'NONE',  ( -3.918038746913496961, -3.573973703824469439, -1.622904786874857619 ) ) ;
#2877 = CARTESIAN_POINT ( 'NONE',  ( 3.556631477736289071, -2.507613043957551024, 3.187981839115935578 ) ) ;
#2878 = CARTESIAN_POINT ( 'NONE',  ( 2.694804371304934776, -1.607195490499722990, -2.694804371304934332 ) ) ;
#2879 = CARTESIAN_POINT ( 'NONE',  ( -1.037707187618014864E-11, -2.041744328227169447, -4.762500000000000178 ) ) ;
#2880 = CARTESIAN_POINT ( 'NONE',  ( 4.708882195648289581, -6.030862406687506727, -0.3034244924259325016 ) ) ;
#2881 = CARTESIAN_POINT ( 'NONE',  ( 2.113916560784226739, -5.184382938465963875, 4.278902097983033670 ) ) ;
#2882 = CARTESIAN_POINT ( 'NONE',  ( -2.113447013359675442, -2.732613040623327993, 4.279131028789362468 ) ) ;
#2883 = CARTESIAN_POINT ( 'NONE',  ( 0.000000000000000000, -2.000000000000000000, 1.734723475976807094E-15 ) ) ;
#2884 = AXIS2_PLACEMENT_3D ( 'NONE', #3647, #1560, #3235 ) ;
#2885 = CARTESIAN_POINT ( 'NONE',  ( 1.622904786874857175, -3.891473703824469332, -3.918038746913496961 ) ) ;
#2886 = B_SPLINE_CURVE_WITH_KNOTS ( 'NONE', 3,
 ( #4881, #3158, #4830, #1070, #2716, #4394, #635, #4857, #5242, #2739, #4417, #2076, #4934, #3698, #3781, #3726, #3346, #787, #840, #2462 ),
 .UNSPECIFIED., .F., .F.,
 ( 4, 2, 2, 2, 2, 2, 2, 2, 2, 4 ),
 ( 0.000000000000000000, 0.001013900699605080119, 0.001520851049407620286, 0.002027801399210160671, 0.003041702098815241440, 0.004055602798420322209, 0.005069503498025403412, 0.006083404197630483748, 0.007097304897235566686, 0.008111205596840649623 ),
 .UNSPECIFIED. ) ;
#2887 = CARTESIAN_POINT ( 'NONE',  ( -2.904066050184483938, -3.178634083957074363, -3.787353254224803401 ) ) ;
#2888 = CARTESIAN_POINT ( 'NONE',  ( -4.762500000000001066, -6.785624999999999574, 1.972692090801864584 ) ) ;
#2889 = CARTESIAN_POINT ( 'NONE',  ( 4.611570499460114547, -6.117255951169886075, -1.229253513422585931 ) ) ;
#2890 = CARTESIAN_POINT ( 'NONE',  ( 0.01060884748209587128, -6.575278986778855028, 4.719005001137235311 ) ) ;
#2891 = CARTESIAN_POINT ( 'NONE',  ( -3.150439576635510441, -5.265128777184560072, 3.585100073481632510 ) ) ;
#2892 = ORIENTED_EDGE ( 'NONE', *, *, #2102, .T. ) ;
#2893 = DIRECTION ( 'NONE',  ( 0.000000000000000000, 0.000000000000000000, 1.000000000000000000 ) ) ;
#2894 = CARTESIAN_POINT ( 'NONE',  ( -3.367596045400932603, -5.595000000000000639, -3.367596045400933047 ) ) ;
#2895 = CARTESIAN_POINT ( 'NONE',  ( 0.000000000000000000, 0.4738549290423901272, 5.500000000000001776 ) ) ;
#2896 = CARTESIAN_POINT ( 'NONE',  ( 3.788315427799360702, -4.668212434681583645, -2.902829705021104267 ) ) ;
#2897 = CARTESIAN_POINT ( 'NONE',  ( -2.153975631372092803, -2.014343610075574720, -4.217393995666756545 ) ) ;
#2898 = CARTESIAN_POINT ( 'NONE',  ( 0.3126383600451191347, -3.226331126523684922, -4.762390497150275515 ) ) ;
#2899 = DIRECTION ( 'NONE',  ( 0.000000000000000000, -1.000000000000000000, 0.000000000000000000 ) ) ;
#2900 = VERTEX_POINT ( 'NONE', #2460 ) ;
#2901 = CARTESIAN_POINT ( 'NONE',  ( -1.450042514686685768, -5.877866185567925505, -4.491525197260646252 ) ) ;
#2902 = CARTESIAN_POINT ( 'NONE',  ( -1.854563540598071825, -6.469529667463407741, 4.393012201920240223 ) ) ;
#2903 = CARTESIAN_POINT ( 'NONE',  ( 0.000000000000000000, 6.000000000000007994, -1.530808498934194036E-16 ) ) ;
#2904 = CARTESIAN_POINT ( 'NONE',  ( 0.000000000000000000, 6.000000000000007994, 2.941287793933206948E-15 ) ) ;
#2905 = ADVANCED_FACE ( 'NONE', ( #5419 ), #4603, .T. ) ;
#2906 = ORIENTED_EDGE ( 'NONE', *, *, #2304, .T. ) ;
#2907 = CARTESIAN_POINT ( 'NONE',  ( -1.622904786874859173, -7.298526296175531947, 3.918038746913496073 ) ) ;
#2908 = PRODUCT_DEFINITION_SHAPE ( 'NONE', 'NONE',  #4613 ) ;
#2909 = CARTESIAN_POINT ( 'NONE',  ( 4.762203765933189281, -2.346531948151544977, -0.3157147789869218513 ) ) ;
#2910 = LINE ( 'NONE', #2062, #3519 ) ;
#2911 = CARTESIAN_POINT ( 'NONE',  ( 0.6258299575952366300, -5.191560157380595619, 4.762821348868738092 ) ) ;
#2912 = CARTESIAN_POINT ( 'NONE',  ( 1.449674984028049645E-11, -3.274505671772997228, -4.762500000000000178 ) ) ;
#2913 = CARTESIAN_POINT ( 'NONE',  ( 3.115750615343596319, -3.889106506501927463, 3.543729594436894281 ) ) ;
#2914 = AXIS2_PLACEMENT_3D ( 'NONE', #3198, #3993, #3941 ) ;
#2915 = CARTESIAN_POINT ( 'NONE',  ( 3.918038746913496961, -4.129598703824470363, 0.000000000000000000 ) ) ;
#2916 = CARTESIAN_POINT ( 'NONE',  ( 3.146490969397869097, -3.457911835973135339, -3.588509233490825512 ) ) ;
#2917 = AXIS2_PLACEMENT_3D ( 'NONE', #4511, #2045, #1636 ) ;
#2918 = CARTESIAN_POINT ( 'NONE',  ( 4.762500000000000178, -4.959999999999999076, 0.000000000000000000 ) ) ;
#2919 = CARTESIAN_POINT ( 'NONE',  ( 4.609804658732765681, -6.221505156774279399, 1.235867389488432888 ) ) ;
#2920 = CARTESIAN_POINT ( 'NONE',  ( -0.004335327767145063550, -5.940181073248578691, -4.719232555348880531 ) ) ;
#2921 = DIRECTION ( 'NONE',  ( 0.9991561573079420500, 0.04106941184185994992, -0.0005260461871464732972 ) ) ;
#2922 = EDGE_LOOP ( 'NONE', ( #3617, #3427 ) ) ;
#2923 = CARTESIAN_POINT ( 'NONE',  ( -4.280239829104370841, -5.627216834115844613, -2.111185149951060769 ) ) ;
#2924 = CARTESIAN_POINT ( 'NONE',  ( 3.367596045400931715, -3.690000000000000391, 3.367596045400933491 ) ) ;
#2925 = CARTESIAN_POINT ( 'NONE',  ( 3.748871831634371876, -5.120838710883371725, 2.865607039020506619 ) ) ;
#2926 = CIRCLE ( 'NONE', #2313, 0.7500000000000001110 ) ;
#2927 = CARTESIAN_POINT ( 'NONE',  ( 0.000000000000000000, 6.000000000000007994, 0.7500000000000029976 ) ) ;
#2928 = CARTESIAN_POINT ( 'NONE',  ( -1.231510448630526167, -3.161674816170653379, -4.611138275798044361 ) ) ;
#2929 = CARTESIAN_POINT ( 'NONE',  ( 1.655258459863514497, -2.252010632431204584, 3.963458868083235220 ) ) ;
#2930 = ORIENTED_EDGE ( 'NONE', *, *, #724, .T. ) ;
#2931 = CARTESIAN_POINT ( 'NONE',  ( 2.064556029456757091, -6.003210307132849977, -4.304180832201603302 ) ) ;
#2932 = CARTESIAN_POINT ( 'NONE',  ( -2.910664118246425680, -5.312962822643181759, 3.782463755075878176 ) ) ;
#2933 = CARTESIAN_POINT ( 'NONE',  ( -1.420460040536392743, -6.547499999999991438, 4.545734211680150239 ) ) ;
#2934 = DIRECTION ( 'NONE',  ( 0.000000000000000000, 0.000000000000000000, 1.000000000000000000 ) ) ;
#2935 = CARTESIAN_POINT ( 'NONE',  ( -7.197320415514379411E-16, -2.139151296175529904, 3.918038746913496961 ) ) ;
#2936 = EDGE_CURVE ( 'NONE', #1337, #514, #3600, .T. ) ;
#2937 = CARTESIAN_POINT ( 'NONE',  ( 4.609713367056619049, -2.306925914362709662, -1.236685594032292501 ) ) ;
#2938 = CARTESIAN_POINT ( 'NONE',  ( 1.812961561257184773, -2.000000000000003997, 5.304139115663603299 ) ) ;
#2939 = CARTESIAN_POINT ( 'NONE',  ( 4.762328945112708212, -4.886505378432991265, -0.3164266541746431072 ) ) ;
#2940 = CARTESIAN_POINT ( 'NONE',  ( -3.150184472794954615, -2.785867831086769719, 3.585315511247426201 ) ) ;
#2941 = CARTESIAN_POINT ( 'NONE',  ( 2.114062483809285631, -3.816396236012093546, 4.278970688606155370 ) ) ;
#2942 = CARTESIAN_POINT ( 'NONE',  ( -7.000746497104166611E-16, -1.962804509500276628, 3.811028889841740597 ) ) ;
#2943 = CARTESIAN_POINT ( 'NONE',  ( -3.589822896573757305, -3.140344649067529303, -3.145365960438184505 ) ) ;
#2944 = CARTESIAN_POINT ( 'NONE',  ( -1.972692090801868137, -5.356875000000001386, 4.762499999999999289 ) ) ;
#2945 = PERSON ( 'UNSPECIFIED', 'UNSPECIFIED', 'UNSPECIFIED', ('UNSPECIFIED'), ('UNSPECIFIED'), ('UNSPECIFIED') ) ;
#2946 = CARTESIAN_POINT ( 'NONE',  ( 4.557270312442373239, -3.555583584493075211, 1.224175275391221396 ) ) ;
#2947 =( NAMED_UNIT ( * ) PLANE_ANGLE_UNIT ( ) SI_UNIT ( $, .RADIAN. ) );
#2948 = DIRECTION ( 'NONE',  ( 1.224646799147353454E-16, 0.000000000000000000, -1.000000000000000000 ) ) ;
#2949 = ORIENTED_EDGE ( 'NONE', *, *, #1997, .F. ) ;
#2950 = CARTESIAN_POINT ( 'NONE',  ( -7.197320415514368564E-16, -4.679151296175524166, 3.918038746913491632 ) ) ;
#2951 =( BOUNDED_SURFACE ( )  B_SPLINE_SURFACE ( 3, 2, ( 
 ( #124, #535, #177 ),
 ( #1853, #1795, #2285 ),
 ( #4729, #3472, #5142 ),
 ( #3963, #1739, #5085 ),
 ( #1381, #967, #1324 ),
 ( #1566, #3988, #1953 ),
 ( #4810, #3626, #3137 ),
 ( #1540, #1047, #2722 ),
 ( #711, #2819, #687 ),
 ( #665, #4398, #640 ),
 ( #2310, #1102, #5295 ),
 ( #4448, #4863, #2385 ),
 ( #3652, #1487, #3216 ),
 ( #1879, #2770, #3242 ),
 ( #740, #2357, #4038 ),
 ( #4887, #2745, #2792 ),
 ( #1074, #3164, #1125 ),
 ( #278, #1152, #2413 ),
 ( #1464, #4913, #4473 ),
 ( #4423, #230, #5224 ),
 ( #204, #4064, #304 ),
 ( #1901, #1515, #5319 ),
 ( #3553, #3578, #1978 ),
 ( #4498, #5246, #4835 ),
 ( #2334, #4012, #254 ),
 ( #1927, #3604, #5272 ),
 ( #3192, #2962, #2497 ),
 ( #2877, #3676, #5345 ),
 ( #4611, #1650, #4553 ),
 ( #1235, #2002, #1288 ),
 ( #2441, #794, #8 ),
 ( #2469, #3704, #5400 ),
 ( #2525, #1206, #3327 ),
 ( #4637, #1677, #2032 ),
 ( #4199, #4143, #387 ),
 ( #4116, #1593, #3269 ) ),
 .UNSPECIFIED., .F., .F., .F. ) 
 B_SPLINE_SURFACE_WITH_KNOTS ( ( 4, 2, 2, 2, 2, 2, 2, 2, 2, 2, 2, 2, 2, 2, 2, 2, 2, 4 ),
 ( 3, 3 ),
 ( 0.003994284249335437569, 0.005058044470669447248, 0.006121804692003457796, 0.006653684802670463069, 0.007185564913337467476, 0.008249325134671477155, 0.009313085356005487703, 0.01037684557733949825, 0.01144060579867350880, 0.01250436602000751761, 0.01356812624134152642, 0.01463188646267553697, 0.01569564668400954752, 0.01675940690534355806, 0.01782316712667756514, 0.01888692734801157569, 0.01995068756934558624, 0.02101444779067959678 ),
 ( 0.000000000000000000, 1.000000000000000000 ),
 .UNSPECIFIED. ) 
 GEOMETRIC_REPRESENTATION_ITEM ( )  RATIONAL_B_SPLINE_SURFACE ( (
 ( 1.000000000000000000, 0.8548012060251147792, 1.000000000000000000),
 ( 1.000000000000000000, 0.8547989776623368119, 1.000000000000000000),
 ( 1.000000000000000000, 0.8547987084015069570, 1.000000000000000000),
 ( 1.000000000000000000, 0.8548020773210749379, 1.000000000000000000),
 ( 1.000000000000000000, 0.8548056703343893670, 1.000000000000000000),
 ( 1.000000000000000000, 0.8548135501408021808, 1.000000000000000000),
 ( 1.000000000000000000, 0.8548147373764667378, 1.000000000000000000),
 ( 1.000000000000000000, 0.8548093044712670174, 1.000000000000000000),
 ( 1.000000000000000000, 0.8548069812694846226, 1.000000000000000000),
 ( 1.000000000000000000, 0.8548013138685615075, 1.000000000000000000),
 ( 1.000000000000000000, 0.8547992912436817026, 1.000000000000000000),
 ( 1.000000000000000000, 0.8547993066757908487, 1.000000000000000000),
 ( 1.000000000000000000, 0.8548012744035250465, 1.000000000000000000),
 ( 1.000000000000000000, 0.8548089158164745571, 1.000000000000000000),
 ( 1.000000000000000000, 0.8548161301384921140, 1.000000000000000000),
 ( 1.000000000000000000, 0.8548057178873392781, 1.000000000000000000),
 ( 1.000000000000000000, 0.8548020390495204568, 1.000000000000000000),
 ( 1.000000000000000000, 0.8547987072062369629, 1.000000000000000000),
 ( 1.000000000000000000, 0.8547989732263361340, 1.000000000000000000),
 ( 1.000000000000000000, 0.8548034485208217959, 1.000000000000000000),
 ( 1.000000000000000000, 0.8548075926060011431, 1.000000000000000000),
 ( 1.000000000000000000, 0.8548188738161680567, 1.000000000000000000),
 ( 1.000000000000000000, 0.8548068471889921360, 1.000000000000000000),
 ( 1.000000000000000000, 0.8548003012874402229, 1.000000000000000000),
 ( 1.000000000000000000, 0.8547988545819127371, 1.000000000000000000),
 ( 1.000000000000000000, 0.8547999813208706499, 1.000000000000000000),
 ( 1.000000000000000000, 0.8548025298624193358, 1.000000000000000000),
 ( 1.000000000000000000, 0.8548110787578035996, 1.000000000000000000),
 ( 1.000000000000000000, 0.8548135320138395832, 1.000000000000000000),
 ( 1.000000000000000000, 0.8548040270299114285, 1.000000000000000000),
 ( 1.000000000000000000, 0.8548009161173641957, 1.000000000000000000),
 ( 1.000000000000000000, 0.8547986508390217342, 1.000000000000000000),
 ( 1.000000000000000000, 0.8547995147414549910, 1.000000000000000000),
 ( 1.000000000000000000, 0.8548050007862796340, 1.000000000000000000),
 ( 1.000000000000000000, 0.8548096989768713128, 1.000000000000000000),
 ( 1.000000000000000000, 0.8548157496099217934, 1.000000000000000000) ) ) 
 REPRESENTATION_ITEM ( '' )  SURFACE ( )  );
#2952 = CARTESIAN_POINT ( 'NONE',  ( 4.762500000000000178, -2.181875000000001119, -1.972692090801865472 ) ) ;
#2953 = CARTESIAN_POINT ( 'NONE',  ( -2.902988407411390970, -4.140544805035698772, 3.788264186256407040 ) ) ;
#2954 = CARTESIAN_POINT ( 'NONE',  ( 1.588108772276521030, 0.3840309239041344025, -5.433957933909629112 ) ) ;
#2955 = ORIENTED_EDGE ( 'NONE', *, *, #3448, .T. ) ;
#2956 = CARTESIAN_POINT ( 'NONE',  ( -2.108593165958368765, -3.181658874549093241, -4.281524322451769393 ) ) ;
#2957 = CARTESIAN_POINT ( 'NONE',  ( 2.385252304452386340, -6.282297323123749777, 4.133867532940589840 ) ) ;
#2958 = ORIENTED_EDGE ( 'NONE', *, *, #167, .F. ) ;
#2959 = CARTESIAN_POINT ( 'NONE',  ( 4.652499651735860553, -6.185155571395422491, -1.068954640360204378 ) ) ;
#2960 = CARTESIAN_POINT ( 'NONE',  ( 0.000000000000000000, 7.245200206706154944, 2.655530028493292608E-15 ) ) ;
#2961 = DIRECTION ( 'NONE',  ( 0.000000000000000000, 1.000000000000000000, 0.000000000000000000 ) ) ;
#2962 = CARTESIAN_POINT ( 'NONE',  ( 3.999700226203530828, -2.537756609393126528, 2.610613081321210505 ) ) ;
#2963 = VERTEX_POINT ( 'NONE', #1668 ) ;
#2964 = CARTESIAN_POINT ( 'NONE',  ( 1.155150332998015950, -6.498699245194494267, 4.623214804761004437 ) ) ;
#2965 = DIRECTION ( 'NONE',  ( -0.000000000000000000, 1.000000000000000000, -0.000000000000000000 ) ) ;
#2966 = CARTESIAN_POINT ( 'NONE',  ( 4.610930329330623856, -2.411321425228090121, 1.231766929154450185 ) ) ;
#2967 = CARTESIAN_POINT ( 'NONE',  ( 4.231905274691053265, -6.136189599570243125, 2.087171029367894892 ) ) ;
#2968 = CARTESIAN_POINT ( 'NONE',  ( 2.879149214197588069, -5.172012266937088043, 3.738607996446461801 ) ) ;
#2969 = CARTESIAN_POINT ( 'NONE',  ( 1.236487880575423803, -4.596816550451433336, -4.609687948236113719 ) ) ;
#2970 = EDGE_CURVE ( 'NONE', #956, #2114, #3562, .T. ) ;
#2971 = CARTESIAN_POINT ( 'NONE',  ( 3.811028889841741041, -6.645929509500278165, -1.578579852768128955 ) ) ;
#2972 = CARTESIAN_POINT ( 'NONE',  ( -2.364591296938698850, -3.293766263475948364, -4.083384305759626187 ) ) ;
#2973 = CARTESIAN_POINT ( 'NONE',  ( -1.972692090801868137, -6.626874999999999183, 4.762499999999999289 ) ) ;
#2974 = CARTESIAN_POINT ( 'NONE',  ( -2.354451079961428217, -3.079455195993234806, -4.089512324990896452 ) ) ;
#2975 = CIRCLE ( 'NONE', #1049, 1.590000000000000080 ) ;
#2976 = EDGE_CURVE ( 'NONE', #2079, #2286, #999, .T. ) ;
#2977 = CARTESIAN_POINT ( 'NONE',  ( 0.5561598681797382815, -6.876810637402409832, -4.406814211692627659 ) ) ;
#2978 = CARTESIAN_POINT ( 'NONE',  ( 3.589773694898829248, -2.175905566943675762, -3.145340173090524605 ) ) ;
#2979 = EDGE_LOOP ( 'NONE', ( #3729, #5026, #4140 ) ) ;
#2980 = CIRCLE ( 'NONE', #92, 3.309416156571634904 ) ;
#2981 = CARTESIAN_POINT ( 'NONE',  ( -4.731851535840258194, -5.559849637570482450, -0.6238480200252676244 ) ) ;
#2982 = CARTESIAN_POINT ( 'NONE',  ( 3.367596045400931715, -6.230000000000001315, 3.367596045400933491 ) ) ;
#2983 = CARTESIAN_POINT ( 'NONE',  ( -4.762498616664339934, -4.251742062024879587, 0.3106164329040564387 ) ) ;
#2984 = CARTESIAN_POINT ( 'NONE',  ( 4.610277519698905202, -6.184243046652830422, 1.234905375590630960 ) ) ;
#2985 = CARTESIAN_POINT ( 'NONE',  ( -3.115682563259674076, -2.697139561335637925, 3.543798038845080711 ) ) ;
#2986 = CARTESIAN_POINT ( 'NONE',  ( 3.741121190200245916, -6.176565258849921136, 2.875952426963325426 ) ) ;
#2987 =( BOUNDED_SURFACE ( )  B_SPLINE_SURFACE ( 3, 2, ( 
 ( #2232, #5170, #1411 ),
 ( #559, #4141, #792 ),
 ( #4609, #764, #4939 ),
 ( #4524, #4578, #328 ),
 ( #1177, #1563, #385 ),
 ( #441, #5398, #4496 ),
 ( #1150, #2818, #1648 ),
 ( #4551, #358, #2439 ),
 ( #4911, #4197, #3787 ),
 ( #2030, #2902, #2523 ),
 ( #2111, #2057, #4114 ),
 ( #2873, #2466, #3702 ),
 ( #820, #2845, #3325 ),
 ( #5370, #1621, #3295 ) ),
 .UNSPECIFIED., .F., .F., .F. ) 
 B_SPLINE_SURFACE_WITH_KNOTS ( ( 4, 2, 2, 2, 2, 2, 4 ),
 ( 3, 3 ),
 ( 0.02763399532427825156, 0.02902348804682219896, 0.02971823440809417266, 0.03041298076936614289, 0.03110772713063811312, 0.03180247349191008682, 0.03319196621445403422 ),
 ( 0.000000000000000000, 1.000000000000000000 ),
 .UNSPECIFIED. ) 
 GEOMETRIC_REPRESENTATION_ITEM ( )  RATIONAL_B_SPLINE_SURFACE ( (
 ( 1.000000000000000000, 0.8547993407602312299, 1.000000000000000000),
 ( 1.000000000000000000, 0.8547988596128764938, 1.000000000000000000),
 ( 1.000000000000000000, 0.8548019595990870023, 1.000000000000000000),
 ( 1.000000000000000000, 0.8548108570679503471, 1.000000000000000000),
 ( 1.000000000000000000, 0.8548166370333684094, 1.000000000000000000),
 ( 1.000000000000000000, 0.8548092638669891885, 1.000000000000000000),
 ( 1.000000000000000000, 0.8548062404391112423, 1.000000000000000000),
 ( 1.000000000000000000, 0.8548017686402931137, 1.000000000000000000),
 ( 1.000000000000000000, 0.8548003008061015873, 1.000000000000000000),
 ( 1.000000000000000000, 0.8547990250792683042, 1.000000000000000000),
 ( 1.000000000000000000, 0.8547992360788294608, 1.000000000000000000),
 ( 1.000000000000000000, 0.8548023482899068659, 1.000000000000000000),
 ( 1.000000000000000000, 0.8548077160803394525, 1.000000000000000000),
 ( 1.000000000000000000, 0.8548157496099247910, 1.000000000000000000) ) ) 
 REPRESENTATION_ITEM ( '' )  SURFACE ( )  );
#2988 = ORIENTED_EDGE ( 'NONE', *, *, #3239, .F. ) ;
#2989 = CARTESIAN_POINT ( 'NONE',  ( -0.5003084101177351917, -5.919918301747663314, -4.693341897055386625 ) ) ;
#2990 = CARTESIAN_POINT ( 'NONE',  ( -2.905586088108573328, -5.681334196140946702, -3.786482890379240906 ) ) ;
#2991 = CARTESIAN_POINT ( 'NONE',  ( 2.540468604030314324E-16, -3.909505671772414370, 4.762500000000000178 ) ) ;
#2992 = CARTESIAN_POINT ( 'NONE',  ( -3.023288780388273089, -6.501773097291912329, 3.639599833860865719 ) ) ;
#2993 = CARTESIAN_POINT ( 'NONE',  ( 0.01367398242049669421, -6.486380328439405929, 4.773701051766830794 ) ) ;
#2994 = CARTESIAN_POINT ( 'NONE',  ( 3.918038746913496961, -5.631651296175530064, 0.000000000000000000 ) ) ;
#2995 = ORIENTED_EDGE ( 'NONE', *, *, #5258, .F. ) ;
#2996 = DIRECTION ( 'NONE',  ( 0.000000000000000000, -1.000000000000000000, 0.000000000000000000 ) ) ;
#2997 = CARTESIAN_POINT ( 'NONE',  ( 2.089483829104085366, -5.818800181442278507, -4.230929001229876363 ) ) ;
#2998 = CARTESIAN_POINT ( 'NONE',  ( 4.132405526572841659, -3.522652217365625393, -2.387833174156055449 ) ) ;
#2999 = CARTESIAN_POINT ( 'NONE',  ( -3.790691241756568353, -2.824138434287332799, 2.899769536597994968 ) ) ;
#3000 = CARTESIAN_POINT ( 'NONE',  ( -5.255826084717771381E-05, -3.848751825667553028, 4.762500652317758210 ) ) ;
#3001 = CARTESIAN_POINT ( 'NONE',  ( 2.694804371304934332, -3.074054509500276477, 2.694804371304935664 ) ) ;
#3002 = CARTESIAN_POINT ( 'NONE',  ( 4.517392883325920039, -3.623949221484518812, -1.540029307847406326 ) ) ;
#3003 = CARTESIAN_POINT ( 'NONE',  ( 3.367596045400931715, -6.388749999999999041, 3.367596045400933491 ) ) ;
#3004 = CARTESIAN_POINT ( 'NONE',  ( 2.112517490879991300, -4.576796536630023837, -4.279755937064411597 ) ) ;
#3005 = CARTESIAN_POINT ( 'NONE',  ( 1.518831295551553273, -3.251585838902002479, -4.467645310803402658 ) ) ;
#3006 = CARTESIAN_POINT ( 'NONE',  ( 0.3141003630600495145, -2.017148142385055465, -4.762499999999998401 ) ) ;
#3007 = VERTEX_POINT ( 'NONE', #2895 ) ;
#3008 = CIRCLE ( 'NONE', #376, 5.500000000000000000 ) ;
#3009 = FACE_OUTER_BOUND ( 'NONE', #3570, .T. ) ;
#3010 = EDGE_CURVE ( 'NONE', #1281, #1791, #2793, .T. ) ;
#3011 = CARTESIAN_POINT ( 'NONE',  ( 1.972692090801865916, -4.563125000000000320, -4.762500000000000178 ) ) ;
#3012 = CARTESIAN_POINT ( 'NONE',  ( -2.086660474615626981, -4.128489694465906190, 4.232300990147050079 ) ) ;
#3013 = CARTESIAN_POINT ( 'NONE',  ( 4.133964978734152140, -6.238470755441787752, 2.385321706402690367 ) ) ;
#3014 = CARTESIAN_POINT ( 'NONE',  ( -4.731808672884466382, -2.931450589473884261, 0.6225815258772344762 ) ) ;
#3015 = CARTESIAN_POINT ( 'NONE',  ( 3.589822897894607845, -5.985905351024148224, -3.145365958698451703 ) ) ;
#3016 = VERTEX_POINT ( 'NONE', #4905 ) ;
#3017 = CARTESIAN_POINT ( 'NONE',  ( 0.1572206415795004142, -5.858219273231260793, -4.771325004914784174 ) ) ;
#3018 = AXIS2_PLACEMENT_3D ( 'NONE', #3049, #2552, #1346 ) ;
#3019 = CARTESIAN_POINT ( 'NONE',  ( -3.584912238232502713, -5.643390735529663971, -3.150584716167188493 ) ) ;
#3020 = CARTESIAN_POINT ( 'NONE',  ( -1.242580761876899365, -3.962085235634595026, 4.608278574267046679 ) ) ;
#3021 = LINE ( 'NONE', #1431, #873 ) ;
#3022 = B_SPLINE_CURVE_WITH_KNOTS ( 'NONE', 3,
 ( #4403, #3531, #5277, #5205, #3968, #4790, #1028, #2702 ),
 .UNSPECIFIED., .F., .F.,
 ( 4, 2, 2, 4 ),
 ( 0.003213249942171107244, 0.004013500389788042695, 0.004813750837404978146, 0.006414251732638851650 ),
 .UNSPECIFIED. ) ;
#3023 =( BOUNDED_SURFACE ( )  B_SPLINE_SURFACE ( 1, 2, ( 
 ( #804, #4213, #4156, #3309, #455, #5384, #4978, #3802, #1216, #2888, #3830, #2973, #1273, #4564, #3003, #1715, #4678, #2565, #1687, #2043, #2480, #5007, #399, #19, #483, #371, #426, #2944, #1244, #3368, #4241, #72, #2918, #3422, #2154, #4182, #2069, #4596, #2510, #858, #2125, #3395, #2094, #5064, #4623, #1300, #4649, #1744, #2453, #2207, #5146, #129, #1359, #3884, #2649, #1385, #3939, #4706, #155, #568, #5228, #3501, #915, #3089, #2622, #3476, #5202, #1800, #2236, #1828, #3061, #1467, #2263, #4788, #943, #3966, #181, #4733, #972, #4294, #2180, #3855, #5175, #103, #1025, #1857, #3529 ),
 ( #4762, #1771, #4325, #2289, #3913, #540, #1443, #1416, #3447, #3117, #2700, #594, #2594, #1001, #2675, #3141, #4377, #4350, #620, #509, #5119, #4268, #208, #1883, #3558, #3033, #2362, #4891, #2797, #1930, #3631, #4867, #1544, #4476, #3991, #2725, #4017, #3581, #234, #1155, #743, #1957, #3220, #3168, #1598, #5275, #1905, #5249, #2823, #2314, #281, #715, #2416, #1493, #5298, #4041, #1569, #1105, #3248, #1130, #668, #643, #2773, #2390, #3655, #4093, #4401, #4068, #308, #334, #1981, #3607, #5323, #4917, #257, #2338, #4502, #2007, #3683, #5350, #4813, #1051, #4838, #1079, #2749, #1520, #3196 ) ),
 .UNSPECIFIED., .F., .F., .F. ) 
 B_SPLINE_SURFACE_WITH_KNOTS ( ( 2, 2 ),
 ( 3, 2, 2, 2, 2, 2, 2, 2, 2, 2, 2, 2, 2, 2, 2, 2, 2, 2, 2, 2, 2, 2, 2, 2, 2, 2, 2, 2, 2, 2, 2, 2, 2, 2, 2, 2, 2, 2, 2, 2, 2, 2, 2, 3 ),
 ( 0.000000000000000000, 1.000000000000000000 ),
 ( 0.000000000000000000, 0.02083333333333333218, 0.04166666666666666435, 0.06250000000000000000, 0.08333333333333332871, 0.1041666666666666713, 0.1250000000000000000, 0.1458333333333333426, 0.1666666666666666574, 0.1875000000000000000, 0.2083333333333333426, 0.2291666666666666574, 0.2500000000000000000, 0.2708333333333333148, 0.2916666666666666852, 0.3125000000000000000, 0.3333333333333333148, 0.3541666666666666852, 0.3750000000000000000, 0.3958333333333333148, 0.4166666666666666852, 0.4375000000000000000, 0.4583333333333333148, 0.4791666666666666852, 0.5000000000000000000, 0.5208333333333333703, 0.5416666666666666297, 0.5625000000000000000, 0.5833333333333333703, 0.6041666666666666297, 0.6250000000000000000, 0.6458333333333333703, 0.6666666666666666297, 0.6875000000000000000, 0.7083333333333333703, 0.7291666666666666297, 0.7500000000000000000, 0.7708333333333333703, 0.7916666666666666297, 0.8125000000000000000, 0.8333333333333333703, 0.8541666666666666297, 0.8750000000000000000, 0.8884155110006080047 ),
 .UNSPECIFIED. ) 
 GEOMETRIC_REPRESENTATION_ITEM ( )  RATIONAL_B_SPLINE_SURFACE ( (
 ( 1.000000000000000000, 0.9238795325112867385, 1.000000000000000000, 0.9238795325112867385, 1.000000000000000000, 0.9238795325112867385, 1.000000000000000000, 0.9238795325112867385, 1.000000000000000000, 0.9238795325112867385, 1.000000000000000000, 0.9238795325112867385, 1.000000000000000000, 0.9238795325112867385, 1.000000000000000000, 0.9238795325112867385, 1.000000000000000000, 0.9238795325112867385, 1.000000000000000000, 0.9238795325112867385, 1.000000000000000000, 0.9238795325112867385, 1.000000000000000000, 0.9238795325112867385, 1.000000000000000000, 0.9238795325112867385, 1.000000000000000000, 0.9238795325112867385, 1.000000000000000000, 0.9238795325112867385, 1.000000000000000000, 0.9238795325112867385, 1.000000000000000000, 0.9238795325112867385, 1.000000000000000000, 0.9238795325112867385, 1.000000000000000000, 0.9238795325112867385, 1.000000000000000000, 0.9238795325112867385, 1.000000000000000000, 0.9238795325112867385, 1.000000000000000000, 0.9238795325112867385, 1.000000000000000000, 0.9238795325112867385, 1.000000000000000000, 0.9238795325112867385, 1.000000000000000000, 0.9238795325112867385, 1.000000000000000000, 0.9238795325112867385, 1.000000000000000000, 0.9238795325112867385, 1.000000000000000000, 0.9238795325112867385, 1.000000000000000000, 0.9238795325112867385, 1.000000000000000000, 0.9238795325112867385, 1.000000000000000000, 0.9238795325112867385, 1.000000000000000000, 0.9238795325112867385, 1.000000000000000000, 0.9238795325112867385, 1.000000000000000000, 0.9238795325112867385, 1.000000000000000000, 0.9238795325112867385, 1.000000000000000000, 0.9238795325112867385, 1.000000000000000000, 0.9238795325112867385, 1.000000000000000000, 0.9238795325112867385, 1.000000000000000000, 0.9238795325112867385, 1.000000000000000000, 0.9238795325112867385, 1.000000000000000000, 0.9238795325112867385, 1.000000000000000000, 0.9238795325112867385, 1.000000000000000000, 0.9509826414896197511, 0.9650942025616475739),
 ( 1.000000000000000000, 0.9238795325112867385, 1.000000000000000000, 0.9238795325112867385, 1.000000000000000000, 0.9238795325112867385, 1.000000000000000000, 0.9238795325112867385, 1.000000000000000000, 0.9238795325112867385, 1.000000000000000000, 0.9238795325112867385, 1.000000000000000000, 0.9238795325112867385, 1.000000000000000000, 0.9238795325112867385, 1.000000000000000000, 0.9238795325112867385, 1.000000000000000000, 0.9238795325112867385, 1.000000000000000000, 0.9238795325112867385, 1.000000000000000000, 0.9238795325112867385, 1.000000000000000000, 0.9238795325112867385, 1.000000000000000000, 0.9238795325112867385, 1.000000000000000000, 0.9238795325112867385, 1.000000000000000000, 0.9238795325112867385, 1.000000000000000000, 0.9238795325112867385, 1.000000000000000000, 0.9238795325112867385, 1.000000000000000000, 0.9238795325112867385, 1.000000000000000000, 0.9238795325112867385, 1.000000000000000000, 0.9238795325112867385, 1.000000000000000000, 0.9238795325112867385, 1.000000000000000000, 0.9238795325112867385, 1.000000000000000000, 0.9238795325112867385, 1.000000000000000000, 0.9238795325112867385, 1.000000000000000000, 0.9238795325112867385, 1.000000000000000000, 0.9238795325112867385, 1.000000000000000000, 0.9238795325112867385, 1.000000000000000000, 0.9238795325112867385, 1.000000000000000000, 0.9238795325112867385, 1.000000000000000000, 0.9238795325112867385, 1.000000000000000000, 0.9238795325112867385, 1.000000000000000000, 0.9238795325112867385, 1.000000000000000000, 0.9238795325112867385, 1.000000000000000000, 0.9238795325112867385, 1.000000000000000000, 0.9238795325112867385, 1.000000000000000000, 0.9238795325112867385, 1.000000000000000000, 0.9238795325112867385, 1.000000000000000000, 0.9238795325112867385, 1.000000000000000000, 0.9238795325112867385, 1.000000000000000000, 0.9238795325112867385, 1.000000000000000000, 0.9238795325112867385, 1.000000000000000000, 0.9509826414896197511, 0.9650942025616475739) ) ) 
 REPRESENTATION_ITEM ( '' )  SURFACE ( )  );
#3024 = ORIENTED_EDGE ( 'NONE', *, *, #2613, .F. ) ;
#3025 = CARTESIAN_POINT ( 'NONE',  ( 1.622904786874857175, -4.123526296175530348, -3.918038746913496961 ) ) ;
#3026 = CARTESIAN_POINT ( 'NONE',  ( -3.918038746913496961, -7.536651296175530312, -4.798213610342920265E-16 ) ) ;
#3027 = CARTESIAN_POINT ( 'NONE',  ( 1.518797082190024073, -5.791584251009502360, -4.467656909633275220 ) ) ;
#3028 = CARTESIAN_POINT ( 'NONE',  ( 2.383624268149265646, -3.418100712085798687, -4.134999219036417983 ) ) ;
#3029 = CARTESIAN_POINT ( 'NONE',  ( 4.131967122048887830, -4.755405629921933830, -2.388423058342630689 ) ) ;
#3030 = CARTESIAN_POINT ( 'NONE',  ( -3.811028889841740597, -3.550304509500276762, -4.667164331402779384E-16 ) ) ;
#3031 = B_SPLINE_CURVE_WITH_KNOTS ( 'NONE', 3,
 ( #2144, #3108, #146, #2169, #498, #1402, #88, #558 ),
 .UNSPECIFIED., .F., .F.,
 ( 4, 2, 2, 4 ),
 ( 0.003213249942171111581, 0.004013500389788046165, 0.004813750837404981615, 0.006414251732638852517 ),
 .UNSPECIFIED. ) ;
#3032 = CARTESIAN_POINT ( 'NONE',  ( 3.785225024000771654, -3.556744133810218589, -2.906990643347798553 ) ) ;
#3033 = CARTESIAN_POINT ( 'NONE',  ( -3.918038746913497850, -5.955223703824469972, 1.622904786874856287 ) ) ;
#3034 = CARTESIAN_POINT ( 'NONE',  ( -4.133078537290777454, -4.333539822644620898, -2.386671314413088218 ) ) ;
#3035 = B_SPLINE_CURVE_WITH_KNOTS ( 'NONE', 3,
 ( #4569, #3808, #810, #3400, #4161, #5069, #1305, #5416, #1666, #3342, #5012, #1250, #2923, #2101, #24, #2981, #4246, #488, #2243, #2655, #1887, #1806, #5209, #214, #3508, #2213, #3919, #3456, #546, #1007, #949, #3892, #162, #1449 ),
 .UNSPECIFIED., .F., .F.,
 ( 4, 2, 2, 2, 2, 2, 2, 2, 2, 2, 2, 2, 2, 2, 2, 2, 4 ),
 ( 0.01649286319581012503, 0.01743328396700637509, 0.01837370473820262515, 0.01931412550939887521, 0.02025454628059512527, 0.02119496705179137533, 0.02213538782298762539, 0.02307580859418387545, 0.02401622936538012551, 0.02495665013657637557, 0.02589707090777262563, 0.02683749167896887569, 0.02777791245016512922, 0.02871833322136137928, 0.02965875399255762934, 0.03059917476375387940, 0.03153959553495012946 ),
 .UNSPECIFIED. ) ;
#3036 = CARTESIAN_POINT ( 'NONE',  ( -4.709048288714160257, -2.855831552743265167, 0.3041138545226388379 ) ) ;
#3037 = CARTESIAN_POINT ( 'NONE',  ( 0.2792180849347315474, -6.868614244862855323, -4.441385755137207347 ) ) ;
#3038 = DIRECTION ( 'NONE',  ( 0.000000000000000000, 0.000000000000000000, 1.000000000000000000 ) ) ;
#3039 = VERTEX_POINT ( 'NONE', #1145 ) ;
#3040 = CARTESIAN_POINT ( 'NONE',  ( 1.236493549460915720, -3.326816802019711083, -4.609686541924851610 ) ) ;
#3041 = CARTESIAN_POINT ( 'NONE',  ( -0.2014871057496484819, -1.996329829157474256, -4.758235933223221359 ) ) ;
#3042 = CARTESIAN_POINT ( 'NONE',  ( -4.281943038732316964, -4.171413456751048798, 2.107739670752463379 ) ) ;
#3043 = CARTESIAN_POINT ( 'NONE',  ( 4.281815104689397522, -6.224849035340771941, 2.107997160294376116 ) ) ;
#3044 = CARTESIAN_POINT ( 'NONE',  ( -4.134458163031189848, -2.850618138200001539, 2.384174061133919942 ) ) ;
#3045 = EDGE_CURVE ( 'NONE', #4919, #3159, #4204, .T. ) ;
#3046 = CARTESIAN_POINT ( 'NONE',  ( 1.238341009861549713, -5.806131748504857804, -4.609195065479828379 ) ) ;
#3047 = VERTEX_POINT ( 'NONE', #406 ) ;
#3048 = CARTESIAN_POINT ( 'NONE',  ( -3.032763454842485551, -5.417642388361857186, 3.675713387100101315 ) ) ;
#3049 = CARTESIAN_POINT ( 'NONE',  ( 0.000000000000000000, -2.000000000000000000, -1.653408313040394459E-15 ) ) ;
#3050 = MANIFOLD_SOLID_BREP ( 'Revolve2', #4825 ) ;
#3051 = CARTESIAN_POINT ( 'NONE',  ( -4.762220654796607278, -4.239809816706263668, -0.3180016461755942325 ) ) ;
#3052 = CARTESIAN_POINT ( 'NONE',  ( -1.823574971738942452, -6.441013981556149126, 4.347460998273252386 ) ) ;
#3053 = ORIENTED_EDGE ( 'NONE', *, *, #1997, .T. ) ;
#3054 = CARTESIAN_POINT ( 'NONE',  ( 3.918038746913496961, -3.012276296175530721, -1.622904786874857175 ) ) ;
#3055 = CARTESIAN_POINT ( 'NONE',  ( 1.622904786874857175, -7.933526296175529957, -3.918038746913496961 ) ) ;
#3056 = CARTESIAN_POINT ( 'NONE',  ( 0.6222570849090107714, -5.751562096591340101, -4.677461566145381333 ) ) ;
#3057 = CARTESIAN_POINT ( 'NONE',  ( 3.145576092097450260, -3.457861700344460498, -3.589307852325889225 ) ) ;
#3058 = DIRECTION ( 'NONE',  ( 0.000000000000000000, 0.000000000000000000, 1.000000000000000000 ) ) ;
#3059 = CARTESIAN_POINT ( 'NONE',  ( -3.811028889841741041, -6.169679509500276104, -1.578579852768129621 ) ) ;
#3060 = CARTESIAN_POINT ( 'NONE',  ( 3.542876225896575360, -3.571556216358111602, -3.116673935768400128 ) ) ;
#3061 = CARTESIAN_POINT ( 'NONE',  ( -3.367596045400932603, -1.943749999999999201, -3.367596045400933047 ) ) ;
#3062 = CARTESIAN_POINT ( 'NONE',  ( -3.785198488798362071, -4.299507696905469523, -2.907025150502865696 ) ) ;
#3063 = CARTESIAN_POINT ( 'NONE',  ( -4.677453934684622894, -2.894053305110502183, -0.6220378837596964861 ) ) ;
#3064 = DIRECTION ( 'NONE',  ( 6.005672965859241974E-17, -0.8714972372446372351, 0.4904004134123097214 ) ) ;
#3065 = CARTESIAN_POINT ( 'NONE',  ( 4.132571545943009461, -2.428577232641037753, 2.387391226558445823 ) ) ;
#3066 = ORIENTED_EDGE ( 'NONE', *, *, #1807, .F. ) ;
#3067 = CARTESIAN_POINT ( 'NONE',  ( 4.519753015892996828, -3.526284009101751327, -1.533134456291140646 ) ) ;
#3068 = CARTESIAN_POINT ( 'NONE',  ( 4.012013370825194158, -2.120958071368104658, -2.469715261229750158 ) ) ;
#3069 = CARTESIAN_POINT ( 'NONE',  ( -2.869176722111760114, -4.168529444949877316, 3.746174662659325971 ) ) ;
#3070 = CARTESIAN_POINT ( 'NONE',  ( 0.000000000000000000, -7.500000000000000000, 4.762500000000000178 ) ) ;
#3071 = ORIENTED_EDGE ( 'NONE', *, *, #3584, .F. ) ;
#3072 = CARTESIAN_POINT ( 'NONE',  ( 0.000000000000000000, -6.547499999999991438, 0.000000000000000000 ) ) ;
#3073 = CARTESIAN_POINT ( 'NONE',  ( 4.762500298036677293, -6.119504431159452196, -0.3105914009777780982 ) ) ;
#3074 = AXIS2_PLACEMENT_3D ( 'NONE', #1748, #3917, #3038 ) ;
#3075 = ORIENTED_EDGE ( 'NONE', *, *, #3819, .F. ) ;
#3076 = CARTESIAN_POINT ( 'NONE',  ( -4.767532273655264774, -5.585066044867536661, 0.2489784278884457080 ) ) ;
#3077 = CARTESIAN_POINT ( 'NONE',  ( -0.3329948471473534455, -2.028341358781099224, -4.762499999999280753 ) ) ;
#3078 = CIRCLE ( 'NONE', #5262, 0.5000000000000000000 ) ;
#3079 = CARTESIAN_POINT ( 'NONE',  ( -4.517775942733969430, -4.293017437952681981, -1.538894220332936991 ) ) ;
#3080 = CARTESIAN_POINT ( 'NONE',  ( -0.4717284647983450152, -6.380212737899975117, 4.690728146394489428 ) ) ;
#3081 = EDGE_LOOP ( 'NONE', ( #5207, #1991, #5388, #2438 ) ) ;
#3082 = CARTESIAN_POINT ( 'NONE',  ( -1.287024914235228579, -6.602044818921911862, 4.596983998702889984 ) ) ;
#3083 = CARTESIAN_POINT ( 'NONE',  ( -2.770471766894176735, -6.425401296175530241, -2.770471766894177179 ) ) ;
#3084 = EDGE_CURVE ( 'NONE', #3834, #4374, #2075, .T. ) ;
#3085 = CARTESIAN_POINT ( 'NONE',  ( 0.000000000000000000, 3.499999999999999556, 2.941287793933206948E-15 ) ) ;
#3086 = CARTESIAN_POINT ( 'NONE',  ( -3.811164551738610146E-16, -3.946744328227586252, 4.762500000000000178 ) ) ;
#3087 = CARTESIAN_POINT ( 'NONE',  ( -7.000746497104166611E-16, -4.623445490499722865, 3.811028889841740597 ) ) ;
#3088 = CARTESIAN_POINT ( 'NONE',  ( 3.791065158758096576, -3.822849306545262227, 2.899289916155559865 ) ) ;
#3089 = CARTESIAN_POINT ( 'NONE',  ( 4.762499999999999289, -2.499374999999998792, 1.972692090801868581 ) ) ;
#3090 = CARTESIAN_POINT ( 'NONE',  ( -4.732152293872622373, -4.140798969020592857, 0.6199513320867473531 ) ) ;
#3091 = CARTESIAN_POINT ( 'NONE',  ( 0.000000000000000000, -2.000000000000000000, 1.734723475976807094E-15 ) ) ;
#3092 = APPROVAL_ROLE ( '' ) ;
#3093 = B_SPLINE_CURVE_WITH_KNOTS ( 'NONE', 3,
 ( #4492, #27, #814, #4519, #2841, #3753, #4109, #2897, #760, #353, #2025, #735, #2408, #5015, #324, #4137, #5366, #2490 ),
 .UNSPECIFIED., .F., .F.,
 ( 4, 2, 2, 2, 2, 2, 2, 2, 4 ),
 ( 0.000000000000000000, 0.0006968381900930684276, 0.001045257285139603509, 0.001219466832662870290, 0.001306571606424504007, 0.001350123993305320323, 0.001371900186745729023, 0.001382788283465934348, 0.001393676380186139674 ),
 .UNSPECIFIED. ) ;
#3094 = CARTESIAN_POINT ( 'NONE',  ( -5.500000000000000000, -2.000000000000000000, 1.734723475976807094E-15 ) ) ;
#3095 = EDGE_LOOP ( 'NONE', ( #3127, #5068, #2640, #1505 ) ) ;
#3096 = CARTESIAN_POINT ( 'NONE',  ( 4.281796085530901408, -3.684850914824256751, 2.108035995226584358 ) ) ;
#3097 = CARTESIAN_POINT ( 'NONE',  ( 1.952664384306480816, -2.089875419028623060, -4.355244104467660193 ) ) ;
#3098 = CARTESIAN_POINT ( 'NONE',  ( -4.086936581794683221, -4.459502033386900877, -2.358476324801220159 ) ) ;
#3099 = CARTESIAN_POINT ( 'NONE',  ( 3.149949410937816552, -6.303148701193451053, 3.585493933719707815 ) ) ;
#3100 = CARTESIAN_POINT ( 'NONE',  ( -4.089662358243733919, -2.761983832747321621, 2.353809596592178366 ) ) ;
#3101 = CARTESIAN_POINT ( 'NONE',  ( 2.906140724602255254, -5.886962759563386882, -3.785759535134660680 ) ) ;
#3102 = AXIS2_PLACEMENT_3D ( 'NONE', #2591, #69, #5087 ) ;
#3103 = ORIENTED_EDGE ( 'NONE', *, *, #4212, .F. ) ;
#3104 = CARTESIAN_POINT ( 'NONE',  ( -4.767660926080454331, -5.524411665741647326, 0.2464239490127093646 ) ) ;
#3105 = CARTESIAN_POINT ( 'NONE',  ( 4.557106859579282521, -4.935669301939551445, -1.224036605871168248 ) ) ;
#3106 = AXIS2_PLACEMENT_3D ( 'NONE', #2210, #3452, #1335 ) ;
#3107 = CARTESIAN_POINT ( 'NONE',  ( -3.150184618146757654, -4.055867837543256194, 3.585315411068422886 ) ) ;
#3108 = CARTESIAN_POINT ( 'NONE',  ( -2.516616041062792242, -2.000000000000005329, 4.897884012331349624 ) ) ;
#3109 = CARTESIAN_POINT ( 'NONE',  ( 0.6238839538045947153, -3.823132225069340251, 4.731641852984727059 ) ) ;
#3110 = CARTESIAN_POINT ( 'NONE',  ( -0.4691599597887149420, -6.572081023645880649, 4.714633493019174004 ) ) ;
#3111 = CARTESIAN_POINT ( 'NONE',  ( -4.084522878406756874, -5.514892267582240493, -2.362815428579341681 ) ) ;
#3112 = CARTESIAN_POINT ( 'NONE',  ( 2.391628390408429894, -3.839963898515321716, 4.130267704517293303 ) ) ;
#3113 = ORIENTED_EDGE ( 'NONE', *, *, #1085, .T. ) ;
#3114 = ADVANCED_FACE ( 'NONE', ( #1584 ), #5014, .F. ) ;
#3115 = CARTESIAN_POINT ( 'NONE',  ( 3.811028889841739709, -4.385320490499722723, 1.578579852768131397 ) ) ;
#3116 = CARTESIAN_POINT ( 'NONE',  ( 2.111436498009446439, -3.853734427708170429, 4.280125644450777145 ) ) ;
#3117 = CARTESIAN_POINT ( 'NONE',  ( -3.918038746913497850, -7.225223703824470434, 1.622904786874856287 ) ) ;
#3118 = CARTESIAN_POINT ( 'NONE',  ( -4.708228808819064248, -4.151104481669519508, -0.3165923855571842749 ) ) ;
#3119 = CARTESIAN_POINT ( 'NONE',  ( -2.100836724981799630, -2.153038307734507217, -3.950946383427662134 ) ) ;
#3120 = CARTESIAN_POINT ( 'NONE',  ( -3.832710482662208484, -7.461106203299328499, -0.4047180183848438362 ) ) ;
#3121 = CARTESIAN_POINT ( 'NONE',  ( 4.519030072460108016, -3.657836366824430474, 1.534913899682932570 ) ) ;
#3122 = CARTESIAN_POINT ( 'NONE',  ( -0.1989557452120570280, -1.935675053964301950, -4.758343123475131442 ) ) ;
#3123 = CARTESIAN_POINT ( 'NONE',  ( 3.144532045077597537, -4.788564281104456200, -3.590232731577521097 ) ) ;
#3124 = DIRECTION ( 'NONE',  ( 0.000000000000000000, 0.000000000000000000, 1.000000000000000000 ) ) ;
#3125 = CARTESIAN_POINT ( 'NONE',  ( -2.129484856476046239, -5.400584126532503859, 4.211442127735095298 ) ) ;
#3126 = CARTESIAN_POINT ( 'NONE',  ( -2.354242839738217796, -5.619465757912843529, -4.089636180484670369 ) ) ;
#3127 = ORIENTED_EDGE ( 'NONE', *, *, #3848, .F. ) ;
#3128 = EDGE_LOOP ( 'NONE', ( #1805, #2134, #4280, #4080, #2241 ) ) ;
#3129 = CARTESIAN_POINT ( 'NONE',  ( -3.729006388004590278, -5.731605322721063267, -2.966932015914300891 ) ) ;
#3130 = CARTESIAN_POINT ( 'NONE',  ( 0.001164548443838746847, -4.035488573721849548, 4.708643258879270377 ) ) ;
#3131 = CARTESIAN_POINT ( 'NONE',  ( 4.281943035952690657, -4.954836543521738079, 2.107739676381142679 ) ) ;
#3132 = DIRECTION ( 'NONE',  ( 0.000000000000000000, 0.000000000000000000, 1.000000000000000000 ) ) ;
#3133 = ADVANCED_FACE ( 'NONE', ( #53 ), #3343, .T. ) ;
#3134 = CARTESIAN_POINT ( 'NONE',  ( 4.518264581437931859, -3.597171258038367903, 1.537171427332858054 ) ) ;
#3135 = VERTEX_POINT ( 'NONE', #995 ) ;
#3136 = CARTESIAN_POINT ( 'NONE',  ( -3.918038746913496961, -7.304598703824470185, -4.798213610342920265E-16 ) ) ;
#3137 = CARTESIAN_POINT ( 'NONE',  ( 0.05451301984550789570, -2.132702315386117320, -4.711748462387576275 ) ) ;
#3138 = CARTESIAN_POINT ( 'NONE',  ( 2.333582165701389692E-16, -3.988445490499723523, -3.811028889841740597 ) ) ;
#3139 = CARTESIAN_POINT ( 'NONE',  ( -4.677449823602997547, -4.164054609965239351, -0.6220682450092035465 ) ) ;
#3140 = AXIS2_PLACEMENT_3D ( 'NONE', #4372, #3962, #3908 ) ;
#3141 = CARTESIAN_POINT ( 'NONE',  ( 3.918038746913496073, -6.748973703824470149, 1.622904786874859839 ) ) ;
#3142 = EDGE_CURVE ( 'NONE', #3493, #2242, #4464, .T. ) ;
#3143 = CARTESIAN_POINT ( 'NONE',  ( -2.879149228688492101, -3.954237733843638747, 3.738607985117337495 ) ) ;
#3144 = CARTESIAN_POINT ( 'NONE',  ( 0.002507410479071959901, -6.449404760035468698, 4.762499339936194787 ) ) ;
#3145 = APPROVAL_DATE_TIME ( #4020, #160 ) ;
#3146 = CARTESIAN_POINT ( 'NONE',  ( -3.667169756975032335, -7.461505217118072686, -1.184282130018665224 ) ) ;
#3147 = CARTESIAN_POINT ( 'NONE',  ( -3.111677360662079561, -2.911750349209317967, 3.547280740687691392 ) ) ;
#3148 = CARTESIAN_POINT ( 'NONE',  ( 4.167065311117638338, -2.134628606718361965, -2.198023136773480601 ) ) ;
#3149 = CARTESIAN_POINT ( 'NONE',  ( -4.282172522451277885, -4.417806277869067877, -2.107530679427813691 ) ) ;
#3150 = EDGE_CURVE ( 'NONE', #439, #1791, #3243, .T. ) ;
#3151 = CARTESIAN_POINT ( 'NONE',  ( 0.000000000000000000, 6.999999999999999112, 1.957629832425597405 ) ) ;
#3152 = CARTESIAN_POINT ( 'NONE',  ( -3.613145277185007220, -6.740637719286017848, -2.822248184486729095 ) ) ;
#3153 = CARTESIAN_POINT ( 'NONE',  ( -3.108090921507028703, -5.579697985032189500, -3.550403823124006042 ) ) ;
#3154 = ORIENTED_EDGE ( 'NONE', *, *, #296, .F. ) ;
#3155 = CARTESIAN_POINT ( 'NONE',  ( -3.400005860469090369, -5.377187152924825853, 3.338934724650605368 ) ) ;
#3156 = CARTESIAN_POINT ( 'NONE',  ( -0.3099400000467452676, -4.048150033488282062, 4.708721920695306373 ) ) ;
#3157 = CARTESIAN_POINT ( 'NONE',  ( 4.132760194067984116, -4.907807211485659238, 2.387408079258412030 ) ) ;
#3158 = CARTESIAN_POINT ( 'NONE',  ( -3.734907621068253913, -7.354586032242258042, -1.345550192268495593 ) ) ;
#3159 = VERTEX_POINT ( 'NONE', #591 ) ;
#3160 = CARTESIAN_POINT ( 'NONE',  ( 4.708884893768338742, -3.490859930722763682, -0.3034842137911949456 ) ) ;
#3161 = AXIS2_PLACEMENT_3D ( 'NONE', #3186, #225, #4032 ) ;
#3162 = DIRECTION ( 'NONE',  ( 0.000000000000000000, -1.000000000000000000, -1.111353676405166014E-16 ) ) ;
#3163 = CARTESIAN_POINT ( 'NONE',  ( 4.692428440071076068, -2.213986367814553269, -0.4657114992641642748 ) ) ;
#3164 = CARTESIAN_POINT ( 'NONE',  ( 4.030593081855148974, -2.304688036119340477, -2.562669237362664276 ) ) ;
#3165 = CARTESIAN_POINT ( 'NONE',  ( -0.9875431785175736721, -1.278148332996200676, -3.811028889841740597 ) ) ;
#3166 = ORIENTED_EDGE ( 'NONE', *, *, #2034, .F. ) ;
#3167 = CARTESIAN_POINT ( 'NONE',  ( 3.551657567623121903, -4.627262771555026077, -3.107018176723083780 ) ) ;
#3168 = CARTESIAN_POINT ( 'NONE',  ( -1.622904786874859173, -4.526473703824470007, 3.918038746913496073 ) ) ;
#3169 = CARTESIAN_POINT ( 'NONE',  ( -2.110722796781940858, -4.488771705508666443, -4.280639727743599465 ) ) ;
#3170 = APPLICATION_CONTEXT ( 'configuration controlled 3d designs of mechanical parts and assemblies' ) ;
#3171 = CARTESIAN_POINT ( 'NONE',  ( -1.972874882355035719, -2.254251777005801927, -3.803087465492373198 ) ) ;
#3172 = APPROVAL_ROLE ( '' ) ;
#3173 = CARTESIAN_POINT ( 'NONE',  ( -1.622904786874859173, -7.066473703824470043, 3.918038746913496073 ) ) ;
#3174 = CARTESIAN_POINT ( 'NONE',  ( -4.732071190202415067, -3.029455953622290920, 0.6222450624034570055 ) ) ;
#3175 = CARTESIAN_POINT ( 'NONE',  ( 4.743306991219133906, -2.343732434166982070, 0.5318628408227656923 ) ) ;
#3176 = CARTESIAN_POINT ( 'NONE',  ( -4.234306420038913998, -4.445788530763369550, -2.082548137575335190 ) ) ;
#3177 = CARTESIAN_POINT ( 'NONE',  ( -5.499999999999998224, -1.780412382288657058, 2.141653731741702593 ) ) ;
#3178 = CARTESIAN_POINT ( 'NONE',  ( -2.944448403700509864, -6.766637519148023472, -3.465106138139551373 ) ) ;
#3179 = CARTESIAN_POINT ( 'NONE',  ( -2.904450181094260675, -5.620631304562976993, -3.787359793220868909 ) ) ;
#3180 = EDGE_CURVE ( 'NONE', #4876, #2963, #5083, .T. ) ;
#3181 = ORIENTED_EDGE ( 'NONE', *, *, #287, .T. ) ;
#3182 = CARTESIAN_POINT ( 'NONE',  ( -0.3275367545633318112, -5.290677956741758337, 4.762504177212388612 ) ) ;
#3183 = CARTESIAN_POINT ( 'NONE',  ( 4.762500000000000178, -8.531875000000001208, -1.972692090801865472 ) ) ;
#3184 = CARTESIAN_POINT ( 'NONE',  ( -4.678410164129546800, -4.378587496129964229, -0.6152849387930962033 ) ) ;
#3185 = CARTESIAN_POINT ( 'NONE',  ( 1.534937256162471009, -5.052932922180385589, 4.519161914854116446 ) ) ;
#3186 = CARTESIAN_POINT ( 'NONE',  ( -0.002389423814053384491, -5.216842554312614233, 4.662499387737637058 ) ) ;
#3187 = CARTESIAN_POINT ( 'NONE',  ( 3.589850700820207852, -3.445907087705147642, -3.145334325371845097 ) ) ;
#3188 = AXIS2_PLACEMENT_3D ( 'NONE', #4657, #869, #139 ) ;
#3189 = CARTESIAN_POINT ( 'NONE',  ( 0.7225093960374063817, -2.735423533145809660, 4.666509872626102506 ) ) ;
#3190 = APPROVAL_PERSON_ORGANIZATION ( #1908, #4283, #3092 ) ;
#3191 = CARTESIAN_POINT ( 'NONE',  ( 3.288103273572559271, -2.071926803049434440, -3.380039518346897420 ) ) ;
#3192 = CARTESIAN_POINT ( 'NONE',  ( 3.998236752040707831, -2.477104623086966662, 2.612844914951633957 ) ) ;
#3193 = CARTESIAN_POINT ( 'NONE',  ( -2.694804371304934332, -5.099695490499723149, -2.694804371304934776 ) ) ;
#3194 = CARTESIAN_POINT ( 'NONE',  ( 0.3099399998653659116, -5.078099966519098452, 4.708721920695261076 ) ) ;
#3195 = CONICAL_SURFACE ( 'NONE', #3280, 5.499999999999999112, 1.047197551196600074 ) ;
#3196 = CARTESIAN_POINT ( 'NONE',  ( -1.902785016400294849, -1.169046021621033660, -3.424972525974188997 ) ) ;
#3197 = CARTESIAN_POINT ( 'NONE',  ( -2.388814800785774572, -4.475101477875622180, -4.131730481614972916 ) ) ;
#3198 = CARTESIAN_POINT ( 'NONE',  ( 0.000000000000000000, 5.722886414021193247, 2.058521631565233228E-15 ) ) ;
#3199 = COORDINATED_UNIVERSAL_TIME_OFFSET ( 6, 0, .BEHIND. ) ;
#3200 = CARTESIAN_POINT ( 'NONE',  ( 2.399106805171460132E-16, -7.622098703824470078, -3.918038746913496961 ) ) ;
#3201 = CARTESIAN_POINT ( 'NONE',  ( -3.150095193909578928, -2.823109233101846804, 3.585367421549952027 ) ) ;
#3202 = CARTESIAN_POINT ( 'NONE',  ( 3.292522759461522064, -2.424352368777431543, 3.444675489921497746 ) ) ;
#3203 = DIRECTION ( 'NONE',  ( 0.000000000000000000, 0.000000000000000000, 1.000000000000000000 ) ) ;
#3204 = CARTESIAN_POINT ( 'NONE',  ( -0.3163758746201310035, -5.318412038407475784, 4.708727999655349272 ) ) ;
#3205 = CARTESIAN_POINT ( 'NONE',  ( -1.231538962934983772, -5.701673540765755277, -4.611130591177084348 ) ) ;
#3206 = VERTEX_POINT ( 'NONE', #3415 ) ;
#3207 = CARTESIAN_POINT ( 'NONE',  ( 2.770471766894173182, -6.742901296175528358, -2.770471766894172738 ) ) ;
#3208 = CARTESIAN_POINT ( 'NONE',  ( 1.972692090801866360, -7.579375000000001528, 4.762499999999999289 ) ) ;
#3209 = CARTESIAN_POINT ( 'NONE',  ( 4.600273303476550169, 0.2825236417604790606, -3.694883930977848951 ) ) ;
#3210 = CARTESIAN_POINT ( 'NONE',  ( 3.148176684156870575, -4.972486537595163014, 3.587057341954772660 ) ) ;
#3211 = CARTESIAN_POINT ( 'NONE',  ( -5.500000000000000000, -0.01738525708133235523, 3.175426480542941743 ) ) ;
#3212 = ADVANCED_FACE ( 'NONE', ( #2259 ), #2951, .T. ) ;
#3213 = CARTESIAN_POINT ( 'NONE',  ( 4.609636033508620834, -3.539704946784195005, -1.236789256532713654 ) ) ;
#3214 = FACE_OUTER_BOUND ( 'NONE', #3549, .T. ) ;
#3215 = CARTESIAN_POINT ( 'NONE',  ( 0.000000000000000000, -2.000000000000000000, 1.734723475976807094E-15 ) ) ;
#3216 = CARTESIAN_POINT ( 'NONE',  ( 2.448429360816674727, -2.241483761339926772, -4.038234671786776531 ) ) ;
#3217 = ADVANCED_FACE ( 'NONE', ( #2059 ), #1404, .F. ) ;
#3218 = CARTESIAN_POINT ( 'NONE',  ( -1.578579852768131175, -3.432820490499722599, 3.811028889841739709 ) ) ;
#3219 = CARTESIAN_POINT ( 'NONE',  ( 4.085523517201511190, -4.879812555629382764, 2.361271309607806401 ) ) ;
#3220 = CARTESIAN_POINT ( 'NONE',  ( -2.770471766894177623, -4.605848703824469759, 2.770471766894176735 ) ) ;
#3221 = CARTESIAN_POINT ( 'NONE',  ( -3.145918343880484525, -4.435615146370272655, -3.589336579924561121 ) ) ;
#3222 = CARTESIAN_POINT ( 'NONE',  ( 2.354473738589291987, -3.506795946411340736, -4.089499257028598400 ) ) ;
#3223 = CARTESIAN_POINT ( 'NONE',  ( 2.513986620964191676, -6.434607402738146575, 4.058224805364661236 ) ) ;
#3224 = CARTESIAN_POINT ( 'NONE',  ( 3.918038746913496073, -5.478973703824469688, 1.622904786874859839 ) ) ;
#3225 = CARTESIAN_POINT ( 'NONE',  ( 1.268784755823431168E-16, -5.851744328227585612, -4.762500000000000178 ) ) ;
#3226 = CARTESIAN_POINT ( 'NONE',  ( 2.806640467277877971, -2.450624657200395795, 3.850827623416006595 ) ) ;
#3227 = CARTESIAN_POINT ( 'NONE',  ( 3.786303048042287234, -6.302417046250769594, 2.905542315222995331 ) ) ;
#3228 = CARTESIAN_POINT ( 'NONE',  ( -3.365169235094189304, -6.750933346267493640, -3.098241766745317261 ) ) ;
#3229 = CARTESIAN_POINT ( 'NONE',  ( -1.535461844945412269, -5.748675252776391353, -4.518846331390427906 ) ) ;
#3230 = ORIENTED_EDGE ( 'NONE', *, *, #3419, .F. ) ;
#3231 = CARTESIAN_POINT ( 'NONE',  ( 0.001230553818251549315, -5.305485887400407385, 4.708643241727394013 ) ) ;
#3232 = CARTESIAN_POINT ( 'NONE',  ( 2.770471766894177179, -2.932901296175530081, -2.770471766894176735 ) ) ;
#3233 = CARTESIAN_POINT ( 'NONE',  ( -3.911891227723478970, 0.3840309239041346245, -4.092321507719196561 ) ) ;
#3234 = CARTESIAN_POINT ( 'NONE',  ( 0.3098233455776273071, -5.078105540667065654, 4.708723478930132877 ) ) ;
#3235 = DIRECTION ( 'NONE',  ( 0.000000000000000000, 0.000000000000000000, -1.000000000000000000 ) ) ;
#3236 = CARTESIAN_POINT ( 'NONE',  ( 2.906172532878358972, -3.346964445384929210, -3.785735177864592682 ) ) ;
#3237 = CARTESIAN_POINT ( 'NONE',  ( 2.203495355208862971, -2.229185984152038280, -4.176450016199540372 ) ) ;
#3238 = ORIENTED_EDGE ( 'NONE', *, *, #3784, .T. ) ;
#3239 = EDGE_CURVE ( 'NONE', #1176, #4002, #5173, .T. ) ;
#3240 = DIRECTION ( 'NONE',  ( -0.000000000000000000, 1.000000000000000000, -0.000000000000000000 ) ) ;
#3241 = CARTESIAN_POINT ( 'NONE',  ( 3.918038746913496961, -5.320223703824469297, -1.622904786874857619 ) ) ;
#3242 = CARTESIAN_POINT ( 'NONE',  ( 3.036555765193319267, -2.272521159260206147, -3.616835386922246709 ) ) ;
#3243 = CIRCLE ( 'NONE', #3677, 6.109691365970316923 ) ;
#3244 = PRODUCT ( '1095K105_Zinc-Plated Steel Grease Fitting', '1095K105_Zinc-Plated Steel Grease Fitting', '', ( #2597 ) ) ;
#3245 = CARTESIAN_POINT ( 'NONE',  ( 1.578579852768130065, -3.274070490499723096, 3.811028889841740597 ) ) ;
#3246 = EDGE_CURVE ( 'NONE', #1020, #2498, #4996, .T. ) ;
#3247 = CARTESIAN_POINT ( 'NONE',  ( 0.6284031636972831070, -3.982215363894020754, 4.762502596713903635 ) ) ;
#3248 = CARTESIAN_POINT ( 'NONE',  ( -2.770471766894177623, -3.335848703824469741, 2.770471766894176735 ) ) ;
#3249 = CARTESIAN_POINT ( 'NONE',  ( -1.235066508900263038, -3.998969354217691397, 4.610019552257468511 ) ) ;
#3250 = CARTESIAN_POINT ( 'NONE',  ( 0.6099272442819525519, -3.425856141731738358, -4.679199215627598107 ) ) ;
#3251 = CARTESIAN_POINT ( 'NONE',  ( 4.066757042534737465, -6.366341025297359124, 2.395305809777017014 ) ) ;
#3252 = CARTESIAN_POINT ( 'NONE',  ( -7.197320415514379411E-16, -1.907098703824469554, 3.918038746913496961 ) ) ;
#3253 = CARTESIAN_POINT ( 'NONE',  ( -4.519151183571326946, -2.928429875050881925, 1.534560430292808642 ) ) ;
#3254 = CARTESIAN_POINT ( 'NONE',  ( 3.777334987702180680, -2.364020472228102854, 2.828425725678032965 ) ) ;
#3255 = CARTESIAN_POINT ( 'NONE',  ( 2.910887665112766864, -5.985198249178284691, -3.782339125857760997 ) ) ;
#3256 = CARTESIAN_POINT ( 'NONE',  ( 0.000000000000000000, 3.196031326221388191, 1.067560561327421209E-15 ) ) ;
#3257 = DIRECTION ( 'NONE',  ( 0.000000000000000000, -1.000000000000000000, 0.000000000000000000 ) ) ;
#3258 = ORIENTED_EDGE ( 'NONE', *, *, #3348, .T. ) ;
#3259 = CARTESIAN_POINT ( 'NONE',  ( -1.285736423771263848, -5.360685862244259248, 4.541266064622663023 ) ) ;
#3260 = CARTESIAN_POINT ( 'NONE',  ( 3.918038746913496961, -1.742276296175530259, -1.622904786874857175 ) ) ;
#3261 = CARTESIAN_POINT ( 'NONE',  ( -5.500000000000000000, -2.000000000000000000, 3.175426480542941743 ) ) ;
#3262 = CARTESIAN_POINT ( 'NONE',  ( -2.384577863804445030, -4.438101776754554528, -4.134451041372102509 ) ) ;
#3263 = CARTESIAN_POINT ( 'NONE',  ( 4.732029728727970230, -4.924727325240887410, 0.6208811746046836166 ) ) ;
#3264 = CARTESIAN_POINT ( 'NONE',  ( -1.532874073220241939, -3.148025333844181706, -4.519725648860209333 ) ) ;
#3265 = CARTESIAN_POINT ( 'NONE',  ( -2.263681474587746933, -2.028638692442175095, -4.128803975060819198 ) ) ;
#3266 = ORIENTED_EDGE ( 'NONE', *, *, #5094, .F. ) ;
#3267 = CARTESIAN_POINT ( 'NONE',  ( -3.790691358412535461, -5.364138443595681593, 2.899769353613510070 ) ) ;
#3268 = CARTESIAN_POINT ( 'NONE',  ( 3.918038746913496073, -4.208973703824469226, 1.622904786874859839 ) ) ;
#3269 = CARTESIAN_POINT ( 'NONE',  ( 0.001164548443839382190, -2.765488573721852639, 4.708643258879272153 ) ) ;
#3270 = CARTESIAN_POINT ( 'NONE',  ( -3.811028889841740597, -3.670945490499723629, -4.667164331402779384E-16 ) ) ;
#3271 = EDGE_CURVE ( 'NONE', #584, #514, #731, .T. ) ;
#3272 = CARTESIAN_POINT ( 'NONE',  ( -4.559881846578826448, -4.086314104550877069, 1.213592033575523477 ) ) ;
#3273 = CARTESIAN_POINT ( 'NONE',  ( 4.678413206281898162, -6.068802278116374183, 0.6162667922698165102 ) ) ;
#3274 = CARTESIAN_POINT ( 'NONE',  ( 4.134480497161043822, -5.005629921036024221, 2.384135083955243317 ) ) ;
#3275 = CARTESIAN_POINT ( 'NONE',  ( -0.6258299827706083063, -3.934689843679097798, 4.762821346054022520 ) ) ;
#3276 = CARTESIAN_POINT ( 'NONE',  ( -3.746110641092597948, -3.216030004874784520, -2.869163980531939995 ) ) ;
#3277 = EDGE_CURVE ( 'NONE', #468, #599, #2847, .T. ) ;
#3278 = CARTESIAN_POINT ( 'NONE',  ( 4.112625027622001106, -6.338358199537769799, 2.423810991216126975 ) ) ;
#3279 = CARTESIAN_POINT ( 'NONE',  ( -1.578579852768131175, -7.122179509500278449, 3.811028889841739709 ) ) ;
#3280 = AXIS2_PLACEMENT_3D ( 'NONE', #1287, #2961, #3903 ) ;
#3281 = CARTESIAN_POINT ( 'NONE',  ( 2.081224978911937917, -3.493225786863871196, -4.234834060571003533 ) ) ;
#3282 = CARTESIAN_POINT ( 'NONE',  ( 4.543947368089569672, -2.323659186444487101, 1.460524694391348355 ) ) ;
#3283 = DIRECTION ( 'NONE',  ( 0.000000000000000000, 0.000000000000000000, 1.000000000000000000 ) ) ;
#3284 = CARTESIAN_POINT ( 'NONE',  ( 2.401887861552007397, -6.049186977187377856, -4.062124311738079641 ) ) ;
#3285 = CARTESIAN_POINT ( 'NONE',  ( 1.421661929759872310E-05, -5.118749138853024405, 4.762500652578982141 ) ) ;
#3286 = ORIENTED_EDGE ( 'NONE', *, *, #2397, .T. ) ;
#3287 = DIRECTION ( 'NONE',  ( 1.000000000000000000, -0.000000000000000000, 0.000000000000000000 ) ) ;
#3288 = CARTESIAN_POINT ( 'NONE',  ( 2.916190190469635054E-16, -8.293750000000001066, -4.762500000000000178 ) ) ;
#3289 = CARTESIAN_POINT ( 'NONE',  ( 3.115794326102643730, -5.159104204309534758, 3.543691126266707236 ) ) ;
#3290 = CARTESIAN_POINT ( 'NONE',  ( -0.6097346820191569261, -4.430402058826846456, -4.679220751499311604 ) ) ;
#3291 = CARTESIAN_POINT ( 'NONE',  ( 3.687038438742813451, -2.000000000000001776, -4.222140325965222374 ) ) ;
#3292 = CARTESIAN_POINT ( 'NONE',  ( -2.384589409979742225, -3.168101201875345829, -4.134444427252933707 ) ) ;
#3293 = CARTESIAN_POINT ( 'NONE',  ( 2.904985781060632988, -2.217653483073638299, 3.250878981206316798 ) ) ;
#3294 = VERTEX_POINT ( 'NONE', #2083 ) ;
#3295 = CARTESIAN_POINT ( 'NONE',  ( -0.001164548443841114745, -6.360761426278149777, 4.708643258879271265 ) ) ;
#3296 = EDGE_CURVE ( 'NONE', #4626, #3814, #36, .T. ) ;
#3297 = CARTESIAN_POINT ( 'NONE',  ( 2.770471766894176291, -4.288348703824469865, 2.770471766894177623 ) ) ;
#3298 = CARTESIAN_POINT ( 'NONE',  ( 0.000000000000000000, -7.500000000000000000, 0.000000000000000000 ) ) ;
#3299 = VERTEX_POINT ( 'NONE', #361 ) ;
#3300 = CARTESIAN_POINT ( 'NONE',  ( -3.811028889841740597, -2.400945490499723167, -4.667164331402779384E-16 ) ) ;
#3301 = CARTESIAN_POINT ( 'NONE',  ( -2.090888791845487038, -3.913871776796489232, 4.230073864779670956 ) ) ;
#3302 = FACE_OUTER_BOUND ( 'NONE', #4527, .T. ) ;
#3303 = CARTESIAN_POINT ( 'NONE',  ( 2.909019371075833860, -5.083374491447683496, 3.783732985398393645 ) ) ;
#3304 = CARTESIAN_POINT ( 'NONE',  ( -0.3146112961877925440, -2.652168707331207465, 4.762500000000001954 ) ) ;
#3305 = CARTESIAN_POINT ( 'NONE',  ( 4.470065562740741072, -3.783584700805747936, 1.511757512719588803 ) ) ;
#3306 = CARTESIAN_POINT ( 'NONE',  ( -3.918038746913497850, -4.685223703824468622, 1.622904786874856287 ) ) ;
#3307 = CARTESIAN_POINT ( 'NONE',  ( -2.874255791176245189, -3.267271819573211111, -3.742190586889203363 ) ) ;
#3308 = CC_DESIGN_PERSON_AND_ORGANIZATION_ASSIGNMENT ( #3969, #2368, ( #2136 ) ) ;
#3309 = CARTESIAN_POINT ( 'NONE',  ( 1.972692090801865916, -7.261874999999999858, -4.762500000000000178 ) ) ;
#3310 = DIRECTION ( 'NONE',  ( -0.000000000000000000, 1.000000000000000000, -0.000000000000000000 ) ) ;
#3311 = VERTEX_POINT ( 'NONE', #5372 ) ;
#3312 = CARTESIAN_POINT ( 'NONE',  ( -2.749999999999998668, 0.4738549290423901272, 4.763139720814414169 ) ) ;
#3313 = CARTESIAN_POINT ( 'NONE',  ( -4.470160461630701576, -5.342678308338808080, 1.511477158514276109 ) ) ;
#3314 = ORIENTED_EDGE ( 'NONE', *, *, #4013, .F. ) ;
#3315 = CARTESIAN_POINT ( 'NONE',  ( -3.918038746913492520, -2.452859240427724075, 0.07753254078999671783 ) ) ;
#3316 = EDGE_CURVE ( 'NONE', #4626, #3543, #348, .T. ) ;
#3317 = CARTESIAN_POINT ( 'NONE',  ( -8.748570571408905162E-16, -3.848750000000000782, 4.762500000000000178 ) ) ;
#3318 = CARTESIAN_POINT ( 'NONE',  ( -3.721149480581167346, -2.415209880651109309, 1.439816499757280432 ) ) ;
#3319 = CARTESIAN_POINT ( 'NONE',  ( 0.3103108818240390421, -4.468345043273006745, -4.708455172150088686 ) ) ;
#3320 = CARTESIAN_POINT ( 'NONE',  ( 3.589746417541647805, -5.045336610567113134, 3.145134398135610798 ) ) ;
#3321 = CARTESIAN_POINT ( 'NONE',  ( -2.081200102860830903, -3.093025432406042885, -4.234846334168851811 ) ) ;
#3322 = CARTESIAN_POINT ( 'NONE',  ( 0.9619494672052040229, -2.269564327469481224, 4.152387692836349231 ) ) ;
#3323 = ORIENTED_EDGE ( 'NONE', *, *, #1807, .T. ) ;
#3324 = CARTESIAN_POINT ( 'NONE',  ( 4.332052103557726852, -6.142112066548301108, -2.005973478887793426 ) ) ;
#3325 = CARTESIAN_POINT ( 'NONE',  ( -0.4762460217808024976, -6.380096486793512156, 4.708523137930389346 ) ) ;
#3326 = CARTESIAN_POINT ( 'NONE',  ( -3.918038746913497405, -3.415223703824469492, 1.622904786874856065 ) ) ;
#3327 = CARTESIAN_POINT ( 'NONE',  ( 1.421758855621675144, -2.704213658140867782, 4.503176465064615996 ) ) ;
#3328 = ORIENTED_EDGE ( 'NONE', *, *, #396, .T. ) ;
#3329 = CARTESIAN_POINT ( 'NONE',  ( -2.414133919147622098, -1.310549580615254506, -3.018472603579635205 ) ) ;
#3330 = CARTESIAN_POINT ( 'NONE',  ( 3.789871053635104126, -2.492165543523924942, 2.900770975721817191 ) ) ;
#3331 = CARTESIAN_POINT ( 'NONE',  ( 4.678407851030502940, -6.017661737298243274, -0.6153028157927734609 ) ) ;
#3332 = CARTESIAN_POINT ( 'NONE',  ( 3.741635684986210020, -4.854726885618886101, -2.875130022554032827 ) ) ;
#3333 = CARTESIAN_POINT ( 'NONE',  ( -3.786004413370632982, -3.090215204579945141, -2.905975398472306459 ) ) ;
#3334 = CARTESIAN_POINT ( 'NONE',  ( -4.085529159594617710, -2.976437932610497938, 2.361261650159337755 ) ) ;
#3335 = CARTESIAN_POINT ( 'NONE',  ( 3.918038746913496961, -2.780223703824470149, -1.622904786874857175 ) ) ;
#3336 = CARTESIAN_POINT ( 'NONE',  ( 2.906526342610269431, -3.444965645068596594, -3.785763041471530865 ) ) ;
#3337 = CARTESIAN_POINT ( 'NONE',  ( 0.000000000000000000, 5.722886414021193247, 2.058521631565233228E-15 ) ) ;
#3338 = CARTESIAN_POINT ( 'NONE',  ( 1.534391342909243505, -6.420937592306518837, 4.519205975198627101 ) ) ;
#3339 = DIRECTION ( 'NONE',  ( 0.000000000000000000, -4.430672865838491544E-16, 1.000000000000000000 ) ) ;
#3340 = CARTESIAN_POINT ( 'NONE',  ( -1.254451761368233775, -5.171332879830270457, 4.636021715258765497 ) ) ;
#3341 = ORIENTED_EDGE ( 'NONE', *, *, #2768, .T. ) ;
#3342 = CARTESIAN_POINT ( 'NONE',  ( -3.586915910634421945, -5.680512156178689764, -3.148323565712804140 ) ) ;
#3343 =( BOUNDED_SURFACE ( )  B_SPLINE_SURFACE ( 3, 2, ( 
 ( #1307, #1694, #1279 ),
 ( #3780, #1752, #4275 ),
 ( #3374, #5099, #80 ),
 ( #4191, #4306, #2132 ),
 ( #5043, #2517, #3430 ),
 ( #839, #1393, #3012 ),
 ( #2215, #3866, #3402 ),
 ( #2187, #2953, #3069 ),
 ( #1340, #110, #26 ),
 ( #3458, #951, #548 ),
 ( #5129, #4688, #2630 ),
 ( #1780, #1367, #923 ),
 ( #3042, #4629, #2602 ),
 ( #434, #4714, #3895 ),
 ( #138, #867, #5071 ),
 ( #2104, #1809, #5153 ),
 ( #2983, #3810, #2545 ),
 ( #4221, #463, #4656 ),
 ( #895, #2574, #4248 ),
 ( #490, #2161, #3837 ),
 ( #2271, #2731, #2684 ),
 ( #4360, #3149, #3176 ),
 ( #5211, #4796, #3098 ),
 ( #2295, #4821, #4408 ),
 ( #3565, #1033, #1475 ),
 ( #651, #2321, #5234 ),
 ( #3922, #1088, #744 ),
 ( #2008, #1061, #190 ),
 ( #163, #5185, #2756 ),
 ( #216, #3998, #2417 ),
 ( #241, #3973, #1501 ),
 ( #1836, #626, #1451 ),
 ( #578, #4846, #1889 ),
 ( #1912, #3511, #3589 ),
 ( #5257, #4094, #4771 ),
 ( #1009, #1423, #4434 ),
 ( #2245, #335, #603 ),
 ( #3684, #5351, #3947 ),
 ( #1864, #4334, #1599 ),
 ( #4743, #980, #3537 ),
 ( #2657, #3123, #2708 ),
 ( #4385, #1211, #1682 ),
 ( #3738, #5405, #3332 ),
 ( #4532, #771, #420 ),
 ( #1710, #2530, #450 ),
 ( #2063, #2149, #2089 ),
 ( #4589, #4643, #828 ),
 ( #4206, #5002, #4617 ),
 ( #2939, #852, #4946 ),
 ( #4559, #3825, #2120 ),
 ( #1654, #3795, #1184 ),
 ( #4235, #4123, #2503 ),
 ( #799, #2446, #42 ),
 ( #3359, #5031, #366 ),
 ( #3274, #1268, #882 ),
 ( #3390, #4972, #2037 ),
 ( #3710, #5378, #5059 ),
 ( #1628, #2560, #1294 ),
 ( #3303, #478, #2968 ),
 ( #67, #4176, #2852 ),
 ( #2474, #2881, #3765 ),
 ( #4150, #393, #1239 ),
 ( #2911, #14, #4671 ),
 ( #4347, #3909, #4702 ) ),
 .UNSPECIFIED., .F., .F., .F. ) 
 B_SPLINE_SURFACE_WITH_KNOTS ( ( 4, 2, 2, 2, 2, 2, 2, 2, 2, 2, 2, 2, 2, 2, 2, 2, 2, 2, 2, 2, 2, 2, 2, 2, 2, 2, 2, 2, 2, 2, 2, 4 ),
 ( 3, 3 ),
 ( 4.336808689942017736E-19, 0.0009118210787409667057, 0.001823642157481932978, 0.002735463236222899358, 0.003647284314963865522, 0.004559105393704831685, 0.005470926472445797849, 0.006382747551186764012, 0.007294568629927730176, 0.008206389708668696339, 0.009118210787409663370, 0.01003003186615062867, 0.01094185294489159570, 0.01185367402363256273, 0.01276549510237352802, 0.01367731618111449332, 0.01458913725985546035, 0.01550095833859642738, 0.01641277941733739268, 0.01732460049607836144, 0.01823642157481932674, 0.01914824265356029204, 0.02006006373230125733, 0.02097188481104222263, 0.02188370588978319140, 0.02279552696852416016, 0.02370734804726512546, 0.02461916912600609075, 0.02553099020474705605, 0.02644281128348802135, 0.02735463236222898664, 0.02917827451971092070 ),
 ( 0.000000000000000000, 1.000000000000000000 ),
 .UNSPECIFIED. ) 
 GEOMETRIC_REPRESENTATION_ITEM ( )  RATIONAL_B_SPLINE_SURFACE ( (
 ( 1.000000000000000000, 0.8548157496099267894, 1.000000000000000000),
 ( 1.000000000000000000, 0.8548105634649439954, 1.000000000000000000),
 ( 1.000000000000000000, 0.8548064079321455733, 1.000000000000000000),
 ( 1.000000000000000000, 0.8548007889663280512, 1.000000000000000000),
 ( 1.000000000000000000, 0.8547993005169742808, 1.000000000000000000),
 ( 1.000000000000000000, 0.8547992973588720567, 1.000000000000000000),
 ( 1.000000000000000000, 0.8548007451934740430, 1.000000000000000000),
 ( 1.000000000000000000, 0.8548063511163972450, 1.000000000000000000),
 ( 1.000000000000000000, 0.8548119563454088521, 1.000000000000000000),
 ( 1.000000000000000000, 0.8548195572391945607, 1.000000000000000000),
 ( 1.000000000000000000, 0.8548064476944138290, 1.000000000000000000),
 ( 1.000000000000000000, 0.8548007708206223354, 1.000000000000000000),
 ( 1.000000000000000000, 0.8547993066608422508, 1.000000000000000000),
 ( 1.000000000000000000, 0.8547992912751071204, 1.000000000000000000),
 ( 1.000000000000000000, 0.8548007344653197892, 1.000000000000000000),
 ( 1.000000000000000000, 0.8548063895658576383, 1.000000000000000000),
 ( 1.000000000000000000, 0.8548105265873650049, 1.000000000000000000),
 ( 1.000000000000000000, 0.8548208882311766343, 1.000000000000000000),
 ( 1.000000000000000000, 0.8548064113957337673, 1.000000000000000000),
 ( 1.000000000000000000, 0.8548007750160103724, 1.000000000000000000),
 ( 1.000000000000000000, 0.8547993138605997077, 1.000000000000000000),
 ( 1.000000000000000000, 0.8547992842407082792, 1.000000000000000000),
 ( 1.000000000000000000, 0.8548007572149454170, 1.000000000000000000),
 ( 1.000000000000000000, 0.8548063516577948384, 1.000000000000000000),
 ( 1.000000000000000000, 0.8548104651824423028, 1.000000000000000000),
 ( 1.000000000000000000, 0.8548209483450387447, 1.000000000000000000),
 ( 1.000000000000000000, 0.8548064319258300570, 1.000000000000000000),
 ( 1.000000000000000000, 0.8548008023159746616, 1.000000000000000000),
 ( 1.000000000000000000, 0.8547993075129897145, 1.000000000000000000),
 ( 1.000000000000000000, 0.8547992904362243793, 1.000000000000000000),
 ( 1.000000000000000000, 0.8548007336319470850, 1.000000000000000000),
 ( 1.000000000000000000, 0.8548063236540136556, 1.000000000000000000),
 ( 1.000000000000000000, 0.8548105338021901867, 1.000000000000000000),
 ( 1.000000000000000000, 0.8548209087505153070, 1.000000000000000000),
 ( 1.000000000000000000, 0.8548064731940330230, 1.000000000000000000),
 ( 1.000000000000000000, 0.8548007887460853382, 1.000000000000000000),
 ( 1.000000000000000000, 0.8547993130509670134, 1.000000000000000000),
 ( 1.000000000000000000, 0.8547992850287169375, 1.000000000000000000),
 ( 1.000000000000000000, 0.8548007158333904565, 1.000000000000000000),
 ( 1.000000000000000000, 0.8548063635172237218, 1.000000000000000000),
 ( 1.000000000000000000, 0.8548104981795313639, 1.000000000000000000),
 ( 1.000000000000000000, 0.8548208467877610461, 1.000000000000000000),
 ( 1.000000000000000000, 0.8548064399991072149, 1.000000000000000000),
 ( 1.000000000000000000, 0.8548007866732471038, 1.000000000000000000),
 ( 1.000000000000000000, 0.8547993209328565989, 1.000000000000000000),
 ( 1.000000000000000000, 0.8547992774323207588, 1.000000000000000000),
 ( 1.000000000000000000, 0.8548007435199055370, 1.000000000000000000),
 ( 1.000000000000000000, 0.8548063278586487401, 1.000000000000000000),
 ( 1.000000000000000000, 0.8548104353588618087, 1.000000000000000000),
 ( 1.000000000000000000, 0.8548208939735068013, 1.000000000000000000),
 ( 1.000000000000000000, 0.8548064561113367654, 1.000000000000000000),
 ( 1.000000000000000000, 0.8548008155135901065, 1.000000000000000000),
 ( 1.000000000000000000, 0.8547993149177588457, 1.000000000000000000),
 ( 1.000000000000000000, 0.8547992832151922737, 1.000000000000000000),
 ( 1.000000000000000000, 0.8548007220518030191, 1.000000000000000000),
 ( 1.000000000000000000, 0.8548062966696172715, 1.000000000000000000),
 ( 1.000000000000000000, 0.8548104997169364561, 1.000000000000000000),
 ( 1.000000000000000000, 0.8548208711281738426, 1.000000000000000000),
 ( 1.000000000000000000, 0.8548064984642052000, 1.000000000000000000),
 ( 1.000000000000000000, 0.8548008063099814535, 1.000000000000000000),
 ( 1.000000000000000000, 0.8547993195021227342, 1.000000000000000000),
 ( 1.000000000000000000, 0.8547992584574737318, 1.000000000000000000),
 ( 1.000000000000000000, 0.8548051477198794768, 1.000000000000000000),
 ( 1.000000000000000000, 0.8548157484955266616, 1.000000000000000000) ) ) 
 REPRESENTATION_ITEM ( '' )  SURFACE ( )  );
#3344 = CARTESIAN_POINT ( 'NONE',  ( 1.972692090801866360, -5.039375000000000604, 4.762499999999999289 ) ) ;
#3345 = DIRECTION ( 'NONE',  ( -1.224646799147353207E-16, 0.000000000000000000, -1.000000000000000000 ) ) ;
#3346 = CARTESIAN_POINT ( 'NONE',  ( -1.878376956387239005, -6.725072149027700341, 4.196111099157935342 ) ) ;
#3347 = CARTESIAN_POINT ( 'NONE',  ( 1.535257746874427287, -3.279580775537271453, -4.519073498725972193 ) ) ;
#3348 = EDGE_CURVE ( 'NONE', #3434, #1757, #3510, .T. ) ;
#3349 = CARTESIAN_POINT ( 'NONE',  ( 4.514254126495543140, -2.134577527989777845, 0.1222306435565842231 ) ) ;
#3350 = ORIENTED_EDGE ( 'NONE', *, *, #2578, .F. ) ;
#3351 = CARTESIAN_POINT ( 'NONE',  ( -2.645927176088159527, -5.732123153012536498, -3.973650974646548040 ) ) ;
#3352 = CARTESIAN_POINT ( 'NONE',  ( -1.242580121407803384, -5.232085206988596582, 4.608278746610417365 ) ) ;
#3353 = CARTESIAN_POINT ( 'NONE',  ( 1.622904786874857619, -3.891473703824469332, -3.918038746913496961 ) ) ;
#3354 = CARTESIAN_POINT ( 'NONE',  ( -5.500000000000000000, -1.508759813876390465, -3.175426480543112717 ) ) ;
#3355 = B_SPLINE_CURVE_WITH_KNOTS ( 'NONE', 3,
 ( #112, #2659, #82, #1754, #165, #2135, #3539, #2781, #3615, #1527, #4387, #3152, #3228, #3178, #4459, #243, #291, #1914, #2710, #5283, #4848, #1090, #265 ),
 .UNSPECIFIED., .F., .F.,
 ( 4, 2, 2, 2, 2, 2, 2, 2, 1, 2, 2, 4 ),
 ( 0.001908440942143313848, 0.003021007468047775483, 0.003577290731000006083, 0.004133573993952237118, 0.005246140519856699186, 0.006358707045761162122, 0.007471273571665625057, 0.008027556834617855658, 0.008583840097570086258, 0.009140123360522316859, 0.009696406623474547459, 0.01080897314937900866 ),
 .UNSPECIFIED. ) ;
#3356 = CARTESIAN_POINT ( 'NONE',  ( 3.918038746913496961, -4.282276296175529851, -1.622904786874857175 ) ) ;
#3357 = CARTESIAN_POINT ( 'NONE',  ( -1.524481137805482556, -3.886850786561023341, 4.465568046967140603 ) ) ;
#3358 = CARTESIAN_POINT ( 'NONE',  ( 1.516660467195927398, -6.294937051577068843, 4.468362514463390056 ) ) ;
#3359 = CARTESIAN_POINT ( 'NONE',  ( 4.280781696655691526, -4.992179559340049977, 2.110483425808373781 ) ) ;
#3360 = CARTESIAN_POINT ( 'NONE',  ( 0.000000000000000000, -2.000000000000000000, 1.734723475976807094E-15 ) ) ;
#3361 = CARTESIAN_POINT ( 'NONE',  ( 2.090833948929172514, -3.942380912893493239, 4.230101016529681957 ) ) ;
#3362 = CIRCLE ( 'NONE', #3188, 5.500000000000000000 ) ;
#3363 = CARTESIAN_POINT ( 'NONE',  ( -1.622904786874856953, -3.732723703824469830, -3.918038746913496961 ) ) ;
#3364 = B_SPLINE_CURVE_WITH_KNOTS ( 'NONE', 3,
 ( #437, #2871, #4575, #5368 ),
 .UNSPECIFIED., .F., .F.,
 ( 4, 4 ),
 ( 2.380734335070631443E-07, 0.003213249942171108112 ),
 .UNSPECIFIED. ) ;
#3365 = B_SPLINE_CURVE_WITH_KNOTS ( 'NONE', 3,
 ( #1761, #4697, #3410, #5079, #2992, #4781, #3492, #3052, #5163, #1318, #933, #3080, #2667, #3931 ),
 .UNSPECIFIED., .F., .F.,
 ( 4, 2, 2, 2, 2, 2, 4 ),
 ( 1.569067932331743564E-16, 0.001411179287738075373, 0.002822358575475995054, 0.003527948219344956195, 0.004233537863213917771, 0.004939127507082878912, 0.005644717150951840921 ),
 .UNSPECIFIED. ) ;
#3366 = CARTESIAN_POINT ( 'NONE',  ( -4.609623778673799244, -3.046547088963079020, -1.236834780009141044 ) ) ;
#3367 = AXIS2_PLACEMENT_3D ( 'NONE', #5122, #4681, #918 ) ;
#3368 = CARTESIAN_POINT ( 'NONE',  ( 1.972692090801866360, -5.198124999999999218, 4.762499999999999289 ) ) ;
#3369 = CARTESIAN_POINT ( 'NONE',  ( 0.3098753713124324793, -3.808102523239744741, 4.708726266301423102 ) ) ;
#3370 = CARTESIAN_POINT ( 'NONE',  ( 4.592164393328321381, -6.304267432938054583, 1.087683411619899676 ) ) ;
#3371 = VERTEX_POINT ( 'NONE', #3789 ) ;
#3372 = CARTESIAN_POINT ( 'NONE',  ( -3.918038746913490744, -2.536026296175527772, -1.622904786874855176 ) ) ;
#3373 = CARTESIAN_POINT ( 'NONE',  ( 3.367596045400933047, -3.372500000000000497, -3.367596045400932603 ) ) ;
#3374 = CARTESIAN_POINT ( 'NONE',  ( -0.6265415749024555447, -3.972467322007084523, 4.731292178972201334 ) ) ;
#3375 = CARTESIAN_POINT ( 'NONE',  ( 1.451608026835755251E-11, -5.814505671772996820, -4.762500000000000178 ) ) ;
#3376 = CARTESIAN_POINT ( 'NONE',  ( 0.3100756113561168315, -3.286985267769121588, -4.762552836992950844 ) ) ;
#3377 = CARTESIAN_POINT ( 'NONE',  ( 4.318600124678310337, -2.097072253263797315, -1.543618503675791898 ) ) ;
#3378 = ORIENTED_EDGE ( 'NONE', *, *, #4389, .T. ) ;
#3379 = ORIENTED_EDGE ( 'NONE', *, *, #232, .T. ) ;
#3380 = CARTESIAN_POINT ( 'NONE',  ( -3.372712987562371811, -5.779923302438008115, -3.301632994942599542 ) ) ;
#3381 = CARTESIAN_POINT ( 'NONE',  ( -2.107648301599641005, -5.721704608497488742, -4.281987111601747387 ) ) ;
#3382 = ADVANCED_FACE ( 'NONE', ( #1703 ), #3763, .F. ) ;
#3383 = CARTESIAN_POINT ( 'NONE',  ( -7.197320415514379411E-16, -4.447098703824469368, 3.918038746913496961 ) ) ;
#3384 = ORIENTED_EDGE ( 'NONE', *, *, #3084, .F. ) ;
#3385 = CARTESIAN_POINT ( 'NONE',  ( 4.764449281068109165, -6.226311279851368674, -0.09248953408414678501 ) ) ;
#3386 = CARTESIAN_POINT ( 'NONE',  ( 2.770471766894176291, -5.790401296175530454, 2.770471766894177623 ) ) ;
#3387 = CARTESIAN_POINT ( 'NONE',  ( 5.500000000000000888, -1.780412382288658613, 2.141653731741700817 ) ) ;
#3388 = EDGE_CURVE ( 'NONE', #494, #3943, #3031, .T. ) ;
#3389 = CARTESIAN_POINT ( 'NONE',  ( 3.111727021743159405, -6.214496520228617094, 3.547230236258050784 ) ) ;
#3390 = CARTESIAN_POINT ( 'NONE',  ( 3.789505561248832866, -5.032193861930450041, 2.901323263825573040 ) ) ;
#3391 = CARTESIAN_POINT ( 'NONE',  ( 0.3108702899034103684, -4.557018132650087594, -4.762499999999051603 ) ) ;
#3392 = CARTESIAN_POINT ( 'NONE',  ( -1.114702594957617254, -7.315394464380261752, 3.846388675447283578 ) ) ;
#3393 = CARTESIAN_POINT ( 'NONE',  ( 3.811028889841740597, -5.455304509500275678, 0.000000000000000000 ) ) ;
#3394 = CARTESIAN_POINT ( 'NONE',  ( 0.6097687065515662308, -3.425849399581117005, -4.679216383226852294 ) ) ;
#3395 = CARTESIAN_POINT ( 'NONE',  ( -4.762500000000001066, -4.245624999999999538, 1.972692090801864584 ) ) ;
#3396 = CARTESIAN_POINT ( 'NONE',  ( -2.081458545622842493, -3.093012773823668571, -4.234719338054755866 ) ) ;
#3397 = CARTESIAN_POINT ( 'NONE',  ( 4.015910546160062822, -7.021191370993273395, -1.530684889443068908 ) ) ;
#3398 = FACE_OUTER_BOUND ( 'NONE', #1344, .T. ) ;
#3399 = ORIENTED_EDGE ( 'NONE', *, *, #3784, .F. ) ;
#3400 = CARTESIAN_POINT ( 'NONE',  ( -1.232379543994607474, -5.799616226719695788, -4.610734863158907793 ) ) ;
#3401 = CARTESIAN_POINT ( 'NONE',  ( -3.016852667500494967, -1.805854091770540792, -3.772072131793583250 ) ) ;
#3402 = CARTESIAN_POINT ( 'NONE',  ( -2.357172469363432832, -4.141935218043991007, 4.087752481162276297 ) ) ;
#3403 = CARTESIAN_POINT ( 'NONE',  ( 1.533376350745345729, -5.880263159517969740, -4.519710629200424989 ) ) ;
#3404 = CARTESIAN_POINT ( 'NONE',  ( -4.520884737708446899, -2.830661073031093711, 1.529980682524239688 ) ) ;
#3405 = CARTESIAN_POINT ( 'NONE',  ( 2.110066346955385086, -5.907446475653424400, -4.280964154786929932 ) ) ;
#3406 = ORIENTED_EDGE ( 'NONE', *, *, #200, .T. ) ;
#3407 = CARTESIAN_POINT ( 'NONE',  ( 4.185562793957712024, -6.067248310396085920, -2.295613256089839016 ) ) ;
#3408 = CARTESIAN_POINT ( 'NONE',  ( -3.707943960041099718, -2.474233903187084138, -1.125719058011814377 ) ) ;
#3409 = CARTESIAN_POINT ( 'NONE',  ( 0.000000000000000000, 7.500000000000000000, 2.941287793933206948E-15 ) ) ;
#3410 = CARTESIAN_POINT ( 'NONE',  ( -3.956772206589575180, -6.559954311813171124, 2.594357293132194986 ) ) ;
#3411 = CARTESIAN_POINT ( 'NONE',  ( 4.404503862156750493, -6.249269505544760683, 1.840889603504926919 ) ) ;
#3412 = CARTESIAN_POINT ( 'NONE',  ( 3.918038746913496073, -1.901026296175530206, 1.622904786874859839 ) ) ;
#3413 = CARTESIAN_POINT ( 'NONE',  ( 2.399106805171460132E-16, -7.854151296175530206, -3.918038746913496961 ) ) ;
#3414 = CARTESIAN_POINT ( 'NONE',  ( 0.000000000000000000, -7.500000000000000888, 1.589999999999998304 ) ) ;
#3415 = CARTESIAN_POINT ( 'NONE',  ( -1.037707187618014864E-11, -2.041744328227169447, -4.762500000000000178 ) ) ;
#3416 = CARTESIAN_POINT ( 'NONE',  ( -2.905586012774363791, -3.141334199185562337, -3.786482891240163795 ) ) ;
#3417 = ORIENTED_EDGE ( 'NONE', *, *, #2304, .F. ) ;
#3418 = CARTESIAN_POINT ( 'NONE',  ( -2.963493916336666256, -7.391961253086498651, 2.562953653531614862 ) ) ;
#3419 = EDGE_CURVE ( 'NONE', #1691, #2688, #3818, .T. ) ;
#3420 = CARTESIAN_POINT ( 'NONE',  ( -3.811028889841741041, -4.899679509500276531, -1.578579852768129621 ) ) ;
#3421 = CARTESIAN_POINT ( 'NONE',  ( 4.084390305801932186, -3.611346436194442955, -2.363038068876339270 ) ) ;
#3422 = CARTESIAN_POINT ( 'NONE',  ( 4.762500000000000178, -4.880625000000000213, -1.972692090801865472 ) ) ;
#3423 = CARTESIAN_POINT ( 'NONE',  ( -0.3046242337926194921, -4.443314466362174642, -4.708829898133703118 ) ) ;
#3424 = CARTESIAN_POINT ( 'NONE',  ( -3.741747970888736674, -3.001515495996829319, -2.874989338429781771 ) ) ;
#3425 = AXIS2_PLACEMENT_3D ( 'NONE', #250, #2381, #1921 ) ;
#3426 = DIRECTION ( 'NONE',  ( 0.000000000000000000, -1.000000000000000000, 0.000000000000000000 ) ) ;
#3427 = ORIENTED_EDGE ( 'NONE', *, *, #3239, .T. ) ;
#3428 = CARTESIAN_POINT ( 'NONE',  ( -1.622904786874856731, -4.758526296175528358, 3.918038746913489856 ) ) ;
#3429 = CARTESIAN_POINT ( 'NONE',  ( 1.972692090801865916, -3.293125000000001634, -4.762500000000000178 ) ) ;
#3430 = CARTESIAN_POINT ( 'NONE',  ( -1.516367261048825910, -4.101299336439868881, 4.468462144150943338 ) ) ;
#3431 = DIRECTION ( 'NONE',  ( 0.000000000000000000, 0.000000000000000000, 1.000000000000000000 ) ) ;
#3432 = CARTESIAN_POINT ( 'NONE',  ( -1.241507875979141806, -2.603350724948606310, 4.583252832995771797 ) ) ;
#3433 = CARTESIAN_POINT ( 'NONE',  ( 4.466769268475708543, -6.109186679123461694, 1.520946246250853617 ) ) ;
#3434 = VERTEX_POINT ( 'NONE', #1732 ) ;
#3435 = CARTESIAN_POINT ( 'NONE',  ( -0.8261763086049906946, -5.817479929360344748, -4.701742315689489082 ) ) ;
#3436 = CARTESIAN_POINT ( 'NONE',  ( -2.884741882445644112, -2.487332696928060027, -2.570818867805726882 ) ) ;
#3437 = CARTESIAN_POINT ( 'NONE',  ( 0.001671584350681446385, -5.179438394530644807, 4.762499779990679194 ) ) ;
#3438 = CARTESIAN_POINT ( 'NONE',  ( 0.000000000000000000, 3.499999999999999556, 0.7500000000000029976 ) ) ;
#3439 = VERTEX_POINT ( 'NONE', #62 ) ;
#3440 = CARTESIAN_POINT ( 'NONE',  ( 3.918038746913496073, -5.711026296175530703, 1.622904786874859839 ) ) ;
#3441 = DIRECTION ( 'NONE',  ( 0.000000000000000000, 0.000000000000000000, -1.000000000000000000 ) ) ;
#3442 = CARTESIAN_POINT ( 'NONE',  ( 3.036954162016090475, -2.408550710984557863, 3.607226153865328744 ) ) ;
#3443 = CARTESIAN_POINT ( 'NONE',  ( -1.451907951575715138E-11, -3.311744328227002931, -4.762500000000000178 ) ) ;
#3444 = CARTESIAN_POINT ( 'NONE',  ( 1.235066507486290766, -5.127280645844805917, 4.610019552594287973 ) ) ;
#3445 = CARTESIAN_POINT ( 'NONE',  ( 2.333582165701389692E-16, -3.867804509500276655, -3.811028889841740597 ) ) ;
#3446 = CARTESIAN_POINT ( 'NONE',  ( 3.150439577205412789, -3.861121222781817686, 3.585100072885297084 ) ) ;
#3447 = CARTESIAN_POINT ( 'NONE',  ( -3.918038746913496961, -7.304598703824470185, -4.798213610342920265E-16 ) ) ;
#3448 = EDGE_CURVE ( 'NONE', #3039, #589, #3021, .T. ) ;
#3449 = CARTESIAN_POINT ( 'NONE',  ( -2.091154350509733639, -3.913884798142319710, 4.229942541583165294 ) ) ;
#3450 = AXIS2_PLACEMENT_3D ( 'NONE', #3072, #4745, #2163 ) ;
#3451 = CARTESIAN_POINT ( 'NONE',  ( 1.225341347628323696, -3.238139067929478365, -4.556794098654725289 ) ) ;
#3452 = DIRECTION ( 'NONE',  ( -0.000000000000000000, -1.000000000000000000, -3.921717058577609625E-16 ) ) ;
#3453 = CARTESIAN_POINT ( 'NONE',  ( 0.000000000000000000, 0.4738549290423901272, 1.734723475976807094E-15 ) ) ;
#3454 = ORIENTED_EDGE ( 'NONE', *, *, #1045, .T. ) ;
#3455 = CONICAL_SURFACE ( 'NONE', #2387, 5.499999999999999112, 1.047197551196600074 ) ;
#3456 = CARTESIAN_POINT ( 'NONE',  ( -2.393069479396360499, -5.323576418721854608, 4.129263224679686317 ) ) ;
#3457 = CARTESIAN_POINT ( 'NONE',  ( 3.970951404753513270, -2.202841219167997799, -2.633940389519267455 ) ) ;
#3458 = CARTESIAN_POINT ( 'NONE',  ( -3.589255671971408823, -4.118116175858684613, 3.145664093301159703 ) ) ;
#3459 = CARTESIAN_POINT ( 'NONE',  ( 4.762527764977661171, -6.119521755407219210, -0.3101496264709611150 ) ) ;
#3460 = CARTESIAN_POINT ( 'NONE',  ( -4.281958141093495485, -2.803417350256487417, 2.108097295054593534 ) ) ;
#3461 = CARTESIAN_POINT ( 'NONE',  ( 4.132765893232117627, -6.177806723727178984, 2.387398317769799938 ) ) ;
#3462 = VERTEX_POINT ( 'NONE', #2226 ) ;
#3463 = CARTESIAN_POINT ( 'NONE',  ( -3.827340340478226910, -5.664055901852257158, -2.839017776685593741 ) ) ;
#3464 = AXIS2_PLACEMENT_3D ( 'NONE', #4879, #4466, #705 ) ;
#3465 = CARTESIAN_POINT ( 'NONE',  ( -4.520609578680490515, -5.431392713853782084, 1.530787539542040276 ) ) ;
#3466 = CARTESIAN_POINT ( 'NONE',  ( -2.391628899405359832, -4.016286126900610043, 4.130267408215583025 ) ) ;
#3467 = DIRECTION ( 'NONE',  ( -0.000000000000000000, -1.000000000000000000, -3.921717058577609625E-16 ) ) ;
#3468 = ORIENTED_EDGE ( 'NONE', *, *, #5127, .T. ) ;
#3469 = CARTESIAN_POINT ( 'NONE',  ( 2.399106805171460132E-16, -1.504151296175529895, -3.918038746913496961 ) ) ;
#3470 = CARTESIAN_POINT ( 'NONE',  ( 2.770471766894176291, -5.790401296175530454, 2.770471766894177623 ) ) ;
#3471 = CARTESIAN_POINT ( 'NONE',  ( -1.524422092106794802, -5.156848043106837309, 4.465588245547785995 ) ) ;
#3472 = CARTESIAN_POINT ( 'NONE',  ( -1.726297737786903985, -2.027888949522699935, -4.453468171891893590 ) ) ;
#3473 = CARTESIAN_POINT ( 'NONE',  ( 4.762472196907795663, -4.874523885790576827, 0.3110017309653236861 ) ) ;
#3474 = CARTESIAN_POINT ( 'NONE',  ( -2.694804371304934332, -3.709054509500277153, -2.694804371304934776 ) ) ;
#3475 = CARTESIAN_POINT ( 'NONE',  ( 4.610206677207115078, -3.577025489859118057, -1.234415566180322665 ) ) ;
#3476 = CARTESIAN_POINT ( 'NONE',  ( 4.762500000000000178, -2.340624999999999734, -1.972692090801865472 ) ) ;
#3477 = CARTESIAN_POINT ( 'NONE',  ( -1.254513594710195745, -3.901335649414622520, 4.636004819044917902 ) ) ;
#3478 = CARTESIAN_POINT ( 'NONE',  ( -1.216611501791752703, -3.133680556820068741, -4.559249510872223077 ) ) ;
#3479 = CARTESIAN_POINT ( 'NONE',  ( 2.137375677825985143, -7.205176421959966326, 3.515346050520173460 ) ) ;
#3480 = CARTESIAN_POINT ( 'NONE',  ( 5.951011859767828868E-16, -2.004505671772412789, -4.762500000000000178 ) ) ;
#3481 = VERTEX_POINT ( 'NONE', #2584 ) ;
#3482 = CARTESIAN_POINT ( 'NONE',  ( 0.000000000000000000, -7.500000000000000000, 4.762500000000000178 ) ) ;
#3483 = DIRECTION ( 'NONE',  ( -0.000000000000000000, 1.000000000000000000, -0.000000000000000000 ) ) ;
#3484 = CARTESIAN_POINT ( 'NONE',  ( 2.110722799887503331, -5.907478294639589400, -4.280639726345520479 ) ) ;
#3485 = CARTESIAN_POINT ( 'NONE',  ( -3.550297570553993864, -2.722188937465797043, 3.108269223069835441 ) ) ;
#3486 = CARTESIAN_POINT ( 'NONE',  ( 3.786705217518938849, -5.998864490747591205, -2.904925236492922114 ) ) ;
#3487 = EDGE_CURVE ( 'NONE', #4002, #1757, #5193, .T. ) ;
#3488 = ORIENTED_EDGE ( 'NONE', *, *, #754, .T. ) ;
#3489 = CARTESIAN_POINT ( 'NONE',  ( -2.906626658254439111, -5.350129402547590729, 3.776197857392042945 ) ) ;
#3490 = CARTESIAN_POINT ( 'NONE',  ( -1.748075512063467007, -2.456965540566580675, -3.489733593661876299 ) ) ;
#3491 = CARTESIAN_POINT ( 'NONE',  ( 2.238921931081807706E-16, -5.179505671772410835, 4.762500000000000178 ) ) ;
#3492 = CARTESIAN_POINT ( 'NONE',  ( -2.244935039963494194, -6.461564947155586935, 4.145613728346901894 ) ) ;
#3493 = VERTEX_POINT ( 'NONE', #4751 ) ;
#3494 = CARTESIAN_POINT ( 'NONE',  ( -0.9716199913219383255, -6.527303432271772010, 4.674049903483624036 ) ) ;
#3495 = CARTESIAN_POINT ( 'NONE',  ( -2.329408393589180265E-16, -5.216744328227587602, 4.762500000000000178 ) ) ;
#3496 = CARTESIAN_POINT ( 'NONE',  ( -4.557119046880421465, -5.460578651725234600, -1.223991370777902654 ) ) ;
#3497 = CARTESIAN_POINT ( 'NONE',  ( 4.278755305034112943, -3.536091774846834568, -2.114414325689472740 ) ) ;
#3498 = CARTESIAN_POINT ( 'NONE',  ( 0.002507410479071902655, -5.179404760035467348, 4.762499339936194787 ) ) ;
#3499 = CARTESIAN_POINT ( 'NONE',  ( -1.578579852768128955, -5.179070490499722901, -3.811028889841741041 ) ) ;
#3500 = CARTESIAN_POINT ( 'NONE',  ( 4.559932912125195692, -3.769926690884926934, 1.213387018752198676 ) ) ;
#3501 = CARTESIAN_POINT ( 'NONE',  ( 1.972692090801866360, -2.658124999999998739, 4.762499999999999289 ) ) ;
#3502 = CARTESIAN_POINT ( 'NONE',  ( -4.731813366151483180, -4.201452132228268077, 0.6225451196530483733 ) ) ;
#3503 = EDGE_LOOP ( 'NONE', ( #2493, #4487, #107 ) ) ;
#3504 = CARTESIAN_POINT ( 'NONE',  ( 0.000000000000000000, -7.500000000000000000, 0.000000000000000000 ) ) ;
#3505 =( LENGTH_UNIT ( ) NAMED_UNIT ( * ) SI_UNIT ( .MILLI., .METRE. ) );
#3506 = CARTESIAN_POINT ( 'NONE',  ( 4.731622840209355196, -2.347669224388309495, 0.6248416744145373070 ) ) ;
#3507 = EDGE_LOOP ( 'NONE', ( #4339, #4144, #3468, #2192 ) ) ;
#3508 = CARTESIAN_POINT ( 'NONE',  ( -3.593267566757185616, -5.388351995089955437, 3.141421998701811269 ) ) ;
#3509 = CARTESIAN_POINT ( 'NONE',  ( 4.238526475032550422, -2.141578355279650125, -2.056853502694112823 ) ) ;
#3510 = CIRCLE ( 'NONE', #179, 0.7500000000000001110 ) ;
#3511 = CARTESIAN_POINT ( 'NONE',  ( 0.3092668140126216270, -4.654946034983504788, -4.762610243326649062 ) ) ;
#3512 = CARTESIAN_POINT ( 'NONE',  ( -4.731497100378824427, -3.019924173687453361, -0.6255539306212933859 ) ) ;
#3513 = CARTESIAN_POINT ( 'NONE',  ( -4.762165529592413016, -2.909089156393064979, -0.3189579514853402298 ) ) ;
#3514 = CARTESIAN_POINT ( 'NONE',  ( 4.131686464507501100, -6.025381331328519607, -2.388910628927780166 ) ) ;
#3515 = AXIS2_PLACEMENT_3D ( 'NONE', #4061, #3162, #4494 ) ;
#3516 = ORIENTED_EDGE ( 'NONE', *, *, #3649, .F. ) ;
#3517 = CARTESIAN_POINT ( 'NONE',  ( -2.507822203068991840, -5.329316744798004990, 4.061921245221861376 ) ) ;
#3518 = CARTESIAN_POINT ( 'NONE',  ( -4.085523522360502646, -4.246437444809163075, 2.361271300969280507 ) ) ;
#3519 = VECTOR ( 'NONE', #13, 1000.000000000000000 ) ;
#3520 = DIRECTION ( 'NONE',  ( -0.000000000000000000, 1.000000000000000000, -0.000000000000000000 ) ) ;
#3521 = DIRECTION ( 'NONE',  ( -0.000000000000000000, 1.000000000000000000, -0.000000000000000000 ) ) ;
#3522 = EDGE_CURVE ( 'NONE', #3439, #2248, #3365, .T. ) ;
#3523 = CARTESIAN_POINT ( 'NONE',  ( -2.783150457240902043, -7.382489272101997457, 2.785961327354024686 ) ) ;
#3524 = ORIENTED_EDGE ( 'NONE', *, *, #3627, .T. ) ;
#3525 = CARTESIAN_POINT ( 'NONE',  ( -2.354473733847675554, -5.619454053830524209, -4.089499259929472608 ) ) ;
#3526 = CARTESIAN_POINT ( 'NONE',  ( 2.113446904240564805, -3.853636964773353046, 4.279131089184137871 ) ) ;
#3527 = CARTESIAN_POINT ( 'NONE',  ( 3.811028889841741041, -4.226570490499722332, -1.578579852768128955 ) ) ;
#3528 = CARTESIAN_POINT ( 'NONE',  ( 2.392014606060643089, -3.900712203624061125, 4.130046244803163624 ) ) ;
#3529 = CARTESIAN_POINT ( 'NONE',  ( -2.312895360655931487, -0.7294473177965636879, -4.163162415839223307 ) ) ;
#3530 = CARTESIAN_POINT ( 'NONE',  ( -3.748977530016237569, -4.005418484093764775, 2.865474013433289890 ) ) ;
#3531 = CARTESIAN_POINT ( 'NONE',  ( 2.983383958937204650, 0.4738549290423937355, 4.628395429297476937 ) ) ;
#3532 = APPROVAL_STATUS ( 'not_yet_approved' ) ;
#3533 = CARTESIAN_POINT ( 'NONE',  ( -3.485315358639185845, -7.443207797417795923, -1.674895399284944686 ) ) ;
#3534 = ORIENTED_EDGE ( 'NONE', *, *, #2066, .F. ) ;
#3535 = CARTESIAN_POINT ( 'NONE',  ( 3.590239082980549501, -3.445931504785365362, -3.144888528728800203 ) ) ;
#3536 = CARTESIAN_POINT ( 'NONE',  ( 0.000000000000000000, -2.000000000000000000, -1.653408313040394459E-15 ) ) ;
#3537 = CARTESIAN_POINT ( 'NONE',  ( 2.870590623124978702, -4.803601642674915517, -3.745305080798305930 ) ) ;
#3538 = CARTESIAN_POINT ( 'NONE',  ( -2.209902559482560314, -6.547499999999991438, 4.218736413618707992 ) ) ;
#3539 = CARTESIAN_POINT ( 'NONE',  ( -4.647088911538263645, -6.659098204628262074, -0.2642163195113330088 ) ) ;
#3540 = CARTESIAN_POINT ( 'NONE',  ( -4.732145672919178203, -5.410796810511796728, 0.6200022345669139456 ) ) ;
#3541 = AXIS2_PLACEMENT_3D ( 'NONE', #5282, #1526, #3203 ) ;
#3542 = ORIENTED_EDGE ( 'NONE', *, *, #1774, .T. ) ;
#3543 = VERTEX_POINT ( 'NONE', #2612 ) ;
#3544 = CARTESIAN_POINT ( 'NONE',  ( -4.614170351357814504, -5.482513991491417826, 1.223916746455867344 ) ) ;
#3545 = CARTESIAN_POINT ( 'NONE',  ( -2.869314021856054442, -4.168536873839824963, 3.746065403359459811 ) ) ;
#3546 = CARTESIAN_POINT ( 'NONE',  ( 4.557212230952507603, -4.825593898804846127, 1.224404675210497784 ) ) ;
#3547 = CARTESIAN_POINT ( 'NONE',  ( 5.500000000000000000, -1.508759813876276334, -3.175426480542943075 ) ) ;
#3548 = CARTESIAN_POINT ( 'NONE',  ( 3.746236979137496537, -3.370228608499719058, -2.869004657167259609 ) ) ;
#3549 = EDGE_LOOP ( 'NONE', ( #2783, #1038 ) ) ;
#3550 = AXIS2_PLACEMENT_3D ( 'NONE', #3930, #3520, #2583 ) ;
#3551 = EDGE_CURVE ( 'NONE', #5361, #2694, #1129, .T. ) ;
#3552 = DIRECTION ( 'NONE',  ( 0.000000000000000000, 1.000000000000000000, 0.000000000000000000 ) ) ;
#3553 = CARTESIAN_POINT ( 'NONE',  ( 4.741164038258918190, -2.382851835220406667, 0.5780464194857928284 ) ) ;
#3554 = CARTESIAN_POINT ( 'NONE',  ( -3.811028889841741041, -7.401570490499724819, 1.578579852768128067 ) ) ;
#3555 = B_SPLINE_CURVE_WITH_KNOTS ( 'NONE', 3,
 ( #3265, #4833, #2332, #5270, #252, #1072, #4010, #2767, #1512, #3237, #227, #3576, #1588, #1044, #1538, #2719, #4883, #2742, #2410, #685, #4396, #2790, #1924, #275, #4909, #1951, #1149, #638, #4420, #3984, #4470, #3189, #709, #2383 ),
 .UNSPECIFIED., .F., .F.,
 ( 4, 2, 2, 2, 2, 2, 2, 2, 2, 2, 2, 2, 2, 2, 2, 2, 4 ),
 ( 0.000000000000000000, 0.001080371411895398974, 0.002160742823790797514, 0.003241114235686195187, 0.004321485647581594161, 0.005401857059476993135, 0.006482228471372391242, 0.007562599883267791083, 0.008642971295163190057, 0.009723342707058588164, 0.01080371411895398800, 0.01188408553084938611, 0.01296445694274478422, 0.01404482835464018579, 0.01512519976653558390, 0.01620557117843098374, 0.01728594259032638011 ),
 .UNSPECIFIED. ) ;
#3556 = ADVANCED_FACE ( 'NONE', ( #4229 ), #1134, .T. ) ;
#3557 = CARTESIAN_POINT ( 'NONE',  ( 0.6257635045849518907, -3.921562978036524871, 4.762830118580700933 ) ) ;
#3558 = CARTESIAN_POINT ( 'NONE',  ( -3.918038746913496961, -6.034598703824469723, -4.798213610342920265E-16 ) ) ;
#3559 = CARTESIAN_POINT ( 'NONE',  ( -3.150483808699187538, -3.995131079831578891, 3.585061167667212167 ) ) ;
#3560 = FACE_OUTER_BOUND ( 'NONE', #2979, .T. ) ;
#3561 = CARTESIAN_POINT ( 'NONE',  ( -3.918038746913496961, -6.113973703824471251, -1.622904786874857175 ) ) ;
#3562 = B_SPLINE_CURVE_WITH_KNOTS ( 'NONE', 3,
 ( #4571, #4960, #2050, #785, #3233, #3696, #4056, #3724 ),
 .UNSPECIFIED., .F., .F.,
 ( 4, 2, 2, 4 ),
 ( 0.003213249942171108112, 0.004013500389788041828, 0.004813750837404976411, 0.006414251732638849048 ),
 .UNSPECIFIED. ) ;
#3563 = CARTESIAN_POINT ( 'NONE',  ( 0.3170873402540743680, -3.896745669690219405, 4.762338126833473240 ) ) ;
#3564 = CARTESIAN_POINT ( 'NONE',  ( 0.1134822944574941234, -1.920480723362041342, -4.717424098025337464 ) ) ;
#3565 = CARTESIAN_POINT ( 'NONE',  ( -3.589838890102383662, -4.410343643860554330, -3.145347609667271449 ) ) ;
#3566 = B_SPLINE_CURVE_WITH_KNOTS ( 'NONE', 3,
 ( #2933, #4967, #4142, #3732, #5399, #1649 ),
 .UNSPECIFIED., .F., .F.,
 ( 4, 2, 4 ),
 ( 0.000000000000000000, 0.0007221077565263721906, 0.001444215513052744381 ),
 .UNSPECIFIED. ) ;
#3567 = CARTESIAN_POINT ( 'NONE',  ( -4.131967121339864768, -3.100844370136232708, -2.388423059494340528 ) ) ;
#3568 = CARTESIAN_POINT ( 'NONE',  ( -4.507304664486153634, -5.683348668499346168, -1.398525915435464118 ) ) ;
#3569 = CARTESIAN_POINT ( 'NONE',  ( -0.6205790976785163782, -5.789038360494852320, -4.732241435405837748 ) ) ;
#3570 = EDGE_LOOP ( 'NONE', ( #3384, #1194, #3953, #4168, #1455, #2086 ) ) ;
#3571 = CARTESIAN_POINT ( 'NONE',  ( -3.928638274528152952, -5.411214606647387626, 2.712008299454114368 ) ) ;
#3572 = CARTESIAN_POINT ( 'NONE',  ( 4.470082770080199275, -5.053582338092443393, 1.511706584977975609 ) ) ;
#3573 = CARTESIAN_POINT ( 'NONE',  ( 3.150089389699656461, -5.033141082101333375, 3.585372463773071505 ) ) ;
#3574 = LINE ( 'NONE', #3957, #1221 ) ;
#3575 = CARTESIAN_POINT ( 'NONE',  ( 4.732064533221397085, -3.556796205770831332, 0.6222959720338306910 ) ) ;
#3576 = CARTESIAN_POINT ( 'NONE',  ( 3.090975697808694633, -2.275520424148773202, -3.570285389257205733 ) ) ;
#3577 = CARTESIAN_POINT ( 'NONE',  ( 4.555730003277891349, -2.181110923644463462, -1.216865246626664288 ) ) ;
#3578 = CARTESIAN_POINT ( 'NONE',  ( 4.741477133880497519, -2.443505119279982818, 0.5754524498770368091 ) ) ;
#3579 = CARTESIAN_POINT ( 'NONE',  ( -3.811028889841741041, -6.131570490499723469, 1.578579852768128067 ) ) ;
#3580 = CARTESIAN_POINT ( 'NONE',  ( -4.598775329437137849, -1.781821257207346854, -3.695748786692740762 ) ) ;
#3581 = CARTESIAN_POINT ( 'NONE',  ( -1.622904786874856953, -5.002723703824469403, -3.918038746913496961 ) ) ;
#3582 = CARTESIAN_POINT ( 'NONE',  ( 0.000000000000000000, -7.500000000000000000, 4.762500000000000178 ) ) ;
#3583 = PLANE ( 'NONE',  #992 ) ;
#3584 = EDGE_CURVE ( 'NONE', #1624, #2599, #3874, .T. ) ;
#3585 = CALENDAR_DATE ( 2026, 3, 1 ) ;
#3586 = CARTESIAN_POINT ( 'NONE',  ( -3.492732231437210899, -7.407722364242486535, -1.740435380535408250 ) ) ;
#3587 = CARTESIAN_POINT ( 'NONE',  ( -4.557215904525605765, -3.030656713873171260, 1.224391141920905257 ) ) ;
#3588 = CARTESIAN_POINT ( 'NONE',  ( 4.544772277944639782, -2.384310444443042964, 1.457952685213909083 ) ) ;
#3589 = CARTESIAN_POINT ( 'NONE',  ( 0.3046242451844266008, -4.682935534088158214, -4.708829897344083193 ) ) ;
#3590 = CARTESIAN_POINT ( 'NONE',  ( -3.149949413541107912, -2.823101298950779103, 3.585493931353331387 ) ) ;
#3591 = FACE_OUTER_BOUND ( 'NONE', #4132, .T. ) ;
#3592 = CARTESIAN_POINT ( 'NONE',  ( -4.559932912161631435, -5.356323309122547727, 1.213387018585643018 ) ) ;
#3593 = ORIENTED_EDGE ( 'NONE', *, *, #3316, .T. ) ;
#3594 = CARTESIAN_POINT ( 'NONE',  ( -0.6604042866811389301, -5.304650299842561978, 4.727858318280151018 ) ) ;
#3595 = CARTESIAN_POINT ( 'NONE',  ( -7.197320415514379411E-16, -7.219151296175530419, 3.918038746913496961 ) ) ;
#3596 = CARTESIAN_POINT ( 'NONE',  ( -1.516657153423059734, -4.101312795366387043, 4.468363593709520742 ) ) ;
#3597 = CARTESIAN_POINT ( 'NONE',  ( -0.001164548443841114094, -5.090761426278149315, 4.708643258879271265 ) ) ;
#3598 = CARTESIAN_POINT ( 'NONE',  ( -3.811164551738610146E-16, -3.946744328227586252, 4.762500000000000178 ) ) ;
#3599 = CARTESIAN_POINT ( 'NONE',  ( 4.133055749158205394, -3.424731698167241323, -2.386547018480145610 ) ) ;
#3600 = CIRCLE ( 'NONE', #4117, 5.499999999999999112 ) ;
#3601 = CARTESIAN_POINT ( 'NONE',  ( -1.239820338732401384, -6.547499999999997655, 4.602180863903601704 ) ) ;
#3602 = AXIS2_PLACEMENT_3D ( 'NONE', #1507, #2996, #3441 ) ;
#3603 = CARTESIAN_POINT ( 'NONE',  ( 3.918038746913496961, -5.399598703824469048, 0.000000000000000000 ) ) ;
#3604 = CARTESIAN_POINT ( 'NONE',  ( 4.186373649397922669, -2.522149950071682412, 2.300066112127272522 ) ) ;
#3605 = CARTESIAN_POINT ( 'NONE',  ( 3.811028889841739709, -6.925320490499723647, 1.578579852768131397 ) ) ;
#3606 = CARTESIAN_POINT ( 'NONE',  ( -5.051259617010004810, -1.658339941539942464, -3.434506861458470173 ) ) ;
#3607 = CARTESIAN_POINT ( 'NONE',  ( -3.918038746913496961, -2.303973703824470309, -1.622904786874857175 ) ) ;
#3608 = CARTESIAN_POINT ( 'NONE',  ( 2.749999999999999112, -2.000000000000000000, 4.763139720814413280 ) ) ;
#3609 = DIRECTION ( 'NONE',  ( -0.000000000000000000, 1.000000000000000000, -0.000000000000000000 ) ) ;
#3610 = CARTESIAN_POINT ( 'NONE',  ( 2.770471766894176291, -6.828348703824469901, 2.770471766894177623 ) ) ;
#3611 = CARTESIAN_POINT ( 'NONE',  ( -4.708881717824309199, -3.095391990270267790, -0.3035327355438852681 ) ) ;
#3612 = EDGE_CURVE ( 'NONE', #1281, #2429, #3946, .T. ) ;
#3613 = CARTESIAN_POINT ( 'NONE',  ( 1.533523358087318655, -2.484160172542674072, 4.462988256054202907 ) ) ;
#3614 = CYLINDRICAL_SURFACE ( 'NONE', #3541, 4.762500000000000178 ) ;
#3615 = CARTESIAN_POINT ( 'NONE',  ( -4.485357501069797692, -6.685727738492693639, -1.184604680087921524 ) ) ;
#3616 = CARTESIAN_POINT ( 'NONE',  ( -0.6097687055251940214, -5.700400600460987732, -4.679216383241245225 ) ) ;
#3617 = ORIENTED_EDGE ( 'NONE', *, *, #2833, .T. ) ;
#3618 = CARTESIAN_POINT ( 'NONE',  ( -3.918038746913491632, -6.266651296175528074, -4.798213610342912376E-16 ) ) ;
#3619 = CARTESIAN_POINT ( 'NONE',  ( 4.762500000000000178, -8.611250000000000071, 0.000000000000000000 ) ) ;
#3620 = CARTESIAN_POINT ( 'NONE',  ( 4.677449825579919285, -4.962195390682396123, -0.6220682299137747506 ) ) ;
#3621 = DIRECTION ( 'NONE',  ( 0.000000000000000000, 0.4999999999999979461, 0.8660254037844397068 ) ) ;
#3622 = CARTESIAN_POINT ( 'NONE',  ( 3.589223615933677447, -3.738135739700388260, 3.145700801297055982 ) ) ;
#3623 = AXIS2_PLACEMENT_3D ( 'NONE', #3151, #217, #3124 ) ;
#3624 = DIRECTION ( 'NONE',  ( -0.000000000000000000, 1.000000000000000000, -0.000000000000000000 ) ) ;
#3625 = CARTESIAN_POINT ( 'NONE',  ( 4.659983584886456143, -2.203044813920002287, -0.7211126081484032779 ) ) ;
#3626 = CARTESIAN_POINT ( 'NONE',  ( 0.05633635445614135207, -2.104714962003174428, -4.765628145509845481 ) ) ;
#3627 = EDGE_CURVE ( 'NONE', #5133, #468, #868, .T. ) ;
#3628 = CARTESIAN_POINT ( 'NONE',  ( 2.333582165701389692E-16, -2.718445490499723061, -3.811028889841740597 ) ) ;
#3629 = CARTESIAN_POINT ( 'NONE',  ( -2.870718106033351980, -4.322641448308176315, -3.745203003860079427 ) ) ;
#3630 = AXIS2_PLACEMENT_3D ( 'NONE', #145, #1347, #4750 ) ;
#3631 = CARTESIAN_POINT ( 'NONE',  ( 2.770471766894176291, -5.558348703824470327, 2.770471766894177623 ) ) ;
#3632 = CARTESIAN_POINT ( 'NONE',  ( 3.681566269432176242, -1.943455294822465262, 4.225299684389771215 ) ) ;
#3633 = DIRECTION ( 'NONE',  ( 0.000000000000000000, 0.000000000000000000, 1.000000000000000000 ) ) ;
#3634 = CARTESIAN_POINT ( 'NONE',  ( 4.472683738363268269, -6.323356145350158997, 1.507225940107171924 ) ) ;
#3635 = CARTESIAN_POINT ( 'NONE',  ( 1.622904786874857841, -6.907723703824469652, 3.918038746913496073 ) ) ;
#3636 = CARTESIAN_POINT ( 'NONE',  ( -0.6265429565795587186, -2.702467379875685971, 4.731292041674110216 ) ) ;
#3637 = CARTESIAN_POINT ( 'NONE',  ( 1.542317766522407300E-05, -2.578749090304992553, 4.762500652575089255 ) ) ;
#3638 = CARTESIAN_POINT ( 'NONE',  ( 0.000000000000000000, 0.4738549290423901272, 1.734723475976807094E-15 ) ) ;
#3639 = CARTESIAN_POINT ( 'NONE',  ( -3.605705641707955600, -5.480533469132141455, 3.044712665317556688 ) ) ;
#3640 = EDGE_CURVE ( 'NONE', #780, #5222, #4298, .T. ) ;
#3641 = CARTESIAN_POINT ( 'NONE',  ( -3.785225022231394565, -5.569505866318388065, -2.906990645806289741 ) ) ;
#3642 = ORIENTED_EDGE ( 'NONE', *, *, #4684, .F. ) ;
#3643 = CARTESIAN_POINT ( 'NONE',  ( 3.918038746913489856, -6.981026296175526724, 1.622904786874857397 ) ) ;
#3644 = CARTESIAN_POINT ( 'NONE',  ( -3.367596045400933491, -7.817500000000001670, 3.367596045400932603 ) ) ;
#3645 = CARTESIAN_POINT ( 'NONE',  ( -3.526810383208813793, -2.401652614268563912, 1.919720192114851010 ) ) ;
#3646 = CARTESIAN_POINT ( 'NONE',  ( 4.678428204260840495, -4.747669400301194997, -0.6151229561524804712 ) ) ;
#3647 = CARTESIAN_POINT ( 'NONE',  ( 0.000000000000000000, -2.000000000000000000, -1.653408313040394459E-15 ) ) ;
#3648 = CARTESIAN_POINT ( 'NONE',  ( 4.678388115454056084, -3.528811553229185272, 0.6164843064804734762 ) ) ;
#3649 = EDGE_CURVE ( 'NONE', #1691, #1624, #4902, .T. ) ;
#3650 = DIRECTION ( 'NONE',  ( 0.000000000000000000, -0.8714972372446370130, -0.4904004134123103875 ) ) ;
#3651 = CARTESIAN_POINT ( 'NONE',  ( -1.622904786874856953, -6.272723703824469865, -3.918038746913496961 ) ) ;
#3652 = CARTESIAN_POINT ( 'NONE',  ( 2.479823301020981141, -2.152849124529540248, -4.082365774841778538 ) ) ;
#3653 = CARTESIAN_POINT ( 'NONE',  ( -2.770471766894176735, -6.425401296175530241, -2.770471766894177179 ) ) ;
#3654 = CARTESIAN_POINT ( 'NONE',  ( 4.231900069797243980, -4.866190112730243378, 2.087181482501859975 ) ) ;
#3655 = CARTESIAN_POINT ( 'NONE',  ( 3.918038746913496961, -2.859598703824469901, 0.000000000000000000 ) ) ;
#3656 = CARTESIAN_POINT ( 'NONE',  ( -3.786121041194161929, -4.131036593289734604, 2.905978931628472317 ) ) ;
#3657 = CARTESIAN_POINT ( 'NONE',  ( -0.3099406948713097631, -2.778150061766539114, 4.708721920870990729 ) ) ;
#3658 = CARTESIAN_POINT ( 'NONE',  ( 4.710902810959473719, -6.260932481097992053, 0.07210310758034725598 ) ) ;
#3659 = CARTESIAN_POINT ( 'NONE',  ( 2.770471766894176291, -3.018348703824469847, 2.770471766894177623 ) ) ;
#3660 = CARTESIAN_POINT ( 'NONE',  ( -2.385252306097617847, -2.843952676956689185, 4.133867532100533815 ) ) ;
#3661 = CARTESIAN_POINT ( 'NONE',  ( 4.164623063807763259, -2.365032093045762895, 2.331636630518004072 ) ) ;
#3662 = CARTESIAN_POINT ( 'NONE',  ( 2.113607570274845138, -5.944834186936110321, -4.279047279811889481 ) ) ;
#3663 = CARTESIAN_POINT ( 'NONE',  ( 0.000000000000000000, 7.500000000000000000, 2.755455298081544383E-15 ) ) ;
#3664 = CARTESIAN_POINT ( 'NONE',  ( -2.392014608461176639, -5.225537796497458309, 4.130046243285347529 ) ) ;
#3665 = ORIENTED_EDGE ( 'NONE', *, *, #4818, .F. ) ;
#3666 = CARTESIAN_POINT ( 'NONE',  ( -1.615895688882479364, -5.286255829724651356, 4.492152394959121331 ) ) ;
#3667 = CARTESIAN_POINT ( 'NONE',  ( -3.918038746913496961, -2.536026296175531325, -1.622904786874857175 ) ) ;
#3668 = CARTESIAN_POINT ( 'NONE',  ( -2.595204159505990038, -2.363074721219330598, 3.158345878501715998 ) ) ;
#3669 = CARTESIAN_POINT ( 'NONE',  ( 3.112544960320826615, -4.601963353247900734, -3.546828458112760707 ) ) ;
#3670 = CARTESIAN_POINT ( 'NONE',  ( 3.790691657342663223, -5.032111535627044496, 2.899768961171416137 ) ) ;
#3671 = CARTESIAN_POINT ( 'NONE',  ( 2.112525189519626867, -3.306796908596430828, -4.279752205241214469 ) ) ;
#3672 = CARTESIAN_POINT ( 'NONE',  ( 3.682740131123882321, -2.064578870981693459, -2.834463693225972580 ) ) ;
#3673 = DIRECTION ( 'NONE',  ( -0.000000000000000000, -1.000000000000000000, -3.921717058577609625E-16 ) ) ;
#3674 = ADVANCED_FACE ( 'NONE', ( #1948 ), #1018, .T. ) ;
#3675 = CARTESIAN_POINT ( 'NONE',  ( 3.918038746913496961, -4.129598703824470363, 0.000000000000000000 ) ) ;
#3676 = CARTESIAN_POINT ( 'NONE',  ( 3.558345148585468909, -2.568267331551479238, 3.186075826223234930 ) ) ;
#3677 = AXIS2_PLACEMENT_3D ( 'NONE', #5113, #615, #1437 ) ;
#3678 = ORIENTED_EDGE ( 'NONE', *, *, #2366, .F. ) ;
#3679 = B_SPLINE_CURVE_WITH_KNOTS ( 'NONE', 3,
 ( #4125, #3657, #3712, #773, #1983, #4070, #2039, #3686, #1186, #2065, #1656, #3334, #2365, #395, #1601, #310, #5326, #283, #693, #1546, #1107, #4043, #1959, #3276, #746, #2775, #1571, #5380, #4454, #1132, #1630, #337, #4561, #4152, #3250, #4478, #2010, #5300, #3222, #4893, #4920, #718, #2800, #5353, #2854, #1157, #4948, #2826, #4504, #2419, #4096, #4534, #3305, #4974, #801, #2476, #2151, #2913, #2281, #1874, #3361, #3958, #2122, #4591, #1712, #4619 ),
 .UNSPECIFIED., .F., .F.,
 ( 4, 2, 2, 2, 2, 2, 2, 2, 2, 2, 2, 2, 2, 2, 2, 2, 2, 2, 2, 2, 2, 2, 2, 2, 2, 2, 2, 2, 2, 2, 2, 2, 4 ),
 ( 0.000000000000000000, 0.0009208334125384793137, 0.001841666825076958627, 0.002762500237615437941, 0.003683333650153917255, 0.004604167062692395701, 0.005525000475230875015, 0.006445833887769353461, 0.007366667300307831040, 0.008287500712846309486, 0.009208334125384789667, 0.01012916753792326985, 0.01105000095046174656, 0.01197083436300022327, 0.01289166777553870172, 0.01381250118807718016, 0.01473333460061565514, 0.01565416801315413706, 0.01657500142569260856, 0.01749583483823108701, 0.01841666825076956199, 0.01933750166330803696, 0.02025833507584651541, 0.02117916848838499039, 0.02210000190092346883, 0.02302083531346194381, 0.02394166872600041879, 0.02486250213853889723, 0.02578333555107736874, 0.02670416896361584719, 0.02762500237615432563, 0.02854583578869279714, 0.02946666920123127212 ),
 .UNSPECIFIED. ) ;
#3680 = CARTESIAN_POINT ( 'NONE',  ( -7.197320415514379411E-16, -7.219151296175530419, 3.918038746913496961 ) ) ;
#3681 = CLOSED_SHELL ( 'NONE', ( #1266, #926, #2436, #2246, #4579, #4548, #5348, #3217, #3382, #3556, #2467, #2536, #4755, #4361, #4528, #2905, #1260, #4321, #4450, #1595, #629, #1229, #1403, #4515, #359, #1297, #427, #4219, #1603, #530, #305, #1821, #4118, #499, #4723, #2275, #4859, #4914, #3986, #3114, #716, #4791, #689, #5164, #1332, #2404, #997, #1931, #1768, #4760, #5417, #4922, #5157, #1696, #90, #2741, #663, #3133, #1034, #3212, #2569, #260, #2204, #5024, #1309 ) ) ;
#3682 = CARTESIAN_POINT ( 'NONE',  ( -0.3123350051824743678, -3.833425641979140597, 4.708560217546671645 ) ) ;
#3683 = CARTESIAN_POINT ( 'NONE',  ( 2.770471766894176291, -1.748348703824469386, 2.770471766894177623 ) ) ;
#3684 = CARTESIAN_POINT ( 'NONE',  ( 2.108584082180912755, -4.674590686984465115, -4.281528699028534390 ) ) ;
#3685 = CARTESIAN_POINT ( 'NONE',  ( -4.731497100378823539, -4.289924173687452935, -0.6255539306213038220 ) ) ;
#3686 = CARTESIAN_POINT ( 'NONE',  ( -2.869319541793776018, -2.898537168746279757, 3.746061234556022690 ) ) ;
#3687 = CARTESIAN_POINT ( 'NONE',  ( 0.9902559811361612008, -6.445203320097293798, 4.661323887997200544 ) ) ;
#3688 = CARTESIAN_POINT ( 'NONE',  ( 3.918038746913496961, -1.589598703824469439, 0.000000000000000000 ) ) ;
#3689 = CARTESIAN_POINT ( 'NONE',  ( 0.6264932294925068534, -2.524684690355409433, 4.677126207866504792 ) ) ;
#3690 = CYLINDRICAL_SURFACE ( 'NONE', #4936, 4.762500000000000178 ) ;
#3691 = CARTESIAN_POINT ( 'NONE',  ( 0.001230553817909865602, -5.305485887400422484, 4.708643241727394901 ) ) ;
#3692 = FACE_OUTER_BOUND ( 'NONE', #3507, .T. ) ;
#3693 = ORIENTED_EDGE ( 'NONE', *, *, #825, .F. ) ;
#3694 = CARTESIAN_POINT ( 'NONE',  ( -0.3300980089328972578, -5.230027539092683142, 4.762331457748611996 ) ) ;
#3695 = CARTESIAN_POINT ( 'NONE',  ( 1.972692090801865916, -8.373124999999999929, -4.762500000000000178 ) ) ;
#3696 = CARTESIAN_POINT ( 'NONE',  ( -4.598775329437196469, 0.2556761862497229365, -3.695748786692708343 ) ) ;
#3697 = CARTESIAN_POINT ( 'NONE',  ( 2.390552421857391252, -4.590467649152355278, -4.130725053185478224 ) ) ;
#3698 = CARTESIAN_POINT ( 'NONE',  ( -2.944939171585823079, -6.851746279118875016, 3.363942602818860816 ) ) ;
#3699 = CARTESIAN_POINT ( 'NONE',  ( -4.517386805635904778, -2.962301605324734854, -1.540047338927915233 ) ) ;
#3700 = CARTESIAN_POINT ( 'NONE',  ( 3.975963917229552447, -2.178940057835546007, 1.959459990500502569 ) ) ;
#3701 = ORIENTED_EDGE ( 'NONE', *, *, #4692, .F. ) ;
#3702 = CARTESIAN_POINT ( 'NONE',  ( -0.9413213301963417878, -6.400222922088913968, 4.637329921502741037 ) ) ;
#3703 = CARTESIAN_POINT ( 'NONE',  ( -7.197320415514379411E-16, -3.177098703824469794, 3.918038746913496961 ) ) ;
#3704 = CARTESIAN_POINT ( 'NONE',  ( 1.777848185649720580, -2.660479730714452096, 4.433368802538304010 ) ) ;
#3705 = EDGE_CURVE ( 'NONE', #1291, #2735, #782, .T. ) ;
#3706 = CARTESIAN_POINT ( 'NONE',  ( -2.694804371304935664, -2.242195490499723665, 2.694804371304934332 ) ) ;
#3707 = VECTOR ( 'NONE', #549, 1000.000000000000000 ) ;
#3708 = CARTESIAN_POINT ( 'NONE',  ( -4.089548101702556338, -4.031974098633248182, 2.354001455732832593 ) ) ;
#3709 = CARTESIAN_POINT ( 'NONE',  ( 0.3099406949130811828, -6.348099938231765549, 4.708721920871002276 ) ) ;
#3710 = CARTESIAN_POINT ( 'NONE',  ( 3.588434721765414448, -5.045418807744635359, 3.146633355827289869 ) ) ;
#3711 = CARTESIAN_POINT ( 'NONE',  ( -0.3108535185658755085, -3.261993885937391369, -4.762500000000946976 ) ) ;
#3712 = CARTESIAN_POINT ( 'NONE',  ( -0.6158366482297685796, -2.791112422718386998, 4.678263463790983678 ) ) ;
#3713 = EDGE_CURVE ( 'NONE', #403, #5263, #476, .T. ) ;
#3714 = CARTESIAN_POINT ( 'NONE',  ( 2.770471766894177179, -3.970848703824469972, -2.770471766894176735 ) ) ;
#3715 = CIRCLE ( 'NONE', #1797, 5.500000000000000000 ) ;
#3716 = CARTESIAN_POINT ( 'NONE',  ( -3.746211144141719629, -3.216023197014167501, -2.869038322775662841 ) ) ;
#3717 = CARTESIAN_POINT ( 'NONE',  ( -2.263681474587746933, -2.028638692442175095, -4.128803975060819198 ) ) ;
#3718 = CARTESIAN_POINT ( 'NONE',  ( 3.790537646496710433, -6.036350521706004280, -2.900004759736592330 ) ) ;
#3719 = DIRECTION ( 'NONE',  ( 0.000000000000000000, 0.000000000000000000, 1.000000000000000000 ) ) ;
#3720 = DIRECTION ( 'NONE',  ( 0.000000000000000000, 1.000000000000000000, 0.000000000000000000 ) ) ;
#3721 = ORIENTED_EDGE ( 'NONE', *, *, #459, .F. ) ;
#3722 = CARTESIAN_POINT ( 'NONE',  ( 2.399106805171456188E-16, -4.044151296175527044, -3.918038746913491632 ) ) ;
#3723 = CARTESIAN_POINT ( 'NONE',  ( 2.399106805171460132E-16, -1.504151296175529895, -3.918038746913496961 ) ) ;
#3724 = CARTESIAN_POINT ( 'NONE',  ( -5.500000000000000000, -0.01738525708133294156, -3.175426480542940855 ) ) ;
#3725 = CARTESIAN_POINT ( 'NONE',  ( -0.3116949512977468806, -4.531960899450422353, -4.762447057746804546 ) ) ;
#3726 = CARTESIAN_POINT ( 'NONE',  ( -2.167856539932225601, -6.757057517626315679, 4.017710063864612380 ) ) ;
#3727 = CARTESIAN_POINT ( 'NONE',  ( -4.731103056075423474, -2.922044786833783547, -0.6280756591754146356 ) ) ;
#3728 = CARTESIAN_POINT ( 'NONE',  ( 1.516370573632437990, -6.294950510562913770, 4.468461065548067879 ) ) ;
#3729 = ORIENTED_EDGE ( 'NONE', *, *, #5285, .F. ) ;
#3730 = CARTESIAN_POINT ( 'NONE',  ( -2.648137555606329574, -5.792775422724027123, -3.972175202921293113 ) ) ;
#3731 = CARTESIAN_POINT ( 'NONE',  ( 5.832380380939270108E-16, -7.500000000000000000, -4.762500000000000178 ) ) ;
#3732 = CARTESIAN_POINT ( 'NONE',  ( -0.4792769339627010461, -6.506324237786476061, 4.744442169971059720 ) ) ;
#3733 = DIRECTION ( 'NONE',  ( -0.000000000000000000, 1.000000000000000000, -0.000000000000000000 ) ) ;
#3734 = ORIENTED_EDGE ( 'NONE', *, *, #4953, .F. ) ;
#3735 = CARTESIAN_POINT ( 'NONE',  ( -3.811028889841741041, -3.750320490499722492, -1.578579852768129621 ) ) ;
#3736 = CARTESIAN_POINT ( 'NONE',  ( -4.233984155563066842, -4.045424110369837400, 2.083332630660347462 ) ) ;
#3737 = CARTESIAN_POINT ( 'NONE',  ( 0.000000000000000000, 5.111917277360397804, 1.819003254228609978E-15 ) ) ;
#3738 = CARTESIAN_POINT ( 'NONE',  ( 3.786792652704340512, -4.766089144628906205, -2.904950871023745052 ) ) ;
#3739 = CARTESIAN_POINT ( 'NONE',  ( -2.107648112126639717, -3.181704617610413788, -4.281987200927160231 ) ) ;
#3740 = DIRECTION ( 'NONE',  ( 0.000000000000000000, 1.000000000000000000, 0.000000000000000000 ) ) ;
#3741 = CARTESIAN_POINT ( 'NONE',  ( 3.918038746913496073, -1.668973703824469856, 1.622904786874859839 ) ) ;
#3742 = CARTESIAN_POINT ( 'NONE',  ( 2.384612305735730686, -3.418149939978341045, -4.134431198822024811 ) ) ;
#3743 = DIRECTION ( 'NONE',  ( -1.000000000000000000, 0.000000000000000000, 0.000000000000000000 ) ) ;
#3744 = EDGE_CURVE ( 'NONE', #294, #3943, #3574, .T. ) ;
#3745 = DIRECTION ( 'NONE',  ( 0.000000000000000000, -1.000000000000000000, 0.000000000000000000 ) ) ;
#3746 = VERTEX_POINT ( 'NONE', #2353 ) ;
#3747 = CARTESIAN_POINT ( 'NONE',  ( -5.500000000000000000, -0.01738525708133235523, 3.175426480542941743 ) ) ;
#3748 = CARTESIAN_POINT ( 'NONE',  ( -4.134452875476786637, -5.390617686084487659, 2.384183106015083542 ) ) ;
#3749 = ORIENTED_EDGE ( 'NONE', *, *, #4818, .T. ) ;
#3750 = CARTESIAN_POINT ( 'NONE',  ( 2.770471766894172294, -3.250401296175528199, 2.770471766894173626 ) ) ;
#3751 = CARTESIAN_POINT ( 'NONE',  ( -4.762500000000000178, -2.975625000000000853, -1.972692090801865916 ) ) ;
#3752 = CARTESIAN_POINT ( 'NONE',  ( 2.879019526150730091, -5.172019303512720434, 3.738712279611248412 ) ) ;
#3753 = CARTESIAN_POINT ( 'NONE',  ( -2.028026623743216739, -2.009504077392598287, -4.289749350168867714 ) ) ;
#3754 = CARTESIAN_POINT ( 'NONE',  ( -2.904429686896375706, -3.080632391539622539, -3.787375534516886688 ) ) ;
#3755 = CARTESIAN_POINT ( 'NONE',  ( 4.357262661426093864, -2.156243884655088650, 1.074131580459910307 ) ) ;
#3756 = VERTEX_POINT ( 'NONE', #5291 ) ;
#3757 = CARTESIAN_POINT ( 'NONE',  ( -1.777448469766081729, -5.774678954832038080, -4.430503455201772134 ) ) ;
#3758 = CARTESIAN_POINT ( 'NONE',  ( -0.3146113074094070150, -5.192168707782873760, 4.762500000000001066 ) ) ;
#3759 = DIRECTION ( 'NONE',  ( -0.000000000000000000, 1.000000000000000000, 1.111353676405166014E-16 ) ) ;
#3760 = DIRECTION ( 'NONE',  ( 0.000000000000000000, 0.000000000000000000, -1.000000000000000000 ) ) ;
#3761 = CARTESIAN_POINT ( 'NONE',  ( -3.918038746913496961, -2.536026296175531325, -1.622904786874857175 ) ) ;
#3762 = CARTESIAN_POINT ( 'NONE',  ( 1.241133269771601766, -2.624226677337416547, 4.608498050410079649 ) ) ;
#3763 = TOROIDAL_SURFACE ( 'NONE', #533, 8.743105441705637304, 6.109691365970316923 ) ;
#3764 = CARTESIAN_POINT ( 'NONE',  ( -0.3856734245915434123, -6.465028942388728161, 4.762500000001473666 ) ) ;
#3765 = CARTESIAN_POINT ( 'NONE',  ( 2.091154333088223183, -5.212365202711729317, 4.229942550187021588 ) ) ;
#3766 = CARTESIAN_POINT ( 'NONE',  ( -4.278755201380881168, -3.050158237827102603, -2.114414597730457590 ) ) ;
#3767 = CARTESIAN_POINT ( 'NONE',  ( -0.03714307131350352842, -2.003010671311510560, -4.762500000000000178 ) ) ;
#3768 = B_SPLINE_CURVE_WITH_KNOTS ( 'NONE', 3,
 ( #2991, #3844, #4284, #3020, #5162, #903, #3466, #2196, #3107, #5136, #2553, #4721, #4257, #5107, #1401, #1760, #3873, #3051, #4696, #4780, #3079, #988, #3817, #1317, #471, #117, #932, #587, #2254, #959, #2638, #557, #2611, #4313 ),
 .UNSPECIFIED., .F., .F.,
 ( 4, 2, 2, 2, 2, 2, 2, 2, 2, 2, 2, 2, 2, 2, 2, 2, 4 ),
 ( 2.429885303862805512E-06, 0.0009421269956395613007, 0.001881824105975259207, 0.002821521216310957005, 0.003761218326646655671, 0.004700915436982354770, 0.005640612547318052568, 0.006580309657653750366, 0.007520006767989448164, 0.008459703878325145962, 0.009399400988660844627, 0.01033909809899654156, 0.01127879520933224022, 0.01221849231966794062, 0.01315818943000363755, 0.01409788654033933622, 0.01503758365067503489 ),
 .UNSPECIFIED. ) ;
#3769 = CARTESIAN_POINT ( 'NONE',  ( -1.902778599321400810, -1.169046407699748658, -3.424976091052312377 ) ) ;
#3770 = CARTESIAN_POINT ( 'NONE',  ( -4.086925608542233412, -3.189502995571746879, -2.358495422659779184 ) ) ;
#3771 = AXIS2_PLACEMENT_3D ( 'NONE', #2501, #2444, #5349 ) ;
#3772 = FACE_OUTER_BOUND ( 'NONE', #5238, .T. ) ;
#3773 = CARTESIAN_POINT ( 'NONE',  ( 4.234187180956802798, -3.410449568083121719, -2.082791190187068597 ) ) ;
#3774 = CARTESIAN_POINT ( 'NONE',  ( 4.716500966788145455, -6.264260103267446311, 0.1561808944746110317 ) ) ;
#3775 = CARTESIAN_POINT ( 'NONE',  ( 0.000000000000000000, -7.500000000000000000, 0.000000000000000000 ) ) ;
#3776 = EDGE_CURVE ( 'NONE', #1624, #1691, #2975, .T. ) ;
#3777 = VERTEX_POINT ( 'NONE', #611 ) ;
#3778 = CARTESIAN_POINT ( 'NONE',  ( -1.622904786874856731, -3.488526296175527897, 3.918038746913489856 ) ) ;
#3779 = CARTESIAN_POINT ( 'NONE',  ( -4.762500000000000178, -4.245625000000000426, -1.972692090801865916 ) ) ;
#3780 = CARTESIAN_POINT ( 'NONE',  ( -0.3171516873566694872, -3.959506443938799691, 4.762333682725408579 ) ) ;
#3781 = CARTESIAN_POINT ( 'NONE',  ( -2.698782717700992873, -6.820205324418337156, 3.603767328605272269 ) ) ;
#3782 = CARTESIAN_POINT ( 'NONE',  ( -3.542860824112711970, -3.014694706851138939, -3.116691523413777976 ) ) ;
#3783 = CARTESIAN_POINT ( 'NONE',  ( 4.454978116203969662, -2.145327039661916846, 0.6038852544385716614 ) ) ;
#3784 = EDGE_CURVE ( 'NONE', #3777, #439, #3859, .T. ) ;
#3785 = ORIENTED_EDGE ( 'NONE', *, *, #1736, .F. ) ;
#3786 = CARTESIAN_POINT ( 'NONE',  ( 3.621201271491381934, -6.085818432728903993, -3.110583968921777576 ) ) ;
#3787 = CARTESIAN_POINT ( 'NONE',  ( -2.258244945584515051, -6.462227169290729378, 4.138463458394068262 ) ) ;
#3788 = DIRECTION ( 'NONE',  ( -1.081298943409546375E-16, 0.4694715627858890294, 0.8829475928589277656 ) ) ;
#3789 = CARTESIAN_POINT ( 'NONE',  ( 2.693213056788147772E-16, -2.639505671772413020, 4.762500000000000178 ) ) ;
#3790 = CARTESIAN_POINT ( 'NONE',  ( 1.933008000435662233, -6.463096287588101063, 4.364951122066487166 ) ) ;
#3791 = CARTESIAN_POINT ( 'NONE',  ( -1.622904786874856953, -3.964776296175529957, -3.918038746913496961 ) ) ;
#3792 = ORIENTED_EDGE ( 'NONE', *, *, #1704, .T. ) ;
#3793 = CARTESIAN_POINT ( 'NONE',  ( 0.3131126202898374955, -2.054347042410726409, -4.762500000000687628 ) ) ;
#3794 = CARTESIAN_POINT ( 'NONE',  ( 6.334671543463350000E-16, -0.01738525708133141154, 6.350852961085882598 ) ) ;
#3795 = CARTESIAN_POINT ( 'NONE',  ( 4.732152291763611629, -4.985451031669711597, 0.6199513483609493392 ) ) ;
#3796 = DIRECTION ( 'NONE',  ( -0.000000000000000000, 1.000000000000000000, -0.000000000000000000 ) ) ;
#3797 = CARTESIAN_POINT ( 'NONE',  ( 0.000000000000000000, 0.4738549290423901272, 1.734723475976807094E-15 ) ) ;
#3798 = CONICAL_SURFACE ( 'NONE', #4844, 5.499999999999999112, 1.047197551196600074 ) ;
#3799 = CARTESIAN_POINT ( 'NONE',  ( 3.811028889841741041, -2.835929509500276779, -1.578579852768128955 ) ) ;
#3800 = CARTESIAN_POINT ( 'NONE',  ( -2.388204982681558342, -3.205131909815075453, -4.132084371938247180 ) ) ;
#3801 = VECTOR ( 'NONE', #4186, 1000.000000000000114 ) ;
#3802 = CARTESIAN_POINT ( 'NONE',  ( -4.762500000000000178, -6.944374999999999964, -1.972692090801865916 ) ) ;
#3803 = CARTESIAN_POINT ( 'NONE',  ( -2.870729504682128397, -3.052640837985561184, -3.745194315654192696 ) ) ;
#3804 = CARTESIAN_POINT ( 'NONE',  ( 2.790481172975728619, -6.953386198430022702, -3.357164228279421625 ) ) ;
#3805 = CARTESIAN_POINT ( 'NONE',  ( 0.6284722055334605040, -2.030324844188322153, -4.731052365335083998 ) ) ;
#3806 = CIRCLE ( 'NONE', #134, 3.809999999999997389 ) ;
#3807 = ORIENTED_EDGE ( 'NONE', *, *, #1663, .T. ) ;
#3808 = CARTESIAN_POINT ( 'NONE',  ( -0.3145572525905778738, -5.839083467911708958, -4.762500000000001066 ) ) ;
#3809 = CARTESIAN_POINT ( 'NONE',  ( -1.972692090801865028, -3.134375000000001243, -4.762500000000000178 ) ) ;
#3810 = CARTESIAN_POINT ( 'NONE',  ( -4.762335970684170583, -4.312396201493889691, 0.3131792375890242730 ) ) ;
#3811 = CARTESIAN_POINT ( 'NONE',  ( 4.281209776413867019, -6.039117907416634345, -2.109481070169869632 ) ) ;
#3812 = CARTESIAN_POINT ( 'NONE',  ( -4.135802842082009434, -2.789966605515326048, 2.381846789793635288 ) ) ;
#3813 = CARTESIAN_POINT ( 'NONE',  ( 2.869182237786132461, -6.227720260376020889, 3.746170497352676154 ) ) ;
#3814 = VERTEX_POINT ( 'NONE', #4369 ) ;
#3815 = CARTESIAN_POINT ( 'NONE',  ( 3.830151895895557157, -6.099812891057903030, -2.849332769319352199 ) ) ;
#3816 = CARTESIAN_POINT ( 'NONE',  ( -0.6196736438096736022, -5.789076715796740658, -4.732357304303344669 ) ) ;
#3817 = CARTESIAN_POINT ( 'NONE',  ( -4.132405410930133804, -4.333597792552056127, -2.387833372765482576 ) ) ;
#3818 = LINE ( 'NONE', #1348, #94 ) ;
#3819 = EDGE_CURVE ( 'NONE', #3159, #1337, #2012, .T. ) ;
#3820 = CARTESIAN_POINT ( 'NONE',  ( 1.629637343998285193, -6.477338655294087033, 4.487091767536090181 ) ) ;
#3821 = FACE_OUTER_BOUND ( 'NONE', #554, .T. ) ;
#3822 = EDGE_LOOP ( 'NONE', ( #3862, #1916, #1541, #1819, #5075 ) ) ;
#3823 = CARTESIAN_POINT ( 'NONE',  ( -2.770471766894176735, -5.155401296175530668, -2.770471766894177179 ) ) ;
#3824 = CARTESIAN_POINT ( 'NONE',  ( 4.466864334904098399, -6.109173712267506495, 1.520667002278152768 ) ) ;
#3825 = CARTESIAN_POINT ( 'NONE',  ( 4.762832701757351295, -4.972432085028336779, 0.3088279720115331139 ) ) ;
#3826 = CARTESIAN_POINT ( 'NONE',  ( -4.517776238481159723, -3.023017401673903759, -1.538893441228023073 ) ) ;
#3827 = FACE_OUTER_BOUND ( 'NONE', #195, .T. ) ;
#3828 = CARTESIAN_POINT ( 'NONE',  ( 3.811028889841740597, -6.725304509500276140, 0.000000000000000000 ) ) ;
#3829 = CARTESIAN_POINT ( 'NONE',  ( 1.254451762477626575, -3.954917120117086515, 4.636021714872682331 ) ) ;
#3830 = CARTESIAN_POINT ( 'NONE',  ( -3.367596045400933491, -6.706249999999999822, 3.367596045400932603 ) ) ;
#3831 = CARTESIAN_POINT ( 'NONE',  ( 0.3126377473049429256, -4.496331102405654256, -4.762390464960666314 ) ) ;
#3832 = CARTESIAN_POINT ( 'NONE',  ( -4.557114295481612842, -2.920579457470031226, -1.224009201726975471 ) ) ;
#3833 = CARTESIAN_POINT ( 'NONE',  ( -3.214464651329993483, -7.405142712737952770, 2.252610267145933598 ) ) ;
#3834 = VERTEX_POINT ( 'NONE', #3547 ) ;
#3835 = CARTESIAN_POINT ( 'NONE',  ( -3.918038746913491632, -4.917276296175525196, 1.622904786874853844 ) ) ;
#3836 = CARTESIAN_POINT ( 'NONE',  ( 4.762500000000000178, -3.531250000000000444, 0.000000000000000000 ) ) ;
#3837 = CARTESIAN_POINT ( 'NONE',  ( -4.558508688207830062, -4.405180588759845861, -1.219035639769583845 ) ) ;
#3838 = CARTESIAN_POINT ( 'NONE',  ( -1.450176280996375701E-11, -4.581744328227002505, -4.762500000000000178 ) ) ;
#3839 = CARTESIAN_POINT ( 'NONE',  ( -2.879107419608577523, -2.684235486185272634, 3.738640377054152975 ) ) ;
#3840 = CARTESIAN_POINT ( 'NONE',  ( 3.145418205843091286, -5.960608782438834297, -3.589777118810902223 ) ) ;
#3841 = ORIENTED_EDGE ( 'NONE', *, *, #5285, .T. ) ;
#3842 = CARTESIAN_POINT ( 'NONE',  ( -0.5047965369409437297, -5.891933129474820952, -4.747156210401436205 ) ) ;
#3843 = CARTESIAN_POINT ( 'NONE',  ( -3.914971425616564193, -2.449008012938762580, 0.1550043835550716786 ) ) ;
#3844 = CARTESIAN_POINT ( 'NONE',  ( -0.3146117446195439982, -3.922168725380485110, 4.762499999999999289 ) ) ;
#3845 = DIRECTION ( 'NONE',  ( -0.000000000000000000, -1.000000000000000000, -3.921717058577609625E-16 ) ) ;
#3846 = EDGE_LOOP ( 'NONE', ( #4250, #1943, #5369 ) ) ;
#3847 = CARTESIAN_POINT ( 'NONE',  ( -2.770471766894176735, -2.615401296175530188, -2.770471766894177179 ) ) ;
#3848 = EDGE_CURVE ( 'NONE', #3927, #599, #4554, .T. ) ;
#3849 = CARTESIAN_POINT ( 'NONE',  ( 2.770471766894176291, -7.060401296175530028, 2.770471766894177623 ) ) ;
#3850 = CARTESIAN_POINT ( 'NONE',  ( 2.420440066803200008, -2.441050637217647701, 4.046853726792861039 ) ) ;
#3851 = CARTESIAN_POINT ( 'NONE',  ( 4.609809185216334981, -3.576959462402809820, -1.235891709087079571 ) ) ;
#3852 = CARTESIAN_POINT ( 'NONE',  ( 4.519043007909377074, -4.927834607502004083, 1.534875536068254664 ) ) ;
#3853 = CARTESIAN_POINT ( 'NONE',  ( 2.694804371304934776, -2.756554509500277472, -2.694804371304934332 ) ) ;
#3854 = CARTESIAN_POINT ( 'NONE',  ( 4.611074199511144833, -3.681292329411841369, 1.231103300976892800 ) ) ;
#3855 = CARTESIAN_POINT ( 'NONE',  ( 4.762500000000000178, -1.070624999999999716, -1.972692090801865472 ) ) ;
#3856 = CARTESIAN_POINT ( 'NONE',  ( -1.234097787438824811, -4.492326763087316266, -4.610447857245275394 ) ) ;
#3857 = CIRCLE ( 'NONE', #2100, 5.500000000000000000 ) ;
#3858 = CARTESIAN_POINT ( 'NONE',  ( 3.112638471698756959, -3.331968621207157977, -3.546737750925324395 ) ) ;
#3859 = CIRCLE ( 'NONE', #5256, 3.479169280656358332 ) ;
#3860 = CARTESIAN_POINT ( 'NONE',  ( 3.801745929037224858, -7.003627048910043840, -2.041624395968686834 ) ) ;
#3861 = DIRECTION ( 'NONE',  ( 0.9991561573514131656, 0.04106940754190289977, -0.0005262992642257096005 ) ) ;
#3862 = ORIENTED_EDGE ( 'NONE', *, *, #3246, .F. ) ;
#3863 = AXIS2_PLACEMENT_3D ( 'NONE', #3737, #2119, #798 ) ;
#3864 = CARTESIAN_POINT ( 'NONE',  ( 4.762470014732789636, -3.604525327234731513, 0.3110366412415013770 ) ) ;
#3865 = CARTESIAN_POINT ( 'NONE',  ( 3.367596045400933047, -2.102500000000000036, -3.367596045400932603 ) ) ;
#3866 = CARTESIAN_POINT ( 'NONE',  ( -2.385247483633667898, -4.113952437454565292, 4.133870259790205282 ) ) ;
#3867 = CARTESIAN_POINT ( 'NONE',  ( 2.516616041062793130, 0.4738549290423921256, -4.897884012331351400 ) ) ;
#3868 = CARTESIAN_POINT ( 'NONE',  ( -2.366063769124146177, -2.657555245806465294, 4.082697158527990311 ) ) ;
#3869 = CARTESIAN_POINT ( 'NONE',  ( 4.134109698124698973, -6.238458357163957579, 2.385073484148688916 ) ) ;
#3870 = ORIENTED_EDGE ( 'NONE', *, *, #4620, .F. ) ;
#3871 = CARTESIAN_POINT ( 'NONE',  ( -4.687535111987053860, -5.496586392761098949, 0.9046159641582000033 ) ) ;
#3872 = CARTESIAN_POINT ( 'NONE',  ( -4.281595253384359090, -5.404150537051249259, 2.108829898372914347 ) ) ;
#3873 = CARTESIAN_POINT ( 'NONE',  ( -4.762775621036457352, -4.214540608977758396, 0.3095787389382562149 ) ) ;
#3874 = LINE ( 'NONE', #118, #2718 ) ;
#3875 = ORIENTED_EDGE ( 'NONE', *, *, #3950, .F. ) ;
#3876 = CARTESIAN_POINT ( 'NONE',  ( 1.622904786874857841, -3.329776296175529726, 3.918038746913496073 ) ) ;
#3877 = CARTESIAN_POINT ( 'NONE',  ( 3.918038746913496073, -6.981026296175530277, 1.622904786874859839 ) ) ;
#3878 = B_SPLINE_CURVE_WITH_KNOTS ( 'NONE', 3,
 ( #4050, #3999, #2732, #652, #1890, #1035, #2322, #4772, #699, #1837, #192, #3567, #4847, #2780, #1010, #3512, #1089, #1452, #2709, #675, #4386, #5235, #2685, #2757, #1476, #3590, #264, #5259, #1502, #4435, #1865, #4362, #604, #4024 ),
 .UNSPECIFIED., .F., .F.,
 ( 4, 2, 2, 2, 2, 2, 2, 2, 2, 2, 2, 2, 2, 2, 2, 2, 4 ),
 ( 0.01503763995638372070, 0.01597738624474819707, 0.01691713253311267345, 0.01785687882147714983, 0.01879662510984162621, 0.01973637139820610259, 0.02067611768657057897, 0.02161586397493505535, 0.02255561026329953173, 0.02349535655166400810, 0.02443510284002848448, 0.02537484912839296086, 0.02631459541675743724, 0.02725434170512191362, 0.02819408799348639000, 0.02913383428185086638, 0.03007358057021534276 ),
 .UNSPECIFIED. ) ;
#3879 = CARTESIAN_POINT ( 'NONE',  ( -1.229771311308688997, -5.143335651823510268, 4.555826950958009824 ) ) ;
#3880 = CARTESIAN_POINT ( 'NONE',  ( 2.905586087856832922, -3.444915803848795477, -3.786482890387162126 ) ) ;
#3881 = DIRECTION ( 'NONE',  ( -0.000000000000000000, 1.000000000000000000, -0.000000000000000000 ) ) ;
#3882 = CARTESIAN_POINT ( 'NONE',  ( -3.811028889841740597, -4.820304509500275891, -4.667164331402779384E-16 ) ) ;
#3883 = CARTESIAN_POINT ( 'NONE',  ( 4.520012846898648462, -3.694938231433102072, 1.532552196370310593 ) ) ;
#3884 = CARTESIAN_POINT ( 'NONE',  ( -1.972692090801865028, -3.293124999999998970, -4.762500000000000178 ) ) ;
#3885 = CARTESIAN_POINT ( 'NONE',  ( -3.791099917568036659, -4.033403105618782902, 2.899244364602000079 ) ) ;
#3886 = CARTESIAN_POINT ( 'NONE',  ( -1.229771845151125698, -2.603335675658510429, 4.555826825798231283 ) ) ;
#3887 = EDGE_CURVE ( 'NONE', #4336, #3493, #4861, .T. ) ;
#3888 = CARTESIAN_POINT ( 'NONE',  ( 1.283792644832523994E-11, -7.278312889570484501, 4.031687110429511556 ) ) ;
#3889 = DIRECTION ( 'NONE',  ( 0.000000000000000000, 0.000000000000000000, -1.000000000000000000 ) ) ;
#3890 = EDGE_LOOP ( 'NONE', ( #31, #1349, #1949, #2276, #4584 ) ) ;
#3891 = VECTOR ( 'NONE', #2455, 1000.000000000000000 ) ;
#3892 = CARTESIAN_POINT ( 'NONE',  ( -0.6317367802400810639, -5.242687107987983985, 4.730644400188379173 ) ) ;
#3893 = B_SPLINE_CURVE_WITH_KNOTS ( 'NONE', 3,
 ( #364, #2472, #391, #4233 ),
 .UNSPECIFIED., .F., .F.,
 ( 4, 4 ),
 ( 0.000000000000000000, 2.429906637911003478E-06 ),
 .UNSPECIFIED. ) ;
#3894 = CARTESIAN_POINT ( 'NONE',  ( 4.478599119104504034, -2.250881113255006838, -1.650371365794194745 ) ) ;
#3895 = CARTESIAN_POINT ( 'NONE',  ( -4.466765027099305563, -4.287062748053770633, 1.520958564824742787 ) ) ;
#3896 = DIRECTION ( 'NONE',  ( 0.000000000000000000, -1.000000000000000000, 0.000000000000000000 ) ) ;
#3897 = CARTESIAN_POINT ( 'NONE',  ( -4.678790204673807018, -2.842812839380558287, 0.6117485405376399399 ) ) ;
#3898 = CARTESIAN_POINT ( 'NONE',  ( 2.874255792206070304, -5.858978180482418807, -3.742190586079429337 ) ) ;
#3899 = ORIENTED_EDGE ( 'NONE', *, *, #4418, .F. ) ;
#3900 = CARTESIAN_POINT ( 'NONE',  ( -3.034754815577979770, -5.356988652873222456, 3.674067156509518650 ) ) ;
#3901 = CONICAL_SURFACE ( 'NONE', #654, 5.499999999999999112, 1.047197551196600074 ) ;
#3902 = CARTESIAN_POINT ( 'NONE',  ( -3.496404909848127573, -2.481007114391915014, -1.640841949853212300 ) ) ;
#3903 = DIRECTION ( 'NONE',  ( 0.000000000000000000, 0.000000000000000000, 1.000000000000000000 ) ) ;
#3904 = DIRECTION ( 'NONE',  ( 0.000000000000000000, 3.921717058577609625E-16, -1.000000000000000000 ) ) ;
#3905 = CARTESIAN_POINT ( 'NONE',  ( -0.5651081522910955668, -6.561869399817292781, 4.714440936234905344 ) ) ;
#3906 = CARTESIAN_POINT ( 'NONE',  ( -1.598171331905368753, -6.555639958169578563, 4.486340896975598014 ) ) ;
#3907 = CARTESIAN_POINT ( 'NONE',  ( 1.622904786874857841, -5.869776296175529318, 3.918038746913496073 ) ) ;
#3908 = DIRECTION ( 'NONE',  ( 0.000000000000000000, 0.000000000000000000, -1.000000000000000000 ) ) ;
#3909 = CARTESIAN_POINT ( 'NONE',  ( 5.253682193114583187E-05, -5.277498175195083796, 4.762500652317993577 ) ) ;
#3910 = CARTESIAN_POINT ( 'NONE',  ( 4.519744357909575072, -4.796282851646557432, -1.533159637549613041 ) ) ;
#3911 = CARTESIAN_POINT ( 'NONE',  ( 1.578579852768129177, -3.947179509500276406, -3.811028889841741041 ) ) ;
#3912 = CARTESIAN_POINT ( 'NONE',  ( 4.089657137732564784, -3.824266619381715859, 2.353818544058543960 ) ) ;
#3913 = CARTESIAN_POINT ( 'NONE',  ( 2.399106805171460132E-16, -7.622098703824470078, -3.918038746913496961 ) ) ;
#3914 = CARTESIAN_POINT ( 'NONE',  ( -4.557041433488580040, -4.190592238132513359, -1.224293075767597161 ) ) ;
#3915 = CARTESIAN_POINT ( 'NONE',  ( -1.876662156853737606, -2.332084848369524455, -3.687910014841123019 ) ) ;
#3916 = CARTESIAN_POINT ( 'NONE',  ( 4.097742776291669387, -7.029970069624335238, -1.266710544368113922 ) ) ;
#3917 = DIRECTION ( 'NONE',  ( 0.000000000000000000, -1.000000000000000000, 0.000000000000000000 ) ) ;
#3918 = ORIENTED_EDGE ( 'NONE', *, *, #1470, .T. ) ;
#3919 = CARTESIAN_POINT ( 'NONE',  ( -2.908401070363366703, -5.350070177601629062, 3.784018964780658578 ) ) ;
#3920 = EDGE_CURVE ( 'NONE', #514, #494, #4594, .T. ) ;
#3921 = CARTESIAN_POINT ( 'NONE',  ( 3.658154689412889127, -2.094190154557041161, -2.980902790882907549 ) ) ;
#3922 = CARTESIAN_POINT ( 'NONE',  ( -2.904086927980822797, -4.448632976339152556, -3.787337185988302934 ) ) ;
#3923 = CARTESIAN_POINT ( 'NONE',  ( -0.8997266965234493874, -1.808668712718088933, -5.831395510650976277 ) ) ;
#3924 = ORIENTED_EDGE ( 'NONE', *, *, #3084, .T. ) ;
#3925 = CARTESIAN_POINT ( 'NONE',  ( 5.500000000000001776, 0.4275841083939054821, -1.070740573249778560 ) ) ;
#3926 = CARTESIAN_POINT ( 'NONE',  ( 4.282162958231575445, -5.978442775804490239, -2.107550236673706667 ) ) ;
#3927 = VERTEX_POINT ( 'NONE', #707 ) ;
#3928 = CARTESIAN_POINT ( 'NONE',  ( -2.904559446788421706, -5.410782588533694870, 3.777789930235269544 ) ) ;
#3929 = CARTESIAN_POINT ( 'NONE',  ( 2.870718116952795551, -4.803608552280291377, -3.745202995311433192 ) ) ;
#3930 = CARTESIAN_POINT ( 'NONE',  ( 0.000000000000000000, 0.9662187481069691719, 1.734723475976807094E-15 ) ) ;
#3931 = CARTESIAN_POINT ( 'NONE',  ( -0.001164548443840098414, -6.360761426278149777, 4.708643258879271265 ) ) ;
#3932 = EDGE_LOOP ( 'NONE', ( #977, #1838, #4747, #2892, #2283 ) ) ;
#3933 = DIRECTION ( 'NONE',  ( 0.000000000000000000, -1.000000000000000000, 0.000000000000000000 ) ) ;
#3934 = EDGE_LOOP ( 'NONE', ( #2072, #2470, #4438 ) ) ;
#3935 = DIRECTION ( 'NONE',  ( -0.000000000000000000, 1.000000000000000000, -0.000000000000000000 ) ) ;
#3936 = CARTESIAN_POINT ( 'NONE',  ( 1.534500099082785951, -3.377530644783423242, -4.519170768289693996 ) ) ;
#3937 = CARTESIAN_POINT ( 'NONE',  ( 2.333582165701389692E-16, -5.258445490499722652, -3.811028889841740597 ) ) ;
#3938 = CARTESIAN_POINT ( 'NONE',  ( 3.789470794192057568, -3.762196273091902299, 2.901368774056423572 ) ) ;
#3939 = CARTESIAN_POINT ( 'NONE',  ( -4.762500000000000178, -3.054999999999999716, -5.832380380939270108E-16 ) ) ;
#3940 = CARTESIAN_POINT ( 'NONE',  ( -4.520898437005137716, -4.100662934032420992, 1.529940105842562570 ) ) ;
#3941 = DIRECTION ( 'NONE',  ( 0.000000000000000000, 2.668805347656624706E-16, -1.000000000000000000 ) ) ;
#3942 = CARTESIAN_POINT ( 'NONE',  ( -7.197320415514379411E-16, -5.717098703824469830, 3.918038746913496961 ) ) ;
#3943 = VERTEX_POINT ( 'NONE', #1042 ) ;
#3944 = CARTESIAN_POINT ( 'NONE',  ( 1.449674984028049645E-11, -3.274505671772997228, -4.762500000000000178 ) ) ;
#3945 = CARTESIAN_POINT ( 'NONE',  ( 3.027519615234284256, -2.083441304201477440, -3.690081731562741663 ) ) ;
#3946 = CIRCLE ( 'NONE', #1849, 3.250000000000002220 ) ;
#3947 = CARTESIAN_POINT ( 'NONE',  ( 2.081191117766458820, -4.763224129111524263, -4.234850653893912131 ) ) ;
#3948 = CARTESIAN_POINT ( 'NONE',  ( -3.886274084492798764, -6.572553096966963437, 2.765513133374246202 ) ) ;
#3949 = CARTESIAN_POINT ( 'NONE',  ( -3.166004280736356424, -5.454603281862433484, 3.499690997654747004 ) ) ;
#3950 = EDGE_CURVE ( 'NONE', #891, #1554, #2886, .T. ) ;
#3951 = CARTESIAN_POINT ( 'NONE',  ( 2.390528383430946757, -5.860466449150968593, -4.130739019327652528 ) ) ;
#3952 = CIRCLE ( 'NONE', #4120, 0.7499999999999963363 ) ;
#3953 = ORIENTED_EDGE ( 'NONE', *, *, #2613, .T. ) ;
#3954 = CARTESIAN_POINT ( 'NONE',  ( -4.352013406938858076, -5.542695067229908013, 1.826467979307793366 ) ) ;
#3955 = CARTESIAN_POINT ( 'NONE',  ( -4.234177061492328420, -4.445801429616727418, -2.082811514101419181 ) ) ;
#3956 = CARTESIAN_POINT ( 'NONE',  ( 3.784672359207263970, -4.934550250269397864, 2.907864790868813998 ) ) ;
#3957 = CARTESIAN_POINT ( 'NONE',  ( 0.000000000000000000, -2.000000000000000000, 5.500000000000000888 ) ) ;
#3958 = CARTESIAN_POINT ( 'NONE',  ( 1.524422092899161862, -3.969401956855991287, 4.465588245255604605 ) ) ;
#3959 = EDGE_CURVE ( 'NONE', #1456, #3481, #4581, .T. ) ;
#3960 = EDGE_LOOP ( 'NONE', ( #2988, #1620, #3258, #4693 ) ) ;
#3961 = EDGE_LOOP ( 'NONE', ( #2848, #169, #2995, #84 ) ) ;
#3962 = DIRECTION ( 'NONE',  ( 0.000000000000000000, -1.000000000000000000, 0.000000000000000000 ) ) ;
#3963 = CARTESIAN_POINT ( 'NONE',  ( -1.027972052114031198, -1.998736579857001150, -4.664411375432838014 ) ) ;
#3964 = CARTESIAN_POINT ( 'NONE',  ( -2.694804371304934332, -6.369695490499722723, -2.694804371304934776 ) ) ;
#3965 = CARTESIAN_POINT ( 'NONE',  ( 4.708883255964644299, -4.760863089055278330, -0.3034072848239158793 ) ) ;
#3966 = CARTESIAN_POINT ( 'NONE',  ( -1.972692090801868137, -1.546874999999999778, 4.762499999999999289 ) ) ;
#3967 = CARTESIAN_POINT ( 'NONE',  ( -4.611087772281881492, -4.174959949498659562, 1.231052279314801989 ) ) ;
#3968 = CARTESIAN_POINT ( 'NONE',  ( 3.911891227723478082, 0.3840309239041361233, 4.092321507719197449 ) ) ;
#3969 = PERSON_AND_ORGANIZATION ( #2945, #2825 ) ;
#3970 = CARTESIAN_POINT ( 'NONE',  ( -3.805412360910664482, -7.462343258717482719, -0.6025179624700540693 ) ) ;
#3971 = CARTESIAN_POINT ( 'NONE',  ( 0.6264429329677134728, -3.883786846864106579, 4.731304225234552518 ) ) ;
#3972 = CARTESIAN_POINT ( 'NONE',  ( 4.057237913488133785, -2.148941232729094430, -2.499051709649484199 ) ) ;
#3973 = CARTESIAN_POINT ( 'NONE',  ( -1.238370423261683007, -4.590116935330979864, -4.609187105811050067 ) ) ;
#3974 = CARTESIAN_POINT ( 'NONE',  ( -5.499999999999999112, -2.000000000000000000, 0.5380045017581067679 ) ) ;
#3975 = DIRECTION ( 'NONE',  ( -1.000000000000000000, 0.000000000000000000, 0.000000000000000000 ) ) ;
#3976 = CARTESIAN_POINT ( 'NONE',  ( -4.133100742446782050, -5.603537907680051333, -2.386632914532490712 ) ) ;
#3977 = CIRCLE ( 'NONE', #1077, 1.000000000000000000 ) ;
#3978 = ORIENTED_EDGE ( 'NONE', *, *, #1085, .F. ) ;
#3979 = CARTESIAN_POINT ( 'NONE',  ( -3.727387409121249551, -5.670951879682851526, -2.968962968007107239 ) ) ;
#3980 = CARTESIAN_POINT ( 'NONE',  ( -0.6222886033185418553, -4.644686549151894717, -4.677457317943532367 ) ) ;
#3981 = CARTESIAN_POINT ( 'NONE',  ( 0.002507410479071003635, -5.179404760035468236, 4.762499339936194787 ) ) ;
#3982 = CARTESIAN_POINT ( 'NONE',  ( 1.017031219832249970E-14, -2.000052656235997706, -4.762400968023396075 ) ) ;
#3983 = CARTESIAN_POINT ( 'NONE',  ( 4.466752269146209819, -3.569189003059737075, 1.520996308744923420 ) ) ;
#3984 = CARTESIAN_POINT ( 'NONE',  ( 1.751864070041160293, -2.688793717021345397, 4.385379697237515195 ) ) ;
#3985 = VECTOR ( 'NONE', #3788, 1000.000000000000114 ) ;
#3986 = ADVANCED_FACE ( 'NONE', ( #1147 ), #407, .F. ) ;
#3987 = CARTESIAN_POINT ( 'NONE',  ( 2.399106805171460132E-16, -5.082098703824469155, -3.918038746913496961 ) ) ;
#3988 = CARTESIAN_POINT ( 'NONE',  ( -0.1276748044468128673, -2.097392902975616202, -4.764291314746178507 ) ) ;
#3989 = CARTESIAN_POINT ( 'NONE',  ( -7.000746497104166611E-16, -7.163445490499722901, 3.811028889841740597 ) ) ;
#3990 = CARTESIAN_POINT ( 'NONE',  ( -3.217814221058678203, -1.988388889991861586, -4.493047054355448822 ) ) ;
#3991 = CARTESIAN_POINT ( 'NONE',  ( 2.770471766894177179, -5.240848703824470434, -2.770471766894176735 ) ) ;
#3992 = CARTESIAN_POINT ( 'NONE',  ( -4.135825164231627049, -4.059968547091066249, 2.381807782285669361 ) ) ;
#3993 = DIRECTION ( 'NONE',  ( -0.000000000000000000, -1.000000000000000000, -3.921717058577609625E-16 ) ) ;
#3994 = APPLICATION_PROTOCOL_DEFINITION ( 'international standard', 'config_control_design', 1994, #1845 ) ;
#3995 = CARTESIAN_POINT ( 'NONE',  ( -2.770471766894176735, -4.923348703824470540, -2.770471766894177179 ) ) ;
#3996 = CARTESIAN_POINT ( 'NONE',  ( -4.085388967044256248, -2.976425978257341232, 2.361497321813649464 ) ) ;
#3997 = CARTESIAN_POINT ( 'NONE',  ( 3.624890118293464969, -2.405151192925812698, 3.105143851991472914 ) ) ;
#3998 = CARTESIAN_POINT ( 'NONE',  ( -1.535251383891902410, -4.576669515437428615, -4.519075595619700181 ) ) ;
#3999 = CARTESIAN_POINT ( 'NONE',  ( -0.3108702888816286536, -3.299231867391039685, -4.762499999999052491 ) ) ;
#4000 = CARTESIAN_POINT ( 'NONE',  ( -3.395464248283901920, -5.778223224562952787, -3.277395921244086630 ) ) ;
#4001 = CARTESIAN_POINT ( 'NONE',  ( -3.542876224942367980, -5.554693783698078313, -3.116673936798020517 ) ) ;
#4002 = VERTEX_POINT ( 'NONE', #2927 ) ;
#4003 = B_SPLINE_CURVE_WITH_KNOTS ( 'NONE', 3,
 ( #3538, #1113, #2272, #3948, #1138, #725 ),
 .UNSPECIFIED., .F., .F.,
 ( 4, 2, 4 ),
 ( 0.000000000000000000, 0.001688104134671491140, 0.003376208269342982279 ),
 .UNSPECIFIED. ) ;
#4004 = CARTESIAN_POINT ( 'NONE',  ( 2.399106805171456188E-16, -6.584151296175528856, -3.918038746913491632 ) ) ;
#4005 = FACE_OUTER_BOUND ( 'NONE', #1248, .T. ) ;
#4006 = CARTESIAN_POINT ( 'NONE',  ( -4.708883255471654650, -4.365386911285456861, -0.3034072934013069545 ) ) ;
#4007 = CARTESIAN_POINT ( 'NONE',  ( 4.762501383747295591, -4.849505113356036290, -0.3105740030182274625 ) ) ;
#4008 = DIRECTION ( 'NONE',  ( 0.000000000000000000, 0.000000000000000000, 1.000000000000000000 ) ) ;
#4009 = CARTESIAN_POINT ( 'NONE',  ( 2.357124791856867851, -3.714317187520802754, 4.087780082555580563 ) ) ;
#4010 = CARTESIAN_POINT ( 'NONE',  ( 0.5022459427951260214, -2.151202538328602643, -4.695279938191581515 ) ) ;
#4011 = CARTESIAN_POINT ( 'NONE',  ( -2.770471766894177623, -7.145848703824469794, 2.770471766894176735 ) ) ;
#4012 = CARTESIAN_POINT ( 'NONE',  ( 4.489273961558022386, -2.490208683511578425, 1.631700999436736410 ) ) ;
#4013 = EDGE_CURVE ( 'NONE', #2521, #1313, #3093, .T. ) ;
#4014 = CARTESIAN_POINT ( 'NONE',  ( 1.578579852768129177, -6.607820490499724642, -3.811028889841741041 ) ) ;
#4015 = B_SPLINE_CURVE_WITH_KNOTS ( 'NONE', 3,
 ( #4452, #692, #4971, #4205, #2445, #5377 ),
 .UNSPECIFIED., .F., .F.,
 ( 4, 2, 4 ),
 ( 0.01892560790967963771, 0.02053272367001393595, 0.02213983943034823071 ),
 .UNSPECIFIED. ) ;
#4016 = CARTESIAN_POINT ( 'NONE',  ( 1.518825008885608341, -4.521585548107600161, -4.467647384023949009 ) ) ;
#4017 = CARTESIAN_POINT ( 'NONE',  ( 2.399106805171460132E-16, -5.082098703824469155, -3.918038746913496961 ) ) ;
#4018 = CARTESIAN_POINT ( 'NONE',  ( -0.002507410479073349414, -3.946845239964532848, 4.762499339936194787 ) ) ;
#4019 = DIRECTION ( 'NONE',  ( -0.000000000000000000, 1.000000000000000000, -0.000000000000000000 ) ) ;
#4020 = DATE_AND_TIME ( #1471, #4983 ) ;
#4021 = CARTESIAN_POINT ( 'NONE',  ( -3.918038746913496961, -7.383973703824469936, -1.622904786874857175 ) ) ;
#4022 = CARTESIAN_POINT ( 'NONE',  ( -4.762500297879126876, -3.006745568962888804, -0.3105914040776867613 ) ) ;
#4023 = CARTESIAN_POINT ( 'NONE',  ( 3.174961425392403669, -2.430845992575159098, 3.553312001006549981 ) ) ;
#4024 = CARTESIAN_POINT ( 'NONE',  ( -0.002507410479073375869, -2.676845239964531942, 4.762499339936194787 ) ) ;
#4025 = FACE_BOUND ( 'NONE', #187, .T. ) ;
#4026 = CARTESIAN_POINT ( 'NONE',  ( -4.708232163153065919, -5.421102443112146396, -0.3165436809839080601 ) ) ;
#4027 = ORIENTED_EDGE ( 'NONE', *, *, #1840, .T. ) ;
#4028 = CARTESIAN_POINT ( 'NONE',  ( 1.622904786874855176, -6.663526296175526831, -3.918038746913490744 ) ) ;
#4029 = CARTESIAN_POINT ( 'NONE',  ( -3.918038746913497850, -3.647276296175530508, 1.622904786874856287 ) ) ;
#4030 = CARTESIAN_POINT ( 'NONE',  ( -3.741221318441750210, -4.219691504475105326, 2.875827732956162119 ) ) ;
#4031 = CARTESIAN_POINT ( 'NONE',  ( 1.421661929763387497E-05, -5.118749138853024405, 4.762500652578982141 ) ) ;
#4032 = DIRECTION ( 'NONE',  ( -0.04106965511902477273, 0.9991562857873659276, 0.000000000000000000 ) ) ;
#4033 = CARTESIAN_POINT ( 'NONE',  ( 4.280729996615633581, -3.624187220297733880, 2.110204140829367248 ) ) ;
#4034 = CIRCLE ( 'NONE', #2452, 1.000000000000000000 ) ;
#4035 = PLANE ( 'NONE',  #3515 ) ;
#4036 = TOROIDAL_SURFACE ( 'NONE', #3863, -0.002530093853909956385, 3.309416156571634904 ) ;
#4037 = CARTESIAN_POINT ( 'NONE',  ( 3.918038746913496961, -6.590223703824470647, -1.622904786874857619 ) ) ;
#4038 = CARTESIAN_POINT ( 'NONE',  ( 3.303874585307455369, -2.287043288549846842, -3.373998586214613571 ) ) ;
#4039 = CARTESIAN_POINT ( 'NONE',  ( -1.578579852768131175, -5.972820490499723967, 3.811028889841739709 ) ) ;
#4040 = CARTESIAN_POINT ( 'NONE',  ( 4.678411195147369916, -4.798802921989171466, 0.6162817810810412578 ) ) ;
#4041 = CARTESIAN_POINT ( 'NONE',  ( -3.918038746913496961, -3.573973703824469439, -1.622904786874857175 ) ) ;
#4042 = CARTESIAN_POINT ( 'NONE',  ( 0.000000000000000000, 0.4738549290423901272, 1.734723475976807094E-15 ) ) ;
#4043 = CARTESIAN_POINT ( 'NONE',  ( -4.234167604675551644, -3.175802376431133833, -2.082830862101843206 ) ) ;
#4044 = PERSON_AND_ORGANIZATION ( #2945, #2825 ) ;
#4045 = CARTESIAN_POINT ( 'NONE',  ( 1.627090079331587003, -6.416687575204202076, 4.488013665781455330 ) ) ;
#4046 = CARTESIAN_POINT ( 'NONE',  ( -2.770471766894177623, -5.875848703824470221, 2.770471766894176735 ) ) ;
#4047 = CARTESIAN_POINT ( 'NONE',  ( -4.731778222962168101, -3.080596794063964250, -0.6234190066446441136 ) ) ;
#4048 = CARTESIAN_POINT ( 'NONE',  ( 4.631013937467379549, -2.370708431460128107, 1.155659640802280785 ) ) ;
#4049 = EDGE_CURVE ( 'NONE', #3834, #3159, #4724, .T. ) ;
#4050 = CARTESIAN_POINT ( 'NONE',  ( -1.451907951575715138E-11, -3.311744328227002931, -4.762500000000000178 ) ) ;
#4051 = CARTESIAN_POINT ( 'NONE',  ( -2.407985961630766170, -5.414497332061971591, 4.058435126954323735 ) ) ;
#4052 = CARTESIAN_POINT ( 'NONE',  ( -4.518264014167133524, -5.562951966049422659, -1.537469310093076302 ) ) ;
#4053 = VERTEX_POINT ( 'NONE', #4165 ) ;
#4054 = CARTESIAN_POINT ( 'NONE',  ( 1.622904786874855620, -5.869776296175527541, 3.918038746913489856 ) ) ;
#4055 = CARTESIAN_POINT ( 'NONE',  ( 2.770471766894176291, -1.980401296175529957, 2.770471766894177623 ) ) ;
#4056 = CARTESIAN_POINT ( 'NONE',  ( -5.051259617010075864, 0.1321948705823124126, -3.434506861458428872 ) ) ;
#4057 = CARTESIAN_POINT ( 'NONE',  ( 2.905065189833214045, -5.046358242903506763, 3.786668185922299035 ) ) ;
#4058 = DIRECTION ( 'NONE',  ( -1.000000000000000000, -0.000000000000000000, 0.000000000000000000 ) ) ;
#4059 = CARTESIAN_POINT ( 'NONE',  ( 3.591547092585581247, -3.385252966625084792, -3.143405173394060892 ) ) ;
#4060 = AXIS2_PLACEMENT_3D ( 'NONE', #4101, #342, #2016 ) ;
#4061 = CARTESIAN_POINT ( 'NONE',  ( 0.000000000000000000, 6.000000000000007994, -1.530808498934193789E-16 ) ) ;
#4062 = AXIS2_PLACEMENT_3D ( 'NONE', #1989, #4566, #3719 ) ;
#4063 = CARTESIAN_POINT ( 'NONE',  ( 4.190379952646857475, -2.136467955834630228, -2.162482777247266341 ) ) ;
#4064 = CARTESIAN_POINT ( 'NONE',  ( 4.748082791989967966, -2.398911689939172476, -0.5181395988820444165 ) ) ;
#4065 = CARTESIAN_POINT ( 'NONE',  ( 2.770471766894177179, -8.012901296175531485, -2.770471766894176735 ) ) ;
#4066 = B_SPLINE_CURVE_WITH_KNOTS ( 'NONE', 3,
 ( #4979, #4484, #1965, #1191, #3338, #290, #2511, #2454, #2860, #1660, #3227, #4898, #4129, #5358, #2919, #4510, #4565, #2399, #315, #2889, #4954, #1217, #4075, #3718, #2481, #2044, #3255, #4157, #3662, #5385, #5331, #4926, #4538, #400 ),
 .UNSPECIFIED., .F., .F.,
 ( 4, 2, 2, 2, 2, 2, 2, 2, 2, 2, 2, 2, 2, 2, 2, 2, 4 ),
 ( 0.001444215513052744381, 0.002384755993225081729, 0.003325296473397419510, 0.004265836953569756423, 0.005206377433742094205, 0.006146917913914430251, 0.007087458394086766297, 0.008027998874259102344, 0.008968539354431438390, 0.009909079834603774437, 0.01084962031477610875, 0.01179016079494844479, 0.01273070127512078084, 0.01367124175529311862, 0.01461178223546545293, 0.01555232271563778898, 0.01649286319581012503 ),
 .UNSPECIFIED. ) ;
#4067 = CARTESIAN_POINT ( 'NONE',  ( 2.086930726981379269, -4.997747057607544008, 4.232167561083621798 ) ) ;
#4068 = CARTESIAN_POINT ( 'NONE',  ( 1.622904786874857175, -2.621473703824469759, -3.918038746913496961 ) ) ;
#4069 = DIRECTION ( 'NONE',  ( 0.000000000000000000, -3.921717058577609625E-16, 1.000000000000000000 ) ) ;
#4070 = CARTESIAN_POINT ( 'NONE',  ( -2.086935055210186185, -2.858503153706517086, 4.232165474770453351 ) ) ;
#4071 = CARTESIAN_POINT ( 'NONE',  ( 4.686570585237256559, -6.281188749306947372, 0.5597265095974537363 ) ) ;
#4072 = CARTESIAN_POINT ( 'NONE',  ( -2.770471766894177623, -3.335848703824469741, 2.770471766894176735 ) ) ;
#4073 = DIRECTION ( 'NONE',  ( 0.8660254037844388186, 0.000000000000000000, 0.4999999999999997224 ) ) ;
#4074 = CARTESIAN_POINT ( 'NONE',  ( 3.822869754787858732, -2.452657791183593172, 2.857672858645085689 ) ) ;
#4075 = CARTESIAN_POINT ( 'NONE',  ( 4.135611435962320392, -6.062931905387489273, -2.382209333106851457 ) ) ;
#4077 = B_SPLINE_CURVE_WITH_KNOTS ( 'NONE', 3,
 ( #2225, #3437, #87, #3491 ),
 .UNSPECIFIED., .F., .F.,
 ( 4, 4 ),
 ( 0.000000000000000000, 2.496351245477397933E-06 ),
 .UNSPECIFIED. ) ;
#4076 = CARTESIAN_POINT ( 'NONE',  ( 4.654068910107032053, -6.290727406932816734, 0.7806349135988076560 ) ) ;
#4078 = CARTESIAN_POINT ( 'NONE',  ( -4.731806716184767225, -5.471449973552689805, 0.6225960260611873576 ) ) ;
#4079 = EDGE_CURVE ( 'NONE', #1220, #1555, #150, .T. ) ;
#4080 = ORIENTED_EDGE ( 'NONE', *, *, #2034, .T. ) ;
#4081 = CARTESIAN_POINT ( 'NONE',  ( 1.622904786874855176, -5.393526296175529033, -3.918038746913490744 ) ) ;
#4082 = CARTESIAN_POINT ( 'NONE',  ( -2.770471766894176735, -3.885401296175530206, -2.770471766894177179 ) ) ;
#4083 = CARTESIAN_POINT ( 'NONE',  ( 0.6202732057306754587, -5.279776798644724600, 4.677945602104244927 ) ) ;
#4084 = CARTESIAN_POINT ( 'NONE',  ( -1.514320344440823085, -4.390043393947373751, -4.469021202575718554 ) ) ;
#4085 = DIRECTION ( 'NONE',  ( 1.224646799147353207E-16, 0.000000000000000000, 1.000000000000000000 ) ) ;
#4086 = CARTESIAN_POINT ( 'NONE',  ( 4.132738234516136977, -3.637809115455926001, 2.387446302314323088 ) ) ;
#4087 = CARTESIAN_POINT ( 'NONE',  ( 2.871901239368247705, -2.039212849826116170, -3.714040325277115251 ) ) ;
#4088 = CARTESIAN_POINT ( 'NONE',  ( 2.749999999999998668, -2.000000000000000000, -4.763139720814413280 ) ) ;
#4089 = CARTESIAN_POINT ( 'NONE',  ( 2.770471766894177179, -3.970848703824469972, -2.770471766894176735 ) ) ;
#4090 = CARTESIAN_POINT ( 'NONE',  ( -5.500000000000000000, -1.999999999999999556, -0.5375526812502421370 ) ) ;
#4091 = CARTESIAN_POINT ( 'NONE',  ( -1.622904786874859173, -6.028526296175531485, 3.918038746913496073 ) ) ;
#4092 = CARTESIAN_POINT ( 'NONE',  ( 1.231456116822297053, -2.093807545042499996, -4.611012866717966396 ) ) ;
#4093 = CARTESIAN_POINT ( 'NONE',  ( 3.918038746913496961, -2.780223703824470149, -1.622904786874857175 ) ) ;
#4094 = CARTESIAN_POINT ( 'NONE',  ( 0.6179508841624714588, -4.667863349913220716, -4.732583646891908025 ) ) ;
#4095 = FACE_OUTER_BOUND ( 'NONE', #3, .T. ) ;
#4096 = CARTESIAN_POINT ( 'NONE',  ( 4.678771144102909396, -3.743444473467936628, 0.6119203249368175834 ) ) ;
#4097 = CARTESIAN_POINT ( 'NONE',  ( 1.612409311868423289, -6.505320838548324325, 4.435907389938432921 ) ) ;
#4098 = CARTESIAN_POINT ( 'NONE',  ( 2.399106805171460132E-16, -1.272098703824469323, -3.918038746913496961 ) ) ;
#4099 = CARTESIAN_POINT ( 'NONE',  ( -4.732409008327622679, -2.968802896276457659, 0.6196481038400318830 ) ) ;
#4100 = CARTESIAN_POINT ( 'NONE',  ( 2.138127043325308563, -2.484466567838267803, 4.267409394384862331 ) ) ;
#4101 = CARTESIAN_POINT ( 'NONE',  ( 0.000000000000000000, 6.750000000000004441, 0.000000000000000000 ) ) ;
#4102 = CARTESIAN_POINT ( 'NONE',  ( 4.281891383229806003, -6.345959662455321393, 1.983603555859019485 ) ) ;
#4103 = CARTESIAN_POINT ( 'NONE',  ( -0.6257635084187977981, -5.204687022117123973, 4.762830118582718875 ) ) ;
#4104 = ORIENTED_EDGE ( 'NONE', *, *, #1470, .F. ) ;
#4105 = LINE ( 'NONE', #1168, #1495 ) ;
#4106 = CARTESIAN_POINT ( 'NONE',  ( 3.367596045400933047, -8.452500000000002345, -3.367596045400932603 ) ) ;
#4107 = CARTESIAN_POINT ( 'NONE',  ( -3.407095241013050835, -2.394977828574133216, 2.148716303636434954 ) ) ;
#4108 = CARTESIAN_POINT ( 'NONE',  ( 4.609628770489184291, -4.809703748630439257, -1.236816028798025879 ) ) ;
#4109 = CARTESIAN_POINT ( 'NONE',  ( -2.079137243335254404, -2.011019392584534327, -4.262039571446350372 ) ) ;
#4110 = EDGE_CURVE ( 'NONE', #3007, #5361, #3008, .T. ) ;
#4111 = CARTESIAN_POINT ( 'NONE',  ( -4.229228752484825549, -2.961463958645416117, -2.092803786539209732 ) ) ;
#4112 = CARTESIAN_POINT ( 'NONE',  ( 1.881614870755986546, -2.246076313463679863, 3.873643388056517090 ) ) ;
#4113 = ORIENTED_EDGE ( 'NONE', *, *, #4431, .F. ) ;
#4114 = CARTESIAN_POINT ( 'NONE',  ( -1.613009363290464737, -6.431054195132404949, 4.429941411017126462 ) ) ;
#4115 = CARTESIAN_POINT ( 'NONE',  ( 2.770471766894176291, -3.018348703824469847, 2.770471766894177623 ) ) ;
#4116 = CARTESIAN_POINT ( 'NONE',  ( -0.002507410479072720577, -2.676845239964532830, 4.762499339936196563 ) ) ;
#4117 = AXIS2_PLACEMENT_3D ( 'NONE', #1170, #298, #4517 ) ;
#4118 = ADVANCED_FACE ( 'NONE', ( #2247 ), #1162, .T. ) ;
#4119 = CARTESIAN_POINT ( 'NONE',  ( 3.811028889841739709, -1.845320490499723576, 1.578579852768131397 ) ) ;
#4120 = AXIS2_PLACEMENT_3D ( 'NONE', #4488, #3287, #5336 ) ;
#4121 = CARTESIAN_POINT ( 'NONE',  ( 9.184850993605150903E-17, 6.000000000000007994, -0.7499999999999972244 ) ) ;
#4122 = CARTESIAN_POINT ( 'NONE',  ( 1.812961561257184773, 0.4738549290423937355, 5.304139115663603299 ) ) ;
#4123 = CARTESIAN_POINT ( 'NONE',  ( 4.611778148658740584, -5.011941696027981230, 1.228457946802538947 ) ) ;
#4124 = DIRECTION ( 'NONE',  ( 0.000000000000000000, 1.000000000000000000, 3.921717058577609625E-16 ) ) ;
#4125 = CARTESIAN_POINT ( 'NONE',  ( 0.001164548443838723645, -2.765488573721851751, 4.708643258879271265 ) ) ;
#4126 = CARTESIAN_POINT ( 'NONE',  ( 3.811028889841739709, -6.804679509500276779, 1.578579852768131397 ) ) ;
#4127 = CARTESIAN_POINT ( 'NONE',  ( 0.6205790987169680362, -3.337211639547511322, -4.732241435390606377 ) ) ;
#4128 = PLANE ( 'NONE',  #1933 ) ;
#4129 = CARTESIAN_POINT ( 'NONE',  ( 4.278663478956268307, -6.262383277059563547, 2.114668669537081325 ) ) ;
#4130 = CARTESIAN_POINT ( 'NONE',  ( -0.9438201663463010593, -5.900695545035245182, -4.623701446973206508 ) ) ;
#4131 = CARTESIAN_POINT ( 'NONE',  ( -2.111436497828622194, -5.272515572282939544, 4.280125644563221421 ) ) ;
#4132 = EDGE_LOOP ( 'NONE', ( #1420, #729 ) ) ;
#4133 = CARTESIAN_POINT ( 'NONE',  ( 3.918038746913490744, -4.282276296175526298, -1.622904786874854954 ) ) ;
#4134 = CARTESIAN_POINT ( 'NONE',  ( 1.622904786874857175, -1.583526296175530534, -3.918038746913496961 ) ) ;
#4135 = CARTESIAN_POINT ( 'NONE',  ( 1.229833505979147645, -5.252911533763393592, 4.555810143138457668 ) ) ;
#4136 = CARTESIAN_POINT ( 'NONE',  ( 4.610322514400287730, -4.749052114594061180, -1.234222027978722824 ) ) ;
#4137 = CARTESIAN_POINT ( 'NONE',  ( -2.263456081819434473, -2.025737120604009345, -4.135150959977769602 ) ) ;
#4138 = CARTESIAN_POINT ( 'NONE',  ( -4.731444217533213425, -2.982697828584335298, -0.6254785098453912173 ) ) ;
#4139 = CARTESIAN_POINT ( 'NONE',  ( 0.002507410479070957231, -6.449404760035469586, 4.762499339936196563 ) ) ;
#4140 = ORIENTED_EDGE ( 'NONE', *, *, #3551, .T. ) ;
#4141 = CARTESIAN_POINT ( 'NONE',  ( -4.260701573397928321, -6.610166438338779038, 2.180086826964673374 ) ) ;
#4142 = CARTESIAN_POINT ( 'NONE',  ( -0.9555740966428882821, -6.526694500627289841, 4.671864299126582409 ) ) ;
#4143 = CARTESIAN_POINT ( 'NONE',  ( 0.3608087909158804729, -2.722982502126309878, 4.762501771125892347 ) ) ;
#4144 = ORIENTED_EDGE ( 'NONE', *, *, #2137, .F. ) ;
#4145 = CARTESIAN_POINT ( 'NONE',  ( -3.918038746913497850, -7.457276296175530561, 1.622904786874856287 ) ) ;
#4146 = CONICAL_SURFACE ( 'NONE', #2392, 5.499999999999999112, 1.047197551196600074 ) ;
#4147 = EDGE_CURVE ( 'NONE', #403, #956, #3362, .T. ) ;
#4148 = CARTESIAN_POINT ( 'NONE',  ( 0.6219874494983250734, -2.067273675940062283, -4.731918790233435423 ) ) ;
#4149 = CARTESIAN_POINT ( 'NONE',  ( 3.741227214037030624, -6.176558087414353082, 2.875820147484358991 ) ) ;
#4150 = CARTESIAN_POINT ( 'NONE',  ( 1.251886277038416262, -5.164263168213246935, 4.636714240753160965 ) ) ;
#4151 = CARTESIAN_POINT ( 'NONE',  ( -0.6196734853878061999, -3.249076723142899414, -4.732357362625490893 ) ) ;
#4152 = CARTESIAN_POINT ( 'NONE',  ( 0.3045466113017465393, -3.412932351015203203, -4.708828472903491047 ) ) ;
#4153 = CARTESIAN_POINT ( 'NONE',  ( -3.918038746913496961, -2.224598703824469670, -4.798213610342920265E-16 ) ) ;
#4154 = CIRCLE ( 'NONE', #1356, 0.09999999999999978351 ) ;
#4155 = CARTESIAN_POINT ( 'NONE',  ( -3.591519300334290676, -3.200998770311300756, -3.143436829269258048 ) ) ;
#4156 = CARTESIAN_POINT ( 'NONE',  ( 3.367596045400933047, -7.341249999999999609, -3.367596045400932603 ) ) ;
#4157 = CARTESIAN_POINT ( 'NONE',  ( 2.390875940970546676, -5.958463413621569060, -4.130746723873094162 ) ) ;
#4158 = CARTESIAN_POINT ( 'NONE',  ( 4.716236693648421685, -6.251487518979439884, -0.1640654693498141414 ) ) ;
#4159 = CARTESIAN_POINT ( 'NONE',  ( -3.115677383856171545, -5.237139290180172324, 3.543802556806742832 ) ) ;
#4160 = ORIENTED_EDGE ( 'NONE', *, *, #3419, .T. ) ;
#4161 = CARTESIAN_POINT ( 'NONE',  ( -1.534747577088636961, -5.785923474542342682, -4.519219259602727412 ) ) ;
#4162 = CARTESIAN_POINT ( 'NONE',  ( 4.762500000000000178, -4.721875000000000711, -1.972692090801865472 ) ) ;
#4163 = CARTESIAN_POINT ( 'NONE',  ( 0.000000000000000000, -7.500000000000000000, 0.000000000000000000 ) ) ;
#4164 = CARTESIAN_POINT ( 'NONE',  ( 3.551718088471626622, -4.627266198085161264, -3.106959055066977449 ) ) ;
#4165 = CARTESIAN_POINT ( 'NONE',  ( 0.000000000000000000, 7.499999999999999112, 1.957629832425597405 ) ) ;
#4166 = CARTESIAN_POINT ( 'NONE',  ( -0.3116965562694834491, -3.261960835394205116, -4.762447025082507501 ) ) ;
#4167 = CARTESIAN_POINT ( 'NONE',  ( 0.4828063658518976231, -2.281185652728206836, 4.212959063875309162 ) ) ;
#4168 = ORIENTED_EDGE ( 'NONE', *, *, #60, .T. ) ;
#4169 = CARTESIAN_POINT ( 'NONE',  ( 4.653094108697747089, -6.124503734099901564, -1.066347036263704418 ) ) ;
#4170 = CARTESIAN_POINT ( 'NONE',  ( -9.391509667127534093E-16, -1.508759813876276556, -6.350852961085882598 ) ) ;
#4171 = CARTESIAN_POINT ( 'NONE',  ( -3.918038746913496961, -4.843973703824469901, -1.622904786874857619 ) ) ;
#4172 = DIRECTION ( 'NONE',  ( -0.000000000000000000, 1.000000000000000000, -0.000000000000000000 ) ) ;
#4173 = CARTESIAN_POINT ( 'NONE',  ( 1.622904786874857175, -6.663526296175530383, -3.918038746913496961 ) ) ;
#4174 = CARTESIAN_POINT ( 'NONE',  ( -2.365879071445381676, -3.927545859807664463, 4.082808055472249897 ) ) ;
#4175 = CARTESIAN_POINT ( 'NONE',  ( 4.086790324261221130, -5.936735460014848975, -2.358723062476670407 ) ) ;
#4176 = CARTESIAN_POINT ( 'NONE',  ( 2.392068212706074615, -5.170709527701484731, 4.130015107379044537 ) ) ;
#4177 = CYLINDRICAL_SURFACE ( 'NONE', #1442, 1.589999999999999858 ) ;
#4178 = FACE_OUTER_BOUND ( 'NONE', #3934, .T. ) ;
#4179 = EDGE_CURVE ( 'NONE', #4783, #3746, #1319, .T. ) ;
#4180 = CARTESIAN_POINT ( 'NONE',  ( 1.622904786874857841, -3.097723703824470043, 3.918038746913496073 ) ) ;
#4181 = CARTESIAN_POINT ( 'NONE',  ( 1.535461846008630005, -3.377574747272583000, -4.518846331014864326 ) ) ;
#4182 = CARTESIAN_POINT ( 'NONE',  ( 1.972692090801865916, -4.721874999999999822, -4.762500000000000178 ) ) ;
#4183 = CARTESIAN_POINT ( 'NONE',  ( 1.217581173475641210, -3.768633933501083444, 4.558824740613198756 ) ) ;
#4184 = EDGE_CURVE ( 'NONE', #2158, #1337, #1056, .T. ) ;
#4185 = ORIENTED_EDGE ( 'NONE', *, *, #1098, .T. ) ;
#4186 = DIRECTION ( 'NONE',  ( 0.000000000000000000, -0.4999999999999979461, 0.8660254037844397068 ) ) ;
#4187 = CARTESIAN_POINT ( 'NONE',  ( 0.000000000000000000, 5.111917277360397804, 0.002530093853911775242 ) ) ;
#4188 = ORIENTED_EDGE ( 'NONE', *, *, #1902, .T. ) ;
#4189 = CARTESIAN_POINT ( 'NONE',  ( 0.001627078602844433996, -3.909440185684862623, 4.762499791550015793 ) ) ;
#4190 = CARTESIAN_POINT ( 'NONE',  ( 3.367596045400933047, -4.642500000000000959, -3.367596045400932603 ) ) ;
#4191 = CARTESIAN_POINT ( 'NONE',  ( -1.235133384803926759, -3.998972324417199520, 4.610002771108447917 ) ) ;
#4192 = CARTESIAN_POINT ( 'NONE',  ( 4.520609713589720080, -4.964857267764077875, 1.530787138549114301 ) ) ;
#4193 = CARTESIAN_POINT ( 'NONE',  ( -2.354220194242671482, -3.079466899621728260, -4.089649238872135939 ) ) ;
#4194 = CARTESIAN_POINT ( 'NONE',  ( 2.387578242562460762, -6.342948861688961770, 4.132521058232784483 ) ) ;
#4195 = ORIENTED_EDGE ( 'NONE', *, *, #637, .T. ) ;
#4196 = CARTESIAN_POINT ( 'NONE',  ( -0.8206430058853529941, -5.906116239671411527, -4.647900707707221635 ) ) ;
#4197 = CARTESIAN_POINT ( 'NONE',  ( -2.282948312606182473, -6.490209751217582479, 4.186419579396990720 ) ) ;
#4198 = CARTESIAN_POINT ( 'NONE',  ( -5.832380380939270108E-16, -2.000000000000000000, 4.762499999999998401 ) ) ;
#4199 = CARTESIAN_POINT ( 'NONE',  ( 0.3582343041951843166, -2.662328625750866262, 4.762689267008316740 ) ) ;
#4200 = EDGE_LOOP ( 'NONE', ( #656, #2958, #3524, #5109, #4685 ) ) ;
#4201 = CARTESIAN_POINT ( 'NONE',  ( 4.764768302089499308, -6.232945212179457961, 0.07412894890945795345 ) ) ;
#4202 = CARTESIAN_POINT ( 'NONE',  ( -1.015272397434552332, -1.454495119671453951, -3.918038746913496961 ) ) ;
#4203 = CARTESIAN_POINT ( 'NONE',  ( 4.133502256661279795, -2.252731257203027582, -2.386322707311897773 ) ) ;
#4204 = CIRCLE ( 'NONE', #1491, 5.499999999999999112 ) ;
#4205 = CARTESIAN_POINT ( 'NONE',  ( 5.499999999999998224, -1.782921046198657544, -2.129733372950098236 ) ) ;
#4206 = CARTESIAN_POINT ( 'NONE',  ( 4.731440086230484177, -4.873550867393834807, -0.6255092002420061803 ) ) ;
#4207 = FACE_OUTER_BOUND ( 'NONE', #2139, .T. ) ;
#4208 = CARTESIAN_POINT ( 'NONE',  ( -0.1114719001553588773, -2.000000000000000000, -4.761195255970474882 ) ) ;
#4209 = VECTOR ( 'NONE', #3650, 1000.000000000000227 ) ;
#4210 = CARTESIAN_POINT ( 'NONE',  ( -7.000746497104166611E-16, -5.772804509500277348, 3.811028889841740597 ) ) ;
#4211 = CARTESIAN_POINT ( 'NONE',  ( -0.6282993866384485315, -3.346696333895170294, -4.731110424886962207 ) ) ;
#4212 = EDGE_CURVE ( 'NONE', #2177, #3371, #924, .T. ) ;
#4213 = CARTESIAN_POINT ( 'NONE',  ( 4.762500000000000178, -7.420625000000000249, -1.972692090801865472 ) ) ;
#4214 = CARTESIAN_POINT ( 'NONE',  ( 2.357361416579583757, -3.714305194078020733, 4.087639872540020036 ) ) ;
#4215 = CARTESIAN_POINT ( 'NONE',  ( 1.873744178264594717, -6.919345504955188630, -3.980586235596993649 ) ) ;
#4216 = DIRECTION ( 'NONE',  ( -0.000000000000000000, -1.000000000000000000, -3.921717058577609625E-16 ) ) ;
#4217 = ORIENTED_EDGE ( 'NONE', *, *, #4184, .F. ) ;
#4218 = DIRECTION ( 'NONE',  ( -1.000000000000000000, 0.000000000000000000, 0.000000000000000000 ) ) ;
#4219 = ADVANCED_FACE ( 'NONE', ( #4744 ), #4277, .T. ) ;
#4220 = CARTESIAN_POINT ( 'NONE',  ( -4.762500000000000178, -5.436250000000000249, -5.832380380939270108E-16 ) ) ;
#4221 = CARTESIAN_POINT ( 'NONE',  ( -4.762501383241191100, -4.276744886984714000, -0.3105740117033694014 ) ) ;
#4222 = CARTESIAN_POINT ( 'NONE',  ( 0.6196736145946233343, -4.607173282978650697, -4.732357307266468638 ) ) ;
#4223 = CARTESIAN_POINT ( 'NONE',  ( -1.234104744449432634, -3.222326454446301724, -4.610446132153858123 ) ) ;
#4224 = CARTESIAN_POINT ( 'NONE',  ( 2.902993984661946136, -6.255704900317061501, 3.788259972106860385 ) ) ;
#4225 = EDGE_LOOP ( 'NONE', ( #98, #2930 ) ) ;
#4226 = CARTESIAN_POINT ( 'NONE',  ( 0.4797268857183855650, -5.960282088361767983, -4.695512789307136892 ) ) ;
#4227 = CARTESIAN_POINT ( 'NONE',  ( -2.106813357103664242, -2.478030007222671749, -3.239805969070574498 ) ) ;
#4228 = CARTESIAN_POINT ( 'NONE',  ( 2.693213056788147772E-16, -2.639505671772413020, 4.762500000000000178 ) ) ;
#4229 = FACE_OUTER_BOUND ( 'NONE', #1530, .T. ) ;
#4230 = CARTESIAN_POINT ( 'NONE',  ( 3.524625663844031642, -6.380194441663530114, 3.220002930406709929 ) ) ;
#4231 = CARTESIAN_POINT ( 'NONE',  ( -1.622904786874859173, -2.218526296175530543, 3.918038746913496073 ) ) ;
#4232 = EDGE_CURVE ( 'NONE', #2498, #4523, #4522, .T. ) ;
#4233 = CARTESIAN_POINT ( 'NONE',  ( -2.329408393589180265E-16, -5.216744328227587602, 4.762500000000000178 ) ) ;
#4234 = CARTESIAN_POINT ( 'NONE',  ( 2.086935053947879037, -6.267746846356157420, 4.232165475440888613 ) ) ;
#4235 = CARTESIAN_POINT ( 'NONE',  ( 4.611087767887372735, -4.951290051239969792, 1.231052295864840662 ) ) ;
#4236 = CARTESIAN_POINT ( 'NONE',  ( 1.451608026835755251E-11, -5.814505671772996820, -4.762500000000000178 ) ) ;
#4237 = LINE ( 'NONE', #2505, #2661 ) ;
#4238 = AXIS2_PLACEMENT_3D ( 'NONE', #1226, #1173, #4085 ) ;
#4239 = CARTESIAN_POINT ( 'NONE',  ( 1.578579852768129177, -5.217179509500276424, -3.811028889841741041 ) ) ;
#4240 = CARTESIAN_POINT ( 'NONE',  ( 1.514354840022632542, -3.466208206227860078, -4.469009558775127289 ) ) ;
#4241 = CARTESIAN_POINT ( 'NONE',  ( 3.367596045400931715, -5.118750000000000355, 3.367596045400933491 ) ) ;
#4242 = CARTESIAN_POINT ( 'NONE',  ( -4.559871852540132942, -2.816312392846912704, 1.213629952411934942 ) ) ;
#4243 = CARTESIAN_POINT ( 'NONE',  ( 3.694990868037586029, -7.134771519413366292, 1.963884262485358079 ) ) ;
#4244 = CARTESIAN_POINT ( 'NONE',  ( 0.3169402113358105177, -2.626751665023151272, 4.762333714422737785 ) ) ;
#4245 = ORIENTED_EDGE ( 'NONE', *, *, #4289, .T. ) ;
#4246 = CARTESIAN_POINT ( 'NONE',  ( -4.762211967929227185, -5.546915981431102871, -0.3149065509988662748 ) ) ;
#4247 = CARTESIAN_POINT ( 'NONE',  ( -8.748570571408905162E-16, -5.118750000000000355, 4.762500000000000178 ) ) ;
#4248 = CARTESIAN_POINT ( 'NONE',  ( -4.678428202886294685, -4.378580600124305278, -0.6151229660373233044 ) ) ;
#4249 = CARTESIAN_POINT ( 'NONE',  ( 4.519043007909376186, -6.197834607502004545, 1.534875536068258883 ) ) ;
#4250 = ORIENTED_EDGE ( 'NONE', *, *, #3744, .F. ) ;
#4251 = CARTESIAN_POINT ( 'NONE',  ( -3.789476055791265008, -2.824054087087640941, 2.901362003994628402 ) ) ;
#4252 = EDGE_CURVE ( 'NONE', #514, #3016, #78, .T. ) ;
#4253 = CARTESIAN_POINT ( 'NONE',  ( 4.762337064776332340, -6.083853140735005383, 0.3131633432978921938 ) ) ;
#4254 = ORIENTED_EDGE ( 'NONE', *, *, #2642, .F. ) ;
#4255 = CARTESIAN_POINT ( 'NONE',  ( 1.439136900694555132, -6.002709487030600144, -4.494964078257303264 ) ) ;
#4256 = CARTESIAN_POINT ( 'NONE',  ( -3.145576092798396228, -5.668388299616233361, -3.589307851660353155 ) ) ;
#4257 = CARTESIAN_POINT ( 'NONE',  ( -4.281595450600311992, -4.134150556514947894, 2.108829496360330236 ) ) ;
#4258 = CARTESIAN_POINT ( 'NONE',  ( 6.334671543463350000E-16, -0.01738525708133141154, 6.350852961085882598 ) ) ;
#4259 = CARTESIAN_POINT ( 'NONE',  ( -0.4737995803330605771, -6.581883638301865957, 4.704317710057085655 ) ) ;
#4260 = CARTESIAN_POINT ( 'NONE',  ( -3.918038746913497850, -4.917276296175529637, 1.622904786874856287 ) ) ;
#4261 = CARTESIAN_POINT ( 'NONE',  ( 3.918038746913496073, -4.441026296175530241, 1.622904786874859839 ) ) ;
#4262 = FACE_OUTER_BOUND ( 'NONE', #161, .T. ) ;
#4263 = CARTESIAN_POINT ( 'NONE',  ( 4.732029680857529286, -3.654727341010469477, 0.6208815467811537037 ) ) ;
#4264 = CARTESIAN_POINT ( 'NONE',  ( 3.786121039782239350, -4.995213406799445366, 2.905978933260624508 ) ) ;
#4265 = FACE_OUTER_BOUND ( 'NONE', #444, .T. ) ;
#4266 = CARTESIAN_POINT ( 'NONE',  ( -3.811028889841740597, -2.280304509500276744, -4.667164331402779384E-16 ) ) ;
#4267 = CARTESIAN_POINT ( 'NONE',  ( 4.731105325293115449, -3.664205950085408947, -0.6280582845831202965 ) ) ;
#4268 = CARTESIAN_POINT ( 'NONE',  ( -1.622904786874856953, -6.272723703824470753, -3.918038746913496961 ) ) ;
#4269 = CARTESIAN_POINT ( 'NONE',  ( -0.3092668024924605796, -4.471303965466041141, -4.762610244128683945 ) ) ;
#4270 = CARTESIAN_POINT ( 'NONE',  ( 1.516601193826033311, -3.754939803789762109, 4.468382679109299538 ) ) ;
#4271 = CARTESIAN_POINT ( 'NONE',  ( 4.609719635302687024, -2.374320326952812366, 1.236594801857447523 ) ) ;
#4272 = ORIENTED_EDGE ( 'NONE', *, *, #3180, .T. ) ;
#4273 = CARTESIAN_POINT ( 'NONE',  ( 4.762529940940092743, -3.579523003762325128, -0.3101177116400951062 ) ) ;
#4274 = CARTESIAN_POINT ( 'NONE',  ( 3.367596045400931715, -2.420000000000000373, 3.367596045400933491 ) ) ;
#4275 = CARTESIAN_POINT ( 'NONE',  ( -0.3098233457604760988, -4.048144459340410783, 4.708723478930115114 ) ) ;
#4276 = B_SPLINE_CURVE_WITH_KNOTS ( 'NONE', 3,
 ( #4088, #2495, #4966, #4994, #5, #1204, #1233, #4170 ),
 .UNSPECIFIED., .F., .F.,
 ( 4, 2, 2, 4 ),
 ( 0.003213249942171109413, 0.004013500389788045297, 0.004813750837404979881, 0.006414251732638851650 ),
 .UNSPECIFIED. ) ;
#4277 = CYLINDRICAL_SURFACE ( 'NONE', #34, 4.762500000000000178 ) ;
#4278 = CARTESIAN_POINT ( 'NONE',  ( -3.150444815789272379, -2.725129048296675460, 3.585095505710813146 ) ) ;
#4279 = CARTESIAN_POINT ( 'NONE',  ( 1.532662334840181106, -5.880230379000233043, -4.519953567293193863 ) ) ;
#4280 = ORIENTED_EDGE ( 'NONE', *, *, #2507, .T. ) ;
#4281 = CARTESIAN_POINT ( 'NONE',  ( 3.160953466626077901, -6.059367695491747696, -3.577317578282637189 ) ) ;
#4282 = DIRECTION ( 'NONE',  ( -0.000000000000000000, -1.000000000000000000, -3.921717058577609625E-16 ) ) ;
#4283 = APPROVAL ( #1935, 'UNSPECIFIED' ) ;
#4284 = CARTESIAN_POINT ( 'NONE',  ( -0.6260473861816051588, -3.935217669686984276, 4.731627947978422455 ) ) ;
#4285 = CARTESIAN_POINT ( 'NONE',  ( -2.749999999999998668, 0.4738549290423901272, 4.763139720814414169 ) ) ;
#4286 = CARTESIAN_POINT ( 'NONE',  ( -0.6176405744949957644, -6.601359527458798837, 4.667956214489424660 ) ) ;
#4287 = CARTESIAN_POINT ( 'NONE',  ( -2.770471766894177623, -2.297901296175529851, 2.770471766894176735 ) ) ;
#4288 = CARTESIAN_POINT ( 'NONE',  ( -3.918038746913496961, -4.996651296175529389, -4.798213610342920265E-16 ) ) ;
#4289 = EDGE_CURVE ( 'NONE', #1412, #4053, #809, .T. ) ;
#4290 = CARTESIAN_POINT ( 'NONE',  ( 0.5108288663013443864, -2.529570279546933254, 4.687692328966353905 ) ) ;
#4291 = FACE_OUTER_BOUND ( 'NONE', #1785, .T. ) ;
#4292 = CARTESIAN_POINT ( 'NONE',  ( 1.578579852768130065, -5.693429509500276708, 3.811028889841740597 ) ) ;
#4293 = CARTESIAN_POINT ( 'NONE',  ( 4.762332296234593088, -3.616507415910033441, -0.3163774188317557412 ) ) ;
#4294 = CARTESIAN_POINT ( 'NONE',  ( 4.762499999999999289, -1.229374999999999440, 1.972692090801868581 ) ) ;
#4295 = CARTESIAN_POINT ( 'NONE',  ( -4.709049774793437670, -4.125828419587532991, 0.3041902200827681924 ) ) ;
#4296 = AXIS2_PLACEMENT_3D ( 'NONE', #3775, #3720, #5387 ) ;
#4297 = CARTESIAN_POINT ( 'NONE',  ( -3.542782560772076206, -3.014699226979676627, -3.116770731887808399 ) ) ;
#4298 = CIRCLE ( 'NONE', #3161, 0.1000000000000001166 ) ;
#4299 = CARTESIAN_POINT ( 'NONE',  ( 1.103677531745800744, -7.242265758644387041, 3.924886301442788827 ) ) ;
#4300 = EDGE_CURVE ( 'NONE', #2242, #3047, #3878, .T. ) ;
#4301 = CARTESIAN_POINT ( 'NONE',  ( 1.237494013955417138, -2.056862064987251326, -4.609386332484543658 ) ) ;
#4302 = EDGE_LOOP ( 'NONE', ( #168, #4027, #2500 ) ) ;
#4303 = CONICAL_SURFACE ( 'NONE', #4740, 4.762500000000000178, 1.082104136236486269 ) ;
#4304 = CARTESIAN_POINT ( 'NONE',  ( 3.787078462154708891, -3.458890360583131152, -2.904437040271950377 ) ) ;
#4305 = FACE_OUTER_BOUND ( 'NONE', #2579, .T. ) ;
#4306 = CARTESIAN_POINT ( 'NONE',  ( -1.232539333990536390, -4.059623961911968060, 4.610695539386672870 ) ) ;
#4307 = CARTESIAN_POINT ( 'NONE',  ( 3.786003959771425009, -4.766034762281420534, -2.905976034329365465 ) ) ;
#4308 = CARTESIAN_POINT ( 'NONE',  ( -4.732147621346880051, -2.870797426385845785, 0.6199877354375383787 ) ) ;
#4309 = CARTESIAN_POINT ( 'NONE',  ( 3.786272885486931195, -6.265203003719699737, 2.905783226179186940 ) ) ;
#4310 = EDGE_LOOP ( 'NONE', ( #823, #763, #4390, #2662 ) ) ;
#4311 = CARTESIAN_POINT ( 'NONE',  ( -4.773067342594841556, -5.598014867248066295, -0.07929761766986329063 ) ) ;
#4312 = CARTESIAN_POINT ( 'NONE',  ( -1.817223023079817867, -2.465237945718623980, -3.436714781082419012 ) ) ;
#4313 = CARTESIAN_POINT ( 'NONE',  ( 1.451719246313554741E-11, -4.544505671772997246, -4.762500000000000178 ) ) ;
#4314 = CARTESIAN_POINT ( 'NONE',  ( 1.502896265258933273, -2.010052895637072456, -4.504536193348242179 ) ) ;
#4315 = ORIENTED_EDGE ( 'NONE', *, *, #2976, .F. ) ;
#4316 = CARTESIAN_POINT ( 'NONE',  ( -0.3089153018692279984, -6.588088344564259735, 4.709857086356860734 ) ) ;
#4317 = CARTESIAN_POINT ( 'NONE',  ( -7.197320415514379411E-16, -5.949151296175529957, 3.918038746913496961 ) ) ;
#4318 = CARTESIAN_POINT ( 'NONE',  ( -1.216639711184440920, -5.673679280697324856, -4.559241914754669445 ) ) ;
#4319 = CARTESIAN_POINT ( 'NONE',  ( 1.233169551084126958, -3.363881799304498266, -4.610693433732117263 ) ) ;
#4320 = CARTESIAN_POINT ( 'NONE',  ( 2.387457286398471989, -5.072954870903110702, 4.132589559558533132 ) ) ;
#4321 = ADVANCED_FACE ( 'NONE', ( #1940 ), #3614, .T. ) ;
#4322 = CARTESIAN_POINT ( 'NONE',  ( 2.333582165701389692E-16, -2.597804509500276637, -3.811028889841740597 ) ) ;
#4323 =( BOUNDED_SURFACE ( )  B_SPLINE_SURFACE ( 1, 2, ( 
 ( #2200, #1351, #561, #3055, #3413, #1918, #880, #907, #3026, #2229, #4700, #1408, #3595, #5140, #3849, #3877, #5082, #2172, #2643, #2587, #93, #122, #3083, #475, #1737, #2558, #1793, #1764, #4317, #3907, #3470, #4727, #149, #936, #1379, #2616, #964, #1822, #3823, #2148, #4288, #1322, #64, #993, #2327, #5167, #4756, #4261, #502, #532, #2669, #4414, #247, #5265, #4082, #1169, #784, #4029, #1993, #2405, #5363, #4904, #1613, #321, #4465, #4440, #3232, #1583, #2022, #2459, #2762, #3667, #5337, #4543, #757, #297, #350, #2838, #4055, #704, #2431, #3260, #4931, #4134, #3723, #5390, #680, #378, #4516 ),
 ( #3619, #3183, #4106, #3695, #3288, #2350, #1971, #4959, #1197, #1118, #3644, #2785, #2866, #3208, #2049, #1532, #4854, #2811, #1095, #270, #1945, #5288, #4878, #5310, #2378, #1557, #4489, #1144, #732, #2186, #2982, #79, #5418, #4687, #4655, #2103, #1693, #1667, #2894, #4570, #4220, #811, #1751, #894, #4247, #3344, #433, #2486, #52, #4162, #4190, #3011, #4628, #5013, #2573, #3779, #405, #489, #2160, #1306, #3317, #4602, #2924, #516, #3836, #25, #3373, #3429, #4986, #3809, #2074, #3751, #2601, #5098, #1339, #1278, #1223, #922, #4274, #2131, #5042, #2952, #3865, #1640, #1722, #1251, #838, #3401, #2516 ) ),
 .UNSPECIFIED., .F., .F., .F. ) 
 B_SPLINE_SURFACE_WITH_KNOTS ( ( 2, 2 ),
 ( 3, 2, 2, 2, 2, 2, 2, 2, 2, 2, 2, 2, 2, 2, 2, 2, 2, 2, 2, 2, 2, 2, 2, 2, 2, 2, 2, 2, 2, 2, 2, 2, 2, 2, 2, 2, 2, 2, 2, 2, 2, 2, 2, 2, 3 ),
 ( 0.000000000000000000, 1.000000000000000000 ),
 ( 0.000000000000000000, 0.02083333333333333218, 0.04166666666666666435, 0.06250000000000000000, 0.08333333333333332871, 0.1041666666666666713, 0.1250000000000000000, 0.1458333333333333426, 0.1666666666666666574, 0.1875000000000000000, 0.2083333333333333426, 0.2291666666666666574, 0.2500000000000000000, 0.2708333333333333148, 0.2916666666666666852, 0.3125000000000000000, 0.3333333333333333148, 0.3541666666666666852, 0.3750000000000000000, 0.3958333333333333148, 0.4166666666666666852, 0.4375000000000000000, 0.4583333333333333148, 0.4791666666666666852, 0.5000000000000000000, 0.5208333333333333703, 0.5416666666666666297, 0.5625000000000000000, 0.5833333333333333703, 0.6041666666666666297, 0.6250000000000000000, 0.6458333333333333703, 0.6666666666666666297, 0.6875000000000000000, 0.7083333333333333703, 0.7291666666666666297, 0.7500000000000000000, 0.7708333333333333703, 0.7916666666666666297, 0.8125000000000000000, 0.8333333333333333703, 0.8541666666666666297, 0.8750000000000000000, 0.8884154615647167352, 0.8972996161803639126 ),
 .UNSPECIFIED. ) 
 GEOMETRIC_REPRESENTATION_ITEM ( )  RATIONAL_B_SPLINE_SURFACE ( (
 ( 1.000000000000000000, 0.9238795325112867385, 1.000000000000000000, 0.9238795325112867385, 1.000000000000000000, 0.9238795325112867385, 1.000000000000000000, 0.9238795325112867385, 1.000000000000000000, 0.9238795325112867385, 1.000000000000000000, 0.9238795325112867385, 1.000000000000000000, 0.9238795325112867385, 1.000000000000000000, 0.9238795325112867385, 1.000000000000000000, 0.9238795325112867385, 1.000000000000000000, 0.9238795325112867385, 1.000000000000000000, 0.9238795325112867385, 1.000000000000000000, 0.9238795325112867385, 1.000000000000000000, 0.9238795325112867385, 1.000000000000000000, 0.9238795325112867385, 1.000000000000000000, 0.9238795325112867385, 1.000000000000000000, 0.9238795325112867385, 1.000000000000000000, 0.9238795325112867385, 1.000000000000000000, 0.9238795325112867385, 1.000000000000000000, 0.9238795325112867385, 1.000000000000000000, 0.9238795325112867385, 1.000000000000000000, 0.9238795325112867385, 1.000000000000000000, 0.9238795325112867385, 1.000000000000000000, 0.9238795325112867385, 1.000000000000000000, 0.9238795325112867385, 1.000000000000000000, 0.9238795325112867385, 1.000000000000000000, 0.9238795325112867385, 1.000000000000000000, 0.9238795325112867385, 1.000000000000000000, 0.9238795325112867385, 1.000000000000000000, 0.9238795325112867385, 1.000000000000000000, 0.9238795325112867385, 1.000000000000000000, 0.9238795325112867385, 1.000000000000000000, 0.9238795325112867385, 1.000000000000000000, 0.9238795325112867385, 1.000000000000000000, 0.9238795325112867385, 1.000000000000000000, 0.9238795325112867385, 1.000000000000000000, 0.9238795325112867385, 1.000000000000000000, 0.9238795325112867385, 1.000000000000000000, 0.9238795325112867385, 1.000000000000000000, 0.9238795325112867385, 1.000000000000000000, 0.9238795325112867385, 1.000000000000000000, 0.9238795325112867385, 1.000000000000000000, 0.9238795325112867385, 1.000000000000000000, 0.9509828221176112040, 0.9650940985608611467, 0.9650940985608611467, 0.9650940985608611467),
 ( 1.000000000000000000, 0.9238795325112867385, 1.000000000000000000, 0.9238795325112867385, 1.000000000000000000, 0.9238795325112867385, 1.000000000000000000, 0.9238795325112867385, 1.000000000000000000, 0.9238795325112867385, 1.000000000000000000, 0.9238795325112867385, 1.000000000000000000, 0.9238795325112867385, 1.000000000000000000, 0.9238795325112867385, 1.000000000000000000, 0.9238795325112867385, 1.000000000000000000, 0.9238795325112867385, 1.000000000000000000, 0.9238795325112867385, 1.000000000000000000, 0.9238795325112867385, 1.000000000000000000, 0.9238795325112867385, 1.000000000000000000, 0.9238795325112867385, 1.000000000000000000, 0.9238795325112867385, 1.000000000000000000, 0.9238795325112867385, 1.000000000000000000, 0.9238795325112867385, 1.000000000000000000, 0.9238795325112867385, 1.000000000000000000, 0.9238795325112867385, 1.000000000000000000, 0.9238795325112867385, 1.000000000000000000, 0.9238795325112867385, 1.000000000000000000, 0.9238795325112867385, 1.000000000000000000, 0.9238795325112867385, 1.000000000000000000, 0.9238795325112867385, 1.000000000000000000, 0.9238795325112867385, 1.000000000000000000, 0.9238795325112867385, 1.000000000000000000, 0.9238795325112867385, 1.000000000000000000, 0.9238795325112867385, 1.000000000000000000, 0.9238795325112867385, 1.000000000000000000, 0.9238795325112867385, 1.000000000000000000, 0.9238795325112867385, 1.000000000000000000, 0.9238795325112867385, 1.000000000000000000, 0.9238795325112867385, 1.000000000000000000, 0.9238795325112867385, 1.000000000000000000, 0.9238795325112867385, 1.000000000000000000, 0.9238795325112867385, 1.000000000000000000, 0.9238795325112867385, 1.000000000000000000, 0.9238795325112867385, 1.000000000000000000, 0.9238795325112867385, 1.000000000000000000, 0.9238795325112867385, 1.000000000000000000, 0.9238795325112867385, 1.000000000000000000, 0.9238795325112867385, 1.000000000000000000, 0.9509828221176112040, 0.9650940985608611467, 0.9650940985608611467, 0.9650940985608611467) ) ) 
 REPRESENTATION_ITEM ( '' )  SURFACE ( )  );
#4324 = CARTESIAN_POINT ( 'NONE',  ( 4.234089771332361529, -3.810815382676381535, 2.083118210161472028 ) ) ;
#4325 = CARTESIAN_POINT ( 'NONE',  ( 2.770471766894177179, -7.780848703824469581, -2.770471766894176735 ) ) ;
#4326 = CARTESIAN_POINT ( 'NONE',  ( -4.465874553138451830, -4.204320572072484552, -1.523865690856048838 ) ) ;
#4327 = CIRCLE ( 'NONE', #1955, 0.09999999999999989453 ) ;
#4328 = FACE_BOUND ( 'NONE', #3095, .T. ) ;
#4329 = CARTESIAN_POINT ( 'NONE',  ( 3.358787597423172677, -6.977760778801932240, -2.750176773886499948 ) ) ;
#4330 = CARTESIAN_POINT ( 'NONE',  ( 3.786432704837415120, -2.188845980154731308, -2.905272293966328689 ) ) ;
#4331 = ORIENTED_EDGE ( 'NONE', *, *, #4147, .T. ) ;
#4332 = CARTESIAN_POINT ( 'NONE',  ( 4.133942951771459207, -3.698472666766452921, 2.385360089484724888 ) ) ;
#4333 = CARTESIAN_POINT ( 'NONE',  ( 4.479535752470256149, -2.190230010486764467, -1.647830550413756034 ) ) ;
#4334 = CARTESIAN_POINT ( 'NONE',  ( 2.382250549337050938, -4.748799753996364892, -4.135796034116139275 ) ) ;
#4335 = CARTESIAN_POINT ( 'NONE',  ( 1.233169494271147304, -4.633881796782425511, -4.610693447916718313 ) ) ;
#4336 = VERTEX_POINT ( 'NONE', #4873 ) ;
#4337 = CARTESIAN_POINT ( 'NONE',  ( -3.148612739620026524, -2.785785972383718612, 3.586698141923837291 ) ) ;
#4338 = CARTESIAN_POINT ( 'NONE',  ( 4.731778223603083866, -6.045653206115466638, -0.6234190024516700346 ) ) ;
#4339 = ORIENTED_EDGE ( 'NONE', *, *, #396, .F. ) ;
#4340 = CARTESIAN_POINT ( 'NONE',  ( -4.654809294702457301, -5.639417698269034496, -1.059289580729120939 ) ) ;
#4341 = AXIS2_PLACEMENT_3D ( 'NONE', #249, #659, #5312 ) ;
#4342 = CARTESIAN_POINT ( 'NONE',  ( -1.534500099401502560, -5.748719355202151604, -4.519170768193665033 ) ) ;
#4343 = CARTESIAN_POINT ( 'NONE',  ( 0.002508616775965937743, -2.639404711492854716, 4.762499339300938495 ) ) ;
#4344 = CARTESIAN_POINT ( 'NONE',  ( -1.588108772276520808, 0.3840309239041365119, 5.433957933909627336 ) ) ;
#4345 = CARTESIAN_POINT ( 'NONE',  ( -0.5710364598220379895, -6.596971912241326841, 4.678366312497890256 ) ) ;
#4346 = CARTESIAN_POINT ( 'NONE',  ( -0.6202087964356483019, -5.116470435943396566, 4.677954160574361531 ) ) ;
#4347 = CARTESIAN_POINT ( 'NONE',  ( -0.002440671509801132025, -5.216842554312615121, 4.762499374606005809 ) ) ;
#4348 = CARTESIAN_POINT ( 'NONE',  ( 2.694804371304934776, -1.486554509500276344, -2.694804371304934332 ) ) ;
#4349 = CARTESIAN_POINT ( 'NONE',  ( 2.879102550100872904, -3.902014773561926830, 3.738644028905675043 ) ) ;
#4350 = CARTESIAN_POINT ( 'NONE',  ( 3.918038746913496961, -6.590223703824471535, -1.622904786874857175 ) ) ;
#4351 = EDGE_CURVE ( 'NONE', #3299, #3439, #4003, .T. ) ;
#4352 = CARTESIAN_POINT ( 'NONE',  ( -3.584135399499896568, -4.312684925273725156, -3.151479537719012125 ) ) ;
#4353 = FACE_OUTER_BOUND ( 'NONE', #4607, .T. ) ;
#4354 = DATE_TIME_ROLE ( 'creation_date' ) ;
#4355 = EDGE_CURVE ( 'NONE', #3943, #2694, #1164, .T. ) ;
#4356 = CARTESIAN_POINT ( 'NONE',  ( -1.622904786874856953, -6.272723703824470753, -3.918038746913496961 ) ) ;
#4357 = VERTEX_POINT ( 'NONE', #777 ) ;
#4358 = CARTESIAN_POINT ( 'NONE',  ( 4.281220158468027392, -3.499118918304581882, -2.109460248610528499 ) ) ;
#4359 = DIRECTION ( 'NONE',  ( -0.000000000000000000, 1.000000000000000000, 1.111353676405166014E-16 ) ) ;
#4360 = CARTESIAN_POINT ( 'NONE',  ( -4.280977086070167026, -4.357155088769069096, -2.109956176743103207 ) ) ;
#4361 = ADVANCED_FACE ( 'NONE', ( #2806 ), #5305, .T. ) ;
#4362 = CARTESIAN_POINT ( 'NONE',  ( -0.6265064824586981107, -2.702465851355814852, 4.731295719043616899 ) ) ;
#4363 = CARTESIAN_POINT ( 'NONE',  ( -4.600273303476549280, 0.2825236417604808370, 3.694883930977847619 ) ) ;
#4364 = CARTESIAN_POINT ( 'NONE',  ( 4.520450697651770433, -6.005609512218646806, -1.531082328601060860 ) ) ;
#4365 = VERTEX_POINT ( 'NONE', #4597 ) ;
#4366 = CARTESIAN_POINT ( 'NONE',  ( -4.262393990741835559, -5.500168311858823600, 2.149691974351813695 ) ) ;
#4367 = CARTESIAN_POINT ( 'NONE',  ( 2.238921931081807706E-16, -5.179505671772410835, 4.762500000000000178 ) ) ;
#4368 = CARTESIAN_POINT ( 'NONE',  ( 3.786266926711892467, -4.995203411911495195, 2.905790904962309629 ) ) ;
#4369 = CARTESIAN_POINT ( 'NONE',  ( 1.283792644832523994E-11, -7.278312889570484501, 4.031687110429511556 ) ) ;
#4370 = CARTESIAN_POINT ( 'NONE',  ( 1.534880685946768963, -3.782935520163657639, 4.519181221279627181 ) ) ;
#4371 = ORIENTED_EDGE ( 'NONE', *, *, #825, .T. ) ;
#4372 = CARTESIAN_POINT ( 'NONE',  ( 0.000000000000000000, 0.4738549290423901272, 1.734723475976807094E-15 ) ) ;
#4373 = CARTESIAN_POINT ( 'NONE',  ( 3.150184218798716351, -3.800382183276523218, 3.585315762891385649 ) ) ;
#4374 = VERTEX_POINT ( 'NONE', #1635 ) ;
#4375 = CARTESIAN_POINT ( 'NONE',  ( -1.578579852768128955, -6.449070490499724251, -3.811028889841741041 ) ) ;
#4376 = CARTESIAN_POINT ( 'NONE',  ( 2.091099530216481650, -3.942367890514395956, 4.229969686649125649 ) ) ;
#4377 = CARTESIAN_POINT ( 'NONE',  ( 3.918038746913496961, -6.669598703824469510, 0.000000000000000000 ) ) ;
#4378 = CARTESIAN_POINT ( 'NONE',  ( -4.731440084241831379, -4.252699133254270514, -0.6255092155196002590 ) ) ;
#4379 = CARTESIAN_POINT ( 'NONE',  ( -5.499999999999999112, 0.1319573878422067303, -2.658088383054391546 ) ) ;
#4380 = SECURITY_CLASSIFICATION_LEVEL ( 'unclassified' ) ;
#4381 = CARTESIAN_POINT ( 'NONE',  ( -1.622904786874856953, -5.002723703824469403, -3.918038746913496961 ) ) ;
#4382 = CARTESIAN_POINT ( 'NONE',  ( 2.387409022497399835, -3.802957279697364967, 4.132617551739087070 ) ) ;
#4383 = CARTESIAN_POINT ( 'NONE',  ( 3.452640435068306424, -2.081371026576712246, -3.217059942910240000 ) ) ;
#4384 = AXIS2_PLACEMENT_3D ( 'NONE', #273, #5220, #4443 ) ;
#4385 = CARTESIAN_POINT ( 'NONE',  ( 3.585738802156384963, -4.752908157737986805, -3.149647707038672806 ) ) ;
#4386 = CARTESIAN_POINT ( 'NONE',  ( -4.519043008430368324, -2.928415392569476694, 1.534875534507697203 ) ) ;
#4387 = CARTESIAN_POINT ( 'NONE',  ( -4.043550578900716452, -6.718681275079021908, -2.206974921958318792 ) ) ;
#4388 = CARTESIAN_POINT ( 'NONE',  ( -2.906526341837045280, -5.681284354975853823, -3.785763042253892152 ) ) ;
#4389 = EDGE_CURVE ( 'NONE', #5361, #403, #1606, .T. ) ;
#4390 = ORIENTED_EDGE ( 'NONE', *, *, #100, .T. ) ;
#4391 = CARTESIAN_POINT ( 'NONE',  ( -4.664218881062716093, -5.653161249859617321, -0.7217867536215749613 ) ) ;
#4392 = CARTESIAN_POINT ( 'NONE',  ( -4.086801299727628844, -4.459513577710917609, -2.358703963339651821 ) ) ;
#4393 = CARTESIAN_POINT ( 'NONE',  ( 4.708401146214872490, -4.785867742562619043, 0.3108462872385288622 ) ) ;
#4394 = CARTESIAN_POINT ( 'NONE',  ( -4.098852657733444538, -7.214322690446471675, -0.04897806208393068461 ) ) ;
#4395 = CARTESIAN_POINT ( 'NONE',  ( 2.387525229479814382, -3.802951506459638864, 4.132551742004713091 ) ) ;
#4396 = CARTESIAN_POINT ( 'NONE',  ( 4.682843843082754809, -2.473191420278380903, 0.6073889834485063366 ) ) ;
#4397 = CARTESIAN_POINT ( 'NONE',  ( 1.622904786874857619, -6.431473703824470256, -3.918038746913496961 ) ) ;
#4398 = CARTESIAN_POINT ( 'NONE',  ( 1.134623048086530028, -2.150203886011366361, -4.639509206721265322 ) ) ;
#4399 = CARTESIAN_POINT ( 'NONE',  ( -2.694804371304934332, -7.639695490499723185, -2.694804371304934776 ) ) ;
#4400 = CARTESIAN_POINT ( 'NONE',  ( 4.234177066443852055, -4.680448570886839299, -2.082811503778772000 ) ) ;
#4401 = CARTESIAN_POINT ( 'NONE',  ( 2.770471766894177179, -2.700848703824469510, -2.770471766894176735 ) ) ;
#4402 = CARTESIAN_POINT ( 'NONE',  ( -2.111491971536063161, -4.002518261066450478, 4.280098233916540984 ) ) ;
#4403 = CARTESIAN_POINT ( 'NONE',  ( 2.749999999999999112, 0.4738549290423901272, 4.763139720814413280 ) ) ;
#4404 = DATE_AND_TIME ( #1960, #5028 ) ;
#4405 = CARTESIAN_POINT ( 'NONE',  ( -3.722738093275703264, -7.462391531229147112, -0.9924921917904975244 ) ) ;
#4406 = CARTESIAN_POINT ( 'NONE',  ( -0.6156647253847148393, -2.791105101232813190, 4.678282699846576520 ) ) ;
#4407 = CARTESIAN_POINT ( 'NONE',  ( 1.056818546458082375, -2.048839472842415077, -4.654492893409315712 ) ) ;
#4408 = CARTESIAN_POINT ( 'NONE',  ( -3.746225274091852242, -4.486022205232352178, -2.869019804595522416 ) ) ;
#4409 = CARTESIAN_POINT ( 'NONE',  ( 0.6265064822475545636, -6.423784148652462278, 4.731295719030656599 ) ) ;
#4410 = CARTESIAN_POINT ( 'NONE',  ( -4.140871884283449766, -5.724720702494732194, -2.263328720272679284 ) ) ;
#4411 = CARTESIAN_POINT ( 'NONE',  ( -0.3093006905210730628, -5.741302637996633429, -4.762608079488798829 ) ) ;
#4412 = ORIENTED_EDGE ( 'NONE', *, *, #4885, .T. ) ;
#4413 = CARTESIAN_POINT ( 'NONE',  ( -3.882004390660633852, -5.499850756788640105, 2.684522288254011624 ) ) ;
#4414 = CARTESIAN_POINT ( 'NONE',  ( 1.622904786874857175, -4.123526296175530348, -3.918038746913496961 ) ) ;
#4415 = CARTESIAN_POINT ( 'NONE',  ( -2.089509439199212615, -4.577448562509017549, -4.230916319795727354 ) ) ;
#4416 = CARTESIAN_POINT ( 'NONE',  ( 4.732069159700725614, -4.826794690230839180, 0.6222602229107274674 ) ) ;
#4417 = CARTESIAN_POINT ( 'NONE',  ( -3.848832891732136385, -7.011386151985880666, 1.944127345468779966 ) ) ;
#4418 = EDGE_CURVE ( 'NONE', #3016, #494, #4661, .T. ) ;
#4419 = CARTESIAN_POINT ( 'NONE',  ( 4.762666152484393400, -3.518849423010899091, -0.3081138949722120879 ) ) ;
#4420 = CARTESIAN_POINT ( 'NONE',  ( 2.397490447318523454, -2.657176315916408793, 4.068492236293441700 ) ) ;
#4421 = AXIS2_PLACEMENT_3D ( 'NONE', #1767, #3881, #3058 ) ;
#4422 = FACE_OUTER_BOUND ( 'NONE', #4718, .T. ) ;
#4423 = CARTESIAN_POINT ( 'NONE',  ( 4.695683869941389865, -2.322899255766178506, -0.8753656703419083751 ) ) ;
#4424 = CARTESIAN_POINT ( 'NONE',  ( 3.811028889841740597, -1.645304509500276513, 0.000000000000000000 ) ) ;
#4425 = CARTESIAN_POINT ( 'NONE',  ( 3.546257881238110699, -4.919491550696716509, 3.112840185580625807 ) ) ;
#4426 = CARTESIAN_POINT ( 'NONE',  ( 3.455572678226489295E-16, 7.245200206706154056, 2.393378451047915689 ) ) ;
#4427 = CARTESIAN_POINT ( 'NONE',  ( -4.519043008430369213, -4.198415392569474491, 1.534875534507691208 ) ) ;
#4428 = FACE_OUTER_BOUND ( 'NONE', #3932, .T. ) ;
#4429 = PERSON_AND_ORGANIZATION_ROLE ( 'creator' ) ;
#4430 = CARTESIAN_POINT ( 'NONE',  ( -3.533735123671214673, -7.397552784773131052, -1.679447810355446213 ) ) ;
#4431 = EDGE_CURVE ( 'NONE', #1594, #1020, #4066, .T. ) ;
#4432 = CARTESIAN_POINT ( 'NONE',  ( -0.002507410479072721445, -2.676845239964532386, 4.762499339936196563 ) ) ;
#4433 = CARTESIAN_POINT ( 'NONE',  ( 4.701158070476480155, -2.216408110607232640, -0.4098235976817476423 ) ) ;
#4434 = CARTESIAN_POINT ( 'NONE',  ( 1.216347700855610725, -4.722557583550794469, -4.559316172729842798 ) ) ;
#4435 = CARTESIAN_POINT ( 'NONE',  ( -1.537415031582152869, -2.742662138420556506, 4.518317700530264602 ) ) ;
#4436 = DIRECTION ( 'NONE',  ( 0.000000000000000000, 1.000000000000000000, 0.000000000000000000 ) ) ;
#4437 = CARTESIAN_POINT ( 'NONE',  ( -1.514354838971105455, -5.660041793821065426, -4.469009559145342259 ) ) ;
#4438 = ORIENTED_EDGE ( 'NONE', *, *, #2858, .T. ) ;
#4439 = CARTESIAN_POINT ( 'NONE',  ( -2.770471766894173626, -7.377901296175526369, 2.770471766894172738 ) ) ;
#4440 = CARTESIAN_POINT ( 'NONE',  ( 3.918038746913496961, -3.012276296175530721, -1.622904786874857175 ) ) ;
#4441 = CARTESIAN_POINT ( 'NONE',  ( -0.3102234587508069796, -4.657908502002798379, -4.708454452350915531 ) ) ;
#4442 = CARTESIAN_POINT ( 'NONE',  ( 4.466765025012281676, -4.839187252229866232, 1.520958570929260789 ) ) ;
#4443 = DIRECTION ( 'NONE',  ( 0.000000000000000000, 0.000000000000000000, -1.000000000000000000 ) ) ;
#4444 = CARTESIAN_POINT ( 'NONE',  ( 4.469750062431619320, -3.437629267889601437, -1.512512188132980606 ) ) ;
#4445 = CARTESIAN_POINT ( 'NONE',  ( 4.053228426934119888, -2.080717846556407125, -2.210818954542626891 ) ) ;
#4446 = ADVANCED_FACE ( 'NONE', ( #751 ), #5008, .T. ) ;
#4447 = CARTESIAN_POINT ( 'NONE',  ( -7.197320415514379411E-16, -5.717098703824469830, 3.918038746913496961 ) ) ;
#4448 = CARTESIAN_POINT ( 'NONE',  ( 2.163401789305211320, -2.137184004986357522, -4.258272328535062101 ) ) ;
#4449 = CARTESIAN_POINT ( 'NONE',  ( -2.694804371304935664, -6.052195490499723718, 2.694804371304934332 ) ) ;
#4450 = ADVANCED_FACE ( 'NONE', ( #5412 ), #3690, .T. ) ;
#4451 = CARTESIAN_POINT ( 'NONE',  ( 1.241505868509870769, -3.982899363131471748, 4.583253211788935744 ) ) ;
#4452 = CARTESIAN_POINT ( 'NONE',  ( 5.500000000000000000, -2.000000000000000000, 1.734723475976807094E-15 ) ) ;
#4453 = FACE_OUTER_BOUND ( 'NONE', #3961, .T. ) ;
#4454 = CARTESIAN_POINT ( 'NONE',  ( -2.089483824799541090, -3.307449818766551974, -4.230929003225820217 ) ) ;
#4455 = FACE_OUTER_BOUND ( 'NONE', #688, .T. ) ;
#4456 = CARTESIAN_POINT ( 'NONE',  ( -4.731437329318564977, -3.019943642801805161, -0.6260131409850632211 ) ) ;
#4457 = CARTESIAN_POINT ( 'NONE',  ( 4.715661867075846558, -2.291576030468703618, -0.7370653461384316651 ) ) ;
#4458 = CARTESIAN_POINT ( 'NONE',  ( 0.002507410479071959901, -6.449404760035468698, 4.762499339936194787 ) ) ;
#4459 = CARTESIAN_POINT ( 'NONE',  ( -2.794764009882395595, -6.772066519365309567, -3.580094603119540864 ) ) ;
#4460 = CARTESIAN_POINT ( 'NONE',  ( -0.3046577431860961194, -5.713313138679811942, -4.708827766118846014 ) ) ;
#4461 = ORIENTED_EDGE ( 'NONE', *, *, #2173, .T. ) ;
#4462 = VECTOR ( 'NONE', #3733, 1000.000000000000000 ) ;
#4463 = CARTESIAN_POINT ( 'NONE',  ( -2.770471766894173626, -6.107901296175529460, 2.770471766894172738 ) ) ;
#4464 = B_SPLINE_CURVE_WITH_KNOTS ( 'NONE', 3,
 ( #3086, #5169, #2231, #504, #909, #3526, #3112, #1824, #4373, #152, #2618, #2202, #2589, #2175, #5199, #4263, #2645, #1410, #4785, #3851, #563, #3497, #2998, #2696, #96, #3057, #3880, #3028, #1766, #3936, #4319, #4758, #2671, #3443 ),
 .UNSPECIFIED., .F., .F.,
 ( 4, 2, 2, 2, 2, 2, 2, 2, 2, 2, 2, 2, 2, 2, 2, 2, 4 ),
 ( 2.496351239650020050E-06, 0.0009421928265611511288, 0.001881889301882652210, 0.002821585777204153184, 0.003761282252525655241, 0.004700978727847158166, 0.005640675203168661958, 0.006580371678490167485, 0.007520068153811673879, 0.008459764629133179406, 0.009399461104454685800, 0.01033915757977619219, 0.01127885405509769859, 0.01221855053041920325, 0.01315824700574070964, 0.01409794348106221604, 0.01503763995638372070 ),
 .UNSPECIFIED. ) ;
#4465 = CARTESIAN_POINT ( 'NONE',  ( 3.918038746913496961, -3.091651296175530028, 0.000000000000000000 ) ) ;
#4466 = DIRECTION ( 'NONE',  ( -0.000000000000000000, 1.000000000000000000, 1.111353676405166014E-16 ) ) ;
#4467 = CARTESIAN_POINT ( 'NONE',  ( 4.708882778671203084, -4.760858692244958057, -0.3035155240964130807 ) ) ;
#4468 = DIRECTION ( 'NONE',  ( -0.000000000000000000, 1.000000000000000000, -0.000000000000000000 ) ) ;
#4469 = CARTESIAN_POINT ( 'NONE',  ( 4.519596871533852145, -3.526262727107369876, -1.533598727083723690 ) ) ;
#4470 = CARTESIAN_POINT ( 'NONE',  ( 1.416738852901672452, -2.704441477070910427, 4.504571942388738925 ) ) ;
#4471 = AXIS2_PLACEMENT_3D ( 'NONE', #2543, #4218, #2893 ) ;
#4472 = CARTESIAN_POINT ( 'NONE',  ( 4.706303600604257120, -2.245264228281540042, 0.2951466470155728605 ) ) ;
#4473 = CARTESIAN_POINT ( 'NONE',  ( 4.454196076263409410, -2.379883312358606950, -1.569306243166101789 ) ) ;
#4474 = CARTESIAN_POINT ( 'NONE',  ( 1.578579852768129177, -2.797820490499723700, -3.811028889841741041 ) ) ;
#4475 = CARTESIAN_POINT ( 'NONE',  ( 0.3102234717385629059, -4.468341498539272649, -4.708454451547757991 ) ) ;
#4476 = CARTESIAN_POINT ( 'NONE',  ( 3.918038746913496961, -5.320223703824469297, -1.622904786874857175 ) ) ;
#4477 = CARTESIAN_POINT ( 'NONE',  ( -4.281209774941415525, -4.357132092736716089, -2.109481073371035187 ) ) ;
#4478 = CARTESIAN_POINT ( 'NONE',  ( 1.216639715676042455, -3.452570719503613272, -4.559241913678805602 ) ) ;
#4479 = EDGE_CURVE ( 'NONE', #2900, #4357, #5374, .T. ) ;
#4480 = CARTESIAN_POINT ( 'NONE',  ( 3.294887079341778602, -6.393120951363507665, 3.454300071498735747 ) ) ;
#4481 = CARTESIAN_POINT ( 'NONE',  ( 2.694804371304934776, -7.836554509500277987, -2.694804371304934332 ) ) ;
#4482 = DIRECTION ( 'NONE',  ( 0.000000000000000000, 0.000000000000000000, 1.000000000000000000 ) ) ;
#4483 = CARTESIAN_POINT ( 'NONE',  ( 3.821296370350276916, -2.392004822691718324, 2.859773961720922575 ) ) ;
#4484 = CARTESIAN_POINT ( 'NONE',  ( 0.3105856822561706698, -6.474243322745222962, 4.762500000001030465 ) ) ;
#4485 = CARTESIAN_POINT ( 'NONE',  ( 3.163939943705016411, -6.089652442314722691, -3.501302398935705718 ) ) ;
#4486 = CARTESIAN_POINT ( 'NONE',  ( -4.709046551946038051, -5.395826393637932483, 0.3042413404288208389 ) ) ;
#4487 = ORIENTED_EDGE ( 'NONE', *, *, #4049, .F. ) ;
#4488 = CARTESIAN_POINT ( 'NONE',  ( 0.000000000000000000, 6.750000000000004441, 0.000000000000000000 ) ) ;
#4489 = CARTESIAN_POINT ( 'NONE',  ( -3.367596045400933491, -6.547500000000001208, 3.367596045400932603 ) ) ;
#4490 = CARTESIAN_POINT ( 'NONE',  ( 5.500000000000000000, -2.000000000000000000, -3.175426480542942631 ) ) ;
#4491 = CARTESIAN_POINT ( 'NONE',  ( 3.145437938197249039, -4.690609810811166902, -3.589759743746502529 ) ) ;
#4492 = CARTESIAN_POINT ( 'NONE',  ( -0.9937924997950106087, -2.000000000000000000, -4.657658501581154908 ) ) ;
#4493 = CARTESIAN_POINT ( 'NONE',  ( 4.134082064446800153, -3.698460748987116187, 2.385121487937248652 ) ) ;
#4494 = DIRECTION ( 'NONE',  ( 0.000000000000000000, 1.111353676405166014E-16, -1.000000000000000000 ) ) ;
#4495 = LOCAL_TIME ( 17, 20, 7.000000000000000000, #1446 ) ;
#4496 = CARTESIAN_POINT ( 'NONE',  ( -3.031538811797012567, -6.502596776935963163, 3.610665583155972413 ) ) ;
#4497 = CARTESIAN_POINT ( 'NONE',  ( 4.024859788229460555, -2.344720467213521342, 2.456735722820446277 ) ) ;
#4498 = CARTESIAN_POINT ( 'NONE',  ( 4.599082794210445968, -2.413816543344427856, 1.288879960569411898 ) ) ;
#4499 = VECTOR ( 'NONE', #3240, 1000.000000000000000 ) ;
#4500 = CARTESIAN_POINT ( 'NONE',  ( -7.000746497104166611E-16, -2.083445490499723718, 3.811028889841740597 ) ) ;
#4501 = CARTESIAN_POINT ( 'NONE',  ( -4.465969013508627405, -4.204307737680357704, -1.523589443592936687 ) ) ;
#4502 = CARTESIAN_POINT ( 'NONE',  ( -7.197320415514379411E-16, -1.907098703824469554, 3.918038746913496961 ) ) ;
#4503 = CARTESIAN_POINT ( 'NONE',  ( 0.000000000000000000, 7.000000000000000000, 2.559369445152664025E-15 ) ) ;
#4504 = CARTESIAN_POINT ( 'NONE',  ( 4.708231375088103299, -3.705151050243542521, -0.3164575216208988517 ) ) ;
#4505 = CARTESIAN_POINT ( 'NONE',  ( 3.293060403189550289, -6.332465855340884353, 3.456045954076514715 ) ) ;
#4506 = CARTESIAN_POINT ( 'NONE',  ( -3.811028889841741041, -7.439679509500277454, -1.578579852768129621 ) ) ;
#4507 = CARTESIAN_POINT ( 'NONE',  ( -3.148182891250640214, -2.883763789660464649, 3.587051902167003536 ) ) ;
#4508 = EDGE_CURVE ( 'NONE', #2129, #1313, #4792, .T. ) ;
#4509 = CARTESIAN_POINT ( 'NONE',  ( 2.773896471198686431, -2.422640371548836047, 3.808008333238376064 ) ) ;
#4510 = CARTESIAN_POINT ( 'NONE',  ( 4.731185554380949121, -6.195001056645147663, 0.6273359913892161410 ) ) ;
#4511 = CARTESIAN_POINT ( 'NONE',  ( 0.000000000000000000, 0.4738549290423901272, 1.734723475976807094E-15 ) ) ;
#4512 = CARTESIAN_POINT ( 'NONE',  ( -3.590093179017842306, -5.290174664935217486, 3.144748962745647525 ) ) ;
#4513 = ORIENTED_EDGE ( 'NONE', *, *, #4982, .T. ) ;
#4514 = CARTESIAN_POINT ( 'NONE',  ( -1.622904786874856731, -7.298526296175529282, 3.918038746913489856 ) ) ;
#4515 = ADVANCED_FACE ( 'NONE', ( #596, #4328 ), #3583, .T. ) ;
#4516 = CARTESIAN_POINT ( 'NONE',  ( -3.061062119678564120, -1.331411774145430327, -2.781480488991515454 ) ) ;
#4517 = DIRECTION ( 'NONE',  ( 0.000000000000000000, 0.000000000000000000, 1.000000000000000000 ) ) ;
#4518 = CARTESIAN_POINT ( 'NONE',  ( -2.904418158306383280, -4.350633001938032152, -3.787384325986503875 ) ) ;
#4519 = CARTESIAN_POINT ( 'NONE',  ( -1.766633136851616381, -2.004136624352280016, -4.415850799360783618 ) ) ;
#4520 = CARTESIAN_POINT ( 'NONE',  ( -3.741648337795032919, -3.001522234526958322, -2.875113644990410666 ) ) ;
#4521 = CARTESIAN_POINT ( 'NONE',  ( 3.589261637370760649, -6.278133469170565029, 3.145657352168525378 ) ) ;
#4522 = B_SPLINE_CURVE_WITH_KNOTS ( 'NONE', 3,
 ( #3375, #5100, #2216, #5044, #3403, #3484, #518, #2658, #2546, #2575, #1308, #1781, #3811, #54, #5072, #1341, #3459, #1368, #5130, #2984, #4249, #3043, #3013, #627, #1424, #3099, #1913, #2345, #4822, #2296, #4797, #4409, #5186, #4458 ),
 .UNSPECIFIED., .F., .F.,
 ( 4, 2, 2, 2, 2, 2, 2, 2, 2, 2, 2, 2, 2, 2, 2, 2, 4 ),
 ( 0.01503763999192041581, 0.01597738628271163155, 0.01691713257350284730, 0.01785687886429406304, 0.01879662515508528225, 0.01973637144587649800, 0.02067611773666771374, 0.02161586402745892949, 0.02255561031825014523, 0.02349535660904136444, 0.02443510289983258019, 0.02537484919062379940, 0.02631459548141501514, 0.02725434177220623089, 0.02819408806299744663, 0.02913383435378866584, 0.03007358064457988159 ),
 .UNSPECIFIED. ) ;
#4523 = VERTEX_POINT ( 'NONE', #3144 ) ;
#4524 = CARTESIAN_POINT ( 'NONE',  ( -3.574966718192695847, -6.620251648295757185, 3.155451168272557005 ) ) ;
#4525 = CARTESIAN_POINT ( 'NONE',  ( 3.918038746913496961, -4.050223703824469723, -1.622904786874857619 ) ) ;
#4526 = DIRECTION ( 'NONE',  ( 0.000000000000000000, 0.4694715627858890294, -0.8829475928589277656 ) ) ;
#4527 = EDGE_LOOP ( 'NONE', ( #5325, #3488, #808, #5096 ) ) ;
#4528 = ADVANCED_FACE ( 'NONE', ( #1830 ), #4815, .T. ) ;
#4529 = CARTESIAN_POINT ( 'NONE',  ( -3.811028889841741041, -2.321570490499723860, 1.578579852768128067 ) ) ;
#4530 = CARTESIAN_POINT ( 'NONE',  ( 5.499999999999998224, -1.952423112979008835, 1.082391170803074454 ) ) ;
#4531 = CARTESIAN_POINT ( 'NONE',  ( 4.708401741532675544, -6.055863389022433374, 0.3107395557585428403 ) ) ;
#4532 = CARTESIAN_POINT ( 'NONE',  ( 4.133078544408681054, -4.792710177976310604, -2.386671301915243681 ) ) ;
#4533 = CARTESIAN_POINT ( 'NONE',  ( -0.6225987937708855613, -3.846052956316238447, 4.708477415393782728 ) ) ;
#4534 = CARTESIAN_POINT ( 'NONE',  ( 4.559868461856965816, -3.769938175201485553, 1.213642505551046469 ) ) ;
#4535 = CARTESIAN_POINT ( 'NONE',  ( -1.578579852768128955, -7.598429509500276957, -3.811028889841741041 ) ) ;
#4536 = CARTESIAN_POINT ( 'NONE',  ( -4.519581898659505548, -3.059989290797483719, -1.533642678461133002 ) ) ;
#4537 = CARTESIAN_POINT ( 'NONE',  ( 3.583101052197607661, -2.377165540552487411, 3.070952223997356345 ) ) ;
#4538 = CARTESIAN_POINT ( 'NONE',  ( 0.3145972935252120406, -5.864406800182285551, -4.762500000000000178 ) ) ;
#4539 = CARTESIAN_POINT ( 'NONE',  ( 0.9447915924964293000, -6.535518833567762087, 4.615567233671755254 ) ) ;
#4540 = CARTESIAN_POINT ( 'NONE',  ( -0.6225330639260453491, -5.116050134276669326, 4.708486145469336748 ) ) ;
#4541 = ORIENTED_EDGE ( 'NONE', *, *, #1499, .T. ) ;
#4542 = CARTESIAN_POINT ( 'NONE',  ( 3.918038746913491632, -4.361651296175526937, 0.000000000000000000 ) ) ;
#4543 = CARTESIAN_POINT ( 'NONE',  ( -3.918038746913497850, -2.377276296175530490, 1.622904786874856287 ) ) ;
#4544 = CARTESIAN_POINT ( 'NONE',  ( 3.550263518175414301, -5.134062817948496615, 3.108298260882592867 ) ) ;
#4545 = CARTESIAN_POINT ( 'NONE',  ( 0.6224514972485322151, -4.481570390135349413, -4.677438895295399135 ) ) ;
#4546 = CARTESIAN_POINT ( 'NONE',  ( 5.500000000000000000, -1.508759813876276334, -3.175426480542943075 ) ) ;
#4547 = CARTESIAN_POINT ( 'NONE',  ( 1.235779041680823420, -3.326784832647762702, -4.609879521931234514 ) ) ;
#4548 = ADVANCED_FACE ( 'NONE', ( #1418 ), #902, .T. ) ;
#4549 = CARTESIAN_POINT ( 'NONE',  ( 0.3098240400119295357, -6.348105512406242212, 4.708723479108689602 ) ) ;
#4550 = ORIENTED_EDGE ( 'NONE', *, *, #860, .F. ) ;
#4551 = CARTESIAN_POINT ( 'NONE',  ( -2.485366006733411126, -6.561070990176257389, 4.069433145022686382 ) ) ;
#4552 = CARTESIAN_POINT ( 'NONE',  ( -1.622904786874859173, -3.256473703824469546, 3.918038746913496073 ) ) ;
#4553 = CARTESIAN_POINT ( 'NONE',  ( 3.264146191245071105, -2.610844824635415229, 3.412458482216967681 ) ) ;
#4554 = CIRCLE ( 'NONE', #2884, 4.762500000000000178 ) ;
#4555 = CARTESIAN_POINT ( 'NONE',  ( -2.977458113991473088, -1.275705966855506635, -2.705512397746633546 ) ) ;
#4556 = AXIS2_PLACEMENT_3D ( 'NONE', #2269, #515, #5151 ) ;
#4557 = CARTESIAN_POINT ( 'NONE',  ( 5.500000000000000000, -1.508759813876277445, 3.175426480542941743 ) ) ;
#4558 = CARTESIAN_POINT ( 'NONE',  ( -0.6176405744949957644, -6.601359527458798837, 4.667956214489424660 ) ) ;
#4559 = CARTESIAN_POINT ( 'NONE',  ( 4.762669651701957108, -4.911775156384257990, 0.3112564821616499722 ) ) ;
#4560 = CARTESIAN_POINT ( 'NONE',  ( -3.589745869843866899, -2.810913356400631002, 3.145134991978678851 ) ) ;
#4561 = CARTESIAN_POINT ( 'NONE',  ( -0.3101910537993606276, -3.387909857299801875, -4.708456623004663832 ) ) ;
#4562 = CARTESIAN_POINT ( 'NONE',  ( -7.197320415514379411E-16, -3.177098703824469794, 3.918038746913496961 ) ) ;
#4563 = CARTESIAN_POINT ( 'NONE',  ( -4.469735296195063157, -3.148622749929554931, -1.512555652487869384 ) ) ;
#4564 = CARTESIAN_POINT ( 'NONE',  ( 1.972692090801866360, -6.468124999999999680, 4.762499999999999289 ) ) ;
#4565 = CARTESIAN_POINT ( 'NONE',  ( 4.762265387432585761, -6.182041846869344326, 0.3180495071383526162 ) ) ;
#4566 = DIRECTION ( 'NONE',  ( 0.000000000000000000, 1.000000000000000000, 0.000000000000000000 ) ) ;
#4567 = CARTESIAN_POINT ( 'NONE',  ( -4.089657137373668760, -5.301983380591751782, 2.353818544566919080 ) ) ;
#4568 = ORIENTED_EDGE ( 'NONE', *, *, #1564, .T. ) ;
#4569 = CARTESIAN_POINT ( 'NONE',  ( 1.268784755823431168E-16, -5.851744328227585612, -4.762500000000000178 ) ) ;
#4570 = CARTESIAN_POINT ( 'NONE',  ( -4.762500000000000178, -5.515625000000000000, -1.972692090801865916 ) ) ;
#4571 = CARTESIAN_POINT ( 'NONE',  ( -2.750000000000000444, 0.4738549290423901272, -4.763139720814411504 ) ) ;
#4572 = CARTESIAN_POINT ( 'NONE',  ( 4.133044710351047257, -4.694730751737040464, -2.386565967517680686 ) ) ;
#4573 = CARTESIAN_POINT ( 'NONE',  ( -5.500000000000000000, -2.000000000000000000, -3.175426480542940855 ) ) ;
#4574 = CARTESIAN_POINT ( 'NONE',  ( -4.084379568407318750, -2.974904502347766933, -2.363056682364715222 ) ) ;
#4575 = CARTESIAN_POINT ( 'NONE',  ( -1.812961561257185883, 0.4738549290423927918, -5.304139115663601522 ) ) ;
#4576 = EDGE_LOOP ( 'NONE', ( #4541, #5104, #3417 ) ) ;
#4577 = CARTESIAN_POINT ( 'NONE',  ( 2.330279572103236774, -6.045556893234709683, -4.104594076616916887 ) ) ;
#4578 = CARTESIAN_POINT ( 'NONE',  ( -3.576662259044503855, -6.559597378422340697, 3.153532914114925312 ) ) ;
#4579 = ADVANCED_FACE ( 'NONE', ( #4353 ), #4764, .T. ) ;
#4580 = ADVANCED_BREP_SHAPE_REPRESENTATION ( '1095K105_Zinc-Plated Steel Grease Fitting', ( #3050, #4775, #3367 ), #1438 ) ;
#4581 = CIRCLE ( 'NONE', #4238, 0.7499999999999963363 ) ;
#4582 = CARTESIAN_POINT ( 'NONE',  ( 1.622904786874857841, -4.367723703824469617, 3.918038746913496073 ) ) ;
#4583 = CARTESIAN_POINT ( 'NONE',  ( -5.499999999999999112, -1.658102458799792345, -2.658088383054489245 ) ) ;
#4584 = ORIENTED_EDGE ( 'NONE', *, *, #2066, .T. ) ;
#4585 = CARTESIAN_POINT ( 'NONE',  ( 1.622904786874857841, -7.139776296175530668, 3.918038746913496073 ) ) ;
#4586 = LOCAL_TIME ( 17, 20, 7.000000000000000000, #5252 ) ;
#4587 = CARTESIAN_POINT ( 'NONE',  ( -0.001230575016566556315, -3.820764113462334688, 4.708643241721738093 ) ) ;
#4588 = CARTESIAN_POINT ( 'NONE',  ( 0.000000000000000000, -2.000000000000000000, 1.734723475976807094E-15 ) ) ;
#4589 = CARTESIAN_POINT ( 'NONE',  ( 4.610194389773423218, -4.847023444063586872, -1.234461314775711749 ) ) ;
#4590 = FACE_OUTER_BOUND ( 'NONE', #4576, .T. ) ;
#4591 = CARTESIAN_POINT ( 'NONE',  ( 0.6202087956532651436, -4.009779564088560733, 4.677954160581364818 ) ) ;
#4592 = CARTESIAN_POINT ( 'NONE',  ( -3.918038746913497850, -3.415223703824469492, 1.622904786874856287 ) ) ;
#4593 = B_SPLINE_CURVE_WITH_KNOTS ( 'NONE', 3,
 ( #1741, #4645, #1241, #3392, #2091, #5061, #854, #1326, #3523, #5194 ),
 .UNSPECIFIED., .F., .F.,
 ( 4, 2, 2, 2, 4 ),
 ( 0.02406721449013796837, 0.02491431288916771611, 0.02576141128819746384, 0.02660850968722721505, 0.02745560808625696278 ),
 .UNSPECIFIED. ) ;
#4594 = CIRCLE ( 'NONE', #121, 5.499999999999999112 ) ;
#4595 = CARTESIAN_POINT ( 'NONE',  ( -3.112525452039121454, -3.254287675690481496, -3.546845662500286878 ) ) ;
#4596 = CARTESIAN_POINT ( 'NONE',  ( -1.972692090801865028, -4.563124999999999432, -4.762500000000000178 ) ) ;
#4597 = CARTESIAN_POINT ( 'NONE',  ( 5.951011859767828868E-16, -2.004505671772412789, -4.762500000000000178 ) ) ;
#4598 = CARTESIAN_POINT ( 'NONE',  ( 1.548947941091498359, -6.007806048219765493, -4.457739602441652238 ) ) ;
#4599 = DIRECTION ( 'NONE',  ( 0.000000000000000000, 0.000000000000000000, 1.000000000000000000 ) ) ;
#4600 = ORIENTED_EDGE ( 'NONE', *, *, #1065, .F. ) ;
#4601 = CARTESIAN_POINT ( 'NONE',  ( 2.770471766894172294, -4.520401296175528216, 2.770471766894173626 ) ) ;
#4602 = CARTESIAN_POINT ( 'NONE',  ( 1.972692090801866360, -3.769375000000000142, 4.762499999999999289 ) ) ;
#4603 = CYLINDRICAL_SURFACE ( 'NONE', #2449, 4.762500000000000178 ) ;
#4604 = CARTESIAN_POINT ( 'NONE',  ( 3.150184618870758069, -5.070382162415342009, 3.585315410339660058 ) ) ;
#4605 = CARTESIAN_POINT ( 'NONE',  ( 2.874287232337744857, -3.318979866148815017, -3.742166497775307299 ) ) ;
#4606 = CARTESIAN_POINT ( 'NONE',  ( -1.420460040536392743, -6.547499999999991438, 4.545734211680150239 ) ) ;
#4607 = EDGE_LOOP ( 'NONE', ( #4929, #5334, #2541, #4660 ) ) ;
#4608 = CARTESIAN_POINT ( 'NONE',  ( 4.568355897437242241, -6.110232006323321308, -1.385899886219739141 ) ) ;
#4609 = CARTESIAN_POINT ( 'NONE',  ( -4.017221602425235183, -6.649926866559993321, 2.601297424970926642 ) ) ;
#4610 = DIRECTION ( 'NONE',  ( 0.000000000000000000, 0.000000000000000000, 1.000000000000000000 ) ) ;
#4611 = CARTESIAN_POINT ( 'NONE',  ( 3.298782545084951501, -2.522202823026734375, 3.454078862597286914 ) ) ;
#4612 = CARTESIAN_POINT ( 'NONE',  ( 1.152557380867332837, -6.438047439938174854, 4.623860764440610005 ) ) ;
#4613 = PRODUCT_DEFINITION ( 'UNKNOWN', '', #2224, #276 ) ;
#4614 = CARTESIAN_POINT ( 'NONE',  ( 2.770471766894177179, -2.932901296175530081, -2.770471766894176735 ) ) ;
#4615 = CARTESIAN_POINT ( 'NONE',  ( -4.709050525957815481, -4.125833025490138972, 0.3040767367718765213 ) ) ;
#4616 = CARTESIAN_POINT ( 'NONE',  ( 3.546263789602118965, -6.189491197897779351, 3.112833519303362717 ) ) ;
#4617 = CARTESIAN_POINT ( 'NONE',  ( 4.677431809658464168, -4.962188540610674714, -0.6222290916115281734 ) ) ;
#4618 = CARTESIAN_POINT ( 'NONE',  ( -4.132405359298290115, -3.063597794801057539, -2.387833407302727640 ) ) ;
#4619 = CARTESIAN_POINT ( 'NONE',  ( 0.001164548443838746847, -4.035488573721849548, 4.708643258879270377 ) ) ;
#4620 = EDGE_CURVE ( 'NONE', #3927, #2521, #722, .T. ) ;
#4621 = CARTESIAN_POINT ( 'NONE',  ( 1.578579852768130065, -1.883429509500277099, 3.811028889841740597 ) ) ;
#4622 = CARTESIAN_POINT ( 'NONE',  ( -1.235744384573755239, -3.259466715892903821, -4.609888754391680443 ) ) ;
#4623 = CARTESIAN_POINT ( 'NONE',  ( -8.748570571408905162E-16, -4.007499999999998508, 4.762500000000000178 ) ) ;
#4624 = CARTESIAN_POINT ( 'NONE',  ( 4.678406611681099392, -3.528804437960689988, 0.6163171344634347237 ) ) ;
#4625 = CARTESIAN_POINT ( 'NONE',  ( -5.499999999999999112, 0.4738549290423901272, 1.734723475976807094E-15 ) ) ;
#4626 = VERTEX_POINT ( 'NONE', #1496 ) ;
#4627 = CARTESIAN_POINT ( 'NONE',  ( 2.399106805171456188E-16, -5.314151296175527506, -3.918038746913491632 ) ) ;
#4628 = CARTESIAN_POINT ( 'NONE',  ( 2.916190190469635054E-16, -4.483750000000000568, -4.762500000000000178 ) ) ;
#4629 = CARTESIAN_POINT ( 'NONE',  ( -4.280748959082128380, -4.232064651772539321, 2.110165469131494831 ) ) ;
#4630 = CARTESIAN_POINT ( 'NONE',  ( 1.534500030294230211, -4.647530641642908300, -4.519170790662858650 ) ) ;
#4631 = CARTESIAN_POINT ( 'NONE',  ( -3.785211293228824214, -3.029506816252071744, -2.907008567582259229 ) ) ;
#4632 = CARTESIAN_POINT ( 'NONE',  ( 2.905070769588235624, -6.316357947982491616, 3.786663965125381281 ) ) ;
#4633 = ORIENTED_EDGE ( 'NONE', *, *, #1877, .T. ) ;
#4634 = CARTESIAN_POINT ( 'NONE',  ( 3.786092290153826756, -6.127797176085333142, -2.818105800048366749 ) ) ;
#4635 = CARTESIAN_POINT ( 'NONE',  ( -4.762220678151361852, -5.509809802960594638, -0.3180013143221985250 ) ) ;
#4636 = CARTESIAN_POINT ( 'NONE',  ( -3.918038746913497405, -4.685223703824469510, 1.622904786874856065 ) ) ;
#4637 = CARTESIAN_POINT ( 'NONE',  ( 0.7274735858403978961, -2.646766044150484110, 4.720576055100710988 ) ) ;
#4638 = CARTESIAN_POINT ( 'NONE',  ( 1.143311247157899446, -6.526682273605053375, 4.570621977220088006 ) ) ;
#4639 = CARTESIAN_POINT ( 'NONE',  ( 2.770471766894177179, -4.202901296175530099, -2.770471766894176735 ) ) ;
#4640 = DIRECTION ( 'NONE',  ( 1.000000000000000000, -4.802718242948642635E-32, 1.224646799147353207E-16 ) ) ;
#4641 = AXIS2_PLACEMENT_3D ( 'NONE', #1121, #2692, #4008 ) ;
#4642 = CARTESIAN_POINT ( 'NONE',  ( -0.7676533729678812756, -6.481184341084959222, 4.715578507057798241 ) ) ;
#4643 = CARTESIAN_POINT ( 'NONE',  ( 4.609501447694708709, -4.907674982441823097, -1.237057993002109058 ) ) ;
#4644 = CARTESIAN_POINT ( 'NONE',  ( 1.533376350745343508, -4.610263159517969278, -4.519710629200425878 ) ) ;
#4645 = CARTESIAN_POINT ( 'NONE',  ( -0.2844049370858116044, -7.287202938662655782, 4.022797061338245328 ) ) ;
#4646 = VECTOR ( 'NONE', #3624, 1000.000000000000000 ) ;
#4647 = CARTESIAN_POINT ( 'NONE',  ( 3.811028889841740597, -4.185304509500276993, 0.000000000000000000 ) ) ;
#4648 = CARTESIAN_POINT ( 'NONE',  ( 1.216382761366370024, -3.452559166999537243, -4.559306886164582906 ) ) ;
#4649 = CARTESIAN_POINT ( 'NONE',  ( 3.367596045400931715, -3.848749999999999449, 3.367596045400933491 ) ) ;
#4650 = EDGE_CURVE ( 'NONE', #3756, #589, #3022, .T. ) ;
#4651 = CARTESIAN_POINT ( 'NONE',  ( -4.084512135459744897, -2.974893206707335924, -2.362834054088709834 ) ) ;
#4652 = CARTESIAN_POINT ( 'NONE',  ( 1.372307560370853663, -7.232956680867073551, 3.849301256551697303 ) ) ;
#4653 = ORIENTED_EDGE ( 'NONE', *, *, #855, .T. ) ;
#4654 = CARTESIAN_POINT ( 'NONE',  ( 3.918038746913491632, -3.091651296175527808, 0.000000000000000000 ) ) ;
#4655 = CARTESIAN_POINT ( 'NONE',  ( 3.367596045400933047, -5.912500000000001421, -3.367596045400932603 ) ) ;
#4656 = CARTESIAN_POINT ( 'NONE',  ( -4.708882778177679640, -4.365391308096043588, -0.3035155326868503312 ) ) ;
#4657 = CARTESIAN_POINT ( 'NONE',  ( 0.000000000000000000, 0.4738549290423901272, 1.734723475976807094E-15 ) ) ;
#4658 = CARTESIAN_POINT ( 'NONE',  ( -2.113864635322244556, -2.671864543177628004, 4.278927840194402421 ) ) ;
#4659 = CARTESIAN_POINT ( 'NONE',  ( 4.519581899094233357, -6.066260709273551655, -1.533642676878894218 ) ) ;
#4660 = ORIENTED_EDGE ( 'NONE', *, *, #100, .F. ) ;
#4661 = B_SPLINE_CURVE_WITH_KNOTS ( 'NONE', 3,
 ( #833, #2834, #1551, #2425 ),
 .UNSPECIFIED., .F., .F.,
 ( 4, 4 ),
 ( 2.380734335076465118E-07, 0.003213249942171111581 ),
 .UNSPECIFIED. ) ;
#4662 = CARTESIAN_POINT ( 'NONE',  ( 3.124342616262115957, -6.087356944380035273, -3.537626455337618658 ) ) ;
#4663 = CARTESIAN_POINT ( 'NONE',  ( -1.743881730332211832, -2.456061090366143951, -3.493731879720843647 ) ) ;
#4664 = CARTESIAN_POINT ( 'NONE',  ( -1.735450164686332286, -2.449008012938763468, -3.512725487168854688 ) ) ;
#4665 = CARTESIAN_POINT ( 'NONE',  ( -2.282185778941306253, 0.4622438190342521569, 5.033232387273385733 ) ) ;
#4666 = CARTESIAN_POINT ( 'NONE',  ( 4.764495737569728995, -6.165656112659983812, -0.08997371114270502623 ) ) ;
#4667 = CARTESIAN_POINT ( 'NONE',  ( -1.622904786874856953, -2.694776296175530383, -3.918038746913496961 ) ) ;
#4668 = CARTESIAN_POINT ( 'NONE',  ( 2.397405108195374216E-16, 7.000000000000000888, -1.957629832425592298 ) ) ;
#4669 =( BOUNDED_SURFACE ( )  B_SPLINE_SURFACE ( 3, 2, ( 
 ( #3981, #4031, #3597 ),
 ( #1973, #1559, #3234 ),
 ( #299, #1509, #224 ),
 ( #198, #610, #1459 ),
 ( #272, #3185, #1947 ),
 ( #5241, #5290, #1920 ),
 ( #5267, #2302, #4856 ),
 ( #4057, #1896, #1534 ),
 ( #3573, #3210, #5219 ),
 ( #634, #2691, #1097 ),
 ( #4368, #3956, #2764 ),
 ( #1482, #3157, #4829 ),
 ( #3131, #1069, #2738 ),
 ( #4880, #4804, #4442 ),
 ( #1872, #682, #3546 ),
 ( #2715, #4416, #1120 ),
 ( #2329, #2352, #4393 ),
 ( #4007, #2787, #4467 ),
 ( #706, #2380, #3646 ),
 ( #4108, #4136, #5339 ),
 ( #1616, #104, #813 ),
 ( #1146, #5092, #2813 ),
 ( #2433, #4572, #2489 ),
 ( #4988, #2896, #2024 ),
 ( #4961, #1642, #4164 ),
 ( #4491, #352, #3669 ),
 ( #1333, #916, #1225 ),
 ( #5392, #3697, #5365 ),
 ( #1585, #3004, #2407 ),
 ( #484, #2595, #323 ),
 ( #380, #1745, #1199 ),
 ( #4679, #2155, #4545 ),
 ( #73, #3831, #3319 ),
 ( #3725, #4269, #3423 ),
 ( #510, #2181, #3290 ),
 ( #3856, #2052, #1772 ),
 ( #4906, #734, #4084 ),
 ( #1995, #2868, #786 ),
 ( #3262, #4933, #1172 ),
 ( #2840, #4518, #759 ),
 ( #2461, #2676, #1386 ),
 ( #4734, #4352, #5229 ),
 ( #2650, #3062, #595 ),
 ( #3034, #1360, #569 ),
 ( #1444, #5203, #5147 ),
 ( #2623, #131, #4326 ),
 ( #2238, #973, #3914 ),
 ( #4378, #4707, #944 ),
 ( #156, #1858, #3118 ),
 ( #1829, #621, #4295 ),
 ( #3502, #3090, #5176 ),
 ( #3967, #1002, #1417 ),
 ( #644, #3940, #2315 ),
 ( #1801, #4763, #1027 ),
 ( #209, #3992, #182 ),
 ( #2264, #3885, #3530 ),
 ( #4789, #2701, #2290 ),
 ( #5120, #3559, #541 ),
 ( #1884, #1468, #3143 ),
 ( #4814, #1052, #2726 ),
 ( #4402, #235, #3449 ),
 ( #2208, #3477, #1080 ),
 ( #3275, #1982, #4533 ),
 ( #2774, #2363, #2750 ) ),
 .UNSPECIFIED., .F., .F., .F. ) 
 B_SPLINE_SURFACE_WITH_KNOTS ( ( 4, 2, 2, 2, 2, 2, 2, 2, 2, 2, 2, 2, 2, 2, 2, 2, 2, 2, 2, 2, 2, 2, 2, 2, 2, 2, 2, 2, 2, 2, 2, 4 ),
 ( 3, 3 ),
 ( 6.505213034913026604E-19, 0.0009118210764414066407, 0.001823642152882812631, 0.002735463229324218513, 0.003647284305765624395, 0.004559105382207030710, 0.005470926458648436158, 0.006382747535089841606, 0.007294568611531247922, 0.008206389687972654237, 0.009118210764414059685, 0.01003003184085546687, 0.01094185291729687232, 0.01185367399373827776, 0.01276549507017968321, 0.01367731614662108866, 0.01458913722306249584, 0.01550095829950390303, 0.01641277937594530847, 0.01732460045238671392, 0.01823642152882811937, 0.01914824260526952482, 0.02006006368171093374, 0.02097188475815233918, 0.02188370583459374463, 0.02279552691103515008, 0.02370734798747655553, 0.02461916906391796098, 0.02553099014035936642, 0.02644281121680077187, 0.02735463229324217732, 0.02917827444612499169 ),
 ( 0.000000000000000000, 1.000000000000000000 ),
 .UNSPECIFIED. ) 
 GEOMETRIC_REPRESENTATION_ITEM ( )  RATIONAL_B_SPLINE_SURFACE ( (
 ( 1.000000000000000000, 0.8548157496099247910, 1.000000000000000000),
 ( 1.000000000000000000, 0.8548105634644638240, 1.000000000000000000),
 ( 1.000000000000000000, 0.8548064079327959419, 1.000000000000000000),
 ( 1.000000000000000000, 0.8548007889657116554, 1.000000000000000000),
 ( 1.000000000000000000, 0.8547993005168914582, 1.000000000000000000),
 ( 1.000000000000000000, 0.8547992973589590981, 1.000000000000000000),
 ( 1.000000000000000000, 0.8548007451930184075, 1.000000000000000000),
 ( 1.000000000000000000, 0.8548063511167576234, 1.000000000000000000),
 ( 1.000000000000000000, 0.8548119563160330170, 1.000000000000000000),
 ( 1.000000000000000000, 0.8548195572683801036, 1.000000000000000000),
 ( 1.000000000000000000, 0.8548064476949575052, 1.000000000000000000),
 ( 1.000000000000000000, 0.8548007708202185473, 1.000000000000000000),
 ( 1.000000000000000000, 0.8547993066614174573, 1.000000000000000000),
 ( 1.000000000000000000, 0.8547992912745350225, 1.000000000000000000),
 ( 1.000000000000000000, 0.8548007344667358787, 1.000000000000000000),
 ( 1.000000000000000000, 0.8548063895642745713, 1.000000000000000000),
 ( 1.000000000000000000, 0.8548105265868248814, 1.000000000000000000),
 ( 1.000000000000000000, 0.8548208882314503043, 1.000000000000000000),
 ( 1.000000000000000000, 0.8548064113964352062, 1.000000000000000000),
 ( 1.000000000000000000, 0.8548007750154712481, 1.000000000000000000),
 ( 1.000000000000000000, 0.8547993138610925357, 1.000000000000000000),
 ( 1.000000000000000000, 0.8547992842402172275, 1.000000000000000000),
 ( 1.000000000000000000, 0.8548007572145208677, 1.000000000000000000),
 ( 1.000000000000000000, 0.8548063516580517440, 1.000000000000000000),
 ( 1.000000000000000000, 0.8548104651826541334, 1.000000000000000000),
 ( 1.000000000000000000, 0.8548209483444105805, 1.000000000000000000),
 ( 1.000000000000000000, 0.8548064319256849508, 1.000000000000000000),
 ( 1.000000000000000000, 0.8548008023163105040, 1.000000000000000000),
 ( 1.000000000000000000, 0.8547993075128713647, 1.000000000000000000),
 ( 1.000000000000000000, 0.8547992904363438393, 1.000000000000000000),
 ( 1.000000000000000000, 0.8548007336309372262, 1.000000000000000000),
 ( 1.000000000000000000, 0.8548063236548076871, 1.000000000000000000),
 ( 1.000000000000000000, 0.8548105338030174138, 1.000000000000000000),
 ( 1.000000000000000000, 0.8548209087492730784, 1.000000000000000000),
 ( 1.000000000000000000, 0.8548064731941945604, 1.000000000000000000),
 ( 1.000000000000000000, 0.8548007887461838150, 1.000000000000000000),
 ( 1.000000000000000000, 0.8547993130506162940, 1.000000000000000000),
 ( 1.000000000000000000, 0.8547992850290749844, 1.000000000000000000),
 ( 1.000000000000000000, 0.8548007158334813838, 1.000000000000000000),
 ( 1.000000000000000000, 0.8548063635168419161, 1.000000000000000000),
 ( 1.000000000000000000, 0.8548104981791209145, 1.000000000000000000),
 ( 1.000000000000000000, 0.8548208467876947658, 1.000000000000000000),
 ( 1.000000000000000000, 0.8548064399990571438, 1.000000000000000000),
 ( 1.000000000000000000, 0.8548007866735800597, 1.000000000000000000),
 ( 1.000000000000000000, 0.8547993209327056086, 1.000000000000000000),
 ( 1.000000000000000000, 0.8547992774324750798, 1.000000000000000000),
 ( 1.000000000000000000, 0.8548007435200172255, 1.000000000000000000),
 ( 1.000000000000000000, 0.8548063278582623825, 1.000000000000000000),
 ( 1.000000000000000000, 0.8548104353576878589, 1.000000000000000000),
 ( 1.000000000000000000, 0.8548208939740565837, 1.000000000000000000),
 ( 1.000000000000000000, 0.8548064561113717374, 1.000000000000000000),
 ( 1.000000000000000000, 0.8548008155138677733, 1.000000000000000000),
 ( 1.000000000000000000, 0.8547993149177272043, 1.000000000000000000),
 ( 1.000000000000000000, 0.8547992832152285780, 1.000000000000000000),
 ( 1.000000000000000000, 0.8548007220519361349, 1.000000000000000000),
 ( 1.000000000000000000, 0.8548062966691539755, 1.000000000000000000),
 ( 1.000000000000000000, 0.8548104997166549035, 1.000000000000000000),
 ( 1.000000000000000000, 0.8548208711278230121, 1.000000000000000000),
 ( 1.000000000000000000, 0.8548064984647818498, 1.000000000000000000),
 ( 1.000000000000000000, 0.8548008063097800591, 1.000000000000000000),
 ( 1.000000000000000000, 0.8547993195018078749, 1.000000000000000000),
 ( 1.000000000000000000, 0.8547992584581207698, 1.000000000000000000),
 ( 1.000000000000000000, 0.8548051477190103942, 1.000000000000000000),
 ( 1.000000000000000000, 0.8548157484951728335, 1.000000000000000000) ) ) 
 REPRESENTATION_ITEM ( '' )  SURFACE ( )  );
#4670 = CARTESIAN_POINT ( 'NONE',  ( 1.225307074999664625, -5.778137518780573245, -4.556803257202997948 ) ) ;
#4671 = CARTESIAN_POINT ( 'NONE',  ( 0.6225987688771367212, -5.280197044742893198, 4.708477418200119224 ) ) ;
#4672 = CARTESIAN_POINT ( 'NONE',  ( -4.281595314886830650, -2.864150546541845976, 2.108829687958484911 ) ) ;
#4673 = CARTESIAN_POINT ( 'NONE',  ( -0.002454761440142701548, -2.676845239964531942, 4.662499353795801937 ) ) ;
#4674 = AXIS2_PLACEMENT_3D ( 'NONE', #491, #2188, #3431 ) ;
#4675 = CARTESIAN_POINT ( 'NONE',  ( 2.694804371304934776, -4.026554509500278378, -2.694804371304934332 ) ) ;
#4676 = B_SPLINE_CURVE_WITH_KNOTS ( 'NONE', 3,
 ( #1210, #3709, #1267, #770, #3358, #4234, #1709, #5404, #3389, #4616, #4149, #1653, #2967, #3824, #66, #3273, #4531, #2880, #3331, #5001, #1238, #827, #4175, #994, #614, #1852, #966, #1323, #2997, #3027, #4670, #3056, #5198, #5084, #5141, #4318, #4701, #2644, #3525, #4784, #937, #1436, #2670, #3111, #4757, #503, #3496, #1352, #1738, #562, #1823, #2284, #908, #5168, #1021, #2695, #2588, #1409, #2258, #4728, #2201, #3471, #3879, #4346, #95, #2230 ),
 .UNSPECIFIED., .F., .F.,
 ( 4, 2, 2, 2, 2, 2, 2, 2, 2, 2, 2, 2, 2, 2, 2, 2, 2, 2, 2, 2, 2, 2, 2, 2, 2, 2, 2, 2, 2, 2, 2, 2, 4 ),
 ( 0.000000000000000000, 0.0009208334108785018197, 0.001841666821757003639, 0.002762500232635504809, 0.003683333643514006411, 0.004604167054392507147, 0.005525000465271007882, 0.006445833876149508618, 0.007366667287028010221, 0.008287500697906510089, 0.009208334108785010824, 0.01012916751966351156, 0.01105000093054201230, 0.01197083434142051130, 0.01289166775229901203, 0.01381250116317751624, 0.01473333457405601697, 0.01565416798493451597, 0.01657500139581301671, 0.01749583480669152091, 0.01841666821757002165, 0.01933750162844852585, 0.02025833503932702659, 0.02117916845020552732, 0.02210000186108403153, 0.02302083527196253226, 0.02394166868284103300, 0.02486250209371953374, 0.02578333550459803447, 0.02670416891547653868, 0.02762500232635504288, 0.02854583573723354362, 0.02946666914811204435 ),
 .UNSPECIFIED. ) ;
#4677 = CARTESIAN_POINT ( 'NONE',  ( 3.590093178058503476, -3.836075335120590513, 3.144748963732041602 ) ) ;
#4678 = CARTESIAN_POINT ( 'NONE',  ( 4.762500000000000178, -6.229999999999999538, 0.000000000000000000 ) ) ;
#4679 = CARTESIAN_POINT ( 'NONE',  ( 0.6257340647513236487, -4.570208061170419001, -4.731447438650556947 ) ) ;
#4680 = CARTESIAN_POINT ( 'NONE',  ( -1.514599421792741207, -3.120030443805111631, -4.468926741560877325 ) ) ;
#4681 = DIRECTION ( 'NONE',  ( 0.000000000000000000, 0.000000000000000000, 1.000000000000000000 ) ) ;
#4682 = CARTESIAN_POINT ( 'NONE',  ( 2.389138447246514474, -2.111164986362435325, -4.131523834092406311 ) ) ;
#4683 = CIRCLE ( 'NONE', #3630, 1.957629832425594740 ) ;
#4684 = EDGE_CURVE ( 'NONE', #2114, #403, #1513, .T. ) ;
#4685 = ORIENTED_EDGE ( 'NONE', *, *, #1196, .T. ) ;
#4686 = PLANE ( 'NONE',  #1228 ) ;
#4687 = CARTESIAN_POINT ( 'NONE',  ( 4.762500000000000178, -5.991875000000001172, -1.972692090801865472 ) ) ;
#4688 = CARTESIAN_POINT ( 'NONE',  ( -3.784672362826544845, -4.191699749971059319, 2.907864786397887702 ) ) ;
#4689 = CARTESIAN_POINT ( 'NONE',  ( 0.3108537961378922132, -4.594256125234823074, -4.762500000000946088 ) ) ;
#4690 = CARTESIAN_POINT ( 'NONE',  ( -4.520016569351668956, -2.891312270367670578, 1.532541266423476545 ) ) ;
#4691 = CARTESIAN_POINT ( 'NONE',  ( 2.112491581742236946, -5.846795280414336382, -4.279768759810933965 ) ) ;
#4692 = EDGE_CURVE ( 'NONE', #3206, #4365, #622, .T. ) ;
#4693 = ORIENTED_EDGE ( 'NONE', *, *, #3487, .F. ) ;
#4694 = CARTESIAN_POINT ( 'NONE',  ( -1.761021613624889737, -5.863312094350995096, -4.378918578969880571 ) ) ;
#4695 = CARTESIAN_POINT ( 'NONE',  ( -4.731236233582105655, -5.522763932836560308, -0.6270348819011899444 ) ) ;
#4696 = CARTESIAN_POINT ( 'NONE',  ( -4.731236191037663907, -4.252763946194761502, -0.6270351961963229748 ) ) ;
#4697 = CARTESIAN_POINT ( 'NONE',  ( -4.196973297137213343, -6.580624212239767346, 2.185943059208653949 ) ) ;
#4698 = ORIENTED_EDGE ( 'NONE', *, *, #2678, .F. ) ;
#4699 = CARTESIAN_POINT ( 'NONE',  ( -2.770471766894177623, -3.567901296175530312, 2.770471766894176735 ) ) ;
#4700 = CARTESIAN_POINT ( 'NONE',  ( -2.770471766894177623, -7.377901296175529922, 2.770471766894176735 ) ) ;
#4701 = CARTESIAN_POINT ( 'NONE',  ( -1.514626953451466695, -5.660029165258703365, -4.468917364575058393 ) ) ;
#4702 = CARTESIAN_POINT ( 'NONE',  ( 0.001230553817905844730, -5.305485887400422484, 4.708643241727395790 ) ) ;
#4703 = CARTESIAN_POINT ( 'NONE',  ( 4.731497100906287834, -4.836325826454450194, -0.6255539273124585131 ) ) ;
#4704 = CARTESIAN_POINT ( 'NONE',  ( 3.811028889841739709, -1.724679509500276930, 1.578579852768131397 ) ) ;
#4705 = CARTESIAN_POINT ( 'NONE',  ( 4.609513761901961715, -3.637677028313203387, -1.237012248028396932 ) ) ;
#4706 = CARTESIAN_POINT ( 'NONE',  ( -4.762500000000001066, -2.975624999999999076, 1.972692090801864584 ) ) ;
#4707 = CARTESIAN_POINT ( 'NONE',  ( -4.731098905265104015, -4.192046091599951119, -0.6281063669876478794 ) ) ;
#4708 = CARTESIAN_POINT ( 'NONE',  ( 4.708885370554543925, -3.490864327635454956, -0.3033759722106733059 ) ) ;
#4709 = CARTESIAN_POINT ( 'NONE',  ( 1.360186084348444346, -6.902013303642916320, -4.202187247250338764 ) ) ;
#4710 = CARTESIAN_POINT ( 'NONE',  ( 4.131385144215523830, -2.215355738536932240, -2.389421796273324183 ) ) ;
#4711 = EDGE_LOOP ( 'NONE', ( #2017, #1699, #5048 ) ) ;
#4712 = CARTESIAN_POINT ( 'NONE',  ( 2.110730885287949832, -3.367478685269311267, -4.280635807285269934 ) ) ;
#4713 = CARTESIAN_POINT ( 'NONE',  ( 4.286448490074755036, -2.169560703792215772, -2.081541723539617639 ) ) ;
#4714 = CARTESIAN_POINT ( 'NONE',  ( -4.518277474654384562, -4.259080493031111025, 1.537133248858190360 ) ) ;
#4715 = CARTESIAN_POINT ( 'NONE',  ( 2.905585972511280701, -4.714915797749464232, -3.786482977800484040 ) ) ;
#4716 = CARTESIAN_POINT ( 'NONE',  ( -0.6257625917227823686, -2.664686982581162322, 4.762830277235251764 ) ) ;
#4717 = CARTESIAN_POINT ( 'NONE',  ( 1.225561535839662763, -5.778148971809288881, -4.556738164964586169 ) ) ;
#4718 = EDGE_LOOP ( 'NONE', ( #3024, #1433, #4217 ) ) ;
#4719 = CARTESIAN_POINT ( 'NONE',  ( -4.687035009515110318, -5.557238598903236237, 0.9072263665910644814 ) ) ;
#4720 = CARTESIAN_POINT ( 'NONE',  ( -3.860224866529308851, -2.465449784164750913, -0.5887770101441455184 ) ) ;
#4721 = CARTESIAN_POINT ( 'NONE',  ( -4.135413130710298368, -4.120700955698191059, 2.382511596402353771 ) ) ;
#4722 = CARTESIAN_POINT ( 'NONE',  ( 2.481876524883166457, -2.028638411197570601, -4.001445986055238713 ) ) ;
#4723 = ADVANCED_FACE ( 'NONE', ( #3560 ), #1518, .T. ) ;
#4724 = B_SPLINE_CURVE_WITH_KNOTS ( 'NONE', 3,
 ( #4546, #2105, #3291, #1 ),
 .UNSPECIFIED., .F., .F.,
 ( 4, 4 ),
 ( 2.380734335076465383E-07, 0.003213249942171109413 ),
 .UNSPECIFIED. ) ;
#4725 = ORIENTED_EDGE ( 'NONE', *, *, #3271, .T. ) ;
#4726 = CARTESIAN_POINT ( 'NONE',  ( -3.918038746913496961, -4.996651296175529389, -4.798213610342920265E-16 ) ) ;
#4727 = CARTESIAN_POINT ( 'NONE',  ( 3.918038746913496073, -5.711026296175530703, 1.622904786874859839 ) ) ;
#4728 = CARTESIAN_POINT ( 'NONE',  ( -2.365826038413063603, -5.197543181923350630, 4.082838874425678277 ) ) ;
#4729 = CARTESIAN_POINT ( 'NONE',  ( -1.723766306798584891, -1.967237946709258889, -4.454446064185844989 ) ) ;
#4730 = CARTESIAN_POINT ( 'NONE',  ( 3.589109741522139352, -5.008142485211137362, 3.145828873845366136 ) ) ;
#4731 = CARTESIAN_POINT ( 'NONE',  ( -3.811028889841741041, -3.470929509500276566, 1.578579852768128067 ) ) ;
#4732 = CARTESIAN_POINT ( 'NONE',  ( 4.520881021615121398, -3.755589428759852133, 1.529991614173796144 ) ) ;
#4733 = CARTESIAN_POINT ( 'NONE',  ( 1.972692090801866360, -1.388124999999999609, 4.762499999999999289 ) ) ;
#4734 = CARTESIAN_POINT ( 'NONE',  ( -3.585738792173271072, -4.373341842851882433, -3.149647718322523104 ) ) ;
#4735 = CARTESIAN_POINT ( 'NONE',  ( 0.3102240820757372064, -3.198341522847340190, -4.708454482921769824 ) ) ;
#4736 = CARTESIAN_POINT ( 'NONE',  ( 3.211502682728836433, -7.161501407507283368, 2.640687940236475129 ) ) ;
#4737 = CARTESIAN_POINT ( 'NONE',  ( 1.534280904001765755, -2.070304356312112848, -4.519422780963926023 ) ) ;
#4738 = B_SPLINE_CURVE_WITH_KNOTS ( 'NONE', 3,
 ( #1156, #772, #2009, #1131, #1494, #3169, #3197, #4839, #3221, #5352, #5250, #5299, #4477, #4868, #2798, #3685, #4947, #1106, #5276, #717, #4427, #4918, #669, #3656, #1521, #1906, #2391, #1570, #2447, #2339, #3249, #1185, #1600, #4018 ),
 .UNSPECIFIED., .F., .F.,
 ( 4, 2, 2, 2, 2, 2, 2, 2, 2, 2, 2, 2, 2, 2, 2, 2, 4 ),
 ( 0.01503758363322975355, 0.01597733059787989976, 0.01691707756253004596, 0.01785682452718019217, 0.01879657149183033837, 0.01973631845648048805, 0.02067606542113063425, 0.02161581238578078046, 0.02255555935043092666, 0.02349530631508107287, 0.02443505327973122254, 0.02537480024438136528, 0.02631454720903151495, 0.02725429417368165769, 0.02819404113833180736, 0.02913378810298195704, 0.03007353506763210324 ),
 .UNSPECIFIED. ) ;
#4739 = ORIENTED_EDGE ( 'NONE', *, *, #3640, .F. ) ;
#4740 = AXIS2_PLACEMENT_3D ( 'NONE', #3536, #3483, #979 ) ;
#4741 = CARTESIAN_POINT ( 'NONE',  ( 4.609757749277791028, -3.539725372636769229, -1.236331976007180256 ) ) ;
#4742 = CARTESIAN_POINT ( 'NONE',  ( 0.000000000000000000, 0.4738549290423900162, 4.340740814427817895 ) ) ;
#4743 = CARTESIAN_POINT ( 'NONE',  ( 2.906494348279244910, -4.714963948364983004, -3.785787580424784693 ) ) ;
#4744 = FACE_OUTER_BOUND ( 'NONE', #1611, .T. ) ;
#4745 = DIRECTION ( 'NONE',  ( 0.000000000000000000, 1.000000000000000000, 0.000000000000000000 ) ) ;
#4746 = CARTESIAN_POINT ( 'NONE',  ( 4.609677925001860466, -6.123576064848728073, 1.237157121040301400 ) ) ;
#4747 = ORIENTED_EDGE ( 'NONE', *, *, #4232, .T. ) ;
#4748 = CARTESIAN_POINT ( 'NONE',  ( -4.403344036534714512, -5.454061932949087144, 1.843665243345109728 ) ) ;
#4749 = CARTESIAN_POINT ( 'NONE',  ( 5.315874344317301376E-16, 0.4738549290423900162, -4.340740814427814342 ) ) ;
#4750 = DIRECTION ( 'NONE',  ( 0.000000000000000000, -4.430672865838491544E-16, 1.000000000000000000 ) ) ;
#4751 = CARTESIAN_POINT ( 'NONE',  ( -3.811164551738610146E-16, -3.946744328227586252, 4.762500000000000178 ) ) ;
#4752 = ORIENTED_EDGE ( 'NONE', *, *, #29, .F. ) ;
#4753 = ORIENTED_EDGE ( 'NONE', *, *, #601, .T. ) ;
#4754 = CARTESIAN_POINT ( 'NONE',  ( -1.289616278340026678, -6.541393323392483694, 4.596257609112895715 ) ) ;
#4755 = ADVANCED_FACE ( 'NONE', ( #4428 ), #670, .T. ) ;
#4756 = CARTESIAN_POINT ( 'NONE',  ( 2.770471766894176291, -4.520401296175530881, 2.770471766894177623 ) ) ;
#4757 = CARTESIAN_POINT ( 'NONE',  ( -4.229364922288740836, -5.501450474761127474, -2.092528878577668561 ) ) ;
#4758 = CARTESIAN_POINT ( 'NONE',  ( 0.6196736432926397420, -3.337173284179294264, -4.732357304493174155 ) ) ;
#4759 = CARTESIAN_POINT ( 'NONE',  ( -3.811028889841740597, -7.480945490499724571, -4.667164331402779384E-16 ) ) ;
#4760 = ADVANCED_FACE ( 'NONE', ( #1934 ), #2743, .T. ) ;
#4761 = CARTESIAN_POINT ( 'NONE',  ( 4.518264015153151902, -3.563298034072411191, -1.537469307470235025 ) ) ;
#4762 = CARTESIAN_POINT ( 'NONE',  ( 3.918038746913496961, -7.939598703824469972, 0.000000000000000000 ) ) ;
#4763 = CARTESIAN_POINT ( 'NONE',  ( -4.281977445651592440, -4.073419252577197724, 2.108058013227598337 ) ) ;
#4764 = CONICAL_SURFACE ( 'NONE', #2914, 3.250000000000002220, 0.5125491481694454121 ) ;
#4765 = CARTESIAN_POINT ( 'NONE',  ( 0.000000000000000000, -2.000000000000000000, 0.000000000000000000 ) ) ;
#4766 = CARTESIAN_POINT ( 'NONE',  ( 1.017031219832249970E-14, -2.000052656235997706, -4.762400968023396075 ) ) ;
#4767 = ORIENTED_EDGE ( 'NONE', *, *, #1371, .F. ) ;
#4768 = CC_DESIGN_APPROVAL ( #4283, ( #4613 ) ) ;
#4769 = CARTESIAN_POINT ( 'NONE',  ( 1.533383124747117021, -3.340263469335582158, -4.519708395180161098 ) ) ;
#4770 = CARTESIAN_POINT ( 'NONE',  ( 2.747258438593374485, -2.042215742474350559, -3.836731601211167408 ) ) ;
#4771 = CARTESIAN_POINT ( 'NONE',  ( 0.6097346939697737556, -4.695847941683505944, -4.679220750082347280 ) ) ;
#4772 = CARTESIAN_POINT ( 'NONE',  ( -2.904595782585001285, -3.178605979537495685, -3.786945505938644541 ) ) ;
#4773 = CARTESIAN_POINT ( 'NONE',  ( -4.611768040220861842, -2.844306593609440714, 1.228496267062087810 ) ) ;
#4774 = CARTESIAN_POINT ( 'NONE',  ( 4.732409008153437568, -6.157447103824106094, 0.6196481062666727713 ) ) ;
#4775 = MANIFOLD_SOLID_BREP ( 'Fillet4', #3681 ) ;
#4776 = ORIENTED_EDGE ( 'NONE', *, *, #4355, .F. ) ;
#4777 = EDGE_LOOP ( 'NONE', ( #3399, #3328, #4851, #4997 ) ) ;
#4778 = CARTESIAN_POINT ( 'NONE',  ( -3.281204407002114465, -5.370547347235035573, 3.455749397842033943 ) ) ;
#4779 = CARTESIAN_POINT ( 'NONE',  ( 3.741735314869155449, -4.854733623878211723, -2.875005721315237572 ) ) ;
#4780 = CARTESIAN_POINT ( 'NONE',  ( -4.609809109238428348, -4.279290550136805038, -1.235891989227190679 ) ) ;
#4781 = CARTESIAN_POINT ( 'NONE',  ( -2.446348481039826606, -6.471711761025104259, 4.029959553084453638 ) ) ;
#4782 = CARTESIAN_POINT ( 'NONE',  ( 0.6156005556812852442, -3.795147653544967081, 4.678291190216925521 ) ) ;
#4783 = VERTEX_POINT ( 'NONE', #5407 ) ;
#4784 = CARTESIAN_POINT ( 'NONE',  ( -2.870749777770905897, -5.592639750613394689, -3.745178751554297580 ) ) ;
#4785 = CARTESIAN_POINT ( 'NONE',  ( 4.731236233403949498, -3.603486067118757408, -0.6270348829376840571 ) ) ;
#4786 = CARTESIAN_POINT ( 'NONE',  ( -2.977458113991473088, -1.155064985856060211, -2.705512397746633546 ) ) ;
#4787 = CARTESIAN_POINT ( 'NONE',  ( 3.741661916942563337, -3.584728715447864644, -2.875095928211301555 ) ) ;
#4788 = CARTESIAN_POINT ( 'NONE',  ( -4.762500000000001066, -1.705624999999999725, 1.972692090801864584 ) ) ;
#4789 = CARTESIAN_POINT ( 'NONE',  ( -3.588434735011148735, -4.080831193079927921, 3.146633340817525770 ) ) ;
#4790 = CARTESIAN_POINT ( 'NONE',  ( 4.598775329437195580, 0.2556761862497243798, 3.695748786692707455 ) ) ;
#4791 = ADVANCED_FACE ( 'NONE', ( #1213 ), #3798, .T. ) ;
#4792 = B_SPLINE_CURVE_WITH_KNOTS ( 'NONE', 3,
 ( #157, #1445, #2239, #3915, #2727, #3171, #211, #3119, #184, #5230 ),
 .UNSPECIFIED., .F., .F.,
 ( 4, 3, 3, 4 ),
 ( 0.000000000000000000, 0.0002535773489106005543, 0.0005071546432874845904, 0.0009141784772313001333 ),
 .UNSPECIFIED. ) ;
#4793 = CARTESIAN_POINT ( 'NONE',  ( -3.476334127613154745, -7.441164270875693987, -1.698113962969463708 ) ) ;
#4794 = CARTESIAN_POINT ( 'NONE',  ( 3.589077597714691592, -3.738144392685099682, 3.145865677466052279 ) ) ;
#4795 = CARTESIAN_POINT ( 'NONE',  ( 3.980102097228899711E-16, 5.722886414021192358, 3.250000000000003553 ) ) ;
#4796 = CARTESIAN_POINT ( 'NONE',  ( -4.133044705533196250, -4.431519248676632827, -2.386565975817009910 ) ) ;
#4797 = CARTESIAN_POINT ( 'NONE',  ( 1.235066507486290766, -6.397280645844807268, 4.610019552594287973 ) ) ;
#4798 = CARTESIAN_POINT ( 'NONE',  ( -4.708664742141371207, -5.616648660204685228, 0.1569677190572483783 ) ) ;
#4799 = CARTESIAN_POINT ( 'NONE',  ( -1.234133256548913149, -5.762325178991254404, -4.610438430835766432 ) ) ;
#4800 = ORIENTED_EDGE ( 'NONE', *, *, #5197, .T. ) ;
#4801 = CARTESIAN_POINT ( 'NONE',  ( -4.103035234867794756, -5.703507413797401782, -2.423547194072923183 ) ) ;
#4802 = B_SPLINE_CURVE_WITH_KNOTS ( 'NONE', 3,
 ( #2081, #3758, #1675, #3352, #845, #5020, #1259, #2932, #5343, #1591, #3267, #2582, #3872, #3465, #1787, #1730, #958, #4635, #4695, #1816, #2664, #5050, #116, #556, #3019, #4256, #2990, #2610, #3381, #4342, #2253, #3816, #496, #1374 ),
 .UNSPECIFIED., .F., .F.,
 ( 4, 2, 2, 2, 2, 2, 2, 2, 2, 2, 2, 2, 2, 2, 2, 2, 4 ),
 ( 2.496351245477397933E-06, 0.0009421928287876615545, 0.001881889306329845692, 0.002821585783872029071, 0.003761282261414212232, 0.004700978738956394960, 0.005640675216498578989, 0.006580371694040761284, 0.007520068171582945313, 0.008459764649125128474, 0.009399461126667311636, 0.01033915760420949653, 0.01127885408175167969, 0.01221855055929386286, 0.01315824703683604602, 0.01409794351437823265, 0.01503763999192041581 ),
 .UNSPECIFIED. ) ;
#4803 = CARTESIAN_POINT ( 'NONE',  ( -2.357409103795828464, -4.141947212042355275, 4.087612261629916866 ) ) ;
#4804 = CARTESIAN_POINT ( 'NONE',  ( 4.518277472545477735, -4.867169507252481431, 1.537133255032940182 ) ) ;
#4805 = DIRECTION ( 'NONE',  ( 0.000000000000000000, -2.312964634635754100E-15, 1.000000000000000000 ) ) ;
#4806 = CARTESIAN_POINT ( 'NONE',  ( 2.086609878584519961, -3.727762786754815760, 4.232326031889331652 ) ) ;
#4807 = ORIENTED_EDGE ( 'NONE', *, *, #2970, .F. ) ;
#4808 = B_SPLINE_CURVE_WITH_KNOTS ( 'NONE', 3,
 ( #1622, #2058, #765, #2496 ),
 .UNSPECIFIED., .F., .F.,
 ( 4, 4 ),
 ( 0.002650726389419841376, 0.002762212475885175017 ),
 .UNSPECIFIED. ) ;
#4809 = CARTESIAN_POINT ( 'NONE',  ( 3.918038746913496961, -6.669598703824469510, 0.000000000000000000 ) ) ;
#4810 = CARTESIAN_POINT ( 'NONE',  ( 0.05884400232220723947, -2.044059589620911055, -4.765598521398809240 ) ) ;
#4811 = CARTESIAN_POINT ( 'NONE',  ( -1.578579852768128955, -3.909070490499722883, -3.811028889841741041 ) ) ;
#4812 = CARTESIAN_POINT ( 'NONE',  ( -4.708228021475603597, -4.151100988433403138, -0.3165062294306446034 ) ) ;
#4813 = CARTESIAN_POINT ( 'NONE',  ( 3.918038746913496961, -1.589598703824469439, 0.000000000000000000 ) ) ;
#4814 = CARTESIAN_POINT ( 'NONE',  ( -2.389745319512783350, -4.016192116307830240, 4.131361314706890830 ) ) ;
#4815 = CYLINDRICAL_SURFACE ( 'NONE', #2308, 4.762500000000000178 ) ;
#4816 = CARTESIAN_POINT ( 'NONE',  ( 3.918038746913496961, -7.860223703824471109, -1.622904786874857175 ) ) ;
#4817 = CARTESIAN_POINT ( 'NONE',  ( -4.132765896621730661, -2.948443276554635339, 2.387398312159978442 ) ) ;
#4818 = EDGE_CURVE ( 'NONE', #1811, #3462, #3679, .T. ) ;
#4819 = CYLINDRICAL_SURFACE ( 'NONE', #1413, 1.589999999999999858 ) ;
#4820 = AXIS2_PLACEMENT_3D ( 'NONE', #4941, #4172, #847 ) ;
#4821 = CARTESIAN_POINT ( 'NONE',  ( -3.788315422353825124, -4.458037565694256799, -2.902829712092145353 ) ) ;
#4822 = CARTESIAN_POINT ( 'NONE',  ( 2.114008101208350698, -6.356398851617567125, 4.278996327495674379 ) ) ;
#4823 = CARTESIAN_POINT ( 'NONE',  ( 2.481876524883166457, -2.028638411197570601, -4.001445986055238713 ) ) ;
#4824 = CARTESIAN_POINT ( 'NONE',  ( -4.762829430694400124, -5.423815890190710753, 0.3088796485003839076 ) ) ;
#4825 = CLOSED_SHELL ( 'NONE', ( #4446, #3674 ) ) ;
#4826 = ORIENTED_EDGE ( 'NONE', *, *, #3649, .T. ) ;
#4827 = CARTESIAN_POINT ( 'NONE',  ( -4.464307909231834515, -5.607239660432675521, -1.690947773171387114 ) ) ;
#4828 = CARTESIAN_POINT ( 'NONE',  ( -4.231900072545607294, -4.260059887542138490, 2.087181476947527425 ) ) ;
#4829 = CARTESIAN_POINT ( 'NONE',  ( 4.085383326603492904, -4.879824509759415285, 2.361506976586282835 ) ) ;
#4830 = CARTESIAN_POINT ( 'NONE',  ( -3.869099722503205996, -7.318371621411525751, -1.037208149541378521 ) ) ;
#4831 = ORIENTED_EDGE ( 'NONE', *, *, #1065, .T. ) ;
#4832 = CARTESIAN_POINT ( 'NONE',  ( 4.731443708052251118, -3.566308391023417901, -0.6259652258940504588 ) ) ;
#4833 = CARTESIAN_POINT ( 'NONE',  ( -1.947525554684062188, -2.044427645597115539, -4.302140718203331993 ) ) ;
#4834 = CARTESIAN_POINT ( 'NONE',  ( 2.904009335025296235, -2.050643510144688708, -3.715238533819442690 ) ) ;
#4835 = CARTESIAN_POINT ( 'NONE',  ( 4.548125804709616027, -2.502450595858552784, 1.270510992722069687 ) ) ;
#4836 = CARTESIAN_POINT ( 'NONE',  ( 2.333582165701389692E-16, -6.528445490499723114, -3.811028889841740597 ) ) ;
#4837 = CARTESIAN_POINT ( 'NONE',  ( -3.681566269432145599, -1.943455294822467705, -4.225299684389785426 ) ) ;
#4838 = CARTESIAN_POINT ( 'NONE',  ( 2.770471766894177179, -1.430848703824469492, -2.770471766894176735 ) ) ;
#4839 = CARTESIAN_POINT ( 'NONE',  ( -2.904595782584985297, -4.448605979537495259, -3.786945505938653866 ) ) ;
#4840 = DIRECTION ( 'NONE',  ( 0.000000000000000000, -1.000000000000000000, 0.000000000000000000 ) ) ;
#4841 = APPROVAL_DATE_TIME ( #2752, #317 ) ;
#4842 = CARTESIAN_POINT ( 'NONE',  ( -3.458348019511536808, -7.424789651890415065, -1.770509300366387428 ) ) ;
#4843 = CARTESIAN_POINT ( 'NONE',  ( -4.708402232824231426, -3.070382915641110433, 0.3108305631237044953 ) ) ;
#4844 = AXIS2_PLACEMENT_3D ( 'NONE', #2883, #3740, #368 ) ;
#4845 = CARTESIAN_POINT ( 'NONE',  ( 4.768193368594327630, -2.330688591058058368, 0.2135026463596555457 ) ) ;
#4846 = CARTESIAN_POINT ( 'NONE',  ( -0.3126377341555139355, -4.629918898137575844, -4.762390465771423109 ) ) ;
#4847 = CARTESIAN_POINT ( 'NONE',  ( -4.281209774941422630, -3.087132092736716515, -2.109481073371022308 ) ) ;
#4848 = CARTESIAN_POINT ( 'NONE',  ( -0.7441863180948898870, -6.839155498767327757, -4.424190695778170479 ) ) ;
#4849 = CARTESIAN_POINT ( 'NONE',  ( -3.741661915192835419, -5.541521284680444026, -2.875095930641401676 ) ) ;
#4850 = CONICAL_SURFACE ( 'NONE', #2917, 5.499999999999999112, 1.047197551196600074 ) ;
#4851 = ORIENTED_EDGE ( 'NONE', *, *, #3705, .F. ) ;
#4852 = VERTEX_POINT ( 'NONE', #3418 ) ;
#4853 = PLANE ( 'NONE',  #183 ) ;
#4854 = CARTESIAN_POINT ( 'NONE',  ( 4.762500000000000178, -7.341250000000000497, 0.000000000000000000 ) ) ;
#4855 = CARTESIAN_POINT ( 'NONE',  ( -3.746124773226661819, -4.486029012998486110, -2.869145460933372860 ) ) ;
#4856 = CARTESIAN_POINT ( 'NONE',  ( 2.357172466204230155, -4.984314782113254516, 4.087752482858493686 ) ) ;
#4857 = CARTESIAN_POINT ( 'NONE',  ( -4.128366671714245761, -7.148233430403738708, 0.6238229399879418047 ) ) ;
#4858 = CARTESIAN_POINT ( 'NONE',  ( 2.385199270106110880, -3.742299967993703014, 4.133898189004942658 ) ) ;
#4859 = ADVANCED_FACE ( 'NONE', ( #4178 ), #5116, .T. ) ;
#4860 = CARTESIAN_POINT ( 'NONE',  ( -0.7769147102880777922, -6.553353657493825146, 4.693717937178468524 ) ) ;
#4861 = B_SPLINE_CURVE_WITH_KNOTS ( 'NONE', 3,
 ( #300, #1460, #5268, #3598 ),
 .UNSPECIFIED., .F., .F.,
 ( 4, 4 ),
 ( 0.000000000000000000, 2.496351239650020050E-06 ),
 .UNSPECIFIED. ) ;
#4862 = CARTESIAN_POINT ( 'NONE',  ( 3.579984794187014430, -2.377143618886791820, 3.069122266983610903 ) ) ;
#4863 = CARTESIAN_POINT ( 'NONE',  ( 2.160989396050329692, -2.197835199747639745, -4.259497945649912687 ) ) ;
#4864 = CARTESIAN_POINT ( 'NONE',  ( 3.811028889841740597, -6.845945490499723896, 0.000000000000000000 ) ) ;
#4865 = EDGE_CURVE ( 'NONE', #3493, #1893, #4237, .T. ) ;
#4866 = CARTESIAN_POINT ( 'NONE',  ( 0.6222886162562880630, -4.481563451405040865, -4.677457316138221799 ) ) ;
#4867 = CARTESIAN_POINT ( 'NONE',  ( 3.918038746913496073, -5.478973703824469688, 1.622904786874859839 ) ) ;
#4868 = CARTESIAN_POINT ( 'NONE',  ( -4.519744357789982736, -4.329967148381395958, -1.533159638194980579 ) ) ;
#4869 = CARTESIAN_POINT ( 'NONE',  ( -5.500000000000000000, 0.4738549290423895721, -0.5375526812502239293 ) ) ;
#4870 = CARTESIAN_POINT ( 'NONE',  ( 3.918038746913496961, -6.669598703824469510, 0.000000000000000000 ) ) ;
#4871 = CARTESIAN_POINT ( 'NONE',  ( -4.678394711071414136, -3.057440606368542202, 0.6164339707700695614 ) ) ;
#4872 = CARTESIAN_POINT ( 'NONE',  ( 4.165937667742756645, -2.425683621191153883, 2.329289736720315585 ) ) ;
#4873 = CARTESIAN_POINT ( 'NONE',  ( -0.002507410479073349414, -3.946845239964532848, 4.762499339936194787 ) ) ;
#4874 = CARTESIAN_POINT ( 'NONE',  ( 0.000000000000000000, 7.500000000000000888, -2.249999999999997335 ) ) ;
#4875 = CARTESIAN_POINT ( 'NONE',  ( -0.3117288297468104319, -5.801959572151613287, -4.762444876298786767 ) ) ;
#4876 = VERTEX_POINT ( 'NONE', #830 ) ;
#4877 = CARTESIAN_POINT ( 'NONE',  ( -0.002440671509451570933, -5.216842554312599134, 4.762499374606004032 ) ) ;
#4878 = CARTESIAN_POINT ( 'NONE',  ( -3.367596045400932603, -6.865000000000000213, -3.367596045400933047 ) ) ;
#4879 = CARTESIAN_POINT ( 'NONE',  ( 0.000000000000000000, 6.000000000000007994, 2.941287793933206948E-15 ) ) ;
#4880 = CARTESIAN_POINT ( 'NONE',  ( 4.519146901545601835, -4.927820698132372002, 1.534572901098479880 ) ) ;
#4881 = CARTESIAN_POINT ( 'NONE',  ( -3.559370600013335384, -7.391961253279277777, -1.637653368108219043 ) ) ;
#4882 = CARTESIAN_POINT ( 'NONE',  ( 4.610329761740501020, -3.479053312700723932, -1.234195253609687626 ) ) ;
#4883 = CARTESIAN_POINT ( 'NONE',  ( 4.471743550280883106, -2.382261898726302451, -1.518127975587313605 ) ) ;
#4884 = UNCERTAINTY_MEASURE_WITH_UNIT (LENGTH_MEASURE( 1.000000000000000082E-05 ), #3505, 'distance_accuracy_value', 'NONE');
#4885 = EDGE_CURVE ( 'NONE', #3047, #1811, #4327, .T. ) ;
#4886 = CARTESIAN_POINT ( 'NONE',  ( -3.559370600013335384, -7.391961253279277777, -1.637653368108219043 ) ) ;
#4887 = CARTESIAN_POINT ( 'NONE',  ( 3.821470215788701719, -2.228269166221851449, -2.865121272492741067 ) ) ;
#4888 = ORIENTED_EDGE ( 'NONE', *, *, #1371, .T. ) ;
#4889 = CARTESIAN_POINT ( 'NONE',  ( 2.399106805171460132E-16, -7.854151296175530206, -3.918038746913496961 ) ) ;
#4890 = CARTESIAN_POINT ( 'NONE',  ( -0.001164548443840164550, -5.090761426278149315, 4.708643258879271265 ) ) ;
#4891 = CARTESIAN_POINT ( 'NONE',  ( -1.622904786874859173, -5.796473703824469581, 3.918038746913496073 ) ) ;
#4892 = CARTESIAN_POINT ( 'NONE',  ( 3.911891227723477193, -1.910175994861746274, 4.092321507719197449 ) ) ;
#4893 = CARTESIAN_POINT ( 'NONE',  ( 2.870749778521751061, -3.533610249430008565, -3.745178750792081956 ) ) ;
#4894 = CARTESIAN_POINT ( 'NONE',  ( 2.511712495335782780, -6.373955535596028454, 4.059633263821816662 ) ) ;
#4895 = CARTESIAN_POINT ( 'NONE',  ( -3.506512669157505258, -7.404411571922467239, -1.720051025583203996 ) ) ;
#4896 = CARTESIAN_POINT ( 'NONE',  ( -3.546316204233390668, -2.936762091116746021, 3.112780262209849269 ) ) ;
#4897 = CARTESIAN_POINT ( 'NONE',  ( 2.388310828191309021, -2.442746043791044208, 4.069865104500618891 ) ) ;
#4898 = CARTESIAN_POINT ( 'NONE',  ( 4.132235415327776273, -6.275825849120984401, 2.388073991625176529 ) ) ;
#4899 = CARTESIAN_POINT ( 'NONE',  ( -3.687038438742813895, 0.4738549290423941240, 4.222140325965222374 ) ) ;
#4900 = CARTESIAN_POINT ( 'NONE',  ( -4.762166561343922133, -5.449088470539540374, -0.3189413334379853637 ) ) ;
#4901 = ORIENTED_EDGE ( 'NONE', *, *, #2003, .T. ) ;
#4902 = CIRCLE ( 'NONE', #4641, 1.590000000000000080 ) ;
#4903 = CARTESIAN_POINT ( 'NONE',  ( -1.593896378666863844, -5.374889112643247202, 4.442686143450675473 ) ) ;
#4904 = CARTESIAN_POINT ( 'NONE',  ( 1.622904786874857841, -3.329776296175529726, 3.918038746913496073 ) ) ;
#4905 = CARTESIAN_POINT ( 'NONE',  ( -5.500000000000000000, -1.508759813876278111, 3.175426480542941743 ) ) ;
#4906 = CARTESIAN_POINT ( 'NONE',  ( -1.535426963781661325, -4.478676852973053180, -4.518858137972602940 ) ) ;
#4907 = CARTESIAN_POINT ( 'NONE',  ( 4.132405410414793145, -4.792652207410854182, -2.387833373473970067 ) ) ;
#4908 = CARTESIAN_POINT ( 'NONE',  ( 3.587613001270538504, -3.677479084754680994, 3.147543554980029690 ) ) ;
#4909 = CARTESIAN_POINT ( 'NONE',  ( 3.940785110284121817, -2.566860595684809621, 2.601618295064857644 ) ) ;
#4910 = CONICAL_SURFACE ( 'NONE', #789, 3.809999999999997389, 0.7853981633974456145 ) ;
#4911 = CARTESIAN_POINT ( 'NONE',  ( -2.280586712863900356, -6.550861221457333627, 4.187706129259735732 ) ) ;
#4912 = CARTESIAN_POINT ( 'NONE',  ( 2.770471766894177179, -5.240848703824470434, -2.770471766894176735 ) ) ;
#4913 = CARTESIAN_POINT ( 'NONE',  ( 4.505577524000871747, -2.351901121796292404, -1.586036293649190743 ) ) ;
#4914 = ADVANCED_FACE ( 'NONE', ( #884 ), #3455, .T. ) ;
#4915 = CARTESIAN_POINT ( 'NONE',  ( -2.694804371304934332, -2.559695490499723114, -2.694804371304934776 ) ) ;
#4916 = CARTESIAN_POINT ( 'NONE',  ( -4.229345108106985940, -4.231452432754670312, -2.092568781973098702 ) ) ;
#4917 = CARTESIAN_POINT ( 'NONE',  ( -3.918038746913497850, -2.145223703824469919, 1.622904786874856287 ) ) ;
#4918 = CARTESIAN_POINT ( 'NONE',  ( -4.281815105524562348, -4.171400964742182360, 2.107997158578579278 ) ) ;
#4919 = VERTEX_POINT ( 'NONE', #423 ) ;
#4920 = CARTESIAN_POINT ( 'NONE',  ( 3.108151727166479805, -3.546555531123477323, -3.550342029589880433 ) ) ;
#4921 = CARTESIAN_POINT ( 'NONE',  ( 1.930530381702593612, -6.402445195343513973, 4.366047908724515203 ) ) ;
#4922 = ADVANCED_FACE ( 'NONE', ( #3827 ), #5021, .T. ) ;
#4923 = CARTESIAN_POINT ( 'NONE',  ( 2.399106805171460132E-16, -3.812098703824470025, -3.918038746913496961 ) ) ;
#4924 = CARTESIAN_POINT ( 'NONE',  ( -1.235136079504917106, -2.728972444080433934, 4.610002096003151806 ) ) ;
#4925 = CARTESIAN_POINT ( 'NONE',  ( 2.932323507938674911, -2.443987883513970338, 3.756046539336819645 ) ) ;
#4926 = CARTESIAN_POINT ( 'NONE',  ( 0.6258711413788020650, -5.877434855991251261, -4.731621484619985551 ) ) ;
#4927 = CARTESIAN_POINT ( 'NONE',  ( 3.977314753939448444, -6.142350085483342603, -2.539735900206820052 ) ) ;
#4928 = CARTESIAN_POINT ( 'NONE',  ( -3.550292481137507394, -5.262188616770421490, 3.108274995503160554 ) ) ;
#4929 = ORIENTED_EDGE ( 'NONE', *, *, #2706, .T. ) ;
#4930 = CARTESIAN_POINT ( 'NONE',  ( -2.192061851980235954, -5.403659949246351069, 4.180051755363233923 ) ) ;
#4931 = CARTESIAN_POINT ( 'NONE',  ( 2.770471766894177179, -1.662901296175529842, -2.770471766894176735 ) ) ;
#4932 = CARTESIAN_POINT ( 'NONE',  ( 2.090888774420236906, -5.212378224057725440, 4.230073873383981109 ) ) ;
#4933 = CARTESIAN_POINT ( 'NONE',  ( -2.382250533466503839, -4.377450246797284450, -4.135796043423083823 ) ) ;
#4934 = CARTESIAN_POINT ( 'NONE',  ( -3.372182275250712458, -6.912588175920522104, 2.842246958427234294 ) ) ;
#4935 = CARTESIAN_POINT ( 'NONE',  ( -2.382262084206951513, -3.107449671897358989, -4.135789435372688061 ) ) ;
#4936 = AXIS2_PLACEMENT_3D ( 'NONE', #1245, #1608, #2537 ) ;
#4937 = CARTESIAN_POINT ( 'NONE',  ( 0.2394462718703286863, -2.286935226735157478, 4.222853325238108191 ) ) ;
#4938 = ORIENTED_EDGE ( 'NONE', *, *, #2863, .F. ) ;
#4939 = CARTESIAN_POINT ( 'NONE',  ( -3.973925196397783299, -6.561291817597343368, 2.568596235561903640 ) ) ;
#4940 = CARTESIAN_POINT ( 'NONE',  ( 3.918038746913496961, -2.859598703824469901, 0.000000000000000000 ) ) ;
#4941 = CARTESIAN_POINT ( 'NONE',  ( 0.000000000000000000, 1.473854929042390127, 1.734723475976807094E-15 ) ) ;
#4942 = CIRCLE ( 'NONE', #5124, 2.393378451047913469 ) ;
#4943 = CARTESIAN_POINT ( 'NONE',  ( -1.578579852768128955, -2.639070490499723753, -3.811028889841741041 ) ) ;
#4944 = CARTESIAN_POINT ( 'NONE',  ( 3.147087466922340315, -2.187944839870681335, -3.587969630537263477 ) ) ;
#4945 = CARTESIAN_POINT ( 'NONE',  ( 2.749999999999999112, -2.000000000000000000, 4.763139720814413280 ) ) ;
#4946 = CARTESIAN_POINT ( 'NONE',  ( 4.708228810073031845, -4.975145519009535278, -0.3165923693973657360 ) ) ;
#4947 = CARTESIAN_POINT ( 'NONE',  ( -4.762527764873631497, -4.276728244681398117, -0.3101496287156209064 ) ) ;
#4948 = CARTESIAN_POINT ( 'NONE',  ( 4.557119047128417755, -3.665671348323115364, -1.223991369692611686 ) ) ;
#4949 = CARTESIAN_POINT ( 'NONE',  ( 4.746681221084060098, -6.212782195149819664, -0.4213659739963621642 ) ) ;
#4950 = CARTESIAN_POINT ( 'NONE',  ( -7.000746497104166611E-16, -7.042804509500277810, 3.811028889841740597 ) ) ;
#4951 = CARTESIAN_POINT ( 'NONE',  ( -4.280967509111689218, -3.087156035279357891, -2.109975732044838015 ) ) ;
#4952 = CARTESIAN_POINT ( 'NONE',  ( 2.419049365860951095, -2.531380495669868669, 4.114407361372396821 ) ) ;
#4953 = EDGE_CURVE ( 'NONE', #3814, #4852, #4593, .T. ) ;
#4954 = CARTESIAN_POINT ( 'NONE',  ( 4.520300102632968553, -6.103568639256064188, -1.531587715010737316 ) ) ;
#4955 = CARTESIAN_POINT ( 'NONE',  ( -1.848504021033573030, -5.859133514179825752, -4.342240580089675284 ) ) ;
#4956 = DIRECTION ( 'NONE',  ( 0.000000000000000000, -1.000000000000000000, 0.000000000000000000 ) ) ;
#4957 = ORIENTED_EDGE ( 'NONE', *, *, #4351, .T. ) ;
#4958 = FACE_OUTER_BOUND ( 'NONE', #384, .T. ) ;
#4959 = CARTESIAN_POINT ( 'NONE',  ( -4.762500000000000178, -8.055625000000000924, -1.972692090801865916 ) ) ;
#4960 = CARTESIAN_POINT ( 'NONE',  ( -2.983383958937205982, 0.4738549290423927918, -4.628395429297475161 ) ) ;
#4961 = CARTESIAN_POINT ( 'NONE',  ( 3.589838896559193859, -4.715906356553735357, -3.145347602034501033 ) ) ;
#4962 = CARTESIAN_POINT ( 'NONE',  ( 1.540542439315626178, -5.150655266474191585, 4.517117408225163722 ) ) ;
#4963 = CARTESIAN_POINT ( 'NONE',  ( -0.6097377691849968917, -3.160401928625126367, -4.679220481251634922 ) ) ;
#4964 = DIRECTION ( 'NONE',  ( 0.000000000000000000, 0.000000000000000000, -1.000000000000000000 ) ) ;
#4965 = ORIENTED_EDGE ( 'NONE', *, *, #2003, .F. ) ;
#4966 = CARTESIAN_POINT ( 'NONE',  ( 2.282185778941305809, -1.988388889991859587, -5.033232387273383956 ) ) ;
#4967 = CARTESIAN_POINT ( 'NONE',  ( -1.189928833844283718, -6.537024317030833309, 4.617771060284577622 ) ) ;
#4968 = DIRECTION ( 'NONE',  ( 0.000000000000000000, -1.000000000000000000, 0.000000000000000000 ) ) ;
#4969 = CARTESIAN_POINT ( 'NONE',  ( 3.811028889841741041, -1.686570490499723407, -1.578579852768128955 ) ) ;
#4970 = CARTESIAN_POINT ( 'NONE',  ( -0.6202732271993375290, -3.846473202275399128, 4.677945599348400485 ) ) ;
#4971 = CARTESIAN_POINT ( 'NONE',  ( 5.500000000000000888, -1.953729179351515022, -1.070740573249781225 ) ) ;
#4972 = CARTESIAN_POINT ( 'NONE',  ( 3.791099905746527110, -5.092846895205235924, 2.899244380188075620 ) ) ;
#4973 = CARTESIAN_POINT ( 'NONE',  ( -0.6260465022498900023, -2.665217632658702485, 4.731628035129853416 ) ) ;
#4974 = CARTESIAN_POINT ( 'NONE',  ( 4.233960224816522455, -3.810828273664786270, 2.083381298791997960 ) ) ;
#4975 = CARTESIAN_POINT ( 'NONE',  ( -2.770471766894177623, -4.605848703824469759, 2.770471766894176735 ) ) ;
#4976 = CIRCLE ( 'NONE', #2777, 5.499999999999999112 ) ;
#4977 = CARTESIAN_POINT ( 'NONE',  ( -2.089745755679507599, -3.307436980518863034, -4.230799765554731806 ) ) ;
#4978 = CARTESIAN_POINT ( 'NONE',  ( -3.367596045400932603, -7.023749999999999716, -3.367596045400933047 ) ) ;
#4979 = CARTESIAN_POINT ( 'NONE',  ( -1.578107474308547229E-11, -6.486744328228219558, 4.762500000000000178 ) ) ;
#4980 = CARTESIAN_POINT ( 'NONE',  ( 1.841110926096800604, -6.021594483017289612, -4.345137846032081974 ) ) ;
#4981 = CARTESIAN_POINT ( 'NONE',  ( -4.234089771375621147, -5.315434617316485699, 2.083118210353638311 ) ) ;
#4982 = EDGE_CURVE ( 'NONE', #3927, #4365, #929, .T. ) ;
#4983 = LOCAL_TIME ( 17, 20, 7.000000000000000000, #2266 ) ;
#4984 = ORIENTED_EDGE ( 'NONE', *, *, #3448, .F. ) ;
#4985 = CARTESIAN_POINT ( 'NONE',  ( 3.918038746913489856, -4.441026296175525800, 1.622904786874857397 ) ) ;
#4986 = CARTESIAN_POINT ( 'NONE',  ( 2.916190190469635054E-16, -3.213750000000000551, -4.762500000000000178 ) ) ;
#4987 = CARTESIAN_POINT ( 'NONE',  ( -3.893282029623054807, -2.435744002172983258, 0.6759128561119059908 ) ) ;
#4988 = CARTESIAN_POINT ( 'NONE',  ( 3.786719525932819685, -4.728865482681821497, -2.904906516211123169 ) ) ;
#4989 = CARTESIAN_POINT ( 'NONE',  ( -2.329408393589180265E-16, -5.216744328227587602, 4.762500000000000178 ) ) ;
#4990 = CARTESIAN_POINT ( 'NONE',  ( 2.089778982695265963, -3.278814647836335361, -4.230783387481711344 ) ) ;
#4991 = CARTESIAN_POINT ( 'NONE',  ( 4.523725985156451301, -2.129496070639188332, -0.1186765916461970105 ) ) ;
#4992 = EDGE_LOOP ( 'NONE', ( #4272, #527, #3534, #2668, #3066, #4600 ) ) ;
#4993 = CARTESIAN_POINT ( 'NONE',  ( 1.140125090799391616, -5.899719897037688732, -4.635805734883053475 ) ) ;
#4994 = CARTESIAN_POINT ( 'NONE',  ( 1.818433730567823092, -1.943455294822464152, -5.300979757239056234 ) ) ;
#4995 = FACE_OUTER_BOUND ( 'NONE', #1488, .T. ) ;
#4996 = LINE ( 'NONE', #822, #4462 ) ;
#4997 = ORIENTED_EDGE ( 'NONE', *, *, #5127, .F. ) ;
#4998 = CARTESIAN_POINT ( 'NONE',  ( -3.918038746913496961, -7.616026296175530064, -1.622904786874857175 ) ) ;
#4999 = CIRCLE ( 'NONE', #267, 5.499999999999999112 ) ;
#5000 = CARTESIAN_POINT ( 'NONE',  ( -3.256317696518119868E-17, -2.676744328227586234, 4.762500000000000178 ) ) ;
#5001 = CARTESIAN_POINT ( 'NONE',  ( 4.558439242842528216, -5.991057157773466813, -1.219307949386516210 ) ) ;
#5002 = CARTESIAN_POINT ( 'NONE',  ( 4.731098907262096809, -4.934203909048455294, -0.6281063517088295578 ) ) ;
#5003 = CARTESIAN_POINT ( 'NONE',  ( -2.383625377780725696, -3.168149231731269388, -4.134998527410158609 ) ) ;
#5004 = DIRECTION ( 'NONE',  ( 0.000000000000000000, 0.000000000000000000, 1.000000000000000000 ) ) ;
#5005 = CARTESIAN_POINT ( 'NONE',  ( 1.622904786874857175, -2.621473703824469759, -3.918038746913496961 ) ) ;
#5006 = CARTESIAN_POINT ( 'NONE',  ( 2.904450181867831215, -3.505618695481275360, -3.787359792438638628 ) ) ;
#5007 = CARTESIAN_POINT ( 'NONE',  ( -1.972692090801865028, -5.833125000000000782, -4.762500000000000178 ) ) ;
#5008 = SPHERICAL_SURFACE ( 'NONE', #4060, 0.7499999999999963363 ) ;
#5009 = CARTESIAN_POINT ( 'NONE',  ( 0.000000000000000000, 0.4738549290423901272, 5.500000000000000888 ) ) ;
#5010 = CARTESIAN_POINT ( 'NONE',  ( 0.000000000000000000, -2.000000000000000000, -1.653408313040394459E-15 ) ) ;
#5011 = EDGE_LOOP ( 'NONE', ( #899, #4725, #2325, #1231, #1705, #3642 ) ) ;
#5012 = CARTESIAN_POINT ( 'NONE',  ( -3.784061415478989776, -5.667579703190449791, -2.908655507106525206 ) ) ;
#5013 = CARTESIAN_POINT ( 'NONE',  ( -1.972692090801865028, -4.404374999999999041, -4.762500000000000178 ) ) ;
#5014 = PLANE ( 'NONE',  #2191 ) ;
#5015 = CARTESIAN_POINT ( 'NONE',  ( -2.256723832270060903, -2.023584908919382030, -4.143438806961889931 ) ) ;
#5016 = CARTESIAN_POINT ( 'NONE',  ( -0.3092684078314365537, -3.201303901403114605, -4.762610212290189438 ) ) ;
#5017 = CARTESIAN_POINT ( 'NONE',  ( 3.426095673799863128, -2.201398426544331155, 2.745423033753708886 ) ) ;
#5018 = ORIENTED_EDGE ( 'NONE', *, *, #4212, .T. ) ;
#5019 = CARTESIAN_POINT ( 'NONE',  ( 2.066995979724123078, -5.942559163838546432, -4.303008970629762509 ) ) ;
#5020 = CARTESIAN_POINT ( 'NONE',  ( -2.113446903853232417, -5.272613035207522003, 4.279131089396712717 ) ) ;
#5021 = TOROIDAL_SURFACE ( 'NONE', #3102, 1.957629832425594740, 0.5000000000000000000 ) ;
#5022 = CARTESIAN_POINT ( 'NONE',  ( -1.622904786874856953, -3.732723703824470274, -3.918038746913496961 ) ) ;
#5023 = CARTESIAN_POINT ( 'NONE',  ( 0.000000000000000000, -7.500000000000000000, 3.809999999999997389 ) ) ;
#5024 = ADVANCED_FACE ( 'NONE', ( #4265 ), #12, .T. ) ;
#5025 =( BOUNDED_SURFACE ( )  B_SPLINE_SURFACE ( 3, 2, ( 
 ( #4432, #2754, #340 ),
 ( #5279, #1937, #2804 ),
 ( #3636, #2729, #4406 ),
 ( #4924, #2396, #1110 ),
 ( #1986, #313, #1963 ),
 ( #1524, #1161, #1473 ),
 ( #2831, #3660, #2778 ),
 ( #5329, #1575, #5303 ),
 ( #3201, #4507, #3147 ),
 ( #749, #1498, #4896 ),
 ( #649, #1136, #2319 ),
 ( #2014, #4817, #3996 ),
 ( #1549, #239, #721 ),
 ( #3253, #2423, #697 ),
 ( #1910, #673, #3587 ),
 ( #4099, #3174, #4871 ),
 ( #2343, #2370, #4843 ),
 ( #4022, #1086, #3611 ),
 ( #4456, #4047, #286 ),
 ( #3366, #1686, #1632 ),
 ( #4536, #2041, #4563 ),
 ( #4951, #18, #454 ),
 ( #398, #1272, #3770 ),
 ( #2564, #2153, #3716 ),
 ( #2943, #4155, #2124 ),
 ( #425, #803, #4595 ),
 ( #2887, #5035, #3307 ),
 ( #3800, #5383, #2972 ),
 ( #2068, #5409, #4977 ),
 ( #2857, #2509, #775 ),
 ( #4622, #2534, #1215 ),
 ( #857, #4211, #2093 ),
 ( #2451, #1714, #1299 ),
 ( #45, #2479, #5356 ),
 ( #4127, #370, #3394 ),
 ( #832, #5063, #4648 ),
 ( #4181, #886, #4240 ),
 ( #482, #1605, #3281 ),
 ( #3742, #1189, #1658 ),
 ( #3336, #5006, #1243 ),
 ( #2916, #5145, #1856 ),
 ( #971, #5118, #3060 ),
 ( #1441, #3032, #4787 ),
 ( #128, #1743, #3421 ),
 ( #2235, #1827, #154 ),
 ( #4761, #3002, #508 ),
 ( #3475, #4705, #1358 ),
 ( #942, #4267, #2621 ),
 ( #4293, #1415, #2179 ),
 ( #1384, #2699, #2648 ),
 ( #567, #102, #539 ),
 ( #3854, #2206, #3500 ),
 ( #3883, #4732, #2261 ),
 ( #914, #71, #4324 ),
 ( #5090, #1330, #3912 ),
 ( #3938, #3088, #1000 ),
 ( #1799, #4677, #2593 ),
 ( #1770, #3446, #180 ),
 ( #5174, #2674, #4349 ),
 ( #593, #3528, #5201 ),
 ( #3116, #1024, #4376 ),
 ( #619, #3829, #4451 ),
 ( #3557, #3247, #307 ),
 ( #1929, #207, #2796 ) ),
 .UNSPECIFIED., .F., .F., .F. ) 
 B_SPLINE_SURFACE_WITH_KNOTS ( ( 4, 2, 2, 2, 2, 2, 2, 2, 2, 2, 2, 2, 2, 2, 2, 2, 2, 2, 2, 2, 2, 2, 2, 2, 2, 2, 2, 2, 2, 2, 2, 4 ),
 ( 3, 3 ),
 ( 0.000000000000000000, 0.0009118231145486238153, 0.001823646229097247631, 0.002735469343645871229, 0.003647292458194495261, 0.004559115572743119293, 0.005470938687291742458, 0.006382761801840366490, 0.007294584916388990523, 0.008206408030937615422, 0.009118231145486238587, 0.01003005426003486175, 0.01094187737458348492, 0.01185370048913210808, 0.01276552360368073298, 0.01367734671822935788, 0.01458916983277798105, 0.01550099294732660594, 0.01641281606187523084, 0.01732463917642385401, 0.01823646229097247717, 0.01914828540552110034, 0.02006010852006972350, 0.02097193163461834667, 0.02188375474916696983, 0.02279557786371559300, 0.02370740097826421616, 0.02461922409281284280, 0.02553104720736146596, 0.02644287032191008913, 0.02735469343645871576, 0.02917833966555596209 ),
 ( 0.000000000000000000, 1.000000000000000000 ),
 .UNSPECIFIED. ) 
 GEOMETRIC_REPRESENTATION_ITEM ( )  RATIONAL_B_SPLINE_SURFACE ( (
 ( 1.000000000000000000, 0.8548157496099211272, 1.000000000000000000),
 ( 1.000000000000000000, 0.8548105634531443231, 1.000000000000000000),
 ( 1.000000000000000000, 0.8548064079138111282, 1.000000000000000000),
 ( 1.000000000000000000, 0.8548007889470272680, 1.000000000000000000),
 ( 1.000000000000000000, 0.8547993005181780957, 1.000000000000000000),
 ( 1.000000000000000000, 0.8547992973576238329, 1.000000000000000000),
 ( 1.000000000000000000, 0.8548007452252569527, 1.000000000000000000),
 ( 1.000000000000000000, 0.8548063511972591177, 1.000000000000000000),
 ( 1.000000000000000000, 0.8548119987900826278, 1.000000000000000000),
 ( 1.000000000000000000, 0.8548195150726018987, 1.000000000000000000),
 ( 1.000000000000000000, 0.8548064475764046710, 1.000000000000000000),
 ( 1.000000000000000000, 0.8548007707485084650, 1.000000000000000000),
 ( 1.000000000000000000, 0.8547993066216064140, 1.000000000000000000),
 ( 1.000000000000000000, 0.8547992913137194559, 1.000000000000000000),
 ( 1.000000000000000000, 0.8548007345512501631, 1.000000000000000000),
 ( 1.000000000000000000, 0.8548063897450767223, 1.000000000000000000),
 ( 1.000000000000000000, 0.8548105268155402614, 1.000000000000000000),
 ( 1.000000000000000000, 0.8548208885582174732, 1.000000000000000000),
 ( 1.000000000000000000, 0.8548064111782517349, 1.000000000000000000),
 ( 1.000000000000000000, 0.8548007748937241912, 1.000000000000000000),
 ( 1.000000000000000000, 0.8547993137953295850, 1.000000000000000000),
 ( 1.000000000000000000, 0.8547992843039982080, 1.000000000000000000),
 ( 1.000000000000000000, 0.8548007573493632272, 1.000000000000000000),
 ( 1.000000000000000000, 0.8548063519355755258, 1.000000000000000000),
 ( 1.000000000000000000, 0.8548104655322991130, 1.000000000000000000),
 ( 1.000000000000000000, 0.8548209488377892518, 1.000000000000000000),
 ( 1.000000000000000000, 0.8548064316101099402, 1.000000000000000000),
 ( 1.000000000000000000, 0.8548008021415088864, 1.000000000000000000),
 ( 1.000000000000000000, 0.8547993074215951559, 1.000000000000000000),
 ( 1.000000000000000000, 0.8547992905260297647, 1.000000000000000000),
 ( 1.000000000000000000, 0.8548007338161920377, 1.000000000000000000),
 ( 1.000000000000000000, 0.8548063240314087707, 1.000000000000000000),
 ( 1.000000000000000000, 0.8548105342770642157, 1.000000000000000000),
 ( 1.000000000000000000, 0.8548209093875183129, 1.000000000000000000),
 ( 1.000000000000000000, 0.8548064727778793559, 1.000000000000000000),
 ( 1.000000000000000000, 0.8548007885149725427, 1.000000000000000000),
 ( 1.000000000000000000, 0.8547993129336329821, 1.000000000000000000),
 ( 1.000000000000000000, 0.8547992851426903238, 1.000000000000000000),
 ( 1.000000000000000000, 0.8548007160751380784, 1.000000000000000000),
 ( 1.000000000000000000, 0.8548063639942351521, 1.000000000000000000),
 ( 1.000000000000000000, 0.8548104987680136269, 1.000000000000000000),
 ( 1.000000000000000000, 0.8548208475855971766, 1.000000000000000000),
 ( 1.000000000000000000, 0.8548064394807013411, 1.000000000000000000),
 ( 1.000000000000000000, 0.8548007863964788289, 1.000000000000000000),
 ( 1.000000000000000000, 0.8547993207870927534, 1.000000000000000000),
 ( 1.000000000000000000, 0.8547992775716977132, 1.000000000000000000),
 ( 1.000000000000000000, 0.8548007438090140520, 1.000000000000000000),
 ( 1.000000000000000000, 0.8548063284298635933, 1.000000000000000000),
 ( 1.000000000000000000, 0.8548104360676543889, 1.000000000000000000),
 ( 1.000000000000000000, 0.8548208949459911166, 1.000000000000000000),
 ( 1.000000000000000000, 0.8548064554979596386, 1.000000000000000000),
 ( 1.000000000000000000, 0.8548008151824685319, 1.000000000000000000),
 ( 1.000000000000000000, 0.8547993147463917030, 1.000000000000000000),
 ( 1.000000000000000000, 0.8547992833810642566, 1.000000000000000000),
 ( 1.000000000000000000, 0.8548007223874016791, 1.000000000000000000),
 ( 1.000000000000000000, 0.8548062973422030364, 1.000000000000000000),
 ( 1.000000000000000000, 0.8548105005548427560, 1.000000000000000000),
 ( 1.000000000000000000, 0.8548208722354013744, 1.000000000000000000),
 ( 1.000000000000000000, 0.8548064977485002602, 1.000000000000000000),
 ( 1.000000000000000000, 0.8548008059200588038, 1.000000000000000000),
 ( 1.000000000000000000, 0.8547993193059499895, 1.000000000000000000),
 ( 1.000000000000000000, 0.8547992588376133183, 1.000000000000000000),
 ( 1.000000000000000000, 0.8548051485245566905, 1.000000000000000000),
 ( 1.000000000000000000, 0.8548157496099217934, 1.000000000000000000) ) ) 
 REPRESENTATION_ITEM ( '' )  SURFACE ( )  );
#5026 = ORIENTED_EDGE ( 'NONE', *, *, #4110, .T. ) ;
#5027 = CARTESIAN_POINT ( 'NONE',  ( -1.622904786874859173, -3.488526296175529673, 3.918038746913496073 ) ) ;
#5028 = LOCAL_TIME ( 17, 20, 7.000000000000000000, #185 ) ;
#5029 = CARTESIAN_POINT ( 'NONE',  ( 2.113051945689641720, -2.583657574639287358, 4.279414409319135970 ) ) ;
#5030 = CARTESIAN_POINT ( 'NONE',  ( 1.947188410644292711E-16, -7.500000000000000888, -1.590000000000001856 ) ) ;
#5031 = CARTESIAN_POINT ( 'NONE',  ( 4.281977437835479350, -5.052830748181091458, 2.108058028830525732 ) ) ;
#5032 = CARTESIAN_POINT ( 'NONE',  ( -4.611535788517270973, -2.905035328419734775, 1.229364264689718045 ) ) ;
#5033 = DIRECTION ( 'NONE',  ( 0.000000000000000000, -1.000000000000000000, 0.000000000000000000 ) ) ;
#5034 = CARTESIAN_POINT ( 'NONE',  ( 2.694804371304934332, -4.344054509500277383, 2.694804371304935664 ) ) ;
#5035 = CARTESIAN_POINT ( 'NONE',  ( -2.906140723560127981, -3.239287240492359832, -3.785759535953165500 ) ) ;
#5036 = CARTESIAN_POINT ( 'NONE',  ( -0.002454761440142675527, -3.946845239964532848, 4.662499353795801937 ) ) ;
#5037 = CARTESIAN_POINT ( 'NONE',  ( 3.546226150578373648, -3.649493453429573986, 3.112876463639115077 ) ) ;
#5038 = CARTESIAN_POINT ( 'NONE',  ( 4.402977708195090933, -6.183764052180710458, -1.698452193996103254 ) ) ;
#5039 = CARTESIAN_POINT ( 'NONE',  ( -3.791065159419432895, -5.303400693504556784, 2.899289915193504985 ) ) ;
#5040 = EDGE_LOOP ( 'NONE', ( #712, #2635, #953, #3721, #2028, #2084 ) ) ;
#5041 = CARTESIAN_POINT ( 'NONE',  ( -2.770471766894173626, -4.837901296175528110, 2.770471766894172738 ) ) ;
#5042 = CARTESIAN_POINT ( 'NONE',  ( 4.762500000000000178, -2.261250000000000426, 0.000000000000000000 ) ) ;
#5043 = CARTESIAN_POINT ( 'NONE',  ( -1.537497031161963790, -4.012665884775513447, 4.518290869243614338 ) ) ;
#5044 = CARTESIAN_POINT ( 'NONE',  ( 1.236487880575422471, -5.866816550451435575, -4.609687948236114607 ) ) ;
#5045 = VERTEX_POINT ( 'NONE', #1396 ) ;
#5046 = CARTESIAN_POINT ( 'NONE',  ( -3.108072147072075353, -3.039699027271932419, -3.550420328639507517 ) ) ;
#5047 = CARTESIAN_POINT ( 'NONE',  ( 3.853737500060240961, -2.184641366820685882, 2.168023094207684576 ) ) ;
#5048 = ORIENTED_EDGE ( 'NONE', *, *, #1045, .F. ) ;
#5049 = CARTESIAN_POINT ( 'NONE',  ( -3.410448352233177438, -5.751935924318670068, -3.340254160742469391 ) ) ;
#5050 = CARTESIAN_POINT ( 'NONE',  ( -4.278755305378804330, -5.590158225111182766, -2.114414324788903787 ) ) ;
#5051 = CARTESIAN_POINT ( 'NONE',  ( -3.918038746913496961, -4.764598703824469261, -4.798213610342920265E-16 ) ) ;
#5052 = CARTESIAN_POINT ( 'NONE',  ( -5.499999999999998224, -1.953729179351511913, -1.070740573249818084 ) ) ;
#5053 = CARTESIAN_POINT ( 'NONE',  ( 0.9928549502214799594, -6.505855463732762800, 4.660772481201507667 ) ) ;
#5054 = LINE ( 'NONE', #1290, #5177 ) ;
#5055 = EDGE_CURVE ( 'NONE', #3299, #175, #1435, .T. ) ;
#5056 = ORIENTED_EDGE ( 'NONE', *, *, #1440, .T. ) ;
#5057 = CARTESIAN_POINT ( 'NONE',  ( 4.731698268914901639, -2.333599655864198930, -0.6244037770987637126 ) ) ;
#5058 = DIRECTION ( 'NONE',  ( 0.000000000000000000, 1.000000000000000000, 0.000000000000000000 ) ) ;
#5059 = CARTESIAN_POINT ( 'NONE',  ( 3.550330276139913366, -5.134058987672217356, 3.108231784050290436 ) ) ;
#5060 = CARTESIAN_POINT ( 'NONE',  ( -4.135413092901350396, -2.850700950847942838, 2.382511701287485462 ) ) ;
#5061 = CARTESIAN_POINT ( 'NONE',  ( -1.892876174640547804, -7.344627661766311100, 3.495867362092843766 ) ) ;
#5062 = CARTESIAN_POINT ( 'NONE',  ( 1.578579852768129177, -6.487179509500277774, -3.811028889841741041 ) ) ;
#5063 = CARTESIAN_POINT ( 'NONE',  ( 1.231538967490555248, -3.424576459435549669, -4.611130590084344227 ) ) ;
#5064 = CARTESIAN_POINT ( 'NONE',  ( -1.972692090801868137, -4.086874999999999147, 4.762499999999999289 ) ) ;
#5065 = CARTESIAN_POINT ( 'NONE',  ( 2.874165073733181419, -3.318973240461696950, -3.742264602804827867 ) ) ;
#5066 = CARTESIAN_POINT ( 'NONE',  ( -9.660718518450857290E-13, -6.860705524101780917, -4.449294475898216028 ) ) ;
#5067 = FACE_OUTER_BOUND ( 'NONE', #460, .T. ) ;
#5068 = ORIENTED_EDGE ( 'NONE', *, *, #4620, .T. ) ;
#5069 = CARTESIAN_POINT ( 'NONE',  ( -2.111346434285317653, -5.758741032532775250, -4.280304787766209706 ) ) ;
#5070 = DIRECTION ( 'NONE',  ( -0.000000000000000000, 1.000000000000000000, -0.000000000000000000 ) ) ;
#5071 = CARTESIAN_POINT ( 'NONE',  ( -4.557212233729845963, -4.300656101682364785, 1.224404664378263341 ) ) ;
#5072 = CARTESIAN_POINT ( 'NONE',  ( 4.609750414521686324, -6.079724162008277588, -1.236359028631164314 ) ) ;
#5073 = CARTESIAN_POINT ( 'NONE',  ( -4.470164131432945887, -2.802678809958806472, 1.511466353067787205 ) ) ;
#5074 = CARTESIAN_POINT ( 'NONE',  ( 4.762662928458444966, -6.058847502448559297, -0.3081629618615487343 ) ) ;
#5075 = ORIENTED_EDGE ( 'NONE', *, *, #2678, .T. ) ;
#5076 = CARTESIAN_POINT ( 'NONE',  ( 3.831721025538244341, -6.039159972015114342, -2.847224983408693344 ) ) ;
#5077 = CARTESIAN_POINT ( 'NONE',  ( -1.770170408074112522, -2.460567689467841213, -3.470989413503547727 ) ) ;
#5078 = CARTESIAN_POINT ( 'NONE',  ( 0.0008361829345387664526, -2.639472015592987830, 4.762500000000000178 ) ) ;
#5079 = CARTESIAN_POINT ( 'NONE',  ( -3.374039793075973570, -6.520722762006276874, 3.317021030532049775 ) ) ;
#5080 = CARTESIAN_POINT ( 'NONE',  ( 4.405550246499413625, -6.309920538079556884, 1.838388437824999277 ) ) ;
#5081 = CARTESIAN_POINT ( 'NONE',  ( 2.399106805171460132E-16, -4.044151296175530597, -3.918038746913496961 ) ) ;
#5082 = CARTESIAN_POINT ( 'NONE',  ( 3.918038746913496961, -6.901651296175530526, 0.000000000000000000 ) ) ;
#5083 = CIRCLE ( 'NONE', #618, 0.1000000000000003109 ) ;
#5084 = CARTESIAN_POINT ( 'NONE',  ( -0.3045466106832834252, -5.713317649008212484, -4.708828473007520721 ) ) ;
#5085 = CARTESIAN_POINT ( 'NONE',  ( -1.020160573547705063, -2.087371699251477253, -4.610819665765808928 ) ) ;
#5086 = DIRECTION ( 'NONE',  ( 0.000000000000000000, -1.000000000000000000, 0.000000000000000000 ) ) ;
#5087 = DIRECTION ( 'NONE',  ( 0.000000000000000000, -3.921717058577609625E-16, 1.000000000000000000 ) ) ;
#5088 = EDGE_CURVE ( 'NONE', #583, #4374, #2360, .T. ) ;
#5089 = CARTESIAN_POINT ( 'NONE',  ( 1.578579852768130065, -3.153429509500276673, 3.811028889841740597 ) ) ;
#5090 = CARTESIAN_POINT ( 'NONE',  ( 4.134452875840442410, -3.735632313889021727, 2.384183105501538336 ) ) ;
#5091 = DIRECTION ( 'NONE',  ( -0.04106941752432004267, 0.9991562955535100432, 0.000000000000000000 ) ) ;
#5092 = CARTESIAN_POINT ( 'NONE',  ( 4.282172527465032630, -4.708443722634433115, -2.107530668982210198 ) ) ;
#5093 = CARTESIAN_POINT ( 'NONE',  ( -4.233965073114904776, -2.775422207615308778, 2.083371480990090063 ) ) ;
#5094 = EDGE_CURVE ( 'NONE', #3439, #2165, #3355, .T. ) ;
#5095 = CARTESIAN_POINT ( 'NONE',  ( -3.638744680535543896, -7.432417230628478144, 1.354527759367425421 ) ) ;
#5096 = ORIENTED_EDGE ( 'NONE', *, *, #3296, .F. ) ;
#5097 = CARTESIAN_POINT ( 'NONE',  ( -2.770471766894172738, -5.155401296175528003, -2.770471766894173182 ) ) ;
#5098 = CARTESIAN_POINT ( 'NONE',  ( -4.762500000000001066, -2.816875000000001350, 1.972692090801864584 ) ) ;
#5099 = CARTESIAN_POINT ( 'NONE',  ( -0.6239474782445382228, -4.033120472098818077, 4.731633384578771917 ) ) ;
#5100 = CARTESIAN_POINT ( 'NONE',  ( 0.3108702899034092026, -5.827018132650088944, -4.762499999999052491 ) ) ;
#5101 = CARTESIAN_POINT ( 'NONE',  ( -4.708231138671051141, -2.881103129046022726, -0.3165601122773747389 ) ) ;
#5102 = CARTESIAN_POINT ( 'NONE',  ( 4.678394710897178399, -6.068809393732040647, 0.6164339731697374702 ) ) ;
#5103 = EDGE_CURVE ( 'NONE', #5263, #5361, #2817, .T. ) ;
#5104 = ORIENTED_EDGE ( 'NONE', *, *, #1127, .F. ) ;
#5105 = CARTESIAN_POINT ( 'NONE',  ( -0.5022081551028384494, -5.831279715393554497, -4.747425365565207223 ) ) ;
#5106 = CARTESIAN_POINT ( 'NONE',  ( -1.760990244414529782, -2.459388826875659184, -3.478140213575731110 ) ) ;
#5107 = CARTESIAN_POINT ( 'NONE',  ( -4.520609714717185312, -4.161392732373281333, 1.530787135602216464 ) ) ;
#5108 = CARTESIAN_POINT ( 'NONE',  ( -2.516616041062793574, 0.4738549290423942351, 4.897884012331351400 ) ) ;
#5109 = ORIENTED_EDGE ( 'NONE', *, *, #3277, .T. ) ;
#5110 = CARTESIAN_POINT ( 'NONE',  ( 2.770471766894176291, -4.520401296175530881, 2.770471766894177623 ) ) ;
#5111 = DIRECTION ( 'NONE',  ( 1.224646799147353454E-16, 0.000000000000000000, -1.000000000000000000 ) ) ;
#5112 = CARTESIAN_POINT ( 'NONE',  ( 3.229107376118718786, -2.398006063648236541, 3.436377944749892777 ) ) ;
#5113 = CARTESIAN_POINT ( 'NONE',  ( 1.070721609379261405E-15, 4.067719139822245644, 8.743105441705639080 ) ) ;
#5114 = CARTESIAN_POINT ( 'NONE',  ( 2.114008101208347590, -5.086398851617568440, 4.278996327495673491 ) ) ;
#5115 = ORIENTED_EDGE ( 'NONE', *, *, #1499, .F. ) ;
#5116 = CONICAL_SURFACE ( 'NONE', #5280, 5.499999999999999112, 1.047197551196600074 ) ;
#5117 = CARTESIAN_POINT ( 'NONE',  ( -7.000746497104166611E-16, -4.502804509500275998, 3.811028889841740597 ) ) ;
#5118 = CARTESIAN_POINT ( 'NONE',  ( 3.584163513063688633, -3.543566737481492090, -3.151447644396473624 ) ) ;
#5119 = CARTESIAN_POINT ( 'NONE',  ( 2.399106805171460132E-16, -6.352098703824469617, -3.918038746913496961 ) ) ;
#5120 = CARTESIAN_POINT ( 'NONE',  ( -3.148651740373691776, -4.055788003657706753, 3.586663832424321185 ) ) ;
#5121 = CARTESIAN_POINT ( 'NONE',  ( -2.878977708210563424, -2.684228448397238065, 3.738744675755397484 ) ) ;
#5122 = CARTESIAN_POINT ( 'NONE',  ( 0.000000000000000000, 0.000000000000000000, 0.000000000000000000 ) ) ;
#5123 = CARTESIAN_POINT ( 'NONE',  ( 4.280766029808036777, -2.229077680340148415, -2.110296932096928035 ) ) ;
#5124 = AXIS2_PLACEMENT_3D ( 'NONE', #2960, #4282, #5135 ) ;
#5125 = ORIENTED_EDGE ( 'NONE', *, *, #296, .T. ) ;
#5126 = CARTESIAN_POINT ( 'NONE',  ( -2.750000000000000444, 0.4738549290423901272, -4.763139720814411504 ) ) ;
#5127 = EDGE_CURVE ( 'NONE', #439, #1291, #3977, .T. ) ;
#5128 = CARTESIAN_POINT ( 'NONE',  ( 0.000000000000000000, 6.000000000000007994, -1.530808498934193789E-16 ) ) ;
#5129 = CARTESIAN_POINT ( 'NONE',  ( -3.786266930329082570, -4.131046588328850966, 2.905790900488359974 ) ) ;
#5130 = CARTESIAN_POINT ( 'NONE',  ( 4.732358068413712537, -6.157463322769654468, 0.6200300054217965373 ) ) ;
#5131 = CARTESIAN_POINT ( 'NONE',  ( 5.500000000000000000, -0.01738525708133346545, -3.175426480542943075 ) ) ;
#5132 = CARTESIAN_POINT ( 'NONE',  ( 2.089745759997567287, -5.818813019690638910, -4.230799763551714499 ) ) ;
#5133 = VERTEX_POINT ( 'NONE', #4823 ) ;
#5134 = CARTESIAN_POINT ( 'NONE',  ( -3.408683091259307574, -5.691280704785477873, -3.342049198568994406 ) ) ;
#5135 = DIRECTION ( 'NONE',  ( 0.000000000000000000, -3.624005796528497542E-16, 1.000000000000000000 ) ) ;
#5136 = CARTESIAN_POINT ( 'NONE',  ( -3.589746418322867338, -4.080913389477549558, 3.145134397349548028 ) ) ;
#5137 = DIRECTION ( 'NONE',  ( 0.000000000000000000, 2.668805347656624706E-16, -1.000000000000000000 ) ) ;
#5138 = CARTESIAN_POINT ( 'NONE',  ( -0.5415134925714439884, -6.563362704891363641, 4.715705695497376837 ) ) ;
#5139 = CARTESIAN_POINT ( 'NONE',  ( -2.770471766894176735, -5.155401296175530668, -2.770471766894177179 ) ) ;
#5140 = CARTESIAN_POINT ( 'NONE',  ( 1.622904786874857841, -7.139776296175530668, 3.918038746913496073 ) ) ;
#5141 = CARTESIAN_POINT ( 'NONE',  ( -0.6099272432692985912, -5.700393858309683814, -4.679199215640010401 ) ) ;
#5142 = CARTESIAN_POINT ( 'NONE',  ( -1.707968901313382970, -2.055871042754462863, -4.402637553137062731 ) ) ;
#5143 = CARTESIAN_POINT ( 'NONE',  ( 1.537415029129693522, -5.113587861692830749, 4.518317701413010923 ) ) ;
#5144 = CARTESIAN_POINT ( 'NONE',  ( -3.811028889841741041, -4.740929509500277028, 1.578579852768128067 ) ) ;
#5145 = CARTESIAN_POINT ( 'NONE',  ( 3.144562830926643127, -3.518565968062285165, -3.590205837617797435 ) ) ;
#5146 = CARTESIAN_POINT ( 'NONE',  ( 3.367596045400933047, -3.531249999999999556, -3.367596045400932603 ) ) ;
#5147 = CARTESIAN_POINT ( 'NONE',  ( -4.229218108212134730, -4.231465001664775905, -2.092825005992342113 ) ) ;
#5148 = CARTESIAN_POINT ( 'NONE',  ( 0.6222905735082523426, -3.211563533572769025, -4.677457166761090690 ) ) ;
#5149 = CARTESIAN_POINT ( 'NONE',  ( 1.536317546154553293, -2.573639437058288237, 4.518762685564952974 ) ) ;
#5150 = VERTEX_POINT ( 'NONE', #1477 ) ;
#5151 = DIRECTION ( 'NONE',  ( 0.000000000000000000, 0.000000000000000000, -1.000000000000000000 ) ) ;
#5152 = CARTESIAN_POINT ( 'NONE',  ( 0.4328858657299214929, -2.022082495654580203, -4.753291424075200666 ) ) ;
#5153 = CARTESIAN_POINT ( 'NONE',  ( -4.678392700202928189, -4.327439962762529291, 0.6164489531384400589 ) ) ;
#5154 = DIRECTION ( 'NONE',  ( 0.000000000000000000, 0.000000000000000000, -1.000000000000000000 ) ) ;
#5155 = ORIENTED_EDGE ( 'NONE', *, *, #3713, .T. ) ;
#5156 = CARTESIAN_POINT ( 'NONE',  ( -0.6284022509896717290, -2.604034596726599649, 4.762502755914530539 ) ) ;
#5157 = ADVANCED_FACE ( 'NONE', ( #3591, #4025 ), #1552, .T. ) ;
#5158 = CARTESIAN_POINT ( 'NONE',  ( 3.551702281097244285, -5.897265192345772178, -3.106977221723294935 ) ) ;
#5159 = ORIENTED_EDGE ( 'NONE', *, *, #2336, .T. ) ;
#5160 = CARTESIAN_POINT ( 'NONE',  ( -4.773028114844798608, -5.537359624865476171, -0.08181720077944810987 ) ) ;
#5161 = CARTESIAN_POINT ( 'NONE',  ( -1.736608462373676831, -2.453592220172168048, -3.502536278150526261 ) ) ;
#5162 = CARTESIAN_POINT ( 'NONE',  ( -1.540542438537752634, -3.975594733489757449, 4.517117408510308074 ) ) ;
#5163 = CARTESIAN_POINT ( 'NONE',  ( -1.603181133881598885, -6.430595551901622464, 4.433421610373244448 ) ) ;
#5164 = ADVANCED_FACE ( 'NONE', ( #2273 ), #4146, .T. ) ;
#5165 = ORIENTED_EDGE ( 'NONE', *, *, #4508, .T. ) ;
#5166 = CARTESIAN_POINT ( 'NONE',  ( -0.3162360428236091758, -6.499448185474050455, 4.763484299649888065 ) ) ;
#5167 = CARTESIAN_POINT ( 'NONE',  ( 1.622904786874857841, -4.599776296175530632, 3.918038746913496073 ) ) ;
#5168 = CARTESIAN_POINT ( 'NONE',  ( -4.233960224855653820, -5.315421726327714147, 2.083381298992586839 ) ) ;
#5169 = CARTESIAN_POINT ( 'NONE',  ( 0.3146113073986064879, -3.934081292217558978, 4.762500000000001066 ) ) ;
#5170 = CARTESIAN_POINT ( 'NONE',  ( -4.433836527035438735, -6.630818655712997334, 1.738535929678808323 ) ) ;
#5171 = ORIENTED_EDGE ( 'NONE', *, *, #3920, .T. ) ;
#5172 = CARTESIAN_POINT ( 'NONE',  ( -1.850809724303770665, -1.224752213375555732, -3.331432809412636420 ) ) ;
#5173 = CIRCLE ( 'NONE', #1312, 0.7500000000000001110 ) ;
#5174 = CARTESIAN_POINT ( 'NONE',  ( 2.908972133330979926, -3.813376998502746584, 3.783769399789921106 ) ) ;
#5175 = CARTESIAN_POINT ( 'NONE',  ( 3.367596045400933047, -0.9912499999999990763, -3.367596045400932603 ) ) ;
#5176 = CARTESIAN_POINT ( 'NONE',  ( -4.678794814699293703, -4.112814381869865699, 0.6117125502191941289 ) ) ;
#5177 = VECTOR ( 'NONE', #2965, 1000.000000000000000 ) ;
#5178 = DIRECTION ( 'NONE',  ( 0.000000000000000000, 0.000000000000000000, 1.000000000000000000 ) ) ;
#5179 = SHAPE_DEFINITION_REPRESENTATION ( #2908, #4580 ) ;
#5180 = CARTESIAN_POINT ( 'NONE',  ( 4.519043602306111573, -2.256192789218974593, -1.535107769517293663 ) ) ;
#5181 = ORIENTED_EDGE ( 'NONE', *, *, #3950, .T. ) ;
#5182 = AXIS2_PLACEMENT_3D ( 'NONE', #3337, #5411, #46 ) ;
#5183 = CARTESIAN_POINT ( 'NONE',  ( 4.732353429372702536, -3.617464847822623675, 0.6200659773940255803 ) ) ;
#5184 = CARTESIAN_POINT ( 'NONE',  ( 2.777657341886355713, -2.070199729275030709, -3.881354746127124500 ) ) ;
#5185 = CARTESIAN_POINT ( 'NONE',  ( -2.112517478192581954, -4.549453463982926493, -4.279755943206815516 ) ) ;
#5186 = CARTESIAN_POINT ( 'NONE',  ( 0.3171526938551893493, -6.436743113184709486, 4.762333682195498241 ) ) ;
#5187 = CARTESIAN_POINT ( 'NONE',  ( -0.001163355406554962470, -2.550761377723434364, 4.708643259180782081 ) ) ;
#5188 = CARTESIAN_POINT ( 'NONE',  ( 3.147251187783663529, -5.899951839291501798, -3.588176810058659516 ) ) ;
#5189 = ORIENTED_EDGE ( 'NONE', *, *, #3705, .T. ) ;
#5190 = CARTESIAN_POINT ( 'NONE',  ( -4.339223790297043415, -5.682133574644894658, -1.990179408163395003 ) ) ;
#5191 = CARTESIAN_POINT ( 'NONE',  ( 1.514592458701331523, -4.736219234563376013, -4.468929010536154323 ) ) ;
#5192 = CARTESIAN_POINT ( 'NONE',  ( -0.002507410479073375869, -2.676845239964531942, 4.762499339936194787 ) ) ;
#5193 = LINE ( 'NONE', #3438, #1573 ) ;
#5194 = CARTESIAN_POINT ( 'NONE',  ( -2.963493916336666256, -7.391961253086498651, 2.562953653531614862 ) ) ;
#5195 = CARTESIAN_POINT ( 'NONE',  ( -0.4764992073050134946, -6.582676852245407773, 4.703247878939667892 ) ) ;
#5196 = B_SPLINE_CURVE_WITH_KNOTS ( 'NONE', 3,
 ( #2121, #3304, #4973, #1711, #1212, #2882, #1740, #883, #2940, #4560, #2999, #5060, #4672, #479, #5032, #5379, #1629, #1655, #800, #1683, #3826, #3766, #4618, #3333, #1269, #2150, #3416, #5003, #3739, #853, #2475, #4151, #3711, #2912 ),
 .UNSPECIFIED., .F., .F.,
 ( 4, 2, 2, 2, 2, 2, 2, 2, 2, 2, 2, 2, 2, 2, 2, 2, 4 ),
 ( 2.497550428295739633E-06, 0.0009421933335935005031, 0.001881889116758705223, 0.002821584899923909508, 0.003761280683089114445, 0.004700976466254320682, 0.005640672249419525185, 0.006580368032584730555, 0.007520063815749936792, 0.008459759598915142162, 0.009399455382080345797, 0.01033915116524555117, 0.01127884694841075480, 0.01221854273157596017, 0.01315823851474116381, 0.01409793429790636918, 0.01503763008107157455 ),
 .UNSPECIFIED. ) ;
#5197 = EDGE_CURVE ( 'NONE', #5222, #1554, #1111, .T. ) ;
#5198 = CARTESIAN_POINT ( 'NONE',  ( 0.3101910563797188325, -5.738340142806989341, -4.708456622898697930 ) ) ;
#5199 = CARTESIAN_POINT ( 'NONE',  ( 4.611535746781497025, -3.681214678109496763, 1.229364409687534909 ) ) ;
#5200 = CARTESIAN_POINT ( 'NONE',  ( 1.578579852768129177, -4.067820490499723718, -3.811028889841741041 ) ) ;
#5201 = CARTESIAN_POINT ( 'NONE',  ( 2.366060514623615330, -3.928694916925852709, 4.082698954784042655 ) ) ;
#5202 = CARTESIAN_POINT ( 'NONE',  ( 3.367596045400933047, -2.261249999999999538, -3.367596045400932603 ) ) ;
#5203 = CARTESIAN_POINT ( 'NONE',  ( -4.278169823487196766, -4.259447266021371803, -2.115606550083306114 ) ) ;
#5204 = AXIS2_PLACEMENT_3D ( 'NONE', #236, #4840, #1082 ) ;
#5205 = CARTESIAN_POINT ( 'NONE',  ( 3.681566269432176242, 0.4173102238648555007, 4.225299684389770327 ) ) ;
#5206 = CARTESIAN_POINT ( 'NONE',  ( 1.622904786874857841, -5.637723703824471855, 3.918038746913496073 ) ) ;
#5207 = ORIENTED_EDGE ( 'NONE', *, *, #3010, .F. ) ;
#5208 = AXIS2_PLACEMENT_3D ( 'NONE', #3663, #2070, #3339 ) ;
#5209 = CARTESIAN_POINT ( 'NONE',  ( -4.134185650926420763, -5.427813048812577534, 2.384573046118701800 ) ) ;
#5210 = CARTESIAN_POINT ( 'NONE',  ( 1.349154459088033109, -1.973764356128242525, -4.521997832649748084 ) ) ;
#5211 = CARTESIAN_POINT ( 'NONE',  ( -4.131697577006163691, -4.370867706673001507, -2.388891326109074509 ) ) ;
#5212 = CARTESIAN_POINT ( 'NONE',  ( -5.500000000000000000, -1.657051520504609021, 2.661728940100201779 ) ) ;
#5213 = CARTESIAN_POINT ( 'NONE',  ( -4.668980527357583732, -5.596734033467303249, 0.6298955368193682736 ) ) ;
#5214 = VECTOR ( 'NONE', #3796, 1000.000000000000000 ) ;
#5215 = CARTESIAN_POINT ( 'NONE',  ( -4.678788282132396503, -5.382812223562520870, 0.6117628752125502389 ) ) ;
#5216 = ORIENTED_EDGE ( 'NONE', *, *, #601, .F. ) ;
#5217 = CARTESIAN_POINT ( 'NONE',  ( -4.654216268026360126, -5.578765759726369566, -1.061894726638180853 ) ) ;
#5218 = CARTESIAN_POINT ( 'NONE',  ( 2.354439675830284351, -4.776794229982963991, -4.089518845704087191 ) ) ;
#5219 = CARTESIAN_POINT ( 'NONE',  ( 3.111671038515155363, -4.944499993517426972, 3.547286279677528853 ) ) ;
#5220 = DIRECTION ( 'NONE',  ( 0.000000000000000000, -1.000000000000000000, 0.000000000000000000 ) ) ;
#5221 = CARTESIAN_POINT ( 'NONE',  ( 3.145448443082107026, -3.420610349561719943, -3.589750710627974684 ) ) ;
#5222 = VERTEX_POINT ( 'NONE', #3691 ) ;
#5223 = CARTESIAN_POINT ( 'NONE',  ( 3.933814526213863072, -2.114332104836996074, -2.600140250955865096 ) ) ;
#5224 = CARTESIAN_POINT ( 'NONE',  ( 4.641868953237822559, -2.411535199815400432, -0.8692819819832027228 ) ) ;
#5225 = EDGE_CURVE ( 'NONE', #3756, #583, #1081, .T. ) ;
#5226 = CARTESIAN_POINT ( 'NONE',  ( 2.333582165701389692E-16, -7.798445490499722688, -3.811028889841740597 ) ) ;
#5227 = CARTESIAN_POINT ( 'NONE',  ( 3.111721280387734101, -4.944496837809865930, 3.547235215925151230 ) ) ;
#5228 = CARTESIAN_POINT ( 'NONE',  ( -8.748570571408905162E-16, -2.737499999999999378, 4.762500000000000178 ) ) ;
#5229 = CARTESIAN_POINT ( 'NONE',  ( -3.542848418987307291, -4.284695446663334018, -3.116705465256446761 ) ) ;
#5230 = CARTESIAN_POINT ( 'NONE',  ( -2.263681474587746933, -2.028638692442175095, -4.128803975060819198 ) ) ;
#5231 = CARTESIAN_POINT ( 'NONE',  ( 3.918038746913496961, -5.399598703824469048, 0.000000000000000000 ) ) ;
#5232 = CARTESIAN_POINT ( 'NONE',  ( 0.002440650075534577228, -3.909407446549927556, 4.762499374616989023 ) ) ;
#5233 = CARTESIAN_POINT ( 'NONE',  ( 1.360768458495153377, -2.062398223849999379, -4.574861594584478830 ) ) ;
#5234 = CARTESIAN_POINT ( 'NONE',  ( -3.112544949090263913, -4.524286647351894786, -3.546828468196612238 ) ) ;
#5235 = CARTESIAN_POINT ( 'NONE',  ( -4.281815105524560572, -2.901400964742182786, 2.107997158578584607 ) ) ;
#5236 = CARTESIAN_POINT ( 'NONE',  ( -4.404284065538329074, -5.697135875872131550, -1.694625310829387166 ) ) ;
#5237 = CARTESIAN_POINT ( 'NONE',  ( -4.731105325356866231, -5.462044049907022192, -0.6280582844245571339 ) ) ;
#5238 = EDGE_LOOP ( 'NONE', ( #4984, #5317, #1014, #3924, #142, #1719 ) ) ;
#5239 = CARTESIAN_POINT ( 'NONE',  ( -3.398250620494768004, -5.437842596368151149, 3.340720469510280566 ) ) ;
#5240 = CARTESIAN_POINT ( 'NONE',  ( 4.233984147840813783, -5.080825890388077859, 2.083332646085275464 ) ) ;
#5241 = CARTESIAN_POINT ( 'NONE',  ( 2.114113631724266362, -5.086393755030179875, 4.278945320094873495 ) ) ;
#5242 = CARTESIAN_POINT ( 'NONE',  ( -4.097494605401123202, -7.113546032825788679, 0.9660410303132388465 ) ) ;
#5243 = CARTESIAN_POINT ( 'NONE',  ( 3.786238221468510190, -3.725205401824362550, 2.905828480501161604 ) ) ;
#5244 = CARTESIAN_POINT ( 'NONE',  ( 5.500000000000000000, 0.4738549290423895721, 0.5380045017581058797 ) ) ;
#5245 = CARTESIAN_POINT ( 'NONE',  ( 0.000000000000000000, 7.500000000000000000, 0.7500000000000029976 ) ) ;
#5246 = CARTESIAN_POINT ( 'NONE',  ( 4.599806561257429038, -2.474468065281149265, 1.286286506255746920 ) ) ;
#5247 = CARTESIAN_POINT ( 'NONE',  ( 3.811028889841739709, -5.655320490499724961, 1.578579852768131397 ) ) ;
#5248 = CARTESIAN_POINT ( 'NONE',  ( 4.708400655397284140, -4.785864047182626813, 0.3107552790020357558 ) ) ;
#5249 = CARTESIAN_POINT ( 'NONE',  ( 3.918038746913496073, -4.208973703824470114, 1.622904786874859839 ) ) ;
#5250 = CARTESIAN_POINT ( 'NONE',  ( -3.787066407015417635, -4.397360467467859024, -2.904452621719501693 ) ) ;
#5251 = DIRECTION ( 'NONE',  ( 0.000000000000000000, 0.000000000000000000, 1.000000000000000000 ) ) ;
#5252 = COORDINATED_UNIVERSAL_TIME_OFFSET ( 6, 0, .BEHIND. ) ;
#5253 = CARTESIAN_POINT ( 'NONE',  ( -3.460420579747006009, -7.434472983895635601, -1.745086813897357425 ) ) ;
#5254 = CARTESIAN_POINT ( 'NONE',  ( 0.000000000000000000, 6.000000000000007994, -1.530808498934194036E-16 ) ) ;
#5255 = CARTESIAN_POINT ( 'NONE',  ( 4.743019060277700483, -2.283079092422424239, 0.5344526711875601244 ) ) ;
#5256 = AXIS2_PLACEMENT_3D ( 'NONE', #1974, #4468, #199 ) ;
#5257 = CARTESIAN_POINT ( 'NONE',  ( 0.6205446931010876188, -4.607210181399747917, -4.732245881032400625 ) ) ;
#5258 = EDGE_CURVE ( 'NONE', #4053, #920, #39, .T. ) ;
#5259 = CARTESIAN_POINT ( 'NONE',  ( -2.387457287807845940, -2.783295129165392900, 4.132589558851048395 ) ) ;
#5260 = CARTESIAN_POINT ( 'NONE',  ( -4.695641614982881684, -5.642358277170521852, -0.4693673509091063623 ) ) ;
#5261 = CARTESIAN_POINT ( 'NONE',  ( -3.146490969154764894, -5.668338164039425919, -3.588509233655083452 ) ) ;
#5262 = AXIS2_PLACEMENT_3D ( 'NONE', #4668, #4640, #5111 ) ;
#5263 = VERTEX_POINT ( 'NONE', #3747 ) ;
#5264 = CARTESIAN_POINT ( 'NONE',  ( -0.6630021827010248447, -5.243997276338526525, 4.727496424612615655 ) ) ;
#5265 = CARTESIAN_POINT ( 'NONE',  ( -1.622904786874856953, -3.964776296175529957, -3.918038746913496961 ) ) ;
#5266 = CARTESIAN_POINT ( 'NONE',  ( -4.557280070023146834, -4.300668069790421377, 1.224138667481313947 ) ) ;
#5267 = CARTESIAN_POINT ( 'NONE',  ( 2.387573420424970116, -5.072949101260186389, 4.132523789349188625 ) ) ;
#5268 = CARTESIAN_POINT ( 'NONE',  ( -0.0008357808588822995344, -3.946777968223553756, 4.762500000000000178 ) ) ;
#5269 = CARTESIAN_POINT ( 'NONE',  ( 4.086947495829416077, -3.396748913503856215, -2.358457578202955762 ) ) ;
#5270 = CARTESIAN_POINT ( 'NONE',  ( -0.9247164123591494755, -2.091590587073723029, -4.630676341434829091 ) ) ;
#5271 = CARTESIAN_POINT ( 'NONE',  ( 3.739024125174212898, -2.366484947651958048, 2.873109883387899188 ) ) ;
#5272 = CARTESIAN_POINT ( 'NONE',  ( 4.139641009250223824, -2.550132443984944430, 2.272935581685359807 ) ) ;
#5273 = CARTESIAN_POINT ( 'NONE',  ( -3.811028889841741041, -6.290320490499724748, -1.578579852768129621 ) ) ;
#5274 = CARTESIAN_POINT ( 'NONE',  ( 3.746124778600218530, -4.640220987376160622, -2.869145453952968161 ) ) ;
#5275 = CARTESIAN_POINT ( 'NONE',  ( 1.622904786874857841, -4.367723703824469617, 3.918038746913496073 ) ) ;
#5276 = CARTESIAN_POINT ( 'NONE',  ( -4.732358068488834668, -4.238786677299371419, 0.6200300037379089524 ) ) ;
#5277 = CARTESIAN_POINT ( 'NONE',  ( 3.217814221058692858, 0.4622438190342519349, 4.493047054355440828 ) ) ;
#5278 = CARTESIAN_POINT ( 'NONE',  ( 2.399106805171460132E-16, -6.352098703824469617, -3.918038746913496961 ) ) ;
#5279 = CARTESIAN_POINT ( 'NONE',  ( -0.3171523897338892062, -2.689506472202877863, 4.762333682355615494 ) ) ;
#5280 = AXIS2_PLACEMENT_3D ( 'NONE', #3797, #3933, #5004 ) ;
#5281 = CARTESIAN_POINT ( 'NONE',  ( 4.577693150406440203, -2.282073805172943448, 1.146391095028644003 ) ) ;
#5282 = CARTESIAN_POINT ( 'NONE',  ( 0.000000000000000000, -7.500000000000000000, 0.000000000000000000 ) ) ;
#5283 = CARTESIAN_POINT ( 'NONE',  ( -1.289892540168586343, -6.822319570762592988, -4.302343475176019894 ) ) ;
#5284 = CARTESIAN_POINT ( 'NONE',  ( -4.279386921078628170, -5.590096507797237990, -2.113142011530926290 ) ) ;
#5285 = EDGE_CURVE ( 'NONE', #3007, #2694, #5332, .T. ) ;
#5286 = EDGE_LOOP ( 'NONE', ( #928, #2760 ) ) ;
#5287 = DIRECTION ( 'NONE',  ( 8.659560562354908206E-17, 0.7071067811865493491, -0.7071067811865455743 ) ) ;
#5288 = CARTESIAN_POINT ( 'NONE',  ( -1.972692090801865028, -6.944375000000000853, -4.762500000000000178 ) ) ;
#5289 = CARTESIAN_POINT ( 'NONE',  ( 3.687038438742813895, 0.4738549290423920701, -4.222140325965222374 ) ) ;
#5290 = CARTESIAN_POINT ( 'NONE',  ( 2.111689429258512440, -5.025742562552319548, 4.280143054120783219 ) ) ;
#5291 = CARTESIAN_POINT ( 'NONE',  ( 2.749999999999999112, 0.4738549290423901272, 4.763139720814413280 ) ) ;
#5292 = CARTESIAN_POINT ( 'NONE',  ( 3.741086889421280759, -3.636567656548511884, 2.875997132001133494 ) ) ;
#5293 = CARTESIAN_POINT ( 'NONE',  ( 0.000000000000000000, 5.722886414021194135, -3.250000000000000000 ) ) ;
#5294 = CARTESIAN_POINT ( 'NONE',  ( 2.699332064796185371, -2.039762189506700629, -3.866571044577617133 ) ) ;
#5295 = CARTESIAN_POINT ( 'NONE',  ( 1.472342687565411978, -2.194196797874975235, -4.486903091343326544 ) ) ;
#5296 = CARTESIAN_POINT ( 'NONE',  ( -1.622904786874856953, -6.504776296175530881, -3.918038746913496961 ) ) ;
#5297 = CARTESIAN_POINT ( 'NONE',  ( 2.869314016303365467, -4.957713126455526087, 3.746065407475452247 ) ) ;
#5298 = CARTESIAN_POINT ( 'NONE',  ( -2.770471766894176735, -3.653348703824470078, -2.770471766894177179 ) ) ;
#5299 = CARTESIAN_POINT ( 'NONE',  ( -4.131967121339858551, -4.370844370136232726, -2.388423059494351630 ) ) ;
#5300 = CARTESIAN_POINT ( 'NONE',  ( 2.081483431373318815, -3.493238445955466176, -4.234707057656574847 ) ) ;
#5301 = CARTESIAN_POINT ( 'NONE',  ( 0.6683744302114889013, -6.519869416366910642, 4.718245042787122756 ) ) ;
#5302 = CARTESIAN_POINT ( 'NONE',  ( 3.918038746913496961, -6.590223703824471535, -1.622904786874857175 ) ) ;
#5303 = CARTESIAN_POINT ( 'NONE',  ( -2.869182241571424985, -2.898529739824719176, 3.746170494572170107 ) ) ;
#5304 = CARTESIAN_POINT ( 'NONE',  ( 0.002508616775851066523, -2.639404711492858269, 4.762499339300936718 ) ) ;
#5305 = CYLINDRICAL_SURFACE ( 'NONE', #1249, 4.762500000000000178 ) ;
#5306 = CARTESIAN_POINT ( 'NONE',  ( -3.799670767292711471, -5.493820330590327927, 2.798590467598212506 ) ) ;
#5307 = CARTESIAN_POINT ( 'NONE',  ( -2.870622281559069400, -5.592646660378915335, -3.745280840778880904 ) ) ;
#5308 = EDGE_LOOP ( 'NONE', ( #2608, #3075, #755, #5115, #3785, #3978, #2099 ) ) ;
#5309 = CARTESIAN_POINT ( 'NONE',  ( 3.918038746913491632, -5.631651296175527399, 0.000000000000000000 ) ) ;
#5310 = CARTESIAN_POINT ( 'NONE',  ( -4.762500000000000178, -6.785625000000002238, -1.972692090801865916 ) ) ;
#5311 = CARTESIAN_POINT ( 'NONE',  ( -3.098471339733219164E-19, 5.111917277360397804, -0.002530093853908137094 ) ) ;
#5312 = DIRECTION ( 'NONE',  ( 0.000000000000000000, 3.217316266628267449E-16, -1.000000000000000000 ) ) ;
#5313 = DIRECTION ( 'NONE',  ( -0.000000000000000000, 1.000000000000000000, 1.111353676405166014E-16 ) ) ;
#5314 = EDGE_CURVE ( 'NONE', #1176, #3434, #429, .T. ) ;
#5315 = CARTESIAN_POINT ( 'NONE',  ( 3.112555343554922693, -3.331963892158119833, -3.546819515851395987 ) ) ;
#5316 = LINE ( 'NONE', #5293, #4209 ) ;
#5317 = ORIENTED_EDGE ( 'NONE', *, *, #1127, .T. ) ;
#5318 = CARTESIAN_POINT ( 'NONE',  ( 3.918038746913496073, -5.478973703824469688, 1.622904786874859839 ) ) ;
#5319 = CARTESIAN_POINT ( 'NONE',  ( 4.717903780385785950, -2.456445211299247866, 0.2028075409691019459 ) ) ;
#5320 = EDGE_CURVE ( 'NONE', #1646, #1791, #126, .T. ) ;
#5321 = CARTESIAN_POINT ( 'NONE',  ( -3.918038746913496961, -6.346026296175529602, -1.622904786874857175 ) ) ;
#5322 = CARTESIAN_POINT ( 'NONE',  ( -3.741735304700129383, -4.271516376837523055, -2.875005734689106696 ) ) ;
#5323 = CARTESIAN_POINT ( 'NONE',  ( -3.918038746913496961, -2.224598703824469670, -4.798213610342920265E-16 ) ) ;
#5324 = CARTESIAN_POINT ( 'NONE',  ( 2.749999999999999112, -2.000000000000000000, 4.763139720814413280 ) ) ;
#5325 = ORIENTED_EDGE ( 'NONE', *, *, #2397, .F. ) ;
#5326 = CARTESIAN_POINT ( 'NONE',  ( -4.708401741688985176, -3.070386611049379599, 0.3107395540586252447 ) ) ;
#5327 = CARTESIAN_POINT ( 'NONE',  ( 0.01618447960307582006, -6.547035695933772992, 4.773697736500693622 ) ) ;
#5328 = CARTESIAN_POINT ( 'NONE',  ( 2.770471766894176291, -4.288348703824469865, 2.770471766894177623 ) ) ;
#5329 = CARTESIAN_POINT ( 'NONE',  ( -2.905070773413592988, -2.809892052218219582, 3.786663962310207854 ) ) ;
#5330 = CARTESIAN_POINT ( 'NONE',  ( 1.552288471061747055, -2.512142407547576006, 4.513620582236737455 ) ) ;
#5331 = CARTESIAN_POINT ( 'NONE',  ( 1.241540934276376573, -5.904254680239210629, -4.608528253992197676 ) ) ;
#5332 = LINE ( 'NONE', #5009, #3801 ) ;
#5333 = DIRECTION ( 'NONE',  ( 0.000000000000000000, 0.000000000000000000, 1.000000000000000000 ) ) ;
#5334 = ORIENTED_EDGE ( 'NONE', *, *, #5381, .T. ) ;
#5335 = AXIS2_PLACEMENT_3D ( 'NONE', #2765, #4058, #4805 ) ;
#5336 = DIRECTION ( 'NONE',  ( 0.000000000000000000, 0.000000000000000000, -1.000000000000000000 ) ) ;
#5337 = CARTESIAN_POINT ( 'NONE',  ( -3.918038746913496961, -2.456651296175530241, -4.798213610342920265E-16 ) ) ;
#5338 = DIRECTION ( 'NONE',  ( -0.000000000000000000, 1.000000000000000000, -0.000000000000000000 ) ) ;
#5339 = CARTESIAN_POINT ( 'NONE',  ( 4.558508690271576569, -4.721069411577321517, -1.219035632339241060 ) ) ;
#5340 = CARTESIAN_POINT ( 'NONE',  ( 4.609809109272880789, -4.846959449875183346, -1.235891988943631059 ) ) ;
#5341 = CARTESIAN_POINT ( 'NONE',  ( 2.364624335762548935, -3.292485402741727185, -4.083365228511484091 ) ) ;
#5342 = LINE ( 'NONE', #1123, #4646 ) ;
#5343 = CARTESIAN_POINT ( 'NONE',  ( -3.150184217946405685, -5.325867816675383004, 3.585315763733217587 ) ) ;
#5344 = CARTESIAN_POINT ( 'NONE',  ( -1.622904786874859173, -4.526473703824470007, 3.918038746913496073 ) ) ;
#5345 = CARTESIAN_POINT ( 'NONE',  ( 3.518911984301888562, -2.596253571764085777, 3.149145180980313707 ) ) ;
#5346 = ORIENTED_EDGE ( 'NONE', *, *, #5314, .F. ) ;
#5347 = CARTESIAN_POINT ( 'NONE',  ( 3.918038746913496961, -6.822276296175531662, -1.622904786874857175 ) ) ;
#5348 = ADVANCED_FACE ( 'NONE', ( #373 ), #4850, .T. ) ;
#5349 = DIRECTION ( 'NONE',  ( 0.000000000000000000, 0.000000000000000000, 1.000000000000000000 ) ) ;
#5350 = CARTESIAN_POINT ( 'NONE',  ( 3.918038746913496073, -1.668973703824469856, 1.622904786874859839 ) ) ;
#5351 = CARTESIAN_POINT ( 'NONE',  ( 2.106158281116840669, -4.735241876282906048, -4.282723355367381579 ) ) ;
#5352 = CARTESIAN_POINT ( 'NONE',  ( -3.590227040988318130, -4.410319241456138961, -3.144902081862732235 ) ) ;
#5353 = CARTESIAN_POINT ( 'NONE',  ( 4.084522878389020839, -3.611357732423797540, -2.362815428423681752 ) ) ;
#5354 = CARTESIAN_POINT ( 'NONE',  ( 4.746906715393853560, -6.152128339668942125, -0.4187977284628450758 ) ) ;
#5355 = CARTESIAN_POINT ( 'NONE',  ( -2.694804371304935664, -7.201554509500276424, 2.694804371304934332 ) ) ;
#5356 = CARTESIAN_POINT ( 'NONE',  ( 0.3046577438186506281, -3.412936861344246342, -4.708827766013648386 ) ) ;
#5357 = CARTESIAN_POINT ( 'NONE',  ( 4.312067515245269433, -2.351086940680687576, 2.046133900211012602 ) ) ;
#5358 = CARTESIAN_POINT ( 'NONE',  ( 4.518017168684165696, -6.235201952276002046, 1.538280082283782102 ) ) ;
#5359 = CARTESIAN_POINT ( 'NONE',  ( -2.671859888728474797, -5.817997500318364601, -3.889799284225881948 ) ) ;
#5360 = FACE_OUTER_BOUND ( 'NONE', #245, .T. ) ;
#5361 = VERTEX_POINT ( 'NONE', #3312 ) ;
#5362 = CARTESIAN_POINT ( 'NONE',  ( -2.218280045466696215, -5.375677560375728525, 4.227268083611892102 ) ) ;
#5363 = CARTESIAN_POINT ( 'NONE',  ( -7.197320415514379411E-16, -3.409151296175530366, 3.918038746913496961 ) ) ;
#5364 = CARTESIAN_POINT ( 'NONE',  ( -2.956628904916172473, -2.375531890465890417, 2.788900692870174947 ) ) ;
#5365 = CARTESIAN_POINT ( 'NONE',  ( 2.364615060473937991, -4.562484936545364356, -4.083370490788467144 ) ) ;
#5366 = CARTESIAN_POINT ( 'NONE',  ( -2.265911567589947495, -2.026954057705574463, -4.131194578708681675 ) ) ;
#5367 = CARTESIAN_POINT ( 'NONE',  ( 2.390561804977897609, -3.320468115368679474, -4.130719733071206434 ) ) ;
#5368 = CARTESIAN_POINT ( 'NONE',  ( -2.750000000000000444, 0.4738549290423901272, -4.763139720814411504 ) ) ;
#5369 = ORIENTED_EDGE ( 'NONE', *, *, #1564, .F. ) ;
#5370 = CARTESIAN_POINT ( 'NONE',  ( 0.002507410479071043100, -6.449404760035468698, 4.762499339936194787 ) ) ;
#5371 = CARTESIAN_POINT ( 'NONE',  ( 0.000000000000000000, 0.4738549290423901272, 0.000000000000000000 ) ) ;
#5372 = CARTESIAN_POINT ( 'NONE',  ( 1.451719246313554741E-11, -4.544505671772997246, -4.762500000000000178 ) ) ;
#5373 = EDGE_LOOP ( 'NONE', ( #4776, #4568, #2906, #2955, #1066, #4104 ) ) ;
#5374 = B_SPLINE_CURVE_WITH_KNOTS ( 'NONE', 3,
 ( #2596, #3369, #74, #4183, #4270, #132, #4214, #511, #456, #5037, #2182, #1688, #1274, #105, #2946, #4624, #1802, #4708, #1334, #859, #1387, #3773, #2126, #1301, #1361, #3858, #5065, #1716, #1773, #3005, #3451, #5148, #4735, #974, #20, #3478, #4680, #3396, #2974, #3803, #47, #4297, #3424, #4651, #888, #917, #3832, #3063, #2566, #3036, #428, #4242, #945, #5093, #542, #2095, #485, #2156, #5121, #1746, #2624, #2209, #3886, #2265, #2651, #1469 ),
 .UNSPECIFIED., .F., .F.,
 ( 4, 2, 2, 2, 2, 2, 2, 2, 2, 2, 2, 2, 2, 2, 2, 2, 2, 2, 2, 2, 2, 2, 2, 2, 2, 2, 2, 2, 2, 2, 2, 2, 4 ),
 ( 0.000000000000000000, 0.0009208355037380774573, 0.001841671007476155348, 0.002762506511214232914, 0.003683342014952309829, 0.004604177518690387612, 0.005525013022428464961, 0.006445848526166542310, 0.007366684029904619659, 0.008287519533642697875, 0.009208355037380775224, 0.01012919054111885257, 0.01105002604485692992, 0.01197086154859500727, 0.01289169705233308462, 0.01381253255607116197, 0.01473336805980923932, 0.01565420356354731840, 0.01657503906728539575, 0.01749587457102347310, 0.01841671007476155045, 0.01933754557849962780, 0.02025838108223770515, 0.02117921658597578249, 0.02210005208971385984, 0.02302088759345193719, 0.02394172309719001454, 0.02486255860092809189, 0.02578339410466616924, 0.02670422960840424659, 0.02762506511214232394, 0.02854590061588040129, 0.02946673611961847863 ),
 .UNSPECIFIED. ) ;
#5375 = CARTESIAN_POINT ( 'NONE',  ( -1.578579852768131175, -2.162820490499723469, 3.811028889841739709 ) ) ;
#5376 = CARTESIAN_POINT ( 'NONE',  ( 3.148381918416010450, -2.530484492374785788, 3.587111076623342054 ) ) ;
#5377 = CARTESIAN_POINT ( 'NONE',  ( 5.500000000000000000, -1.508759813876276334, -3.175426480542943075 ) ) ;
#5378 = CARTESIAN_POINT ( 'NONE',  ( 3.590131414444524882, -5.106072939786868936, 3.144705270916287265 ) ) ;
#5379 = CARTESIAN_POINT ( 'NONE',  ( -4.732029715331511177, -2.931522669212955901, 0.6208813069269291107 ) ) ;
#5380 = CARTESIAN_POINT ( 'NONE',  ( -2.364367196288598816, -3.293777637569119676, -4.083517991857839924 ) ) ;
#5381 = EDGE_CURVE ( 'NONE', #1412, #1281, #48, .T. ) ;
#5382 = CARTESIAN_POINT ( 'NONE',  ( 3.918038746913496073, -2.938973703824469208, 1.622904786874859839 ) ) ;
#5383 = CARTESIAN_POINT ( 'NONE',  ( -2.390528381887532472, -3.265783550926153023, -4.130739020239055037 ) ) ;
#5384 = CARTESIAN_POINT ( 'NONE',  ( -1.972692090801865028, -7.103125000000001243, -4.762500000000000178 ) ) ;
#5385 = CARTESIAN_POINT ( 'NONE',  ( 1.540828086096048155, -5.917821164283719959, -4.517015761881538971 ) ) ;
#5386 = CARTESIAN_POINT ( 'NONE',  ( 0.6342408193669174521, -6.549047202903879317, 4.668387374497342535 ) ) ;
#5387 = DIRECTION ( 'NONE',  ( 0.000000000000000000, 0.000000000000000000, 1.000000000000000000 ) ) ;
#5388 = ORIENTED_EDGE ( 'NONE', *, *, #326, .T. ) ;
#5389 = CARTESIAN_POINT ( 'NONE',  ( 2.770471766894173182, -2.932901296175526085, -2.770471766894172738 ) ) ;
#5390 = CARTESIAN_POINT ( 'NONE',  ( -1.015272380229029103, -1.454495120512962814, -3.918038746913496517 ) ) ;
#5391 = CARTESIAN_POINT ( 'NONE',  ( 2.365879052048000641, -5.198704141173878135, 4.082808066867859687 ) ) ;
#5392 = CARTESIAN_POINT ( 'NONE',  ( 2.388229032383315076, -4.651119290311452659, -4.132070417385221184 ) ) ;
#5393 = CARTESIAN_POINT ( 'NONE',  ( 1.242580758169324451, -5.164164764529627583, 4.608278575168319513 ) ) ;
#5394 = CARTESIAN_POINT ( 'NONE',  ( -4.677435919953167875, -2.894060155149495106, -0.6221987451487733800 ) ) ;
#5395 = CARTESIAN_POINT ( 'NONE',  ( 0.000000000000000000, 0.4738549290423900162, 1.734723475976807094E-15 ) ) ;
#5396 = ORIENTED_EDGE ( 'NONE', *, *, #2366, .T. ) ;
#5397 = CARTESIAN_POINT ( 'NONE',  ( 2.040052568661865795, -6.031192495600042669, -4.256054656854337814 ) ) ;
#5398 = CARTESIAN_POINT ( 'NONE',  ( -3.065270216461077002, -6.530582297084831289, 3.652760320003741512 ) ) ;
#5399 = CARTESIAN_POINT ( 'NONE',  ( -0.2384547342485034693, -6.496342078898132755, 4.762499999999209699 ) ) ;
#5400 = CARTESIAN_POINT ( 'NONE',  ( 1.758931812287624963, -2.688461751903073793, 4.382749997128845720 ) ) ;
#5401 = ORIENTED_EDGE ( 'NONE', *, *, #326, .F. ) ;
#5402 = CARTESIAN_POINT ( 'NONE',  ( -1.850809724303770665, -1.345393194375002155, -3.331432809412636420 ) ) ;
#5403 = CARTESIAN_POINT ( 'NONE',  ( -3.115794339572731442, -3.967145796396097435, 3.543691114506075657 ) ) ;
#5404 = CARTESIAN_POINT ( 'NONE',  ( 2.869319538013838766, -6.227712831454356390, 3.746061237333196736 ) ) ;
#5405 = CARTESIAN_POINT ( 'NONE',  ( 3.785198499085566493, -4.826742303811164980, -2.907025136966550072 ) ) ;
#5406 = CARTESIAN_POINT ( 'NONE',  ( 0.000000000000000000, 5.722886414021194135, -3.250000000000000444 ) ) ;
#5407 = CARTESIAN_POINT ( 'NONE',  ( 2.749999999999998224, 0.4738549290423901272, -4.763139720814410616 ) ) ;
#5408 = CARTESIAN_POINT ( 'NONE',  ( -3.918038746913497850, -2.145223703824469919, 1.622904786874856287 ) ) ;
#5409 = CARTESIAN_POINT ( 'NONE',  ( -2.112491577373909468, -3.279454719795178441, -4.279768761835468283 ) ) ;
#5410 = EDGE_CURVE ( 'NONE', #2165, #3814, #2875, .T. ) ;
#5411 = DIRECTION ( 'NONE',  ( -0.000000000000000000, -1.000000000000000000, -3.921717058577609625E-16 ) ) ;
#5412 = FACE_OUTER_BOUND ( 'NONE', #863, .T. ) ;
#5413 = CARTESIAN_POINT ( 'NONE',  ( 3.169871814372285712, -6.426089052972629112, 3.495937080035859346 ) ) ;
#5414 = CARTESIAN_POINT ( 'NONE',  ( -4.280757469661999437, -5.404068058110064854, 2.110532600519592794 ) ) ;
#5415 = EDGE_LOOP ( 'NONE', ( #5165, #50, #3749, #1673, #4800, #3875, #3542 ) ) ;
#5416 = CARTESIAN_POINT ( 'NONE',  ( -2.902449443758197134, -5.718721023389155889, -3.788668051452249941 ) ) ;
#5417 = ADVANCED_FACE ( 'NONE', ( #2567 ), #996, .T. ) ;
#5418 = CARTESIAN_POINT ( 'NONE',  ( 4.762500000000000178, -6.071250000000000036, 0.000000000000000000 ) ) ;
#5419 = FACE_OUTER_BOUND ( 'NONE', #114, .T. ) ;
ENDSEC;
END-ISO-10303-21;
