ISO-10303-21;
HEADER;
FILE_DESCRIPTION (( 'STEP AP203' ),
    '1' );
FILE_NAME ('2408K31_Zinc-Plated Steel Grease Fitting.STEP',
    '2026-01-03T23:23:45',
    ( 'McMaster Carr Supply' ),
    ( 'McMaster Carr Supply' ),
    'SwSTEP 2.0',
    'SolidWorks 2024',
    '' );
FILE_SCHEMA (( 'CONFIG_CONTROL_DESIGN' ));
ENDSEC;

DATA;
#1 = CARTESIAN_POINT ( 'NONE',  ( 2.263489784646150582, -6.600771548931335886, -2.263489784646150582 ) ) ;
#2 = LOCAL_TIME ( 17, 23, 45.00000000000000000, #456 ) ;
#3 = CARTESIAN_POINT ( 'NONE',  ( 3.225753706474592697, -3.841918174586923307, -2.328003413696966728 ) ) ;
#4 = CARTESIAN_POINT ( 'NONE',  ( 2.630079077371319407, -6.320479502360167423, 2.897752110392981528 ) ) ;
#5 = ADVANCED_FACE ( 'NONE', ( #1382 ), #3357, .T. ) ;
#6 = B_SPLINE_CURVE_WITH_KNOTS ( 'NONE', 3,
 ( #2959, #1124, #1095, #2585 ),
 .UNSPECIFIED., .F., .F.,
 ( 4, 4 ),
 ( 2.309401076754191683E-07, 0.002598307151460990672 ),
 .UNSPECIFIED. ) ;
#7 = CARTESIAN_POINT ( 'NONE',  ( 2.732934469694725088, -3.068327862017449004, 2.782250644765382752 ) ) ;
#8 = CARTESIAN_POINT ( 'NONE',  ( -3.201057951739542773, -2.842978451068675305, 1.325921617552758169 ) ) ;
#9 = CARTESIAN_POINT ( 'NONE',  ( -1.240085220034613744, -6.611543593286895337, 3.779283175202348577 ) ) ;
#10 = CARTESIAN_POINT ( 'NONE',  ( 2.250000000000000888, -1.999999999999999112, 3.897114317029977126 ) ) ;
#11 = CARTESIAN_POINT ( 'NONE',  ( -1.325921617552758836, -4.075203367113158670, -3.201057951739542773 ) ) ;
#12 = CARTESIAN_POINT ( 'NONE',  ( -3.846451659020479585, -6.742222952466825348, -0.4403897705432258669 ) ) ;
#13 = ADVANCED_FACE ( 'NONE', ( #2914 ), #2635, .T. ) ;
#14 = AXIS2_PLACEMENT_3D ( 'NONE', #1312, #3213, #938 ) ;
#15 = CARTESIAN_POINT ( 'NONE',  ( 4.499999999999999112, -1.999999999999999112, 2.598076211353318676 ) ) ;
#16 = CARTESIAN_POINT ( 'NONE',  ( -0.1603861311813306045, -5.527294803638568510, 3.896547544374985073 ) ) ;
#17 = CARTESIAN_POINT ( 'NONE',  ( 1.093112226916020502, -2.466992167336037323, -3.758235202426109645 ) ) ;
#18 = CARTESIAN_POINT ( 'NONE',  ( 1.633286162648712958, -2.591603631873604652, -3.626115381727011755 ) ) ;
#19 = CARTESIAN_POINT ( 'NONE',  ( 3.878760260370264668, -6.238643452976947223, 0.8654283279491747916 ) ) ;
#20 = ADVANCED_FACE ( 'NONE', ( #2207 ), #315, .F. ) ;
#21 = ORIENTED_EDGE ( 'NONE', *, *, #3986, .F. ) ;
#22 = CARTESIAN_POINT ( 'NONE',  ( 1.325921617552758169, -4.652476094385885830, 3.201057951739543217 ) ) ;
#23 = CARTESIAN_POINT ( 'NONE',  ( 1.764102281961503094, -4.278823014741336195, 3.477591198759916846 ) ) ;
#24 = CARTESIAN_POINT ( 'NONE',  ( -1.186992308518300732, -4.421882873529923152, 3.714832181975245895 ) ) ;
#25 = CARTESIAN_POINT ( 'NONE',  ( 4.107366323934855679, -1.655113636363647167, 0.000000000000000000 ) ) ;
#26 = CARTESIAN_POINT ( 'NONE',  ( 2.368414751471744850, -5.214998750871115085, 3.191208545334317304 ) ) ;
#27 = CARTESIAN_POINT ( 'NONE',  ( -4.500000000000000888, -1.999999999999999112, 1.734723475976807094E-15 ) ) ;
#28 = CARTESIAN_POINT ( 'NONE',  ( 3.201057951739541885, -3.564569360159582700, 1.325921617552761278 ) ) ;
#29 = CARTESIAN_POINT ( 'NONE',  ( 3.201057951739542773, -6.672930639840427780, -1.325921617552759058 ) ) ;
#30 = CARTESIAN_POINT ( 'NONE',  ( 3.905896822868008655, -3.869797212755145654, 0.2492096203933903131 ) ) ;
#31 = CARTESIAN_POINT ( 'NONE',  ( 3.755917173039082346, -4.961498741084525044, -1.098191553590216918 ) ) ;
#32 = CARTESIAN_POINT ( 'NONE',  ( -3.962293580384002922, -3.394144547188833183, -0.3497362580769414198 ) ) ;
#33 = CARTESIAN_POINT ( 'NONE',  ( 0.3549823172986127928, -6.620639599603470593, 3.957523551801992667 ) ) ;
#34 = CARTESIAN_POINT ( 'NONE',  ( -1.764536171373322818E-12, -2.015658470365554678, 3.939300700376658249 ) ) ;
#35 = CARTESIAN_POINT ( 'NONE',  ( -3.201057951739542329, -7.322362458022244169, -3.920165374483013007E-16 ) ) ;
#36 = CARTESIAN_POINT ( 'NONE',  ( 2.904346580471598216, -6.128977272727275327, -2.904346580471597772 ) ) ;
#37 = CARTESIAN_POINT ( 'NONE',  ( -1.887014270504684177, -2.149733044847822683, 3.412865711203833641 ) ) ;
#38 = EDGE_CURVE ( 'NONE', #578, #463, #2236, .T. ) ;
#39 = CARTESIAN_POINT ( 'NONE',  ( -0.9438552818447948356, -5.564261015465991278, 3.783912147708182516 ) ) ;
#40 = CARTESIAN_POINT ( 'NONE',  ( 1.134868449839038451, -3.038286489965433823, 3.811810450054581523 ) ) ;
#41 = CARTESIAN_POINT ( 'NONE',  ( 1.726418644451791939, -6.372156200379972546, 3.512637453606768378 ) ) ;
#42 = CARTESIAN_POINT ( 'NONE',  ( 1.325921617552762832, -4.219521548931339794, -3.201057951739540997 ) ) ;
#43 = CARTESIAN_POINT ( 'NONE',  ( 3.174157766023255167, -3.962126851480209044, -2.265110605402266941 ) ) ;
#44 = CARTESIAN_POINT ( 'NONE',  ( 2.142065493208774374, -4.139331796224697158, 3.351653033332277154 ) ) ;
#45 = CARTESIAN_POINT ( 'NONE',  ( -1.426034892779802776, -6.621839196680944895, 3.712776269361563575 ) ) ;
#46 = CARTESIAN_POINT ( 'NONE',  ( 2.373279523131437863, -5.282504359224452273, 3.192348604566026982 ) ) ;
#47 = CARTESIAN_POINT ( 'NONE',  ( 0.000000000000000000, 1.473854929042390127, 1.734723475976807094E-15 ) ) ;
#48 = CARTESIAN_POINT ( 'NONE',  ( 3.201057951739541885, -5.873660269250487787, 1.325921617552761278 ) ) ;
#49 = VERTEX_POINT ( 'NONE', #2939 ) ;
#50 = CARTESIAN_POINT ( 'NONE',  ( 1.325921617552759280, -4.219521548931339794, -3.201057951739542773 ) ) ;
#51 = AXIS2_PLACEMENT_3D ( 'NONE', #128, #2332, #2022 ) ;
#52 = CARTESIAN_POINT ( 'NONE',  ( 2.019238710562056838, -3.699909890934099721, -3.422920594720658904 ) ) ;
#53 = CARTESIAN_POINT ( 'NONE',  ( 3.850558750173337597, -5.045340483862140957, 0.6969720342756670073 ) ) ;
#54 = CARTESIAN_POINT ( 'NONE',  ( -3.873108934417973437, -3.478831951185747506, 0.4555674920042179776 ) ) ;
#55 = CARTESIAN_POINT ( 'NONE',  ( -2.835107280226383253, -7.446204528562028635, -1.388133069393114649 ) ) ;
#56 = CARTESIAN_POINT ( 'NONE',  ( 0.000000000000000000, 5.722886414021194135, -3.249999999999999556 ) ) ;
#57 = CARTESIAN_POINT ( 'NONE',  ( -3.201057951739542773, -2.776339730749525891, -1.325921617552759280 ) ) ;
#58 = CARTESIAN_POINT ( 'NONE',  ( -2.904346580471597772, -5.840340909090913080, -2.904346580471598216 ) ) ;
#59 = ORIENTED_EDGE ( 'NONE', *, *, #3009, .T. ) ;
#60 = CARTESIAN_POINT ( 'NONE',  ( -3.138903003954057080, -2.184738872604073290, 2.436195381558170503 ) ) ;
#61 = CARTESIAN_POINT ( 'NONE',  ( -3.896438748503794347, -5.801295457774855002, 0.1619717392541076273 ) ) ;
#62 = B_SPLINE_CURVE_WITH_KNOTS ( 'NONE', 3,
 ( #3240, #3194, #4311, #3263, #3595, #3935, #3664, #4005, #4029, #1342, #1408, #669 ),
 .UNSPECIFIED., .F., .F.,
 ( 4, 2, 2, 2, 2, 4 ),
 ( 0.000000000000000000, 2.184046026237942883E-05, 4.368092052475885766E-05, 8.736184104951787795E-05, 0.0001747236820990360540, 0.0003494473641980721081 ),
 .UNSPECIFIED. ) ;
#63 = CARTESIAN_POINT ( 'NONE',  ( 3.807105045164162593, -2.748902821221618442, -1.149943213712115053 ) ) ;
#64 = CARTESIAN_POINT ( 'NONE',  ( -1.171041924492602471, -6.542184954086362580, 3.797617592954569243 ) ) ;
#65 = CARTESIAN_POINT ( 'NONE',  ( -1.951668190692128046, -4.462404161902585820, 3.375890995648665793 ) ) ;
#66 = CARTESIAN_POINT ( 'NONE',  ( -1.951423719828173642, -4.339374251463321563, 3.466080248687080534 ) ) ;
#67 = CARTESIAN_POINT ( 'NONE',  ( -1.661580691228135453, -5.897919604255394965, -3.613316641677884800 ) ) ;
#68 = CARTESIAN_POINT ( 'NONE',  ( -3.965875551128239973, -5.675715727986437642, 0.3113010113775973031 ) ) ;
#69 = SPHERICAL_SURFACE ( 'NONE', #4442, 0.7499999999999963363 ) ;
#70 = CARTESIAN_POINT ( 'NONE',  ( -3.201057951739542773, -1.832751178341403886, -1.325921617552759280 ) ) ;
#71 = CARTESIAN_POINT ( 'NONE',  ( 1.960082687241506503E-16, -2.992817003476797133, -3.201057951739542329 ) ) ;
#72 = CARTESIAN_POINT ( 'NONE',  ( -3.902714761024629997, -4.433136284063745158, 0.7503306987594328126 ) ) ;
#73 = CARTESIAN_POINT ( 'NONE',  ( -2.600044817536575792, -4.281378643916554871, 2.924754330367785204 ) ) ;
#74 = CARTESIAN_POINT ( 'NONE',  ( 2.194701243201384155, -6.651413190454798396, -2.194701243201383267 ) ) ;
#75 = CARTESIAN_POINT ( 'NONE',  ( -3.958456378816221921, -3.476653299568685629, -0.3454875792891947128 ) ) ;
#76 = FACE_BOUND ( 'NONE', #1595, .T. ) ;
#77 = DIRECTION ( 'NONE',  ( 0.000000000000000000, 2.668805347656624706E-16, -1.000000000000000000 ) ) ;
#78 = CARTESIAN_POINT ( 'NONE',  ( 1.960082687241506503E-16, -1.838271548931344590, -3.201057951739542329 ) ) ;
#79 = CARTESIAN_POINT ( 'NONE',  ( -2.904346580471598660, -4.397159090909097401, 2.904346580471597772 ) ) ;
#80 = ORIENTED_EDGE ( 'NONE', *, *, #3789, .T. ) ;
#81 = CIRCLE ( 'NONE', #2822, 4.499999999999999112 ) ;
#82 = CARTESIAN_POINT ( 'NONE',  ( -3.571612292694847923, -2.140055418046734825, 1.750634982425799624 ) ) ;
#83 = CARTESIAN_POINT ( 'NONE',  ( -3.033874671795935285, -5.900143044579612805, -2.565853776276374010 ) ) ;
#84 = CARTESIAN_POINT ( 'NONE',  ( 3.074198758038303225, -2.675297634850658302, -2.523133400194558451 ) ) ;
#85 = DIRECTION ( 'NONE',  ( 0.000000000000000000, 0.000000000000000000, 1.000000000000000000 ) ) ;
#86 = ORIENTED_EDGE ( 'NONE', *, *, #457, .F. ) ;
#87 = VECTOR ( 'NONE', #3141, 1000.000000000000000 ) ;
#88 = EDGE_LOOP ( 'NONE', ( #370, #21 ) ) ;
#89 = PERSON_AND_ORGANIZATION ( #477, #4782 ) ;
#90 = CARTESIAN_POINT ( 'NONE',  ( 2.777995040477297284, -5.374541415726976190, 2.736638897828087114 ) ) ;
#91 = CARTESIAN_POINT ( 'NONE',  ( -3.043525857288885028, -4.744916104080906472, -2.554342892070761373 ) ) ;
#92 = CARTESIAN_POINT ( 'NONE',  ( 3.720212757223428923, -6.332189700770444851, 1.406035537175705841 ) ) ;
#93 = CARTESIAN_POINT ( 'NONE',  ( -3.834185051729621208, -5.670074221122711755, -1.045046429039643066 ) ) ;
#94 = DIRECTION ( 'NONE',  ( 0.000000000000000000, -4.430672865838491544E-16, 1.000000000000000000 ) ) ;
#95 = ORIENTED_EDGE ( 'NONE', *, *, #4746, .T. ) ;
#96 = CARTESIAN_POINT ( 'NONE',  ( 0.000000000000000000, 4.067719139822248309, 1.734723475976807094E-15 ) ) ;
#97 = EDGE_CURVE ( 'NONE', #2842, #2229, #1928, .T. ) ;
#98 = CARTESIAN_POINT ( 'NONE',  ( -5.880248061724518771E-16, -2.626501178341403175, 3.201057951739542329 ) ) ;
#99 = CARTESIAN_POINT ( 'NONE',  ( 1.326762714856012160, -4.184044986216817641, 3.750062656533505123 ) ) ;
#100 = CARTESIAN_POINT ( 'NONE',  ( 2.207879917923250002, -5.190924852856938720, 3.230894911836790673 ) ) ;
#101 = CARTESIAN_POINT ( 'NONE',  ( -2.194701243201383267, -7.626995900454295985, -2.194701243201384155 ) ) ;
#102 = CARTESIAN_POINT ( 'NONE',  ( -3.973208682965100547, -3.370312883195348608, 0.1889406266778373700 ) ) ;
#103 = CARTESIAN_POINT ( 'NONE',  ( -2.771453237735791220, -3.137528395824276117, 2.763610237027991801 ) ) ;
#104 = CARTESIAN_POINT ( 'NONE',  ( -2.842229509915005448, -7.448091323693015298, -1.369154416248095529 ) ) ;
#105 = LINE ( 'NONE', #3805, #2260 ) ;
#106 = CARTESIAN_POINT ( 'NONE',  ( 3.103776263492488585, -7.878117735909342834, -1.285626222910278171 ) ) ;
#107 = CARTESIAN_POINT ( 'NONE',  ( 1.701326837008341863, -4.180681818181824383, 4.107366323934854790 ) ) ;
#108 = ORIENTED_EDGE ( 'NONE', *, *, #3518, .T. ) ;
#109 = CARTESIAN_POINT ( 'NONE',  ( -3.814207429050432197, -2.276474563821445862, -1.128703149514741488 ) ) ;
#110 = CARTESIAN_POINT ( 'NONE',  ( -3.392311875607101346, -5.713275325040303443, 1.923749022501475281 ) ) ;
#111 = CARTESIAN_POINT ( 'NONE',  ( -3.960525158237472088, -2.241086520900897217, -0.3621188265837386733 ) ) ;
#112 = CARTESIAN_POINT ( 'NONE',  ( -3.916701117979988211, -6.745913372394299223, 0.6722316064094679966 ) ) ;
#113 = ORIENTED_EDGE ( 'NONE', *, *, #815, .T. ) ;
#114 = APPROVAL_STATUS ( 'not_yet_approved' ) ;
#115 = CARTESIAN_POINT ( 'NONE',  ( 0.8904628343262550594, -4.984365226767470958, -3.796445875384174773 ) ) ;
#116 = CARTESIAN_POINT ( 'NONE',  ( -3.852731029116849282, -4.571170314596509243, 0.9718607212793148875 ) ) ;
#117 = CARTESIAN_POINT ( 'NONE',  ( -3.962002512223114614, -5.703944633136952547, -0.3450013971785506617 ) ) ;
#118 = CARTESIAN_POINT ( 'NONE',  ( -2.463026210403965077, -5.524278753574626499, 3.123596141418145233 ) ) ;
#119 = CARTESIAN_POINT ( 'NONE',  ( 0.7500000000000000000, 0.4274562965667573766, -4.763139720814411504 ) ) ;
#120 = CARTESIAN_POINT ( 'NONE',  ( 2.263489784646150138, -3.425771548931341393, 2.263489784646151026 ) ) ;
#121 = CARTESIAN_POINT ( 'NONE',  ( 2.263489784646150582, -2.193546632886857584, -2.263489784646150582 ) ) ;
#122 = CARTESIAN_POINT ( 'NONE',  ( 1.041443899191826228, -4.098434492001209684, 3.772851975685397097 ) ) ;
#123 = CARTESIAN_POINT ( 'NONE',  ( -0.5204809162655739119, -4.171043569618717584, 3.878388022286936021 ) ) ;
#124 = CARTESIAN_POINT ( 'NONE',  ( -3.103776263492489917, -7.410518627727023855, 1.285626222910277505 ) ) ;
#125 = CARTESIAN_POINT ( 'NONE',  ( -3.569951369632441196, -3.377513202841358364, 1.744783159555349350 ) ) ;
#126 = EDGE_CURVE ( 'NONE', #941, #2253, #3206, .T. ) ;
#127 = CARTESIAN_POINT ( 'NONE',  ( -3.278631247536066162, -3.174482518701398970, 2.137717639540760217 ) ) ;
#128 = CARTESIAN_POINT ( 'NONE',  ( 0.000000000000000000, -1.999999999999999112, 1.734723475976807094E-15 ) ) ;
#129 = DIRECTION ( 'NONE',  ( 0.000000000000000000, 1.000000000000000000, 0.000000000000000000 ) ) ;
#130 = CARTESIAN_POINT ( 'NONE',  ( -7.545109532298677504E-16, -5.407386363636367932, 4.107366323934855679 ) ) ;
#131 = EDGE_LOOP ( 'NONE', ( #1044, #4235, #4026 ) ) ;
#132 = CONICAL_SURFACE ( 'NONE', #1774, 4.499999999999999112, 1.396263401595466691 ) ;
#133 = CARTESIAN_POINT ( 'NONE',  ( -3.773429271895299308, -2.298720374697916125, 0.9853541799463283457 ) ) ;
#134 = CARTESIAN_POINT ( 'NONE',  ( -3.395083955149236221, -2.259268117898409312, -2.065516477740533929 ) ) ;
#135 = CARTESIAN_POINT ( 'NONE',  ( -2.411913262043087425, -5.973977241951274664, -3.064653900335987835 ) ) ;
#136 = CARTESIAN_POINT ( 'NONE',  ( 3.640824065784405145E-16, 3.196031326221389079, 2.695916926119903412 ) ) ;
#137 = CARTESIAN_POINT ( 'NONE',  ( -2.127473189180876467, -6.562789267059368825, 3.285321514862492798 ) ) ;
#138 = PERSON_AND_ORGANIZATION ( #477, #4782 ) ;
#139 = CARTESIAN_POINT ( 'NONE',  ( -3.893892479709283982, -4.644836860640956466, 0.2081942291981274951 ) ) ;
#140 = CARTESIAN_POINT ( 'NONE',  ( -2.606223161443942615, -4.459366288630898012, 2.999200480575097139 ) ) ;
#141 = CARTESIAN_POINT ( 'NONE',  ( 0.1127679500309232558, -6.549515336214415839, 3.975427269581117251 ) ) ;
#142 = CARTESIAN_POINT ( 'NONE',  ( 0.07620195871493899709, -5.329953035925235838, 3.973418209636251586 ) ) ;
#143 = CARTESIAN_POINT ( 'NONE',  ( 3.201057951739541885, -2.410023905614130602, 1.325921617552761278 ) ) ;
#144 = CARTESIAN_POINT ( 'NONE',  ( 2.263489784646150582, -3.137135185294979145, -2.263489784646150582 ) ) ;
#145 = CARTESIAN_POINT ( 'NONE',  ( -3.201057951739542773, -2.987296632886856873, -1.325921617552759280 ) ) ;
#146 = CARTESIAN_POINT ( 'NONE',  ( -0.5601869705463657922, -4.172904227425599188, 3.873554199414075416 ) ) ;
#147 = CARTESIAN_POINT ( 'NONE',  ( 0.3985380858282679406, -3.588061337872312961, -3.892971827760364434 ) ) ;
#148 = CARTESIAN_POINT ( 'NONE',  ( 3.103776263492488585, -2.249708645000260798, 1.285626222910280392 ) ) ;
#149 = CARTESIAN_POINT ( 'NONE',  ( -0.7837934700479358696, -3.631646659598310567, -3.899585568212259545 ) ) ;
#150 = CARTESIAN_POINT ( 'NONE',  ( -3.793246543546675120, -3.257475723617775376, 1.185539501332219636 ) ) ;
#151 = CARTESIAN_POINT ( 'NONE',  ( 3.498210184575927251, -7.111219121069288107, 0.07623140398558506114 ) ) ;
#152 = CARTESIAN_POINT ( 'NONE',  ( 3.244473256928229965, -2.380287490436014064, 0.2786876981242730755 ) ) ;
#153 = CARTESIAN_POINT ( 'NONE',  ( -1.701326837008340309, -1.294318181818193469, -4.107366323934855679 ) ) ;
#154 = ORIENTED_EDGE ( 'NONE', *, *, #4216, .T. ) ;
#155 = CARTESIAN_POINT ( 'NONE',  ( -2.830525179042968631, -2.484515573147450418, -2.682870860990724804 ) ) ;
#156 = CARTESIAN_POINT ( 'NONE',  ( -3.342837928067812214, -2.228080408697511228, -2.035570418594440767 ) ) ;
#157 = CARTESIAN_POINT ( 'NONE',  ( -3.034549054523235423, -5.817634367861501232, -2.571530875338943201 ) ) ;
#158 = CONICAL_SURFACE ( 'NONE', #554, 4.499999999999999112, 1.396263401595466691 ) ;
#159 = EDGE_CURVE ( 'NONE', #2229, #939, #762, .T. ) ;
#160 = MANIFOLD_SOLID_BREP ( 'Boss-Extrude3', #2873 ) ;
#161 = CARTESIAN_POINT ( 'NONE',  ( 3.201057951739542329, -5.801501178341397669, 1.568066149793205203E-15 ) ) ;
#162 = CARTESIAN_POINT ( 'NONE',  ( -4.500000000000000888, -1.999999999999999112, -0.8655648409910740027 ) ) ;
#163 = PERSON_AND_ORGANIZATION_ROLE ( 'classification_officer' ) ;
#164 = CARTESIAN_POINT ( 'NONE',  ( 0.1215418725698102498, -4.948059922885435391, -3.897602589944682006 ) ) ;
#165 = CARTESIAN_POINT ( 'NONE',  ( -3.718076452195585802, -4.681992590673163868, -1.401812580078747983 ) ) ;
#166 = PRODUCT_RELATED_PRODUCT_CATEGORY ( 'detail', '', ( #2765 ) ) ;
#167 = CARTESIAN_POINT ( 'NONE',  ( 3.181201222038062770, -4.992323191483396094, -2.386696803235669684 ) ) ;
#168 = CARTESIAN_POINT ( 'NONE',  ( -1.004911860768060272, -5.447091684350520602, 3.848836316749896902 ) ) ;
#169 = VERTEX_POINT ( 'NONE', #365 ) ;
#170 = CARTESIAN_POINT ( 'NONE',  ( 0.000000000000000000, -1.999999999999999112, 1.734723475976807094E-15 ) ) ;
#171 = CARTESIAN_POINT ( 'NONE',  ( 1.325921617552759946, -2.343385185294979856, 3.201057951739542329 ) ) ;
#172 = CARTESIAN_POINT ( 'NONE',  ( 4.107366323934855679, -5.046590909090914678, -1.701326837008340753 ) ) ;
#173 = CARTESIAN_POINT ( 'NONE',  ( -1.859715282731256636, -4.268546439179540464, 3.512306358695818975 ) ) ;
#174 = CARTESIAN_POINT ( 'NONE',  ( -2.977626430555621262, -3.151009674091379775, 2.539198276782282271 ) ) ;
#175 = CARTESIAN_POINT ( 'NONE',  ( 1.900514833177804041E-16, -3.043458645000258755, -3.103776263492489917 ) ) ;
#176 = CARTESIAN_POINT ( 'NONE',  ( 2.696598649906836176, -3.887538094771596064, -2.918262646166615681 ) ) ;
#177 = CARTESIAN_POINT ( 'NONE',  ( -2.813023423796666922, -3.168722425289836497, 2.807170902716780159 ) ) ;
#178 = CARTESIAN_POINT ( 'NONE',  ( 1.547833967359907580E-11, -7.298466263245726005, 3.304374645845181924 ) ) ;
#179 = CARTESIAN_POINT ( 'NONE',  ( 1.075635173802609312, -2.255580083262360702, -3.329601773542902876 ) ) ;
#180 = ORIENTED_EDGE ( 'NONE', *, *, #2702, .T. ) ;
#181 = ADVANCED_BREP_SHAPE_REPRESENTATION ( '2408K31_Zinc-Plated Steel Grease Fitting', ( #3483, #160, #1101 ), #2430 ) ;
#182 = CARTESIAN_POINT ( 'NONE',  ( 2.048768963557287659, -2.612862666854005589, -3.409300950940319375 ) ) ;
#183 = CARTESIAN_POINT ( 'NONE',  ( -1.540732187550402754, -2.341105345976948193, -3.597807998642685412 ) ) ;
#184 = CARTESIAN_POINT ( 'NONE',  ( 0.5746556433585077173, -6.084939381686202964, -3.931626270328092865 ) ) ;
#185 = CARTESIAN_POINT ( 'NONE',  ( -2.263489784646150138, -5.079910269250490273, 2.263489784646151026 ) ) ;
#186 = DIRECTION ( 'NONE',  ( 0.000000000000000000, 0.000000000000000000, -1.000000000000000000 ) ) ;
#187 = SPHERICAL_SURFACE ( 'NONE', #2514, 0.7499999999999963363 ) ;
#188 = EDGE_CURVE ( 'NONE', #2325, #4448, #1583, .T. ) ;
#189 = CARTESIAN_POINT ( 'NONE',  ( 3.673791290255100872, -6.323370406644872155, -1.307248856816862537 ) ) ;
#190 = CARTESIAN_POINT ( 'NONE',  ( 2.067422755506872711, -5.005789940103645641, -3.393269187022734279 ) ) ;
#191 = CARTESIAN_POINT ( 'NONE',  ( -3.760467306189099634, -4.594751875613852121, -1.294691207364214058 ) ) ;
#192 = CARTESIAN_POINT ( 'NONE',  ( -2.302327541711669312, -5.863833147053767902, -3.244062571672301942 ) ) ;
#193 = CARTESIAN_POINT ( 'NONE',  ( -4.500000000000000888, -1.999999999999999112, 1.734723475976807094E-15 ) ) ;
#194 = DIRECTION ( 'NONE',  ( -0.000000000000000000, 1.000000000000000000, -0.000000000000000000 ) ) ;
#195 = CARTESIAN_POINT ( 'NONE',  ( -4.107366323934855679, -4.613636363636370419, -1.701326837008341197 ) ) ;
#196 = CARTESIAN_POINT ( 'NONE',  ( -2.647088030422220406, -4.621350991427151556, -2.964259198959100949 ) ) ;
#197 = CARTESIAN_POINT ( 'NONE',  ( -2.210397946619207854, -3.103891847079859545, 3.229099200885792609 ) ) ;
#198 = CARTESIAN_POINT ( 'NONE',  ( 3.103776263492488585, -2.105390463182079230, -1.285626222910278171 ) ) ;
#199 = CARTESIAN_POINT ( 'NONE',  ( 3.378306848700236564, -3.936045827858537294, -2.091862697388778169 ) ) ;
#200 = CARTESIAN_POINT ( 'NONE',  ( 1.708111662966802946, -2.909499131483852974, 3.521433286785256467 ) ) ;
#201 = CARTESIAN_POINT ( 'NONE',  ( 0.2281574861479704897, -7.290555714611728355, 3.312285194478095551 ) ) ;
#202 = CARTESIAN_POINT ( 'NONE',  ( 2.602023497111168648, -2.307241891300615411, -2.191808532506586360 ) ) ;
#203 = ORIENTED_EDGE ( 'NONE', *, *, #1115, .T. ) ;
#204 = CARTESIAN_POINT ( 'NONE',  ( 3.160976934502674585, -2.806488518156297296, -2.284058743858700780 ) ) ;
#205 = CARTESIAN_POINT ( 'NONE',  ( -3.764261162246082204, -2.076455402152408869, 1.072055302208853478 ) ) ;
#206 = CARTESIAN_POINT ( 'NONE',  ( 3.977475690259888008, -6.264227986623115640, -0.02239698964606300080 ) ) ;
#207 = CARTESIAN_POINT ( 'NONE',  ( -2.263489784646147029, -5.368546632886852521, -2.263489784646154135 ) ) ;
#208 = CARTESIAN_POINT ( 'NONE',  ( 0.000000000000000000, -1.999999999999999112, 1.734723475976807094E-15 ) ) ;
#209 = CARTESIAN_POINT ( 'NONE',  ( -1.465485097170598161, -6.634953709892569051, 3.693852951957824704 ) ) ;
#210 = CIRCLE ( 'NONE', #2947, 0.7499999999999963363 ) ;
#211 = CIRCLE ( 'NONE', #1234, 3.250000000000002220 ) ;
#212 = CIRCLE ( 'NONE', #525, 0.7499999999999963363 ) ;
#213 = CARTESIAN_POINT ( 'NONE',  ( -3.268654504953796280, -5.701908512147649155, 2.126397247635678500 ) ) ;
#214 = CARTESIAN_POINT ( 'NONE',  ( 3.567117116777365204, -5.154807364283596982, -1.576153913223845127 ) ) ;
#215 = CARTESIAN_POINT ( 'NONE',  ( 1.218921174611275138, -5.343212270719230439, 3.785664595602862281 ) ) ;
#216 = CARTESIAN_POINT ( 'NONE',  ( -3.405896127175322530, -5.721933694565691120, -2.047901183070462316 ) ) ;
#217 = CARTESIAN_POINT ( 'NONE',  ( -1.352998583885646866, -2.000124463048833956, 3.730752394859239818 ) ) ;
#218 = ADVANCED_FACE ( 'NONE', ( #852 ), #3257, .T. ) ;
#219 = CARTESIAN_POINT ( 'NONE',  ( 2.243494793232802653, -2.747107613667640003, -3.189475111778840688 ) ) ;
#220 = ORIENTED_EDGE ( 'NONE', *, *, #1135, .T. ) ;
#221 = CARTESIAN_POINT ( 'NONE',  ( -4.107366323934855679, -4.541477272727279413, -5.030073021532451998E-16 ) ) ;
#222 = CARTESIAN_POINT ( 'NONE',  ( 0.3794180689419456853, -4.840337852129751539, -3.959721698431679648 ) ) ;
#223 = CARTESIAN_POINT ( 'NONE',  ( -1.534332557278878406, -3.066875381069928075, 3.599913532521482828 ) ) ;
#224 = EDGE_CURVE ( 'NONE', #628, #2025, #2395, .T. ) ;
#225 = CARTESIAN_POINT ( 'NONE',  ( 1.285626222910279060, -2.503700445908850547, 3.103776263492488585 ) ) ;
#226 = CARTESIAN_POINT ( 'NONE',  ( 3.880627059781083243, -3.999612021752424251, -0.8533732406481481236 ) ) ;
#227 = CARTESIAN_POINT ( 'NONE',  ( -3.853268405696092636, -3.357442687495223232, -0.9723704152889637298 ) ) ;
#228 = DIRECTION ( 'NONE',  ( 0.000000000000000000, 0.000000000000000000, 1.000000000000000000 ) ) ;
#229 = CARTESIAN_POINT ( 'NONE',  ( -1.009155429757272438E-13, -2.226808289473922731, -3.542185647426463024 ) ) ;
#230 = CARTESIAN_POINT ( 'NONE',  ( -3.311067641808900230, -2.448024040684539493, -2.060499931573690269 ) ) ;
#231 = CARTESIAN_POINT ( 'NONE',  ( -1.315387211178965510, -2.452803134365010518, -3.754298284431147881 ) ) ;
#232 = CARTESIAN_POINT ( 'NONE',  ( 3.739835075376957807, -6.284647785428330025, -1.342473174386918711 ) ) ;
#233 = CARTESIAN_POINT ( 'NONE',  ( -1.325921617552761722, -6.162296632886851810, 3.201057951739541885 ) ) ;
#234 = CARTESIAN_POINT ( 'NONE',  ( 9.184850993605150903E-17, 6.000000000000007994, -0.7499999999999972244 ) ) ;
#235 = CARTESIAN_POINT ( 'NONE',  ( -3.359289831122852288, -6.666305338816946424, 2.072420574854910935 ) ) ;
#236 = CARTESIAN_POINT ( 'NONE',  ( 0.5084626377460168545, -5.496789587234292007, 3.866156423727444391 ) ) ;
#237 = CARTESIAN_POINT ( 'NONE',  ( 3.884370568234825960, -5.154968730843284774, -0.8364622631657833152 ) ) ;
#238 = CARTESIAN_POINT ( 'NONE',  ( 3.948729385436960726, -5.090261390513965090, -0.4735454609596368991 ) ) ;
#239 = CARTESIAN_POINT ( 'NONE',  ( -2.476846900294263687, -5.752493843665184237, -3.030409816242975118 ) ) ;
#240 = CARTESIAN_POINT ( 'NONE',  ( -5.880248061724518771E-16, -7.033726094385881922, 3.201057951739542329 ) ) ;
#241 = CARTESIAN_POINT ( 'NONE',  ( 3.848362317074407901, -2.893281554175623160, -0.6302202339971834100 ) ) ;
#242 = UNCERTAINTY_MEASURE_WITH_UNIT (LENGTH_MEASURE( 1.000000000000000082E-05 ), #3748, 'distance_accuracy_value', 'NONE');
#243 = ORIENTED_EDGE ( 'NONE', *, *, #159, .T. ) ;
#244 = CARTESIAN_POINT ( 'NONE',  ( -1.701326837008340309, -7.067045454545458405, -4.107366323934855679 ) ) ;
#245 = CARTESIAN_POINT ( 'NONE',  ( -3.353050067103557019, -4.572108186758887527, -2.133431379646228088 ) ) ;
#246 = CARTESIAN_POINT ( 'NONE',  ( -1.848293362698858022, -3.479183402069544684, -3.449223212851265874 ) ) ;
#247 = CARTESIAN_POINT ( 'NONE',  ( 2.194701243201382823, -1.276995900454306998, 2.194701243201384155 ) ) ;
#248 = VECTOR ( 'NONE', #3906, 1000.000000000000000 ) ;
#249 = EDGE_CURVE ( 'NONE', #4676, #2472, #1228, .T. ) ;
#250 = CARTESIAN_POINT ( 'NONE',  ( -3.390473628549193208, -3.378158519870419152, -1.955174601627408526 ) ) ;
#251 = CARTESIAN_POINT ( 'NONE',  ( 0.000000000000000000, -1.999999999999999112, 1.734723475976807094E-15 ) ) ;
#252 = DIRECTION ( 'NONE',  ( 0.000000000000000000, 0.000000000000000000, 1.000000000000000000 ) ) ;
#253 = CC_DESIGN_PERSON_AND_ORGANIZATION_ASSIGNMENT ( #4659, #2757, ( #2765 ) ) ;
#254 = CARTESIAN_POINT ( 'NONE',  ( 0.5229544735301689951, -2.657554754241496120, -3.864614847068318593 ) ) ;
#255 = CARTESIAN_POINT ( 'NONE',  ( 1.325921617552759946, -7.172523905614122341, 3.201057951739542329 ) ) ;
#256 = CARTESIAN_POINT ( 'NONE',  ( 3.669943881642530936, -6.322751723308473792, -1.319474262110714058 ) ) ;
#257 = CARTESIAN_POINT ( 'NONE',  ( -3.422018977907609116, -2.034060731516315279, 1.880531454497187838 ) ) ;
#258 = CARTESIAN_POINT ( 'NONE',  ( 0.000000000000000000, -1.999999999999999112, 4.500000000000000888 ) ) ;
#259 = CARTESIAN_POINT ( 'NONE',  ( -0.6164978324448668889, -6.683839285815107445, 3.870212579270932096 ) ) ;
#260 = CARTESIAN_POINT ( 'NONE',  ( 3.888045531707539304, -6.372512546192616867, -0.2983081711419858784 ) ) ;
#261 = CARTESIAN_POINT ( 'NONE',  ( 3.973301503140779900, -5.191669815106205732, -0.03809495852540707717 ) ) ;
#262 = CARTESIAN_POINT ( 'NONE',  ( 2.578767598815958184, -5.269735772062791312, 3.027615234015650802 ) ) ;
#263 = CARTESIAN_POINT ( 'NONE',  ( 2.313479128997758760, -6.025417264727768618, -3.231289233634433433 ) ) ;
#264 = CARTESIAN_POINT ( 'NONE',  ( 1.325921617552761278, -6.528612458022245768, -3.201057951739541885 ) ) ;
#265 = CARTESIAN_POINT ( 'NONE',  ( 3.647022883936093862, -2.855972894381584748, -1.380169259694863593 ) ) ;
#266 = VERTEX_POINT ( 'NONE', #136 ) ;
#267 = CARTESIAN_POINT ( 'NONE',  ( -2.904346580471598660, -5.551704545454550832, 2.904346580471597772 ) ) ;
#268 = CARTESIAN_POINT ( 'NONE',  ( 2.568731595077391461, -4.856802651297999596, -2.952910061126914787 ) ) ;
#269 = CARTESIAN_POINT ( 'NONE',  ( 2.324548924810909689, -2.533209697852108810, -3.148076541308451937 ) ) ;
#270 = CARTESIAN_POINT ( 'NONE',  ( -1.285626222910277949, -5.390064082272481905, -3.103776263492488585 ) ) ;
#271 = CARTESIAN_POINT ( 'NONE',  ( -2.969424791815434617, -3.514587235344583949, -2.647040425930405672 ) ) ;
#272 = CARTESIAN_POINT ( 'NONE',  ( 0.09943952203143066604, -5.883455823437268251, -3.912102560176050403 ) ) ;
#273 = LINE ( 'NONE', #1773, #2671 ) ;
#274 = CARTESIAN_POINT ( 'NONE',  ( 3.855079667349853523, -2.895252406584954308, -0.5889787721284150956 ) ) ;
#275 = ORIENTED_EDGE ( 'NONE', *, *, #3662, .T. ) ;
#276 = CARTESIAN_POINT ( 'NONE',  ( 3.646728389570538909, -6.189457071965525081, -1.588270772639148731 ) ) ;
#277 = CARTESIAN_POINT ( 'NONE',  ( -3.748179652714734633, -2.096065942314882857, -0.6348200434531898750 ) ) ;
#278 = CARTESIAN_POINT ( 'NONE',  ( 0.000000000000000000, 6.000000000000007994, 2.941287793933206948E-15 ) ) ;
#279 = CARTESIAN_POINT ( 'NONE',  ( -3.718868881410285709, -6.760584344444142246, -1.008817257793297673 ) ) ;
#280 = CARTESIAN_POINT ( 'NONE',  ( -2.194701243201384155, -7.228685917727524668, 2.194701243201383267 ) ) ;
#281 = CARTESIAN_POINT ( 'NONE',  ( -3.742366289590566275, -5.860462998920069388, -1.095620132355032972 ) ) ;
#282 = CARTESIAN_POINT ( 'NONE',  ( 2.250183714068866969, -5.056578072063153684, -3.185155619104226510 ) ) ;
#283 = CARTESIAN_POINT ( 'NONE',  ( 3.117804106331642622, -2.611724128369619535, -2.464261457795641874 ) ) ;
#284 = CARTESIAN_POINT ( 'NONE',  ( -3.479838830064889255, -3.472997227892560712, -1.925438033135677074 ) ) ;
#285 = CARTESIAN_POINT ( 'NONE',  ( 2.928171744313952551, -6.062131295577461110, -2.686796176916984802 ) ) ;
#286 = CARTESIAN_POINT ( 'NONE',  ( 9.800413436207532270E-16, -6.456453367113154762, -3.201057951739542329 ) ) ;
#287 = AXIS2_PLACEMENT_3D ( 'NONE', #1780, #598, #2900 ) ;
#288 = CARTESIAN_POINT ( 'NONE',  ( 0.3301771562196090803, -2.041335021752550105, 3.876975997125514439 ) ) ;
#289 = VERTEX_POINT ( 'NONE', #3911 ) ;
#290 = DIRECTION ( 'NONE',  ( 0.5000000000000001110, 0.000000000000000000, 0.8660254037844385966 ) ) ;
#291 = CARTESIAN_POINT ( 'NONE',  ( 0.1100521723588409884, -4.729666587334323324, -3.912535412420828251 ) ) ;
#292 = CARTESIAN_POINT ( 'NONE',  ( 0.6784470080198768960, -2.446723516852593150, -3.853982037968396224 ) ) ;
#293 = CARTESIAN_POINT ( 'NONE',  ( -1.285626222910279948, -4.957109536817937645, 3.103776263492488585 ) ) ;
#294 = CARTESIAN_POINT ( 'NONE',  ( -3.949944508105120100, -3.332167211793623185, -0.4371725575810455622 ) ) ;
#295 = CARTESIAN_POINT ( 'NONE',  ( 1.605316617135718493, -5.956980872621503664, -3.568805480611820347 ) ) ;
#296 = CARTESIAN_POINT ( 'NONE',  ( -1.286961542445585138, -1.929782633381261769, 3.759919720162911538 ) ) ;
#297 = CARTESIAN_POINT ( 'NONE',  ( 3.904333546785834663, -2.917623505370256165, 0.7382146001133000901 ) ) ;
#298 = CARTESIAN_POINT ( 'NONE',  ( 1.960082687241506503E-16, -6.667410269250487076, -3.201057951739542329 ) ) ;
#299 = CARTESIAN_POINT ( 'NONE',  ( 3.059703989799971602, -6.509609139139352685, 2.418228139809069699 ) ) ;
#300 = CARTESIAN_POINT ( 'NONE',  ( -1.500000000000000222, 0.4738549290423897387, -4.330127018922192761 ) ) ;
#301 = CARTESIAN_POINT ( 'NONE',  ( 3.201057951739542329, -5.590544276204066243, 0.000000000000000000 ) ) ;
#302 = CARTESIAN_POINT ( 'NONE',  ( -2.249999999999998224, 0.4738549290423901272, 3.897114317029974906 ) ) ;
#303 = CARTESIAN_POINT ( 'NONE',  ( 2.194701243201382823, -4.630958645000255558, 2.194701243201384155 ) ) ;
#304 = DIRECTION ( 'NONE',  ( 0.4999999999999998335, 0.000000000000000000, -0.8660254037844387076 ) ) ;
#305 = ADVANCED_FACE ( 'NONE', ( #3147 ), #4047, .T. ) ;
#306 = CARTESIAN_POINT ( 'NONE',  ( 1.156823436539768046, -5.345380907233222345, 3.805807208005349107 ) ) ;
#307 = CARTESIAN_POINT ( 'NONE',  ( 3.504385264316952409, -2.618997393371730098, -1.742861500896888849 ) ) ;
#308 = CARTESIAN_POINT ( 'NONE',  ( -2.675136107590798229, -3.532298579223534407, -2.943001082965475579 ) ) ;
#309 = CARTESIAN_POINT ( 'NONE',  ( 2.662645288325073967, -6.420165508054458847, 2.955296411273670376 ) ) ;
#310 = CARTESIAN_POINT ( 'NONE',  ( -3.201057951739542329, -3.858726094385886984, -2.744115762138108957E-15 ) ) ;
#311 = CARTESIAN_POINT ( 'NONE',  ( -1.657703213758640048, -3.707277701073473430, -3.529550675483156041 ) ) ;
#312 = EDGE_CURVE ( 'NONE', #4448, #4760, #4012, .T. ) ;
#313 = CARTESIAN_POINT ( 'NONE',  ( -2.260319172225063067, -3.555441224983638904, -3.273073935881305907 ) ) ;
#314 = ORIENTED_EDGE ( 'NONE', *, *, #1274, .F. ) ;
#315 = PLANE ( 'NONE',  #2791 ) ;
#316 = CARTESIAN_POINT ( 'NONE',  ( 3.785563317437889097, -5.169127517671562089, 1.221791412999206905 ) ) ;
#317 = CARTESIAN_POINT ( 'NONE',  ( 0.000000000000000000, -7.500000000000000888, -1.555152491158895817E-15 ) ) ;
#318 = CIRCLE ( 'NONE', #4789, 1.000000000000000000 ) ;
#319 = CARTESIAN_POINT ( 'NONE',  ( 1.285626222910278393, -5.534382264090663028, -3.103776263492488585 ) ) ;
#320 = CARTESIAN_POINT ( 'NONE',  ( -1.144535673339419413, -3.548139669170834232, -3.805658833768256422 ) ) ;
#321 = CARTESIAN_POINT ( 'NONE',  ( 3.909852441677037049, -6.174879206678291155, 0.1609826110231086793 ) ) ;
#322 = CARTESIAN_POINT ( 'NONE',  ( 2.249999999999999556, -1.999999999999999112, -3.897114317029973130 ) ) ;
#323 = AXIS2_PLACEMENT_3D ( 'NONE', #4720, #2023, #1705 ) ;
#324 = CARTESIAN_POINT ( 'NONE',  ( 2.118029802981034493, -3.104664294500659505, 3.274499281011597152 ) ) ;
#325 = EDGE_LOOP ( 'NONE', ( #3896, #3604, #2778, #2216, #1222, #4543 ) ) ;
#326 = CARTESIAN_POINT ( 'NONE',  ( 1.143865780909175678, -6.500563134064349491, 3.809539638550459184 ) ) ;
#327 = DIRECTION ( 'NONE',  ( -0.000000000000000000, -1.000000000000000000, -3.921717058577609625E-16 ) ) ;
#328 = CARTESIAN_POINT ( 'NONE',  ( 2.263489784646150138, -4.580317003476793936, 2.263489784646151026 ) ) ;
#329 = CARTESIAN_POINT ( 'NONE',  ( 3.980102097228900204E-16, 5.722886414021192358, 3.250000000000003997 ) ) ;
#330 = CARTESIAN_POINT ( 'NONE',  ( -3.103776263492488585, -6.290617735909344255, -1.285626222910278837 ) ) ;
#331 = CARTESIAN_POINT ( 'NONE',  ( 0.2260154862162221390, -6.664401704808409654, 3.892937309320180006 ) ) ;
#332 = ADVANCED_FACE ( 'NONE', ( #1756 ), #1704, .T. ) ;
#333 = CARTESIAN_POINT ( 'NONE',  ( 3.223322741937551417, -5.342044671676649870, 2.195189081012365762 ) ) ;
#334 = CARTESIAN_POINT ( 'NONE',  ( 0.3036075985401632815, -2.527798221882144869, -3.966300235247233630 ) ) ;
#335 = CARTESIAN_POINT ( 'NONE',  ( -0.2417394529209062892, -4.256132507984565549, 3.969641153264330313 ) ) ;
#336 = CARTESIAN_POINT ( 'NONE',  ( 3.204259300896966423, -6.316196140171978612, 2.351043622289213264 ) ) ;
#337 = CARTESIAN_POINT ( 'NONE',  ( -2.263489784646146585, -4.003044276204068552, -2.263489784646154579 ) ) ;
#338 = CARTESIAN_POINT ( 'NONE',  ( 3.412362541373418434, -4.170206129172472131, 1.887220058057309968 ) ) ;
#339 = CARTESIAN_POINT ( 'NONE',  ( 0.6407781008142741097, -4.335962461197157225, 3.846838313091079709 ) ) ;
#340 = DIRECTION ( 'NONE',  ( 0.000000000000000000, 3.921717058577609625E-16, -1.000000000000000000 ) ) ;
#341 = CARTESIAN_POINT ( 'NONE',  ( 2.947083119439467769, -4.880661335774524545, -2.575422559232796615 ) ) ;
#342 = CARTESIAN_POINT ( 'NONE',  ( -1.599301748727296912, -2.338004192140118231, -3.571395496445567197 ) ) ;
#343 = CARTESIAN_POINT ( 'NONE',  ( 3.201057951739541885, -4.719114814705036132, 1.325921617552761278 ) ) ;
#344 = CARTESIAN_POINT ( 'NONE',  ( -1.325921617552758836, -6.384294276204065532, -3.201057951739542773 ) ) ;
#345 = CARTESIAN_POINT ( 'NONE',  ( 2.677834671241301923, -3.805196014471627475, -2.941515000888837772 ) ) ;
#346 = CARTESIAN_POINT ( 'NONE',  ( -3.788505444177813875, -5.544635899417128755, 0.9802492841442566052 ) ) ;
#347 = CARTESIAN_POINT ( 'NONE',  ( -1.136370263648309287, -2.000465699337659942, 3.808632376399662345 ) ) ;
#348 = CARTESIAN_POINT ( 'NONE',  ( 1.890590672230321401, -3.117380427581508240, 3.411062065254794717 ) ) ;
#349 = CARTESIAN_POINT ( 'NONE',  ( -5.880248061724518771E-16, -6.090137541977759916, 3.201057951739542329 ) ) ;
#350 = CARTESIAN_POINT ( 'NONE',  ( 1.146557225072938557, -6.583067759557107657, 3.804360557927310094 ) ) ;
#351 = CARTESIAN_POINT ( 'NONE',  ( 2.263489784646145697, -2.482182996523221163, 2.263489784646155467 ) ) ;
#352 = CARTESIAN_POINT ( 'NONE',  ( -5.880248061724518771E-16, -3.570089730749523849, 3.201057951739542329 ) ) ;
#353 = CARTESIAN_POINT ( 'NONE',  ( -4.107366323934855679, -6.922727272727274617, -1.701326837008341197 ) ) ;
#354 = CARTESIAN_POINT ( 'NONE',  ( 1.900514833177804041E-16, -4.198004099545713075, -3.103776263492489917 ) ) ;
#355 = FACE_OUTER_BOUND ( 'NONE', #4133, .T. ) ;
#356 = CARTESIAN_POINT ( 'NONE',  ( -1.685412351106030604, -5.602413742728360013, 3.516931683601263181 ) ) ;
#357 = CARTESIAN_POINT ( 'NONE',  ( 3.803232144682521021, -2.789015591920390058, 1.152961179986089713 ) ) ;
#358 = B_SPLINE_CURVE_WITH_KNOTS ( 'NONE', 3,
 ( #462, #1254, #119, #1594 ),
 .UNSPECIFIED., .F., .F.,
 ( 4, 4 ),
 ( 0.002598307151460990672, 0.005196383362814305240 ),
 .UNSPECIFIED. ) ;
#359 = CARTESIAN_POINT ( 'NONE',  ( -1.091909642103980227, -3.617669670947777583, -3.824165912559918556 ) ) ;
#360 = CARTESIAN_POINT ( 'NONE',  ( 3.759528965524463917, -6.138724881422064961, -1.287972254763017244 ) ) ;
#361 = ORIENTED_EDGE ( 'NONE', *, *, #4298, .F. ) ;
#362 = CARTESIAN_POINT ( 'NONE',  ( 3.201057951739542329, -5.590544276204066243, 1.568066149793205203E-15 ) ) ;
#363 = CARTESIAN_POINT ( 'NONE',  ( 3.898380268402763082, -4.072595804794030272, -0.09152364178581437471 ) ) ;
#364 = CARTESIAN_POINT ( 'NONE',  ( 3.671540567931852905, -4.110719366594405955, 1.519065626096255173 ) ) ;
#365 = CARTESIAN_POINT ( 'NONE',  ( 4.499999999999999112, 0.3511044742336485447, -2.598076211353316456 ) ) ;
#366 = EDGE_CURVE ( 'NONE', #2047, #798, #875, .T. ) ;
#367 = CARTESIAN_POINT ( 'NONE',  ( 3.912171371120984453, -5.007780831287402812, -0.1194513637068811696 ) ) ;
#368 = CARTESIAN_POINT ( 'NONE',  ( -2.671659397529728697, -2.277004893610793168, -2.859294959636670352 ) ) ;
#369 = AXIS2_PLACEMENT_3D ( 'NONE', #1858, #304, #3373 ) ;
#370 = ORIENTED_EDGE ( 'NONE', *, *, #664, .F. ) ;
#371 = CARTESIAN_POINT ( 'NONE',  ( -5.880248061724518771E-16, -7.244682996523213347, 3.201057951739542329 ) ) ;
#372 = CARTESIAN_POINT ( 'NONE',  ( 3.201057951739541885, -4.508157912567703818, 1.325921617552761278 ) ) ;
#373 = ADVANCED_FACE ( 'NONE', ( #4450 ), #4205, .T. ) ;
#374 = CARTESIAN_POINT ( 'NONE',  ( 3.885012313831861519, -3.851747681465749640, -0.8366698815173730930 ) ) ;
#375 = CARTESIAN_POINT ( 'NONE',  ( 2.275439186238597422, -5.993998032895953898, -3.183618036835019094 ) ) ;
#376 = CARTESIAN_POINT ( 'NONE',  ( -2.478797696447025523, -2.061561284038535113, 3.111120382420273778 ) ) ;
#377 = CARTESIAN_POINT ( 'NONE',  ( 2.583563575970198922, -2.959461863544751825, 3.024233937473116196 ) ) ;
#378 = TOROIDAL_SURFACE ( 'NONE', #3113, 8.743105441705637304, 6.109691365970316035 ) ;
#379 = CARTESIAN_POINT ( 'NONE',  ( 1.325921617552759280, -2.121387541977767022, -3.201057951739542773 ) ) ;
#380 = CARTESIAN_POINT ( 'NONE',  ( 1.889951234953387127, -6.544775191588917629, 3.495296532908525489 ) ) ;
#381 = DIRECTION ( 'NONE',  ( -0.000000000000000000, 1.000000000000000000, 1.015892941693919779E-16 ) ) ;
#382 = CARTESIAN_POINT ( 'NONE',  ( 1.325921617552759946, -6.961567003476790916, 3.201057951739542329 ) ) ;
#383 = DIRECTION ( 'NONE',  ( 0.000000000000000000, 1.000000000000000000, 0.000000000000000000 ) ) ;
#384 = DIRECTION ( 'NONE',  ( 0.000000000000000000, 0.000000000000000000, -1.000000000000000000 ) ) ;
#385 = CARTESIAN_POINT ( 'NONE',  ( 1.897135638945852465, -5.307249781847573011, 3.495951532095819658 ) ) ;
#386 = CARTESIAN_POINT ( 'NONE',  ( 1.106274954435872093, -2.565683043428486521, -3.821077910670511724 ) ) ;
#387 = CARTESIAN_POINT ( 'NONE',  ( 3.173326500297054320, -4.076553727427561391, 2.397223511162643206 ) ) ;
#388 = CARTESIAN_POINT ( 'NONE',  ( 3.943783554888131260, -6.177138166940313369, -0.4900576214138074871 ) ) ;
#389 = CARTESIAN_POINT ( 'NONE',  ( -3.201057951739545882, -2.632021548931342991, 1.325921617552751064 ) ) ;
#390 = CARTESIAN_POINT ( 'NONE',  ( 2.205322396338335711, -4.254215165594259496, 3.215939940659505059 ) ) ;
#391 = CARTESIAN_POINT ( 'NONE',  ( 2.575182669331708141, -4.114508479437812838, 3.031576620307751213 ) ) ;
#392 = CARTESIAN_POINT ( 'NONE',  ( -2.904346580471598660, -3.242613636363644858, 2.904346580471597772 ) ) ;
#393 = CARTESIAN_POINT ( 'NONE',  ( 3.805524699539958533, -4.970608344043515814, -0.9145646558935114356 ) ) ;
#394 = CARTESIAN_POINT ( 'NONE',  ( 1.325921617552759280, -5.585023905614125539, -3.201057951739542773 ) ) ;
#395 = CARTESIAN_POINT ( 'NONE',  ( 2.263489784646150138, -5.734862458022247367, 2.263489784646151026 ) ) ;
#396 = CARTESIAN_POINT ( 'NONE',  ( 2.830759348916092488, -3.718257172249129550, -2.703092833587227961 ) ) ;
#397 = CARTESIAN_POINT ( 'NONE',  ( 1.386652874575095895, -4.791008973589415909, -3.659215038049965951 ) ) ;
#398 = EDGE_CURVE ( 'NONE', #524, #2517, #211, .T. ) ;
#399 = CARTESIAN_POINT ( 'NONE',  ( -3.501847902634739107, -3.552284389040774037, -1.877462399208718269 ) ) ;
#400 = CARTESIAN_POINT ( 'NONE',  ( 0.6257281335051551041, -6.608128500039415876, 3.923801319725646497 ) ) ;
#401 = CARTESIAN_POINT ( 'NONE',  ( 0.000000000000000000, 5.722886414021193247, 2.058521631565233228E-15 ) ) ;
#402 = CARTESIAN_POINT ( 'NONE',  ( 3.201057951739542773, -5.518385185294974349, -1.325921617552759058 ) ) ;
#403 = CARTESIAN_POINT ( 'NONE',  ( 1.701326837008340975, -3.747727272727280567, -4.107366323934855679 ) ) ;
#404 = AXIS2_PLACEMENT_3D ( 'NONE', #2418, #2835, #992 ) ;
#405 = DIRECTION ( 'NONE',  ( 0.000000000000000000, 0.000000000000000000, -1.000000000000000000 ) ) ;
#406 = CARTESIAN_POINT ( 'NONE',  ( -0.4369361409671316809, -5.501292946759618552, 3.949307492761668925 ) ) ;
#407 = CARTESIAN_POINT ( 'NONE',  ( -1.432546678997866252, -3.061547788184965313, 3.642468417406822923 ) ) ;
#408 = CARTESIAN_POINT ( 'NONE',  ( -3.399333789991180410, -3.278619966144549647, 2.064377399445282979 ) ) ;
#409 = CARTESIAN_POINT ( 'NONE',  ( 1.998481692844428670, -6.458000076326924521, 3.439451698873092766 ) ) ;
#410 = CARTESIAN_POINT ( 'NONE',  ( -1.325921617552758391, -5.229748821658612101, -3.201057951739543217 ) ) ;
#411 = CARTESIAN_POINT ( 'NONE',  ( -1.180010331773741372, -3.732133993950290218, -3.716622953892939396 ) ) ;
#412 = CARTESIAN_POINT ( 'NONE',  ( 3.830726309996415502, -4.110677855283071835, 0.7309422824785115624 ) ) ;
#413 = DIRECTION ( 'NONE',  ( 0.000000000000000000, 0.000000000000000000, 1.000000000000000000 ) ) ;
#414 = CARTESIAN_POINT ( 'NONE',  ( 1.388036266100828975, -5.235420193845994774, 3.659423897129312486 ) ) ;
#415 = CARTESIAN_POINT ( 'NONE',  ( 2.263489784646150138, -7.100364814705031336, 2.263489784646151026 ) ) ;
#416 = CARTESIAN_POINT ( 'NONE',  ( 3.201057951739542773, -4.363839730749522694, -1.325921617552759058 ) ) ;
#417 = CARTESIAN_POINT ( 'NONE',  ( 3.772564721928724829, -3.907658715253430781, 1.042668439198433106 ) ) ;
#418 = CARTESIAN_POINT ( 'NONE',  ( -3.409492909646385517, -4.341133148509804585, 1.920584323014334238 ) ) ;
#419 = CARTESIAN_POINT ( 'NONE',  ( -2.385377054920407858, -3.291864367368914301, 3.177860218614183996 ) ) ;
#420 = DIRECTION ( 'NONE',  ( 0.000000000000000000, 0.000000000000000000, 1.000000000000000000 ) ) ;
#421 = CARTESIAN_POINT ( 'NONE',  ( 0.000000000000000000, 0.4738549290423901272, 1.734723475976807094E-15 ) ) ;
#422 = CARTESIAN_POINT ( 'NONE',  ( -5.880248061724518771E-16, -2.415544276204071306, 3.201057951739542329 ) ) ;
#423 = CARTESIAN_POINT ( 'NONE',  ( -1.701326837008340309, -3.603409090909097667, -4.107366323934855679 ) ) ;
#424 = ORIENTED_EDGE ( 'NONE', *, *, #672, .F. ) ;
#425 = CARTESIAN_POINT ( 'NONE',  ( -3.741341654290584184, -2.397083781572237893, -1.100938966042472655 ) ) ;
#426 = CARTESIAN_POINT ( 'NONE',  ( -3.860057961317635566, -5.643640780476383512, 0.9601052598006168948 ) ) ;
#427 = CARTESIAN_POINT ( 'NONE',  ( 3.617423611628285851, -2.881251905862355134, 1.652737610344453989 ) ) ;
#428 = CARTESIAN_POINT ( 'NONE',  ( -3.863082958694448621, -6.800412274390322587, 0.9488925790878621758 ) ) ;
#429 = EDGE_LOOP ( 'NONE', ( #4652, #4280, #1352 ) ) ;
#430 = ORIENTED_EDGE ( 'NONE', *, *, #1692, .T. ) ;
#431 = DATE_AND_TIME ( #3525, #3993 ) ;
#432 = CARTESIAN_POINT ( 'NONE',  ( -2.877281123028890164, -4.790744518831240306, -2.632023986815041461 ) ) ;
#433 = CARTESIAN_POINT ( 'NONE',  ( 0.6476868788817001787, -4.215348751929611559, 3.924484125650675281 ) ) ;
#434 = CARTESIAN_POINT ( 'NONE',  ( -0.9252001062850842006, -5.934874991264964983, -3.867955493968215031 ) ) ;
#435 = CARTESIAN_POINT ( 'NONE',  ( -2.865884773930397866, -5.548589081485840069, 2.758632877340396750 ) ) ;
#436 = FACE_OUTER_BOUND ( 'NONE', #1582, .T. ) ;
#437 = CARTESIAN_POINT ( 'NONE',  ( -3.201057951739542773, -5.296387541977763291, -1.325921617552759280 ) ) ;
#438 = CARTESIAN_POINT ( 'NONE',  ( -5.880248061724518771E-16, -4.724635185294975948, 3.201057951739542329 ) ) ;
#439 = CIRCLE ( 'NONE', #2318, 3.309416156571634904 ) ;
#440 = CARTESIAN_POINT ( 'NONE',  ( 2.219597540919863388, -3.681677131593301677, -3.223575079977719415 ) ) ;
#441 = CARTESIAN_POINT ( 'NONE',  ( 3.638777665074969470, -5.082397238906790626, 1.439869095312087843 ) ) ;
#442 = AXIS2_PLACEMENT_3D ( 'NONE', #1056, #1011, #2575 ) ;
#443 = CARTESIAN_POINT ( 'NONE',  ( -3.103776263492489917, -4.991754099545709700, 1.285626222910277505 ) ) ;
#444 = CIRCLE ( 'NONE', #680, 0.5000000000000000000 ) ;
#445 = CARTESIAN_POINT ( 'NONE',  ( -1.939528620319687757, -3.184184401818825005, 3.472796584488045735 ) ) ;
#446 = CARTESIAN_POINT ( 'NONE',  ( 0.000000000000000000, 0.9662187481069705042, 1.734723475976807094E-15 ) ) ;
#447 = CARTESIAN_POINT ( 'NONE',  ( -0.6452912359259439512, -2.210340459050229356, -3.518114905779088364 ) ) ;
#448 = CARTESIAN_POINT ( 'NONE',  ( -1.325921617552758836, -1.766112458022254028, -3.201057951739542773 ) ) ;
#449 = CARTESIAN_POINT ( 'NONE',  ( -4.107366323934856567, -2.160227272727282433, 1.701326837008339643 ) ) ;
#450 = EDGE_LOOP ( 'NONE', ( #4041, #3788, #2386, #2670, #3443, #3597 ) ) ;
#451 = CARTESIAN_POINT ( 'NONE',  ( -3.658898632922483518, -2.409742068165637630, -1.349510934391354500 ) ) ;
#452 = CARTESIAN_POINT ( 'NONE',  ( -3.489743817981881602, -5.862578980143873686, -1.899840652301625132 ) ) ;
#453 = CARTESIAN_POINT ( 'NONE',  ( 3.871515937085625136, -2.844018982799655593, 0.9098001442451787435 ) ) ;
#454 = CARTESIAN_POINT ( 'NONE',  ( 0.000000000000000000, -1.999999999999999112, 1.734723475976807094E-15 ) ) ;
#455 = ORIENTED_EDGE ( 'NONE', *, *, #1126, .F. ) ;
#456 = COORDINATED_UNIVERSAL_TIME_OFFSET ( 6, 0, .BEHIND. ) ;
#457 = EDGE_CURVE ( 'NONE', #2654, #524, #2143, .T. ) ;
#458 = CARTESIAN_POINT ( 'NONE',  ( -1.491843501724465337, -4.437609831116396286, 3.602782644937365220 ) ) ;
#459 = CARTESIAN_POINT ( 'NONE',  ( -3.957312981936752738, -4.631766391641604308, -0.3579313959852470362 ) ) ;
#460 = CARTESIAN_POINT ( 'NONE',  ( 3.374671370120859937, -6.369130803671511742, 2.104437207978152369 ) ) ;
#461 = CARTESIAN_POINT ( 'NONE',  ( -3.970913645941758663, -5.699934554981472168, -0.2385831806942771693 ) ) ;
#462 = CARTESIAN_POINT ( 'NONE',  ( 2.249999999999997780, 0.4738549290423901272, -3.897114317029971353 ) ) ;
#463 = VERTEX_POINT ( 'NONE', #621 ) ;
#464 = EDGE_CURVE ( 'NONE', #1886, #289, #1350, .T. ) ;
#465 = CARTESIAN_POINT ( 'NONE',  ( 3.201057951739541885, -3.353612458022250387, 1.325921617552761278 ) ) ;
#466 = CARTESIAN_POINT ( 'NONE',  ( -3.201057951739542773, -4.141842087432308972, -1.325921617552759280 ) ) ;
#467 = CARTESIAN_POINT ( 'NONE',  ( -1.338017845516335624, -4.211214346623867399, 3.678266146930083913 ) ) ;
#468 = CARTESIAN_POINT ( 'NONE',  ( -3.530457521314848357, -4.353754495156813675, 1.687786997107047604 ) ) ;
#469 = CARTESIAN_POINT ( 'NONE',  ( 2.194701243201384155, -3.187776826818441211, -2.194701243201383267 ) ) ;
#470 = CARTESIAN_POINT ( 'NONE',  ( -1.896436027604175178, -3.304793843841455026, 3.407822145450726481 ) ) ;
#471 = CARTESIAN_POINT ( 'NONE',  ( -3.029695594689018279, -7.443240856716884402, 0.9535279159962214424 ) ) ;
#472 = CARTESIAN_POINT ( 'NONE',  ( -1.009155429757272438E-13, -2.226808289473922731, -3.542185647426463024 ) ) ;
#473 = CARTESIAN_POINT ( 'NONE',  ( 2.263489784646150582, -1.982589730749525936, -2.263489784646150582 ) ) ;
#474 = CARTESIAN_POINT ( 'NONE',  ( -1.701326837008342974, -4.325000000000005507, 4.107366323934854790 ) ) ;
#475 = ORIENTED_EDGE ( 'NONE', *, *, #4541, .F. ) ;
#476 = AXIS2_PLACEMENT_3D ( 'NONE', #3273, #3556, #4384 ) ;
#477 = PERSON ( 'UNSPECIFIED', 'UNSPECIFIED', 'UNSPECIFIED', ('UNSPECIFIED'), ('UNSPECIFIED'), ('UNSPECIFIED') ) ;
#478 = CARTESIAN_POINT ( 'NONE',  ( -3.144630741378098282, -2.102231195011560416, 2.435647663752025238 ) ) ;
#479 = CARTESIAN_POINT ( 'NONE',  ( -3.426082828678213676, -5.900683458964798511, -1.862953277288503573 ) ) ;
#480 = CARTESIAN_POINT ( 'NONE',  ( -3.879284181343850779, -2.265137927888706493, -0.8763789997617126293 ) ) ;
#481 = CARTESIAN_POINT ( 'NONE',  ( -2.158862384714506533, -6.593977411800014288, 3.336717444540697297 ) ) ;
#482 = ORIENTED_EDGE ( 'NONE', *, *, #4665, .T. ) ;
#483 = AXIS2_PLACEMENT_3D ( 'NONE', #454, #3100, #4609 ) ;
#484 =( NAMED_UNIT ( * ) PLANE_ANGLE_UNIT ( ) SI_UNIT ( $, .RADIAN. ) );
#485 = CARTESIAN_POINT ( 'NONE',  ( -1.394386406851239490, -4.875690583722643190, -3.641612379407832112 ) ) ;
#486 = CARTESIAN_POINT ( 'NONE',  ( -2.988400778469401331, -4.783025699628955962, -2.505626443191827590 ) ) ;
#487 = CARTESIAN_POINT ( 'NONE',  ( 3.804624517822682961, -6.212114240213816529, -1.158596056426316023 ) ) ;
#488 = CARTESIAN_POINT ( 'NONE',  ( -3.371924510850019541, -5.585945819016728819, 2.110476558544792436 ) ) ;
#489 = CARTESIAN_POINT ( 'NONE',  ( -3.201057951739542329, -1.760592087432313102, -3.920165374483013007E-16 ) ) ;
#490 = CARTESIAN_POINT ( 'NONE',  ( 3.749999999999999112, -1.953601367524366639, -3.031088913245535199 ) ) ;
#491 = CARTESIAN_POINT ( 'NONE',  ( 3.201057951739541885, -2.410023905614130602, 1.325921617552761278 ) ) ;
#492 = CARTESIAN_POINT ( 'NONE',  ( 0.2536352071513007234, -4.167430887769446812, 3.966003142764159772 ) ) ;
#493 = CARTESIAN_POINT ( 'NONE',  ( -3.886994103873074646, -4.415434886816189675, 0.4530075268715837988 ) ) ;
#494 = CARTESIAN_POINT ( 'NONE',  ( -2.194701243201383267, -6.472450445908843442, -2.194701243201384155 ) ) ;
#495 = CARTESIAN_POINT ( 'NONE',  ( -3.088332159698360169, -3.378056703049516329, 2.381370972785583628 ) ) ;
#496 = CARTESIAN_POINT ( 'NONE',  ( -2.813562504385670682, -3.236231770912974870, 2.812045181320938170 ) ) ;
#497 = FACE_OUTER_BOUND ( 'NONE', #1265, .T. ) ;
#498 = DIRECTION ( 'NONE',  ( -0.000000000000000000, 1.000000000000000000, -0.000000000000000000 ) ) ;
#499 = CARTESIAN_POINT ( 'NONE',  ( 4.107366323934854790, -2.881818181818189828, 1.701326837008343640 ) ) ;
#500 = VERTEX_POINT ( 'NONE', #1139 ) ;
#501 = CARTESIAN_POINT ( 'NONE',  ( -0.3973112011380861008, -2.035839459905766091, 3.953475378358015213 ) ) ;
#502 = CARTESIAN_POINT ( 'NONE',  ( -0.7814142914446952082, -2.411205813742113957, -3.896663659281891956 ) ) ;
#503 = CARTESIAN_POINT ( 'NONE',  ( -2.404860092874353761, -5.602082984599491944, 3.162940112427806039 ) ) ;
#504 = CARTESIAN_POINT ( 'NONE',  ( 3.226057347892526295, -2.917913625950946610, 2.325789290530368536 ) ) ;
#505 = CYLINDRICAL_SURFACE ( 'NONE', #4324, 1.590000000000000302 ) ;
#506 = PERSON_AND_ORGANIZATION ( #477, #4782 ) ;
#507 = CARTESIAN_POINT ( 'NONE',  ( 3.264968677064111979, -5.338446543086010188, 2.132067792024676223 ) ) ;
#508 = CARTESIAN_POINT ( 'NONE',  ( -3.973794865877123605, -4.525444686176841813, 0.1753318951315527563 ) ) ;
#509 = CARTESIAN_POINT ( 'NONE',  ( -1.177274408125458471, -6.609354102564688027, 3.798858864583270378 ) ) ;
#510 = CARTESIAN_POINT ( 'NONE',  ( -3.756630297375496141, -5.750720968541070732, -1.308227406967221729 ) ) ;
#511 = CARTESIAN_POINT ( 'NONE',  ( 1.500000000000000444, -1.999999999999999112, 4.330127018922194537 ) ) ;
#512 = CARTESIAN_POINT ( 'NONE',  ( 3.201057951739542329, -3.281453367113160269, 0.000000000000000000 ) ) ;
#513 = CARTESIAN_POINT ( 'NONE',  ( 3.201057951739542329, -4.646955723795944238, 0.000000000000000000 ) ) ;
#514 = CARTESIAN_POINT ( 'NONE',  ( -3.274381862636788210, -4.423105411927334529, 2.258995224870195440 ) ) ;
#515 = CARTESIAN_POINT ( 'NONE',  ( -3.577234139546929370, -3.358255347753001718, -1.586433302849480809 ) ) ;
#516 = CARTESIAN_POINT ( 'NONE',  ( -1.285626222910279948, -7.266200445908843619, 3.103776263492488585 ) ) ;
#517 = EDGE_CURVE ( 'NONE', #2731, #1931, #1697, .T. ) ;
#518 = AXIS2_PLACEMENT_3D ( 'NONE', #446, #2697, #1947 ) ;
#519 = CARTESIAN_POINT ( 'NONE',  ( 2.645332349882092426, -3.925649568118581456, -2.865504335536903646 ) ) ;
#520 = CARTESIAN_POINT ( 'NONE',  ( -3.702025762300384049, -3.244417112576584383, 1.444952167609454330 ) ) ;
#521 = CARTESIAN_POINT ( 'NONE',  ( 0.000000000000000000, 6.000000000000007994, 0.7500000000000029976 ) ) ;
#522 = CARTESIAN_POINT ( 'NONE',  ( -1.590213683922675328E-15, -1.999999999999999112, -5.196152422706631135 ) ) ;
#523 = CARTESIAN_POINT ( 'NONE',  ( 2.515036510766225999E-16, -1.366477272727284031, -4.107366323934855679 ) ) ;
#524 = VERTEX_POINT ( 'NONE', #56 ) ;
#525 = AXIS2_PLACEMENT_3D ( 'NONE', #1012, #1757, #3958 ) ;
#526 = ADVANCED_FACE ( 'NONE', ( #3369 ), #4767, .T. ) ;
#527 = EDGE_LOOP ( 'NONE', ( #243, #4689, #3046 ) ) ;
#528 = CARTESIAN_POINT ( 'NONE',  ( -3.769057784600562844, -2.247991627482182064, 1.257794690784864722 ) ) ;
#529 = CARTESIAN_POINT ( 'NONE',  ( -3.638290191443843025, -2.149193750670462144, 1.608437325940180518 ) ) ;
#530 = CARTESIAN_POINT ( 'NONE',  ( -2.978932355463320025, -5.938252779232896295, -2.516930667043927539 ) ) ;
#531 = CARTESIAN_POINT ( 'NONE',  ( 1.764074418517355927E-15, -5.512864814705033645, -3.201057951739542329 ) ) ;
#532 = DIRECTION ( 'NONE',  ( -0.000000000000000000, 1.000000000000000000, -0.000000000000000000 ) ) ;
#533 = CARTESIAN_POINT ( 'NONE',  ( -1.433317821360237110, -6.555365934369397962, 3.706583410034225867 ) ) ;
#534 = CARTESIAN_POINT ( 'NONE',  ( -3.256878701132828180, -4.546334343863431826, 2.144495059011316762 ) ) ;
#535 = CARTESIAN_POINT ( 'NONE',  ( -3.720549507664828948, -4.599488376777751242, -1.407115281092131021 ) ) ;
#536 = CARTESIAN_POINT ( 'NONE',  ( 3.971502177148843238, -5.102164584171132944, -0.2093670230335847038 ) ) ;
#537 = CARTESIAN_POINT ( 'NONE',  ( -3.453927154888829065, -5.500050577852023004, 1.840992600871093066 ) ) ;
#538 = ORIENTED_EDGE ( 'NONE', *, *, #2708, .F. ) ;
#539 = DIRECTION ( 'NONE',  ( 0.000000000000000000, 0.000000000000000000, 1.000000000000000000 ) ) ;
#540 = CARTESIAN_POINT ( 'NONE',  ( 3.201057951739541885, -1.044521548931346189, 1.325921617552761278 ) ) ;
#541 = CARTESIAN_POINT ( 'NONE',  ( 4.107366323934854790, -4.036363636363643259, 1.701326837008343640 ) ) ;
#542 = CARTESIAN_POINT ( 'NONE',  ( -3.064784412079761822, -4.311838957024095365, 2.434441635472643028 ) ) ;
#543 = CARTESIAN_POINT ( 'NONE',  ( -3.287039817809450426, -3.175273480310312202, 2.123471198204176513 ) ) ;
#544 = CARTESIAN_POINT ( 'NONE',  ( 3.103776263492489917, -5.750859536817936934, 0.000000000000000000 ) ) ;
#545 = CARTESIAN_POINT ( 'NONE',  ( 1.583875713996805379, -3.742643905850918884, -3.648750516946602129 ) ) ;
#546 = CARTESIAN_POINT ( 'NONE',  ( -2.402796975488736830, -3.211697332052818155, 3.170220629053891681 ) ) ;
#547 = CARTESIAN_POINT ( 'NONE',  ( -3.390583140046456112, -6.648396638745414755, 1.953712979489625079 ) ) ;
#548 = CARTESIAN_POINT ( 'NONE',  ( 0.4228027696040670969, -2.432216221462333738, 3.128329539746003807 ) ) ;
#549 = ORIENTED_EDGE ( 'NONE', *, *, #821, .F. ) ;
#550 = ADVANCED_FACE ( 'NONE', ( #4600 ), #378, .F. ) ;
#551 = CARTESIAN_POINT ( 'NONE',  ( 2.275890813423299797, -2.625509329301200623, -3.262277889989458224 ) ) ;
#552 = CARTESIAN_POINT ( 'NONE',  ( -3.247958303721006690, -2.339718095385828978, -2.296674932184169293 ) ) ;
#553 = CARTESIAN_POINT ( 'NONE',  ( 2.908125245329341801, -6.209525817066302800, -2.707487187088262193 ) ) ;
#554 = AXIS2_PLACEMENT_3D ( 'NONE', #2808, #1685, #576 ) ;
#555 = CARTESIAN_POINT ( 'NONE',  ( -3.201057951739542329, -5.224228451068671397, -1.960082687241506454E-15 ) ) ;
#556 = FACE_BOUND ( 'NONE', #4203, .T. ) ;
#557 = CARTESIAN_POINT ( 'NONE',  ( -2.632316780874974782, -6.645009918371347801, 2.969751584197720007 ) ) ;
#558 = CARTESIAN_POINT ( 'NONE',  ( 3.701247624633852151, -6.444411623332359618, 1.227692523318518969 ) ) ;
#559 = CARTESIAN_POINT ( 'NONE',  ( -3.857775669734929025, -4.488665152907681311, 0.9689574751953609066 ) ) ;
#560 = CARTESIAN_POINT ( 'NONE',  ( -3.434937198429056426, -4.631828685721045780, -2.004475196625730149 ) ) ;
#561 = CARTESIAN_POINT ( 'NONE',  ( 3.268621726236089930, -6.154465037004052341, -2.267051967105819799 ) ) ;
#562 = CARTESIAN_POINT ( 'NONE',  ( 2.263489784646150138, -6.889407912567699910, 2.263489784646151026 ) ) ;
#563 = CARTESIAN_POINT ( 'NONE',  ( -2.130268728992685379, -2.526690455211745512, -3.266243599130126629 ) ) ;
#564 = CARTESIAN_POINT ( 'NONE',  ( 1.701326837008341863, -6.489772727272730357, 4.107366323934854790 ) ) ;
#565 = CARTESIAN_POINT ( 'NONE',  ( -3.110954741249672750, -4.343029462775845673, 2.473096244807996058 ) ) ;
#566 = CARTESIAN_POINT ( 'NONE',  ( 3.350094623676683536, -3.758224149865816877, -2.022317458944124180 ) ) ;
#567 = CARTESIAN_POINT ( 'NONE',  ( -3.103776263492488585, -7.554836809545206755, -1.285626222910278837 ) ) ;
#568 = CARTESIAN_POINT ( 'NONE',  ( -0.7742303701590288467, -3.752258786433786408, -3.822220174331389053 ) ) ;
#569 = CARTESIAN_POINT ( 'NONE',  ( -3.470613007443086317, -3.218633389954353330, 1.935904653644550999 ) ) ;
#570 = CARTESIAN_POINT ( 'NONE',  ( 2.160071734929006837, -7.215379263876486426, 2.649609349668768044 ) ) ;
#571 = CARTESIAN_POINT ( 'NONE',  ( 0.4970679746800990007, -2.434148177532291069, 3.113717715704029221 ) ) ;
#572 = CARTESIAN_POINT ( 'NONE',  ( 3.227462519438276445, -2.685874516018252667, -2.324778092573667632 ) ) ;
#573 = CARTESIAN_POINT ( 'NONE',  ( -3.897308959764214986, -2.262112415710824997, -0.7977001877438529842 ) ) ;
#574 = CARTESIAN_POINT ( 'NONE',  ( -1.505820310922330485, -6.024430062457558854, -3.597562574967543281 ) ) ;
#575 = CARTESIAN_POINT ( 'NONE',  ( -4.499999999999999112, 0.4738549290423901272, 1.734723475976807094E-15 ) ) ;
#576 = DIRECTION ( 'NONE',  ( 0.000000000000000000, 0.000000000000000000, 1.000000000000000000 ) ) ;
#577 = CARTESIAN_POINT ( 'NONE',  ( -0.6348923292208578095, -6.689065188306040355, 3.861942080657367438 ) ) ;
#578 = VERTEX_POINT ( 'NONE', #10 ) ;
#579 = CARTESIAN_POINT ( 'NONE',  ( 3.049520297310422290, -6.261501324676413738, -2.430485787913038820 ) ) ;
#580 = ADVANCED_FACE ( 'NONE', ( #1605 ), #4372, .F. ) ;
#581 = CARTESIAN_POINT ( 'NONE',  ( -1.019626334528562772, -4.894741225229329196, -3.764150359178804806 ) ) ;
#582 = CARTESIAN_POINT ( 'NONE',  ( -3.844453311656110372, -4.487185897697192338, 1.018141670665740683 ) ) ;
#583 = CARTESIAN_POINT ( 'NONE',  ( -2.521015299344790961, -5.851191331786356642, -3.076973674626277688 ) ) ;
#584 = CARTESIAN_POINT ( 'NONE',  ( -3.201057951739542329, -6.167817003476791626, -1.176049612344903754E-15 ) ) ;
#585 = CARTESIAN_POINT ( 'NONE',  ( 3.000484438265251352, -2.794256006940249559, -2.490773947198588800 ) ) ;
#586 = CARTESIAN_POINT ( 'NONE',  ( 1.701326837008341863, -5.335227272727277814, 4.107366323934854790 ) ) ;
#587 = CARTESIAN_POINT ( 'NONE',  ( 1.933765637328581644, -4.917366970346932042, -3.476304124080994651 ) ) ;
#588 = CARTESIAN_POINT ( 'NONE',  ( 0.4942509274850641066, -2.970320592823762151, 3.882001386094934503 ) ) ;
#589 = CARTESIAN_POINT ( 'NONE',  ( 3.103776263492489917, -3.441768627727031404, 0.000000000000000000 ) ) ;
#590 = CARTESIAN_POINT ( 'NONE',  ( -1.797356067913422617, -3.580765620669465576, -3.548459798982538160 ) ) ;
#591 = CARTESIAN_POINT ( 'NONE',  ( -0.06381923273058207058, -3.567059250126861869, -3.913333436617561389 ) ) ;
#592 = CARTESIAN_POINT ( 'NONE',  ( 3.045691869103088312, -7.167545091365389531, 1.605323532150067622 ) ) ;
#593 = LINE ( 'NONE', #4699, #248 ) ;
#594 = CARTESIAN_POINT ( 'NONE',  ( 3.630410328892831107, -2.723903484654567997, -1.625188898802434334 ) ) ;
#595 = CARTESIAN_POINT ( 'NONE',  ( -2.705741659857778814, -2.308710041933927481, -2.910804294655850999 ) ) ;
#596 = CARTESIAN_POINT ( 'NONE',  ( 0.5621277253574075150, -6.123046940115009384, -3.859125692488541315 ) ) ;
#597 = CARTESIAN_POINT ( 'NONE',  ( -1.325921617552757725, -4.286160269250491872, -3.201057951739543217 ) ) ;
#598 = DIRECTION ( 'NONE',  ( -0.000000000000000000, 1.000000000000000000, 1.015892941693919779E-16 ) ) ;
#599 = CARTESIAN_POINT ( 'NONE',  ( -0.6707179037925364851, -6.660105901244818938, 3.885358826337072191 ) ) ;
#600 = AXIS2_PLACEMENT_3D ( 'NONE', #1089, #4134, #773 ) ;
#601 = CARTESIAN_POINT ( 'NONE',  ( 2.883038544492419586, -6.249828557477310476, -2.625667476474541573 ) ) ;
#602 = CARTESIAN_POINT ( 'NONE',  ( 3.666854159311154326, -5.167775322754149414, -1.327819987805201052 ) ) ;
#603 = CARTESIAN_POINT ( 'NONE',  ( -1.003086986687611537, -4.776558476085449811, -3.848597157603999896 ) ) ;
#604 = CARTESIAN_POINT ( 'NONE',  ( 0.5526586489635326727, -6.002858920173884449, -3.939466911521976922 ) ) ;
#605 = EDGE_LOOP ( 'NONE', ( #4560, #203, #2707, #3667 ) ) ;
#606 = CARTESIAN_POINT ( 'NONE',  ( 0.3301771562196090803, -2.041335021752550105, 3.876975997125514439 ) ) ;
#607 = EDGE_CURVE ( 'NONE', #3006, #1458, #105, .T. ) ;
#608 = CARTESIAN_POINT ( 'NONE',  ( 3.540005151339545630, -3.002023688520279787, 1.635494377291386803 ) ) ;
#609 = ORIENTED_EDGE ( 'NONE', *, *, #3267, .F. ) ;
#610 = CARTESIAN_POINT ( 'NONE',  ( -2.904346580471598660, -6.706250000000003375, 2.904346580471597772 ) ) ;
#611 = CARTESIAN_POINT ( 'NONE',  ( -0.7122166597239377728, -4.791262776007205737, -3.913582348902792329 ) ) ;
#612 = CARTESIAN_POINT ( 'NONE',  ( -1.134622535637814789, -3.516491472516621197, -3.745092819474507895 ) ) ;
#613 = CARTESIAN_POINT ( 'NONE',  ( -1.285626222910277949, -3.080973173181576374, -3.103776263492488585 ) ) ;
#614 = EDGE_CURVE ( 'NONE', #1718, #1291, #2288, .T. ) ;
#615 = CARTESIAN_POINT ( 'NONE',  ( -0.3317070494984077356, -3.555178287354650024, -3.899993193416150916 ) ) ;
#616 = DIRECTION ( 'NONE',  ( -1.000000000000000000, 0.000000000000000000, 0.000000000000000000 ) ) ;
#617 = DIRECTION ( 'NONE',  ( -0.000000000000000000, 1.000000000000000000, 1.015892941693919779E-16 ) ) ;
#618 = CARTESIAN_POINT ( 'NONE',  ( 0.005228895365331410854, -2.512842676378963525, -3.977575877326036125 ) ) ;
#619 = ORIENTED_EDGE ( 'NONE', *, *, #1049, .F. ) ;
#620 = CARTESIAN_POINT ( 'NONE',  ( 1.353531157601663537, -6.122729431282197154, -3.735840521979334028 ) ) ;
#621 = CARTESIAN_POINT ( 'NONE',  ( 4.499999999999999112, -1.877249545191257640, 2.598076211353318676 ) ) ;
#622 = CARTESIAN_POINT ( 'NONE',  ( -2.249999999999999112, -1.999999999999999112, 3.897114317029975794 ) ) ;
#623 = CARTESIAN_POINT ( 'NONE',  ( -0.7982284857192734062, -6.711834599155883652, 3.808249123749761988 ) ) ;
#624 = CARTESIAN_POINT ( 'NONE',  ( -3.874866235987153740, -5.788754982071282917, 0.4377073130618225338 ) ) ;
#625 = CARTESIAN_POINT ( 'NONE',  ( 3.936528134260810496, -5.084862568888554257, -0.5705875047614913376 ) ) ;
#626 = CARTESIAN_POINT ( 'NONE',  ( 0.9644623066774380415, -5.355702647063925959, 3.858271185027551731 ) ) ;
#627 = CARTESIAN_POINT ( 'NONE',  ( -0.2667377438253912270, -5.966363060320068357, -3.968928878069148514 ) ) ;
#628 = VERTEX_POINT ( 'NONE', #2244 ) ;
#629 = CARTESIAN_POINT ( 'NONE',  ( -3.000000000000000000, -1.999999999999998668, -3.464101615137753498 ) ) ;
#630 = CARTESIAN_POINT ( 'NONE',  ( -1.439362771742607627, -2.125773566280734439, 3.624119003173700726 ) ) ;
#631 = VERTEX_POINT ( 'NONE', #3760 ) ;
#632 = CARTESIAN_POINT ( 'NONE',  ( -4.107366323934856567, -7.932954545454546924, 1.701326837008339643 ) ) ;
#633 = CARTESIAN_POINT ( 'NONE',  ( -1.471162520611884128, -4.653837477506248099, -3.626886880039531302 ) ) ;
#634 = CARTESIAN_POINT ( 'NONE',  ( 3.110781861780141710, -2.824740317584643723, 2.373968202126034654 ) ) ;
#635 = CARTESIAN_POINT ( 'NONE',  ( 3.103776263492489917, -2.287223173181577973, 0.000000000000000000 ) ) ;
#636 = CIRCLE ( 'NONE', #872, 2.695916926119902524 ) ;
#637 = B_SPLINE_CURVE_WITH_KNOTS ( 'NONE', 3,
 ( #2602, #4132, #1830, #3716, #12, #279, #1034, #2999, #1409, #2168, #1141, #3665, #4774, #4108, #2901, #1513, #1462, #2627 ),
 .UNSPECIFIED., .F., .F.,
 ( 4, 2, 2, 2, 2, 2, 2, 2, 4 ),
 ( 0.002073960909412068780, 0.002941682859299977245, 0.003809404809187885710, 0.004677126759075793741, 0.005544848708963701772, 0.006412570658851610671, 0.007280292608739518702, 0.008148014558627427600, 0.009015736508515335632 ),
 .UNSPECIFIED. ) ;
#638 = CARTESIAN_POINT ( 'NONE',  ( -0.3383435494329982141, -3.586369463492968812, -3.959845886562431083 ) ) ;
#639 = CARTESIAN_POINT ( 'NONE',  ( -3.775049627450937972, -6.698149510949274799, 0.9978052039370096660 ) ) ;
#640 = DIRECTION ( 'NONE',  ( 0.000000000000000000, -1.000000000000000000, 0.000000000000000000 ) ) ;
#641 = ORIENTED_EDGE ( 'NONE', *, *, #2052, .T. ) ;
#642 = CARTESIAN_POINT ( 'NONE',  ( 3.141936431829753573, -2.923511814499843098, 2.439333516457219631 ) ) ;
#643 = ORIENTED_EDGE ( 'NONE', *, *, #1028, .F. ) ;
#644 = CARTESIAN_POINT ( 'NONE',  ( 2.083192673413077234, -6.078390987533511591, -3.388378148103657228 ) ) ;
#645 = CARTESIAN_POINT ( 'NONE',  ( 2.263489784646146585, -3.636728451068673262, 2.263489784646154579 ) ) ;
#646 = FACE_OUTER_BOUND ( 'NONE', #2538, .T. ) ;
#647 = CARTESIAN_POINT ( 'NONE',  ( -1.590213683922675328E-15, -1.999999999999999112, -5.196152422706631135 ) ) ;
#648 = CARTESIAN_POINT ( 'NONE',  ( 3.103776263492488585, -3.404254099545712897, 1.285626222910280392 ) ) ;
#649 = CARTESIAN_POINT ( 'NONE',  ( -3.836672567452187099, -5.776439333956826516, 0.6969883733867955344 ) ) ;
#650 = CARTESIAN_POINT ( 'NONE',  ( -1.036935084071232138, -4.856636402057282531, -3.835660091265371996 ) ) ;
#651 = CARTESIAN_POINT ( 'NONE',  ( 2.547083597679115297, -2.642838756741813899, -3.055647609875507431 ) ) ;
#652 = CARTESIAN_POINT ( 'NONE',  ( -3.199173802087940111, -3.497291112608603036, -2.362600196027761612 ) ) ;
#653 = CARTESIAN_POINT ( 'NONE',  ( 1.603960572598964518, -5.986873943999035497, -3.636097825799517569 ) ) ;
#654 = FACE_OUTER_BOUND ( 'NONE', #2750, .T. ) ;
#655 = CARTESIAN_POINT ( 'NONE',  ( -3.076292429656453997, -2.467410199545332805, -2.396287136225971892 ) ) ;
#656 = EDGE_LOOP ( 'NONE', ( #2349, #2610, #2115, #3352 ) ) ;
#657 = CARTESIAN_POINT ( 'NONE',  ( 0.000000000000000000, 5.111917277360396916, 1.819003254228609978E-15 ) ) ;
#658 = CARTESIAN_POINT ( 'NONE',  ( -1.239225667215068549, -4.765702617480123138, -3.779907294160379294 ) ) ;
#659 = CARTESIAN_POINT ( 'NONE',  ( -3.422018977907609116, -2.034060731516315279, 1.880531454497187838 ) ) ;
#660 = CARTESIAN_POINT ( 'NONE',  ( -3.103776263492489917, -5.173586809545209775, -3.801029666355608083E-16 ) ) ;
#661 = CARTESIAN_POINT ( 'NONE',  ( -0.8817752960876478197, -3.560951191174642982, -3.875219782889514963 ) ) ;
#662 = CARTESIAN_POINT ( 'NONE',  ( -0.9254248074324940010, -5.835971845895055132, -3.802221657498201068 ) ) ;
#663 = CARTESIAN_POINT ( 'NONE',  ( -1.762860734921718020, -1.924475993335274637, 3.494386207598854099 ) ) ;
#664 = EDGE_CURVE ( 'NONE', #631, #1291, #4641, .T. ) ;
#665 = CARTESIAN_POINT ( 'NONE',  ( 3.297244257706794190, -2.993665298996743829, 2.217210236814336266 ) ) ;
#666 = CARTESIAN_POINT ( 'NONE',  ( -2.263489784646151026, -7.389001178341394471, 2.263489784646150582 ) ) ;
#667 = CARTESIAN_POINT ( 'NONE',  ( -2.198520066415392105, -6.662263888227063724, 3.303940412546759742 ) ) ;
#668 = CARTESIAN_POINT ( 'NONE',  ( -3.201057951739542329, -4.069682996523218854, -2.744115762138108957E-15 ) ) ;
#669 = CARTESIAN_POINT ( 'NONE',  ( -1.764536171373322818E-12, -2.015658470365554678, 3.939300700376658249 ) ) ;
#670 = CARTESIAN_POINT ( 'NONE',  ( 0.000000000000000000, -1.999999999999999112, 1.734723475976807094E-15 ) ) ;
#671 = CARTESIAN_POINT ( 'NONE',  ( -1.285626222910277949, -5.280390463182073724, -3.103776263492488585 ) ) ;
#672 = EDGE_CURVE ( 'NONE', #2517, #524, #2746, .T. ) ;
#673 = DIRECTION ( 'NONE',  ( 0.000000000000000000, 0.000000000000000000, 1.000000000000000000 ) ) ;
#674 = VECTOR ( 'NONE', #2194, 1000.000000000000114 ) ;
#675 = CARTESIAN_POINT ( 'NONE',  ( 1.559579370643916718, -5.018439525736412499, -3.574510465722860797 ) ) ;
#676 = CARTESIAN_POINT ( 'NONE',  ( 2.295810199035363208, -2.531526960935175818, -3.169744667698480178 ) ) ;
#677 = CARTESIAN_POINT ( 'NONE',  ( 0.4578312822116898939, -3.688649622980447518, -3.950633401191440797 ) ) ;
#678 = CARTESIAN_POINT ( 'NONE',  ( 3.762069012355615971, -6.206228338731537342, -1.292349585514790400 ) ) ;
#679 = CARTESIAN_POINT ( 'NONE',  ( -2.263489784646151026, -2.559862458022252429, 2.263489784646150138 ) ) ;
#680 = AXIS2_PLACEMENT_3D ( 'NONE', #3652, #1426, #3331 ) ;
#681 = CARTESIAN_POINT ( 'NONE',  ( -3.769955929440266917, -3.452700702870402427, 0.9965382799356106158 ) ) ;
#682 = CARTESIAN_POINT ( 'NONE',  ( -1.034735560468564852, -3.739443599080788161, -3.760066267796632555 ) ) ;
#683 = ORIENTED_EDGE ( 'NONE', *, *, #97, .F. ) ;
#684 = CARTESIAN_POINT ( 'NONE',  ( -1.701326837008342974, -2.015909090909102197, 4.107366323934854790 ) ) ;
#685 = CARTESIAN_POINT ( 'NONE',  ( 0.9056704165741618073, -4.766808202525042226, -3.807615382795018544 ) ) ;
#686 = CARTESIAN_POINT ( 'NONE',  ( -3.815036558065024952, -2.167421944555482760, -0.8715578797277531153 ) ) ;
#687 = CARTESIAN_POINT ( 'NONE',  ( -1.285626222910277949, -4.235518627727029362, -3.103776263492488585 ) ) ;
#688 = CARTESIAN_POINT ( 'NONE',  ( -2.964582786126317426, -3.447076372025336344, -2.646737220106470279 ) ) ;
#689 = CARTESIAN_POINT ( 'NONE',  ( 2.859683660436068475, -6.029307685586137389, -2.671146479318955436 ) ) ;
#690 = DIRECTION ( 'NONE',  ( 0.000000000000000000, 0.000000000000000000, 1.000000000000000000 ) ) ;
#691 = CARTESIAN_POINT ( 'NONE',  ( 3.932803505621938811, -2.774637972220479476, -0.5948616274874026777 ) ) ;
#692 = CARTESIAN_POINT ( 'NONE',  ( 1.960082687241506503E-16, -5.512864814705033645, -3.201057951739542329 ) ) ;
#693 = CARTESIAN_POINT ( 'NONE',  ( 3.116206957818749679, -6.471500521922640914, 2.465344006802527410 ) ) ;
#694 = CARTESIAN_POINT ( 'NONE',  ( -3.669892784432648991, -2.049792016279829543, 1.285827992550226506 ) ) ;
#695 = CARTESIAN_POINT ( 'NONE',  ( -1.325921617552760834, -5.951339730749520385, 3.201057951739541885 ) ) ;
#696 = CARTESIAN_POINT ( 'NONE',  ( 4.499999999999999112, 0.4738549290423901272, 0.8667257563143965227 ) ) ;
#697 = CARTESIAN_POINT ( 'NONE',  ( -3.103776263492489917, -3.909367735909348607, -3.801029666355608083E-16 ) ) ;
#698 = PLANE ( 'NONE',  #4758 ) ;
#699 = CARTESIAN_POINT ( 'NONE',  ( 1.414086767568893732, -5.415106985173195220, 3.713200898132368089 ) ) ;
#700 = CARTESIAN_POINT ( 'NONE',  ( 3.946342189393419186, -2.714432509656157677, -0.4699358356221747246 ) ) ;
#701 = CARTESIAN_POINT ( 'NONE',  ( -3.038417074029700071, -3.509153946086724041, -2.566247211143368734 ) ) ;
#702 = CARTESIAN_POINT ( 'NONE',  ( 3.903120265584809623, -6.231830348660412966, -0.7674521907191609316 ) ) ;
#703 = CARTESIAN_POINT ( 'NONE',  ( 0.06702390999754699596, -2.411896711860469722, 3.201057951739542329 ) ) ;
#704 = CARTESIAN_POINT ( 'NONE',  ( 3.840356478498224480, -4.108098469177934753, 0.6773236087101954794 ) ) ;
#705 = CARTESIAN_POINT ( 'NONE',  ( 3.971486828737916142, -3.965562168434431989, 0.2200983260483189985 ) ) ;
#706 = EDGE_LOOP ( 'NONE', ( #1372, #2814 ) ) ;
#707 = CARTESIAN_POINT ( 'NONE',  ( 2.607215037612138353, -4.955501763893981781, -3.004287579308449363 ) ) ;
#708 = CARTESIAN_POINT ( 'NONE',  ( 1.953969416371190038, -2.896110089987405711, 3.390454305562994097 ) ) ;
#709 = AXIS2_PLACEMENT_3D ( 'NONE', #2152, #1041, #2081 ) ;
#710 = CARTESIAN_POINT ( 'NONE',  ( 1.325921617552759946, -7.172523905614122341, 3.201057951739542329 ) ) ;
#711 = CARTESIAN_POINT ( 'NONE',  ( -3.201057951739542329, -5.013271548931339083, -3.920165374483013007E-16 ) ) ;
#712 = CARTESIAN_POINT ( 'NONE',  ( 2.018344418327620460, -3.767413967952522480, -3.427884320808679774 ) ) ;
#713 = CARTESIAN_POINT ( 'NONE',  ( -0.1579323733017486409, -5.872206965818937974, -3.909954230113908302 ) ) ;
#714 = CARTESIAN_POINT ( 'NONE',  ( 0.1457233127370949621, -2.414262498925470624, 3.186307667538183175 ) ) ;
#715 = AXIS2_PLACEMENT_3D ( 'NONE', #4106, #381, #2678 ) ;
#716 = CARTESIAN_POINT ( 'NONE',  ( 3.567024856133961030, -2.885950791307049013, 1.759957020783216253 ) ) ;
#717 = CARTESIAN_POINT ( 'NONE',  ( 2.263489784646150582, -7.966273905614121631, -2.263489784646150582 ) ) ;
#718 = CARTESIAN_POINT ( 'NONE',  ( 3.274576006420753860, -6.459180599132856138, 2.250579438248549557 ) ) ;
#719 = ORIENTED_EDGE ( 'NONE', *, *, #2793, .F. ) ;
#720 = CARTESIAN_POINT ( 'NONE',  ( -8.626345216751352773E-15, -3.781046632886855274, 3.201057951739542329 ) ) ;
#721 = CARTESIAN_POINT ( 'NONE',  ( 3.201057951739541885, -5.662703367113155473, 1.325921617552761278 ) ) ;
#722 = CARTESIAN_POINT ( 'NONE',  ( 1.701326837008340975, -7.211363636363636864, -4.107366323934855679 ) ) ;
#723 = CARTESIAN_POINT ( 'NONE',  ( 2.194701243201384155, -4.342322281363894199, -2.194701243201383267 ) ) ;
#724 = EDGE_LOOP ( 'NONE', ( #4510, #4553 ) ) ;
#725 = CARTESIAN_POINT ( 'NONE',  ( -0.7982284857192734062, -6.711834599155883652, 3.808249123749761988 ) ) ;
#726 = CARTESIAN_POINT ( 'NONE',  ( 1.159498891246549146, -5.427885495834494201, 3.800618365321283054 ) ) ;
#727 = CARTESIAN_POINT ( 'NONE',  ( 2.509650261105167424, -2.544140726869255076, -3.003493618626015937 ) ) ;
#728 = CARTESIAN_POINT ( 'NONE',  ( -1.819844786602123010, -3.580482335704377128, -3.536374708347334472 ) ) ;
#729 = CARTESIAN_POINT ( 'NONE',  ( 3.414555755410313420, -6.099682593394501140, -2.033635414480924108 ) ) ;
#730 = VERTEX_POINT ( 'NONE', #34 ) ;
#731 = CARTESIAN_POINT ( 'NONE',  ( -3.201057951739542329, -2.704180639840433553, -3.528148837034711854E-15 ) ) ;
#732 = EDGE_CURVE ( 'NONE', #500, #1588, #4559, .T. ) ;
#733 = CARTESIAN_POINT ( 'NONE',  ( -3.062050984671582210, -3.623040090276949954, -2.414611798721905345 ) ) ;
#734 = CARTESIAN_POINT ( 'NONE',  ( -0.4217997037079088685, -4.346052239040427700, 3.950961426326208059 ) ) ;
#735 = CARTESIAN_POINT ( 'NONE',  ( 9.463864897535699331E-16, -1.877249545191257640, 5.196152422706633800 ) ) ;
#736 = CARTESIAN_POINT ( 'NONE',  ( 2.607083676755291179, -4.887994293172299720, -2.999333330393674668 ) ) ;
#737 = DIRECTION ( 'NONE',  ( -0.000000000000000000, 1.000000000000000000, 1.015892941693919779E-16 ) ) ;
#738 = CARTESIAN_POINT ( 'NONE',  ( 1.325921617552759946, -4.863432996523217255, 3.201057951739542329 ) ) ;
#739 = CARTESIAN_POINT ( 'NONE',  ( -2.263489784646150582, -5.157589730749520207, -2.263489784646150582 ) ) ;
#740 = CARTESIAN_POINT ( 'NONE',  ( 2.677568364717060057, -3.737687975069062141, -2.936583034432667993 ) ) ;
#741 = CARTESIAN_POINT ( 'NONE',  ( -3.358219754373219068, -5.690234228200741207, -2.008713227125658918 ) ) ;
#742 = CARTESIAN_POINT ( 'NONE',  ( -2.478909437887068190, -1.994054833195593401, 3.106140065173773834 ) ) ;
#743 = CARTESIAN_POINT ( 'NONE',  ( -0.1437130424257368755, -3.096478660603725785, 3.974981333478513346 ) ) ;
#744 = CARTESIAN_POINT ( 'NONE',  ( 3.201057951739541885, -4.719114814705036132, 1.325921617552761278 ) ) ;
#745 = CARTESIAN_POINT ( 'NONE',  ( 1.375417765550392746, -6.608502426742349556, 3.649399024827844951 ) ) ;
#746 = CARTESIAN_POINT ( 'NONE',  ( 1.947188410644291972E-16, 6.000000000000007994, -1.590000000000000524 ) ) ;
#747 = CARTESIAN_POINT ( 'NONE',  ( -3.201057951739542773, -4.941112458022248966, 1.325921617552758169 ) ) ;
#748 = CARTESIAN_POINT ( 'NONE',  ( -0.7982284857192734062, -6.711834599155883652, 3.808249123749761988 ) ) ;
#749 = CARTESIAN_POINT ( 'NONE',  ( 4.499999999999999112, -1.999999999999999112, -2.598076211353316456 ) ) ;
#750 = CARTESIAN_POINT ( 'NONE',  ( -0.1652286079698742360, -5.489179641746788185, 3.969945780415825354 ) ) ;
#751 = CARTESIAN_POINT ( 'NONE',  ( 3.963020564243591171, -2.818231771292984522, 0.3431759760300209239 ) ) ;
#752 = CARTESIAN_POINT ( 'NONE',  ( 1.777443433400409223, -4.160003631399453283, 3.557673572878344181 ) ) ;
#753 = CARTESIAN_POINT ( 'NONE',  ( 3.607759380236349234, -6.094580378070173055, -1.517905531994787838 ) ) ;
#754 = DIRECTION ( 'NONE',  ( 0.000000000000000000, 3.921717058577609625E-16, -1.000000000000000000 ) ) ;
#755 = CARTESIAN_POINT ( 'NONE',  ( 3.559578203696680543, -3.999400319896122102, -1.592274985226801221 ) ) ;
#756 = CARTESIAN_POINT ( 'NONE',  ( -0.9490532431934675106, -4.370906223673530988, 3.858407626825237191 ) ) ;
#757 = CARTESIAN_POINT ( 'NONE',  ( -0.4608207754754371499, -7.314847840434098636, 3.263908674033980883 ) ) ;
#758 = CARTESIAN_POINT ( 'NONE',  ( 3.852870911020455758, -5.044901474325807378, 0.6880893835409731540 ) ) ;
#759 = CARTESIAN_POINT ( 'NONE',  ( -4.500000000000000888, 0.4274029039469105506, 1.732656416756897633 ) ) ;
#760 = EDGE_CURVE ( 'NONE', #2472, #798, #2359, .T. ) ;
#761 = CARTESIAN_POINT ( 'NONE',  ( 2.263489784646150582, -4.502637541977763114, -2.263489784646150582 ) ) ;
#762 = CIRCLE ( 'NONE', #3810, 4.499999999999999112 ) ;
#763 = CARTESIAN_POINT ( 'NONE',  ( -3.201057951739542773, -7.394521548931336952, -1.325921617552759280 ) ) ;
#764 = CARTESIAN_POINT ( 'NONE',  ( 2.671064912542569836, -4.009131199739688789, 2.860724389905271892 ) ) ;
#765 = CARTESIAN_POINT ( 'NONE',  ( 1.363272140755007911, -5.944349320282378280, -3.667980596805206606 ) ) ;
#766 = CC_DESIGN_PERSON_AND_ORGANIZATION_ASSIGNMENT ( #2032, #163, ( #1410 ) ) ;
#767 = CARTESIAN_POINT ( 'NONE',  ( -2.391058409607527135, -3.209357204023805199, 3.178824788257952783 ) ) ;
#768 = CARTESIAN_POINT ( 'NONE',  ( 0.6160374879155213756, -6.646235747184776166, 3.850871517882888728 ) ) ;
#769 = CARTESIAN_POINT ( 'NONE',  ( 0.000000000000000000, 1.473854929042390127, 1.734723475976807094E-15 ) ) ;
#770 = CARTESIAN_POINT ( 'NONE',  ( -1.325921617552758836, -6.384294276204065532, -3.201057951739542773 ) ) ;
#771 = DIRECTION ( 'NONE',  ( 0.000000000000000000, -1.000000000000000000, 0.000000000000000000 ) ) ;
#772 = EDGE_LOOP ( 'NONE', ( #4628, #1221, #2909, #3120 ) ) ;
#773 = DIRECTION ( 'NONE',  ( 0.000000000000000000, 0.000000000000000000, 1.000000000000000000 ) ) ;
#774 = CARTESIAN_POINT ( 'NONE',  ( 2.762888933222526155, -5.340535217731662065, 2.855607635151244494 ) ) ;
#775 = CARTESIAN_POINT ( 'NONE',  ( -0.9291872851595512905, -3.066711767047839210, 3.864100044971135350 ) ) ;
#776 = CARTESIAN_POINT ( 'NONE',  ( -3.709052893562784003, -2.157333347995666450, 1.435013035017495220 ) ) ;
#777 = CARTESIAN_POINT ( 'NONE',  ( 2.616531730405247114, -6.321458574580029577, 2.910669632092195869 ) ) ;
#778 = CARTESIAN_POINT ( 'NONE',  ( -3.201057951739541885, -5.085430639840430089, -1.325921617552762166 ) ) ;
#779 = CARTESIAN_POINT ( 'NONE',  ( -0.9283092790689390084, -3.744715742997304808, -3.787433173911831208 ) ) ;
#780 = CARTESIAN_POINT ( 'NONE',  ( -0.1523821322738432571, -4.334081787090271476, 3.970610846823303230 ) ) ;
#781 = CARTESIAN_POINT ( 'NONE',  ( 3.504601775719630385, -6.356919309502539583, 1.880076017866231908 ) ) ;
#782 = CARTESIAN_POINT ( 'NONE',  ( 3.165738720783956683, -4.991816948914330254, -2.408968421280684780 ) ) ;
#783 = CARTESIAN_POINT ( 'NONE',  ( -1.590213683922675328E-15, -1.877249545191257640, -5.196152422706631135 ) ) ;
#784 = CARTESIAN_POINT ( 'NONE',  ( -1.325921617552758836, -6.595251178341396070, -3.201057951739542773 ) ) ;
#785 = CARTESIAN_POINT ( 'NONE',  ( 2.263489784646150138, -4.580317003476793936, 2.263489784646151026 ) ) ;
#786 = CIRCLE ( 'NONE', #1807, 4.499999999999999112 ) ;
#787 = CARTESIAN_POINT ( 'NONE',  ( 2.027638396805273135, -4.046582094780743155, 3.347874640949541902 ) ) ;
#788 = CARTESIAN_POINT ( 'NONE',  ( -3.126897970534232130, -4.316627476241412964, 2.352831332917832974 ) ) ;
#789 = CARTESIAN_POINT ( 'NONE',  ( -3.147758860398353953, -3.339948631147971803, 2.424746364245514041 ) ) ;
#790 = CARTESIAN_POINT ( 'NONE',  ( 0.000000000000000000, 7.499999999999999112, 1.957629832425597405 ) ) ;
#791 = CARTESIAN_POINT ( 'NONE',  ( -3.006620830905368802, -7.010711265750830812, 1.983559814990236481 ) ) ;
#792 = CARTESIAN_POINT ( 'NONE',  ( -3.201057951739542773, -6.095657912567700620, 1.325921617552758169 ) ) ;
#793 = CARTESIAN_POINT ( 'NONE',  ( 4.107366323934855679, -6.273295454545457339, 0.000000000000000000 ) ) ;
#794 = CARTESIAN_POINT ( 'NONE',  ( -2.974147888839209219, -2.090198842821957559, 2.641331713344098109 ) ) ;
#795 = CARTESIAN_POINT ( 'NONE',  ( -3.855020309793345756, -5.726145972489381286, 0.9630189148272988442 ) ) ;
#796 = CARTESIAN_POINT ( 'NONE',  ( 1.856572267772425677, -3.001245582208442730, 3.517026742516159654 ) ) ;
#797 = CARTESIAN_POINT ( 'NONE',  ( -1.898104610656583535, -6.550014966113124615, 3.422792723238925028 ) ) ;
#798 = VERTEX_POINT ( 'NONE', #1922 ) ;
#799 = DATE_AND_TIME ( #1565, #2 ) ;
#800 = CARTESIAN_POINT ( 'NONE',  ( 3.331730003333808199, -5.130292630976411417, -2.026183605446060909 ) ) ;
#801 = CARTESIAN_POINT ( 'NONE',  ( 2.725200870478221127, -4.223345771989041708, 2.789601477963433496 ) ) ;
#802 = CARTESIAN_POINT ( 'NONE',  ( 0.3713435346160965933, -5.993780732985065640, -3.959614841220727932 ) ) ;
#803 = CARTESIAN_POINT ( 'NONE',  ( -3.758565521747287086, -5.539121849124928332, 1.091435291127196505 ) ) ;
#804 = DIRECTION ( 'NONE',  ( 0.000000000000000000, 0.000000000000000000, -1.000000000000000000 ) ) ;
#805 = CARTESIAN_POINT ( 'NONE',  ( -1.325921617552760834, -6.162296632886851810, 3.201057951739541885 ) ) ;
#806 = CARTESIAN_POINT ( 'NONE',  ( -1.325921617552760834, -4.796794276204066954, 3.201057951739541885 ) ) ;
#807 = CARTESIAN_POINT ( 'NONE',  ( 3.538028966284861632, -4.045264640817157087, 1.818229860182421165 ) ) ;
#808 = CARTESIAN_POINT ( 'NONE',  ( 3.912505433762545337, -5.009604705663379676, -0.07842761825376289020 ) ) ;
#809 = CARTESIAN_POINT ( 'NONE',  ( -3.103776263492488585, -7.445163190454796798, -1.285626222910278837 ) ) ;
#810 = CARTESIAN_POINT ( 'NONE',  ( -2.872146610650909704, -3.519119854417539717, -2.751649323071263975 ) ) ;
#811 = FACE_OUTER_BOUND ( 'NONE', #4002, .T. ) ;
#812 = CARTESIAN_POINT ( 'NONE',  ( -0.1603618680653618733, -2.222823172937095304, -3.549680561564716896 ) ) ;
#813 = CARTESIAN_POINT ( 'NONE',  ( -3.201057951739542773, -1.621794276204071794, -1.325921617552759280 ) ) ;
#814 = CARTESIAN_POINT ( 'NONE',  ( 2.515036510766225999E-16, -3.675568181818189117, -4.107366323934855679 ) ) ;
#815 = EDGE_CURVE ( 'NONE', #1290, #1458, #4482, .T. ) ;
#816 = CARTESIAN_POINT ( 'NONE',  ( -3.372806102227218439, -2.247754042250826867, 1.957768047080668650 ) ) ;
#817 = CARTESIAN_POINT ( 'NONE',  ( -3.876404168955274177, -5.789226470151391801, 0.4278126890652670933 ) ) ;
#818 = CARTESIAN_POINT ( 'NONE',  ( -2.346074651432379365, -3.207708797576328763, 3.211300956303872578 ) ) ;
#819 = CARTESIAN_POINT ( 'NONE',  ( -1.924857993598718009, -6.648705926820525747, 3.481159661121195903 ) ) ;
#820 = ORIENTED_EDGE ( 'NONE', *, *, #3334, .F. ) ;
#821 = EDGE_CURVE ( 'NONE', #3882, #3084, #4244, .T. ) ;
#822 = EDGE_LOOP ( 'NONE', ( #643, #2685, #3862, #2762, #1215, #2179 ) ) ;
#823 = APPROVAL_STATUS ( 'not_yet_approved' ) ;
#824 = CARTESIAN_POINT ( 'NONE',  ( 2.074097153406787797, -5.046523255911449901, -3.302266441072097436 ) ) ;
#825 = CARTESIAN_POINT ( 'NONE',  ( -2.395307561666893292, -4.446983231728562025, 3.170331436988993445 ) ) ;
#826 = EDGE_LOOP ( 'NONE', ( #4090, #4830, #1071, #4480, #4861, #820, #1313 ) ) ;
#827 = CARTESIAN_POINT ( 'NONE',  ( -3.526055531557680478, -5.777477504127306318, -1.839550296496317960 ) ) ;
#828 = CARTESIAN_POINT ( 'NONE',  ( -3.320203368897311602, -5.487253523909897623, 2.072447261250359052 ) ) ;
#829 = CARTESIAN_POINT ( 'NONE',  ( -3.201057951739542773, -2.842978451068675305, 1.325921617552758169 ) ) ;
#830 = CARTESIAN_POINT ( 'NONE',  ( -1.325921617552760834, -2.487703367113161868, 3.201057951739541885 ) ) ;
#831 = CARTESIAN_POINT ( 'NONE',  ( 3.201057951739542329, -3.492410269250492139, 0.000000000000000000 ) ) ;
#832 = AXIS2_PLACEMENT_3D ( 'NONE', #889, #2650, #2722 ) ;
#833 = CARTESIAN_POINT ( 'NONE',  ( -3.844142497126374902, -4.487739581624962781, 1.022656616123707840 ) ) ;
#834 = CARTESIAN_POINT ( 'NONE',  ( 0.7895764196121549672, -5.265326925519632439, 3.832881936804755085 ) ) ;
#835 = CARTESIAN_POINT ( 'NONE',  ( -3.103776263492489917, -2.754822281363895176, -3.801029666355608083E-16 ) ) ;
#836 = VECTOR ( 'NONE', #2755, 1000.000000000000000 ) ;
#837 = CARTESIAN_POINT ( 'NONE',  ( -1.172593002662085215, -3.266609215075368056, 3.719334507878372165 ) ) ;
#838 = FACE_OUTER_BOUND ( 'NONE', #4305, .T. ) ;
#839 = CARTESIAN_POINT ( 'NONE',  ( -3.373445987365425669, -7.231734820174321676, 0.04114982808409447385 ) ) ;
#840 = CARTESIAN_POINT ( 'NONE',  ( 3.201057951739541885, -1.044521548931346189, 1.325921617552761278 ) ) ;
#841 = CARTESIAN_POINT ( 'NONE',  ( -2.904346580471597772, -2.376704545454555007, -2.904346580471598216 ) ) ;
#842 = ORIENTED_EDGE ( 'NONE', *, *, #3641, .F. ) ;
#843 = CARTESIAN_POINT ( 'NONE',  ( -2.378384884930691001, -2.054086240343987235, 3.188115129821365912 ) ) ;
#844 = CARTESIAN_POINT ( 'NONE',  ( -3.711032784164431053, -5.751643740645989489, 1.198798124897321626 ) ) ;
#845 = CARTESIAN_POINT ( 'NONE',  ( -0.6638864267459733126, -2.483678378531824826, -3.921225032066542493 ) ) ;
#846 = CARTESIAN_POINT ( 'NONE',  ( -1.169002195060525162, -6.609688532376524428, 3.802241048572664095 ) ) ;
#847 = ORIENTED_EDGE ( 'NONE', *, *, #4175, .F. ) ;
#848 = EDGE_LOOP ( 'NONE', ( #4558, #1977, #1608, #978, #871, #4228 ) ) ;
#849 = APPLICATION_PROTOCOL_DEFINITION ( 'international standard', 'config_control_design', 1994, #2138 ) ;
#850 = CARTESIAN_POINT ( 'NONE',  ( 1.618686281765755686, -5.021581689719407215, -3.547771622537925218 ) ) ;
#851 = CARTESIAN_POINT ( 'NONE',  ( -3.875124176224930661, -4.634171454634327780, 0.4386649429373435383 ) ) ;
#852 = FACE_OUTER_BOUND ( 'NONE', #2228, .T. ) ;
#853 = CARTESIAN_POINT ( 'NONE',  ( -1.769502203407999907, -5.418285189314737238, 3.558614343480746012 ) ) ;
#854 = CARTESIAN_POINT ( 'NONE',  ( -5.880248061724518771E-16, -2.626501178341403175, 3.201057951739542329 ) ) ;
#855 = CARTESIAN_POINT ( 'NONE',  ( 1.547833967359907580E-11, -7.298466263245726005, 3.304374645845181924 ) ) ;
#856 = CARTESIAN_POINT ( 'NONE',  ( 3.201057951739542773, -4.574796632886854120, -1.325921617552759058 ) ) ;
#857 = CARTESIAN_POINT ( 'NONE',  ( 0.2483705791853829670, -4.136234288846300622, 3.906029012392333133 ) ) ;
#858 = CARTESIAN_POINT ( 'NONE',  ( 2.975883950673524847, -5.143779058367797141, 2.541044794202693691 ) ) ;
#859 = CARTESIAN_POINT ( 'NONE',  ( 1.285626222910278393, -3.115617735909349317, -3.103776263492488585 ) ) ;
#860 = CARTESIAN_POINT ( 'NONE',  ( -3.773029741691082517, -3.403117947181399483, 1.246221327065380136 ) ) ;
#861 = CARTESIAN_POINT ( 'NONE',  ( 2.844654766579636007, -2.945228981496115228, 2.780874692788294134 ) ) ;
#862 = CARTESIAN_POINT ( 'NONE',  ( -3.103880877823701034, -7.450883449336809683, 0.6364682164602309955 ) ) ;
#863 = CARTESIAN_POINT ( 'NONE',  ( 2.028175851198541491, -2.285716156160999990, -2.781325543787536159 ) ) ;
#864 = CARTESIAN_POINT ( 'NONE',  ( -4.107366323934856567, -5.623863636363640950, 1.701326837008339643 ) ) ;
#865 = VERTEX_POINT ( 'NONE', #2826 ) ;
#866 = CARTESIAN_POINT ( 'NONE',  ( -3.886491522992202796, -2.359508576107464783, -0.3218644866804524773 ) ) ;
#867 = CARTESIAN_POINT ( 'NONE',  ( -3.636136262902455396, -2.081690459795522585, 1.603853914070414000 ) ) ;
#868 = CARTESIAN_POINT ( 'NONE',  ( -2.358831666695234475, -5.640190926489442091, 3.105548464481980631 ) ) ;
#869 = CARTESIAN_POINT ( 'NONE',  ( -3.528899159004971420, -3.291092014080311934, 1.833923922886997460 ) ) ;
#870 = CARTESIAN_POINT ( 'NONE',  ( -1.925896399947446103, -6.581202132300080443, 3.476216849346945637 ) ) ;
#871 = ORIENTED_EDGE ( 'NONE', *, *, #1699, .F. ) ;
#872 = AXIS2_PLACEMENT_3D ( 'NONE', #948, #2859, #1664 ) ;
#873 = PERSON_AND_ORGANIZATION_ROLE ( 'design_supplier' ) ;
#874 = CARTESIAN_POINT ( 'NONE',  ( 2.289466810513980821, -5.058866512589820452, -3.156583811097287029 ) ) ;
#875 = B_SPLINE_CURVE_WITH_KNOTS ( 'NONE', 3,
 ( #1779, #1486, #300, #3262 ),
 .UNSPECIFIED., .F., .F.,
 ( 4, 4 ),
 ( 2.309401076760900713E-07, 0.002598307151460990672 ),
 .UNSPECIFIED. ) ;
#876 = CARTESIAN_POINT ( 'NONE',  ( -3.388468115931916991, -4.558339216872053790, 1.930881968240249602 ) ) ;
#877 = CARTESIAN_POINT ( 'NONE',  ( -3.862176593474116348, -5.645067649542605537, 0.9494814567680184281 ) ) ;
#878 = CARTESIAN_POINT ( 'NONE',  ( -0.9933991713867372786, -5.348400208492663843, 3.785674930457554321 ) ) ;
#879 = CARTESIAN_POINT ( 'NONE',  ( 2.263489784646150138, -1.327637541977768620, 2.263489784646151026 ) ) ;
#880 = EDGE_CURVE ( 'NONE', #289, #4760, #1108, .T. ) ;
#881 = CARTESIAN_POINT ( 'NONE',  ( 2.999999999999999556, -1.999999999999998668, -3.464101615137753942 ) ) ;
#882 = CARTESIAN_POINT ( 'NONE',  ( -1.325921617552760834, -1.544114814705041194, 3.201057951739541885 ) ) ;
#883 = CARTESIAN_POINT ( 'NONE',  ( -3.783509333906662775, -4.389048161370837420, 1.001540488855393374 ) ) ;
#884 = CARTESIAN_POINT ( 'NONE',  ( -3.463116227557021087, -3.370871203862821464, -1.821931207189787072 ) ) ;
#885 = CARTESIAN_POINT ( 'NONE',  ( -2.194701243201383267, -1.744595008636625089, -2.194701243201384155 ) ) ;
#886 = EDGE_CURVE ( 'NONE', #4185, #1290, #593, .T. ) ;
#887 = CARTESIAN_POINT ( 'NONE',  ( 0.5514864954761523608, -3.692051479840516848, -3.939291631727735332 ) ) ;
#888 = CARTESIAN_POINT ( 'NONE',  ( -1.453078776544604711, -3.092734343952413756, 3.699083716087351981 ) ) ;
#889 = CARTESIAN_POINT ( 'NONE',  ( 0.000000000000000000, 0.4738549290423901272, 0.000000000000000000 ) ) ;
#890 = CARTESIAN_POINT ( 'NONE',  ( 1.328341993378300501, -2.263085001156418752, -3.221605253704530547 ) ) ;
#891 = CARTESIAN_POINT ( 'NONE',  ( 4.107366323934854790, -1.727272727272737951, 1.701326837008343640 ) ) ;
#892 = ORIENTED_EDGE ( 'NONE', *, *, #2555, .F. ) ;
#893 = CARTESIAN_POINT ( 'NONE',  ( -3.855818638422344957, -2.371866021692235815, -0.5851414927109011010 ) ) ;
#894 = CARTESIAN_POINT ( 'NONE',  ( -2.663669171165238048, -2.277517208231203849, -2.867730913145229099 ) ) ;
#895 = CARTESIAN_POINT ( 'NONE',  ( -3.730043609891608547, -5.862621553333254631, -1.138726403161804734 ) ) ;
#896 = CARTESIAN_POINT ( 'NONE',  ( 3.201057951739543217, -5.729342087432306663, -1.325921617552758836 ) ) ;
#897 = PLANE ( 'NONE',  #1782 ) ;
#898 = CARTESIAN_POINT ( 'NONE',  ( -3.588253410474471217, -6.761691334300055090, 1.717195935654999950 ) ) ;
#899 = PERSON_AND_ORGANIZATION ( #477, #4782 ) ;
#900 = CARTESIAN_POINT ( 'NONE',  ( -0.6490732931341340883, -4.912833034945107258, -3.845178241143647035 ) ) ;
#901 = CARTESIAN_POINT ( 'NONE',  ( -3.044218793447296623, -4.662407533202711285, -2.560020930721238930 ) ) ;
#902 = CARTESIAN_POINT ( 'NONE',  ( -3.483524355414981510, -5.595623744101446917, 1.918989899154559087 ) ) ;
#903 = CARTESIAN_POINT ( 'NONE',  ( -2.243895105295463210, -5.444196601362454757, 3.280214733787992998 ) ) ;
#904 = CARTESIAN_POINT ( 'NONE',  ( 1.960082687241506503E-16, -3.203773905614129003, -3.201057951739542329 ) ) ;
#905 = CARTESIAN_POINT ( 'NONE',  ( -1.325921617552758836, -2.920657912567706127, -3.201057951739542773 ) ) ;
#906 = EDGE_CURVE ( 'NONE', #1489, #4712, #1272, .T. ) ;
#907 = CARTESIAN_POINT ( 'NONE',  ( 4.107366323934855679, -8.582386363636363313, 0.000000000000000000 ) ) ;
#908 = CARTESIAN_POINT ( 'NONE',  ( -2.065306961313749134, -4.250200775274544540, 3.324491640797255343 ) ) ;
#909 = CARTESIAN_POINT ( 'NONE',  ( 3.682599464375305942, -3.795538913745334586, -1.323658497248010990 ) ) ;
#910 = CARTESIAN_POINT ( 'NONE',  ( 2.194701243201382823, -7.049723173181569713, 2.194701243201384155 ) ) ;
#911 = CONICAL_SURFACE ( 'NONE', #3889, 4.499999999999999112, 1.396263401595466691 ) ;
#912 = CARTESIAN_POINT ( 'NONE',  ( 2.896188888248941051, -3.816777606768441800, -2.726385962231581583 ) ) ;
#913 = CARTESIAN_POINT ( 'NONE',  ( -2.176303311269570884, -3.131317538821973834, 3.325170969317387648 ) ) ;
#914 = CARTESIAN_POINT ( 'NONE',  ( 0.9003062992211025017, -6.948400094093624801, -3.549117195491002796 ) ) ;
#915 = CARTESIAN_POINT ( 'NONE',  ( 2.840440893980504367, -2.417191657773075431, 1.470389946961059957 ) ) ;
#916 = VERTEX_POINT ( 'NONE', #3951 ) ;
#917 = CONICAL_SURFACE ( 'NONE', #3812, 3.102840909090909260, 0.7853981633974463916 ) ;
#918 = CARTESIAN_POINT ( 'NONE',  ( -1.060640029945913332, -2.546388895460548696, -3.829345672080727514 ) ) ;
#919 = CARTESIAN_POINT ( 'NONE',  ( -2.245255751209779493, -2.302431961125924964, -3.205902263066313207 ) ) ;
#920 = CARTESIAN_POINT ( 'NONE',  ( 3.892793474554330668, -6.396492036309911811, 0.2368034354254502649 ) ) ;
#921 = CARTESIAN_POINT ( 'NONE',  ( -1.325921617552762166, -5.007751178341398379, 3.201057951739540997 ) ) ;
#922 = DIRECTION ( 'NONE',  ( 0.000000000000000000, -1.000000000000000000, 0.000000000000000000 ) ) ;
#923 = CARTESIAN_POINT ( 'NONE',  ( -0.8339912266723410461, -6.647467077941889180, 3.867988830757260299 ) ) ;
#924 = CARTESIAN_POINT ( 'NONE',  ( 3.344362306741420099, -6.285998259967051638, -2.005504293673880056 ) ) ;
#925 = CARTESIAN_POINT ( 'NONE',  ( -2.400989257118073983, -4.364475993067985726, 3.171280084617368988 ) ) ;
#926 = CARTESIAN_POINT ( 'NONE',  ( -3.201683428037735091, -5.571167297561132159, 2.359383435209276403 ) ) ;
#927 = CARTESIAN_POINT ( 'NONE',  ( -1.829625395290233048, -5.822074845706056045, -3.527996287626072203 ) ) ;
#928 = VERTEX_POINT ( 'NONE', #1288 ) ;
#929 = DIRECTION ( 'NONE',  ( 0.000000000000000000, 0.000000000000000000, 1.000000000000000000 ) ) ;
#930 = CARTESIAN_POINT ( 'NONE',  ( -3.201057951739542773, -2.632021548931342991, 1.325921617552758169 ) ) ;
#931 = CARTESIAN_POINT ( 'NONE',  ( 2.515036510766225999E-16, -5.984659090909094203, -4.107366323934855679 ) ) ;
#932 = CARTESIAN_POINT ( 'NONE',  ( -1.832943073106166221, -4.237359473922894360, 3.458360337722889977 ) ) ;
#933 = CARTESIAN_POINT ( 'NONE',  ( 3.762493967531605588, -3.808097412783187696, -1.075272269872810993 ) ) ;
#934 = CARTESIAN_POINT ( 'NONE',  ( 2.194701243201384155, -7.915632264090661785, -2.194701243201383267 ) ) ;
#935 = CARTESIAN_POINT ( 'NONE',  ( -1.799095845949578054, -3.663270129346197557, -3.542879250213803566 ) ) ;
#936 = CARTESIAN_POINT ( 'NONE',  ( -2.953832786638445285, -3.149289170154673023, 2.567909569375527390 ) ) ;
#937 = CARTESIAN_POINT ( 'NONE',  ( 1.541473813111161384, -6.971828504158398943, -3.295518864638819156 ) ) ;
#938 = DIRECTION ( 'NONE',  ( 0.000000000000000000, 0.000000000000000000, 1.000000000000000000 ) ) ;
#939 = VERTEX_POINT ( 'NONE', #3542 ) ;
#940 = CC_DESIGN_APPROVAL ( #4519, ( #1410 ) ) ;
#941 = VERTEX_POINT ( 'NONE', #1727 ) ;
#942 = CARTESIAN_POINT ( 'NONE',  ( 1.290117327013237780, -2.695320764890199339, -3.680383980020460299 ) ) ;
#943 = CARTESIAN_POINT ( 'NONE',  ( -3.892911420728949246, -2.194607743202826367, -0.8001315538762584501 ) ) ;
#944 = CARTESIAN_POINT ( 'NONE',  ( 1.605122097676960014, -6.135625919917486293, -3.634707923443609712 ) ) ;
#945 = AXIS2_PLACEMENT_3D ( 'NONE', #947, #2075, #3572 ) ;
#946 = CARTESIAN_POINT ( 'NONE',  ( -2.345407807127351418, -7.395305925280104553, 2.181571762164950190 ) ) ;
#947 = CARTESIAN_POINT ( 'NONE',  ( 0.000000000000000000, 0.4738549290423900162, 1.734723475976807094E-15 ) ) ;
#948 = CARTESIAN_POINT ( 'NONE',  ( 0.000000000000000000, 3.196031326221389968, 1.067560561327421998E-15 ) ) ;
#949 = CARTESIAN_POINT ( 'NONE',  ( -2.483106139263385082, -5.969715757169873349, -3.006761090569916473 ) ) ;
#950 = CARTESIAN_POINT ( 'NONE',  ( 2.073052552733644749, -4.923284629749286267, -3.394738260334921431 ) ) ;
#951 = CARTESIAN_POINT ( 'NONE',  ( 3.118956403164771629, -5.235185817119153207, 2.467796082419965842 ) ) ;
#952 = CARTESIAN_POINT ( 'NONE',  ( -2.916811737627708734, -5.827038144036210454, -2.704717053612439859 ) ) ;
#953 = VECTOR ( 'NONE', #498, 1000.000000000000000 ) ;
#954 = CARTESIAN_POINT ( 'NONE',  ( 1.325921617552759058, -5.807021548931337485, 3.201057951739543217 ) ) ;
#955 = CARTESIAN_POINT ( 'NONE',  ( -2.542580773583827725, -2.502486680553820619, -2.956637976040606741 ) ) ;
#956 = CARTESIAN_POINT ( 'NONE',  ( 2.904346580471597328, -5.263068181818186808, 2.904346580471598660 ) ) ;
#957 = CARTESIAN_POINT ( 'NONE',  ( -1.984971141661831862, -4.659154410524386059, -3.442873158636758468 ) ) ;
#958 = CARTESIAN_POINT ( 'NONE',  ( 3.886018953226993755, -3.879567076628677835, 0.4599778416521168034 ) ) ;
#959 = CARTESIAN_POINT ( 'NONE',  ( -3.103776263492489917, -2.864495900454304245, -3.801029666355608083E-16 ) ) ;
#960 = CARTESIAN_POINT ( 'NONE',  ( 3.731340114802996322, -3.974390012257070115, -1.365508461178474908 ) ) ;
#961 = CARTESIAN_POINT ( 'NONE',  ( -3.959007816518467227, -3.363171065434569673, 0.3871637376641416939 ) ) ;
#962 = DIRECTION ( 'NONE',  ( 1.000000000000000000, 4.802718242948642635E-32, -1.224646799147353207E-16 ) ) ;
#963 = CARTESIAN_POINT ( 'NONE',  ( 1.565848761249375887, -2.442121582316504114, 2.735286415141267469 ) ) ;
#964 = CARTESIAN_POINT ( 'NONE',  ( 2.696017079873497924, -2.650100660492220594, -2.924658592012592706 ) ) ;
#965 = CARTESIAN_POINT ( 'NONE',  ( -3.942490028591293161, -2.249505824767607187, -0.5293071645588398599 ) ) ;
#966 = CARTESIAN_POINT ( 'NONE',  ( 2.725498256007813591, -6.115530569767675395, -2.897243769356824483 ) ) ;
#967 = EDGE_CURVE ( 'NONE', #3567, #2047, #4626, .T. ) ;
#968 = CARTESIAN_POINT ( 'NONE',  ( 1.325921617552761278, -6.739569360159577194, -3.201057951739541885 ) ) ;
#969 = CARTESIAN_POINT ( 'NONE',  ( 0.000000000000000000, -2.000000000000000000, -1.555152491158895817E-15 ) ) ;
#970 = CARTESIAN_POINT ( 'NONE',  ( -0.6071062257776699278, -6.674887844618435651, 3.880752256925131150 ) ) ;
#971 = CARTESIAN_POINT ( 'NONE',  ( -0.3710899433334493014, -6.080504950034889333, -3.881949465826779022 ) ) ;
#972 = CARTESIAN_POINT ( 'NONE',  ( 2.294215807960594322, -5.018471111140626384, -3.244093788135978595 ) ) ;
#973 = EDGE_CURVE ( 'NONE', #578, #1166, #3061, .T. ) ;
#974 = CARTESIAN_POINT ( 'NONE',  ( -0.3299783730232400125, -5.414621965350113975, 3.963479131270159606 ) ) ;
#975 = CARTESIAN_POINT ( 'NONE',  ( -2.866872176095117464, -5.728332370312782196, -2.664439160253613270 ) ) ;
#976 = CARTESIAN_POINT ( 'NONE',  ( -2.250000000000000888, -1.999999999999999112, -3.897114317029972241 ) ) ;
#977 = CARTESIAN_POINT ( 'NONE',  ( -3.489974286340608689, -2.430356676751916911, -1.739979607695589792 ) ) ;
#978 = ORIENTED_EDGE ( 'NONE', *, *, #1420, .T. ) ;
#979 = CARTESIAN_POINT ( 'NONE',  ( -1.701326837008340309, -8.221590909090908283, -4.107366323934855679 ) ) ;
#980 = CARTESIAN_POINT ( 'NONE',  ( -3.358032217875441372, -4.639612695614547810, -2.132719907486853916 ) ) ;
#981 = CARTESIAN_POINT ( 'NONE',  ( 1.970026678163548040, -4.049770432469776082, 3.381322690660849339 ) ) ;
#982 = CARTESIAN_POINT ( 'NONE',  ( -1.285626222910279948, -1.493473173181580016, 3.103776263492488585 ) ) ;
#983 = CARTESIAN_POINT ( 'NONE',  ( -3.146011720049875837, -3.502156843809234310, -2.434314152624174721 ) ) ;
#984 = DIRECTION ( 'NONE',  ( 0.000000000000000000, 1.000000000000000000, 0.000000000000000000 ) ) ;
#985 = CARTESIAN_POINT ( 'NONE',  ( 1.947188410644291972E-16, 6.000000000000007994, -1.590000000000000302 ) ) ;
#986 = B_SPLINE_CURVE_WITH_KNOTS ( 'NONE', 3,
 ( #1255, #2739, #3870, #3507 ),
 .UNSPECIFIED., .F., .F.,
 ( 4, 4 ),
 ( 2.309401076759608194E-07, 0.002598307151460990672 ),
 .UNSPECIFIED. ) ;
#987 = CARTESIAN_POINT ( 'NONE',  ( -1.813001550245654681, -2.507981196561044790, -3.535604362347679608 ) ) ;
#988 = ORIENTED_EDGE ( 'NONE', *, *, #1482, .F. ) ;
#989 = CARTESIAN_POINT ( 'NONE',  ( 2.853038725475446569, -6.247637343640366048, -2.658724689452378165 ) ) ;
#990 = CARTESIAN_POINT ( 'NONE',  ( -4.500000000000000888, 0.4738549290423900162, -0.8655648409910745578 ) ) ;
#991 = FACE_OUTER_BOUND ( 'NONE', #2141, .T. ) ;
#992 = DIRECTION ( 'NONE',  ( 0.000000000000000000, -3.921717058577609625E-16, 1.000000000000000000 ) ) ;
#993 = AXIS2_PLACEMENT_3D ( 'NONE', #2624, #2266, #2574 ) ;
#994 = CARTESIAN_POINT ( 'NONE',  ( -3.402840869483549913, -5.714325431231443986, 1.904656805725249979 ) ) ;
#995 = CARTESIAN_POINT ( 'NONE',  ( 3.323553700145656542, -5.129511524496784602, -2.040242396820747484 ) ) ;
#996 = CARTESIAN_POINT ( 'NONE',  ( -3.040992323981981382, -5.559306967545404987, 2.563012189228830895 ) ) ;
#997 = CARTESIAN_POINT ( 'NONE',  ( -3.044654294116193149, -5.716143355259720060, -2.459522272532701059 ) ) ;
#998 = CARTESIAN_POINT ( 'NONE',  ( 1.325921617552759946, -6.961567003476790028, 3.201057951739542329 ) ) ;
#999 = CARTESIAN_POINT ( 'NONE',  ( -0.4484373210742959581, -2.613254458612008335, -3.873778280712277589 ) ) ;
#1000 = ORIENTED_EDGE ( 'NONE', *, *, #4742, .T. ) ;
#1001 = CARTESIAN_POINT ( 'NONE',  ( 4.107366323934854790, -7.500000000000000888, 1.701326837008343640 ) ) ;
#1002 = CARTESIAN_POINT ( 'NONE',  ( 1.185300718374479034, -4.811073051634910058, -3.793235053497798326 ) ) ;
#1003 = CARTESIAN_POINT ( 'NONE',  ( 0.000000000000000000, -1.999999999999999112, 1.734723475976807094E-15 ) ) ;
#1004 = CARTESIAN_POINT ( 'NONE',  ( 1.285626222910278393, -4.379836809545209597, -3.103776263492488585 ) ) ;
#1005 = CARTESIAN_POINT ( 'NONE',  ( -1.626328058511910424, -3.491132271318398317, -3.559945139464365305 ) ) ;
#1006 = CARTESIAN_POINT ( 'NONE',  ( 0.4607258681346064755, -7.282203473564913487, 3.296428608593389153 ) ) ;
#1007 = CARTESIAN_POINT ( 'NONE',  ( -0.7584981122314565782, -1.904167418028837711, 3.891518507723457532 ) ) ;
#1008 = CARTESIAN_POINT ( 'NONE',  ( 2.003656139226501320, -2.733473031535243791, -3.345716032536376616 ) ) ;
#1009 = ORIENTED_EDGE ( 'NONE', *, *, #3579, .T. ) ;
#1010 = CARTESIAN_POINT ( 'NONE',  ( 3.966090726505723918, -6.358381549131638444, 0.2431647974652806632 ) ) ;
#1011 = DIRECTION ( 'NONE',  ( 0.000000000000000000, -1.000000000000000000, 0.000000000000000000 ) ) ;
#1012 = CARTESIAN_POINT ( 'NONE',  ( 0.000000000000000000, 6.750000000000004441, 0.000000000000000000 ) ) ;
#1013 = CARTESIAN_POINT ( 'NONE',  ( -1.260138303459809261, -6.636516399987949733, 3.767169937110721012 ) ) ;
#1014 = CARTESIAN_POINT ( 'NONE',  ( 0.7635403895188587198, -5.484591582096228102, 3.824163567073278980 ) ) ;
#1015 = CARTESIAN_POINT ( 'NONE',  ( 3.899746525209497161, -5.229782576963910579, -0.03921610102360556516 ) ) ;
#1016 = CARTESIAN_POINT ( 'NONE',  ( 3.544725405749050484, -3.869999524777540056, -1.803238066819958796 ) ) ;
#1017 = CARTESIAN_POINT ( 'NONE',  ( 2.087612907302388354, -6.012755675860220528, -3.381681417171347181 ) ) ;
#1018 = CARTESIAN_POINT ( 'NONE',  ( 0.2601179650141384192, -2.160724665679780276, 3.657232186695070997 ) ) ;
#1019 = CARTESIAN_POINT ( 'NONE',  ( -3.595904227365934513, -2.271992918227090819, 1.508805472111838242 ) ) ;
#1020 = ORIENTED_EDGE ( 'NONE', *, *, #664, .T. ) ;
#1021 = CARTESIAN_POINT ( 'NONE',  ( -1.701326837008342974, -4.325000000000006395, 4.107366323934854790 ) ) ;
#1022 = CARTESIAN_POINT ( 'NONE',  ( -2.605875275592765217, -4.590158817382346434, -2.920360800210530350 ) ) ;
#1023 = CARTESIAN_POINT ( 'NONE',  ( -3.911704842786854375, -2.131473838000586873, -0.1057921314586965783 ) ) ;
#1024 = CARTESIAN_POINT ( 'NONE',  ( 2.194701243201384155, -5.606541354999754034, -2.194701243201383267 ) ) ;
#1025 = CARTESIAN_POINT ( 'NONE',  ( 0.7401925362153277677, -3.604221100430909708, -3.843291608635997392 ) ) ;
#1026 = CARTESIAN_POINT ( 'NONE',  ( 3.815674292932029754, -6.127424869454182854, -0.8678673740614667453 ) ) ;
#1027 = CARTESIAN_POINT ( 'NONE',  ( 0.2183439448779671832, -2.422470116982206267, 3.166736314876171576 ) ) ;
#1028 = EDGE_CURVE ( 'NONE', #4602, #916, #3854, .T. ) ;
#1029 = CARTESIAN_POINT ( 'NONE',  ( -0.1354643906456914904, -3.217106092678709839, 3.897508008495195408 ) ) ;
#1030 = CARTESIAN_POINT ( 'NONE',  ( -3.201057951739542773, -6.450932996523214058, -1.325921617552759280 ) ) ;
#1031 = CARTESIAN_POINT ( 'NONE',  ( -0.4502799535437586043, -6.573741266572646680, 3.952107167267530752 ) ) ;
#1032 = CARTESIAN_POINT ( 'NONE',  ( -2.263489784646151026, -2.770819360159584299, 2.263489784646150138 ) ) ;
#1033 = CARTESIAN_POINT ( 'NONE',  ( 4.499999999999999112, -1.999999999999999112, 1.734723475976807094E-15 ) ) ;
#1034 = CARTESIAN_POINT ( 'NONE',  ( -3.624145963296609096, -6.769848945477552782, -1.280851401921226485 ) ) ;
#1035 = CARTESIAN_POINT ( 'NONE',  ( 1.900514833177804041E-16, -5.352549554091163841, -3.103776263492489917 ) ) ;
#1036 = CARTESIAN_POINT ( 'NONE',  ( 2.999999999999999112, 0.4738549290423899052, 3.464101615137756607 ) ) ;
#1037 = CARTESIAN_POINT ( 'NONE',  ( 1.348208300578658481, -4.885146510440631751, -3.742141289303762441 ) ) ;
#1038 = CARTESIAN_POINT ( 'NONE',  ( 1.868411928172786451, -2.604763420866996082, -3.511737024067375756 ) ) ;
#1039 = CARTESIAN_POINT ( 'NONE',  ( 2.378974174536947483, -3.786862853848143917, -3.187262231849457894 ) ) ;
#1040 = CARTESIAN_POINT ( 'NONE',  ( 3.900650758485397773, -6.182244009255881245, 0.3222629352893731647 ) ) ;
#1041 = DIRECTION ( 'NONE',  ( -0.000000000000000000, 1.000000000000000000, -0.000000000000000000 ) ) ;
#1042 = CARTESIAN_POINT ( 'NONE',  ( -3.227585268240312999, -2.455308965623959949, -2.188643758928001670 ) ) ;
#1043 = CARTESIAN_POINT ( 'NONE',  ( 3.808379610543922933, -4.037717767988710627, -0.8394706998895949956 ) ) ;
#1044 = ORIENTED_EDGE ( 'NONE', *, *, #3365, .T. ) ;
#1045 = CARTESIAN_POINT ( 'NONE',  ( 4.107366323934855679, -2.737500000000010481, -1.701326837008340753 ) ) ;
#1046 = CARTESIAN_POINT ( 'NONE',  ( -2.651972706363252996, -4.688858618245303589, -2.965012737843134794 ) ) ;
#1047 = CARTESIAN_POINT ( 'NONE',  ( 1.490884390597570164, -2.920976485715816473, 3.618070416121012212 ) ) ;
#1048 = CARTESIAN_POINT ( 'NONE',  ( -3.103776263492489917, -1.637791354999760918, 1.285626222910277505 ) ) ;
#1049 = EDGE_CURVE ( 'NONE', #500, #2363, #1335, .T. ) ;
#1050 = CARTESIAN_POINT ( 'NONE',  ( -1.905612504529950346, -3.576665200100078934, -3.491773935395293016 ) ) ;
#1051 = CARTESIAN_POINT ( 'NONE',  ( 2.222564976367578105, -6.344631234955958377, 3.220940663839838791 ) ) ;
#1052 = CARTESIAN_POINT ( 'NONE',  ( 0.000000000000000000, 6.000000000000007994, -1.331803394072746708E-15 ) ) ;
#1053 = CARTESIAN_POINT ( 'NONE',  ( 1.412283369865053873, -3.142953359600014540, 3.635261587185818044 ) ) ;
#1054 = VERTEX_POINT ( 'NONE', #4328 ) ;
#1055 = CARTESIAN_POINT ( 'NONE',  ( -0.4357685480043250181, -6.694357891821470119, 3.875512790778409045 ) ) ;
#1056 = CARTESIAN_POINT ( 'NONE',  ( 0.000000000000000000, 0.4738549290423901272, 1.734723475976807094E-15 ) ) ;
#1057 = CARTESIAN_POINT ( 'NONE',  ( -3.201057951739542773, -5.085430639840430089, -1.325921617552759280 ) ) ;
#1058 = DIRECTION ( 'NONE',  ( 0.000000000000000000, 0.000000000000000000, 1.000000000000000000 ) ) ;
#1059 = CARTESIAN_POINT ( 'NONE',  ( 1.285626222910278393, -5.424708645000254847, -3.103776263492488585 ) ) ;
#1060 = CARTESIAN_POINT ( 'NONE',  ( 0.000000000000000000, 1.473854929042390127, 4.340740814427818783 ) ) ;
#1061 = AXIS2_PLACEMENT_3D ( 'NONE', #1060, #2580, #4403 ) ;
#1062 = CARTESIAN_POINT ( 'NONE',  ( 3.488665770405101618, -5.316877337947076398, 1.742944859029687876 ) ) ;
#1063 = CARTESIAN_POINT ( 'NONE',  ( 3.715620794603440302, -2.801896813808176567, 1.409832760523765272 ) ) ;
#1064 = CARTESIAN_POINT ( 'NONE',  ( -3.569665172067739700, -4.449911855040701525, 1.753436847397231269 ) ) ;
#1065 = CARTESIAN_POINT ( 'NONE',  ( 3.703092253165547465, -6.107538189333265422, -1.266959699867391320 ) ) ;
#1066 = AXIS2_PLACEMENT_3D ( 'NONE', #657, #2962, #340 ) ;
#1067 = CARTESIAN_POINT ( 'NONE',  ( -1.325921617552757725, -4.075203367113158670, -3.201057951739543217 ) ) ;
#1068 = TOROIDAL_SURFACE ( 'NONE', #1549, 4.340740814427817007, 1.000000000000000000 ) ;
#1069 = CARTESIAN_POINT ( 'NONE',  ( 2.051873616404435552, -3.890729238195004935, -3.315943657758048779 ) ) ;
#1070 = CARTESIAN_POINT ( 'NONE',  ( 2.143195318486573075, -4.221837573506908470, 3.345953703720107253 ) ) ;
#1071 = ORIENTED_EDGE ( 'NONE', *, *, #880, .T. ) ;
#1072 = CARTESIAN_POINT ( 'NONE',  ( 1.500000000000000444, 0.4738549290423899052, 4.330127018922194537 ) ) ;
#1073 = CARTESIAN_POINT ( 'NONE',  ( 2.144949307722108678, -5.227629190172014439, 3.345693252533973538 ) ) ;
#1074 = CARTESIAN_POINT ( 'NONE',  ( 2.901188010979836474, -2.568453597400452981, -2.625969481850484843 ) ) ;
#1075 = CARTESIAN_POINT ( 'NONE',  ( -1.325921617552758836, -5.440705723795943527, -3.201057951739542773 ) ) ;
#1076 = CARTESIAN_POINT ( 'NONE',  ( -3.201057951739542773, -7.250203367113153163, 1.325921617552758169 ) ) ;
#1077 = CARTESIAN_POINT ( 'NONE',  ( 3.593310328542306475, -3.933677657183014542, 1.551617450265892373 ) ) ;
#1078 = CARTESIAN_POINT ( 'NONE',  ( -3.218074655082805879, -5.702549257440928443, -2.226678140042804177 ) ) ;
#1079 = CARTESIAN_POINT ( 'NONE',  ( -2.031000987708198480, -2.036288887215508936, 3.420313303185394727 ) ) ;
#1080 = CARTESIAN_POINT ( 'NONE',  ( 3.679374918164075581, -2.872981585232388557, 1.511060229916156850 ) ) ;
#1081 = CARTESIAN_POINT ( 'NONE',  ( 2.263489784646150582, -6.811728451068668200, -2.263489784646150582 ) ) ;
#1082 = CARTESIAN_POINT ( 'NONE',  ( -0.1840671021354386705, -6.561857541285817774, 3.973331424715554672 ) ) ;
#1083 = CARTESIAN_POINT ( 'NONE',  ( 3.201057951739543217, -3.564569360159582700, 1.325921617552757725 ) ) ;
#1084 = CARTESIAN_POINT ( 'NONE',  ( 2.263489784646150582, -7.755317003476789317, -2.263489784646150582 ) ) ;
#1085 = CARTESIAN_POINT ( 'NONE',  ( 2.904346580471598216, -7.283522727272728758, -2.904346580471597772 ) ) ;
#1086 = EDGE_LOOP ( 'NONE', ( #538, #3649, #2903, #1589, #3096, #4329, #1009 ) ) ;
#1087 = CARTESIAN_POINT ( 'NONE',  ( -1.285626222910279948, -7.156526826818435438, 3.103776263492488585 ) ) ;
#1088 = ORIENTED_EDGE ( 'NONE', *, *, #4541, .T. ) ;
#1089 = CARTESIAN_POINT ( 'NONE',  ( 0.000000000000000000, 3.499999999999999556, 2.941287793933206948E-15 ) ) ;
#1090 = CARTESIAN_POINT ( 'NONE',  ( 2.132508635079237269, -5.376976251965547071, 3.352745020698202350 ) ) ;
#1091 = CARTESIAN_POINT ( 'NONE',  ( 3.425253696112235957, -2.637052130222858004, -2.015173501767560715 ) ) ;
#1092 = CARTESIAN_POINT ( 'NONE',  ( 3.947822201293709199, -3.978374266561192307, 0.4814588536756551074 ) ) ;
#1093 = CARTESIAN_POINT ( 'NONE',  ( 0.1792048478927411870, -6.547364014817085298, 3.973989344371622767 ) ) ;
#1094 = ORIENTED_EDGE ( 'NONE', *, *, #4306, .T. ) ;
#1095 = CARTESIAN_POINT ( 'NONE',  ( 2.999999999999999112, 0.4738549290423898497, -3.464101615137754386 ) ) ;
#1096 = CARTESIAN_POINT ( 'NONE',  ( 3.876671889855628272, -4.095941194010104702, 0.4208520158674066147 ) ) ;
#1097 = CARTESIAN_POINT ( 'NONE',  ( 1.171170695313191956, -4.272758781191325461, 3.796862342551632796 ) ) ;
#1098 = CARTESIAN_POINT ( 'NONE',  ( -1.499999999999999112, -1.999999999999998668, 4.330127018922195425 ) ) ;
#1099 = CARTESIAN_POINT ( 'NONE',  ( 3.954549692080066237, -5.027031277864523418, -0.3935015357413967352 ) ) ;
#1100 = DIRECTION ( 'NONE',  ( 0.000000000000000000, 0.000000000000000000, 1.000000000000000000 ) ) ;
#1101 = AXIS2_PLACEMENT_3D ( 'NONE', #4186, #1983, #1614 ) ;
#1102 = CARTESIAN_POINT ( 'NONE',  ( -5.880248061724518771E-16, -6.090137541977759916, 3.201057951739542329 ) ) ;
#1103 = CARTESIAN_POINT ( 'NONE',  ( 1.960082687241506503E-16, -7.610998821658607305, -3.201057951739542329 ) ) ;
#1104 = CARTESIAN_POINT ( 'NONE',  ( 3.936463129960155793, -3.931864993242081496, -0.5733203347691577800 ) ) ;
#1105 = CARTESIAN_POINT ( 'NONE',  ( -2.179867315042085529, -5.411238822313025665, 3.249754881816258489 ) ) ;
#1106 = CARTESIAN_POINT ( 'NONE',  ( -3.230472151163696903, -2.043081737979865142, 2.314512763955818730 ) ) ;
#1107 = VECTOR ( 'NONE', #3167, 1000.000000000000000 ) ;
#1108 = B_SPLINE_CURVE_WITH_KNOTS ( 'NONE', 3,
 ( #229, #3589, #4226, #179, #890, #1655, #863, #3491, #202, #3515, #4675, #2361, #2384, #2458, #2434, #3880, #3190, #3928, #152, #1679, #4304, #2046 ),
 .UNSPECIFIED., .F., .F.,
 ( 4, 2, 2, 2, 2, 2, 2, 2, 2, 2, 4 ),
 ( 0.007813958985874681559, 0.008637675298006358346, 0.009461391610138033398, 0.01028510792226971018, 0.01110882423440138697, 0.01193254054653306202, 0.01234439870259890042, 0.01275625685866473881, 0.01316811501473057547, 0.01357997317079641386, 0.01440368948292809065 ),
 .UNSPECIFIED. ) ;
#1109 = CARTESIAN_POINT ( 'NONE',  ( 3.565074792895620348, -2.968455139089618999, 1.754446584817916932 ) ) ;
#1110 = CARTESIAN_POINT ( 'NONE',  ( -5.880248061724518771E-16, -4.935592087432308261, 3.201057951739542329 ) ) ;
#1111 = CARTESIAN_POINT ( 'NONE',  ( -1.695832500396184717, -6.757521293076957924, 3.511777731067871056 ) ) ;
#1112 = CARTESIAN_POINT ( 'NONE',  ( 1.325921617552756615, -2.554342087432312169, 3.201057951739544105 ) ) ;
#1113 = CARTESIAN_POINT ( 'NONE',  ( 3.201057951739542329, -3.281453367113160269, 0.000000000000000000 ) ) ;
#1114 = FACE_OUTER_BOUND ( 'NONE', #2341, .T. ) ;
#1115 = EDGE_CURVE ( 'NONE', #4760, #2701, #2922, .T. ) ;
#1116 = CARTESIAN_POINT ( 'NONE',  ( 0.1339890789189821241, -2.408189102671602022, 3.198252481766471700 ) ) ;
#1117 = ADVANCED_FACE ( 'NONE', ( #4074, #3337 ), #2114, .T. ) ;
#1118 = CARTESIAN_POINT ( 'NONE',  ( 3.842214796531157717, -5.157973649636292457, 1.029467120550486392 ) ) ;
#1119 = CARTESIAN_POINT ( 'NONE',  ( 3.351465992782120207, -2.908350819403405119, 2.142676605191953687 ) ) ;
#1120 = CARTESIAN_POINT ( 'NONE',  ( -3.737598811454537095, -3.315736567432753468, 1.358955852736788428 ) ) ;
#1121 = CARTESIAN_POINT ( 'NONE',  ( 3.035980299896962720, -6.328631106242488258, 2.564342642591294297 ) ) ;
#1122 = ORIENTED_EDGE ( 'NONE', *, *, #3001, .F. ) ;
#1123 = ORIENTED_EDGE ( 'NONE', *, *, #1964, .F. ) ;
#1124 = CARTESIAN_POINT ( 'NONE',  ( 3.749999999999998668, 0.4274562965667573766, -3.031088913245535643 ) ) ;
#1125 = CARTESIAN_POINT ( 'NONE',  ( -3.757923148619888298, -3.548641544071159615, -1.041078721099029103 ) ) ;
#1126 = EDGE_CURVE ( 'NONE', #730, #2025, #2455, .T. ) ;
#1127 = CARTESIAN_POINT ( 'NONE',  ( -0.9539793578745531244, -4.288400858507266378, 3.861510052342333132 ) ) ;
#1128 = CARTESIAN_POINT ( 'NONE',  ( 9.065328488095241311E-16, 0.3511044742336487112, 5.196152422706633800 ) ) ;
#1129 = CARTESIAN_POINT ( 'NONE',  ( 3.467615580211282467, -5.017479534650983730, -1.949531415715794358 ) ) ;
#1130 = CARTESIAN_POINT ( 'NONE',  ( -2.999999999999999556, 0.4738549290423897942, 3.464101615137756607 ) ) ;
#1131 = CARTESIAN_POINT ( 'NONE',  ( 1.325921617552759946, -6.017978451068669798, 3.201057951739542329 ) ) ;
#1132 = CARTESIAN_POINT ( 'NONE',  ( -3.201057951739542773, -6.095657912567700620, 1.325921617552758169 ) ) ;
#1133 = CARTESIAN_POINT ( 'NONE',  ( 3.873781171809212331, -3.833169587517998966, -0.5594298896243562469 ) ) ;
#1134 = CARTESIAN_POINT ( 'NONE',  ( 0.5545095867888056862, -6.431115378576079067, 3.873725735934158365 ) ) ;
#1135 = EDGE_CURVE ( 'NONE', #49, #3567, #2101, .T. ) ;
#1136 = CARTESIAN_POINT ( 'NONE',  ( -0.3964987159704984054, -3.228884533805755019, 3.879752601986021787 ) ) ;
#1137 = CARTESIAN_POINT ( 'NONE',  ( 2.263489784646150138, -4.791273905614125361, 2.263489784646151026 ) ) ;
#1138 = CARTESIAN_POINT ( 'NONE',  ( -1.928946448335510988, -6.770222261227595517, 3.389672798967040102 ) ) ;
#1139 = CARTESIAN_POINT ( 'NONE',  ( 4.333137689017102251E-16, -7.500000000000000000, -3.102840909090909260 ) ) ;
#1140 = CARTESIAN_POINT ( 'NONE',  ( -2.263489784646151026, -4.868953367113157960, 2.263489784646150582 ) ) ;
#1141 = CARTESIAN_POINT ( 'NONE',  ( -2.652383629709154977, -6.824901768029682181, -2.706000551555478140 ) ) ;
#1142 = ORIENTED_EDGE ( 'NONE', *, *, #2612, .T. ) ;
#1143 = CARTESIAN_POINT ( 'NONE',  ( 4.499999999999999112, -1.877249545191257640, -2.598076211353316456 ) ) ;
#1144 = CARTESIAN_POINT ( 'NONE',  ( 3.893189740614308114, -5.241499623512521744, 0.2269857832106805251 ) ) ;
#1145 = CARTESIAN_POINT ( 'NONE',  ( 2.329469688553506224, -2.630221698996912050, -3.224411727726559818 ) ) ;
#1146 = CARTESIAN_POINT ( 'NONE',  ( 3.974801833936247419, -2.808500469194490812, 0.1382272570748042106 ) ) ;
#1147 = CARTESIAN_POINT ( 'NONE',  ( 3.154807434812287870, -6.285006750480118143, 2.316676338166926197 ) ) ;
#1148 = EDGE_LOOP ( 'NONE', ( #1743, #4744, #113, #2164 ) ) ;
#1149 = CARTESIAN_POINT ( 'NONE',  ( -9.410378291647954882E-15, -2.415544276204071306, 3.201057951739542329 ) ) ;
#1150 = CIRCLE ( 'NONE', #4842, 2.695916926119902524 ) ;
#1151 = CARTESIAN_POINT ( 'NONE',  ( -0.9755655385731285545, -3.256743298084887162, 3.775641196080810946 ) ) ;
#1152 = CARTESIAN_POINT ( 'NONE',  ( 1.428938239903648544, -4.259806196469284600, 3.707557771864695706 ) ) ;
#1153 = CARTESIAN_POINT ( 'NONE',  ( -4.107366323934855679, -2.304545454545464001, -1.701326837008341197 ) ) ;
#1154 = CARTESIAN_POINT ( 'NONE',  ( 3.687365723920955407, -5.114691209650076509, 1.482416007425348070 ) ) ;
#1155 = LINE ( 'NONE', #2642, #1471 ) ;
#1156 = AXIS2_PLACEMENT_3D ( 'NONE', #2668, #1525, #186 ) ;
#1157 = CARTESIAN_POINT ( 'NONE',  ( -2.263489784646151026, -6.234455723795941928, 2.263489784646150582 ) ) ;
#1158 = CARTESIAN_POINT ( 'NONE',  ( 4.107366323934855679, -0.5005681818181940690, 0.000000000000000000 ) ) ;
#1159 = CARTESIAN_POINT ( 'NONE',  ( 2.469326250402720468, -4.021128872544663224, 3.036780323100868095 ) ) ;
#1160 = CARTESIAN_POINT ( 'NONE',  ( 2.798818105705712433, -5.155397600597471985, 2.734908093696122311 ) ) ;
#1161 = CARTESIAN_POINT ( 'NONE',  ( -3.968842192093315013, -3.452826157009774466, 0.1924310525013126494 ) ) ;
#1162 = DIRECTION ( 'NONE',  ( 0.000000000000000000, 0.000000000000000000, -1.000000000000000000 ) ) ;
#1163 = CARTESIAN_POINT ( 'NONE',  ( -2.561575684196190750, -6.928543009941226849, 2.647391194703272888 ) ) ;
#1164 = CARTESIAN_POINT ( 'NONE',  ( -3.201057951739542773, -7.250203367113153163, 1.325921617552758169 ) ) ;
#1165 = CARTESIAN_POINT ( 'NONE',  ( -1.701326837008340309, -4.757954545454550654, -4.107366323934855679 ) ) ;
#1166 = VERTEX_POINT ( 'NONE', #2214 ) ;
#1167 = B_SPLINE_CURVE_WITH_KNOTS ( 'NONE', 3,
 ( #1965, #490, #881, #3458 ),
 .UNSPECIFIED., .F., .F.,
 ( 4, 4 ),
 ( 2.309401076754191683E-07, 0.002598307151460989804 ),
 .UNSPECIFIED. ) ;
#1168 = CARTESIAN_POINT ( 'NONE',  ( -2.327255431476570102, -2.174700942383194668, 3.129278163527950074 ) ) ;
#1169 = CARTESIAN_POINT ( 'NONE',  ( 3.768651863451006001, -5.278583548735014119, 1.003618948705716107 ) ) ;
#1170 = CARTESIAN_POINT ( 'NONE',  ( 3.722344919734343893, -2.736365369153881844, -1.400441392410983088 ) ) ;
#1171 = CARTESIAN_POINT ( 'NONE',  ( -3.158283125403028357, -6.723086440407534781, 2.418374746524120322 ) ) ;
#1172 = ORIENTED_EDGE ( 'NONE', *, *, #2407, .F. ) ;
#1173 = CARTESIAN_POINT ( 'NONE',  ( 3.201057951739545437, -3.209294276204070151, -1.325921617552751952 ) ) ;
#1174 = CARTESIAN_POINT ( 'NONE',  ( -0.1647207750775077639, -3.780725111427313490, -3.896045139794066969 ) ) ;
#1175 = CARTESIAN_POINT ( 'NONE',  ( 1.913806188232953343, -4.234396272137013639, 3.482125062440966534 ) ) ;
#1176 = CARTESIAN_POINT ( 'NONE',  ( 0.000000000000000000, -7.500000000000000000, 0.000000000000000000 ) ) ;
#1177 = CARTESIAN_POINT ( 'NONE',  ( 2.927277368146105285, -5.147217263471393522, 2.597968531319393204 ) ) ;
#1178 = CARTESIAN_POINT ( 'NONE',  ( 4.499999999999999112, 0.3511044742336485447, -2.598076211353316456 ) ) ;
#1179 = CARTESIAN_POINT ( 'NONE',  ( 2.263489784646150582, -5.657182996523215657, -2.263489784646150582 ) ) ;
#1180 = APPROVAL_PERSON_ORGANIZATION ( #138, #1336, #3890 ) ;
#1181 = VERTEX_POINT ( 'NONE', #1052 ) ;
#1182 = CARTESIAN_POINT ( 'NONE',  ( -3.201057951739542773, -3.930885185294977102, -1.325921617552759280 ) ) ;
#1183 = TOROIDAL_SURFACE ( 'NONE', #1340, -0.002530093853909956385, 3.309416156571634904 ) ;
#1184 = CARTESIAN_POINT ( 'NONE',  ( 3.089122864993119943, -4.083616694685200166, 2.506168181094377889 ) ) ;
#1185 = CARTESIAN_POINT ( 'NONE',  ( -3.680540437309919088, -4.499409413137725799, -1.329068235052567326 ) ) ;
#1186 = CARTESIAN_POINT ( 'NONE',  ( -5.701544499533412370E-16, -4.775276826818437570, 3.103776263492489917 ) ) ;
#1187 = CARTESIAN_POINT ( 'NONE',  ( -2.543871651133193357, -3.342157784625223282, 2.955946018779836759 ) ) ;
#1188 = EDGE_CURVE ( 'NONE', #939, #2842, #1379, .T. ) ;
#1189 = AXIS2_PLACEMENT_3D ( 'NONE', #3447, #4210, #85 ) ;
#1190 = CARTESIAN_POINT ( 'NONE',  ( -2.789864952700293443, -7.424640524458512303, 1.556537703581998056 ) ) ;
#1191 = CARTESIAN_POINT ( 'NONE',  ( -1.763824678801386936, -6.820270680676982167, 3.356756271694152360 ) ) ;
#1192 = CARTESIAN_POINT ( 'NONE',  ( -1.325921617552760834, -1.333157912567709547, 3.201057951739541885 ) ) ;
#1193 = CARTESIAN_POINT ( 'NONE',  ( -4.107366323934855679, -4.541477272727278525, -5.030073021532451998E-16 ) ) ;
#1194 = CARTESIAN_POINT ( 'NONE',  ( -1.924345950917525139, -2.111628422980636799, 3.476265135836323239 ) ) ;
#1195 = CARTESIAN_POINT ( 'NONE',  ( -2.197239927012395011, -5.986505573258123825, -3.221888567286740113 ) ) ;
#1196 = CARTESIAN_POINT ( 'NONE',  ( -2.930996233028555498, -3.242898563775219678, 2.688150893728186386 ) ) ;
#1197 = CARTESIAN_POINT ( 'NONE',  ( -3.944207778853268564, -6.758241023950822601, 0.4030651780565123743 ) ) ;
#1198 = ORIENTED_EDGE ( 'NONE', *, *, #1331, .F. ) ;
#1199 = CALENDAR_DATE ( 2026, 3, 1 ) ;
#1200 = CARTESIAN_POINT ( 'NONE',  ( 0.7905712094867172191, -4.328730438318656226, 3.818471688358451299 ) ) ;
#1201 = CARTESIAN_POINT ( 'NONE',  ( -3.776963406789815902, -4.558281682413670488, 1.233780633166067231 ) ) ;
#1202 = CARTESIAN_POINT ( 'NONE',  ( 1.141100324780941255, -6.030291138708339993, -3.809984928907897306 ) ) ;
#1203 = CARTESIAN_POINT ( 'NONE',  ( 0.07936947687866327539, -5.397461804222450255, 3.977182602565362934 ) ) ;
#1204 = DIRECTION ( 'NONE',  ( -0.000000000000000000, 1.000000000000000000, -0.000000000000000000 ) ) ;
#1205 = CARTESIAN_POINT ( 'NONE',  ( -1.325921617552760834, -3.642248821658613966, 3.201057951739541885 ) ) ;
#1206 = CARTESIAN_POINT ( 'NONE',  ( -2.700892519454943130, -4.287345076273955335, 2.832777118990573495 ) ) ;
#1207 = CARTESIAN_POINT ( 'NONE',  ( 3.283469655527002207, -5.119698841029202363, 2.128754256632540365 ) ) ;
#1208 = CARTESIAN_POINT ( 'NONE',  ( -1.285626222910277949, -2.971299554091167749, -3.103776263492488585 ) ) ;
#1209 = CARTESIAN_POINT ( 'NONE',  ( -2.917935204821113793, -3.365736736882054103, 2.587393007921539922 ) ) ;
#1210 = CARTESIAN_POINT ( 'NONE',  ( -2.821944937810203058, -7.434351994096127569, -1.440821837294526286 ) ) ;
#1211 = DIRECTION ( 'NONE',  ( -0.000000000000000000, -1.000000000000000000, -3.921717058577609625E-16 ) ) ;
#1212 = CARTESIAN_POINT ( 'NONE',  ( -2.263489784646151026, -1.405317003476800108, 2.263489784646150582 ) ) ;
#1213 = CARTESIAN_POINT ( 'NONE',  ( 2.904346580471597328, -2.953977272727280834, 2.904346580471598660 ) ) ;
#1214 = ORIENTED_EDGE ( 'NONE', *, *, #38, .T. ) ;
#1215 = ORIENTED_EDGE ( 'NONE', *, *, #1996, .F. ) ;
#1216 = CARTESIAN_POINT ( 'NONE',  ( -3.945231002909647788, -2.285674781827419455, 0.4732186619872758571 ) ) ;
#1217 = CARTESIAN_POINT ( 'NONE',  ( -2.455880958813114301, -5.935868857696027234, -3.123647083779227618 ) ) ;
#1218 = CARTESIAN_POINT ( 'NONE',  ( -3.518159227042882975, -2.314638598276921311, -1.854445811122474197 ) ) ;
#1219 = CARTESIAN_POINT ( 'NONE',  ( -3.317283789728143528, -6.668379890615573125, 2.188511279993671454 ) ) ;
#1220 = ORIENTED_EDGE ( 'NONE', *, *, #4385, .F. ) ;
#1221 = ORIENTED_EDGE ( 'NONE', *, *, #4611, .T. ) ;
#1222 = ORIENTED_EDGE ( 'NONE', *, *, #3633, .F. ) ;
#1223 = CARTESIAN_POINT ( 'NONE',  ( 2.592113042921627475, -5.385828337504999119, 2.913284972626732916 ) ) ;
#1224 = CARTESIAN_POINT ( 'NONE',  ( -3.780940121308094870, -4.609275478209212906, 0.9557600694700951749 ) ) ;
#1225 = CARTESIAN_POINT ( 'NONE',  ( 3.957759593582290680, -6.283377302941826059, 0.3924494917198896871 ) ) ;
#1226 = CARTESIAN_POINT ( 'NONE',  ( -3.005091706475295776, -5.462016107043195845, 2.507635912683385815 ) ) ;
#1227 = CARTESIAN_POINT ( 'NONE',  ( 2.250000000000000888, -1.999999999999999112, 3.897114317029977126 ) ) ;
#1228 = B_SPLINE_CURVE_WITH_KNOTS ( 'NONE', 3,
 ( #4310, #2439, #990, #575 ),
 .UNSPECIFIED., .F., .F.,
 ( 4, 4 ),
 ( 0.004349453597268945759, 0.006952958434458175567 ),
 .UNSPECIFIED. ) ;
#1229 = CARTESIAN_POINT ( 'NONE',  ( 2.249999999999999556, 0.4738549290423901272, 3.897114317029974462 ) ) ;
#1230 = CARTESIAN_POINT ( 'NONE',  ( 1.325921617552759946, -1.399796632886859626, 3.201057951739542329 ) ) ;
#1231 = VECTOR ( 'NONE', #4401, 999.9999999999998863 ) ;
#1232 = CARTESIAN_POINT ( 'NONE',  ( -3.551977951488227703, -4.381395043041274917, 1.782615982825620282 ) ) ;
#1233 = CARTESIAN_POINT ( 'NONE',  ( -1.637156744953360610, -4.645092634429610179, -3.554426551624902952 ) ) ;
#1234 = AXIS2_PLACEMENT_3D ( 'NONE', #3714, #327, #3287 ) ;
#1235 = CARTESIAN_POINT ( 'NONE',  ( 3.103776263492489917, -6.905404991363388589, 0.000000000000000000 ) ) ;
#1236 = CARTESIAN_POINT ( 'NONE',  ( -3.379955277629690169, -3.402985648336075197, 1.945404543643324047 ) ) ;
#1237 = CARTESIAN_POINT ( 'NONE',  ( -0.6611863385687527517, -3.053943346353701571, 3.918647500989218546 ) ) ;
#1238 = DIRECTION ( 'NONE',  ( 0.000000000000000000, 1.000000000000000000, 3.921717058577609625E-16 ) ) ;
#1239 = DIRECTION ( 'NONE',  ( 0.000000000000000000, 2.668805347656624706E-16, -1.000000000000000000 ) ) ;
#1240 = CARTESIAN_POINT ( 'NONE',  ( 4.107366323934855679, -5.118750000000005684, 0.000000000000000000 ) ) ;
#1241 = EDGE_LOOP ( 'NONE', ( #2737, #1142, #80 ) ) ;
#1242 = CARTESIAN_POINT ( 'NONE',  ( -1.181693915333330125, -2.073215714819331978, 3.793721795627649662 ) ) ;
#1243 = CARTESIAN_POINT ( 'NONE',  ( -0.5170518129867949231, -2.491291727703434322, -3.944127076156783041 ) ) ;
#1244 = CARTESIAN_POINT ( 'NONE',  ( -2.619413270627279910, -5.531846894279226490, 2.993507849634497564 ) ) ;
#1245 = CARTESIAN_POINT ( 'NONE',  ( -3.918888218430580661, -2.194366354605439273, 0.6783100398780579354 ) ) ;
#1246 = FACE_OUTER_BOUND ( 'NONE', #2913, .T. ) ;
#1247 = ORIENTED_EDGE ( 'NONE', *, *, #967, .T. ) ;
#1248 = APPROVAL_DATE_TIME ( #799, #2265 ) ;
#1249 = CARTESIAN_POINT ( 'NONE',  ( -3.614858855598282350, -4.583502444823027488, 1.462635828464608378 ) ) ;
#1250 = CARTESIAN_POINT ( 'NONE',  ( -2.556577169574984154, -4.497476581192955791, 2.944914188045638426 ) ) ;
#1251 = CARTESIAN_POINT ( 'NONE',  ( 3.070421318637078567, -6.393246188206453517, 2.527761723143683525 ) ) ;
#1252 = CARTESIAN_POINT ( 'NONE',  ( -3.694570887999984787, -5.652030898815888271, -1.291755537460929304 ) ) ;
#1253 = VERTEX_POINT ( 'NONE', #3658 ) ;
#1254 = CARTESIAN_POINT ( 'NONE',  ( 1.499999999999999112, 0.4738549290423898497, -4.330127018922192761 ) ) ;
#1255 = CARTESIAN_POINT ( 'NONE',  ( -1.590213683922675328E-15, -1.877249545191257640, -5.196152422706631135 ) ) ;
#1256 = CARTESIAN_POINT ( 'NONE',  ( 1.325921617552759280, -4.430478451068671220, -3.201057951739542773 ) ) ;
#1257 = CARTESIAN_POINT ( 'NONE',  ( -0.5672548040364698840, -4.204093919042033889, 3.933353115025960633 ) ) ;
#1258 = CARTESIAN_POINT ( 'NONE',  ( 0.2736793780550942912, -5.289655697769549469, 3.903785576192742468 ) ) ;
#1259 = CARTESIAN_POINT ( 'NONE',  ( -3.103776263492489917, -6.328132264090662318, -3.801029666355608083E-16 ) ) ;
#1260 = CARTESIAN_POINT ( 'NONE',  ( -3.722163075997580339, -3.526872727720859135, -1.390433696124639740 ) ) ;
#1261 = CARTESIAN_POINT ( 'NONE',  ( 3.027963269211902286, -2.933409349959042789, 2.579694888564226574 ) ) ;
#1262 = CARTESIAN_POINT ( 'NONE',  ( 4.499999999999999112, -1.999999999999999112, 2.598076211353318676 ) ) ;
#1263 = CARTESIAN_POINT ( 'NONE',  ( 2.969171774143096965, -2.408189102671602466, 1.196156756460828419 ) ) ;
#1264 = CARTESIAN_POINT ( 'NONE',  ( -2.904346580471598660, -3.242613636363643970, 2.904346580471597772 ) ) ;
#1265 = EDGE_LOOP ( 'NONE', ( #1956, #95, #180 ) ) ;
#1266 = CARTESIAN_POINT ( 'NONE',  ( -3.774319619992086317, -2.165487212468087286, 1.255248428582604880 ) ) ;
#1267 = CARTESIAN_POINT ( 'NONE',  ( 0.02597684837089458271, -2.515731438702079714, -3.977789096578184136 ) ) ;
#1268 = CARTESIAN_POINT ( 'NONE',  ( -3.922157813604979726, -5.799213783158507773, -0.6369725311358389597 ) ) ;
#1269 = CARTESIAN_POINT ( 'NONE',  ( 1.325921617552759946, -7.172523905614122341, 3.201057951739542329 ) ) ;
#1270 = CARTESIAN_POINT ( 'NONE',  ( -4.500000000000000888, -1.953501169842207341, -1.733187306154808427 ) ) ;
#1271 = CARTESIAN_POINT ( 'NONE',  ( 0.000000000000000000, -7.500000000000000000, 3.102840909090909260 ) ) ;
#1272 = CIRCLE ( 'NONE', #3457, 4.499999999999999112 ) ;
#1273 = ORIENTED_EDGE ( 'NONE', *, *, #2708, .T. ) ;
#1274 = EDGE_CURVE ( 'NONE', #2291, #3474, #1348, .T. ) ;
#1275 = CARTESIAN_POINT ( 'NONE',  ( 0.02135206768572784145, -4.364353256708326967, 3.899515668166047000 ) ) ;
#1276 = CARTESIAN_POINT ( 'NONE',  ( -3.961136339789146810, -4.549257728348020891, -0.3621959018954941101 ) ) ;
#1277 = CARTESIAN_POINT ( 'NONE',  ( 2.451062205753688605, -4.945579687901032528, -3.131890182018695512 ) ) ;
#1278 = CARTESIAN_POINT ( 'NONE',  ( -1.768233975401326985, -5.485788677241715483, 3.563513409223954653 ) ) ;
#1279 = PLANE ( 'NONE',  #3532 ) ;
#1280 = CARTESIAN_POINT ( 'NONE',  ( -3.201057951739542329, -1.549635185294981454, -3.920165374483013007E-16 ) ) ;
#1281 = CARTESIAN_POINT ( 'NONE',  ( -3.201057951739542773, -5.152069360159579503, 1.325921617552758169 ) ) ;
#1282 = CARTESIAN_POINT ( 'NONE',  ( -2.535364958666866286, -4.373970721572869813, 3.065111780666755603 ) ) ;
#1283 = CARTESIAN_POINT ( 'NONE',  ( 1.160533068331205397, -3.624936569391402408, -3.737073940924250604 ) ) ;
#1284 = CARTESIAN_POINT ( 'NONE',  ( 1.285626222910278393, -6.688927718636115571, -3.103776263492488585 ) ) ;
#1285 = CARTESIAN_POINT ( 'NONE',  ( 2.835751559875897332, -3.937399903664199119, -2.677169245888947113 ) ) ;
#1286 = CARTESIAN_POINT ( 'NONE',  ( 2.839787104255846906, -2.877719527991203563, 2.780393679635729143 ) ) ;
#1287 = CARTESIAN_POINT ( 'NONE',  ( 2.765555534633124868, -7.024788665194721560, -2.281835034260838668 ) ) ;
#1288 = CARTESIAN_POINT ( 'NONE',  ( 5.315874344317301376E-16, 0.4738549290423900162, -4.340740814427815231 ) ) ;
#1289 = CARTESIAN_POINT ( 'NONE',  ( 2.904346580471597328, -1.799431818181828513, 2.904346580471598660 ) ) ;
#1290 = VERTEX_POINT ( 'NONE', #4395 ) ;
#1291 = VERTEX_POINT ( 'NONE', #985 ) ;
#1292 = CARTESIAN_POINT ( 'NONE',  ( 1.316340407328819184, -2.657216838760343425, -3.749133080232786241 ) ) ;
#1293 = EDGE_CURVE ( 'NONE', #3006, #4185, #1814, .T. ) ;
#1294 = CARTESIAN_POINT ( 'NONE',  ( -3.517610514351815709, -2.136072620055608606, 1.857336870042780141 ) ) ;
#1295 = CARTESIAN_POINT ( 'NONE',  ( -3.713042836854980600, -5.837190439304492884, -1.414573918351323067 ) ) ;
#1296 = CARTESIAN_POINT ( 'NONE',  ( -2.280842997963385521, -2.049449940605644560, 3.258039501338731547 ) ) ;
#1297 = CARTESIAN_POINT ( 'NONE',  ( -0.6300164447918639166, -6.666715314793668412, 3.885383585775008530 ) ) ;
#1298 = CARTESIAN_POINT ( 'NONE',  ( 3.470504124753668318, -6.298524376625030285, -1.777989081781268910 ) ) ;
#1299 = CARTESIAN_POINT ( 'NONE',  ( -3.430113896212145796, -4.745747510239830547, -1.855900739429462876 ) ) ;
#1300 = CARTESIAN_POINT ( 'NONE',  ( -1.967268940182316905, -4.727103865726804521, -3.456493968686070506 ) ) ;
#1301 = CARTESIAN_POINT ( 'NONE',  ( 0.6242202833212487922, -5.372671877564941134, 3.928693176772156903 ) ) ;
#1302 = CARTESIAN_POINT ( 'NONE',  ( -5.880248061724518771E-16, -1.471955723795949966, 3.201057951739542329 ) ) ;
#1303 = B_SPLINE_CURVE_WITH_KNOTS ( 'NONE', 3,
 ( #1663, #1939, #3796, #1178 ),
 .UNSPECIFIED., .F., .F.,
 ( 4, 4 ),
 ( 0.01447670210936970701, 0.01707795914009646934 ),
 .UNSPECIFIED. ) ;
#1304 = CARTESIAN_POINT ( 'NONE',  ( -3.201057951739542773, -3.786567003476796422, 1.325921617552758169 ) ) ;
#1305 = CARTESIAN_POINT ( 'NONE',  ( 2.904346580471598216, -6.128977272727276215, -2.904346580471597772 ) ) ;
#1306 = CARTESIAN_POINT ( 'NONE',  ( 1.059008034450399371, -4.129621743701392234, 3.830456785708897360 ) ) ;
#1307 = CARTESIAN_POINT ( 'NONE',  ( 3.792168235273448929, -3.903853058700238243, 0.9654846490923394420 ) ) ;
#1308 = CARTESIAN_POINT ( 'NONE',  ( -3.103776263492488585, -1.672435917727533417, -1.285626222910278837 ) ) ;
#1309 = CARTESIAN_POINT ( 'NONE',  ( 1.547433900582646071, -3.863251867902587122, -3.579818256287979672 ) ) ;
#1310 = CARTESIAN_POINT ( 'NONE',  ( 0.7024338062428506779, -3.059907789395079014, 3.915446978863840855 ) ) ;
#1311 = CARTESIAN_POINT ( 'NONE',  ( 3.396239529833370074, -7.072140231980345249, -1.067079802880076533 ) ) ;
#1312 = CARTESIAN_POINT ( 'NONE',  ( 0.000000000000000000, -1.999999999999999112, 1.734723475976807094E-15 ) ) ;
#1313 = ORIENTED_EDGE ( 'NONE', *, *, #1926, .F. ) ;
#1314 = CIRCLE ( 'NONE', #2795, 2.393378451047913469 ) ;
#1315 = CARTESIAN_POINT ( 'NONE',  ( -1.568600627371037115, -2.520817715725331976, -3.650799594748856514 ) ) ;
#1316 = CARTESIAN_POINT ( 'NONE',  ( -3.192942619553224670, -2.241023751841528799, -2.263578128911285958 ) ) ;
#1317 = CARTESIAN_POINT ( 'NONE',  ( 3.938623721888009133, -6.240129352082637304, -0.5550294806395179581 ) ) ;
#1318 = CARTESIAN_POINT ( 'NONE',  ( 3.201057951739545437, -4.574796632886854120, -1.325921617552752396 ) ) ;
#1319 = DIRECTION ( 'NONE',  ( -0.000000000000000000, 1.000000000000000000, 1.015892941693919779E-16 ) ) ;
#1320 = CARTESIAN_POINT ( 'NONE',  ( -0.9417808566419642036, -6.644585033388997530, 3.846139016915931297 ) ) ;
#1321 = CARTESIAN_POINT ( 'NONE',  ( -0.003308331569534748214, -5.520317098718887650, 3.899452568451828860 ) ) ;
#1322 = CARTESIAN_POINT ( 'NONE',  ( 2.844056627467600240, -5.092483634865932807, -2.668588220938074240 ) ) ;
#1323 = CARTESIAN_POINT ( 'NONE',  ( -3.967688763171255850, -4.546216276851160032, -0.2748471070747920963 ) ) ;
#1324 = CARTESIAN_POINT ( 'NONE',  ( -3.542563744479939380, -5.776613356613268913, -1.809412129346056108 ) ) ;
#1325 = CARTESIAN_POINT ( 'NONE',  ( -3.316792401153936254, -2.028281741874550459, 2.094580654684983223 ) ) ;
#1326 = CARTESIAN_POINT ( 'NONE',  ( -3.596964963333333820, -2.417889396142075764, -1.505830521408763056 ) ) ;
#1327 = CARTESIAN_POINT ( 'NONE',  ( -2.904346580471598660, -7.860795454545455030, 2.904346580471597772 ) ) ;
#1328 = CARTESIAN_POINT ( 'NONE',  ( -1.495286185194348194, -4.685024015845672629, -3.682065355209452218 ) ) ;
#1329 = CARTESIAN_POINT ( 'NONE',  ( 0.5118065171502472754, -4.124038892139963330, 3.879628950690940048 ) ) ;
#1330 = CARTESIAN_POINT ( 'NONE',  ( 1.900514833177804041E-16, -1.998586809545214615, -3.103776263492489917 ) ) ;
#1331 = EDGE_CURVE ( 'NONE', #1396, #1718, #4794, .T. ) ;
#1332 = CARTESIAN_POINT ( 'NONE',  ( 3.635585430410074093, -3.879038526327072134, -1.613900526715268846 ) ) ;
#1333 = CARTESIAN_POINT ( 'NONE',  ( -0.6526980699346024428, -3.022754178247300416, 3.859033665668051061 ) ) ;
#1334 = CARTESIAN_POINT ( 'NONE',  ( 3.392048003600997674, -7.134706294245178881, 0.7579588589021906131 ) ) ;
#1335 = LINE ( 'NONE', #1999, #1107 ) ;
#1336 = APPROVAL ( #823, 'UNSPECIFIED' ) ;
#1337 = CARTESIAN_POINT ( 'NONE',  ( 3.310211181768667910, -2.819205542884347437, -2.061853393154576164 ) ) ;
#1338 = CARTESIAN_POINT ( 'NONE',  ( -3.242964619003517512, -2.272212748437667074, -2.297108987398483126 ) ) ;
#1339 = CARTESIAN_POINT ( 'NONE',  ( 3.899722447690686877, -6.384851974999767421, -0.02750184554639427403 ) ) ;
#1340 = AXIS2_PLACEMENT_3D ( 'NONE', #3353, #4862, #754 ) ;
#1341 = CARTESIAN_POINT ( 'NONE',  ( -3.138113692475134465E-15, -4.358319360159581990, -3.201057951739542329 ) ) ;
#1342 = CARTESIAN_POINT ( 'NONE',  ( 0.1138936542805944890, -2.019350629055831181, 3.931120584790550154 ) ) ;
#1343 = CARTESIAN_POINT ( 'NONE',  ( -2.175708531473721230, -6.637833806591638464, 3.327410955166619111 ) ) ;
#1344 = CARTESIAN_POINT ( 'NONE',  ( 0.9108829241604333715, -6.139915499725502102, -3.791564517734922202 ) ) ;
#1345 = CARTESIAN_POINT ( 'NONE',  ( 3.742015122580496733, -5.047167146945485072, -1.348556214752245852 ) ) ;
#1346 = CARTESIAN_POINT ( 'NONE',  ( 1.063038251386965172, -4.871912381891908339, -3.832347680259245770 ) ) ;
#1347 = CARTESIAN_POINT ( 'NONE',  ( 0.009420747860411674349, -5.879404597367183349, -3.914023820901746831 ) ) ;
#1348 = CIRCLE ( 'NONE', #1897, 3.479169280656359664 ) ;
#1349 = CARTESIAN_POINT ( 'NONE',  ( -1.791057248579364547, -2.001617560826646880, 3.546122266060059758 ) ) ;
#1350 = B_SPLINE_CURVE_WITH_KNOTS ( 'NONE', 3,
 ( #257, #4798, #694, #2119, #3615, #4422, #277, #1434, #4747, #1384, #2951, #4772, #4054, #2190, #3689, #1828, #4826, #1460, #3070, #447, #1533, #812, #472 ),
 .UNSPECIFIED., .F., .F.,
 ( 4, 2, 2, 2, 2, 2, 2, 2, 2, 1, 2, 4 ),
 ( 9.230637162296191601E-05, 0.001057512948404426643, 0.002022719525185891383, 0.002987926101967356123, 0.003470529390358088277, 0.003953132678748820864, 0.004918339255530286905, 0.005883545832311751211, 0.006366149120702484232, 0.006848752409093216385, 0.007331355697483949406, 0.007813958985874681559 ),
 .UNSPECIFIED. ) ;
#1351 = CARTESIAN_POINT ( 'NONE',  ( 3.897049491940110411, -2.928557384497635585, 0.1376126014156641153 ) ) ;
#1352 = ORIENTED_EDGE ( 'NONE', *, *, #3994, .F. ) ;
#1353 = CARTESIAN_POINT ( 'NONE',  ( 4.107366323934854790, -5.190909090909095802, 1.701326837008343640 ) ) ;
#1354 = CARTESIAN_POINT ( 'NONE',  ( -2.802491517781292796, -4.578233503209554023, -2.732051245802998185 ) ) ;
#1355 = CARTESIAN_POINT ( 'NONE',  ( 3.407758338261038578, -3.953705715056023084, 1.923659298167359921 ) ) ;
#1356 = CARTESIAN_POINT ( 'NONE',  ( 1.285626222910279060, -1.349154991363397338, 3.103776263492488585 ) ) ;
#1357 = CARTESIAN_POINT ( 'NONE',  ( -3.577095357537519060, -3.463868337211503778, -1.740465254943728501 ) ) ;
#1358 = CARTESIAN_POINT ( 'NONE',  ( 0.000000000000000000, -1.999999999999999112, 4.500000000000000888 ) ) ;
#1359 = CARTESIAN_POINT ( 'NONE',  ( 0.1633139541284326368, -2.417234624991400072, 3.179867354430665038 ) ) ;
#1360 = CARTESIAN_POINT ( 'NONE',  ( -2.269262426421502443, -2.400387206651066307, -3.266685600453873128 ) ) ;
#1361 = ORIENTED_EDGE ( 'NONE', *, *, #1699, .T. ) ;
#1362 = CARTESIAN_POINT ( 'NONE',  ( 2.258271497129177963, -6.211587513501509505, -3.179659980806962327 ) ) ;
#1363 = DIRECTION ( 'NONE',  ( 0.000000000000000000, 0.000000000000000000, 1.000000000000000000 ) ) ;
#1364 = DIRECTION ( 'NONE',  ( 0.000000000000000000, 1.000000000000000000, 0.000000000000000000 ) ) ;
#1365 = CARTESIAN_POINT ( 'NONE',  ( 1.947188410644292958E-16, -7.500000000000000888, -1.590000000000001856 ) ) ;
#1366 = CARTESIAN_POINT ( 'NONE',  ( -3.625326933061250312, -5.739404242885549401, 1.436677117001001092 ) ) ;
#1367 = CARTESIAN_POINT ( 'NONE',  ( 0.8330238467434395444, -4.859858509394940462, -3.889390479087420527 ) ) ;
#1368 = CARTESIAN_POINT ( 'NONE',  ( 0.1950307643827483839, -5.391413789150208302, 3.972407467825398886 ) ) ;
#1369 = CARTESIAN_POINT ( 'NONE',  ( -0.7884022033669865204, -5.842665817061964972, -3.833627567526746382 ) ) ;
#1370 = CARTESIAN_POINT ( 'NONE',  ( -1.372057881069054478E-15, -5.879180639840428491, 3.201057951739542329 ) ) ;
#1371 = CARTESIAN_POINT ( 'NONE',  ( 2.012764469249101573, -3.110589256588261353, 3.339836709394977898 ) ) ;
#1372 = ORIENTED_EDGE ( 'NONE', *, *, #3355, .F. ) ;
#1373 = CARTESIAN_POINT ( 'NONE',  ( -7.545109532298677504E-16, -7.716477272727273906, 4.107366323934855679 ) ) ;
#1374 = CARTESIAN_POINT ( 'NONE',  ( -2.180530713187323499, -4.615230527798181548, -3.250284541522453274 ) ) ;
#1375 = CARTESIAN_POINT ( 'NONE',  ( -2.684775918879838574, -3.431001149961827590, -2.847189728251839913 ) ) ;
#1376 = CARTESIAN_POINT ( 'NONE',  ( 3.103776263492488585, -5.678700445908845040, -1.285626222910278171 ) ) ;
#1377 = CARTESIAN_POINT ( 'NONE',  ( -3.794515829004600604, -3.326255030559198911, -0.9591656601190964304 ) ) ;
#1378 = CARTESIAN_POINT ( 'NONE',  ( 1.130364098901141423, -7.257066765984365730, 3.157423138629853021 ) ) ;
#1379 = LINE ( 'NONE', #2137, #2828 ) ;
#1380 = ORIENTED_EDGE ( 'NONE', *, *, #366, .T. ) ;
#1381 = CARTESIAN_POINT ( 'NONE',  ( 1.537426384259471313, -2.708181565454318651, -3.583959091269051100 ) ) ;
#1382 = FACE_OUTER_BOUND ( 'NONE', #826, .T. ) ;
#1383 = CARTESIAN_POINT ( 'NONE',  ( 0.8197270836528628424, -6.135440078864582425, -3.812807347109036460 ) ) ;
#1384 = CARTESIAN_POINT ( 'NONE',  ( -3.416240419069177303, -2.120278843132476165, -1.536807112996870561 ) ) ;
#1385 = CARTESIAN_POINT ( 'NONE',  ( -3.775049627450937972, -6.698149510949274799, 0.9978052039370096660 ) ) ;
#1386 = CIRCLE ( 'NONE', #518, 3.479169280656359664 ) ;
#1387 = ORIENTED_EDGE ( 'NONE', *, *, #886, .F. ) ;
#1388 = CARTESIAN_POINT ( 'NONE',  ( 3.384611009139652182, -6.482018777522763564, 1.936519046740722727 ) ) ;
#1389 = CARTESIAN_POINT ( 'NONE',  ( 0.5475592016729218248, -4.967810956346797369, -3.861185985661668152 ) ) ;
#1390 = CARTESIAN_POINT ( 'NONE',  ( -3.952509652845047849, -3.399263302527827157, -0.4415237471509271261 ) ) ;
#1391 = CARTESIAN_POINT ( 'NONE',  ( 0.5484276790941791102, -5.904163374724900493, -3.875417857930083532 ) ) ;
#1392 = CARTESIAN_POINT ( 'NONE',  ( -4.500000000000000888, -1.877249545191257640, -2.598076211353314680 ) ) ;
#1393 = CARTESIAN_POINT ( 'NONE',  ( 0.06981157659172675112, -2.636922625709624324, -3.899028638023521509 ) ) ;
#1394 = AXIS2_PLACEMENT_3D ( 'NONE', #769, #2333, #2267 ) ;
#1395 = CC_DESIGN_PERSON_AND_ORGANIZATION_ASSIGNMENT ( #3449, #4264, ( #1651 ) ) ;
#1396 = VERTEX_POINT ( 'NONE', #4793 ) ;
#1397 = CARTESIAN_POINT ( 'NONE',  ( 1.701326837008340975, -4.902272727272731778, -4.107366323934855679 ) ) ;
#1398 = CARTESIAN_POINT ( 'NONE',  ( -3.662198317522238789, -4.502056225029548386, -1.380797336376651696 ) ) ;
#1399 = CARTESIAN_POINT ( 'NONE',  ( 2.112797067290656194, -2.521069383201720360, -3.293761868281809058 ) ) ;
#1400 = CARTESIAN_POINT ( 'NONE',  ( -3.103776263492489917, -4.019041354999757232, -3.801029666355608083E-16 ) ) ;
#1401 = CARTESIAN_POINT ( 'NONE',  ( 0.4735110043645565092, -3.690108713078632974, -3.949575142117782267 ) ) ;
#1402 = CARTESIAN_POINT ( 'NONE',  ( -3.912926827974163579, -5.592337379658224528, -0.04414111583220562546 ) ) ;
#1403 = CARTESIAN_POINT ( 'NONE',  ( -1.764536171373322818E-12, -2.015658470365554678, 3.939300700376658249 ) ) ;
#1404 = CARTESIAN_POINT ( 'NONE',  ( 3.775174178391953905, -2.968231476831797000, 0.9781533916455639188 ) ) ;
#1405 = CARTESIAN_POINT ( 'NONE',  ( 2.263489784646150138, -7.100364814705031336, 2.263489784646151026 ) ) ;
#1406 = CARTESIAN_POINT ( 'NONE',  ( 3.573062669414305947, -6.310065052553284204, -1.562708705138339704 ) ) ;
#1407 = CARTESIAN_POINT ( 'NONE',  ( 2.263489784646151026, -3.348092087432311015, -2.263489784646150582 ) ) ;
#1408 = CARTESIAN_POINT ( 'NONE',  ( 0.05699412793870058114, -2.017367242683368200, 3.936086967055314467 ) ) ;
#1409 = CARTESIAN_POINT ( 'NONE',  ( -3.217722169855541381, -6.798053327082829611, -2.050762366973135187 ) ) ;
#1410 = SECURITY_CLASSIFICATION ( '', '', #2393 ) ;
#1411 = CARTESIAN_POINT ( 'NONE',  ( -1.285626222910277949, -6.434935917727525378, -3.103776263492488585 ) ) ;
#1412 = ORIENTED_EDGE ( 'NONE', *, *, #760, .F. ) ;
#1413 = FACE_OUTER_BOUND ( 'NONE', #3555, .T. ) ;
#1414 = AXIS2_PLACEMENT_3D ( 'NONE', #3869, #2789, #929 ) ;
#1415 = CARTESIAN_POINT ( 'NONE',  ( 1.342947972890070618, -4.967650831325448380, -3.739581160797318837 ) ) ;
#1416 = CARTESIAN_POINT ( 'NONE',  ( 3.909110390544403568, -2.695486222763946227, -0.1925365863467722316 ) ) ;
#1417 = CARTESIAN_POINT ( 'NONE',  ( 3.124247862723067648, -3.833481926612480439, -2.460968322973969169 ) ) ;
#1418 = CARTESIAN_POINT ( 'NONE',  ( 3.218728859820246591, -6.055771128353798716, -2.226663964775593474 ) ) ;
#1419 = CARTESIAN_POINT ( 'NONE',  ( 0.1339890789189821241, -2.408189102671602022, 3.198252481766471700 ) ) ;
#1420 = EDGE_CURVE ( 'NONE', #1776, #4676, #273, .T. ) ;
#1421 = CARTESIAN_POINT ( 'NONE',  ( -2.730703400783212054, -2.199165979777596203, 2.783912956664229998 ) ) ;
#1422 = CARTESIAN_POINT ( 'NONE',  ( 0.5349757789916721462, -3.812666652023551261, -3.863095673496062421 ) ) ;
#1423 = EDGE_LOOP ( 'NONE', ( #3345, #4454, #2453, #549 ) ) ;
#1424 = CARTESIAN_POINT ( 'NONE',  ( -7.545109532298677504E-16, -3.098295454545463734, 4.107366323934855679 ) ) ;
#1425 = CARTESIAN_POINT ( 'NONE',  ( 1.692010181297066262, -4.904504157921310892, -3.600146461801061015 ) ) ;
#1426 = DIRECTION ( 'NONE',  ( 1.000000000000000000, -4.802718242948642635E-32, 1.224646799147353207E-16 ) ) ;
#1427 = CARTESIAN_POINT ( 'NONE',  ( -1.285626222910279948, -2.648018627727032115, 3.103776263492488585 ) ) ;
#1428 = CARTESIAN_POINT ( 'NONE',  ( -2.533140502779373193, -3.440028152205240719, -2.983680767216833729 ) ) ;
#1429 = CARTESIAN_POINT ( 'NONE',  ( -1.418090148981272725, -5.811126783024633369, -3.647233369657783442 ) ) ;
#1430 = CARTESIAN_POINT ( 'NONE',  ( -1.285058584842530438, -1.997286053601450950, 3.764608412731201170 ) ) ;
#1431 = CARTESIAN_POINT ( 'NONE',  ( 3.848908103980335671, -2.847621364587159309, 1.003498480947265348 ) ) ;
#1432 = CARTESIAN_POINT ( 'NONE',  ( 3.201057951739541885, -5.873660269250487787, 1.325921617552761278 ) ) ;
#1433 = CARTESIAN_POINT ( 'NONE',  ( 1.856690248294799783, -6.582879620678211197, 3.429663770417344715 ) ) ;
#1434 = CARTESIAN_POINT ( 'NONE',  ( -3.606679287451338922, -2.108063058773948395, -1.093861809877837432 ) ) ;
#1435 = CARTESIAN_POINT ( 'NONE',  ( 2.263489784646150138, -5.734862458022247367, 2.263489784646151026 ) ) ;
#1436 = CARTESIAN_POINT ( 'NONE',  ( -1.352998583885646866, -2.000124463048833956, 3.730752394859239818 ) ) ;
#1437 = CARTESIAN_POINT ( 'NONE',  ( 3.103776263492489917, -4.486640463182074434, 0.000000000000000000 ) ) ;
#1438 = VERTEX_POINT ( 'NONE', #3258 ) ;
#1439 = CARTESIAN_POINT ( 'NONE',  ( 0.000000000000000000, 0.4738549290423901272, 1.734723475976807094E-15 ) ) ;
#1440 = CARTESIAN_POINT ( 'NONE',  ( 3.065140013149886933, -5.354648740552670816, 2.411210894855783771 ) ) ;
#1441 = CARTESIAN_POINT ( 'NONE',  ( 3.898849105740602727, -2.719533626555351802, 0.3422733697105575512 ) ) ;
#1442 = CARTESIAN_POINT ( 'NONE',  ( -3.972982699903982784, -3.387501406331238307, -0.1783488345061700064 ) ) ;
#1443 = CARTESIAN_POINT ( 'NONE',  ( 3.899995858387154790, -6.164325451826954350, -0.7635199896543385378 ) ) ;
#1444 = CARTESIAN_POINT ( 'NONE',  ( -3.138113692475134465E-15, -4.147362458022250564, -3.201057951739542329 ) ) ;
#1445 = CARTESIAN_POINT ( 'NONE',  ( -3.354036935907160011, -3.598580598046960954, -1.989199538419305302 ) ) ;
#1446 = CARTESIAN_POINT ( 'NONE',  ( 3.934601542778798589, -3.929696746351563075, -0.5839166509296708218 ) ) ;
#1447 = EDGE_LOOP ( 'NONE', ( #4110, #4015, #3907 ) ) ;
#1448 = CARTESIAN_POINT ( 'NONE',  ( 2.904346580471597328, -1.799431818181829401, 2.904346580471598660 ) ) ;
#1449 = CARTESIAN_POINT ( 'NONE',  ( 3.723149703355755680, -5.070437147706591929, 1.206739768531417845 ) ) ;
#1450 = CARTESIAN_POINT ( 'NONE',  ( -2.853466094451192703, -2.265782426525691395, -2.677858272879094059 ) ) ;
#1451 = CARTESIAN_POINT ( 'NONE',  ( -5.880248061724518771E-16, -4.935592087432308261, 3.201057951739542329 ) ) ;
#1452 = CARTESIAN_POINT ( 'NONE',  ( 1.701326837008341863, -0.7170454545454667539, 4.107366323934854790 ) ) ;
#1453 = ADVANCED_FACE ( 'NONE', ( #1751 ), #3544, .T. ) ;
#1454 = CARTESIAN_POINT ( 'NONE',  ( 3.899161857139749721, -3.993439368754749808, 0.7872807181224666939 ) ) ;
#1455 = CARTESIAN_POINT ( 'NONE',  ( 3.912113094277266612, -6.163645505714040240, -0.09602478846508177845 ) ) ;
#1456 = CARTESIAN_POINT ( 'NONE',  ( 0.1339890789189821241, -2.408189102671602022, 3.198252481766471700 ) ) ;
#1457 = CARTESIAN_POINT ( 'NONE',  ( 0.3912545087204380989, -3.072679182997381186, 3.958288773068287636 ) ) ;
#1458 = VERTEX_POINT ( 'NONE', #3815 ) ;
#1459 = CARTESIAN_POINT ( 'NONE',  ( 3.594688440355808368, -6.459127243850120159, 1.512230348877184216 ) ) ;
#1460 = CARTESIAN_POINT ( 'NONE',  ( -1.270510245227425061, -2.193474195219196510, -3.377426024125876225 ) ) ;
#1461 = CARTESIAN_POINT ( 'NONE',  ( -5.880248061724518771E-16, -5.879180639840428491, 3.201057951739542329 ) ) ;
#1462 = CARTESIAN_POINT ( 'NONE',  ( -0.2904477392022074000, -6.909790714452474170, -3.693050194637279571 ) ) ;
#1463 = CARTESIAN_POINT ( 'NONE',  ( 2.194701243201382823, -5.785504099545708989, 2.194701243201384155 ) ) ;
#1464 = CARTESIAN_POINT ( 'NONE',  ( 0.4034228234394854895, -2.038092410298646406, 3.878928941472386427 ) ) ;
#1465 = VECTOR ( 'NONE', #1973, 1000.000000000000000 ) ;
#1466 = CARTESIAN_POINT ( 'NONE',  ( -0.9635829926535787182, -5.526155905084078945, 3.854795841557104641 ) ) ;
#1467 = CARTESIAN_POINT ( 'NONE',  ( 3.786215702457415677, -2.657704157974272619, -0.9920338063007165808 ) ) ;
#1468 = CARTESIAN_POINT ( 'NONE',  ( 3.749730935907686913, -3.894709894788703330, -1.325240896185521322 ) ) ;
#1469 = CARTESIAN_POINT ( 'NONE',  ( 2.449913347558019705, -6.432622758783980821, 3.133956222586355533 ) ) ;
#1470 = CARTESIAN_POINT ( 'NONE',  ( 3.201057951739543217, -3.353612458022250387, 1.325921617552757725 ) ) ;
#1471 = VECTOR ( 'NONE', #532, 1000.000000000000000 ) ;
#1472 = CARTESIAN_POINT ( 'NONE',  ( 0.3501010646017345129, -3.804005171378162409, -3.883771863399527735 ) ) ;
#1473 = CARTESIAN_POINT ( 'NONE',  ( 2.575430555253166442, -4.197017387392482313, 3.025863423015917153 ) ) ;
#1474 = CARTESIAN_POINT ( 'NONE',  ( -1.701326837008340309, -2.448863636363646901, -4.107366323934855679 ) ) ;
#1475 = CARTESIAN_POINT ( 'NONE',  ( 3.891462894510830495, -5.032198303578874210, 0.4193237065161151134 ) ) ;
#1476 = CARTESIAN_POINT ( 'NONE',  ( 2.772778869314737271, -2.848266656344744074, 2.761235140544469058 ) ) ;
#1477 = CARTESIAN_POINT ( 'NONE',  ( -1.325921617552758836, -4.286160269250491872, -3.201057951739542773 ) ) ;
#1478 = CARTESIAN_POINT ( 'NONE',  ( 1.325921617552759946, -5.807021548931338373, 3.201057951739542329 ) ) ;
#1479 = CARTESIAN_POINT ( 'NONE',  ( 1.531203928804243386, -3.674018199353506375, -3.667304864665018371 ) ) ;
#1480 = CARTESIAN_POINT ( 'NONE',  ( 3.854915162667928552, -6.198720477252683381, 0.6726520375481426228 ) ) ;
#1481 = CARTESIAN_POINT ( 'NONE',  ( -3.063430350380933476, -2.030494531719999607, 2.531793369092188772 ) ) ;
#1482 = EDGE_CURVE ( 'NONE', #4712, #941, #2204, .T. ) ;
#1483 = CARTESIAN_POINT ( 'NONE',  ( 3.499950778313880129, -3.006559203466728558, 1.720207915154559730 ) ) ;
#1484 = CARTESIAN_POINT ( 'NONE',  ( 3.201057951739542329, -1.183319360159586608, 0.000000000000000000 ) ) ;
#1485 = CARTESIAN_POINT ( 'NONE',  ( 2.553115215377189440, -6.507428420545014802, 3.044515703633583037 ) ) ;
#1486 = CARTESIAN_POINT ( 'NONE',  ( -0.7500000000000012212, 0.4274562965667572101, -4.763139720814412392 ) ) ;
#1487 = CARTESIAN_POINT ( 'NONE',  ( -3.201057951739542773, -3.930885185294977102, -1.325921617552759280 ) ) ;
#1488 = CARTESIAN_POINT ( 'NONE',  ( -1.701326837008342974, -6.634090909090913257, 4.107366323934854790 ) ) ;
#1489 = VERTEX_POINT ( 'NONE', #1955 ) ;
#1490 = CARTESIAN_POINT ( 'NONE',  ( -3.103776263492489917, -3.837208645000257601, 1.285626222910277505 ) ) ;
#1491 = EDGE_CURVE ( 'NONE', #1458, #1290, #3215, .T. ) ;
#1492 = CARTESIAN_POINT ( 'NONE',  ( -0.5436877534071035134, -6.699448052132487952, 3.861603811908301598 ) ) ;
#1493 = CARTESIAN_POINT ( 'NONE',  ( -1.921432356702754252, -5.615267382746048419, 3.393610176480448715 ) ) ;
#1494 = CARTESIAN_POINT ( 'NONE',  ( 3.346481885807426337, -2.840846225504217948, 2.143369564986530307 ) ) ;
#1495 = CARTESIAN_POINT ( 'NONE',  ( -3.790075135863973710, -3.435731996166409008, -1.205025292473187681 ) ) ;
#1496 = CARTESIAN_POINT ( 'NONE',  ( 3.977607591204193493, -6.269118753329294691, 0.05145511231817791881 ) ) ;
#1497 = CARTESIAN_POINT ( 'NONE',  ( -1.325921617552763943, -2.487703367113161868, 3.201057951739540552 ) ) ;
#1498 = CARTESIAN_POINT ( 'NONE',  ( -3.892534781733906435, -3.488994418497675554, 0.2352778145859675818 ) ) ;
#1499 = CARTESIAN_POINT ( 'NONE',  ( 2.775269348614652909, -4.185232018206007432, 2.843491755928961862 ) ) ;
#1500 = CARTESIAN_POINT ( 'NONE',  ( -1.133303046202337017, -7.341078621717477937, 3.067276622667683750 ) ) ;
#1501 = CARTESIAN_POINT ( 'NONE',  ( 1.668409372113918820, -5.321069705276194384, 3.611267738606983357 ) ) ;
#1502 = DIRECTION ( 'NONE',  ( 0.000000000000000000, -1.000000000000000000, 0.000000000000000000 ) ) ;
#1503 = CARTESIAN_POINT ( 'NONE',  ( 1.325921617552759946, -3.708887541977765157, 3.201057951739542329 ) ) ;
#1504 = CARTESIAN_POINT ( 'NONE',  ( 2.263489784646150582, -7.755317003476789317, -2.263489784646150582 ) ) ;
#1505 = CARTESIAN_POINT ( 'NONE',  ( 3.201421656452872355, -3.972146422267213595, 2.251502262895668682 ) ) ;
#1506 = CARTESIAN_POINT ( 'NONE',  ( 0.6179094575913399723, -5.907469057294009396, -3.864271079602817238 ) ) ;
#1507 = CONICAL_SURFACE ( 'NONE', #2126, 3.250000000000002220, 0.5125491481694451901 ) ;
#1508 = CARTESIAN_POINT ( 'NONE',  ( 2.583792665705186398, -3.041970855792859751, 3.018522702469007779 ) ) ;
#1509 = CARTESIAN_POINT ( 'NONE',  ( 3.201057951739541885, -3.564569360159582700, 1.325921617552761278 ) ) ;
#1510 = CARTESIAN_POINT ( 'NONE',  ( -1.729619551718505344, -6.719417324163169170, 3.577137766871076430 ) ) ;
#1511 = CARTESIAN_POINT ( 'NONE',  ( -3.215220544136264014, -7.069090976854312203, 1.490177312289360012 ) ) ;
#1512 = CARTESIAN_POINT ( 'NONE',  ( -5.880248061724518771E-16, -4.724635185294975948, 3.201057951739542329 ) ) ;
#1513 = CARTESIAN_POINT ( 'NONE',  ( -0.5810730686822623836, -6.900375391911881096, -3.667904935003730493 ) ) ;
#1514 = PLANE ( 'NONE',  #2790 ) ;
#1515 = CARTESIAN_POINT ( 'NONE',  ( -0.4413006349508918902, -5.418784873553299519, 3.953039488954524838 ) ) ;
#1516 = CARTESIAN_POINT ( 'NONE',  ( 2.898601829803237884, -2.568396467329664201, -2.630107407584425516 ) ) ;
#1517 = CARTESIAN_POINT ( 'NONE',  ( -2.554730598065218405, -3.219837963070568243, 3.047989548859536768 ) ) ;
#1518 = CARTESIAN_POINT ( 'NONE',  ( 3.813619493683305439, -6.319185620633637868, 1.131198932058251838 ) ) ;
#1519 = ORIENTED_EDGE ( 'NONE', *, *, #3118, .F. ) ;
#1520 = CARTESIAN_POINT ( 'NONE',  ( -3.201057951739543217, -2.776339730749525003, -1.325921617552758169 ) ) ;
#1521 = CARTESIAN_POINT ( 'NONE',  ( -1.886644096449813901, -3.694864439427599123, -3.412927460183812212 ) ) ;
#1522 = CARTESIAN_POINT ( 'NONE',  ( 3.132138782797297516, -4.078775717616792917, 2.451635160162075611 ) ) ;
#1523 = CARTESIAN_POINT ( 'NONE',  ( -4.107366323934856567, -3.314772727272735864, 1.701326837008339643 ) ) ;
#1524 = CARTESIAN_POINT ( 'NONE',  ( 1.415358526759734392, -5.334110059815871274, 3.717530556168414435 ) ) ;
#1525 = DIRECTION ( 'NONE',  ( 1.000000000000000000, 0.000000000000000000, 0.000000000000000000 ) ) ;
#1526 = CARTESIAN_POINT ( 'NONE',  ( 3.201057951739542773, -4.574796632886854120, -1.325921617552759058 ) ) ;
#1527 = B_SPLINE_CURVE_WITH_KNOTS ( 'NONE', 3,
 ( #302, #3289, #3371, #4800 ),
 .UNSPECIFIED., .F., .F.,
 ( 4, 4 ),
 ( 0.002598307151460992840, 0.005196383362814307842 ),
 .UNSPECIFIED. ) ;
#1528 = CARTESIAN_POINT ( 'NONE',  ( 1.325921617552759280, -6.528612458022245768, -3.201057951739542773 ) ) ;
#1529 = CARTESIAN_POINT ( 'NONE',  ( 3.888059543915161509, -3.919252288298708642, -0.8406717388030992000 ) ) ;
#1530 = CARTESIAN_POINT ( 'NONE',  ( 1.762794013423581108, -5.215637992804797562, 3.493702555300704393 ) ) ;
#1531 = CARTESIAN_POINT ( 'NONE',  ( -3.306715261244537629, -3.602973016064922707, -2.067710467820716769 ) ) ;
#1532 = CARTESIAN_POINT ( 'NONE',  ( -2.887040203784357661, -7.406648369057180048, -1.371938797268984711 ) ) ;
#1533 = CARTESIAN_POINT ( 'NONE',  ( -0.3231567563695352252, -2.218689807800203084, -3.546425259564696564 ) ) ;
#1534 = CARTESIAN_POINT ( 'NONE',  ( -1.325921617552760834, -4.796794276204066954, 3.201057951739541885 ) ) ;
#1535 = CARTESIAN_POINT ( 'NONE',  ( -2.904346580471598660, -5.551704545454549944, 2.904346580471597772 ) ) ;
#1536 = ORIENTED_EDGE ( 'NONE', *, *, #2555, .T. ) ;
#1537 = ORIENTED_EDGE ( 'NONE', *, *, #3986, .T. ) ;
#1538 = CARTESIAN_POINT ( 'NONE',  ( -0.9054398942165615694, -2.098731023865938905, 3.793272819278742602 ) ) ;
#1539 = CARTESIAN_POINT ( 'NONE',  ( 3.283004995829048145, -5.303938217934833332, 2.238210974962010269 ) ) ;
#1540 = CARTESIAN_POINT ( 'NONE',  ( 1.383204457478232285, -3.025873649669328813, 3.728683772342908487 ) ) ;
#1541 = CARTESIAN_POINT ( 'NONE',  ( -3.532598984237843798, -6.663001298542115869, 1.685179466706060891 ) ) ;
#1542 = CARTESIAN_POINT ( 'NONE',  ( 1.764074418517355927E-15, -5.301907912567701331, -3.201057951739542329 ) ) ;
#1543 = ADVANCED_FACE ( 'NONE', ( #1930, #1246 ), #3077, .T. ) ;
#1544 = CARTESIAN_POINT ( 'NONE',  ( 3.738055739071756367, -4.024286450358870226, -1.110351788125702788 ) ) ;
#1545 = CARTESIAN_POINT ( 'NONE',  ( 2.105156184137840114, -4.259943274418692027, 3.282970539829461298 ) ) ;
#1546 = CARTESIAN_POINT ( 'NONE',  ( 1.142382307807083608, -6.501548688722733615, 3.809372818762812418 ) ) ;
#1547 = CARTESIAN_POINT ( 'NONE',  ( 3.305548417931259308, -5.153435389724760896, 2.206029963303349550 ) ) ;
#1548 = FACE_OUTER_BOUND ( 'NONE', #2854, .T. ) ;
#1549 = AXIS2_PLACEMENT_3D ( 'NONE', #47, #4540, #3035 ) ;
#1550 = CARTESIAN_POINT ( 'NONE',  ( 1.960082687241506503E-16, -5.512864814705033645, -3.201057951739542329 ) ) ;
#1551 = ORIENTED_EDGE ( 'NONE', *, *, #3482, .F. ) ;
#1552 = ADVANCED_FACE ( 'NONE', ( #3861 ), #505, .F. ) ;
#1553 = CARTESIAN_POINT ( 'NONE',  ( 1.960082687241506503E-16, -4.147362458022250564, -3.201057951739542329 ) ) ;
#1554 = CARTESIAN_POINT ( 'NONE',  ( 3.632315678925901903, -3.880323525922998673, -1.621644277663336631 ) ) ;
#1555 = CARTESIAN_POINT ( 'NONE',  ( 2.415035327451461544, -5.178877781905722344, 3.079070448396911353 ) ) ;
#1556 = CARTESIAN_POINT ( 'NONE',  ( -3.437952323505991004, -3.590388782305866222, -1.840982065849188221 ) ) ;
#1557 = DIRECTION ( 'NONE',  ( 0.000000000000000000, -4.430672865838491544E-16, 1.000000000000000000 ) ) ;
#1558 = CARTESIAN_POINT ( 'NONE',  ( 0.000000000000000000, 5.722886414021193247, 2.058521631565233228E-15 ) ) ;
#1559 = CARTESIAN_POINT ( 'NONE',  ( -1.325921617552758836, -2.920657912567706127, -3.201057951739542773 ) ) ;
#1560 = CARTESIAN_POINT ( 'NONE',  ( -4.107366323934855679, -2.304545454545464001, -1.701326837008341197 ) ) ;
#1561 = CARTESIAN_POINT ( 'NONE',  ( -3.972512962874146680, -2.215301057558329401, 0.1998601426574790063 ) ) ;
#1562 = CARTESIAN_POINT ( 'NONE',  ( -2.854787823712884087, -5.911789898263076992, -2.763821346163631620 ) ) ;
#1563 = CARTESIAN_POINT ( 'NONE',  ( 0.3770631968934015088, -2.530402686204682006, -3.959216247622902696 ) ) ;
#1564 = CARTESIAN_POINT ( 'NONE',  ( -3.639316733291420913, -6.675907085969930321, 1.440111304043927953 ) ) ;
#1565 = CALENDAR_DATE ( 2026, 3, 1 ) ;
#1566 = CARTESIAN_POINT ( 'NONE',  ( -3.899368417366390727, -4.656157318567073489, -0.04932951663683646237 ) ) ;
#1567 = CARTESIAN_POINT ( 'NONE',  ( -3.510324888579178015, -4.570986378684553486, 1.698886077729647948 ) ) ;
#1568 = CARTESIAN_POINT ( 'NONE',  ( -2.341439521125771694, -5.860830503143577452, -3.214837074593144717 ) ) ;
#1569 = CARTESIAN_POINT ( 'NONE',  ( -3.906741923612806922, -5.601227053122896038, -0.2391068849832658494 ) ) ;
#1570 = DIRECTION ( 'NONE',  ( 0.000000000000000000, -2.312964634635754100E-15, 1.000000000000000000 ) ) ;
#1571 = CARTESIAN_POINT ( 'NONE',  ( 4.499999999999999112, 0.3511044742336487112, 2.598076211353318676 ) ) ;
#1572 = CARTESIAN_POINT ( 'NONE',  ( -2.263489784646150582, -2.848498821658616009, -2.263489784646150582 ) ) ;
#1573 = CARTESIAN_POINT ( 'NONE',  ( -3.968803712604358935, -4.458220555822565601, 0.2068225102802944415 ) ) ;
#1574 = CARTESIAN_POINT ( 'NONE',  ( -2.401605577555619320, -4.269549769593341537, 3.089435560401528225 ) ) ;
#1575 = CARTESIAN_POINT ( 'NONE',  ( -2.194701243201383267, -6.362776826818435261, -2.194701243201384155 ) ) ;
#1576 = CARTESIAN_POINT ( 'NONE',  ( -2.996700071031059398, -3.627891793738826642, -2.495919217287587699 ) ) ;
#1577 = AXIS2_PLACEMENT_3D ( 'NONE', #2479, #3632, #4050 ) ;
#1578 = DIRECTION ( 'NONE',  ( 0.000000000000000000, 1.000000000000000000, 0.000000000000000000 ) ) ;
#1579 = DIRECTION ( 'NONE',  ( 0.000000000000000000, 0.000000000000000000, -1.000000000000000000 ) ) ;
#1580 = CARTESIAN_POINT ( 'NONE',  ( 1.325921617552759280, -3.064976094385888139, -3.201057951739542773 ) ) ;
#1581 = CARTESIAN_POINT ( 'NONE',  ( -2.904346580471598660, -2.088068181818191871, 2.904346580471597772 ) ) ;
#1582 = EDGE_LOOP ( 'NONE', ( #619, #1122, #2336, #4824, #2829, #3237, #2206, #2725, #2887 ) ) ;
#1583 = B_SPLINE_CURVE_WITH_KNOTS ( 'NONE', 3,
 ( #1867, #4865, #757, #2988, #1500, #4492, #2256, #3428, #2735, #1643 ),
 .UNSPECIFIED., .F., .F.,
 ( 4, 2, 2, 2, 4 ),
 ( 0.01999193523344296869, 0.02068851112174621698, 0.02138508701004946180, 0.02208166289835271009, 0.02277823878665595839 ),
 .UNSPECIFIED. ) ;
#1584 = CARTESIAN_POINT ( 'NONE',  ( -1.929928471952829572, -2.029123665069560545, 3.477954696033379367 ) ) ;
#1585 = CARTESIAN_POINT ( 'NONE',  ( -3.163435195383792475, -5.650226197881005774, 2.404235534883899739 ) ) ;
#1586 = CARTESIAN_POINT ( 'NONE',  ( -1.415167356796526388, -2.446981700258990866, -3.716797241646559780 ) ) ;
#1587 = CARTESIAN_POINT ( 'NONE',  ( -3.110315912499669544, -6.624390549800165395, 2.375727216512717010 ) ) ;
#1588 = VERTEX_POINT ( 'NONE', #1271 ) ;
#1589 = ORIENTED_EDGE ( 'NONE', *, *, #1115, .F. ) ;
#1590 = CARTESIAN_POINT ( 'NONE',  ( 2.185572245141281122, -5.409895980998808085, 3.229476480543762573 ) ) ;
#1591 = CARTESIAN_POINT ( 'NONE',  ( -3.969440210480526421, -4.607957829442735687, 0.1788431471973861153 ) ) ;
#1592 = CARTESIAN_POINT ( 'NONE',  ( 3.067586127786271710, -6.138462410965994209, -2.531137620433417279 ) ) ;
#1593 = CARTESIAN_POINT ( 'NONE',  ( -3.838735014055604022, -5.737578086804812294, -1.042866547862648430 ) ) ;
#1594 = CARTESIAN_POINT ( 'NONE',  ( -1.288378553833330836E-15, 0.3511044742336486002, -5.196152422706630247 ) ) ;
#1595 = EDGE_LOOP ( 'NONE', ( #3677, #4511 ) ) ;
#1596 = CARTESIAN_POINT ( 'NONE',  ( 3.201057951739542329, -0.9723624580222547387, 0.000000000000000000 ) ) ;
#1597 = CARTESIAN_POINT ( 'NONE',  ( 2.263489784646150138, -2.482182996523221163, 2.263489784646151026 ) ) ;
#1598 = CARTESIAN_POINT ( 'NONE',  ( -2.095719890760333382, -4.281388603548793803, 3.376467558651043532 ) ) ;
#1599 = CARTESIAN_POINT ( 'NONE',  ( 3.467712578738373796, -4.924262537135925655, -1.813424193975556875 ) ) ;
#1600 = CARTESIAN_POINT ( 'NONE',  ( 1.285626222910279060, -1.239481372272988935, 3.103776263492488585 ) ) ;
#1601 = ADVANCED_FACE ( 'NONE', ( #2392 ), #4717, .T. ) ;
#1602 = CARTESIAN_POINT ( 'NONE',  ( -3.811644484498101892, -3.431425407863582411, -1.136877852165426583 ) ) ;
#1603 = CARTESIAN_POINT ( 'NONE',  ( 0.1559150039182797820, -3.017316863710703068, 3.971071553090277373 ) ) ;
#1604 = FACE_OUTER_BOUND ( 'NONE', #1657, .T. ) ;
#1605 = FACE_OUTER_BOUND ( 'NONE', #3469, .T. ) ;
#1606 = CARTESIAN_POINT ( 'NONE',  ( -3.201057951739542329, -2.704180639840433553, -3.920165374483013007E-16 ) ) ;
#1607 = CARTESIAN_POINT ( 'NONE',  ( 4.107366323934855679, -3.892045454545461691, -1.701326837008340753 ) ) ;
#1608 = ORIENTED_EDGE ( 'NONE', *, *, #4603, .T. ) ;
#1609 = CARTESIAN_POINT ( 'NONE',  ( -3.373878966757614783, -2.327413061568689656, -2.106675691137012141 ) ) ;
#1610 = CARTESIAN_POINT ( 'NONE',  ( -3.352579313698405894, -5.792919204695235358, -2.140437103878292113 ) ) ;
#1611 = CARTESIAN_POINT ( 'NONE',  ( -3.975802870017071999, -2.229462062891728102, -0.09759095153779387410 ) ) ;
#1612 = CARTESIAN_POINT ( 'NONE',  ( -3.318671872004333778, -6.735884573413209786, 2.193340236483417360 ) ) ;
#1613 = ORIENTED_EDGE ( 'NONE', *, *, #1990, .F. ) ;
#1614 = DIRECTION ( 'NONE',  ( 1.000000000000000000, 0.000000000000000000, 0.000000000000000000 ) ) ;
#1615 = CARTESIAN_POINT ( 'NONE',  ( 0.2824405470307634336, -4.352790023420762822, 3.889214497250077063 ) ) ;
#1616 = CARTESIAN_POINT ( 'NONE',  ( -2.809366578387162416, -4.794962225004006484, -2.704884362930339403 ) ) ;
#1617 = CARTESIAN_POINT ( 'NONE',  ( -3.973188538051889207, -5.680960107471610954, 0.1739773963032423820 ) ) ;
#1618 = CARTESIAN_POINT ( 'NONE',  ( -3.508107616124985118, -5.598741216947549226, 1.875444906532020006 ) ) ;
#1619 = FACE_OUTER_BOUND ( 'NONE', #2369, .T. ) ;
#1620 = CARTESIAN_POINT ( 'NONE',  ( 0.000000000000000000, 0.9662187481069707262, -3.479169280656358332 ) ) ;
#1621 = CARTESIAN_POINT ( 'NONE',  ( 1.960082687241506503E-16, -3.203773905614129003, -3.201057951739542329 ) ) ;
#1622 = TOROIDAL_SURFACE ( 'NONE', #2087, 8.743105441705637304, 6.109691365970316035 ) ;
#1623 = CARTESIAN_POINT ( 'NONE',  ( 0.5140625284827530228, -4.123945983579129226, 3.880048812445631601 ) ) ;
#1624 = CARTESIAN_POINT ( 'NONE',  ( 0.3813054248063603713, -4.741808054504551784, -3.894594323899584154 ) ) ;
#1625 = CLOSED_SHELL ( 'NONE', ( #3700, #1634 ) ) ;
#1626 = CARTESIAN_POINT ( 'NONE',  ( -2.194701243201384155, -6.183814082272481194, 2.194701243201383267 ) ) ;
#1627 = ADVANCED_FACE ( 'NONE', ( #3550 ), #1507, .T. ) ;
#1628 = CARTESIAN_POINT ( 'NONE',  ( -3.895297689282283038, -3.490941525111345811, 0.1906504978495325575 ) ) ;
#1629 = CARTESIAN_POINT ( 'NONE',  ( -3.329599763502455456, -3.273175440730195618, 2.176747998703345122 ) ) ;
#1630 = CARTESIAN_POINT ( 'NONE',  ( 0.000000000000000000, 0.4738549290423901272, 1.734723475976807094E-15 ) ) ;
#1631 = DIRECTION ( 'NONE',  ( 0.000000000000000000, 0.000000000000000000, 1.000000000000000000 ) ) ;
#1632 = CARTESIAN_POINT ( 'NONE',  ( 1.701326837008340975, -4.902272727272731778, -4.107366323934855679 ) ) ;
#1633 = ORIENTED_EDGE ( 'NONE', *, *, #906, .T. ) ;
#1634 = ADVANCED_FACE ( 'NONE', ( #2508 ), #187, .T. ) ;
#1635 = CARTESIAN_POINT ( 'NONE',  ( -3.894601332866770349, -2.335929947239507420, 0.2013484071172285672 ) ) ;
#1636 = CARTESIAN_POINT ( 'NONE',  ( 0.03003704474432679697, -2.417027649759089236, -3.913738650309707801 ) ) ;
#1637 = CARTESIAN_POINT ( 'NONE',  ( -2.236103537064418223, -5.865892907081763141, -3.289473993829271858 ) ) ;
#1638 = CARTESIAN_POINT ( 'NONE',  ( -1.600209674054223319, -2.012606493997920243, 3.641098512174193669 ) ) ;
#1639 = CARTESIAN_POINT ( 'NONE',  ( -0.6413741394968905940, -6.516648648064764515, 3.921973695806876048 ) ) ;
#1640 = CC_DESIGN_PERSON_AND_ORGANIZATION_ASSIGNMENT ( #899, #873, ( #1651 ) ) ;
#1641 = CARTESIAN_POINT ( 'NONE',  ( -3.776362180066429541, -4.608444579259171725, 0.9724232446942102648 ) ) ;
#1642 = CARTESIAN_POINT ( 'NONE',  ( -3.649946235052342391, -4.720096425990859323, -1.374021978633427121 ) ) ;
#1643 = CARTESIAN_POINT ( 'NONE',  ( -2.421189880596188004, -7.401782957351137782, 2.093946411084480097 ) ) ;
#1644 = CARTESIAN_POINT ( 'NONE',  ( -0.1937926394338045921, -5.310447457655183001, 3.909111524152256045 ) ) ;
#1645 = CARTESIAN_POINT ( 'NONE',  ( 3.201057951739542773, -2.265705723795949478, -1.325921617552759058 ) ) ;
#1646 = CARTESIAN_POINT ( 'NONE',  ( 9.463864897535699331E-16, -1.877249545191257640, 5.196152422706633800 ) ) ;
#1647 = CARTESIAN_POINT ( 'NONE',  ( -1.325921617552758836, -1.977069360159585898, -3.201057951739542773 ) ) ;
#1648 = CARTESIAN_POINT ( 'NONE',  ( -3.973554645460323886, -4.469914291004772444, -0.06463813383471529728 ) ) ;
#1649 = CARTESIAN_POINT ( 'NONE',  ( -1.377833223954967767, -3.504116585523353145, -3.662635808167173490 ) ) ;
#1650 = CARTESIAN_POINT ( 'NONE',  ( -2.194701243201384155, -2.610504099545714496, 2.194701243201383267 ) ) ;
#1651 = PRODUCT_DEFINITION_FORMATION_WITH_SPECIFIED_SOURCE ( 'ANY', '', #2765, .NOT_KNOWN. ) ;
#1652 = CARTESIAN_POINT ( 'NONE',  ( -0.2568628547212947200, -3.738725146373358843, -3.965080884153990848 ) ) ;
#1653 = CARTESIAN_POINT ( 'NONE',  ( -2.144644306135739864, -3.100129270743869014, 3.273945224998607628 ) ) ;
#1654 = CARTESIAN_POINT ( 'NONE',  ( 1.740976732699835106, -6.979586419550340537, -3.185770603013743152 ) ) ;
#1655 = CARTESIAN_POINT ( 'NONE',  ( 1.803450703009314759, -2.278107889322768198, -2.948777818567854148 ) ) ;
#1656 = CARTESIAN_POINT ( 'NONE',  ( 1.701326837008341863, -1.871590909090919297, 4.107366323934854790 ) ) ;
#1657 = EDGE_LOOP ( 'NONE', ( #3157, #3272, #4365 ) ) ;
#1658 = ORIENTED_EDGE ( 'NONE', *, *, #1996, .T. ) ;
#1659 = CARTESIAN_POINT ( 'NONE',  ( -1.781188090543658786, -2.546085350867028918, -3.469260287191406000 ) ) ;
#1660 = CARTESIAN_POINT ( 'NONE',  ( -3.938279258170148012, -2.181999968256043143, -0.5319841321222319452 ) ) ;
#1661 = CARTESIAN_POINT ( 'NONE',  ( -3.781636366127944626, -5.713539565950390475, 1.219503659125493966 ) ) ;
#1662 = CARTESIAN_POINT ( 'NONE',  ( -1.352998583885646866, -2.000124463048833956, 3.730752394859239818 ) ) ;
#1663 = CARTESIAN_POINT ( 'NONE',  ( 4.499999999999999112, 0.4738549290423901272, 1.734723475976807094E-15 ) ) ;
#1664 = DIRECTION ( 'NONE',  ( 0.000000000000000000, 3.217316266628265970E-16, -1.000000000000000000 ) ) ;
#1665 = DATE_TIME_ROLE ( 'classification_date' ) ;
#1666 = CARTESIAN_POINT ( 'NONE',  ( -3.510876775992829213, -4.571080566082939889, 1.697010747308209000 ) ) ;
#1667 = CARTESIAN_POINT ( 'NONE',  ( -2.464613590897774653, -4.780812709815277728, -3.116672532075116298 ) ) ;
#1668 = CARTESIAN_POINT ( 'NONE',  ( -3.144061129961391199, -4.656038294433485270, -2.435487040911465062 ) ) ;
#1669 = CARTESIAN_POINT ( 'NONE',  ( -3.732007400151194698, -5.624691735758767130, 1.377037913312102457 ) ) ;
#1670 = CARTESIAN_POINT ( 'NONE',  ( 1.325921617552759946, -1.399796632886859626, 3.201057951739542329 ) ) ;
#1671 = CARTESIAN_POINT ( 'NONE',  ( -3.201057951739542329, -3.858726094385886984, -3.920165374483013007E-16 ) ) ;
#1672 = CARTESIAN_POINT ( 'NONE',  ( 1.701326837008340975, -3.747727272727281012, -4.107366323934855679 ) ) ;
#1673 = CARTESIAN_POINT ( 'NONE',  ( -2.498137971112137201, -4.275272913430343102, 3.012817570905107267 ) ) ;
#1674 = CARTESIAN_POINT ( 'NONE',  ( 2.401358688310129885, -4.025143655593788061, 3.089958992262307191 ) ) ;
#1675 = CARTESIAN_POINT ( 'NONE',  ( -3.103776263492489917, -2.682663190454805058, 1.285626222910277505 ) ) ;
#1676 = CARTESIAN_POINT ( 'NONE',  ( 3.230191992433443904, -3.923597691599045589, -2.313788147096627945 ) ) ;
#1677 = CARTESIAN_POINT ( 'NONE',  ( 2.390402428674046398, -2.871260875933100198, 3.099370217159199470 ) ) ;
#1678 = CARTESIAN_POINT ( 'NONE',  ( 0.2296251195974612358, -6.925964200715373664, -3.676876708376442870 ) ) ;
#1679 = CARTESIAN_POINT ( 'NONE',  ( 3.170322533290106826, -2.391937836110445748, 0.6838248168123330917 ) ) ;
#1680 = ORIENTED_EDGE ( 'NONE', *, *, #3267, .T. ) ;
#1681 = CARTESIAN_POINT ( 'NONE',  ( -1.566493634078588659, -2.438313548532352826, -3.656259130569269100 ) ) ;
#1682 = CARTESIAN_POINT ( 'NONE',  ( -3.833628904225798273, -2.163419372333688528, -0.7895407123623390255 ) ) ;
#1683 = CARTESIAN_POINT ( 'NONE',  ( 1.358799371728711902, -6.040225125693226005, -3.738385586817912554 ) ) ;
#1684 = CARTESIAN_POINT ( 'NONE',  ( 2.263489784646147029, -4.791273905614125361, 2.263489784646154579 ) ) ;
#1685 = DIRECTION ( 'NONE',  ( 0.000000000000000000, -1.000000000000000000, 0.000000000000000000 ) ) ;
#1686 = DIRECTION ( 'NONE',  ( -1.000000000000000000, -0.000000000000000000, 0.000000000000000000 ) ) ;
#1687 = CARTESIAN_POINT ( 'NONE',  ( 2.571521399506786043, -6.541647401309894860, 2.931704655183744013 ) ) ;
#1688 = CARTESIAN_POINT ( 'NONE',  ( 0.5643225800009561421, -4.847195957537749678, -3.937324016575994179 ) ) ;
#1689 = CARTESIAN_POINT ( 'NONE',  ( -3.837877816685590471, -4.582279167185792979, -1.042619990911080041 ) ) ;
#1690 = CARTESIAN_POINT ( 'NONE',  ( -1.071824522266308088, -5.860810257967721704, -3.826801867915879729 ) ) ;
#1691 = CARTESIAN_POINT ( 'NONE',  ( -2.263489784646147918, -6.312135185294973638, -2.263489784646153247 ) ) ;
#1692 = EDGE_CURVE ( 'NONE', #266, #1054, #636, .T. ) ;
#1693 = CARTESIAN_POINT ( 'NONE',  ( -3.364144790756455450, -2.246947375057646301, 1.972196932201832897 ) ) ;
#1694 = CARTESIAN_POINT ( 'NONE',  ( 2.904346580471597328, -4.108522727272734265, 2.904346580471598660 ) ) ;
#1695 = CARTESIAN_POINT ( 'NONE',  ( -3.875454157048839221, -4.507515677272714960, -0.8797717777381114379 ) ) ;
#1696 = CARTESIAN_POINT ( 'NONE',  ( 2.884674691771223376, -3.722060719406131035, -2.644162966639432621 ) ) ;
#1697 = B_SPLINE_CURVE_WITH_KNOTS ( 'NONE', 3,
 ( #4154, #4528, #3411, #1878, #3740, #1900, #839, #2625, #3093, #2651, #1511, #791, #1948, #1163, #1974, #4200, #1191, #4130, #4575, #3466 ),
 .UNSPECIFIED., .F., .F.,
 ( 4, 2, 2, 2, 2, 2, 2, 2, 2, 4 ),
 ( 0.000000000000000000, 0.0008016328456198361287, 0.001202449268429754085, 0.001603265691239671824, 0.002404898536859507302, 0.003206531382479343214, 0.004008164228099178258, 0.004809797073719013737, 0.005611429919338849215, 0.006413062764958684693 ),
 .UNSPECIFIED. ) ;
#1698 = CARTESIAN_POINT ( 'NONE',  ( 3.103776263492489917, -1.023004099545716583, 0.000000000000000000 ) ) ;
#1699 = EDGE_CURVE ( 'NONE', #798, #4676, #2225, .T. ) ;
#1700 = AXIS2_PLACEMENT_3D ( 'NONE', #1439, #4455, #405 ) ;
#1701 = CARTESIAN_POINT ( 'NONE',  ( -0.2532658277790478807, -3.656215923921834587, -3.969503266384721840 ) ) ;
#1702 = CARTESIAN_POINT ( 'NONE',  ( 2.433271817825044536, -2.969956974287193852, 3.147143647546077894 ) ) ;
#1703 = CARTESIAN_POINT ( 'NONE',  ( 0.000000000000000000, 5.111917277360396916, 0.002530093853911775242 ) ) ;
#1704 = CONICAL_SURFACE ( 'NONE', #442, 4.499999999999999112, 1.396263401595466691 ) ;
#1705 = DIRECTION ( 'NONE',  ( 0.000000000000000000, 0.000000000000000000, 1.000000000000000000 ) ) ;
#1706 = CIRCLE ( 'NONE', #3655, 3.968750000000000000 ) ;
#1707 = CARTESIAN_POINT ( 'NONE',  ( 3.379374229815943487, -2.698594577418643059, -2.097843633064303770 ) ) ;
#1708 = CARTESIAN_POINT ( 'NONE',  ( -3.644966910511274527, -2.233536580389066994, -1.583404456442218500 ) ) ;
#1709 = CARTESIAN_POINT ( 'NONE',  ( 3.973271236966178677, -6.346739077118205508, -0.02616212915660441271 ) ) ;
#1710 = CARTESIAN_POINT ( 'NONE',  ( -3.201057951739541885, -5.296387541977762403, -1.325921617552762166 ) ) ;
#1711 = LINE ( 'NONE', #1734, #3450 ) ;
#1712 = CARTESIAN_POINT ( 'NONE',  ( 3.893537004993933515, -6.395600899611168622, 0.2151804303661996598 ) ) ;
#1713 = CARTESIAN_POINT ( 'NONE',  ( 3.736691475830608677, -5.129671396370405922, -1.350977715126288059 ) ) ;
#1714 = CARTESIAN_POINT ( 'NONE',  ( 2.951155530889738365, -5.246813122969053111, 2.665930019824516606 ) ) ;
#1715 = CARTESIAN_POINT ( 'NONE',  ( -3.353491351834834600, -5.690746093154939622, -2.018227184787418249 ) ) ;
#1716 = CARTESIAN_POINT ( 'NONE',  ( -2.263489784646149694, -6.023498821658610503, 2.263489784646151914 ) ) ;
#1717 = CARTESIAN_POINT ( 'NONE',  ( -3.763492475208641164, -2.393080085781361888, -1.020693552356510381 ) ) ;
#1718 = VERTEX_POINT ( 'NONE', #1365 ) ;
#1719 = CARTESIAN_POINT ( 'NONE',  ( 2.904346580471598216, -7.283522727272728758, -2.904346580471597772 ) ) ;
#1720 = CARTESIAN_POINT ( 'NONE',  ( -0.7083384876968844557, -4.723757644414785517, -3.910400747889347883 ) ) ;
#1721 = CARTESIAN_POINT ( 'NONE',  ( 2.960086375213337728, -3.990345022077846693, 2.559410113384986918 ) ) ;
#1722 = CARTESIAN_POINT ( 'NONE',  ( 3.103776263492488585, -3.369609536817940398, -1.285626222910278171 ) ) ;
#1723 = EDGE_CURVE ( 'NONE', #289, #1932, #3936, .T. ) ;
#1724 = CARTESIAN_POINT ( 'NONE',  ( 3.169281070897243424, -3.961704703584445042, -2.272518565392420697 ) ) ;
#1725 = CARTESIAN_POINT ( 'NONE',  ( -1.652810519224180430, -3.522318847932816244, -3.614030779133229565 ) ) ;
#1726 = CARTESIAN_POINT ( 'NONE',  ( 1.772373542661932255, -7.231577156584753752, 2.904387773227211866 ) ) ;
#1727 = CARTESIAN_POINT ( 'NONE',  ( -2.249999999999999112, -1.999999999999999112, 3.897114317029975794 ) ) ;
#1728 = LOCAL_TIME ( 17, 23, 45.00000000000000000, #4634 ) ;
#1729 = CARTESIAN_POINT ( 'NONE',  ( -3.060471454774219779, -2.352168140743442493, -2.540601539617559634 ) ) ;
#1730 = CARTESIAN_POINT ( 'NONE',  ( -0.7680471373118513689, -2.380017400856687892, -3.837943773157904470 ) ) ;
#1731 = CARTESIAN_POINT ( 'NONE',  ( -0.7494032231201049887, -6.062552675541192038, -3.827154741866069632 ) ) ;
#1732 = CIRCLE ( 'NONE', #3208, 6.109691365970316035 ) ;
#1733 = CARTESIAN_POINT ( 'NONE',  ( -1.325921617552760834, -7.316842087432306130, 3.201057951739541885 ) ) ;
#1734 = CARTESIAN_POINT ( 'NONE',  ( 0.000000000000000000, -7.500000000000000000, 3.102840909090909260 ) ) ;
#1735 = CARTESIAN_POINT ( 'NONE',  ( -3.709517523164392649, -6.688987610862052513, 1.281589390687042584 ) ) ;
#1736 = CARTESIAN_POINT ( 'NONE',  ( -1.025451051894658017, -5.568316324776709791, 3.762240104990029366 ) ) ;
#1737 = CARTESIAN_POINT ( 'NONE',  ( 3.240307418240002235, -5.078937812428187648, -2.299894253153702550 ) ) ;
#1738 = CARTESIAN_POINT ( 'NONE',  ( 2.650402578053719260, -4.957270284004157368, -2.965374438673424429 ) ) ;
#1739 = CARTESIAN_POINT ( 'NONE',  ( 0.8254898872334971438, -5.948095952901829797, -3.887347382431137532 ) ) ;
#1740 = AXIS2_PLACEMENT_3D ( 'NONE', #401, #1211, #77 ) ;
#1741 = CARTESIAN_POINT ( 'NONE',  ( -2.908024219059098581, -7.401782957351366043, -1.337971282113586735 ) ) ;
#1742 = CARTESIAN_POINT ( 'NONE',  ( 3.147580471596654217, -3.039132715232515380, 2.301837043872063671 ) ) ;
#1743 = ORIENTED_EDGE ( 'NONE', *, *, #4093, .F. ) ;
#1744 = CARTESIAN_POINT ( 'NONE',  ( -4.107366323934856567, -6.778409090909092605, 1.701326837008339643 ) ) ;
#1745 = CARTESIAN_POINT ( 'NONE',  ( -3.619754027778487426, -4.613664017812933338, -1.649925873367181772 ) ) ;
#1746 = CARTESIAN_POINT ( 'NONE',  ( 2.310353484171120630, -3.686929572088838203, -3.158476131853610092 ) ) ;
#1747 = CARTESIAN_POINT ( 'NONE',  ( 3.103776263492488585, -1.204836809545216436, 1.285626222910280392 ) ) ;
#1748 = EDGE_CURVE ( 'NONE', #1931, #628, #4802, .T. ) ;
#1749 = CARTESIAN_POINT ( 'NONE',  ( -2.918730651705325752, -3.415880069218712567, -2.607719863261784177 ) ) ;
#1750 = CARTESIAN_POINT ( 'NONE',  ( 3.491335361089872524, -7.088469903989023990, -0.6073162316721919529 ) ) ;
#1751 = FACE_OUTER_BOUND ( 'NONE', #2296, .T. ) ;
#1752 = ADVANCED_FACE ( 'NONE', ( #1758 ), #4000, .T. ) ;
#1753 = CARTESIAN_POINT ( 'NONE',  ( 0.5347413014914335072, -2.619446881507137004, -3.937238943824173720 ) ) ;
#1754 = CARTESIAN_POINT ( 'NONE',  ( -3.201057951739542773, -6.306614814705033822, 1.325921617552758169 ) ) ;
#1755 = CARTESIAN_POINT ( 'NONE',  ( 3.891732075921702894, -6.227536991891708062, -0.8223745041630077246 ) ) ;
#1756 = FACE_OUTER_BOUND ( 'NONE', #1241, .T. ) ;
#1757 = DIRECTION ( 'NONE',  ( 1.000000000000000000, -0.000000000000000000, 0.000000000000000000 ) ) ;
#1758 = FACE_OUTER_BOUND ( 'NONE', #1423, .T. ) ;
#1759 = ORIENTED_EDGE ( 'NONE', *, *, #1049, .T. ) ;
#1760 = CARTESIAN_POINT ( 'NONE',  ( 3.870321093885994213, -6.407629229710633645, 0.4762234955084130861 ) ) ;
#1761 = CARTESIAN_POINT ( 'NONE',  ( -1.514710664929362682, -4.869413460865786192, -3.593620587497458274 ) ) ;
#1762 = CARTESIAN_POINT ( 'NONE',  ( 3.747821416812426421, -5.173825558605877895, 1.330479812251143645 ) ) ;
#1763 = CARTESIAN_POINT ( 'NONE',  ( -1.800504718130234272, -5.790887911408622912, -3.475283478911928015 ) ) ;
#1764 = CARTESIAN_POINT ( 'NONE',  ( 0.3058618461307063274, -2.081085360210771729, 3.804016643021435051 ) ) ;
#1765 = CARTESIAN_POINT ( 'NONE',  ( 0.8351083111141853754, -2.672563508935067222, -3.808972550577593541 ) ) ;
#1766 = ORIENTED_EDGE ( 'NONE', *, *, #3001, .T. ) ;
#1767 = CARTESIAN_POINT ( 'NONE',  ( 2.515036510766225999E-16, -8.293750000000001066, -4.107366323934855679 ) ) ;
#1768 = CARTESIAN_POINT ( 'NONE',  ( 1.693387740731094659, -4.837000810534702211, -3.595275782802606734 ) ) ;
#1769 = CARTESIAN_POINT ( 'NONE',  ( 3.689771432412219720, -2.642037945243212338, -1.303218573912666711 ) ) ;
#1770 = CARTESIAN_POINT ( 'NONE',  ( -3.103776263492488585, -4.091200445908848238, -1.285626222910278837 ) ) ;
#1771 = CARTESIAN_POINT ( 'NONE',  ( -0.06628062024885503223, -3.598253991670662177, -3.973489890302280614 ) ) ;
#1772 = CARTESIAN_POINT ( 'NONE',  ( -2.894763915838689528, -5.726669082250682941, -2.633338449475587595 ) ) ;
#1773 = CARTESIAN_POINT ( 'NONE',  ( -4.500000000000000888, -1.999999999999999112, -2.598076211353314680 ) ) ;
#1774 = AXIS2_PLACEMENT_3D ( 'NONE', #4081, #383, #4424 ) ;
#1775 = CARTESIAN_POINT ( 'NONE',  ( 3.883389578109910811, -2.762051766538228925, -0.8610259574408594130 ) ) ;
#1776 = VERTEX_POINT ( 'NONE', #4727 ) ;
#1777 = CARTESIAN_POINT ( 'NONE',  ( -1.004817402184971842, -6.050027160716058283, -3.768328846646599395 ) ) ;
#1778 = EDGE_CURVE ( 'NONE', #628, #1253, #3801, .T. ) ;
#1779 = CARTESIAN_POINT ( 'NONE',  ( -1.288378553833330836E-15, 0.3511044742336486002, -5.196152422706630247 ) ) ;
#1780 = CARTESIAN_POINT ( 'NONE',  ( 0.000000000000000000, 6.000000000000007994, -1.836970198721030674E-16 ) ) ;
#1781 = CARTESIAN_POINT ( 'NONE',  ( 0.000000000000000000, 0.4738549290423901272, 1.734723475976807094E-15 ) ) ;
#1782 = AXIS2_PLACEMENT_3D ( 'NONE', #2783, #4261, #2030 ) ;
#1783 = CARTESIAN_POINT ( 'NONE',  ( 3.103776263492489917, -3.332095008636622335, 0.000000000000000000 ) ) ;
#1784 = CARTESIAN_POINT ( 'NONE',  ( 1.715147663024731095, -6.590560183300102182, 3.502093330308048369 ) ) ;
#1785 = CARTESIAN_POINT ( 'NONE',  ( 2.708254891968170153, -5.042793625379008660, -2.907391572143106284 ) ) ;
#1786 = CARTESIAN_POINT ( 'NONE',  ( 1.842609779990163066, -2.506072761243739233, -3.452940236232612481 ) ) ;
#1787 = CARTESIAN_POINT ( 'NONE',  ( 3.458893078822430578, -4.052292635170680946, 1.962839103312398636 ) ) ;
#1788 = CARTESIAN_POINT ( 'NONE',  ( -1.834324795870447833, -5.889578365242362779, -3.529859297838116916 ) ) ;
#1789 = CARTESIAN_POINT ( 'NONE',  ( -1.325921617552759280, -6.384294276204065532, -3.201057951739543217 ) ) ;
#1790 = CARTESIAN_POINT ( 'NONE',  ( 0.3280288561941461789, -2.648436980476454039, -3.885628216081786324 ) ) ;
#1791 = ORIENTED_EDGE ( 'NONE', *, *, #3009, .F. ) ;
#1792 = CARTESIAN_POINT ( 'NONE',  ( 2.904346580471597328, -2.953977272727281722, 2.904346580471598660 ) ) ;
#1793 = CARTESIAN_POINT ( 'NONE',  ( 0.3779420941787089427, -4.741640221527879895, -3.895556288509015364 ) ) ;
#1794 = CARTESIAN_POINT ( 'NONE',  ( -2.053527759446857726, -2.313297386965196267, -3.331015748474992932 ) ) ;
#1795 = CARTESIAN_POINT ( 'NONE',  ( 2.194701243201382823, -4.740632264090663739, 2.194701243201384155 ) ) ;
#1796 = CARTESIAN_POINT ( 'NONE',  ( -3.955507479199504406, -3.295664235575243683, 0.3836309871639900781 ) ) ;
#1797 = CARTESIAN_POINT ( 'NONE',  ( 3.646081133225480997, -6.235962689238783163, 1.420928347035466999 ) ) ;
#1798 = CARTESIAN_POINT ( 'NONE',  ( -1.352998583885646866, -2.000124463048833956, 3.730752394859239818 ) ) ;
#1799 = CARTESIAN_POINT ( 'NONE',  ( 3.806217399433753812, -2.882663053575616363, -0.8499504554425882930 ) ) ;
#1800 = CARTESIAN_POINT ( 'NONE',  ( -3.201057951739542329, -6.378773905614123940, -3.920165374483013007E-16 ) ) ;
#1801 = CARTESIAN_POINT ( 'NONE',  ( -0.1801732559020573776, -6.644370504463914529, 3.969325162989800315 ) ) ;
#1802 = DIRECTION ( 'NONE',  ( -0.000000000000000000, 1.000000000000000000, -0.000000000000000000 ) ) ;
#1803 = CARTESIAN_POINT ( 'NONE',  ( 2.263489784646150582, -5.446226094385884231, -2.263489784646150582 ) ) ;
#1804 = DIRECTION ( 'NONE',  ( 0.000000000000000000, 1.000000000000000000, 0.000000000000000000 ) ) ;
#1805 = CARTESIAN_POINT ( 'NONE',  ( 3.103776263492488585, -4.414481372272983428, -1.285626222910278171 ) ) ;
#1806 = LINE ( 'NONE', #4111, #674 ) ;
#1807 = AXIS2_PLACEMENT_3D ( 'NONE', #3060, #3918, #3083 ) ;
#1808 = CARTESIAN_POINT ( 'NONE',  ( 3.966499221292616451, -5.203389031089864503, 0.2331604299558112103 ) ) ;
#1809 = CARTESIAN_POINT ( 'NONE',  ( 3.559510079695700213, -2.717687607614479806, -1.775782724496672182 ) ) ;
#1810 = CARTESIAN_POINT ( 'NONE',  ( 1.224918784519748005, -3.725358508177156303, -3.783646935703941505 ) ) ;
#1811 = CARTESIAN_POINT ( 'NONE',  ( 2.445037332578065659, -6.365116654716024058, 3.132920298721196151 ) ) ;
#1812 = CARTESIAN_POINT ( 'NONE',  ( -3.201057951739542329, -5.013271548931339083, -1.960082687241506454E-15 ) ) ;
#1813 = CARTESIAN_POINT ( 'NONE',  ( 1.354294354555015456, -3.853174788882173907, -3.656917533678293974 ) ) ;
#1814 = CIRCLE ( 'NONE', #1577, 0.7500000000000001110 ) ;
#1815 = CARTESIAN_POINT ( 'NONE',  ( -1.052330360960232802, -3.701338842012091845, -3.831507063990174267 ) ) ;
#1816 = ORIENTED_EDGE ( 'NONE', *, *, #3365, .F. ) ;
#1817 = CARTESIAN_POINT ( 'NONE',  ( -4.500000000000000888, -1.999999999999999112, -2.598076211353314680 ) ) ;
#1818 = CARTESIAN_POINT ( 'NONE',  ( 3.789326289444572726, -4.988695685810516700, -1.197530386170848171 ) ) ;
#1819 = CARTESIAN_POINT ( 'NONE',  ( 2.581720544279825891, -2.859794908206114261, 2.940747435814585753 ) ) ;
#1820 = CARTESIAN_POINT ( 'NONE',  ( 1.900514833177804041E-16, -3.153132264090666936, -3.103776263492489917 ) ) ;
#1821 = B_SPLINE_CURVE_WITH_KNOTS ( 'NONE', 3,
 ( #1419, #4408, #2491, #3200, #2470, #2127, #1018, #2885, #1764, #606 ),
 .UNSPECIFIED., .F., .F.,
 ( 4, 3, 3, 4 ),
 ( 0.000000000000000000, 0.0002721554435636857261, 0.0005365172549974987293, 0.0007962261224297425893 ),
 .UNSPECIFIED. ) ;
#1822 = CARTESIAN_POINT ( 'NONE',  ( -3.448381117975887644, -3.476849866804603284, -1.982912718467954027 ) ) ;
#1823 = CARTESIAN_POINT ( 'NONE',  ( -2.322517913549925428, -5.761577211947471966, -3.149387748731780068 ) ) ;
#1824 = CARTESIAN_POINT ( 'NONE',  ( 0.000000000000000000, -7.500000000000000888, -1.555152491158895817E-15 ) ) ;
#1825 = CARTESIAN_POINT ( 'NONE',  ( 3.845873929154696391, -2.930126505193689113, 0.9985251977774018961 ) ) ;
#1826 = CARTESIAN_POINT ( 'NONE',  ( -3.201057951739542329, -7.533319360159575595, -3.920165374483013007E-16 ) ) ;
#1827 = CARTESIAN_POINT ( 'NONE',  ( -1.210182053006615632, -6.732152203505167520, 3.707275480701497372 ) ) ;
#1828 = CARTESIAN_POINT ( 'NONE',  ( -1.722183976501500791, -2.180697369743084923, -3.198242788607281728 ) ) ;
#1829 = CARTESIAN_POINT ( 'NONE',  ( -3.201057951739542773, -7.394521548931336952, -1.325921617552759280 ) ) ;
#1830 = CARTESIAN_POINT ( 'NONE',  ( -3.874020019607104182, -6.716330528206097661, 0.4240249688248827198 ) ) ;
#1831 = CARTESIAN_POINT ( 'NONE',  ( -2.194701243201384155, -6.074140463182072125, 2.194701243201383267 ) ) ;
#1832 = CARTESIAN_POINT ( 'NONE',  ( 0.6630463622905042875, -2.025807173262060612, 3.843199551106413203 ) ) ;
#1833 = CARTESIAN_POINT ( 'NONE',  ( 1.139910520614032974, -5.465989892490140001, 3.729695510898704658 ) ) ;
#1834 = CARTESIAN_POINT ( 'NONE',  ( 3.846908633122447352, -2.756395643541186935, -1.012996845153208758 ) ) ;
#1835 = CARTESIAN_POINT ( 'NONE',  ( 3.850895811191685780, -4.002628073586996571, 0.9938314665303770168 ) ) ;
#1836 = CARTESIAN_POINT ( 'NONE',  ( 3.209251527905637058, -6.383701754466117428, 2.350701416829526380 ) ) ;
#1837 = CARTESIAN_POINT ( 'NONE',  ( -2.249999999999998224, 0.4738549290423901272, 3.897114317029974906 ) ) ;
#1838 = CARTESIAN_POINT ( 'NONE',  ( -3.695261062708036448, -3.440159245786099440, 1.245728462063202535 ) ) ;
#1839 = CARTESIAN_POINT ( 'NONE',  ( 3.899629577135709013, -4.074680021820051401, -0.05161254341938135981 ) ) ;
#1840 = CARTESIAN_POINT ( 'NONE',  ( 1.701326837008340975, -2.593181818181827580, -4.107366323934855679 ) ) ;
#1841 = CARTESIAN_POINT ( 'NONE',  ( 3.976007247708640335, -5.106486178152120914, -0.1259094204350435231 ) ) ;
#1842 = CARTESIAN_POINT ( 'NONE',  ( -3.910190394892937071, -2.120061234130282024, 0.1551839576989602620 ) ) ;
#1843 = ADVANCED_FACE ( 'NONE', ( #2880 ), #4379, .F. ) ;
#1844 = CARTESIAN_POINT ( 'NONE',  ( -2.263489784646150582, -6.523092087432305952, -2.263489784646150582 ) ) ;
#1845 = CARTESIAN_POINT ( 'NONE',  ( 2.263489784646150582, -5.446226094385884231, -2.263489784646150582 ) ) ;
#1846 = CARTESIAN_POINT ( 'NONE',  ( 1.990007318468346220, -3.668722383518042474, -3.370269507365341255 ) ) ;
#1847 = CARTESIAN_POINT ( 'NONE',  ( -3.625889703948189879, -5.519693912361385735, 1.471929993819443672 ) ) ;
#1848 = CARTESIAN_POINT ( 'NONE',  ( 0.7499999999999990008, -1.953601367524366639, -4.763139720814411504 ) ) ;
#1849 = EDGE_CURVE ( 'NONE', #2654, #3882, #3924, .T. ) ;
#1850 = CARTESIAN_POINT ( 'NONE',  ( 1.185122496761192856, -3.117521498875800212, 3.792536153303353252 ) ) ;
#1851 = CARTESIAN_POINT ( 'NONE',  ( 4.107366323934855679, -8.510227272727272307, -1.701326837008340753 ) ) ;
#1852 = CARTESIAN_POINT ( 'NONE',  ( 3.275755705963817821, -6.376674337896706568, 2.256247586391867177 ) ) ;
#1853 = CARTESIAN_POINT ( 'NONE',  ( -1.325921617552762832, -3.853205723795946280, 3.201057951739540997 ) ) ;
#1854 = CARTESIAN_POINT ( 'NONE',  ( 1.325921617552759946, -3.497930639840433287, 3.201057951739542329 ) ) ;
#1855 = CARTESIAN_POINT ( 'NONE',  ( -3.422018977907609116, -2.034060731516315279, 1.880531454497187838 ) ) ;
#1856 = ORIENTED_EDGE ( 'NONE', *, *, #2793, .T. ) ;
#1857 = CARTESIAN_POINT ( 'NONE',  ( -1.285626222910277949, -4.125845008636620292, -3.103776263492488585 ) ) ;
#1858 = CARTESIAN_POINT ( 'NONE',  ( 9.078817316639868634E-16, -1.999999999999999112, 5.196152422706633800 ) ) ;
#1859 = AXIS2_PLACEMENT_3D ( 'NONE', #3719, #4803, #673 ) ;
#1860 = CARTESIAN_POINT ( 'NONE',  ( -1.225195156910289240, -5.456253859901201153, 3.784273119169852428 ) ) ;
#1861 = CARTESIAN_POINT ( 'NONE',  ( 3.434246267355467896, -2.796605963296779240, 1.877381166524799472 ) ) ;
#1862 = CARTESIAN_POINT ( 'NONE',  ( 3.970988147312278560, -3.966658885375951904, 0.2221090491581461657 ) ) ;
#1863 = CARTESIAN_POINT ( 'NONE',  ( 3.040945287024953370, -6.396138232717563099, 2.564392453644844583 ) ) ;
#1864 = CARTESIAN_POINT ( 'NONE',  ( 2.263489784646150582, -4.291680639840431688, -2.263489784646150582 ) ) ;
#1865 = CARTESIAN_POINT ( 'NONE',  ( 3.277952214945035081, -4.182768823779696277, 2.112154423412975213 ) ) ;
#1866 = CARTESIAN_POINT ( 'NONE',  ( 3.604329493616427182, -4.148823111397665464, 1.489125892312400667 ) ) ;
#1867 = CARTESIAN_POINT ( 'NONE',  ( 1.547833967359907580E-11, -7.298466263245726005, 3.304374645845181924 ) ) ;
#1868 = CARTESIAN_POINT ( 'NONE',  ( 2.781983080059335922, -5.190397179444704356, 2.837916545853871320 ) ) ;
#1869 = CARTESIAN_POINT ( 'NONE',  ( 0.000000000000000000, 0.4738549290423900162, 1.734723475976807094E-15 ) ) ;
#1870 = CARTESIAN_POINT ( 'NONE',  ( -2.263489784646151026, -3.925364814705036842, 2.263489784646150582 ) ) ;
#1871 = CARTESIAN_POINT ( 'NONE',  ( -2.263489784646150582, -7.466680639840426181, -2.263489784646150582 ) ) ;
#1872 = CARTESIAN_POINT ( 'NONE',  ( 3.970070950976032798, -3.968496626486756274, 0.2486175787876942767 ) ) ;
#1873 = CARTESIAN_POINT ( 'NONE',  ( 3.327824889668964836, -6.065266848230454144, -2.059003750330249183 ) ) ;
#1874 = CARTESIAN_POINT ( 'NONE',  ( -2.685308133209837855, -2.006125033809726510, 2.929795748144180756 ) ) ;
#1875 = CARTESIAN_POINT ( 'NONE',  ( -0.4058903088065335396, -3.190775572344220823, 3.952724828284210012 ) ) ;
#1876 = CARTESIAN_POINT ( 'NONE',  ( -3.201057951739542773, -5.296387541977763291, -1.325921617552759280 ) ) ;
#1877 = CARTESIAN_POINT ( 'NONE',  ( 1.397128263104598922, -6.487894381937215904, 3.724291542206491279 ) ) ;
#1878 = CARTESIAN_POINT ( 'NONE',  ( -3.278729649585556682, -7.290902940743554161, -0.4861604464255563918 ) ) ;
#1879 = CARTESIAN_POINT ( 'NONE',  ( -2.263489784646150582, -4.003044276204068552, -2.263489784646150582 ) ) ;
#1880 = CARTESIAN_POINT ( 'NONE',  ( -4.107366323934855679, -6.850568181818183611, -5.030073021532451998E-16 ) ) ;
#1881 = FACE_OUTER_BOUND ( 'NONE', #325, .T. ) ;
#1882 = CARTESIAN_POINT ( 'NONE',  ( 1.865282584111171316, -5.427858986021593779, 3.424785750192335332 ) ) ;
#1883 = CARTESIAN_POINT ( 'NONE',  ( 1.599021548424791161, -2.492996408487379689, -3.572443358308281081 ) ) ;
#1884 = CARTESIAN_POINT ( 'NONE',  ( 1.938004482277775331, -3.762308100111567022, -3.473081396473345350 ) ) ;
#1885 = CARTESIAN_POINT ( 'NONE',  ( 3.913531617278982910, -6.170414540335643849, 0.05509292552667775095 ) ) ;
#1886 = VERTEX_POINT ( 'NONE', #1855 ) ;
#1887 = CARTESIAN_POINT ( 'NONE',  ( 3.201057951739542329, -3.281453367113160269, 3.136132299586410405E-15 ) ) ;
#1888 = CARTESIAN_POINT ( 'NONE',  ( -1.698867176218640695, -3.294055333584813727, 3.509914923047371182 ) ) ;
#1889 = CARTESIAN_POINT ( 'NONE',  ( 1.912259176286968287, -4.151891489869605323, 3.487751967352537008 ) ) ;
#1890 = CARTESIAN_POINT ( 'NONE',  ( -2.904346580471597772, -3.531250000000008438, -2.904346580471598216 ) ) ;
#1891 = CARTESIAN_POINT ( 'NONE',  ( 3.866633923521996863, -5.069300382192950316, -0.9342701550833190094 ) ) ;
#1892 = FACE_OUTER_BOUND ( 'NONE', #450, .T. ) ;
#1893 = CARTESIAN_POINT ( 'NONE',  ( 2.263489784646150138, -3.636728451068673262, 2.263489784646151026 ) ) ;
#1894 = CARTESIAN_POINT ( 'NONE',  ( 3.201057951739542329, -5.590544276204066243, 0.000000000000000000 ) ) ;
#1895 = CARTESIAN_POINT ( 'NONE',  ( 3.678180390067900873, -3.794830414853643141, -1.337708054740702535 ) ) ;
#1896 = CARTESIAN_POINT ( 'NONE',  ( -2.882828881025587098, -4.572739939352381100, -2.646299881714510693 ) ) ;
#1897 = AXIS2_PLACEMENT_3D ( 'NONE', #3235, #4822, #252 ) ;
#1898 = CARTESIAN_POINT ( 'NONE',  ( -3.368027221429579665, -3.564867437412801543, -2.108382055516918374 ) ) ;
#1899 = CARTESIAN_POINT ( 'NONE',  ( 2.552818511786383304, -6.424919721307822407, 3.050232334948821844 ) ) ;
#1900 = CARTESIAN_POINT ( 'NONE',  ( -3.358363741543395786, -7.245878219073248694, -0.09126682375941413961 ) ) ;
#1901 = CARTESIAN_POINT ( 'NONE',  ( 2.263489784646150582, -4.291680639840431688, -2.263489784646150582 ) ) ;
#1902 = CARTESIAN_POINT ( 'NONE',  ( 2.904346580471598216, -2.665340909090918586, -2.904346580471597772 ) ) ;
#1903 = ORIENTED_EDGE ( 'NONE', *, *, #2285, .F. ) ;
#1904 = CARTESIAN_POINT ( 'NONE',  ( 3.750000000000000000, 0.4274562965667573766, 3.031088913245537420 ) ) ;
#1905 = CARTESIAN_POINT ( 'NONE',  ( 0.3654974718273291123, -5.382945740154070791, 3.960734847909029632 ) ) ;
#1906 = CARTESIAN_POINT ( 'NONE',  ( -2.403044448818852263, -3.144191353705156011, 3.165230933550738701 ) ) ;
#1907 = CARTESIAN_POINT ( 'NONE',  ( -0.4124573792853747922, -3.109288359908623178, 3.981028437361781691 ) ) ;
#1908 = CARTESIAN_POINT ( 'NONE',  ( 3.819666026672499992, -6.207455343890707411, 0.8538468231239192408 ) ) ;
#1909 = ADVANCED_FACE ( 'NONE', ( #3264 ), #911, .T. ) ;
#1910 = CARTESIAN_POINT ( 'NONE',  ( -7.842312141854749087E-15, -4.724635185294975948, 3.201057951739542329 ) ) ;
#1911 = CARTESIAN_POINT ( 'NONE',  ( 0.6100663975152853524, -3.816244953300461429, -3.851446224104541738 ) ) ;
#1912 = CARTESIAN_POINT ( 'NONE',  ( 3.673845170046291297, -4.028215173989207365, 1.524445950933045246 ) ) ;
#1913 = CARTESIAN_POINT ( 'NONE',  ( 1.862793093061101191, -6.464553526048750776, 3.513982983083403511 ) ) ;
#1914 = CARTESIAN_POINT ( 'NONE',  ( 0.8765039172017962121, -5.261107202500944879, 3.814417390632698357 ) ) ;
#1915 = CARTESIAN_POINT ( 'NONE',  ( 0.000000000000000000, 6.000000000000007994, -1.836970198721030920E-16 ) ) ;
#1916 = CARTESIAN_POINT ( 'NONE',  ( 3.201057951739541885, -7.028205723795940330, 1.325921617552761278 ) ) ;
#1917 = CARTESIAN_POINT ( 'NONE',  ( 2.263489784646150582, -4.291680639840431688, -2.263489784646150582 ) ) ;
#1918 = CARTESIAN_POINT ( 'NONE',  ( 2.251925247053678802, -3.780370945325342902, -3.279045863218453150 ) ) ;
#1919 = CARTESIAN_POINT ( 'NONE',  ( -1.151350141755689727, -4.670199013997937243, -3.740137195569450679 ) ) ;
#1920 = CARTESIAN_POINT ( 'NONE',  ( -3.503005364766826002, -3.415617209999549431, 1.714251909608285329 ) ) ;
#1921 = CARTESIAN_POINT ( 'NONE',  ( 0.000000000000000000, 7.500000000000000000, 2.755455298081544383E-15 ) ) ;
#1922 = CARTESIAN_POINT ( 'NONE',  ( -2.250000000000000888, 0.4738549290423901272, -3.897114317029972241 ) ) ;
#1923 = CARTESIAN_POINT ( 'NONE',  ( 3.201057951739542329, -0.9723624580222547387, 0.000000000000000000 ) ) ;
#1924 = CARTESIAN_POINT ( 'NONE',  ( 1.701326837008341863, -3.026136363636372728, 4.107366323934854790 ) ) ;
#1925 = CARTESIAN_POINT ( 'NONE',  ( -3.729719430729902641, -2.289133955947765919, -1.382128126662785839 ) ) ;
#1926 = EDGE_CURVE ( 'NONE', #1253, #2363, #637, .T. ) ;
#1927 = CARTESIAN_POINT ( 'NONE',  ( -3.974332704301215990, -5.680667451322143791, 0.1596698824742573686 ) ) ;
#1928 = B_SPLINE_CURVE_WITH_KNOTS ( 'NONE', 3,
 ( #1128, #4095, #1072, #4067 ),
 .UNSPECIFIED., .F., .F.,
 ( 4, 4 ),
 ( 2.309401076756347911E-07, 0.002598307151460991105 ),
 .UNSPECIFIED. ) ;
#1929 = CARTESIAN_POINT ( 'NONE',  ( 0.3660735925569329474, -3.074731701124153727, 3.960114641788440970 ) ) ;
#1930 = FACE_BOUND ( 'NONE', #2660, .T. ) ;
#1931 = VERTEX_POINT ( 'NONE', #748 ) ;
#1932 = VERTEX_POINT ( 'NONE', #2577 ) ;
#1933 = COORDINATED_UNIVERSAL_TIME_OFFSET ( 6, 0, .BEHIND. ) ;
#1934 = AXIS2_PLACEMENT_3D ( 'NONE', #251, #984, #228 ) ;
#1935 = CARTESIAN_POINT ( 'NONE',  ( -2.582012661686056809, -4.499033186714243016, 2.922374715378955656 ) ) ;
#1936 = CARTESIAN_POINT ( 'NONE',  ( 2.775495201120669275, -4.102720273304107046, 2.849111202397129894 ) ) ;
#1937 = CARTESIAN_POINT ( 'NONE',  ( 3.619681804643215095, -6.187274362726598476, -1.647851835801406040 ) ) ;
#1938 = CARTESIAN_POINT ( 'NONE',  ( -3.872231456013471185, -5.564527087135948236, 0.5691127716999869746 ) ) ;
#1939 = CARTESIAN_POINT ( 'NONE',  ( 4.499999999999999112, 0.4738549290423902383, -0.8655648409910743357 ) ) ;
#1940 = AXIS2_PLACEMENT_3D ( 'NONE', #317, #737, #1100 ) ;
#1941 = CARTESIAN_POINT ( 'NONE',  ( -2.421189880596188004, -7.401782957351137782, 2.093946411084480097 ) ) ;
#1942 = CARTESIAN_POINT ( 'NONE',  ( 1.960082687241506503E-16, -1.838271548931344590, -3.201057951739542329 ) ) ;
#1943 = CARTESIAN_POINT ( 'NONE',  ( 3.478867276162034283, -3.946574220365874464, 1.793273092630081056 ) ) ;
#1944 = CARTESIAN_POINT ( 'NONE',  ( 3.726107536555828048, -5.069870953835851957, 1.195273724295769169 ) ) ;
#1945 = CARTESIAN_POINT ( 'NONE',  ( 1.900514833177804041E-16, -7.661640463182070704, -3.103776263492489917 ) ) ;
#1946 = CARTESIAN_POINT ( 'NONE',  ( -1.933942266595089610, -3.266689185043067489, 3.471121838200345255 ) ) ;
#1947 = DIRECTION ( 'NONE',  ( 0.000000000000000000, 0.000000000000000000, 1.000000000000000000 ) ) ;
#1948 = CARTESIAN_POINT ( 'NONE',  ( -2.874091439724416830, -6.982341097708962607, 2.217544216533546830 ) ) ;
#1949 = CARTESIAN_POINT ( 'NONE',  ( -2.263489784646150582, -1.693953367113163466, -2.263489784646150582 ) ) ;
#1950 = CARTESIAN_POINT ( 'NONE',  ( 4.107366323934855679, -6.201136363636366333, -1.701326837008340753 ) ) ;
#1951 = ORIENTED_EDGE ( 'NONE', *, *, #1293, .F. ) ;
#1952 = CARTESIAN_POINT ( 'NONE',  ( -3.510471875793738761, -2.314546648886753211, -1.870206510975116476 ) ) ;
#1953 = CARTESIAN_POINT ( 'NONE',  ( -3.786871018119873700, -5.631035079039957481, 1.216906974526176244 ) ) ;
#1954 = CARTESIAN_POINT ( 'NONE',  ( -0.9430588547014675527, -3.133773884771931861, 3.890287369000533957 ) ) ;
#1955 = CARTESIAN_POINT ( 'NONE',  ( -2.250000000000000888, -1.999999999999999112, -3.897114317029972241 ) ) ;
#1956 = ORIENTED_EDGE ( 'NONE', *, *, #3633, .T. ) ;
#1957 = EDGE_LOOP ( 'NONE', ( #1766, #2107 ) ) ;
#1958 = DATE_AND_TIME ( #3053, #3835 ) ;
#1959 = CARTESIAN_POINT ( 'NONE',  ( -1.632591973197512036, -4.863168119932512745, -3.541449671718533754 ) ) ;
#1960 = CARTESIAN_POINT ( 'NONE',  ( -2.928302985982897511, -4.520965026730297431, 2.575596423276833580 ) ) ;
#1961 = CARTESIAN_POINT ( 'NONE',  ( -3.097400540956751325, -5.814023045880214902, -2.494506579817839409 ) ) ;
#1962 = CARTESIAN_POINT ( 'NONE',  ( -3.881031521127311645, -5.613523643543508967, -0.5058459530258472281 ) ) ;
#1963 = CARTESIAN_POINT ( 'NONE',  ( -3.201057951739542773, -1.688432996523222540, 1.325921617552758169 ) ) ;
#1964 = EDGE_CURVE ( 'NONE', #3882, #2517, #2530, .T. ) ;
#1965 = CARTESIAN_POINT ( 'NONE',  ( 4.499999999999999112, -1.877249545191257640, -2.598076211353316456 ) ) ;
#1966 = CIRCLE ( 'NONE', #476, 3.309416156571634904 ) ;
#1967 = CARTESIAN_POINT ( 'NONE',  ( 1.325921617552759946, -3.708887541977765157, 3.201057951739542329 ) ) ;
#1968 = CARTESIAN_POINT ( 'NONE',  ( 1.791690441859881355, -4.059543470093808004, 3.479639617458983203 ) ) ;
#1969 = CARTESIAN_POINT ( 'NONE',  ( -1.024743958495548890, -4.195420938706618585, 3.776595429820439165 ) ) ;
#1970 = CARTESIAN_POINT ( 'NONE',  ( 3.103776263492488585, -1.095163190454808033, 1.285626222910280392 ) ) ;
#1971 = CARTESIAN_POINT ( 'NONE',  ( -3.575504581923215408, -3.295008841582424353, 1.742952333842715973 ) ) ;
#1972 = AXIS2_PLACEMENT_3D ( 'NONE', #4178, #129, #1631 ) ;
#1973 = DIRECTION ( 'NONE',  ( -0.000000000000000000, 1.000000000000000000, -0.000000000000000000 ) ) ;
#1974 = CARTESIAN_POINT ( 'NONE',  ( -2.378512586875777490, -6.902129165896123908, 2.847511375675515044 ) ) ;
#1975 = CARTESIAN_POINT ( 'NONE',  ( 3.103776263492489917, -7.950276826818433840, 0.000000000000000000 ) ) ;
#1976 = CARTESIAN_POINT ( 'NONE',  ( 1.701326837008341863, -6.489772727272729469, 4.107366323934854790 ) ) ;
#1977 = ORIENTED_EDGE ( 'NONE', *, *, #2344, .T. ) ;
#1978 = CARTESIAN_POINT ( 'NONE',  ( -3.698667455975646057, -2.286095702938057528, 1.236375538664115314 ) ) ;
#1979 = CARTESIAN_POINT ( 'NONE',  ( -2.455376971471887604, -5.853360979311557521, -3.129375163744061439 ) ) ;
#1980 = CARTESIAN_POINT ( 'NONE',  ( -3.099963774659939997, -3.254429362102715384, 2.491455855025128230 ) ) ;
#1981 = CARTESIAN_POINT ( 'NONE',  ( -3.802052326354101286, -6.701720357974346953, 0.9289535083220198386 ) ) ;
#1982 = ORIENTED_EDGE ( 'NONE', *, *, #3579, .F. ) ;
#1983 = DIRECTION ( 'NONE',  ( 0.000000000000000000, 0.000000000000000000, 1.000000000000000000 ) ) ;
#1984 = CARTESIAN_POINT ( 'NONE',  ( 3.856021882952241242, -5.204715349017736692, -0.5810586560572037484 ) ) ;
#1985 = CARTESIAN_POINT ( 'NONE',  ( -3.734317696777058160, -4.707335737994108094, -1.123961143891696102 ) ) ;
#1986 = CARTESIAN_POINT ( 'NONE',  ( -0.6693609293784994474, -6.584849021500290611, 3.920365054752887435 ) ) ;
#1987 = CARTESIAN_POINT ( 'NONE',  ( -1.007131536541525652, -5.379587691218393530, 3.844307320199899181 ) ) ;
#1988 = CARTESIAN_POINT ( 'NONE',  ( -1.325921617552760834, -1.544114814705041194, 3.201057951739541885 ) ) ;
#1989 = CARTESIAN_POINT ( 'NONE',  ( -2.263489784646151026, -1.405317003476800108, 2.263489784646150582 ) ) ;
#1990 = EDGE_CURVE ( 'NONE', #798, #865, #4604, .T. ) ;
#1991 = CARTESIAN_POINT ( 'NONE',  ( 3.201057951739542773, -2.265705723795949478, -1.325921617552759058 ) ) ;
#1992 = CARTESIAN_POINT ( 'NONE',  ( -3.666712903869026263, -4.394479887560334141, 1.532345386261595221 ) ) ;
#1993 = CARTESIAN_POINT ( 'NONE',  ( -2.965203871344242792, -4.304673726704993264, 2.553810506894644394 ) ) ;
#1994 = CARTESIAN_POINT ( 'NONE',  ( 1.285626222910278393, -7.843473173181568114, -3.103776263492488585 ) ) ;
#1995 = CARTESIAN_POINT ( 'NONE',  ( -3.853926256842819420, -3.333393902755626748, 0.9838936361835756150 ) ) ;
#1996 = EDGE_CURVE ( 'NONE', #4750, #2842, #1527, .T. ) ;
#1997 = CARTESIAN_POINT ( 'NONE',  ( -2.998256657444740014, -3.180480932406768435, 2.608556933852787196 ) ) ;
#1998 = CARTESIAN_POINT ( 'NONE',  ( 4.499999999999999112, -1.877249545191257640, 2.598076211353318676 ) ) ;
#1999 = CARTESIAN_POINT ( 'NONE',  ( 3.799884187581645886E-16, -7.500000000000000000, -3.102840909090909260 ) ) ;
#2000 = CARTESIAN_POINT ( 'NONE',  ( -4.107366323934856567, -3.314772727272734976, 1.701326837008339643 ) ) ;
#2001 = ORIENTED_EDGE ( 'NONE', *, *, #4216, .F. ) ;
#2002 = CARTESIAN_POINT ( 'NONE',  ( -1.688799696059575473, -2.016293016944660454, 3.601385852945487187 ) ) ;
#2003 = CARTESIAN_POINT ( 'NONE',  ( -3.977840737262872572, -2.225035105219133058, 0.01329261884791224646 ) ) ;
#2004 = CARTESIAN_POINT ( 'NONE',  ( -3.969991919758937726, -5.763180446154128056, 0.1632048588107485598 ) ) ;
#2005 = CARTESIAN_POINT ( 'NONE',  ( 0.000000000000000000, -1.999999999999999112, 1.734723475976807094E-15 ) ) ;
#2006 = CARTESIAN_POINT ( 'NONE',  ( 0.000000000000000000, 6.000000000000007994, -1.836970198721030674E-16 ) ) ;
#2007 = CARTESIAN_POINT ( 'NONE',  ( 3.114766864732763096, -5.350817941468871908, 2.346195958681275950 ) ) ;
#2008 = CARTESIAN_POINT ( 'NONE',  ( -3.804171288475707069, -4.669231370760563493, -1.147071628270178723 ) ) ;
#2009 = CARTESIAN_POINT ( 'NONE',  ( -1.664768217104837911, -6.634324993253282621, 3.602452686375506641 ) ) ;
#2010 = CARTESIAN_POINT ( 'NONE',  ( -0.1923133733271371049, -5.409147683821515784, 3.973270050656985131 ) ) ;
#2011 = ORIENTED_EDGE ( 'NONE', *, *, #464, .F. ) ;
#2012 = CARTESIAN_POINT ( 'NONE',  ( -2.263489784646150582, -1.904910269250495336, -2.263489784646150582 ) ) ;
#2013 = CIRCLE ( 'NONE', #1061, 1.000000000000000000 ) ;
#2014 = CARTESIAN_POINT ( 'NONE',  ( 1.325921617552759946, -3.497930639840433287, 3.201057951739542329 ) ) ;
#2015 = DESIGN_CONTEXT ( 'detailed design', #3956, 'design' ) ;
#2016 = CARTESIAN_POINT ( 'NONE',  ( -1.325921617552758836, -5.440705723795943527, -3.201057951739542773 ) ) ;
#2017 = CARTESIAN_POINT ( 'NONE',  ( -1.858577100083887990, -4.336050065058057790, 3.517231767723048463 ) ) ;
#2018 = CARTESIAN_POINT ( 'NONE',  ( -3.898126341265404360, -3.296855229647410734, -0.3430695649315520512 ) ) ;
#2019 = CARTESIAN_POINT ( 'NONE',  ( -3.103776263492489917, -1.600276826818442855, -3.801029666355608083E-16 ) ) ;
#2020 = CARTESIAN_POINT ( 'NONE',  ( 2.890517691553180502, -3.899288104001276789, -2.726291067072103669 ) ) ;
#2021 = CARTESIAN_POINT ( 'NONE',  ( -3.704374415315121016, -3.311920380347999515, 1.449437858452793604 ) ) ;
#2022 = DIRECTION ( 'NONE',  ( 0.000000000000000000, 0.000000000000000000, 1.000000000000000000 ) ) ;
#2023 = DIRECTION ( 'NONE',  ( -1.000000000000000000, 0.000000000000000000, 0.000000000000000000 ) ) ;
#2024 = CARTESIAN_POINT ( 'NONE',  ( -2.904346580471597772, -1.222159090909102686, -2.904346580471598216 ) ) ;
#2025 = VERTEX_POINT ( 'NONE', #1436 ) ;
#2026 = CARTESIAN_POINT ( 'NONE',  ( -2.486377867538526854, -2.387918290925435283, -3.104833601835817802 ) ) ;
#2027 = CARTESIAN_POINT ( 'NONE',  ( -3.745035347685325533, -2.220593847699219303, -1.330293262691137901 ) ) ;
#2028 = CARTESIAN_POINT ( 'NONE',  ( -1.532368663130864839, -5.986326285098135358, -3.666185982426760859 ) ) ;
#2029 = CARTESIAN_POINT ( 'NONE',  ( -2.421189880596188004, -7.401782957351137782, 2.093946411084480097 ) ) ;
#2030 = DIRECTION ( 'NONE',  ( 0.000000000000000000, 1.015892941693919779E-16, -1.000000000000000000 ) ) ;
#2031 = CARTESIAN_POINT ( 'NONE',  ( -3.267894543331382184, -6.637191506238330874, 2.154057686727396170 ) ) ;
#2032 = PERSON_AND_ORGANIZATION ( #477, #4782 ) ;
#2033 = CARTESIAN_POINT ( 'NONE',  ( 3.191368063834448154, -5.118069601139629832, -2.241032379716612510 ) ) ;
#2034 = CARTESIAN_POINT ( 'NONE',  ( -3.297536861648229678, -4.758330527545767019, -2.082047512881495255 ) ) ;
#2035 = CARTESIAN_POINT ( 'NONE',  ( -1.253918056139162518, -4.764193466310650216, -3.774126427754545432 ) ) ;
#2036 = CARTESIAN_POINT ( 'NONE',  ( -2.211189609346492890, -5.413007940100713178, 3.229647070049841862 ) ) ;
#2037 = CARTESIAN_POINT ( 'NONE',  ( -1.325921617552758836, -3.131614814705038441, -3.201057951739542773 ) ) ;
#2038 = CARTESIAN_POINT ( 'NONE',  ( 3.201057951739542773, -2.054748821658617164, -1.325921617552759058 ) ) ;
#2039 = CARTESIAN_POINT ( 'NONE',  ( 4.107366323934855679, -3.964204545454552697, 0.000000000000000000 ) ) ;
#2040 = CARTESIAN_POINT ( 'NONE',  ( -1.098487857712044935, -4.229513100128400538, 3.819210560737901883 ) ) ;
#2041 = CARTESIAN_POINT ( 'NONE',  ( -3.852465627641057377, -3.249794320595488006, 0.6873740150126640414 ) ) ;
#2042 = CARTESIAN_POINT ( 'NONE',  ( -1.285626222910277949, -7.699154991363386991, -3.103776263492488585 ) ) ;
#2043 = CARTESIAN_POINT ( 'NONE',  ( 0.8130863925741349529, -3.787097030717847979, -3.889262996801783334 ) ) ;
#2044 = CARTESIAN_POINT ( 'NONE',  ( -0.9166390067886621695, -3.035523983465256759, 3.805200274489804801 ) ) ;
#2045 = DIRECTION ( 'NONE',  ( -0.000000000000000000, 1.000000000000000000, -0.000000000000000000 ) ) ;
#2046 = CARTESIAN_POINT ( 'NONE',  ( 2.969171774143096965, -2.408189102671602466, 1.196156756460828419 ) ) ;
#2047 = VERTEX_POINT ( 'NONE', #2928 ) ;
#2048 = AXIS2_PLACEMENT_3D ( 'NONE', #2706, #2730, #4262 ) ;
#2049 = CARTESIAN_POINT ( 'NONE',  ( 2.639202835799713487, -2.770721970154439884, -2.871315355125797719 ) ) ;
#2050 = CARTESIAN_POINT ( 'NONE',  ( -2.898099562041751565, -2.297039876901906474, -2.719291808688400813 ) ) ;
#2051 = CARTESIAN_POINT ( 'NONE',  ( 3.896690959013775046, -6.383133746945222065, 0.7776919276849637575 ) ) ;
#2052 = EDGE_CURVE ( 'NONE', #4330, #2526, #3619, .T. ) ;
#2053 = CARTESIAN_POINT ( 'NONE',  ( -7.842312141854749087E-15, -4.935592087432308261, 3.201057951739542329 ) ) ;
#2054 = DIRECTION ( 'NONE',  ( -1.000000000000000000, -0.000000000000000000, 0.000000000000000000 ) ) ;
#2055 = DIRECTION ( 'NONE',  ( 0.000000000000000000, 2.668805347656624706E-16, -1.000000000000000000 ) ) ;
#2056 = CARTESIAN_POINT ( 'NONE',  ( -0.2637814078759678216, -5.531830694101089740, 3.890649523213741023 ) ) ;
#2057 = CARTESIAN_POINT ( 'NONE',  ( -3.895890477100089733, -4.646073029388238851, 0.1773171708470895613 ) ) ;
#2058 = ADVANCED_FACE ( 'NONE', ( #1114 ), #132, .T. ) ;
#2059 = CARTESIAN_POINT ( 'NONE',  ( 3.780917020391890038, -5.053840722662041429, -1.233702370613600996 ) ) ;
#2060 = CARTESIAN_POINT ( 'NONE',  ( 2.057325553428049680, -5.981567868456216353, -3.329630521715078562 ) ) ;
#2061 = CARTESIAN_POINT ( 'NONE',  ( 3.201057951739541885, -6.817248821658608904, 1.325921617552761278 ) ) ;
#2062 = CARTESIAN_POINT ( 'NONE',  ( -1.200058419185985326, -2.576572005060053350, -3.710207466179146873 ) ) ;
#2063 = CARTESIAN_POINT ( 'NONE',  ( -2.904346580471597772, -5.840340909090913080, -2.904346580471598216 ) ) ;
#2064 = CARTESIAN_POINT ( 'NONE',  ( -3.843889610177999128, -4.401947731204725933, 0.7374338185524556000 ) ) ;
#2065 = CARTESIAN_POINT ( 'NONE',  ( 1.639984162970544945, -3.649730840978902435, -3.552887239279097109 ) ) ;
#2066 = CARTESIAN_POINT ( 'NONE',  ( 3.103776263492489917, -2.177549554091169348, 0.000000000000000000 ) ) ;
#2067 = CARTESIAN_POINT ( 'NONE',  ( 2.056678519960507767, -3.850652964427598857, -3.399828376722567658 ) ) ;
#2068 = CARTESIAN_POINT ( 'NONE',  ( 0.9680003680769674324, -3.047215049388357411, 3.858358990968615121 ) ) ;
#2069 = CARTESIAN_POINT ( 'NONE',  ( -2.761979124922762985, -6.600583343337771858, 2.772196430141429246 ) ) ;
#2070 = CARTESIAN_POINT ( 'NONE',  ( 0.3112064543897083979, -2.427791965367040561, 3.149075238465445015 ) ) ;
#2071 = CARTESIAN_POINT ( 'NONE',  ( 2.270221105195389111, -2.708015691391913116, -3.261131620070404136 ) ) ;
#2072 = CARTESIAN_POINT ( 'NONE',  ( -3.967291170371650466, -2.213010776263754753, 0.2906619604477159724 ) ) ;
#2073 = CARTESIAN_POINT ( 'NONE',  ( 3.400280453702046568, -6.164104455051553799, -2.063813173075486063 ) ) ;
#2074 = CARTESIAN_POINT ( 'NONE',  ( 3.201057951739542329, -6.956046632886850212, 7.840330748966026013E-16 ) ) ;
#2075 = DIRECTION ( 'NONE',  ( 0.000000000000000000, -1.000000000000000000, 0.000000000000000000 ) ) ;
#2076 = CARTESIAN_POINT ( 'NONE',  ( -1.664768217104837911, -6.634324993253282621, 3.602452686375506641 ) ) ;
#2077 = CARTESIAN_POINT ( 'NONE',  ( -1.842813645874844086, -6.006356892701107952, -3.436603564978016223 ) ) ;
#2078 = CARTESIAN_POINT ( 'NONE',  ( 3.392952615736115618, -5.008900792035446692, -2.075775867553783627 ) ) ;
#2079 = CARTESIAN_POINT ( 'NONE',  ( -3.768331971982427309, -4.474679727576648780, 1.271504774815695571 ) ) ;
#2080 = CARTESIAN_POINT ( 'NONE',  ( -0.8060514497946180690, -5.941358893803545094, -3.895359621867641842 ) ) ;
#2081 = DIRECTION ( 'NONE',  ( 0.000000000000000000, 0.000000000000000000, -1.000000000000000000 ) ) ;
#2082 = CARTESIAN_POINT ( 'NONE',  ( 3.434395942282792102, -2.831138652875770934, -1.846773499891863457 ) ) ;
#2083 = CARTESIAN_POINT ( 'NONE',  ( -2.904346580471597772, -4.685795454545460537, -2.904346580471598216 ) ) ;
#2084 = CARTESIAN_POINT ( 'NONE',  ( -3.867721272560816992, -4.463395855900382792, -0.5993578165539820146 ) ) ;
#2085 = CARTESIAN_POINT ( 'NONE',  ( 3.870922490966457463, -3.832502688253942580, -0.5731926177728239313 ) ) ;
#2086 = CARTESIAN_POINT ( 'NONE',  ( -2.194701243201384155, -3.874723173181575220, 2.194701243201383267 ) ) ;
#2087 = AXIS2_PLACEMENT_3D ( 'NONE', #96, #3533, #4592 ) ;
#2088 = CARTESIAN_POINT ( 'NONE',  ( 0.8178773480097260018, -3.704591119725598070, -3.892539385678088326 ) ) ;
#2089 = CARTESIAN_POINT ( 'NONE',  ( 1.275438629473456764, -3.728621640884731470, -3.767922756541539187 ) ) ;
#2090 = CARTESIAN_POINT ( 'NONE',  ( 2.792780455356129288, -7.183847154670220725, 1.985432162039659554 ) ) ;
#2091 = AXIS2_PLACEMENT_3D ( 'NONE', #4377, #1802, #4079 ) ;
#2092 = DIRECTION ( 'NONE',  ( 0.000000000000000000, 0.000000000000000000, 1.000000000000000000 ) ) ;
#2093 = ORIENTED_EDGE ( 'NONE', *, *, #3152, .T. ) ;
#2094 = CARTESIAN_POINT ( 'NONE',  ( -2.882640075542863833, -2.446401278194975326, -2.734795767737588701 ) ) ;
#2095 = CARTESIAN_POINT ( 'NONE',  ( -1.570474551921613671, -2.439795144210116007, -3.654709620205683684 ) ) ;
#2096 = CARTESIAN_POINT ( 'NONE',  ( 3.641254656190719086, -6.271961288238959931, -1.590342797644875406 ) ) ;
#2097 = CARTESIAN_POINT ( 'NONE',  ( 9.800413436207532270E-16, -6.667410269250487076, -3.201057951739542329 ) ) ;
#2098 = DIRECTION ( 'NONE',  ( 0.000000000000000000, 0.000000000000000000, -1.000000000000000000 ) ) ;
#2099 = DIRECTION ( 'NONE',  ( 0.000000000000000000, 0.000000000000000000, 1.000000000000000000 ) ) ;
#2100 = CARTESIAN_POINT ( 'NONE',  ( 3.860153197646044809, -6.360573273040179387, -0.5534527419386823244 ) ) ;
#2101 = B_SPLINE_CURVE_WITH_KNOTS ( 'NONE', 3,
 ( #322, #4350, #1848, #2850 ),
 .UNSPECIFIED., .F., .F.,
 ( 4, 4 ),
 ( 0.002598307151460989804, 0.005196383362814306975 ),
 .UNSPECIFIED. ) ;
#2102 = CARTESIAN_POINT ( 'NONE',  ( 3.387271534569534115, -5.091406207437313647, -2.077031081131889945 ) ) ;
#2103 = CARTESIAN_POINT ( 'NONE',  ( 3.464726285308745268, -5.016540750816787408, -1.952442495891168583 ) ) ;
#2104 = CARTESIAN_POINT ( 'NONE',  ( -1.558940675547744403, -5.803784969381450942, -3.589995469664411853 ) ) ;
#2105 = CARTESIAN_POINT ( 'NONE',  ( -3.422018977907609116, -2.034060731516315279, 1.880531454497187838 ) ) ;
#2106 = CARTESIAN_POINT ( 'NONE',  ( 3.422478992532803410, -3.014647417217807046, 1.868777956849728472 ) ) ;
#2107 = ORIENTED_EDGE ( 'NONE', *, *, #732, .T. ) ;
#2108 = CARTESIAN_POINT ( 'NONE',  ( 1.701326837008341863, -4.180681818181825271, 4.107366323934854790 ) ) ;
#2109 = CARTESIAN_POINT ( 'NONE',  ( 1.183278388705968798, -4.878576630172613449, -3.797868513829998349 ) ) ;
#2110 = CARTESIAN_POINT ( 'NONE',  ( 2.599110452754693767, -4.013342278837232158, 2.925295672828319926 ) ) ;
#2111 = CARTESIAN_POINT ( 'NONE',  ( -5.701544499533412370E-16, -2.575859536817941109, 3.103776263492489917 ) ) ;
#2112 = CARTESIAN_POINT ( 'NONE',  ( -3.895736955711998295, -3.264473394992259081, 0.3763045177560425114 ) ) ;
#2113 = CARTESIAN_POINT ( 'NONE',  ( 1.121368457768171956, -6.956238660375272609, -3.477438103142114212 ) ) ;
#2114 = PLANE ( 'NONE',  #3693 ) ;
#2115 = ORIENTED_EDGE ( 'NONE', *, *, #821, .T. ) ;
#2116 = CARTESIAN_POINT ( 'NONE',  ( -0.0003996828895668825578, -2.633467220994165192, -3.899842478918103428 ) ) ;
#2117 = CARTESIAN_POINT ( 'NONE',  ( -1.325921617552758836, -7.749796632886849501, -3.201057951739542773 ) ) ;
#2118 = CARTESIAN_POINT ( 'NONE',  ( 2.719844755565897998, -6.198040823416643974, -2.896818054169151502 ) ) ;
#2119 = CARTESIAN_POINT ( 'NONE',  ( -3.803646643056774135, -2.065635597705935300, 0.6509150081479944117 ) ) ;
#2120 = DIRECTION ( 'NONE',  ( 0.000000000000000000, 0.000000000000000000, -1.000000000000000000 ) ) ;
#2121 = DIRECTION ( 'NONE',  ( -0.000000000000000000, -1.000000000000000000, -3.921717058577609625E-16 ) ) ;
#2122 = CARTESIAN_POINT ( 'NONE',  ( 1.162054452505745239, -6.152444007073675891, -3.722407711106577199 ) ) ;
#2123 = CARTESIAN_POINT ( 'NONE',  ( 3.931819357457686515, -5.167369639727692032, -0.5739103093708803893 ) ) ;
#2124 = CARTESIAN_POINT ( 'NONE',  ( 3.827759688239033675, -5.161363252664502355, 1.079692840693997624 ) ) ;
#2125 = CARTESIAN_POINT ( 'NONE',  ( 0.8145145194148513124, -5.916907699774192508, -3.828138618776422142 ) ) ;
#2126 = AXIS2_PLACEMENT_3D ( 'NONE', #3221, #2121, #2055 ) ;
#2127 = CARTESIAN_POINT ( 'NONE',  ( 0.2373324900067401988, -2.201278763737274602, 3.582388949798078759 ) ) ;
#2128 = CARTESIAN_POINT ( 'NONE',  ( 3.303779246441955753, -2.818646092216505750, -2.071683721026850833 ) ) ;
#2129 = ORIENTED_EDGE ( 'NONE', *, *, #2139, .T. ) ;
#2130 = CARTESIAN_POINT ( 'NONE',  ( -2.904346580471597772, -8.149431818181817277, -2.904346580471598216 ) ) ;
#2131 = CARTESIAN_POINT ( 'NONE',  ( 2.392230264425118769, -4.875384256916185599, -3.173478535971649084 ) ) ;
#2132 = CARTESIAN_POINT ( 'NONE',  ( -3.546301468014003699, -2.046447165507004673, 1.654371955092862834 ) ) ;
#2133 = CARTESIAN_POINT ( 'NONE',  ( -2.194701243201383267, -1.854268627727033714, -2.194701243201384155 ) ) ;
#2134 = ADVANCED_FACE ( 'NONE', ( #4828 ), #4199, .T. ) ;
#2135 = CARTESIAN_POINT ( 'NONE',  ( -2.573268407802351554, -3.471219600093310653, -3.028573759515801100 ) ) ;
#2136 = CARTESIAN_POINT ( 'NONE',  ( -3.617975052878693365, -6.673239048175934940, 1.491072729396169638 ) ) ;
#2137 = CARTESIAN_POINT ( 'NONE',  ( 0.000000000000000000, 0.4738549290423901272, 4.500000000000000888 ) ) ;
#2138 = APPLICATION_CONTEXT ( 'configuration controlled 3d designs of mechanical parts and assemblies' ) ;
#2139 = EDGE_CURVE ( 'NONE', #2603, #49, #1167, .T. ) ;
#2140 = CARTESIAN_POINT ( 'NONE',  ( 3.726068498579605759, -2.819098841031947966, -1.380294967082347224 ) ) ;
#2141 = EDGE_LOOP ( 'NONE', ( #3052, #3423, #1658 ) ) ;
#2142 = CARTESIAN_POINT ( 'NONE',  ( 0.04132401429753467664, -6.060746425035500984, -3.973185893731810303 ) ) ;
#2143 = LINE ( 'NONE', #2973, #4844 ) ;
#2144 = CYLINDRICAL_SURFACE ( 'NONE', #287, 1.590000000000000302 ) ;
#2145 = DIRECTION ( 'NONE',  ( -0.4999999999999997780, 0.000000000000000000, 0.8660254037844388186 ) ) ;
#2146 = CARTESIAN_POINT ( 'NONE',  ( 3.103776263492488585, -3.259935917727531329, -1.285626222910278171 ) ) ;
#2147 = CARTESIAN_POINT ( 'NONE',  ( 2.512683928328399041, -6.226641851713797138, -2.982015095685155437 ) ) ;
#2148 = CARTESIAN_POINT ( 'NONE',  ( 0.03116115482231704079, -4.823073794983914198, -3.977437531000628912 ) ) ;
#2149 = CARTESIAN_POINT ( 'NONE',  ( 3.886745334571108490, -2.683242267175033113, -0.4612962626876290773 ) ) ;
#2150 = CARTESIAN_POINT ( 'NONE',  ( 3.937003530542174889, -3.931577107880679378, -0.5629708184055081110 ) ) ;
#2151 = CARTESIAN_POINT ( 'NONE',  ( -3.410866489644715394, -5.789437909874393995, -2.047053981040947601 ) ) ;
#2152 = CARTESIAN_POINT ( 'NONE',  ( 0.000000000000000000, -2.000000000000000000, -1.555152491158895817E-15 ) ) ;
#2153 = CARTESIAN_POINT ( 'NONE',  ( 2.830127949756218619, -2.782767824710938864, -2.682610799730839268 ) ) ;
#2154 = ORIENTED_EDGE ( 'NONE', *, *, #3148, .T. ) ;
#2155 = CARTESIAN_POINT ( 'NONE',  ( -1.701326837008340309, -3.603409090909099000, -4.107366323934855679 ) ) ;
#2156 = CARTESIAN_POINT ( 'NONE',  ( -0.4393991406041396486, -4.736293850751187584, -3.949915190633848994 ) ) ;
#2157 = CARTESIAN_POINT ( 'NONE',  ( 0.000000000000000000, 0.4738549290423900162, 4.340740814427818783 ) ) ;
#2158 = CARTESIAN_POINT ( 'NONE',  ( -5.701544499533412370E-16, -3.730404991363393652, 3.103776263492489917 ) ) ;
#2159 = CARTESIAN_POINT ( 'NONE',  ( 0.4762350939209911704, -3.622602566209227604, -3.945404338983430126 ) ) ;
#2160 = CARTESIAN_POINT ( 'NONE',  ( -3.828416742867409628, -5.628086129479832778, -0.8104780793583082898 ) ) ;
#2161 = CARTESIAN_POINT ( 'NONE',  ( -1.787295785623364885, -2.023166281733506544, 3.553762209255437288 ) ) ;
#2162 = AXIS2_PLACEMENT_3D ( 'NONE', #1630, #2309, #2747 ) ;
#2163 = CARTESIAN_POINT ( 'NONE',  ( 0.6619550125230911908, -3.060133541049151251, 3.922108040682657837 ) ) ;
#2164 = ORIENTED_EDGE ( 'NONE', *, *, #607, .F. ) ;
#2165 = CARTESIAN_POINT ( 'NONE',  ( 2.754979777685048870, -6.413064394481890140, 2.869145577501616362 ) ) ;
#2166 = CARTESIAN_POINT ( 'NONE',  ( -1.325921617552757281, -3.131614814705038441, -3.201057951739543217 ) ) ;
#2167 = DIRECTION ( 'NONE',  ( 0.000000000000000000, 0.000000000000000000, 1.000000000000000000 ) ) ;
#2168 = CARTESIAN_POINT ( 'NONE',  ( -2.857752833889054322, -6.816286371336462757, -2.500839401432662257 ) ) ;
#2169 = CIRCLE ( 'NONE', #2630, 0.7500000000000001110 ) ;
#2170 = CARTESIAN_POINT ( 'NONE',  ( 3.103776263492488585, -6.723572281363890291, -1.285626222910278171 ) ) ;
#2171 = FACE_OUTER_BOUND ( 'NONE', #1148, .T. ) ;
#2172 = CARTESIAN_POINT ( 'NONE',  ( -1.724499716312679842, -5.481805479600946995, 3.584400499748898739 ) ) ;
#2173 = CARTESIAN_POINT ( 'NONE',  ( 1.108384440803785731, -2.498179308506753848, -3.816488320815397017 ) ) ;
#2174 = CARTESIAN_POINT ( 'NONE',  ( -3.860609214806668188, -3.423495839308275723, -0.9554940533788935930 ) ) ;
#2175 = CARTESIAN_POINT ( 'NONE',  ( 3.619007212438451138, -6.277486723371850985, 1.641862179710205982 ) ) ;
#2176 = DIRECTION ( 'NONE',  ( 1.000000000000000000, 0.000000000000000000, 1.224646799147353207E-16 ) ) ;
#2177 = CARTESIAN_POINT ( 'NONE',  ( -0.4657960700268470311, -3.232136289927079797, 3.871725226253599050 ) ) ;
#2178 = CARTESIAN_POINT ( 'NONE',  ( -2.433746382342768300, -3.663584577756541005, -3.047176699420186541 ) ) ;
#2179 = ORIENTED_EDGE ( 'NONE', *, *, #3877, .F. ) ;
#2180 = CARTESIAN_POINT ( 'NONE',  ( -7.545109532298677504E-16, -1.943750000000010525, 4.107366323934855679 ) ) ;
#2181 = CARTESIAN_POINT ( 'NONE',  ( 3.791970460190565717, -5.056199258055666057, -1.201840139096830073 ) ) ;
#2182 = CARTESIAN_POINT ( 'NONE',  ( -3.649190070032410915, -2.059121532914174324, 1.412905458328710839 ) ) ;
#2183 = CARTESIAN_POINT ( 'NONE',  ( 3.103776263492489917, -1.132677718636124986, 0.000000000000000000 ) ) ;
#2184 = CARTESIAN_POINT ( 'NONE',  ( 0.7475451256037731751, -3.702914605396922632, -3.907065631318709986 ) ) ;
#2185 = CARTESIAN_POINT ( 'NONE',  ( -3.519683460743996406, -5.507106068051400349, 1.710084360585496732 ) ) ;
#2186 = CARTESIAN_POINT ( 'NONE',  ( -2.031873394139824374, -1.968784726797916163, 3.415346068152794956 ) ) ;
#2187 = CARTESIAN_POINT ( 'NONE',  ( 3.899241277314712040, -2.919437222981676960, -0.06702938628002903798 ) ) ;
#2188 = CARTESIAN_POINT ( 'NONE',  ( 1.325921617552759280, -6.739569360159578082, -3.201057951739542773 ) ) ;
#2189 = CARTESIAN_POINT ( 'NONE',  ( 2.507297590415170419, -6.545537915872677637, 2.986954032696778949 ) ) ;
#2190 = CARTESIAN_POINT ( 'NONE',  ( -2.408823299582890876, -2.160271886662958885, -2.784204685041882232 ) ) ;
#2191 = CARTESIAN_POINT ( 'NONE',  ( 1.325921617552759280, -5.374067003476794113, -3.201057951739542773 ) ) ;
#2192 = CARTESIAN_POINT ( 'NONE',  ( 4.499999999999999112, 0.4738549290423901272, 1.734723475976807094E-15 ) ) ;
#2193 = CARTESIAN_POINT ( 'NONE',  ( 3.103776263492488585, -6.867890463182070526, 1.285626222910280392 ) ) ;
#2194 = DIRECTION ( 'NONE',  ( -1.081298943409546375E-16, 0.4694715627858890294, 0.8829475928589277656 ) ) ;
#2195 = AXIS2_PLACEMENT_3D ( 'NONE', #208, #1364, #2167 ) ;
#2196 = ADVANCED_FACE ( 'NONE', ( #3159 ), #1622, .F. ) ;
#2197 = CARTESIAN_POINT ( 'NONE',  ( 3.667369847162332608, -5.183578452370183776, 1.540394596768378976 ) ) ;
#2198 = CARTESIAN_POINT ( 'NONE',  ( 3.925441270464320009, -2.763388000501960651, 0.6203264522992008034 ) ) ;
#2199 = CARTESIAN_POINT ( 'NONE',  ( -1.988179267633030323, -4.342301957978064841, 3.444561994488552159 ) ) ;
#2200 = CARTESIAN_POINT ( 'NONE',  ( 0.4534182795633892038, -6.535134920198258257, 3.951920675324050780 ) ) ;
#2201 = CARTESIAN_POINT ( 'NONE',  ( -1.325921617552757281, -2.920657912567706571, -3.201057951739543217 ) ) ;
#2202 = CARTESIAN_POINT ( 'NONE',  ( -3.862136244862547585, -3.524196646051436232, -0.5382936071517925303 ) ) ;
#2203 = CC_DESIGN_DATE_AND_TIME_ASSIGNMENT ( #1958, #3127, ( #3068 ) ) ;
#2204 = CIRCLE ( 'NONE', #483, 4.499999999999999112 ) ;
#2205 = CARTESIAN_POINT ( 'NONE',  ( 2.529187936374980517, -4.235127148136586861, 2.968639337941129330 ) ) ;
#2206 = ORIENTED_EDGE ( 'NONE', *, *, #1748, .T. ) ;
#2207 = FACE_OUTER_BOUND ( 'NONE', #848, .T. ) ;
#2208 = CARTESIAN_POINT ( 'NONE',  ( 3.912406025657843234, -5.076090393914030052, 0.6971205690793511600 ) ) ;
#2209 = CARTESIAN_POINT ( 'NONE',  ( 1.245196734583657205, -2.933631990592580951, 3.709738186249578629 ) ) ;
#2210 = CARTESIAN_POINT ( 'NONE',  ( -1.325921617552760834, -5.007751178341398379, 3.201057951739541885 ) ) ;
#2211 = CARTESIAN_POINT ( 'NONE',  ( 3.201057951739542329, -6.745089730749517898, 0.000000000000000000 ) ) ;
#2212 = CARTESIAN_POINT ( 'NONE',  ( 3.977900470835808999, -3.956577162908218703, -0.02731201642274176666 ) ) ;
#2213 = CARTESIAN_POINT ( 'NONE',  ( -1.654245333062587253, -5.798726402880454600, -3.546348047282085414 ) ) ;
#2214 = CARTESIAN_POINT ( 'NONE',  ( 4.499999999999999112, -1.999999999999999112, 1.734723475976807094E-15 ) ) ;
#2215 = CARTESIAN_POINT ( 'NONE',  ( 3.972800508247462670, -2.881324774901754093, -0.06642769394901695823 ) ) ;
#2216 = ORIENTED_EDGE ( 'NONE', *, *, #3735, .T. ) ;
#2217 = CARTESIAN_POINT ( 'NONE',  ( 3.835532008511071567, -6.395663669110978944, 1.037497183147533031 ) ) ;
#2218 = CARTESIAN_POINT ( 'NONE',  ( 1.325921617552763498, -3.275932996523219565, -3.201057951739540552 ) ) ;
#2219 = CARTESIAN_POINT ( 'NONE',  ( -3.201057951739542773, -3.786567003476796422, 1.325921617552758169 ) ) ;
#2220 = CARTESIAN_POINT ( 'NONE',  ( -2.904346580471597772, -6.994886363636365623, -2.904346580471598216 ) ) ;
#2221 = CARTESIAN_POINT ( 'NONE',  ( 1.285626222910279060, -7.012208645000251650, 3.103776263492488585 ) ) ;
#2222 = FACE_OUTER_BOUND ( 'NONE', #3538, .T. ) ;
#2223 = CARTESIAN_POINT ( 'NONE',  ( 0.6307096819781001784, -5.370693065230621954, 3.927418265790307395 ) ) ;
#2224 = CARTESIAN_POINT ( 'NONE',  ( 3.865740396068895190, -2.732198637936486207, 0.6124567693591878026 ) ) ;
#2225 = B_SPLINE_CURVE_WITH_KNOTS ( 'NONE', 3,
 ( #4682, #2441, #3981, #3150 ),
 .UNSPECIFIED., .F., .F.,
 ( 4, 4 ),
 ( 0.002598307151460990672, 0.005196383362814306975 ),
 .UNSPECIFIED. ) ;
#2226 = CARTESIAN_POINT ( 'NONE',  ( -1.018029253953020907, -4.292440831802394108, 3.844615781023257295 ) ) ;
#2227 = CARTESIAN_POINT ( 'NONE',  ( 0.4498107585008032649, -6.467628503859756073, 3.948484039561397818 ) ) ;
#2228 = EDGE_LOOP ( 'NONE', ( #3318, #1759, #4211, #847 ) ) ;
#2229 = VERTEX_POINT ( 'NONE', #1229 ) ;
#2230 = CARTESIAN_POINT ( 'NONE',  ( -3.376897175794659756, -3.402723055011630748, 1.950002581004615321 ) ) ;
#2231 = CARTESIAN_POINT ( 'NONE',  ( 3.856859417109350208, -4.050311321796477237, -0.5782466072190214357 ) ) ;
#2232 = DIRECTION ( 'NONE',  ( 0.000000000000000000, 0.000000000000000000, -1.000000000000000000 ) ) ;
#2233 = CARTESIAN_POINT ( 'NONE',  ( 3.465903366720497480, -4.949975751087742459, -1.944782988976597515 ) ) ;
#2234 = CARTESIAN_POINT ( 'NONE',  ( 1.662470901343658491, -2.496381518129067167, -3.542450699757472954 ) ) ;
#2235 = CARTESIAN_POINT ( 'NONE',  ( 2.263489784646150138, -4.791273905614125361, 2.263489784646151026 ) ) ;
#2236 = B_SPLINE_CURVE_WITH_KNOTS ( 'NONE', 3,
 ( #4412, #3303, #3751, #3726 ),
 .UNSPECIFIED., .F., .F.,
 ( 4, 4 ),
 ( 0.002598307151460991105, 0.005196383362814304373 ),
 .UNSPECIFIED. ) ;
#2237 = CARTESIAN_POINT ( 'NONE',  ( -2.263489784646150582, -6.312135185294973638, -2.263489784646150582 ) ) ;
#2238 = CARTESIAN_POINT ( 'NONE',  ( 3.176612765958449991, -3.743223529973479291, -2.286702407816801230 ) ) ;
#2239 = CARTESIAN_POINT ( 'NONE',  ( -0.4964914653199033467, -5.324461045260833636, 3.881515042083553801 ) ) ;
#2240 = CARTESIAN_POINT ( 'NONE',  ( -2.645700269829108997, -1.974929256050687032, 2.884450092214460248 ) ) ;
#2241 = CARTESIAN_POINT ( 'NONE',  ( 3.141051337880435668, -3.006019336220621785, 2.433652425653197504 ) ) ;
#2242 = CARTESIAN_POINT ( 'NONE',  ( -3.201057951739542329, -2.915137541977765423, -3.920165374483013007E-16 ) ) ;
#2243 = CARTESIAN_POINT ( 'NONE',  ( 3.549180714514644119, -6.351480890143185398, 1.795701784136525259 ) ) ;
#2244 = CARTESIAN_POINT ( 'NONE',  ( -1.664768217104837911, -6.634324993253282621, 3.602452686375506641 ) ) ;
#2245 = CARTESIAN_POINT ( 'NONE',  ( -1.325921617552760834, -3.642248821658613966, 3.201057951739541885 ) ) ;
#2246 = CARTESIAN_POINT ( 'NONE',  ( -1.701326837008340309, -7.067045454545457517, -4.107366323934855679 ) ) ;
#2247 = CARTESIAN_POINT ( 'NONE',  ( 2.249999999999999556, 0.4738549290423901272, 3.897114317029974462 ) ) ;
#2248 = CONICAL_SURFACE ( 'NONE', #1859, 4.499999999999999112, 1.396263401595466691 ) ;
#2249 = CARTESIAN_POINT ( 'NONE',  ( -0.4269672524370987099, -5.539401641092668527, 3.876413554787046856 ) ) ;
#2250 = CARTESIAN_POINT ( 'NONE',  ( 3.023002486278508094, -2.865902140380135243, 2.579618169501296077 ) ) ;
#2251 = CARTESIAN_POINT ( 'NONE',  ( -3.159231461597885815, -4.413372580865883243, 2.415820279887999522 ) ) ;
#2252 = CARTESIAN_POINT ( 'NONE',  ( 1.227797067916043927, -6.398167824131145487, 3.716403921958984835 ) ) ;
#2253 = VERTEX_POINT ( 'NONE', #1646 ) ;
#2254 = CARTESIAN_POINT ( 'NONE',  ( 3.630726064212576265, -4.145352701690800501, 1.422546857156943290 ) ) ;
#2255 = CARTESIAN_POINT ( 'NONE',  ( -0.9295937852944664570, -4.409011404802335221, 3.787449724606474000 ) ) ;
#2256 = CARTESIAN_POINT ( 'NONE',  ( -1.745903462227750724, -7.367627371223547605, 2.733632838773428997 ) ) ;
#2257 = CARTESIAN_POINT ( 'NONE',  ( 3.958038994319103665, -5.094538011893052776, -0.3970464550774422952 ) ) ;
#2258 = CARTESIAN_POINT ( 'NONE',  ( 0.000000000000000000, 7.000000000000000000, 2.559369445152664025E-15 ) ) ;
#2259 = CARTESIAN_POINT ( 'NONE',  ( 3.201057951739542329, -6.956046632886850212, 0.000000000000000000 ) ) ;
#2260 = VECTOR ( 'NONE', #4502, 1000.000000000000000 ) ;
#2261 = CARTESIAN_POINT ( 'NONE',  ( 3.201057951739542329, -7.899635185294970441, 0.000000000000000000 ) ) ;
#2262 = CARTESIAN_POINT ( 'NONE',  ( 2.873253940768191850, -3.749450480074863368, -2.745751187045413655 ) ) ;
#2263 = CARTESIAN_POINT ( 'NONE',  ( -1.868099071704032443, -4.632645766690403732, -3.438428105592326478 ) ) ;
#2264 = CARTESIAN_POINT ( 'NONE',  ( -3.738841464752878263, -3.552034582085138226, -1.108956622615465681 ) ) ;
#2265 = APPROVAL ( #114, 'UNSPECIFIED' ) ;
#2266 = DIRECTION ( 'NONE',  ( 0.000000000000000000, 1.000000000000000000, 0.000000000000000000 ) ) ;
#2267 = DIRECTION ( 'NONE',  ( 0.000000000000000000, 0.000000000000000000, 1.000000000000000000 ) ) ;
#2268 = CARTESIAN_POINT ( 'NONE',  ( 1.325921617552759946, -4.652476094385885830, 3.201057951739542329 ) ) ;
#2269 = CARTESIAN_POINT ( 'NONE',  ( -7.545109532298677504E-16, -3.098295454545462846, 4.107366323934855679 ) ) ;
#2270 = CARTESIAN_POINT ( 'NONE',  ( 4.499999999999999112, 0.4738549290423901272, 1.734723475976807094E-15 ) ) ;
#2271 = CARTESIAN_POINT ( 'NONE',  ( 2.713052856642351518, -5.378649173981292719, 2.801501300819381868 ) ) ;
#2272 = CARTESIAN_POINT ( 'NONE',  ( 2.428398676953337887, -2.902450997711752745, 3.146086448618852671 ) ) ;
#2273 = CARTESIAN_POINT ( 'NONE',  ( -3.490824741949043464, -2.132717483897428767, 1.905381607352155671 ) ) ;
#2274 = CARTESIAN_POINT ( 'NONE',  ( 3.883198179122929972, -6.306147868193002104, 0.8630610102552629392 ) ) ;
#2275 = CARTESIAN_POINT ( 'NONE',  ( -3.201057951739543217, -3.930885185294977102, -1.325921617552757281 ) ) ;
#2276 = CARTESIAN_POINT ( 'NONE',  ( -0.4204166616698196135, -3.769110615377194939, -3.876814025481238435 ) ) ;
#2277 = CARTESIAN_POINT ( 'NONE',  ( 3.771557900706331790, -4.123463595910346946, 0.9919916786205150716 ) ) ;
#2278 = DIRECTION ( 'NONE',  ( 0.000000000000000000, 1.000000000000000000, 0.000000000000000000 ) ) ;
#2279 = CARTESIAN_POINT ( 'NONE',  ( 2.973313255587942017, -5.178409219401462593, 2.636783385264090285 ) ) ;
#2280 = FACE_OUTER_BOUND ( 'NONE', #3687, .T. ) ;
#2281 = CARTESIAN_POINT ( 'NONE',  ( -1.325921617552758836, -7.749796632886849501, -3.201057951739542773 ) ) ;
#2282 = CARTESIAN_POINT ( 'NONE',  ( 3.201057951739542329, -4.435998821658612812, 0.000000000000000000 ) ) ;
#2283 = CARTESIAN_POINT ( 'NONE',  ( 2.718042567847454460, -4.107836795620630532, 2.904445479926960338 ) ) ;
#2284 = CARTESIAN_POINT ( 'NONE',  ( -3.721336975517775869, -4.378592815277626116, 1.210127164050412318 ) ) ;
#2285 = EDGE_CURVE ( 'NONE', #1396, #631, #3481, .T. ) ;
#2286 = CARTESIAN_POINT ( 'NONE',  ( -3.853856075294763706, -3.526983648600080290, -0.5971072821883213200 ) ) ;
#2287 = CARTESIAN_POINT ( 'NONE',  ( -2.624760011256664693, -7.413733453510003457, 1.840293228609352072 ) ) ;
#2288 = LINE ( 'NONE', #746, #2847 ) ;
#2289 = CARTESIAN_POINT ( 'NONE',  ( 1.960082687241506503E-16, -7.610998821658607305, -3.201057951739542329 ) ) ;
#2290 = CARTESIAN_POINT ( 'NONE',  ( -1.701326837008340309, -5.912500000000003197, -4.107366323934855679 ) ) ;
#2291 = VERTEX_POINT ( 'NONE', #1620 ) ;
#2292 = CARTESIAN_POINT ( 'NONE',  ( -3.566055562809980373, -2.222559796544370858, 1.752453076319653746 ) ) ;
#2293 = CARTESIAN_POINT ( 'NONE',  ( -3.956089320600127746, -5.786860263610710930, -0.3699045898426907009 ) ) ;
#2294 = CARTESIAN_POINT ( 'NONE',  ( 3.377474873090751561, -2.699390665978810944, -2.099895253980467835 ) ) ;
#2295 = CARTESIAN_POINT ( 'NONE',  ( -3.860152728328005267, -6.732908047464746915, 0.9447922241610817728 ) ) ;
#2296 = EDGE_LOOP ( 'NONE', ( #4812, #482, #3302, #3143 ) ) ;
#2297 = PERSON_AND_ORGANIZATION ( #477, #4782 ) ;
#2298 = CARTESIAN_POINT ( 'NONE',  ( 3.666567971309711016, -5.167782099145623143, -1.327549936604074388 ) ) ;
#2299 = CARTESIAN_POINT ( 'NONE',  ( 1.168510462686347839, -4.190254215812087679, 3.802059609357237413 ) ) ;
#2300 = CARTESIAN_POINT ( 'NONE',  ( -0.1473798784122763161, -5.970744539073723267, -3.974258449653190084 ) ) ;
#2301 = CARTESIAN_POINT ( 'NONE',  ( -3.815929480671598650, -5.570308948736174770, 1.109764790376750465 ) ) ;
#2302 = DIRECTION ( 'NONE',  ( 0.000000000000000000, -3.624005796528497542E-16, 1.000000000000000000 ) ) ;
#2303 = CARTESIAN_POINT ( 'NONE',  ( 2.263489784646150582, -6.811728451068668200, -2.263489784646150582 ) ) ;
#2304 = CARTESIAN_POINT ( 'NONE',  ( -7.545109532298677504E-16, -0.7892045454545573158, 4.107366323934855679 ) ) ;
#2305 = CARTESIAN_POINT ( 'NONE',  ( 2.513384947682748116, -4.119826189932106253, 3.083456866031642818 ) ) ;
#2306 = CARTESIAN_POINT ( 'NONE',  ( 2.691587062446644918, -4.864104685579738963, -2.840425465066503286 ) ) ;
#2307 = CARTESIAN_POINT ( 'NONE',  ( 2.194701243201382823, -3.476413190454803015, 2.194701243201384155 ) ) ;
#2308 = CARTESIAN_POINT ( 'NONE',  ( -2.871703247537494175, -3.601632151634567958, -2.746048026254017227 ) ) ;
#2309 = DIRECTION ( 'NONE',  ( 0.000000000000000000, -1.000000000000000000, 0.000000000000000000 ) ) ;
#2310 = CARTESIAN_POINT ( 'NONE',  ( 0.000000000000000000, 4.067719139822248309, 1.734723475976807094E-15 ) ) ;
#2311 = CARTESIAN_POINT ( 'NONE',  ( -5.880248061724518771E-16, -1.260998821658618096, 3.201057951739542329 ) ) ;
#2312 = CARTESIAN_POINT ( 'NONE',  ( -4.107366323934855679, -3.459090909090916544, -1.701326837008341197 ) ) ;
#2313 = CARTESIAN_POINT ( 'NONE',  ( -3.727210505819282371, -2.371638199671378011, -1.376843390293150726 ) ) ;
#2314 = CARTESIAN_POINT ( 'NONE',  ( -3.516287394793262688, -5.726192721265250363, 1.686594920187942437 ) ) ;
#2315 = CARTESIAN_POINT ( 'NONE',  ( 2.511543564602127798, -2.964616966389419073, 3.083780347785125553 ) ) ;
#2316 = CARTESIAN_POINT ( 'NONE',  ( -3.947676355974395701, -6.825747811178751512, 0.4066066600507460826 ) ) ;
#2317 = DATE_AND_TIME ( #1199, #1728 ) ;
#2318 = AXIS2_PLACEMENT_3D ( 'NONE', #1703, #616, #3234 ) ;
#2319 = CARTESIAN_POINT ( 'NONE',  ( 3.894603775557517800, -5.240016632030520149, 0.1944521941849352564 ) ) ;
#2320 = CARTESIAN_POINT ( 'NONE',  ( -1.945833181127247791, -4.421879074457524261, 3.464423941221224101 ) ) ;
#2321 = CARTESIAN_POINT ( 'NONE',  ( -0.4069134051378509032, -6.572677772746972735, 3.956154044058907360 ) ) ;
#2322 = CARTESIAN_POINT ( 'NONE',  ( -3.934872581330041363, -5.663222363630941558, 0.5831628514773321559 ) ) ;
#2323 = CIRCLE ( 'NONE', #1940, 1.590000000000000302 ) ;
#2324 = CARTESIAN_POINT ( 'NONE',  ( 3.201057951739542329, -1.183319360159586608, 0.000000000000000000 ) ) ;
#2325 = VERTEX_POINT ( 'NONE', #855 ) ;
#2326 = CARTESIAN_POINT ( 'NONE',  ( 1.325921617552759280, -1.910430639840435152, -3.201057951739542773 ) ) ;
#2327 = CARTESIAN_POINT ( 'NONE',  ( -2.263489784646151026, -2.770819360159584299, 2.263489784646150582 ) ) ;
#2328 = CARTESIAN_POINT ( 'NONE',  ( 1.820678774995574400, -4.090730344530941309, 3.532423462014533388 ) ) ;
#2329 = CARTESIAN_POINT ( 'NONE',  ( 3.198155232928561187, -4.899578080377258615, -2.255073810952965996 ) ) ;
#2330 = CARTESIAN_POINT ( 'NONE',  ( -3.103776263492489917, -6.255973173181571312, 1.285626222910277505 ) ) ;
#2331 = CARTESIAN_POINT ( 'NONE',  ( -1.698769285581360533, -3.171364596674468128, 3.596521651692423216 ) ) ;
#2332 = DIRECTION ( 'NONE',  ( -0.000000000000000000, 1.000000000000000000, -0.000000000000000000 ) ) ;
#2333 = DIRECTION ( 'NONE',  ( -0.000000000000000000, 1.000000000000000000, -0.000000000000000000 ) ) ;
#2334 = CARTESIAN_POINT ( 'NONE',  ( 1.325921617552759946, -2.343385185294979856, 3.201057951739542329 ) ) ;
#2335 = CARTESIAN_POINT ( 'NONE',  ( 2.904346580471598216, -3.819886363636370685, -2.904346580471597772 ) ) ;
#2336 = ORIENTED_EDGE ( 'NONE', *, *, #4175, .T. ) ;
#2337 = CARTESIAN_POINT ( 'NONE',  ( -0.1252707553192983769, -2.023814235150411367, 3.971418353557004011 ) ) ;
#2338 = CARTESIAN_POINT ( 'NONE',  ( -3.589009178239039866, -5.605584449431839644, 1.714720913891458975 ) ) ;
#2339 = CARTESIAN_POINT ( 'NONE',  ( -3.246811736208206511, -2.338984629814124361, -2.296656188940271459 ) ) ;
#2340 = CARTESIAN_POINT ( 'NONE',  ( -2.158194672519553325, -6.661482070860919258, 3.341703593156520213 ) ) ;
#2341 = EDGE_LOOP ( 'NONE', ( #1633, #842, #3517 ) ) ;
#2342 = ORIENTED_EDGE ( 'NONE', *, *, #3433, .F. ) ;
#2343 = MECHANICAL_CONTEXT ( 'NONE', #2138, 'mechanical' ) ;
#2344 = EDGE_CURVE ( 'NONE', #3567, #1489, #986, .T. ) ;
#2345 = CARTESIAN_POINT ( 'NONE',  ( -3.199075073562241300, -4.766772761890594623, -2.229838336928536613 ) ) ;
#2346 = CARTESIAN_POINT ( 'NONE',  ( -3.884231458547678706, -4.669875783343963249, -0.3494319509441483618 ) ) ;
#2347 = CARTESIAN_POINT ( 'NONE',  ( -1.899309098757675729, -5.885319981783682763, -3.494300885604550988 ) ) ;
#2348 = CARTESIAN_POINT ( 'NONE',  ( 0.07356584877867369809, -5.298759728263397584, 3.913260935129375007 ) ) ;
#2349 = ORIENTED_EDGE ( 'NONE', *, *, #3425, .F. ) ;
#2350 = DIRECTION ( 'NONE',  ( 0.000000000000000000, 1.000000000000000000, 3.921717058577609625E-16 ) ) ;
#2351 = ADVANCED_FACE ( 'NONE', ( #3133 ), #3108, .F. ) ;
#2352 = CARTESIAN_POINT ( 'NONE',  ( 3.201057951739541885, -2.199067003476798288, 1.325921617552761278 ) ) ;
#2353 = CARTESIAN_POINT ( 'NONE',  ( -1.325921617552760834, -2.698660269250494625, 3.201057951739541885 ) ) ;
#2354 = CARTESIAN_POINT ( 'NONE',  ( -3.977419438760441572, -4.537422984074023447, -0.06160555704106460834 ) ) ;
#2355 = CARTESIAN_POINT ( 'NONE',  ( 3.579139447954791553, -4.936646898734490918, -1.581990719783473276 ) ) ;
#2356 = CARTESIAN_POINT ( 'NONE',  ( -2.194701243201383267, -2.899140463182078076, -2.194701243201384155 ) ) ;
#2357 = CARTESIAN_POINT ( 'NONE',  ( -3.777142704165001419, -3.454004106424230613, 0.9704016617200943440 ) ) ;
#2358 = CARTESIAN_POINT ( 'NONE',  ( 2.211871152167334209, -2.982571407181038303, 3.306201812581877952 ) ) ;
#2359 = CIRCLE ( 'NONE', #2435, 4.499999999999999112 ) ;
#2360 = CARTESIAN_POINT ( 'NONE',  ( -3.135777818399923422, -7.465781061538558916, -0.3366147125903756754 ) ) ;
#2361 = CARTESIAN_POINT ( 'NONE',  ( 3.146139196667543825, -2.341913616029153378, -1.086716481391144073 ) ) ;
#2362 = CARTESIAN_POINT ( 'NONE',  ( 4.107366323934855679, -5.046590909090913790, -1.701326837008340753 ) ) ;
#2363 = VERTEX_POINT ( 'NONE', #3557 ) ;
#2364 = CARTESIAN_POINT ( 'NONE',  ( -3.508687763545741412, -2.397051261889483253, -1.864646348887999183 ) ) ;
#2365 = CARTESIAN_POINT ( 'NONE',  ( -2.903016245973267129, -2.364548297220590012, -2.719640692143748151 ) ) ;
#2366 = CARTESIAN_POINT ( 'NONE',  ( -3.462918587410327653, -5.592665667409258745, 1.956830614241277022 ) ) ;
#2367 = CARTESIAN_POINT ( 'NONE',  ( -1.676123151217502549, -3.171109598148293074, 3.606712315993853668 ) ) ;
#2368 = CARTESIAN_POINT ( 'NONE',  ( -1.154815067221088398, -6.510997942280661199, 3.739625481303933796 ) ) ;
#2369 = EDGE_LOOP ( 'NONE', ( #2578, #4163, #1361 ) ) ;
#2370 = COORDINATED_UNIVERSAL_TIME_OFFSET ( 6, 0, .BEHIND. ) ;
#2371 = CARTESIAN_POINT ( 'NONE',  ( 2.866084035235397121, -5.093976919345392318, -2.644363025531069944 ) ) ;
#2372 = CARTESIAN_POINT ( 'NONE',  ( -3.782208210170590945, -4.475777222692992829, 1.231202712685902201 ) ) ;
#2373 = CARTESIAN_POINT ( 'NONE',  ( -3.791244306614171666, -5.632729309982407173, 1.201170339991364244 ) ) ;
#2374 = CARTESIAN_POINT ( 'NONE',  ( -3.775691318150997677, -5.638886829761805330, -1.030737153546521956 ) ) ;
#2375 = CARTESIAN_POINT ( 'NONE',  ( 3.201057951739542773, -3.420251178341402465, -1.325921617552759058 ) ) ;
#2376 = CARTESIAN_POINT ( 'NONE',  ( 0.000000000000000000, 6.000000000000007994, 1.590000000000000080 ) ) ;
#2377 = CARTESIAN_POINT ( 'NONE',  ( -3.201057951739542329, -5.224228451068671397, -3.920165374483013007E-16 ) ) ;
#2378 = CARTESIAN_POINT ( 'NONE',  ( -3.905855232675293109, -4.500641273236603013, 0.7542496485820735508 ) ) ;
#2379 = CARTESIAN_POINT ( 'NONE',  ( -3.755092104110329121, -3.333320603370085511, -1.101209598620374708 ) ) ;
#2380 = CARTESIAN_POINT ( 'NONE',  ( -3.103776263492488585, -2.826981372272986626, -1.285626222910278837 ) ) ;
#2381 = CARTESIAN_POINT ( 'NONE',  ( 0.5469902159657438201, -3.774558880477598688, -3.935685029582406180 ) ) ;
#2382 = CARTESIAN_POINT ( 'NONE',  ( 1.482548443946410721, -2.953859389637675914, 3.687223025687390798 ) ) ;
#2383 = CARTESIAN_POINT ( 'NONE',  ( -2.824340961216215362, -7.430236823005936131, -1.445173525055589048 ) ) ;
#2384 = CARTESIAN_POINT ( 'NONE',  ( 3.181743785684723491, -2.345895873759081596, -0.9518371146331756627 ) ) ;
#2385 = CARTESIAN_POINT ( 'NONE',  ( 2.904346580471598216, -1.510795454545465155, -2.904346580471597772 ) ) ;
#2386 = ORIENTED_EDGE ( 'NONE', *, *, #3994, .T. ) ;
#2387 = CARTESIAN_POINT ( 'NONE',  ( -0.9244448521811752251, -2.060625718705147769, 3.864353216489593290 ) ) ;
#2388 = CARTESIAN_POINT ( 'NONE',  ( -0.5133759904432371179, -2.423785616078083738, -3.940749086142597335 ) ) ;
#2389 = CARTESIAN_POINT ( 'NONE',  ( -2.855189461022589636, -5.829277827565958248, -2.769432806374453993 ) ) ;
#2390 = CARTESIAN_POINT ( 'NONE',  ( 2.263489784646149694, -5.657182996523215657, -2.263489784646151470 ) ) ;
#2391 = LINE ( 'NONE', #4566, #836 ) ;
#2392 = FACE_OUTER_BOUND ( 'NONE', #4785, .T. ) ;
#2393 = SECURITY_CLASSIFICATION_LEVEL ( 'unclassified' ) ;
#2394 = CARTESIAN_POINT ( 'NONE',  ( 3.569082444772006646, -5.155082503769004454, -1.570822525071723152 ) ) ;
#2395 = B_SPLINE_CURVE_WITH_KNOTS ( 'NONE', 3,
 ( #2009, #45, #509, #1986, #2321, #141, #3867, #2640, #1546, #3503, #1913, #2666, #3130, #4538, #1251, #460, #781, #92, #3081, #4637, #1225, #3772, #3105, #3402, #487, #1937, #3033, #4240, #1592, #3453, #3478, #4142, #4166, #4564, #1202, #4589, #802, #2300, #3794, #434, #2689, #67, #2347, #1568, #3057, #4189, #1961, #2712, #827, #3819, #4214, #3842, #117, #1617, #4614, #877, #2373, #3198, #902, #926, #996, #4662, #3916, #2488, #2397, #3984, #4267, #3224, #974, #1368, #2838, #626, #215, #3600, #3894, #3621, #262, #1714, #951, #3576, #2421, #1762, #2124, #4708, #2862, #536, #238, #4360, #2059, #3244, #2103, #167, #4315, #1738, #1277, #3155, #2444, #4339, #1346, #2468, #4730, #3528, #3962, #603, #2035, #4687, #1300, #2760, #2787, #4291, #1668, #560, #3553, #191, #1689, #3177, #1323, #2812, #3939, #582, #2079, #1064, #2883, #2251, #3746, #3697, #4429, #2199, #4406, #4115, #2226, #4010, #335, #4834, #2933, #3270, #3323, #752, #2957, #2608, #4382, #3722, #387, #1787, #2559, #4458, #1835, #1092, #1862, #4779, #2150, #2583, #1468, #1016, #3295, #1417, #2982, #2907, #1039, #1884, #2512, #1810, #3645, #677, #2534, #4755, #4088, #359, #3350, #728, #4061, #4806, #308, #701, #652, #284, #4035, #1495, #2174, #1390, #1442, #3671, #4859, #4486, #1120, #869, #408, #1980, #1196, #1517, #818, #3814, #2367, #1954, #1907, #1929, #3397, #40, #1540, #796, #4161, #2315, #4183, #2705, #504, #3027, #427, #3420, #453, #4508, #1146, #4533, #4233, #63, #1170, #2658, #2294, #84, #3860, #3836, #3076, #2729, #18, #3446, #3786, #1563, #3004, #4137, #845, #3050, #1586, #2633, #4556, #3099, #4582, #2683, #2339, #1218, #3472, #4209, #480, #111, #1611, #4608, #1245, #3376, #776, #2273, #3767, #3497, #2754, #4334, #1296, #3934, #1638, #1662 ),
 .UNSPECIFIED., .F., .F.,
 ( 4, 2, 2, 2, 2, 2, 2, 2, 2, 2, 2, 2, 2, 2, 2, 2, 2, 2, 2, 2, 2, 2, 2, 2, 2, 2, 2, 2, 2, 2, 2, 2, 2, 2, 2, 2, 2, 2, 2, 2, 2, 2, 2, 2, 2, 2, 2, 2, 2, 2, 2, 2, 2, 2, 2, 2, 2, 2, 2, 2, 2, 2, 2, 2, 2, 2, 2, 2, 2, 2, 2, 2, 2, 2, 2, 2, 2, 2, 2, 2, 2, 2, 2, 2, 2, 2, 2, 2, 2, 2, 2, 2, 2, 2, 2, 2, 2, 2, 2, 2, 2, 2, 2, 2, 2, 2, 2, 2, 2, 2, 2, 2, 2, 2, 2, 2, 2, 2, 2, 2, 2, 2, 2, 2, 2, 2, 2, 4 ),
 ( -0.05039926100454476809, -0.04960975001627612041, -0.04882023902800747966, -0.04803072803973883198, -0.04724121705147018430, -0.04645170606320154355, -0.04566219507493289587, -0.04487268408666424818, -0.04408317309839560050, -0.04329366211012695975, -0.04250415112185831207, -0.04171464013358966438, -0.04092512914532102364, -0.04013561815705237595, -0.03934610716878372827, -0.03855659618051508752, -0.03776708519224643984, -0.03697757420397779216, -0.03618806321570915141, -0.03539855222744050373, -0.03460904123917185604, -0.03381953025090321530, -0.03303001926263456761, -0.03224050827436591993, -0.03145099728609727918, -0.03066148629782863150, -0.02987197530955998034, -0.02908246432129133266, -0.02829295333302268498, -0.02750344234475403729, -0.02671393135648538961, -0.02592442036821674192, -0.02513490937994809424, -0.02434539839167945002, -0.02355588740341080234, -0.02276637641514215812, -0.02197686542687351391, -0.02118735443860486622, -0.02039784345033622201, -0.01960833246206757779, -0.01881882147379893011, -0.01802931048553028243, -0.01723979949726164168, -0.01645028850899299400, -0.01566077752072434631, -0.01487126653245570557, -0.01408175554418705788, -0.01329224455591841020, -0.01250273356764976945, -0.01171322257938112871, -0.01092371159111248102, -0.01013420060284383334, -0.009344689614575192593, -0.008555178626306544909, -0.007765667638037897225, -0.006976156649769256479, -0.006186645661500608795, -0.005397134673231961111, -0.004607623684963320365, -0.003818112696694672681, -0.003028601708426024997, -0.002239090720157377312, -0.001449579731888736567, -0.0006600687436200888825, 0.0001294422446485588019, 0.0009189532329171995473, 0.001708464221185847232, 0.002497975209454494916, 0.003287486197723135661, 0.004076997185991783346, 0.004866508174260431030, 0.005656019162529071775, 0.006445530150797719460, 0.007235041139066367144, 0.008024552127335007889, 0.008814063115603655574, 0.009603574103872303258, 0.01039308509214095094, 0.01118259608040959169, 0.01197210706867823937, 0.01276161805694688012, 0.01355112904521553474, 0.01434064003348417549, 0.01513015102175281623, 0.01591966201002147085, 0.01670917299829011160, 0.01749868398655875235, 0.01828819497482740697, 0.01907770596309604771, 0.01986721695136468846, 0.02065672793963334308, 0.02144623892790198383, 0.02223574991617062457, 0.02302526090443927920, 0.02381477189270791994, 0.02460428288097656069, 0.02539379386924520143, 0.02697281584578249680, 0.02776232683405113755, 0.02855183782231977829, 0.02934134881058843292, 0.03013085979885707366, 0.03092037078712571441, 0.03170988177539436903, 0.03249939276366300978, 0.03328890375193165052, 0.03407841474020030514, 0.03486792572846894589, 0.03565743671673758663, 0.03644694770500624126, 0.03723645869327488200, 0.03802596968154352275, 0.03881548066981217737, 0.03960499165808081812, 0.04039450264634947274, 0.04118401363461811349, 0.04197352462288675423, 0.04276303561115540885, 0.04355254659942404960, 0.04434205758769269035, 0.04513156857596134497, 0.04592107956422998571, 0.04671059055249862646, 0.04750010154076728108, 0.04828961252903592183, 0.04907912351730456257, 0.04986863450557321720, 0.05065814549384185794 ),
 .UNSPECIFIED. ) ;
#2396 = CARTESIAN_POINT ( 'NONE',  ( -2.420479774203092127, -4.818921189820176920, -3.057805312128559105 ) ) ;
#2397 = CARTESIAN_POINT ( 'NONE',  ( -1.825832040851663951, -5.488108504346123517, 3.533229102984047021 ) ) ;
#2398 = CARTESIAN_POINT ( 'NONE',  ( -2.822848541808725908, -5.449884451507409189, 2.711024632772892407 ) ) ;
#2399 = CARTESIAN_POINT ( 'NONE',  ( -2.263489784646151026, -2.770819360159584299, 2.263489784646150582 ) ) ;
#2400 = VECTOR ( 'NONE', #2849, 999.9999999999998863 ) ;
#2401 = CARTESIAN_POINT ( 'NONE',  ( 1.325921617552759946, -1.188839730749527313, 3.201057951739542329 ) ) ;
#2402 = CARTESIAN_POINT ( 'NONE',  ( 2.263489784646150582, -3.348092087432311015, -2.263489784646150582 ) ) ;
#2403 = AXIS2_PLACEMENT_3D ( 'NONE', #1915, #2463, #3173 ) ;
#2404 = CARTESIAN_POINT ( 'NONE',  ( -1.083365650775342415, -4.198325882751496430, 3.760921452247529384 ) ) ;
#2405 = CARTESIAN_POINT ( 'NONE',  ( -3.727609848355595723, -3.225009141268647017, 1.191168690793134033 ) ) ;
#2406 = CARTESIAN_POINT ( 'NONE',  ( 2.194701243201384155, -6.761086809545206577, -2.194701243201383267 ) ) ;
#2407 = EDGE_CURVE ( 'NONE', #1438, #1931, #3320, .T. ) ;
#2408 = CARTESIAN_POINT ( 'NONE',  ( 2.016942783982389464, -3.888758187956271151, -3.337904110022871240 ) ) ;
#2409 = CARTESIAN_POINT ( 'NONE',  ( 0.9638831390188381532, -2.979710883876854677, 3.855449749961763484 ) ) ;
#2410 = DIRECTION ( 'NONE',  ( 0.000000000000000000, 0.000000000000000000, 1.000000000000000000 ) ) ;
#2411 = CARTESIAN_POINT ( 'NONE',  ( 0.7186440304757671926, -2.438860559888317070, 3.063859815340189030 ) ) ;
#2412 = ORIENTED_EDGE ( 'NONE', *, *, #1274, .T. ) ;
#2413 = CARTESIAN_POINT ( 'NONE',  ( -0.2713517121086400086, -2.583525454593779802, -3.964116183691487549 ) ) ;
#2414 = CARTESIAN_POINT ( 'NONE',  ( -2.016720431853392892, -2.315368622948176469, -3.354239992624363342 ) ) ;
#2415 = CARTESIAN_POINT ( 'NONE',  ( 0.03873012170953492317, -6.098859039785920366, -3.899664061785448332 ) ) ;
#2416 = CARTESIAN_POINT ( 'NONE',  ( -3.201057951739543217, -6.306614814705033822, 1.325921617552759280 ) ) ;
#2417 = CARTESIAN_POINT ( 'NONE',  ( 0.000000000000000000, 7.245200206706154944, 2.655530028493292608E-15 ) ) ;
#2418 = CARTESIAN_POINT ( 'NONE',  ( 0.000000000000000000, 7.000000000000000000, 2.559369445152664025E-15 ) ) ;
#2419 = CARTESIAN_POINT ( 'NONE',  ( 1.644102585300925679, -6.177482531841532953, -3.536044844466030401 ) ) ;
#2420 = CARTESIAN_POINT ( 'NONE',  ( -1.675569119749908742, -4.447341737933217409, 3.521561412318264139 ) ) ;
#2421 = CARTESIAN_POINT ( 'NONE',  ( 3.542853489856557569, -5.198461740887428739, 1.806801391827286274 ) ) ;
#2422 = CARTESIAN_POINT ( 'NONE',  ( -1.054067957023322677, -5.829623017247930861, -3.769258566776744424 ) ) ;
#2423 = CARTESIAN_POINT ( 'NONE',  ( -2.263489784646151026, -1.616273905614131978, 2.263489784646150582 ) ) ;
#2424 = CARTESIAN_POINT ( 'NONE',  ( 3.201057951739542329, -2.126907912567708170, 0.000000000000000000 ) ) ;
#2425 = CARTESIAN_POINT ( 'NONE',  ( 4.107366323934855679, -7.355681818181820653, -1.701326837008340753 ) ) ;
#2426 = CARTESIAN_POINT ( 'NONE',  ( -3.668956069155365540, -4.461983165876841184, 1.536886290936819499 ) ) ;
#2427 = CARTESIAN_POINT ( 'NONE',  ( -2.804459293145788124, -3.139639208002955595, 2.729086112684941945 ) ) ;
#2428 = CC_DESIGN_APPROVAL ( #2265, ( #3068 ) ) ;
#2429 = CARTESIAN_POINT ( 'NONE',  ( 1.285626222910278393, -1.961072281363897218, -3.103776263492488585 ) ) ;
#2430 =( GEOMETRIC_REPRESENTATION_CONTEXT ( 3 ) GLOBAL_UNCERTAINTY_ASSIGNED_CONTEXT ( ( #242 ) ) GLOBAL_UNIT_ASSIGNED_CONTEXT ( ( #3748, #484, #2661 ) ) REPRESENTATION_CONTEXT ( 'NONE', 'WORKASPACE' ) );
#2431 = CARTESIAN_POINT ( 'NONE',  ( -2.478137473991271378, -3.625475947833427526, -3.105848417459423416 ) ) ;
#2432 = CARTESIAN_POINT ( 'NONE',  ( -0.1204279352702332107, -2.998030507887603946, 3.911992392530695195 ) ) ;
#2433 = DIRECTION ( 'NONE',  ( 1.224646799147353207E-16, 0.000000000000000000, 1.000000000000000000 ) ) ;
#2434 = CARTESIAN_POINT ( 'NONE',  ( 3.253596920716480767, -2.357604656350684724, -0.5456007113393889219 ) ) ;
#2435 = AXIS2_PLACEMENT_3D ( 'NONE', #421, #2698, #1579 ) ;
#2436 = CARTESIAN_POINT ( 'NONE',  ( -0.8011449031782706953, -2.558928416987029664, -3.891788285591574414 ) ) ;
#2437 = CARTESIAN_POINT ( 'NONE',  ( -3.878421100334983329, -2.150810005817947790, -0.5254481786188658354 ) ) ;
#2438 = CARTESIAN_POINT ( 'NONE',  ( 2.302452400765936158, -6.173480485622719449, -3.238490955265278082 ) ) ;
#2439 = CARTESIAN_POINT ( 'NONE',  ( -4.500000000000000888, 0.4273560988845983566, -1.733187306154809093 ) ) ;
#2440 = CARTESIAN_POINT ( 'NONE',  ( -4.500000000000000888, -1.877249545191257640, 2.598076211353318232 ) ) ;
#2441 = CARTESIAN_POINT ( 'NONE',  ( -3.000000000000000000, 0.4738549290423898497, -3.464101615137753498 ) ) ;
#2442 = CARTESIAN_POINT ( 'NONE',  ( 2.306596229371314255, -6.214409538117994458, -3.144141850726249299 ) ) ;
#2443 = CARTESIAN_POINT ( 'NONE',  ( -1.786134777280636632, -4.735905829775313158, -3.554082781639765098 ) ) ;
#2444 = CARTESIAN_POINT ( 'NONE',  ( 1.790285486861173947, -4.908946314801491795, -3.551325891382556943 ) ) ;
#2445 = CARTESIAN_POINT ( 'NONE',  ( -2.261408301749046945, -5.765138850185722141, -3.194598964872046754 ) ) ;
#2446 = CARTESIAN_POINT ( 'NONE',  ( 2.263489784646147474, -5.734862458022247367, 2.263489784646153691 ) ) ;
#2447 = B_SPLINE_CURVE_WITH_KNOTS ( 'NONE', 3,
 ( #639, #3212, #2136, #547, #3541, #3927, #2069, #2825, #3189, #4698, #4327, #2457, #3588, #4719, #4049, #1134, #3733, #4498, #2523, #3631, #1051, #4, #3364, #2571, #3657, #4394, #1797, #4073, #1480, #321, #1455, #2994, #1026, #4023, #4792, #1873, #3256, #689, #2622, #375, #4126, #295, #765, #3683, #1506, #272, #713, #3281, #662, #1429, #2213, #2968, #1823, #4847, #1772, #1078, #741, #4766, #3709, #2160, #3336, #1402, #2893, #2919, #346, #1847, #2185, #4417, #3309, #4472, #4821, #1105, #2595, #2544, #2945, #4101, #2239, #4444, #1258, #834, #4149, #2718, #1530, #100, #1555, #1160, #858, #1207, #3065, #441, #1944, #53, #3757, #808, #4570, #3389, #31, #2355, #1599, #2329, #3040, #2306, #3017, #3088, #4546, #397, #2694, #3778, #1624, #4524, #3461, #2648, #1919, #1233, #2263, #3408, #3436, #1896, #4221, #4195, #4173, #1185, #2674, #3825, #3849, #4595, #493, #3800, #2284, #468, #418, #788, #1993, #73, #1574, #4248, #3486, #3111, #1969, #123, #4621, #2742, #1329, #2475, #3510, #4715, #981, #1674, #2110, #1721, #4645, #1355, #3162, #4669, #1307, #958, #2845, #3205, #2085, #933, #909, #4274, #566, #4346, #1696, #3584, #1746, #3536, #2065, #1283, #3971, #147, #3231, #3607, #2820, #612, #1649, #246, #4737, #2797, #1375, #2869, #3874, #884, #515, #2379, #3560, #2018, #3136, #2769, #2041, #2405, #3901, #4297, #543, #174, #2427, #3922, #197, #3185, #223, #4694, #4322, #2451, #3946, #588, #3305, #2209, #1047, #708, #2591, #1819, #1476, #634, #2941, #4763, #4069, #4391, #4044, #3728, #4018, #4437, #2916, #1769, #4414, #3705, #2541, #1074, #4815, #269, #1399, #2234, #3251, #4867, #292, #4467, #3360, #2497, #4841, #3628, #342, #1794, #3278, #368, #1450, #2567, #2964, #3680, #2890, #686, #4788, #1023, #1842, #2520, #3992, #2182, #2132, #659 ),
 .UNSPECIFIED., .F., .F.,
 ( 4, 2, 2, 2, 2, 2, 2, 2, 2, 2, 2, 2, 2, 2, 2, 2, 2, 2, 2, 2, 2, 2, 2, 2, 2, 2, 2, 2, 2, 2, 2, 2, 2, 2, 2, 2, 2, 2, 2, 2, 2, 2, 2, 2, 2, 2, 2, 2, 2, 2, 2, 2, 2, 2, 2, 2, 2, 2, 2, 2, 2, 2, 2, 2, 2, 2, 2, 2, 2, 2, 2, 2, 2, 2, 2, 2, 2, 2, 2, 2, 2, 2, 2, 2, 2, 2, 2, 2, 2, 2, 2, 2, 2, 2, 2, 2, 2, 2, 2, 2, 2, 2, 2, 2, 2, 2, 2, 2, 2, 2, 2, 2, 2, 2, 2, 2, 2, 2, 2, 2, 2, 2, 2, 2, 2, 2, 2, 2, 4 ),
 ( 1.557029077806797200E-17, 0.0007733341212113099567, 0.001546668242422604301, 0.002320002363633898862, 0.003093336484845192989, 0.003866670606056487117, 0.004640004727267782111, 0.005413338848479076239, 0.006186672969690370366, 0.006960007090901664493, 0.007733341212112958621, 0.008506675333324253616, 0.009280009454535548610, 0.01005334357574684187, 0.01082667769695813687, 0.01160001181816943013, 0.01237334593938072512, 0.01314668006059202011, 0.01392001418180331337, 0.01469334830301460837, 0.01546668242422590163, 0.01624001654543719489, 0.01701335066664848988, 0.01778668478785978488, 0.01856001890907107987, 0.01933335303028237140, 0.02010668715149366639, 0.02088002127270496139, 0.02165335539391625638, 0.02242668951512755138, 0.02320002363633884290, 0.02397335775755013790, 0.02474669187876143289, 0.02552002599997272789, 0.02629336012118402288, 0.02706669424239531441, 0.02784002836360660940, 0.02861336248481790440, 0.02938669660602919939, 0.03016003072724049439, 0.03093336484845178591, 0.03170669896966308438, 0.03248003309087437590, 0.03325336721208566743, 0.03402670133329696589, 0.03480003545450825742, 0.03557336957571955588, 0.03634670369693084740, 0.03712003781814214587, 0.03789337193935343739, 0.03866670606056472892, 0.03944004018177602738, 0.04021337430298731891, 0.04098670842419861737, 0.04176004254540990890, 0.04253337666662120042, 0.04330671078783249889, 0.04408004490904379041, 0.04485337903025508888, 0.04562671315146638040, 0.04640004727267767193, 0.04717338139388897039, 0.04794671551510026192, 0.04872004963631156038, 0.04949338375752285191, 0.05026671787873414343, 0.05104005199994544190, 0.05181338612115673342, 0.05258672024236803189, 0.05336005436357932341, 0.05413338848479061494, 0.05490672260600191340, 0.05568005672721320493, 0.05645339084842450339, 0.05722672496963579492, 0.05800005909084708644, 0.05877339321205838490, 0.05954672733326967643, 0.06032006145448097489, 0.06109339557569226642, 0.06186672969690355794, 0.06264006381811484947, 0.06341339793932615487, 0.06418673206053744640, 0.06496006618174873792, 0.06573340030296002945, 0.06650673442417132097, 0.06728006854538262638, 0.06805340266659391790, 0.06882673678780520943, 0.06960007090901650095, 0.07037340503022779248, 0.07114673915143909788, 0.07192007327265038941, 0.07269340739386168093, 0.07346674151507297246, 0.07424007563628427786, 0.07501340975749556939, 0.07578674387870686091, 0.07656007799991815244, 0.07733341212112944396, 0.07810674624234074936, 0.07888008036355204089, 0.07965341448476333241, 0.08042674860597462394, 0.08120008272718591547, 0.08197341684839722087, 0.08274675096960851239, 0.08352008509081980392, 0.08429341921203109544, 0.08506675333324238697, 0.08584008745445369237, 0.08661342157566498390, 0.08738675569687627542, 0.08816008981808756695, 0.08893342393929885847, 0.08970675806051016388, 0.09048009218172145540, 0.09125342630293274693, 0.09202676042414403845, 0.09280009454535532998, 0.09357342866656663538, 0.09434676278777792691, 0.09512009690898921843, 0.09589343103020050996, 0.09666676515141180148, 0.09744009927262310689, 0.09821343339383439841, 0.09898676751504568994 ),
 .UNSPECIFIED. ) ;
#2448 = CARTESIAN_POINT ( 'NONE',  ( 1.573286309115788484, -2.710080897043680270, -3.568114730514382771 ) ) ;
#2449 = CARTESIAN_POINT ( 'NONE',  ( 1.701326837008340975, -6.056818181818186098, -4.107366323934855679 ) ) ;
#2450 = CARTESIAN_POINT ( 'NONE',  ( -3.723839928359097495, -4.600746105794671692, -1.398760790428321243 ) ) ;
#2451 = CARTESIAN_POINT ( 'NONE',  ( -0.2832697415417346209, -3.005463546267788999, 3.902867592688989529 ) ) ;
#2452 = CARTESIAN_POINT ( 'NONE',  ( -3.103776263492488585, -1.782109536817942042, -1.285626222910278837 ) ) ;
#2453 = ORIENTED_EDGE ( 'NONE', *, *, #2921, .F. ) ;
#2454 = CARTESIAN_POINT ( 'NONE',  ( 3.661594491702096832, -4.012493917231964247, -1.342079398299113491 ) ) ;
#2455 = B_SPLINE_CURVE_WITH_KNOTS ( 'NONE', 3,
 ( #1403, #2502, #2524, #2946, #347, #1798 ),
 .UNSPECIFIED., .F., .F.,
 ( 4, 2, 4 ),
 ( 0.0003494473641980721081, 0.001057604784838064513, 0.001765762205478056592 ),
 .UNSPECIFIED. ) ;
#2456 = CARTESIAN_POINT ( 'NONE',  ( -3.889947336592196603, -3.300976652065166661, -0.4320678686823546943 ) ) ;
#2457 = CARTESIAN_POINT ( 'NONE',  ( -0.9834851783261358005, -6.502465226994459613, 3.787739389618090868 ) ) ;
#2458 = CARTESIAN_POINT ( 'NONE',  ( 3.235347039465238161, -2.353735467309028717, -0.6814586971175985441 ) ) ;
#2459 = CARTESIAN_POINT ( 'NONE',  ( -2.270148719826512451, -2.482893682616401865, -3.260965719251715189 ) ) ;
#2460 = CARTESIAN_POINT ( 'NONE',  ( -3.913848117597432896, -2.126331662920221355, 0.008590087525574784805 ) ) ;
#2461 = CARTESIAN_POINT ( 'NONE',  ( -0.2278269279462232788, -5.966451907202485749, -3.971033569719605971 ) ) ;
#2462 = CARTESIAN_POINT ( 'NONE',  ( -3.201057951739545437, -5.152069360159579503, 1.325921617552752618 ) ) ;
#2463 = DIRECTION ( 'NONE',  ( -0.000000000000000000, 1.000000000000000000, 1.015892941693919779E-16 ) ) ;
#2464 = DIRECTION ( 'NONE',  ( 0.000000000000000000, 0.4694715627858890294, -0.8829475928589277656 ) ) ;
#2465 = CARTESIAN_POINT ( 'NONE',  ( -3.711826762511263311, -5.751825758290879165, 1.195061290977739610 ) ) ;
#2466 = ADVANCED_FACE ( 'NONE', ( #2171 ), #2979, .F. ) ;
#2467 = CARTESIAN_POINT ( 'NONE',  ( 0.5598115222200880092, -4.929703280914174535, -3.933732857552965534 ) ) ;
#2468 = CARTESIAN_POINT ( 'NONE',  ( 0.5531049085456756220, -4.847599631929144337, -3.938402846543945568 ) ) ;
#2469 = CARTESIAN_POINT ( 'NONE',  ( 0.008073570132447636591, -5.910598641742764059, -3.974219415043402925 ) ) ;
#2470 = CARTESIAN_POINT ( 'NONE',  ( 0.2155540442598762318, -2.241881447886617362, 3.507257976219258389 ) ) ;
#2471 = CARTESIAN_POINT ( 'NONE',  ( 3.792685227185430552, -2.964696976971218145, 0.9064665870696045902 ) ) ;
#2472 = VERTEX_POINT ( 'NONE', #3743 ) ;
#2473 = CARTESIAN_POINT ( 'NONE',  ( -1.701326837008342974, -5.479545454545458938, 4.107366323934854790 ) ) ;
#2474 = CARTESIAN_POINT ( 'NONE',  ( -2.220215517990397291, -4.713923904208462190, -3.300742778650606279 ) ) ;
#2475 = CARTESIAN_POINT ( 'NONE',  ( 1.018818989418009302, -4.099544393182992685, 3.778287106234047066 ) ) ;
#2476 = CARTESIAN_POINT ( 'NONE',  ( 1.285626222910278393, -2.070745900454305399, -3.103776263492488585 ) ) ;
#2477 = CARTESIAN_POINT ( 'NONE',  ( -1.870700186739554960, -3.477974383079702747, -3.437893852386023852 ) ) ;
#2478 = DIRECTION ( 'NONE',  ( -1.224646799147353207E-16, 0.000000000000000000, -1.000000000000000000 ) ) ;
#2479 = CARTESIAN_POINT ( 'NONE',  ( 0.000000000000000000, 6.000000000000007994, 2.941287793933206948E-15 ) ) ;
#2480 = CARTESIAN_POINT ( 'NONE',  ( -1.541373823270038912, -2.558921501762985162, -3.582443023420626371 ) ) ;
#2481 = ORIENTED_EDGE ( 'NONE', *, *, #2619, .F. ) ;
#2482 = CARTESIAN_POINT ( 'NONE',  ( 0.04516150536475369015, -5.978235292917372767, -3.977337316990953386 ) ) ;
#2483 = CARTESIAN_POINT ( 'NONE',  ( -2.263489784646149694, -6.234455723795941928, 2.263489784646151914 ) ) ;
#2484 = CARTESIAN_POINT ( 'NONE',  ( -2.999999999999999556, -1.999999999999998668, 3.464101615137756607 ) ) ;
#2485 = CARTESIAN_POINT ( 'NONE',  ( 0.000000000000000000, 0.4738549290423901272, 1.734723475976807094E-15 ) ) ;
#2486 = CARTESIAN_POINT ( 'NONE',  ( -2.192661466305015683, -5.630543807162887049, 3.224620448933896544 ) ) ;
#2487 = CARTESIAN_POINT ( 'NONE',  ( 3.812062533469067205, -5.193074573334776289, -0.8228731317292736769 ) ) ;
#2488 = CARTESIAN_POINT ( 'NONE',  ( -2.052185478266331575, -5.500346588199891862, 3.406645288491891410 ) ) ;
#2489 = CARTESIAN_POINT ( 'NONE',  ( 2.733608548917286551, -6.050187741634045935, -2.884579667537752190 ) ) ;
#2490 = ORIENTED_EDGE ( 'NONE', *, *, #1748, .F. ) ;
#2491 = CARTESIAN_POINT ( 'NONE',  ( 0.1734391810979487025, -2.324366362742102954, 3.354267251235246050 ) ) ;
#2492 = ADVANCED_FACE ( 'NONE', ( #2222 ), #698, .F. ) ;
#2493 = CARTESIAN_POINT ( 'NONE',  ( 2.629344349139800752, -3.074622283380783472, 2.879953485731630902 ) ) ;
#2494 = ORIENTED_EDGE ( 'NONE', *, *, #1491, .T. ) ;
#2495 = CARTESIAN_POINT ( 'NONE',  ( -2.904346580471597772, -6.994886363636366511, -2.904346580471598216 ) ) ;
#2496 = CARTESIAN_POINT ( 'NONE',  ( -3.559476748326457329, -4.514974124203486205, -1.627790537501661028 ) ) ;
#2497 = CARTESIAN_POINT ( 'NONE',  ( -0.6088406158904288157, -2.387629752746341705, -3.865480009658785576 ) ) ;
#2498 = CARTESIAN_POINT ( 'NONE',  ( 2.194701243201384155, -2.142904991363395961, -2.194701243201383267 ) ) ;
#2499 = CC_DESIGN_PERSON_AND_ORGANIZATION_ASSIGNMENT ( #2297, #2732, ( #3068 ) ) ;
#2500 = CARTESIAN_POINT ( 'NONE',  ( -0.8858186001829132517, -3.628455669566349684, -3.878221012459321493 ) ) ;
#2501 = CARTESIAN_POINT ( 'NONE',  ( 0.000000000000000000, -1.999999999999999112, 1.734723475976807094E-15 ) ) ;
#2502 = CARTESIAN_POINT ( 'NONE',  ( -0.2309979628918338024, -2.008732793285674223, 3.952326004551157013 ) ) ;
#2503 = CARTESIAN_POINT ( 'NONE',  ( 0.001448823437436218666, -2.595354157502403059, -3.973385991480163693 ) ) ;
#2504 = ORIENTED_EDGE ( 'NONE', *, *, #3735, .F. ) ;
#2505 = CARTESIAN_POINT ( 'NONE',  ( 2.668162450137477659, -6.236152628527748654, -2.844464058839408782 ) ) ;
#2506 = CARTESIAN_POINT ( 'NONE',  ( -3.201057951739543217, -2.987296632886856873, -1.325921617552758169 ) ) ;
#2507 = CARTESIAN_POINT ( 'NONE',  ( 3.201057951739542773, -7.827476094385879435, -1.325921617552759058 ) ) ;
#2508 = FACE_OUTER_BOUND ( 'NONE', #706, .T. ) ;
#2509 = CARTESIAN_POINT ( 'NONE',  ( 1.900514833177804041E-16, -6.507095008636616384, -3.103776263492489917 ) ) ;
#2510 = CARTESIAN_POINT ( 'NONE',  ( 2.372718902702188881, -6.553558555769176230, 3.094503252774200242 ) ) ;
#2511 = CARTESIAN_POINT ( 'NONE',  ( -1.787893035211256088, -4.818410314667645800, -3.548507421797010064 ) ) ;
#2512 = CARTESIAN_POINT ( 'NONE',  ( 1.707035378834079520, -3.750006869063809756, -3.591996679519047664 ) ) ;
#2513 = CARTESIAN_POINT ( 'NONE',  ( 2.086827261948440704, -6.080260000401406018, -3.386657108835700924 ) ) ;
#2514 = AXIS2_PLACEMENT_3D ( 'NONE', #4006, #1686, #4658 ) ;
#2515 = CARTESIAN_POINT ( 'NONE',  ( -3.749999999999999556, -1.953601367524366195, -3.031088913245534755 ) ) ;
#2516 = CARTESIAN_POINT ( 'NONE',  ( 1.087668374844652286, -2.685061517485169080, -3.744817224003214928 ) ) ;
#2517 = VERTEX_POINT ( 'NONE', #4084 ) ;
#2518 = CARTESIAN_POINT ( 'NONE',  ( -7.545109532298677504E-16, -4.252840909090916277, 4.107366323934855679 ) ) ;
#2519 = CARTESIAN_POINT ( 'NONE',  ( -1.989735474310185825, -4.726658337679073618, -3.444534301494786011 ) ) ;
#2520 = CARTESIAN_POINT ( 'NONE',  ( -3.855476710508169980, -2.096078375056595444, 0.6700299955902376814 ) ) ;
#2521 = CARTESIAN_POINT ( 'NONE',  ( -2.194701243201383267, -5.317904991363390899, -2.194701243201384155 ) ) ;
#2522 = CARTESIAN_POINT ( 'NONE',  ( -3.910637438791453313, -3.288639869401056792, -0.1591371247750598128 ) ) ;
#2523 = CARTESIAN_POINT ( 'NONE',  ( 1.548374221059712896, -6.381598898631431815, 3.593771168235444957 ) ) ;
#2524 = CARTESIAN_POINT ( 'NONE',  ( -0.4637059628657654309, -2.005827699872528846, 3.937169602180724315 ) ) ;
#2525 = CARTESIAN_POINT ( 'NONE',  ( 1.165056938836048550, -3.155625816965939023, 3.721749750510576327 ) ) ;
#2526 = VERTEX_POINT ( 'NONE', #2270 ) ;
#2527 = CARTESIAN_POINT ( 'NONE',  ( -1.735118378805223349, -6.636912985592593017, 3.579127950327082086 ) ) ;
#2528 = CARTESIAN_POINT ( 'NONE',  ( -2.263489784646150582, -3.925364814705036842, 2.263489784646150582 ) ) ;
#2529 = CARTESIAN_POINT ( 'NONE',  ( 4.499999999999999112, -1.999999999999999112, -0.8655648409910745578 ) ) ;
#2530 = LINE ( 'NONE', #329, #1231 ) ;
#2531 = CARTESIAN_POINT ( 'NONE',  ( 2.194701243201382823, -6.940049554091161532, 2.194701243201384155 ) ) ;
#2532 = CARTESIAN_POINT ( 'NONE',  ( 1.596254556306615502, -4.897831549443762533, -3.643318014144586225 ) ) ;
#2533 = CARTESIAN_POINT ( 'NONE',  ( 3.071527195623070305, -2.580533743072739306, -2.425735813702672772 ) ) ;
#2534 = CARTESIAN_POINT ( 'NONE',  ( 0.1994173528412910290, -3.677045595507573150, -3.972044679133674094 ) ) ;
#2535 = CARTESIAN_POINT ( 'NONE',  ( 3.964829730398315988, -6.280942387502445712, 0.3228429299317404078 ) ) ;
#2536 = CARTESIAN_POINT ( 'NONE',  ( -2.735033029821545725, -2.490891337133504191, -2.779461063260846743 ) ) ;
#2537 = CARTESIAN_POINT ( 'NONE',  ( -1.557238873840971705, -3.675948426337527053, -3.655523594185730030 ) ) ;
#2538 = EDGE_LOOP ( 'NONE', ( #2342, #3543, #1537, #1903 ) ) ;
#2539 = CARTESIAN_POINT ( 'NONE',  ( 4.107366323934854790, -2.881818181818191160, 1.701326837008343640 ) ) ;
#2540 = CARTESIAN_POINT ( 'NONE',  ( -3.816402975206743875, -4.476327676363449193, -0.8679732698212548891 ) ) ;
#2541 = CARTESIAN_POINT ( 'NONE',  ( 3.220130564592166955, -2.592307992454260024, -2.223361811886404027 ) ) ;
#2542 = CARTESIAN_POINT ( 'NONE',  ( 2.194701243201384155, -3.297450445908848948, -2.194701243201383267 ) ) ;
#2543 = CARTESIAN_POINT ( 'NONE',  ( 0.7500244762067074245, -3.635409731943763045, -3.902701628750024465 ) ) ;
#2544 = CARTESIAN_POINT ( 'NONE',  ( -1.494600312493863381, -5.373886622275790614, 3.616526944041790426 ) ) ;
#2545 = CARTESIAN_POINT ( 'NONE',  ( -2.002446793680542569, -1.937597190045361906, 3.362803966183819604 ) ) ;
#2546 = CONICAL_SURFACE ( 'NONE', #4752, 4.499999999999999112, 1.396263401595466691 ) ;
#2547 = CARTESIAN_POINT ( 'NONE',  ( 3.677050653234686273, -2.955485779775771427, 1.505688357963700374 ) ) ;
#2548 = CARTESIAN_POINT ( 'NONE',  ( 2.263489784646150582, -5.657182996523215657, -2.263489784646150582 ) ) ;
#2549 = CARTESIAN_POINT ( 'NONE',  ( 3.765043423645734411, -6.433768471946708090, 1.016406520391423429 ) ) ;
#2550 = CARTESIAN_POINT ( 'NONE',  ( 1.325921617552757281, -3.708887541977764712, 3.201057951739543217 ) ) ;
#2551 = CARTESIAN_POINT ( 'NONE',  ( 1.325921617552759280, -7.683157912567698311, -3.201057951739542773 ) ) ;
#2552 = CARTESIAN_POINT ( 'NONE',  ( 4.499999999999999112, 0.4274029039469108837, 1.732656416756897189 ) ) ;
#2553 = AXIS2_PLACEMENT_3D ( 'NONE', #2258, #4144, #3549 ) ;
#2554 = CARTESIAN_POINT ( 'NONE',  ( -1.285626222910279948, -6.001981372272981119, 3.103776263492488585 ) ) ;
#2555 = EDGE_CURVE ( 'NONE', #3474, #3422, #2013, .T. ) ;
#2556 = CARTESIAN_POINT ( 'NONE',  ( 0.4868723863408051522, -6.652354374409670257, 3.869003016987678567 ) ) ;
#2557 = CARTESIAN_POINT ( 'NONE',  ( 2.519144220744998552, -5.390279887370437173, 2.977134540255398587 ) ) ;
#2558 = CARTESIAN_POINT ( 'NONE',  ( 3.487838595955020438, -2.827793062448868522, 1.904848599412036991 ) ) ;
#2559 = CARTESIAN_POINT ( 'NONE',  ( 3.579553580319946082, -4.040020759908978576, 1.733261808773801649 ) ) ;
#2560 = CARTESIAN_POINT ( 'NONE',  ( 0.9835325101800627134, -6.442391820082671750, 3.850392172456354789 ) ) ;
#2561 = CARTESIAN_POINT ( 'NONE',  ( 1.325921617552757281, -3.497930639840433287, 3.201057951739543217 ) ) ;
#2562 = CARTESIAN_POINT ( 'NONE',  ( 1.827604178611509367, -3.878298205071543769, -3.444854995673217513 ) ) ;
#2563 = CARTESIAN_POINT ( 'NONE',  ( 1.880095862947456897, -4.272500796278470681, 3.416725095810726476 ) ) ;
#2564 = ORIENTED_EDGE ( 'NONE', *, *, #614, .F. ) ;
#2565 = CARTESIAN_POINT ( 'NONE',  ( -2.904346580471598660, -2.088068181818192759, 2.904346580471597772 ) ) ;
#2566 = CARTESIAN_POINT ( 'NONE',  ( 1.637147031736112979, -5.222379786749082875, 3.555184342515927742 ) ) ;
#2567 = CARTESIAN_POINT ( 'NONE',  ( -3.180928601431565639, -2.241943822246998508, -2.279222705789445413 ) ) ;
#2568 = CARTESIAN_POINT ( 'NONE',  ( 1.325921617552759280, -7.894114814705029737, -3.201057951739542773 ) ) ;
#2569 = CARTESIAN_POINT ( 'NONE',  ( 4.107366323934854790, -0.5727272727272855191, 1.701326837008343640 ) ) ;
#2570 = CARTESIAN_POINT ( 'NONE',  ( 3.325308760115870399, -3.755901492684003529, -2.064113108491251403 ) ) ;
#2571 = CARTESIAN_POINT ( 'NONE',  ( 3.147259305570631049, -6.285534391770574381, 2.325375071848262198 ) ) ;
#2572 = CARTESIAN_POINT ( 'NONE',  ( 0.1724163020100840105, -2.418288268953131759, 3.177403138727536547 ) ) ;
#2573 = CARTESIAN_POINT ( 'NONE',  ( 3.237289487007517508, -3.031771589553681867, 2.174567916609996487 ) ) ;
#2574 = DIRECTION ( 'NONE',  ( 0.000000000000000000, 0.000000000000000000, 1.000000000000000000 ) ) ;
#2575 = DIRECTION ( 'NONE',  ( 0.000000000000000000, 0.000000000000000000, 1.000000000000000000 ) ) ;
#2576 = CARTESIAN_POINT ( 'NONE',  ( -1.325921617552758836, -5.229748821658612101, -3.201057951739542773 ) ) ;
#2577 = CARTESIAN_POINT ( 'NONE',  ( 0.000000000000000000, -2.000000000000000000, -3.968750000000001776 ) ) ;
#2578 = ORIENTED_EDGE ( 'NONE', *, *, #249, .T. ) ;
#2579 = CARTESIAN_POINT ( 'NONE',  ( 3.103776263492488585, -5.569026826818436859, -1.285626222910278171 ) ) ;
#2580 = DIRECTION ( 'NONE',  ( -1.000000000000000000, 0.000000000000000000, 0.000000000000000000 ) ) ;
#2581 = CARTESIAN_POINT ( 'NONE',  ( -1.195577102359172361, -5.576862532592649302, 3.712145006817463955 ) ) ;
#2582 = CARTESIAN_POINT ( 'NONE',  ( 3.949760000588774744, -2.781938812808328887, -0.4735657543850062545 ) ) ;
#2583 = CARTESIAN_POINT ( 'NONE',  ( 3.829680374107777840, -3.907253800244114395, -1.072603496442687154 ) ) ;
#2584 = CARTESIAN_POINT ( 'NONE',  ( -0.3678785886423210361, -6.472988505020662586, 3.896690722901190007 ) ) ;
#2585 = CARTESIAN_POINT ( 'NONE',  ( 2.249999999999997780, 0.4738549290423901272, -3.897114317029971353 ) ) ;
#2586 = CARTESIAN_POINT ( 'NONE',  ( -3.868125821838133582, -3.477053058770778637, 0.4932397124891653717 ) ) ;
#2587 = AXIS2_PLACEMENT_3D ( 'NONE', #2485, #4312, #2099 ) ;
#2588 = CARTESIAN_POINT ( 'NONE',  ( -0.4261454992698882616, -4.263544063085451974, 3.954710668670281759 ) ) ;
#2589 = CARTESIAN_POINT ( 'NONE',  ( -4.107366323934855679, -2.232386363636373883, -5.030073021532451998E-16 ) ) ;
#2590 = CARTESIAN_POINT ( 'NONE',  ( 3.916734145158027758, -5.143595490527673064, 0.6945915977821646159 ) ) ;
#2591 = CARTESIAN_POINT ( 'NONE',  ( 2.172144249555848283, -2.883873669265646811, 3.255002018372618267 ) ) ;
#2592 = CARTESIAN_POINT ( 'NONE',  ( -2.263489784646150582, -4.214001178341399978, -2.263489784646150582 ) ) ;
#2593 = CARTESIAN_POINT ( 'NONE',  ( 1.325921617552759946, -6.961567003476790916, 3.201057951739542329 ) ) ;
#2594 = CARTESIAN_POINT ( 'NONE',  ( 3.377125254938837973, -3.854593694516905256, -2.102016256987361498 ) ) ;
#2595 = CARTESIAN_POINT ( 'NONE',  ( -1.957206850606521442, -5.398738812543840027, 3.388575771036541173 ) ) ;
#2596 = CARTESIAN_POINT ( 'NONE',  ( -3.231688217789576267, -2.110587053113320177, 2.319369570410416692 ) ) ;
#2597 = CARTESIAN_POINT ( 'NONE',  ( 2.537390524908554656, -3.080080726170189465, 2.961431793797293821 ) ) ;
#2598 = CARTESIAN_POINT ( 'NONE',  ( 3.201057951739542329, -2.337864814705039596, 0.000000000000000000 ) ) ;
#2599 = CARTESIAN_POINT ( 'NONE',  ( 0.000000000000000000, 7.500000000000000888, 1.423651904008797675E-15 ) ) ;
#2600 = DIRECTION ( 'NONE',  ( 0.000000000000000000, -0.8714972372446370130, -0.4904004134123101655 ) ) ;
#2601 = CARTESIAN_POINT ( 'NONE',  ( -5.880248061724518771E-16, -7.033726094385881922, 3.201057951739542329 ) ) ;
#2602 = CARTESIAN_POINT ( 'NONE',  ( -3.775049627450937972, -6.698149510949274799, 0.9978052039370096660 ) ) ;
#2603 = VERTEX_POINT ( 'NONE', #1143 ) ;
#2604 = ADVANCED_FACE ( 'NONE', ( #355 ), #2248, .T. ) ;
#2605 = DIRECTION ( 'NONE',  ( 0.000000000000000000, -1.000000000000000000, 0.000000000000000000 ) ) ;
#2606 = CARTESIAN_POINT ( 'NONE',  ( 0.3690032508108461173, -5.465454141173101910, 3.956211199814533064 ) ) ;
#2607 = CARTESIAN_POINT ( 'NONE',  ( 2.976229059148305822, -2.834710771754782144, 2.541694951520444334 ) ) ;
#2608 = CARTESIAN_POINT ( 'NONE',  ( 2.441911883980626197, -4.123226458938183292, 3.139188582583456011 ) ) ;
#2609 = CARTESIAN_POINT ( 'NONE',  ( 3.416152273850808108, -6.167186669605172256, -2.038417575913879176 ) ) ;
#2610 = ORIENTED_EDGE ( 'NONE', *, *, #3662, .F. ) ;
#2611 = CARTESIAN_POINT ( 'NONE',  ( 0.1339890789189821241, -2.408189102671602022, 3.198252481766471700 ) ) ;
#2612 = EDGE_CURVE ( 'NONE', #4750, #2472, #3338, .T. ) ;
#2613 = CARTESIAN_POINT ( 'NONE',  ( 3.716595666239049134, -4.132931094711136844, 1.180678299725313130 ) ) ;
#2614 = CARTESIAN_POINT ( 'NONE',  ( 3.973188461598118337, -4.036567402597145637, -0.05072282717682979891 ) ) ;
#2615 = CARTESIAN_POINT ( 'NONE',  ( 2.904346580471598216, -2.665340909090918586, -2.904346580471597772 ) ) ;
#2616 = CARTESIAN_POINT ( 'NONE',  ( 3.972288509869985607, -5.038976115041513104, -0.1227585517203740872 ) ) ;
#2617 = CARTESIAN_POINT ( 'NONE',  ( 0.000000000000000000, -2.000000000000000000, -1.555152491158895817E-15 ) ) ;
#2618 = CARTESIAN_POINT ( 'NONE',  ( 3.201057951739542329, -4.646955723795944238, 0.000000000000000000 ) ) ;
#2619 = EDGE_CURVE ( 'NONE', #2229, #4330, #4438, .T. ) ;
#2620 = CARTESIAN_POINT ( 'NONE',  ( -5.880248061724518771E-16, -5.879180639840428491, 3.201057951739542329 ) ) ;
#2621 = CARTESIAN_POINT ( 'NONE',  ( 3.630180657450819748, -3.812820259307588167, -1.617053772893047858 ) ) ;
#2622 = CARTESIAN_POINT ( 'NONE',  ( 2.674135376290565080, -6.017824927453377271, -2.856935056102793524 ) ) ;
#2623 = CARTESIAN_POINT ( 'NONE',  ( 2.783388687610017342, -2.947702593884821365, 2.841629795928557467 ) ) ;
#2624 = CARTESIAN_POINT ( 'NONE',  ( 0.000000000000000000, 0.4738549290423901272, 1.734723475976807094E-15 ) ) ;
#2625 = CARTESIAN_POINT ( 'NONE',  ( -3.396429826114473638, -7.188322158056332789, 0.4394339980220904884 ) ) ;
#2626 = CARTESIAN_POINT ( 'NONE',  ( -1.325921617552758836, -7.538839730749516299, -3.201057951739542773 ) ) ;
#2627 = CARTESIAN_POINT ( 'NONE',  ( -1.463132331088884098E-11, -6.918823203728462268, -3.684017705362443440 ) ) ;
#2628 = EDGE_LOOP ( 'NONE', ( #2504, #2129, #220, #1247, #361, #3838 ) ) ;
#2629 = DIRECTION ( 'NONE',  ( -1.000000000000000000, 0.000000000000000000, 0.000000000000000000 ) ) ;
#2630 = AXIS2_PLACEMENT_3D ( 'NONE', #278, #1319, #2098 ) ;
#2631 = CARTESIAN_POINT ( 'NONE',  ( 3.827729015521282196, -5.265964752473895949, 0.7462600497117034548 ) ) ;
#2632 = CARTESIAN_POINT ( 'NONE',  ( 3.426872598683742499, -2.704556126531262539, -2.019948043138054761 ) ) ;
#2633 = CARTESIAN_POINT ( 'NONE',  ( -1.889900715039692480, -2.422188698957458808, -3.499365123419907686 ) ) ;
#2634 = CARTESIAN_POINT ( 'NONE',  ( 3.750865424454748798, -6.220494864581835870, 1.117628986607226205 ) ) ;
#2635 = TOROIDAL_SURFACE ( 'NONE', #1066, -0.002530093853909956385, 3.309416156571634904 ) ;
#2636 = CARTESIAN_POINT ( 'NONE',  ( 2.263489784646149694, -5.446226094385884231, -2.263489784646151470 ) ) ;
#2637 = B_SPLINE_CURVE_WITH_KNOTS ( 'NONE', 3,
 ( #1033, #2529, #4704, #3616 ),
 .UNSPECIFIED., .F., .F.,
 ( 4, 4 ),
 ( 0.01447670210936970875, 0.01707795914009646934 ),
 .UNSPECIFIED. ) ;
#2638 = CARTESIAN_POINT ( 'NONE',  ( -2.559592595507675039, -3.343122740111961200, 2.941860222507151512 ) ) ;
#2639 = CARTESIAN_POINT ( 'NONE',  ( -1.216442260184598334, -4.301274153736665440, 3.787027661059573447 ) ) ;
#2640 = CARTESIAN_POINT ( 'NONE',  ( 0.8874494534022207004, -6.513966185811885801, 3.876825990394205057 ) ) ;
#2641 = CARTESIAN_POINT ( 'NONE',  ( 3.395523882110877079, -5.109506615713478972, 1.946730577760657832 ) ) ;
#2642 = CARTESIAN_POINT ( 'NONE',  ( 9.078817316639868634E-16, -1.999999999999999112, 5.196152422706633800 ) ) ;
#2643 = ADVANCED_FACE ( 'NONE', ( #3668 ), #4058, .F. ) ;
#2644 = CARTESIAN_POINT ( 'NONE',  ( -3.201057951739542773, -4.141842087432308972, -1.325921617552759280 ) ) ;
#2645 = AXIS2_PLACEMENT_3D ( 'NONE', #1558, #3440, #1239 ) ;
#2646 = CARTESIAN_POINT ( 'NONE',  ( 1.325921617552759280, -5.374067003476794113, -3.201057951739542773 ) ) ;
#2647 = CARTESIAN_POINT ( 'NONE',  ( 2.508503207058661921, -4.052319651434622472, 3.082509182944813908 ) ) ;
#2648 = CARTESIAN_POINT ( 'NONE',  ( -0.9030906207539299846, -4.682520536860311111, -3.807505661214326764 ) ) ;
#2649 = CARTESIAN_POINT ( 'NONE',  ( -1.693288937702109864, -3.253868886005171213, 3.594476585521049650 ) ) ;
#2650 = DIRECTION ( 'NONE',  ( 0.000000000000000000, -1.000000000000000000, 0.000000000000000000 ) ) ;
#2651 = CARTESIAN_POINT ( 'NONE',  ( -3.289995451396479975, -7.098576062714872847, 1.235349807349520823 ) ) ;
#2652 = CARTESIAN_POINT ( 'NONE',  ( 3.201057951739542773, -6.672930639840427780, -1.325921617552759058 ) ) ;
#2653 = CARTESIAN_POINT ( 'NONE',  ( -4.107366323934855679, -5.696022727272731068, -5.030073021532451998E-16 ) ) ;
#2654 = VERTEX_POINT ( 'NONE', #4483 ) ;
#2655 = CARTESIAN_POINT ( 'NONE',  ( -1.186828547295419423, -1.990711128627072890, 3.796506614177874717 ) ) ;
#2656 = CARTESIAN_POINT ( 'NONE',  ( 0.6339743040699575838, -5.453199802280485287, 3.922653948517790035 ) ) ;
#2657 = LOCAL_TIME ( 17, 23, 45.00000000000000000, #1933 ) ;
#2658 = CARTESIAN_POINT ( 'NONE',  ( 3.507141626857591898, -2.711603925770861956, -1.875378877628254282 ) ) ;
#2659 = CARTESIAN_POINT ( 'NONE',  ( -2.798738726963725387, -6.631136301559976687, 2.821348488070046123 ) ) ;
#2660 = EDGE_LOOP ( 'NONE', ( #1982, #2001 ) ) ;
#2661 =( NAMED_UNIT ( * ) SI_UNIT ( $, .STERADIAN. ) SOLID_ANGLE_UNIT ( ) );
#2662 = AXIS2_PLACEMENT_3D ( 'NONE', #969, #4726, #2120 ) ;
#2663 = CARTESIAN_POINT ( 'NONE',  ( 3.620133066018400569, -5.301317225992765891, 1.449854499511206374 ) ) ;
#2664 = CARTESIAN_POINT ( 'NONE',  ( 3.894176166375920456, -4.086182619953539152, 0.2101634690816509277 ) ) ;
#2665 =( BOUNDED_SURFACE ( )  B_SPLINE_SURFACE ( 3, 2, ( 
 ( #4032, #3292, #2930 ),
 ( #4426, #3694, #1832 ),
 ( #3319, #4831, #1464 ),
 ( #2954, #2337, #4159 ),
 ( #3857, #501, #3883 ),
 ( #3494, #2387, #1538 ),
 ( #2655, #1242, #2681 ),
 ( #2002, #3833, #4206 ),
 ( #1584, #1194, #37 ),
 ( #843, #4531, #1168 ),
 ( #4256, #3444, #4554 ),
 ( #794, #2726, #4181 ),
 ( #478, #60, #2751 ),
 ( #4580, #4605, #816 ),
 ( #82, #2292, #3074 ),
 ( #1266, #528, #1978 ),
 ( #3811, #3470, #133 ),
 ( #4229, #1216, #3417 ),
 ( #1561, #3395, #1635 ),
 ( #3784, #3024, #866 ),
 ( #3048, #3121, #893 ),
 ( #109, #4629, #425 ),
 ( #1925, #2313, #451 ),
 ( #1952, #2364, #2703 ),
 ( #1609, #3097, #230 ),
 ( #1729, #3976, #3908 ),
 ( #3216, #2094, #155 ),
 ( #2026, #4307, #4722 ),
 ( #1360, #2459, #2853 ),
 ( #4351, #987, #1659 ),
 ( #1681, #1315, #2480 ),
 ( #4281, #918, #3169 ),
 ( #3144, #2436, #4374 ),
 ( #2875, #2413, #3519 ),
 ( #618, #2503, #2116 ),
 ( #3612, #1753, #254 ),
 ( #4653, #3236, #4677 ),
 ( #4743, #1292, #942 ),
 ( #3591, #3191, #1381 ),
 ( #182, #3953, #1008 ),
 ( #551, #2071, #4001 ),
 ( #964, #2779, #2049 ),
 ( #3545, #2804, #3930 ),
 ( #572, #3568, #204 ),
 ( #1707, #4700, #1337 ),
 ( #594, #2830, #4331 ),
 ( #3284, #2140, #4051 ),
 ( #1775, #3259, #1799 ),
 ( #691, #4795, #274 ),
 ( #4396, #2215, #2187 ),
 ( #4025, #4447, #3311 ),
 ( #4769, #297, #4474 ),
 ( #1431, #1825, #1404 ),
 ( #1080, #2547, #2896 ),
 ( #716, #1109, #1483 ),
 ( #3686, #665, #2573 ),
 ( #642, #2241, #2923 ),
 ( #2623, #2970, #7 ),
 ( #377, #1508, #2597 ),
 ( #2948, #3711, #324 ),
 ( #4076, #2995, #348 ),
 ( #4103, #4419, #1053 ),
 ( #4499, #1850, #2525 ),
 ( #2163, #3659, #4823 ),
 ( #1457, #3366, #3339 ),
 ( #743, #4849, #1029 ),
 ( #3737, #1875, #1136 ),
 ( #3634, #3779, #4223 ),
 ( #4128, #3018, #837 ),
 ( #2331, #2649, #3067 ),
 ( #445, #1946, #470 ),
 ( #767, #419, #3438 ),
 ( #3090, #4573, #1187 ),
 ( #4597, #2720, #1209 ),
 ( #3114, #789, #495 ),
 ( #4151, #3803, #1236 ),
 ( #1971, #125, #1920 ),
 ( #4526, #860, #3390 ),
 ( #1995, #2696, #2357 ),
 ( #3851, #3488, #54 ),
 ( #102, #1161, #1628 ),
 ( #32, #75, #3827 ),
 ( #3463, #4623, #2286 ),
 ( #1602, #4197, #2264 ),
 ( #3409, #1260, #4176 ),
 ( #3758, #399, #1556 ),
 ( #3041, #1898, #1531 ),
 ( #4548, #2676, #1576 ),
 ( #810, #2308, #3138 ),
 ( #2772, #2431, #2178 ),
 ( #313, #4040, #2744 ),
 ( #590, #935, #2823 ),
 ( #3512, #2537, #3210 ),
 ( #3301, #1815, #682 ),
 ( #149, #3676, #568 ),
 ( #1701, #1652, #4811 ),
 ( #4784, #4250, #3539 ),
 ( #887, #2381, #1422 ),
 ( #2088, #2043, #4647 ),
 ( #3187, #3563, #3925 ),
 ( #545, #3876, #1309 ),
 ( #4696, #2067, #2408 ),
 ( #2912, #4276, #2799 ),
 ( #3586, #176, #519 ),
 ( #912, #2020, #1285 ),
 ( #3903, #1676, #1724 ),
 ( #3164, #199, #4672 ),
 ( #1332, #4301, #4325 ),
 ( #4410, #960, #2454 ),
 ( #3948, #226, #1043 ),
 ( #1446, #3032, #2231 ),
 ( #4094, #2614, #1839 ),
 ( #705, #3793, #2664 ),
 ( #4537, #4065, #412 ),
 ( #3725, #4165, #2277 ),
 ( #1912, #364, #1866 ),
 ( #4119, #4514, #3750 ),
 ( #3401, #3328, #3702 ),
 ( #1522, #4433, #4864 ),
 ( #1936, #1499, #801 ),
 ( #391, #1473, #2205 ),
 ( #44, #1070, #1545 ),
 ( #1889, #1175, #2563 ),
 ( #4838, #1152, #2961 ),
 ( #2299, #1097, #3356 ),
 ( #433, #3427, #339 ),
 ( #2987, #4141, #2937 ),
 ( #3382, #780, #4464 ),
 ( #2588, #734, #4491 ),
 ( #1127, #756, #2255 ),
 ( #2639, #3010, #24 ),
 ( #3771, #4588, #2420 ),
 ( #66, #2320, #4290 ),
 ( #925, #825, #4239 ),
 ( #4636, #140, #1250 ),
 ( #3915, #3502, #1960 ),
 ( #4188, #2759, #4213 ),
 ( #3527, #3866, #876 ),
 ( #3104, #2711, #1567 ),
 ( #2372, #1201, #2688 ),
 ( #559, #116, #1224 ),
 ( #3818, #4266, #851 ),
 ( #508, #1591, #2057 ),
 ( #1276, #459, #2346 ),
 ( #3056, #3841, #2734 ),
 ( #3893, #2008, #1985 ),
 ( #535, #165, #1642 ),
 ( #4563, #3080, #1299 ),
 ( #3452, #4613, #2034 ),
 ( #901, #91, #486 ),
 ( #3477, #4661, #1616 ),
 ( #3129, #1667, #2396 ),
 ( #3154, #2786, #4777 ),
 ( #2443, #2511, #4338 ),
 ( #4314, #4729, #1761 ),
 ( #3243, #650, #581 ),
 ( #4033, #2882, #3983 ),
 ( #3268, #4753, #4009 ),
 ( #2148, #3197, #2837 ),
 ( #1688, #2467, #1389 ),
 ( #1367, #2905, #4404 ),
 ( #1037, #1415, #3552 ),
 ( #2532, #2861, #675 ),
 ( #950, #190, #3643 ),
 ( #3176, #972, #282 ),
 ( #4686, #1785, #2811 ),
 ( #3961, #3938, #1322 ),
 ( #4359, #1737, #3223 ),
 ( #2078, #2102, #995 ),
 ( #3575, #4707, #214 ),
 ( #1345, #1713, #602 ),
 ( #3599, #237, #2487 ),
 ( #625, #2123, #4381 ),
 ( #3620, #261, #1015 ),
 ( #3348, #1808, #1144 ),
 ( #4086, #4427, #2631 ),
 ( #1118, #3026, #1169 ),
 ( #2197, #4113, #3695 ),
 ( #3765, #2955, #1062 ),
 ( #4506, #1539, #333 ),
 ( #4532, #4135, #1440 ),
 ( #4804, #774, #2271 ),
 ( #3396, #3002, #2557 ),
 ( #4456, #1090, #2931 ),
 ( #385, #4484, #1882 ),
 ( #4059, #699, #3374 ),
 ( #306, #726, #1833 ),
 ( #2223, #2656, #3720 ),
 ( #1905, #2606, #3321 ),
 ( #4832, #750, #16 ),
 ( #1515, #406, #2249 ),
 ( #3744, #1466, #39 ),
 ( #1860, #4160, #2581 ),
 ( #2172, #3669, #356 ),
 ( #4857, #3293, #1493 ),
 ( #2980, #503, #868 ),
 ( #1244, #4655, #4231 ),
 ( #4207, #4182, #2682 ),
 ( #3075, #1585, #3521 ),
 ( #2366, #4259, #110 ),
 ( #2338, #4581, #2314 ),
 ( #1953, #1661, #844 ),
 ( #426, #795, #4555 ),
 ( #3834, #3859, #817 ),
 ( #1927, #2004, #61 ),
 ( #4631, #2293, #3445 ),
 ( #3419, #1268, #2728 ),
 ( #3049, #2753, #895 ),
 ( #3146, #1295, #3813 ),
 ( #3123, #452, #479 ),
 ( #1610, #3496, #2781 ),
 ( #157, #83, #530 ),
 ( #2389, #1562, #3098 ),
 ( #1979, #1217, #135 ),
 ( #1637, #3785, #1195 ),
 ( #2704, #3471, #4607 ),
 ( #3885, #2028, #574 ),
 ( #3910, #4702, #1777 ),
 ( #2832, #4309, #1731 ),
 ( #2461, #2806, #2855 ),
 ( #2482, #2142, #2415 ),
 ( #3193, #184, #596 ),
 ( #3218, #3978, #1383 ),
 ( #1683, #620, #4353 ),
 ( #4333, #944, #4771 ),
 ( #644, #4003, #4724 ),
 ( #3171, #2438, #1362 ),
 ( #966, #2118, #2505 ),
 ( #2877, #553, #989 ),
 ( #3614, #3932, #3955 ),
 ( #2073, #3261, #3636 ),
 ( #276, #2096, #1406 ),
 ( #3593, #232, #256 ),
 ( #1755, #3238, #4283 ),
 ( #1317, #4745, #3570 ),
 ( #206, #1709, #1339 ),
 ( #4376, #1010, #920 ),
 ( #4679, #2051, #3547 ),
 ( #3341, #2217, #2549 ),
 ( #2997, #4421, #1459 ),
 ( #2243, #3688, #4398 ),
 ( #1852, #718, #4078 ),
 ( #4105, #693, #299 ),
 ( #2165, #2950, #4851 ),
 ( #1899, #1485, #2189 ),
 ( #2972, #3759, #3391 ),
 ( #4129, #380, #1433 ),
 ( #1877, #3713, #745 ),
 ( #326, #350, #3286 ),
 ( #3661, #400, #768 ),
 ( #4053, #33, #4449 ),
 ( #1082, #1801, #3739 ),
 ( #1031, #4476, #1055 ),
 ( #4027, #3368, #4797 ),
 ( #9, #2898, #1827 ),
 ( #2527, #1510, #1111 ),
 ( #2925, #4501, #1138 ),
 ( #667, #3313, #4825 ) ),
 .UNSPECIFIED., .F., .F., .F. ) 
 B_SPLINE_SURFACE_WITH_KNOTS ( ( 4, 2, 2, 2, 2, 2, 2, 2, 2, 2, 2, 2, 2, 2, 2, 2, 2, 2, 2, 2, 2, 2, 2, 2, 2, 2, 2, 2, 2, 2, 2, 2, 2, 2, 2, 2, 2, 2, 2, 2, 2, 2, 2, 2, 2, 2, 2, 2, 2, 2, 2, 2, 2, 2, 2, 2, 2, 2, 2, 2, 2, 2, 2, 2, 2, 2, 2, 2, 2, 2, 2, 2, 2, 2, 2, 2, 2, 2, 2, 2, 2, 2, 2, 2, 2, 2, 2, 2, 2, 2, 2, 2, 2, 2, 2, 2, 2, 2, 2, 2, 2, 2, 2, 2, 2, 2, 2, 2, 2, 2, 2, 2, 2, 2, 2, 2, 2, 2, 2, 2, 2, 2, 2, 2, 2, 2, 2, 2, 4 ),
 ( 3, 3 ),
 ( 0.01286043803456200438, 0.01363587277150901320, 0.01441130750845602028, 0.01518674224540302736, 0.01596217698235003618, 0.01673761171929704500, 0.01751304645624405035, 0.01828848119319105570, 0.01906391593013806451, 0.01983935066708507333, 0.02061478540403207868, 0.02139022014097908403, 0.02216565487792609285, 0.02294108961487310167, 0.02371652435182010701, 0.02449195908876711236, 0.02526739382571412118, 0.02604282856266113000, 0.02681826329960813535, 0.02759369803655514070, 0.02836913277350214951, 0.02914456751044915833, 0.02992000224739616368, 0.03069543698434316903, 0.03147087172129017785, 0.03224630645823718667, 0.03302174119518419548, 0.03379717593213120430, 0.03457261066907821312, 0.03534804540602522194, 0.03612348014297223076, 0.03689891487991923957, 0.03767434961686624145, 0.03844978435381324333, 0.03922521909076025215, 0.04000065382770726097, 0.04077608856465426979, 0.04155152330160127860, 0.04232695803854828742, 0.04310239277549529624, 0.04387782751244230506, 0.04465326224938931388, 0.04542869698633632269, 0.04620413172328333151, 0.04697956646023033339, 0.04775500119717733527, 0.04853043593412434409, 0.04930587067107135291, 0.05008130540801836172, 0.05085674014496537054, 0.05163217488191237936, 0.05240760961885938818, 0.05318304435580639006, 0.05395847909275339194, 0.05473391382970040075, 0.05550934856664740957, 0.05628478330359441839, 0.05706021804054142721, 0.05783565277748843603, 0.05861108751443544485, 0.05938652225138244672, 0.06016195698832944860, 0.06093739172527645742, 0.06171282646222346624, 0.06248826119917047506, 0.06326369593611748388, 0.06403913067306449269, 0.06481456541001150151, 0.06559000014695851033, 0.06636543488390551915, 0.06714086962085252797, 0.06791630435779952291, 0.06869173909474653172, 0.06946717383169354054, 0.07024260856864053548, 0.07101804330558754430, 0.07179347804253455312, 0.07256891277948156194, 0.07334434751642857075, 0.07411978225337557957, 0.07489521699032258839, 0.07567065172726959721, 0.07644608646421660603, 0.07722152120116361484, 0.07799695593811062366, 0.07877239067505763248, 0.07954782541200464130, 0.08032326014895163624, 0.08109869488589864506, 0.08187412962284565388, 0.08264956435979264882, 0.08342499909673965763, 0.08420043383368666645, 0.08497586857063367527, 0.08575130330758068409, 0.08652673804452769291, 0.08730217278147470172, 0.08807760751842171054, 0.08885304225536871936, 0.08962847699231572818, 0.09040391172926273700, 0.09117934646620974581, 0.09195478120315675463, 0.09273021594010374957, 0.09350565067705075839, 0.09428108541399776721, 0.09505652015094476215, 0.09583195488789177097, 0.09660738962483877978, 0.09738282436178578860, 0.09815825909873279742, 0.09893369383567980624, 0.09970912857262681506, 0.1004845633095738239, 0.1012599980465208327, 0.1020354327834678415, 0.1028108675204148503, 0.1035863022573618591, 0.1043617369943088680, 0.1051371717312558768, 0.1059126064682028856, 0.1066880412051498944, 0.1074634759420969032, 0.1082389106790439121, 0.1090143454159909209, 0.1097897801529379297, 0.1105652148898849385, 0.1113406496268319334, 0.1121160843637789423 ),
 ( 0.04837910431335464695, 1.000000000000000000 ),
 .UNSPECIFIED. ) 
 GEOMETRIC_REPRESENTATION_ITEM ( )  RATIONAL_B_SPLINE_SURFACE ( (
 ( 0.9866276531798872096, 0.8617962547063801049, 1.000000000000000000),
 ( 0.9866279281168436333, 0.8617990961909449688, 1.000000000000000000),
 ( 0.9866283751080124897, 0.8618037158627558370, 1.000000000000000000),
 ( 0.9866295528076014509, 0.8618158874356447452, 1.000000000000000000),
 ( 0.9866283999781590985, 0.8618039728967269442, 1.000000000000000000),
 ( 0.9866276149532779982, 0.8617958596328264553, 1.000000000000000000),
 ( 0.9866273889921367557, 0.8617935243152921032, 1.000000000000000000),
 ( 0.9866273039379893639, 0.8617926452772391999, 1.000000000000000000),
 ( 0.9866274491627324839, 0.8617941461808322767, 1.000000000000000000),
 ( 0.9866280804245977087, 0.8618006702977448752, 1.000000000000000000),
 ( 0.9866285712518985118, 0.8618057430177528122, 1.000000000000000000),
 ( 0.9866298283559760129, 0.8618187352392426837, 1.000000000000000000),
 ( 0.9866282195745142980, 0.8618021084177600599, 1.000000000000000000),
 ( 0.9866275174140999304, 0.8617948515614768379, 1.000000000000000000),
 ( 0.9866273342263658375, 0.8617929583088339562, 1.000000000000000000),
 ( 0.9866273441799657817, 0.8617930611796934537, 1.000000000000000000),
 ( 0.9866275311777090717, 0.8617949938089329853, 1.000000000000000000),
 ( 0.9866282536169903583, 0.8618024602481277885, 1.000000000000000000),
 ( 0.9866297645232595670, 0.8618180755255367975, 1.000000000000000000),
 ( 0.9866285350419017330, 0.8618053687859701384, 1.000000000000000000),
 ( 0.9866280499406914206, 0.8618003552453399330, 1.000000000000000000),
 ( 0.9866274309471336768, 0.8617939579218826252, 1.000000000000000000),
 ( 0.9866272992462397085, 0.8617925967878168336, 1.000000000000000000),
 ( 0.9866273998212460317, 0.8617936362345758328, 1.000000000000000000),
 ( 0.9866276387030432637, 0.8617961050876120632, 1.000000000000000000),
 ( 0.9866284423865788744, 0.8618044111894606063, 1.000000000000000000),
 ( 0.9866295090836312287, 0.8618154355466448591, 1.000000000000000000),
 ( 0.9866283375746355278, 0.8618033279537873348, 1.000000000000000000),
 ( 0.9866278954730073325, 0.8617987588155761047, 1.000000000000000000),
 ( 0.9866273691747107222, 0.8617933195013934844, 1.000000000000000000),
 ( 0.9866272802270124043, 0.8617924002233320335, 1.000000000000000000),
 ( 0.9866274762678179933, 0.8617944263129879712, 1.000000000000000000),
 ( 0.9866277563734859868, 0.8617973212163974051, 1.000000000000000000),
 ( 0.9866286400717603211, 0.8618064542738069767, 1.000000000000000000),
 ( 0.9866292490591561659, 0.8618127481831769909, 1.000000000000000000),
 ( 0.9866281586686131977, 0.8618014789528104513, 1.000000000000000000),
 ( 0.9866277620003574000, 0.8617973793703413987, 1.000000000000000000),
 ( 0.9866273198939696787, 0.8617928101829410714, 1.000000000000000000),
 ( 0.9866272811842959900, 0.8617924101168961126, 1.000000000000000000),
 ( 0.9866275662370432853, 0.8617953561485700575, 1.000000000000000000),
 ( 0.9866278921833755433, 0.8617987248171002923, 1.000000000000000000),
 ( 0.9866288639519746884, 0.8618087680848779408, 1.000000000000000000),
 ( 0.9866290153160943710, 0.8618103324391779285, 1.000000000000000000),
 ( 0.9866279985983956724, 0.8617998246206374224, 1.000000000000000000),
 ( 0.9866276379468821300, 0.8617960972726570468, 1.000000000000000000),
 ( 0.9866272908691469112, 0.8617925102102231838, 1.000000000000000000),
 ( 0.9866272970396754438, 0.8617925739828844467, 1.000000000000000000),
 ( 0.9866276755028686729, 0.8617964854152950771, 1.000000000000000000),
 ( 0.9866280483954038560, 0.8618003392747306535, 1.000000000000000000),
 ( 0.9866290874512819720, 0.8618110779592603743, 1.000000000000000000),
 ( 0.9866287888562462749, 0.8618079919674884737, 1.000000000000000000),
 ( 0.9866278447623025860, 0.8617982347183921199, 1.000000000000000000),
 ( 0.9866275367386330153, 0.8617950512813082886, 1.000000000000000000),
 ( 0.9866272790470460574, 0.8617923880283321347, 1.000000000000000000),
 ( 0.9866273344865428285, 0.8617929609977741379, 1.000000000000000000),
 ( 0.9866278022891188382, 0.8617977957563207614, 1.000000000000000000),
 ( 0.9866282105018453485, 0.8618020146513613033, 1.000000000000000000),
 ( 0.9866293332342055411, 0.8618136181357171077, 1.000000000000000000),
 ( 0.9866285750069143656, 0.8618057818259937664, 1.000000000000000000),
 ( 0.9866277188693639566, 0.8617969336097782707, 1.000000000000000000),
 ( 0.9866274494059315003, 0.8617941486943037077, 1.000000000000000000),
 ( 0.9866272843180647900, 0.8617924425045245806, 1.000000000000000000),
 ( 0.9866273865406013366, 0.8617934989785739353, 1.000000000000000000),
 ( 0.9866279413598644243, 0.8617992330581003557, 1.000000000000000000),
 ( 0.9866284020372491081, 0.8618039941775059720, 1.000000000000000000),
 ( 0.9866295899498691568, 0.8618162713024853927, 1.000000000000000000),
 ( 0.9866283831884037347, 0.8618037993739265934, 1.000000000000000000),
 ( 0.9866276014618442503, 0.8617957201983141857, 1.000000000000000000),
 ( 0.9866273806263564650, 0.8617934378546147078, 1.000000000000000000),
 ( 0.9866273083840499947, 0.8617926912274544993, 1.000000000000000000),
 ( 0.9866274564703416683, 0.8617942217052683151, 1.000000000000000000),
 ( 0.9866281047837577312, 0.8618009220506481771, 1.000000000000000000),
 ( 0.9866285968271485407, 0.8618060073389959275, 1.000000000000000000),
 ( 0.9866298517170914995, 0.8618189766773156624, 1.000000000000000000),
 ( 0.9866281947038482159, 0.8618018513784209134, 1.000000000000000000),
 ( 0.9866275045591577086, 0.8617947187051274716, 1.000000000000000000),
 ( 0.9866273297266288100, 0.8617929118038704095, 1.000000000000000000),
 ( 0.9866273492501911324, 0.8617931135806762288, 1.000000000000000000),
 ( 0.9866275468157266193, 0.8617951554284777327, 1.000000000000000000),
 ( 0.9866282740556998609, 0.8618026714830179236, 1.000000000000000000),
 ( 0.9866297350919110976, 0.8618177713513583971, 1.000000000000000000),
 ( 0.9866285034687733990, 0.8618050424764119866, 1.000000000000000000),
 ( 0.9866280313904000066, 0.8618001635273281336, 1.000000000000000000),
 ( 0.9866274256826419453, 0.8617939035131463310, 1.000000000000000000),
 ( 0.9866272955853636617, 0.8617925589525130547, 1.000000000000000000),
 ( 0.9866274092864778522, 0.8617937340581287575, 1.000000000000000000),
 ( 0.9866276473764943322, 0.8617961947280787793, 1.000000000000000000),
 ( 0.9866284651745551582, 0.8618046467041179381, 1.000000000000000000),
 ( 0.9866294704725351306, 0.8618150364994042745, 1.000000000000000000),
 ( 0.9866283184497943726, 0.8618031302977796626, 1.000000000000000000),
 ( 0.9866278790048541580, 0.8617985886165466791, 1.000000000000000000),
 ( 0.9866273596722259231, 0.8617932212928283153, 1.000000000000000000),
 ( 0.9866272800891027206, 0.8617923987980299350, 1.000000000000000000),
 ( 0.9866274841774769211, 0.8617945080596319807, 1.000000000000000000),
 ( 0.9866277747704346179, 0.8617975113496046946, 1.000000000000000000),
 ( 0.9866286698980650804, 0.8618067625298729828, 1.000000000000000000),
 ( 0.9866292279137675036, 0.8618125296447303185, 1.000000000000000000),
 ( 0.9866281373979013392, 0.8618012591191408500, 1.000000000000000000),
 ( 0.9866277434259689283, 0.8617971874032855917, 1.000000000000000000),
 ( 0.9866273169136781096, 0.8617927793815073345, 1.000000000000000000),
 ( 0.9866272811962972789, 0.8617924102409307840, 1.000000000000000000),
 ( 0.9866275807775322093, 0.8617955064251116015, 1.000000000000000000),
 ( 0.9866279103477297863, 0.8617989125464353695, 1.000000000000000000),
 ( 0.9866288834895082793, 0.8618089700060790337, 1.000000000000000000),
 ( 0.9866289824110366924, 0.8618099923640760718, 1.000000000000000000),
 ( 0.9866279766834025189, 0.8617995981282952078, 1.000000000000000000),
 ( 0.9866276278142578349, 0.8617959925515740194, 1.000000000000000000),
 ( 0.9866272876104020817, 0.8617924765309633583, 1.000000000000000000),
 ( 0.9866273023312264190, 0.8617926286712791484, 1.000000000000000000),
 ( 0.9866276891623226852, 0.8617966265863051811, 1.000000000000000000),
 ( 0.9866280650501506599, 0.8618005114022130320, 1.000000000000000000),
 ( 0.9866291230919363997, 0.8618114463068650144, 1.000000000000000000),
 ( 0.9866287635429474845, 0.8618077303535220945, 1.000000000000000000),
 ( 0.9866278337997383963, 0.8617981214198480178, 1.000000000000000000),
 ( 0.9866275233958825552, 0.8617949133834420516, 1.000000000000000000),
 ( 0.9866272787736115601, 0.8617923852023763320, 1.000000000000000000),
 ( 0.9866273373943930114, 0.8617929910505236490, 1.000000000000000000),
 ( 0.9866278179041125806, 0.8617979571379121850, 1.000000000000000000),
 ( 0.9866282386166078666, 0.8618023052185681543, 1.000000000000000000),
 ( 0.9866293606471527866, 0.8618139014496347672, 1.000000000000000000),
 ( 0.9866285519534052639, 0.8618055435670445297, 1.000000000000000000),
 ( 0.9866276992169602522, 0.8617967305013920498, 1.000000000000000000),
 ( 0.9866274410841171516, 0.8617940626880163935, 1.000000000000000000),
 ( 0.9866272864566003609, 0.8617924646063757077, 1.000000000000000000),
 ( 0.9866273955786553085, 0.8617935923872283022, 1.000000000000000000),
 ( 0.9866279627463727664, 0.8617994540885294263, 1.000000000000000000),
 ( 0.9866284173675204938, 0.8618041526164808008, 1.000000000000000000),
 ( 0.9866296214472611847, 0.8618165968293053369, 1.000000000000000000),
 ( 0.9866283541703391169, 0.8618034994710553898, 1.000000000000000000),
 ( 0.9866275885550913616, 0.8617955868065001468, 1.000000000000000000),
 ( 0.9866273713651130262, 0.8617933421392892646, 1.000000000000000000),
 ( 0.9866273136774462715, 0.8617927459349192798, 1.000000000000000000),
 ( 0.9866274674632080632, 0.8617943353169885690, 1.000000000000000000),
 ( 0.9866281254315145688, 0.8618011354460497486, 1.000000000000000000),
 ( 0.9866286317558878860, 0.8618063683289285404, 1.000000000000000000),
 ( 0.9866298946857573471, 0.8618194207602162260, 1.000000000000000000),
 ( 0.9866281732047137432, 0.8618016291839970533, 1.000000000000000000),
 ( 0.9866274887834846075, 0.8617945556629083015, 1.000000000000000000),
 ( 0.9866273236766296417, 0.8617928492768838211, 1.000000000000000000),
 ( 0.9866273567899512820, 0.8617931915044019231, 1.000000000000000000),
 ( 0.9866275611905439558, 0.8617953039927952474, 1.000000000000000000),
 ( 0.9866283046364636711, 0.8618029875364490167, 1.000000000000000000),
 ( 0.9866296997604526720, 0.8618174061993066903, 1.000000000000000000),
 ( 0.9866284794072631703, 0.8618047937997302954, 1.000000000000000000),
 ( 0.9866280051705359488, 0.8617998925439718239, 1.000000000000000000),
 ( 0.9866274149055083154, 0.8617937921310359073, 1.000000000000000000),
 ( 0.9866272916561995565, 0.8617925183444435921, 1.000000000000000000),
 ( 0.9866274197857956008, 0.8617938425690022664, 1.000000000000000000),
 ( 0.9866276677165934927, 0.8617964049438259222, 1.000000000000000000),
 ( 0.9866284911654236156, 0.8618049153207948399, 1.000000000000000000),
 ( 0.9866294316947274989, 0.8618146357291934789, 1.000000000000000000),
 ( 0.9866282869916576104, 0.8618028051766638553, 1.000000000000000000),
 ( 0.9866278604018654530, 0.8617983963539073144, 1.000000000000000000),
 ( 0.9866273534282610225, 0.8617931567611968324, 1.000000000000000000),
 ( 0.9866272794239570043, 0.8617923919237232555, 1.000000000000000000),
 ( 0.9866274979068596629, 0.8617946499533587490, 1.000000000000000000),
 ( 0.9866277893612931393, 0.8617976621467186016, 1.000000000000000000),
 ( 0.9866287045843491477, 0.8618071210140223481, 1.000000000000000000),
 ( 0.9866291875319466165, 0.8618121122969768511, 1.000000000000000000),
 ( 0.9866281168516575217, 0.8618010467728802748, 1.000000000000000000),
 ( 0.9866277240985035224, 0.8617969876531469398, 1.000000000000000000),
 ( 0.9866273105338402294, 0.8617927134456235816, 1.000000000000000000),
 ( 0.9866272829875483152, 0.8617924287535827510, 1.000000000000000000),
 ( 0.9866275937632744686, 0.8617956406332826225, 1.000000000000000000),
 ( 0.9866279354340119490, 0.8617991718141764235, 1.000000000000000000),
 ( 0.9866289188996897330, 0.8618093359717374780, 1.000000000000000000),
 ( 0.9866289541589292611, 0.8618097003774033427, 1.000000000000000000),
 ( 0.9866279501173413902, 0.8617993235669800800, 1.000000000000000000),
 ( 0.9866276103443221146, 0.8617958119990817289, 1.000000000000000000),
 ( 0.9866272863796943238, 0.8617924638115480596, 1.000000000000000000),
 ( 0.9866273064949747651, 0.8617926717037852624, 1.000000000000000000),
 ( 0.9866277091772477359, 0.8617968334413649290, 1.000000000000000000),
 ( 0.9866280867463905757, 0.8618007356337289426, 1.000000000000000000),
 ( 0.9866291527875412637, 0.8618117532121432056, 1.000000000000000000),
 ( 0.9866287275248324384, 0.8618073581048451004, 1.000000000000000000),
 ( 0.9866278128202936593, 0.8617979045964374585, 1.000000000000000000),
 ( 0.9866275113470042157, 0.8617947888577957016, 1.000000000000000000),
 ( 0.9866272777557543172, 0.8617923746827802489, 1.000000000000000000),
 ( 0.9866273464196508858, 0.8617930843269276941, 1.000000000000000000),
 ( 0.9866278361508113992, 0.8617981457182822824, 1.000000000000000000),
 ( 0.9866282655218057140, 0.8618025832848766887, 1.000000000000000000),
 ( 0.9866294029794895337, 0.8618143389560481982, 1.000000000000000000),
 ( 0.9866285256327720354, 0.8618052715422358512, 1.000000000000000000),
 ( 0.9866276845583010768, 0.8617965790035565510, 1.000000000000000000),
 ( 0.9866274289092151761, 0.8617939368599119021, 1.000000000000000000),
 ( 0.9866272895503326312, 0.8617924965802244985, 1.000000000000000000),
 ( 0.9866274023325778408, 0.8617936621892914317, 1.000000000000000000),
 ( 0.9866279875420959078, 0.8617997103533311387, 1.000000000000000000),
 ( 0.9866284510593126278, 0.8618045008225156955, 1.000000000000000000),
 ( 0.9866296553478777209, 0.8618169471935489545, 1.000000000000000000),
 ( 0.9866283264095792038, 0.8618032125624793816, 1.000000000000000000),
 ( 0.9866275735728899932, 0.8617954319648439832, 1.000000000000000000),
 ( 0.9866273658612794151, 0.8617932852569450963, 1.000000000000000000),
 ( 0.9866273171775022943, 0.8617927821081398099, 1.000000000000000000),
 ( 0.9866274809158841474, 0.8617944743509389216, 1.000000000000000000),
 ( 0.9866281461651356111, 0.8618013497288636859, 1.000000000000000000),
 ( 0.9866292114840748972, 0.8618123598431913779, 1.000000000000000000),
 ( 0.9866293752534815997, 0.8618140524066350006, 1.000000000000000000),
 ( 0.9866281512268619824, 0.8618014020420096122, 1.000000000000000000),
 ( 0.9866274830703053444, 0.8617944966169703847, 1.000000000000000000),
 ( 0.9866273181559870320, 0.8617927922208196145, 1.000000000000000000),
 ( 0.9866273644549787836, 0.8617932707227724531, 1.000000000000000000),
 ( 0.9866275697142538048, 0.8617953920856827876, 1.000000000000000000),
 ( 0.9866283243431419603, 0.8618031912057664279, 1.000000000000000000),
 ( 0.9866296597465054052, 0.8618169926535438341, 1.000000000000000000),
 ( 0.9866284568834571278, 0.8618045610152853531, 1.000000000000000000),
 ( 0.9866279889404212522, 0.8617997248050802694, 1.000000000000000000),
 ( 0.9866274032356363577, 0.8617936715224379096, 1.000000000000000000),
 ( 0.9866272900480123065, 0.8617925017237640928, 1.000000000000000000),
 ( 0.9866274268073740306, 0.8617939151373003037, 1.000000000000000000),
 ( 0.9866276835074954121, 0.8617965681434375247, 1.000000000000000000),
 ( 0.9866285202649256458, 0.8618052160653245641, 1.000000000000000000),
 ( 0.9866294087521916278, 0.8618143986171572513, 1.000000000000000000),
 ( 0.9866282667716026467, 0.8618025962015789521, 1.000000000000000000),
 ( 0.9866278397951301349, 0.8617981833824626126, 1.000000000000000000),
 ( 0.9866273482898511027, 0.8617931036555235291, 1.000000000000000000),
 ( 0.9866272778054150372, 0.8617923751960253620, 1.000000000000000000),
 ( 0.9866275102526873564, 0.8617947775479867234, 1.000000000000000000),
 ( 0.9866278082881116962, 0.8617978577561535847, 1.000000000000000000),
 ( 0.9866287229525250169, 0.8618073108498633950, 1.000000000000000000),
 ( 0.9866291544189480511, 0.8618117700727978558, 1.000000000000000000),
 ( 0.9866280922824650634, 0.8618007928492842362, 1.000000000000000000),
 ( 0.9866277126796816344, 0.8617968696391624661, 1.000000000000000000),
 ( 0.9866273064625989964, 0.8617926713691823615, 1.000000000000000000),
 ( 0.9866272860465434835, 0.8617924603684218310, 1.000000000000000000),
 ( 0.9866276069658475034, 0.8617957770824097308, 1.000000000000000000),
 ( 0.9866279489393880997, 0.8617993113927844284, 1.000000000000000000),
 ( 0.9866289527827407646, 0.8618096861544396470, 1.000000000000000000),
 ( 0.9866289248421535873, 0.8618093973873416358, 1.000000000000000000),
 ( 0.9866279389585188575, 0.8617992082400964815, 1.000000000000000000),
 ( 0.9866275955739680636, 0.8617956593468751869, 1.000000000000000000),
 ( 0.9866272839526989413, 0.8617924387284532362, 1.000000000000000000),
 ( 0.9866273088663490842, 0.8617926962120365797, 1.000000000000000000),
 ( 0.9866277222522996659, 0.8617969685725569429, 1.000000000000000000),
 ( 0.9866281128988955151, 0.8618010059209252338, 1.000000000000000000),
 ( 0.9866291815544481203, 0.8618120505192882197, 1.000000000000000000),
 ( 0.9866287054781759380, 0.8618071302517595900, 1.000000000000000000),
 ( 0.9866277911347822727, 0.8617976804757996323, 1.000000000000000000),
 ( 0.9866275006887277321, 0.8617946787040783319, 1.000000000000000000),
 ( 0.9866272791731407477, 0.8617923893315272421, 1.000000000000000000),
 ( 0.9866273531167445432, 0.8617931535416629707, 1.000000000000000000),
 ( 0.9866278563388507505, 0.8617983543624859744, 1.000000000000000000),
 ( 0.9866282811441796641, 0.8618027447427433207, 1.000000000000000000),
 ( 0.9866294306787148916, 0.8618146252286641440, 1.000000000000000000),
 ( 0.9866284957433558711, 0.8618049626339100433, 1.000000000000000000),
 ( 0.9866276716730215668, 0.8617964458336709876, 1.000000000000000000),
 ( 0.9866274205647163065, 0.8617938506191790138, 1.000000000000000000),
 ( 0.9866272914609177658, 0.8617925163261984656, 1.000000000000000000),
 ( 0.9866274123512907002, 0.8617937657330926315, 1.000000000000000000),
 ( 0.9866280013000801041, 0.8617998525426551204, 1.000000000000000000),
 ( 0.9866284779642626734, 0.8618047788862616132, 1.000000000000000000),
 ( 0.9866296940002923233, 0.8618173466678173966, 1.000000000000000000),
 ( 0.9866283096198302793, 0.8618030390397444229, 1.000000000000000000),
 ( 0.9866275618975923756, 0.8617953113001698418, 1.000000000000000000),
 ( 0.9866273583846084660, 0.8617932079852490546, 1.000000000000000000),
 ( 0.9866273224854189561, 0.8617928369656739918, 1.000000000000000000),
 ( 0.9866274860715040784, 0.8617945276344809447, 1.000000000000000000),
 ( 0.9866278297412315323, 0.8617980794750150775, 1.000000000000000000) ) ) 
 REPRESENTATION_ITEM ( '' )  SURFACE ( )  );
#2666 = CARTESIAN_POINT ( 'NONE',  ( 2.309561266488476594, -6.439921938965895265, 3.237901147338712260 ) ) ;
#2667 = CARTESIAN_POINT ( 'NONE',  ( 2.331303163367845155, -5.183809106228186359, 3.143789711387985797 ) ) ;
#2668 = CARTESIAN_POINT ( 'NONE',  ( -4.500000000000000888, -1.999999999999999112, 2.598076211353318232 ) ) ;
#2669 = CARTESIAN_POINT ( 'NONE',  ( 3.201057951739542329, -8.110592087432301867, 0.000000000000000000 ) ) ;
#2670 = ORIENTED_EDGE ( 'NONE', *, *, #1028, .T. ) ;
#2671 = VECTOR ( 'NONE', #2920, 1000.000000000000000 ) ;
#2672 = CARTESIAN_POINT ( 'NONE',  ( -2.263489784646150582, -4.003044276204068552, -2.263489784646150582 ) ) ;
#2673 = CARTESIAN_POINT ( 'NONE',  ( 3.256561364220377008, -4.070840595473027790, 2.284385438989206651 ) ) ;
#2674 = CARTESIAN_POINT ( 'NONE',  ( -3.759956583273590613, -4.487038586741081581, -1.084676963373940151 ) ) ;
#2675 = CARTESIAN_POINT ( 'NONE',  ( -5.701544499533412370E-16, -3.620731372272985471, 3.103776263492489917 ) ) ;
#2676 = CARTESIAN_POINT ( 'NONE',  ( -3.051985215944395868, -3.589782321465028403, -2.544458320768686388 ) ) ;
#2677 = CARTESIAN_POINT ( 'NONE',  ( -2.822868820010948632, -7.439933407932737275, -1.426699219716706102 ) ) ;
#2678 = DIRECTION ( 'NONE',  ( 0.000000000000000000, 0.000000000000000000, 1.000000000000000000 ) ) ;
#2679 = CARTESIAN_POINT ( 'NONE',  ( 3.201057951739542329, -2.126907912567708170, 0.000000000000000000 ) ) ;
#2680 = CARTESIAN_POINT ( 'NONE',  ( 2.515036510766225999E-16, -5.984659090909094203, -4.107366323934855679 ) ) ;
#2681 = CARTESIAN_POINT ( 'NONE',  ( -1.157946908593293633, -2.111319996061608695, 3.724080216136115951 ) ) ;
#2682 = CARTESIAN_POINT ( 'NONE',  ( -2.938482180953521539, -5.676178032957312602, 2.564255008496322041 ) ) ;
#2683 = CARTESIAN_POINT ( 'NONE',  ( -3.090110889849175368, -2.350930452969761220, -2.503874125693370534 ) ) ;
#2684 = CARTESIAN_POINT ( 'NONE',  ( -3.157205325566148524, -6.655580552437459829, 2.413503783406963255 ) ) ;
#2685 = ORIENTED_EDGE ( 'NONE', *, *, #4208, .T. ) ;
#2686 = APPROVAL_DATE_TIME ( #4561, #4519 ) ;
#2687 = CARTESIAN_POINT ( 'NONE',  ( -3.338698624293788164, -4.754556950856697384, -2.014807678385283296 ) ) ;
#2688 = CARTESIAN_POINT ( 'NONE',  ( -3.706439023679104938, -4.596385820064959660, 1.212809040654651893 ) ) ;
#2689 = CARTESIAN_POINT ( 'NONE',  ( -1.175250069046864798, -5.922652417051824436, -3.799433544360880433 ) ) ;
#2690 = CARTESIAN_POINT ( 'NONE',  ( -3.673623110101964073, -5.526001808096554946, 1.350317193756193968 ) ) ;
#2691 = CARTESIAN_POINT ( 'NONE',  ( 1.325921617552759946, -2.554342087432311281, 3.201057951739542329 ) ) ;
#2692 = CARTESIAN_POINT ( 'NONE',  ( -2.263489784646150582, -3.059455723795947435, -2.263489784646150582 ) ) ;
#2693 = CARTESIAN_POINT ( 'NONE',  ( -3.224386017469764276, -4.324411631339779127, 2.218725455856570772 ) ) ;
#2694 = CARTESIAN_POINT ( 'NONE',  ( 1.138521112788716039, -4.778373408091510122, -3.743923714962114957 ) ) ;
#2695 = CARTESIAN_POINT ( 'NONE',  ( -3.103776263492488585, -6.400291354999752436, -1.285626222910278837 ) ) ;
#2696 = CARTESIAN_POINT ( 'NONE',  ( -3.848869836773453290, -3.415899012894204390, 0.9867793296921654189 ) ) ;
#2697 = DIRECTION ( 'NONE',  ( -0.000000000000000000, 1.000000000000000000, -0.000000000000000000 ) ) ;
#2698 = DIRECTION ( 'NONE',  ( 0.000000000000000000, -1.000000000000000000, 0.000000000000000000 ) ) ;
#2699 = CARTESIAN_POINT ( 'NONE',  ( 3.201057951739541885, -2.199067003476798288, 1.325921617552761278 ) ) ;
#2700 = CARTESIAN_POINT ( 'NONE',  ( 1.701326837008341863, -5.335227272727276926, 4.107366323934854790 ) ) ;
#2701 = VERTEX_POINT ( 'NONE', #1116 ) ;
#2702 = EDGE_CURVE ( 'NONE', #865, #2526, #3102, .T. ) ;
#2703 = CARTESIAN_POINT ( 'NONE',  ( -3.444659516550338640, -2.435155609553794509, -1.828399209954650217 ) ) ;
#2704 = CARTESIAN_POINT ( 'NONE',  ( -1.775334681972903894, -5.891021124712766621, -3.559351763611344310 ) ) ;
#2705 = CARTESIAN_POINT ( 'NONE',  ( 3.063916528829714103, -2.930070225923268712, 2.535555191674294662 ) ) ;
#2706 = CARTESIAN_POINT ( 'NONE',  ( 0.000000000000000000, -2.000000000000000000, 0.000000000000000000 ) ) ;
#2707 = ORIENTED_EDGE ( 'NONE', *, *, #4721, .F. ) ;
#2708 = EDGE_CURVE ( 'NONE', #730, #4578, #1806, .T. ) ;
#2709 = CIRCLE ( 'NONE', #3025, 4.499999999999999112 ) ;
#2710 = CARTESIAN_POINT ( 'NONE',  ( -2.768558974161018593, -4.510340277801690334, 2.746089686776320704 ) ) ;
#2711 = CARTESIAN_POINT ( 'NONE',  ( -3.577401231097240064, -4.532882398995371709, 1.729123384383036255 ) ) ;
#2712 = CARTESIAN_POINT ( 'NONE',  ( -3.395845811753108290, -5.789959016901482514, -2.069947099258516054 ) ) ;
#2713 = CARTESIAN_POINT ( 'NONE',  ( -3.940922514705959667, -5.644713691664348332, -0.5120807016538180267 ) ) ;
#2714 = CARTESIAN_POINT ( 'NONE',  ( -2.263489784646150582, -3.059455723795947435, -2.263489784646150582 ) ) ;
#2715 = DIRECTION ( 'NONE',  ( -0.000000000000000000, 1.000000000000000000, 1.015892941693919779E-16 ) ) ;
#2716 = CARTESIAN_POINT ( 'NONE',  ( 2.263489784646150582, -4.502637541977763114, -2.263489784646150582 ) ) ;
#2717 = CARTESIAN_POINT ( 'NONE',  ( -3.913347417049797716, -4.438720755849300481, -0.06513679818294089430 ) ) ;
#2718 = CARTESIAN_POINT ( 'NONE',  ( 1.525361857416406064, -5.228261606831907216, 3.603590862668491379 ) ) ;
#2719 = CARTESIAN_POINT ( 'NONE',  ( 2.194701243201384155, -2.033231372272987780, -2.194701243201383267 ) ) ;
#2720 = CARTESIAN_POINT ( 'NONE',  ( -2.974151371070469452, -3.327620637141801563, 2.634830537810698203 ) ) ;
#2721 = CARTESIAN_POINT ( 'NONE',  ( 1.487058531049654020, -3.021362674549413985, 3.689527850497738015 ) ) ;
#2722 = DIRECTION ( 'NONE',  ( 0.000000000000000000, -0.000000000000000000, -1.000000000000000000 ) ) ;
#2723 = CARTESIAN_POINT ( 'NONE',  ( 0.000000000000000000, -1.999999999999999112, 1.734723475976807094E-15 ) ) ;
#2724 = CARTESIAN_POINT ( 'NONE',  ( -2.904346580471597772, -4.685795454545459648, -2.904346580471598216 ) ) ;
#2725 = ORIENTED_EDGE ( 'NONE', *, *, #1778, .T. ) ;
#2726 = CARTESIAN_POINT ( 'NONE',  ( -2.968576102855740473, -2.172712296395677978, 2.641307765876144131 ) ) ;
#2727 = CARTESIAN_POINT ( 'NONE',  ( -3.589117754220378487, -2.202350066760800473, -1.560876770845021744 ) ) ;
#2728 = CARTESIAN_POINT ( 'NONE',  ( -3.849864531457939609, -5.837320883091597246, -0.6232887851488192466 ) ) ;
#2729 = CARTESIAN_POINT ( 'NONE',  ( 1.868540300108180396, -2.604025815126207899, -3.510892074366682269 ) ) ;
#2730 = DIRECTION ( 'NONE',  ( 0.000000000000000000, -1.000000000000000000, 0.000000000000000000 ) ) ;
#2731 = VERTEX_POINT ( 'NONE', #3347 ) ;
#2732 = PERSON_AND_ORGANIZATION_ROLE ( 'creator' ) ;
#2733 = CARTESIAN_POINT ( 'NONE',  ( 1.381884938173818078, -5.009150397703328927, -3.646410054776863419 ) ) ;
#2734 = CARTESIAN_POINT ( 'NONE',  ( -3.851205877429987989, -4.682322144305480549, -0.6137209965926824218 ) ) ;
#2735 = CARTESIAN_POINT ( 'NONE',  ( -2.274210178563175866, -7.393154577741350764, 2.277086585230083227 ) ) ;
#2736 = CARTESIAN_POINT ( 'NONE',  ( -2.243367574642991968, -5.511701623391632943, 3.285206400858677878 ) ) ;
#2737 = ORIENTED_EDGE ( 'NONE', *, *, #3877, .T. ) ;
#2738 = CARTESIAN_POINT ( 'NONE',  ( 0.000000000000000000, 7.500000000000000888, -2.249999999999997335 ) ) ;
#2739 = CARTESIAN_POINT ( 'NONE',  ( -0.7500000000000011102, -1.953601367524366195, -4.763139720814412392 ) ) ;
#2740 = CARTESIAN_POINT ( 'NONE',  ( -5.880248061724518771E-16, -1.471955723795949966, 3.201057951739542329 ) ) ;
#2741 = CARTESIAN_POINT ( 'NONE',  ( -3.273083089170100379, -4.355600418405558116, 2.254150415475216551 ) ) ;
#2742 = CARTESIAN_POINT ( 'NONE',  ( 0.2561898158469621545, -4.135908188724119583, 3.904800704089544716 ) ) ;
#2743 = CARTESIAN_POINT ( 'NONE',  ( -5.701544499533412370E-16, -6.039495900454299182, 3.103776263492489917 ) ) ;
#2744 = CARTESIAN_POINT ( 'NONE',  ( -2.220950790960367627, -3.676054221977366421, -3.205778422240300074 ) ) ;
#2745 = CARTESIAN_POINT ( 'NONE',  ( -3.472338978664399445, -3.286137181686357600, 1.940649870525173126 ) ) ;
#2746 = CIRCLE ( 'NONE', #1740, 3.250000000000002220 ) ;
#2747 = DIRECTION ( 'NONE',  ( 0.000000000000000000, 0.000000000000000000, 1.000000000000000000 ) ) ;
#2748 = CARTESIAN_POINT ( 'NONE',  ( 2.677805238685174061, -2.423763591070705381, 1.726182247957010363 ) ) ;
#2749 = CARTESIAN_POINT ( 'NONE',  ( -2.904346580471597772, -3.531250000000007550, -2.904346580471598216 ) ) ;
#2750 = EDGE_LOOP ( 'NONE', ( #455, #1273, #154, #2938, #2011, #3763 ) ) ;
#2751 = CARTESIAN_POINT ( 'NONE',  ( -3.079635958688403896, -2.222847061594207752, 2.392602410034756932 ) ) ;
#2752 = CARTESIAN_POINT ( 'NONE',  ( 0.3033316000304627225, -2.429099578734705833, -3.902120791563397528 ) ) ;
#2753 = CARTESIAN_POINT ( 'NONE',  ( -3.799808833844192879, -5.824517242259804384, -1.162114025384475280 ) ) ;
#2754 = CARTESIAN_POINT ( 'NONE',  ( -2.875363471703014540, -2.084831262579413202, 2.747525703715530287 ) ) ;
#2755 = DIRECTION ( 'NONE',  ( -0.000000000000000000, 1.000000000000000000, -0.000000000000000000 ) ) ;
#2756 = CARTESIAN_POINT ( 'NONE',  ( -0.6331862001850837585, -6.485459409915707241, 3.862316672285482255 ) ) ;
#2757 = PERSON_AND_ORGANIZATION_ROLE ( 'design_owner' ) ;
#2758 = CARTESIAN_POINT ( 'NONE',  ( -3.832873622046210738, -4.620905731248235782, 0.7174871704266712058 ) ) ;
#2759 = CARTESIAN_POINT ( 'NONE',  ( -3.155228450016892783, -4.495045008119852525, 2.415303308626583156 ) ) ;
#2760 = CARTESIAN_POINT ( 'NONE',  ( -2.403800522257447891, -4.702704668022337664, -3.168476557975394403 ) ) ;
#2761 = CARTESIAN_POINT ( 'NONE',  ( -1.521999658494123553, -5.405363985796162396, 3.671039335219928645 ) ) ;
#2762 = ORIENTED_EDGE ( 'NONE', *, *, #3845, .T. ) ;
#2763 = CARTESIAN_POINT ( 'NONE',  ( -3.201057951739542329, -2.915137541977765423, -3.920165374483013007E-16 ) ) ;
#2764 = ADVANCED_FACE ( 'NONE', ( #1881 ), #1514, .F. ) ;
#2765 = PRODUCT ( '2408K31_Zinc-Plated Steel Grease Fitting', '2408K31_Zinc-Plated Steel Grease Fitting', '', ( #2343 ) ) ;
#2766 = CARTESIAN_POINT ( 'NONE',  ( 0.000000000000000000, 3.499999999999999556, 2.941287793933206948E-15 ) ) ;
#2767 = CARTESIAN_POINT ( 'NONE',  ( -5.880248061724518771E-16, -3.781046632886855274, 3.201057951739542329 ) ) ;
#2768 = CARTESIAN_POINT ( 'NONE',  ( 0.5235166776767404828, -4.155135873274853786, 3.939521208593423918 ) ) ;
#2769 = CARTESIAN_POINT ( 'NONE',  ( -3.889133249215642962, -3.261824896730634915, 0.4329279988613730645 ) ) ;
#2770 = CARTESIAN_POINT ( 'NONE',  ( 3.103776263492488585, -5.823018627727026164, 1.285626222910280392 ) ) ;
#2771 = ADVANCED_FACE ( 'NONE', ( #1413 ), #2665, .T. ) ;
#2772 = CARTESIAN_POINT ( 'NONE',  ( -2.477680995058995972, -3.542967879828494482, -3.111574697251233701 ) ) ;
#2773 = CARTESIAN_POINT ( 'NONE',  ( -1.451379695220645694, -3.160237593281988833, 3.703853642771118171 ) ) ;
#2774 = DIRECTION ( 'NONE',  ( -1.000000000000000000, -2.249639673992797140E-31, 1.224646799147353207E-16 ) ) ;
#2775 = CARTESIAN_POINT ( 'NONE',  ( -4.500000000000000888, -1.999999999999999112, 2.598076211353318232 ) ) ;
#2776 = CARTESIAN_POINT ( 'NONE',  ( 4.107366323934855679, -1.582954545454556827, -1.701326837008340753 ) ) ;
#2777 = VERTEX_POINT ( 'NONE', #2599 ) ;
#2778 = ORIENTED_EDGE ( 'NONE', *, *, #3999, .T. ) ;
#2779 = CARTESIAN_POINT ( 'NONE',  ( 2.690357550002212772, -2.732610590103643489, -2.924185217820933769 ) ) ;
#2780 = CARTESIAN_POINT ( 'NONE',  ( -2.853182532214392442, -2.265847002425930956, -2.679188264915627560 ) ) ;
#2781 = CARTESIAN_POINT ( 'NONE',  ( -3.290229343677214313, -5.913530561804026142, -2.093641901503277669 ) ) ;
#2782 = CARTESIAN_POINT ( 'NONE',  ( -2.263489784646151026, -7.389001178341394471, 2.263489784646150582 ) ) ;
#2783 = CARTESIAN_POINT ( 'NONE',  ( 0.000000000000000000, 6.000000000000007994, -1.836970198721030674E-16 ) ) ;
#2784 = CARTESIAN_POINT ( 'NONE',  ( -0.6980644539146125815, -6.657847967830609726, 3.882836447216151843 ) ) ;
#2785 = CARTESIAN_POINT ( 'NONE',  ( 0.4054526467889242869, -6.115675799408060165, -3.878312351637285715 ) ) ;
#2786 = CARTESIAN_POINT ( 'NONE',  ( -2.250049088813058873, -4.793123624077614942, -3.275018372804650468 ) ) ;
#2787 = CARTESIAN_POINT ( 'NONE',  ( -2.605177465168663442, -4.690891573037103690, -3.004946230699531373 ) ) ;
#2788 = CARTESIAN_POINT ( 'NONE',  ( -3.370426629507481842, -5.518441503162276440, 2.105672031961035806 ) ) ;
#2789 = DIRECTION ( 'NONE',  ( 0.000000000000000000, -1.000000000000000000, 0.000000000000000000 ) ) ;
#2790 = AXIS2_PLACEMENT_3D ( 'NONE', #749, #2629, #3000 ) ;
#2791 = AXIS2_PLACEMENT_3D ( 'NONE', #1817, #290, #3276 ) ;
#2792 = CARTESIAN_POINT ( 'NONE',  ( 3.201057951739542773, -3.209294276204070151, -1.325921617552759058 ) ) ;
#2793 = EDGE_CURVE ( 'NONE', #2229, #2526, #4287, .T. ) ;
#2794 = CARTESIAN_POINT ( 'NONE',  ( -4.107366323934855679, -6.850568181818184499, -5.030073021532451998E-16 ) ) ;
#2795 = AXIS2_PLACEMENT_3D ( 'NONE', #2417, #3753, #2302 ) ;
#2796 = CARTESIAN_POINT ( 'NONE',  ( -1.096366549961858672, -4.297016833923541057, 3.823792236531772915 ) ) ;
#2797 = CARTESIAN_POINT ( 'NONE',  ( -2.491634643456122067, -3.442501952233318452, -3.017351885019275759 ) ) ;
#2798 = CARTESIAN_POINT ( 'NONE',  ( 2.194701243201382823, -1.167322281363898373, 2.194701243201384155 ) ) ;
#2799 = CARTESIAN_POINT ( 'NONE',  ( 2.236416920828444344, -3.901235858217175778, -3.194886541555867598 ) ) ;
#2800 = CARTESIAN_POINT ( 'NONE',  ( -1.702340712408068724, -3.105654308384887763, 3.590974000671748545 ) ) ;
#2801 = CARTESIAN_POINT ( 'NONE',  ( 3.477996120674658798, -7.118817283158497489, 0.3074039597304398241 ) ) ;
#2802 = CARTESIAN_POINT ( 'NONE',  ( 0.8645907196579227794, -2.440420575298570149, 3.022877305379098711 ) ) ;
#2803 = EDGE_LOOP ( 'NONE', ( #3312, #3414, #3168, #3625 ) ) ;
#2804 = CARTESIAN_POINT ( 'NONE',  ( 2.880517616067427067, -2.744096290338273736, -2.736857724684964577 ) ) ;
#2805 = CARTESIAN_POINT ( 'NONE',  ( -2.049106988876684632, -2.346556290653713628, -3.405007910095298573 ) ) ;
#2806 = CARTESIAN_POINT ( 'NONE',  ( -0.2314437528626129004, -6.048961323277070257, -3.966634944909366745 ) ) ;
#2807 = CARTESIAN_POINT ( 'NONE',  ( 2.263489784646150582, -4.502637541977763114, -2.263489784646150582 ) ) ;
#2808 = CARTESIAN_POINT ( 'NONE',  ( 0.000000000000000000, 0.4738549290423901272, 1.734723475976807094E-15 ) ) ;
#2809 = CARTESIAN_POINT ( 'NONE',  ( -0.6200608834653832391, -6.669233687414079625, 3.884430548231414537 ) ) ;
#2810 = CARTESIAN_POINT ( 'NONE',  ( -2.679020362692373425, -5.957984877415549718, -2.833489495794214275 ) ) ;
#2811 = CARTESIAN_POINT ( 'NONE',  ( 2.656780067792885891, -5.080905267475098519, -2.854838143698007702 ) ) ;
#2812 = CARTESIAN_POINT ( 'NONE',  ( -3.969307611339568442, -4.523130785326809900, 0.2503953730620982476 ) ) ;
#2813 = CARTESIAN_POINT ( 'NONE',  ( -3.537653263322783737, -5.709109829102890998, -1.810622228501297171 ) ) ;
#2814 = ORIENTED_EDGE ( 'NONE', *, *, #4019, .T. ) ;
#2815 = CARTESIAN_POINT ( 'NONE',  ( -3.201057951739543217, -7.250203367113153163, 1.325921617552758169 ) ) ;
#2816 = B_SPLINE_CURVE_WITH_KNOTS ( 'NONE', 3,
 ( #3220, #2879, #4773, #3980 ),
 .UNSPECIFIED., .F., .F.,
 ( 4, 4 ),
 ( 0.006952958434458174700, 0.009559955151766243858 ),
 .UNSPECIFIED. ) ;
#2817 = CARTESIAN_POINT ( 'NONE',  ( -3.891221413206976454, -2.356420377516941667, -0.2548547263935777019 ) ) ;
#2818 = CARTESIAN_POINT ( 'NONE',  ( -1.701326837008340309, -5.912500000000004086, -4.107366323934855679 ) ) ;
#2819 = CARTESIAN_POINT ( 'NONE',  ( 0.1102692647593464942, -4.760861608737071649, -3.972749927116231206 ) ) ;
#2820 = CARTESIAN_POINT ( 'NONE',  ( -0.6323261606473026264, -3.541058761340273975, -3.861770320386515465 ) ) ;
#2821 = CARTESIAN_POINT ( 'NONE',  ( -2.194701243201384155, -5.029268627727029539, 2.194701243201383267 ) ) ;
#2822 = AXIS2_PLACEMENT_3D ( 'NONE', #170, #1204, #539 ) ;
#2823 = CARTESIAN_POINT ( 'NONE',  ( -1.767543990659197650, -3.701374238131518002, -3.476407031817534854 ) ) ;
#2824 = CARTESIAN_POINT ( 'NONE',  ( 1.509476166280729004, -3.642831700642699566, -3.611138204533572704 ) ) ;
#2825 = CARTESIAN_POINT ( 'NONE',  ( -2.372076121488649214, -6.576899342316412600, 3.112366151412087500 ) ) ;
#2826 = CARTESIAN_POINT ( 'NONE',  ( 2.249999999999997780, 0.4738549290423901272, -3.897114317029971353 ) ) ;
#2827 = ADVANCED_FACE ( 'NONE', ( #1604 ), #2546, .T. ) ;
#2828 = VECTOR ( 'NONE', #2874, 999.9999999999998863 ) ;
#2829 = ORIENTED_EDGE ( 'NONE', *, *, #2977, .T. ) ;
#2830 = CARTESIAN_POINT ( 'NONE',  ( 3.624916159008043870, -2.806407728749376496, -1.627204187389663437 ) ) ;
#2831 = CARTESIAN_POINT ( 'NONE',  ( -2.281077573984887419, -2.333620974382124125, -3.254305591451555735 ) ) ;
#2832 = CARTESIAN_POINT ( 'NONE',  ( -0.7584714638858190972, -5.941940266451424257, -3.904578569810504440 ) ) ;
#2833 = CARTESIAN_POINT ( 'NONE',  ( -3.201057951739541885, -6.450932996523214058, -1.325921617552761500 ) ) ;
#2834 = CARTESIAN_POINT ( 'NONE',  ( -3.750000000000000000, -1.953601367524366639, 3.031088913245537420 ) ) ;
#2835 = DIRECTION ( 'NONE',  ( 0.000000000000000000, 1.000000000000000000, 3.921717058577609625E-16 ) ) ;
#2836 = CARTESIAN_POINT ( 'NONE',  ( -1.749627825698098604, -5.605882206588295169, 3.484928284554720701 ) ) ;
#2837 = CARTESIAN_POINT ( 'NONE',  ( 0.02501119119511374667, -4.943697820540789323, -3.899742838686666602 ) ) ;
#2838 = CARTESIAN_POINT ( 'NONE',  ( 0.4538759446238446738, -5.379802598057668028, 3.951005444243291809 ) ) ;
#2839 = CARTESIAN_POINT ( 'NONE',  ( -3.483342006916080091, -5.677922980714732226, -1.784605359682773118 ) ) ;
#2840 = CARTESIAN_POINT ( 'NONE',  ( -1.576873337336383241, -2.000489921706097629, 3.648830609860941543 ) ) ;
#2841 = CARTESIAN_POINT ( 'NONE',  ( -1.911017047909210120, -2.538972249885019128, -3.399152323970395795 ) ) ;
#2842 = VERTEX_POINT ( 'NONE', #3410 ) ;
#2843 = CARTESIAN_POINT ( 'NONE',  ( 2.515036510766225999E-16, -7.139204545454547635, -4.107366323934855679 ) ) ;
#2844 = CARTESIAN_POINT ( 'NONE',  ( -3.719095374338118543, -4.533242826059804109, -1.400525967688226681 ) ) ;
#2845 = CARTESIAN_POINT ( 'NONE',  ( 3.908028305568957528, -3.867854827288360386, 0.2037457342732847676 ) ) ;
#2846 = CARTESIAN_POINT ( 'NONE',  ( -2.194701243201383267, -4.163359536817938356, -2.194701243201384155 ) ) ;
#2847 = VECTOR ( 'NONE', #4550, 1000.000000000000000 ) ;
#2848 = CARTESIAN_POINT ( 'NONE',  ( -3.092506200296360142, -3.403460647961495056, -2.398842788320089348 ) ) ;
#2849 = DIRECTION ( 'NONE',  ( 0.000000000000000000, 0.1736481776669273613, 0.9848077530122086864 ) ) ;
#2850 = CARTESIAN_POINT ( 'NONE',  ( -1.590213683922675328E-15, -1.877249545191257640, -5.196152422706631135 ) ) ;
#2851 = ADVANCED_FACE ( 'NONE', ( #76, #811 ), #3042, .F. ) ;
#2852 =( BOUNDED_CURVE ( )  B_SPLINE_CURVE ( 2, ( #1741, #3246, #4710, #2815, #3602, #4690, #240, #998, #562, #2061, #3987, #4341, #3964, #264, #286, #1789, #1691, #3226, #584, #3179, #1716, #4317, #1370, #954, #2446, #3942, #362, #4431, #2636, #3298, #1542, #410, #4489, #778, #1812, #3007, #4139, #4836, #1910, #22, #2935, #4512, #3674, #3399, #1864, #42, #1444, #1067, #337, #2275, #310, #4462, #3030, #3769, #4535, #2561, #4037, #1470, #1887, #1173, #3379, #4063, #4808, #2201, #2984, #1520, #731, #389, #679, #1497, #1149, #703, #2611 ),
 .UNSPECIFIED., .F., .T. ) 
 B_SPLINE_CURVE_WITH_KNOTS ( ( 3, 2, 2, 2, 2, 2, 2, 2, 2, 2, 2, 2, 2, 2, 2, 2, 2, 2, 2, 2, 2, 2, 2, 2, 2, 2, 2, 2, 2, 2, 2, 2, 2, 2, 2, 2, 3 ),
 ( 0.07190795380016370975, 0.08333333333333332871, 0.1041666666666666713, 0.1250000000000000000, 0.1458333333333333426, 0.1666666666666666297, 0.1875000000000000000, 0.2083333333333333426, 0.2291666666666666574, 0.2500000000000000000, 0.2708333333333333148, 0.2916666666666666297, 0.3125000000000000000, 0.3333333333333332593, 0.3541666666666666297, 0.3750000000000000000, 0.3958333333333332593, 0.4166666666666666297, 0.4375000000000000000, 0.4583333333333332593, 0.4791666666666666297, 0.5000000000000000000, 0.5208333333333333703, 0.5416666666666666297, 0.5625000000000000000, 0.5833333333333333703, 0.6041666666666666297, 0.6250000000000000000, 0.6458333333333333703, 0.6666666666666666297, 0.6875000000000000000, 0.7083333333333333703, 0.7291666666666666297, 0.7500000000000000000, 0.7708333333333334814, 0.7916666666666666297, 0.7928018089878956509 ),
 .UNSPECIFIED. ) 
 CURVE ( )  GEOMETRIC_REPRESENTATION_ITEM ( )  RATIONAL_B_SPLINE_CURVE ( ( 0.9622966683020535150, 0.9582541488975593325, 1.000000000000000000, 0.9238795325112867385, 1.000000000000000000, 0.9238795325112867385, 1.000000000000000000, 0.9238795325112867385, 1.000000000000000000, 0.9238795325112867385, 1.000000000000000000, 0.9238795325112867385, 1.000000000000000000, 0.9238795325112867385, 1.000000000000000000, 0.9238795325112867385, 1.000000000000000000, 0.9238795325112867385, 1.000000000000000000, 0.9238795325112867385, 1.000000000000000000, 0.9238795325112867385, 1.000000000000000000, 0.9238795325112867385, 1.000000000000000000, 0.9238795325112867385, 1.000000000000000000, 0.9238795325112867385, 1.000000000000000000, 0.9238795325112867385, 1.000000000000000000, 0.9238795325112867385, 1.000000000000000000, 0.9238795325112867385, 1.000000000000000000, 0.9238795325112867385, 1.000000000000000000, 0.9238795325112867385, 1.000000000000000000, 0.9238795325112867385, 1.000000000000000000, 0.9238795325112867385, 1.000000000000000000, 0.9238795325112867385, 1.000000000000000000, 0.9238795325112867385, 1.000000000000000000, 0.9238795325112867385, 1.000000000000000000, 0.9238795325112867385, 1.000000000000000000, 0.9238795325112867385, 1.000000000000000000, 0.9238795325112867385, 1.000000000000000000, 0.9238795325112867385, 1.000000000000000000, 0.9238795325112867385, 1.000000000000000000, 0.9238795325112867385, 1.000000000000000000, 0.9238795325112867385, 1.000000000000000000, 0.9238795325112867385, 1.000000000000000000, 0.9238795325112867385, 1.000000000000000000, 0.9238795325112867385, 1.000000000000000000, 0.9238795325112867385, 1.000000000000000000, 0.9958524369204075910, 0.9921568489814499570 ) ) 
 REPRESENTATION_ITEM ( '' )  );
#2853 = CARTESIAN_POINT ( 'NONE',  ( -2.229706819396256812, -2.521000342001757488, -3.199503998527255977 ) ) ;
#2854 = EDGE_LOOP ( 'NONE', ( #4468, #4460 ) ) ;
#2855 = CARTESIAN_POINT ( 'NONE',  ( -0.2290168342997030704, -6.087072028416799618, -3.893109980030931006 ) ) ;
#2856 = ADVANCED_FACE ( 'NONE', ( #497 ), #3736, .T. ) ;
#2857 = CARTESIAN_POINT ( 'NONE',  ( -1.372057881069054478E-15, -6.090137541977759916, 3.201057951739542329 ) ) ;
#2858 = FACE_OUTER_BOUND ( 'NONE', #1447, .T. ) ;
#2859 = DIRECTION ( 'NONE',  ( -0.000000000000000000, -1.000000000000000000, -3.921717058577609625E-16 ) ) ;
#2860 = CARTESIAN_POINT ( 'NONE',  ( -3.898766324549292062, -5.812213827568172952, -0.07642542586381283198 ) ) ;
#2861 = CARTESIAN_POINT ( 'NONE',  ( 1.590830921061640701, -4.980335718769081765, -3.641122045026304654 ) ) ;
#2862 = CARTESIAN_POINT ( 'NONE',  ( 3.964889473982852852, -5.125097844114514523, 0.3103385574207383479 ) ) ;
#2863 = CARTESIAN_POINT ( 'NONE',  ( 1.602461558114698148, -6.054377248637416109, -3.640935507598690890 ) ) ;
#2864 = CARTESIAN_POINT ( 'NONE',  ( 2.664224183709726055E-16, 7.500000000000000888, -1.957629832425592298 ) ) ;
#2865 = CARTESIAN_POINT ( 'NONE',  ( -0.9500265811119317227, -2.100936580193062841, 3.781992093685723866 ) ) ;
#2866 = EDGE_LOOP ( 'NONE', ( #609, #59, #1088, #2093 ) ) ;
#2867 = CARTESIAN_POINT ( 'NONE',  ( 2.904346580471598216, -3.819886363636371573, -2.904346580471597772 ) ) ;
#2868 = CARTESIAN_POINT ( 'NONE',  ( -3.927446080945193874, -4.494585345382896335, -0.6070272694969330862 ) ) ;
#2869 = CARTESIAN_POINT ( 'NONE',  ( -3.039132171190256138, -3.407416354597749386, -2.465390493397279226 ) ) ;
#2870 = CARTESIAN_POINT ( 'NONE',  ( 1.285626222910279060, -3.658245900454302646, 3.103776263492488585 ) ) ;
#2871 = CARTESIAN_POINT ( 'NONE',  ( -3.857773999457636105, -3.424946756296061157, -0.9701129758003582682 ) ) ;
#2872 = CARTESIAN_POINT ( 'NONE',  ( 0.9107869725600794553, -7.265492829612893111, 3.218763149583254268 ) ) ;
#2873 = CLOSED_SHELL ( 'NONE', ( #4671, #2466, #1752, #1627, #3063, #4085, #580, #550, #13, #4021, #218, #4237, #2134, #5, #1453, #2771, #3530, #1552, #1117, #1543, #4816, #2196, #3933, #2851, #4300, #332, #4109, #1601, #2856, #2604, #20, #3871, #2643, #305, #2492, #1909, #2764, #4147, #1843, #3214, #2827, #2058, #526, #3863, #4358, #2351, #3729, #373 ) ) ;
#2874 = DIRECTION ( 'NONE',  ( 0.000000000000000000, -0.1736481776669273613, 0.9848077530122086864 ) ) ;
#2875 = CARTESIAN_POINT ( 'NONE',  ( -0.2677661270151816542, -2.501016340902370239, -3.968552072276255061 ) ) ;
#2876 = CARTESIAN_POINT ( 'NONE',  ( 3.201057951739541885, -7.028205723795940330, 1.325921617552761278 ) ) ;
#2877 = CARTESIAN_POINT ( 'NONE',  ( 2.913803214301906142, -6.127015532430115208, -2.707538376421199100 ) ) ;
#2878 = CARTESIAN_POINT ( 'NONE',  ( -3.201057951739543217, -4.141842087432308972, -1.325921617552757281 ) ) ;
#2879 = CARTESIAN_POINT ( 'NONE',  ( -4.500000000000000888, -1.999999999999999112, 0.8667257563143956345 ) ) ;
#2880 = FACE_OUTER_BOUND ( 'NONE', #2628, .T. ) ;
#2881 = CARTESIAN_POINT ( 'NONE',  ( 2.938716578260752055, -6.518355766959248676, 2.563495785432198470 ) ) ;
#2882 = CARTESIAN_POINT ( 'NONE',  ( -0.7750423560638426412, -4.869265659207332675, -3.897244569178564877 ) ) ;
#2883 = CARTESIAN_POINT ( 'NONE',  ( -3.447820625831357511, -4.437650560436789071, 1.982286792005457432 ) ) ;
#2884 = CARTESIAN_POINT ( 'NONE',  ( -3.092456479940957514, -5.747333931390348205, -2.496145109447740928 ) ) ;
#2885 = CARTESIAN_POINT ( 'NONE',  ( 0.2825024189344696457, -2.120884313922626774, 3.730758193373676423 ) ) ;
#2886 = DIRECTION ( 'NONE',  ( 0.000000000000000000, 0.000000000000000000, 1.000000000000000000 ) ) ;
#2887 = ORIENTED_EDGE ( 'NONE', *, *, #1926, .T. ) ;
#2888 = CARTESIAN_POINT ( 'NONE',  ( -4.107366323934855679, -5.768181818181822074, -1.701326837008341197 ) ) ;
#2889 = CARTESIAN_POINT ( 'NONE',  ( 2.357223271640086271, -4.844194550149098610, -3.124480124547327708 ) ) ;
#2890 = CARTESIAN_POINT ( 'NONE',  ( -3.665933492073154998, -2.192384245648590024, -1.369320072935620081 ) ) ;
#2891 = CARTESIAN_POINT ( 'NONE',  ( 2.194701243201382823, -3.586086809545211640, 2.194701243201384155 ) ) ;
#2892 = CARTESIAN_POINT ( 'NONE',  ( -3.970840469056347466, -3.319835381928564644, -0.1601182488513907820 ) ) ;
#2893 = CARTESIAN_POINT ( 'NONE',  ( -3.907069197336118904, -5.580815908141349979, 0.2184752030807179113 ) ) ;
#2894 = CARTESIAN_POINT ( 'NONE',  ( -1.268967730269961125, -1.898595916713113452, 3.702449615538461192 ) ) ;
#2895 = AXIS2_PLACEMENT_3D ( 'NONE', #3480, #2350, #94 ) ;
#2896 = CARTESIAN_POINT ( 'NONE',  ( 3.609730919034301877, -2.993589525334108270, 1.475993509256562364 ) ) ;
#2897 = CARTESIAN_POINT ( 'NONE',  ( -2.263489784646150582, -6.523092087432305952, -2.263489784646150582 ) ) ;
#2898 = CARTESIAN_POINT ( 'NONE',  ( -1.234907696200536531, -6.694048063662348724, 3.776572700752305334 ) ) ;
#2899 = CARTESIAN_POINT ( 'NONE',  ( 3.201057951739545437, -3.420251178341402021, -1.325921617552751952 ) ) ;
#2900 = DIRECTION ( 'NONE',  ( 0.000000000000000000, 0.000000000000000000, 1.000000000000000000 ) ) ;
#2901 = CARTESIAN_POINT ( 'NONE',  ( -1.145620546849601462, -6.881374909978408283, -3.552433583145392149 ) ) ;
#2902 = CARTESIAN_POINT ( 'NONE',  ( -5.701544499533412370E-16, -7.084367735909342656, 3.103776263492489917 ) ) ;
#2903 = ORIENTED_EDGE ( 'NONE', *, *, #4611, .F. ) ;
#2904 = DIRECTION ( 'NONE',  ( -0.8660254037844385966, 0.000000000000000000, 0.5000000000000000000 ) ) ;
#2905 = CARTESIAN_POINT ( 'NONE',  ( 0.8282171872586906458, -4.942364348665336138, -3.886133378578229269 ) ) ;
#2906 = CARTESIAN_POINT ( 'NONE',  ( 3.972812941783754326, -2.794192889200569407, -0.2001474197873349958 ) ) ;
#2907 = CARTESIAN_POINT ( 'NONE',  ( 2.582376166018557573, -3.798751025611986076, -3.024520786027269370 ) ) ;
#2908 = CARTESIAN_POINT ( 'NONE',  ( 3.947184050966662028, -6.244644401931082278, -0.4937083384197790137 ) ) ;
#2909 = ORIENTED_EDGE ( 'NONE', *, *, #2407, .T. ) ;
#2910 = CARTESIAN_POINT ( 'NONE',  ( -2.196957145865803707, -2.005006816341722065, 3.302382806166674456 ) ) ;
#2911 = CARTESIAN_POINT ( 'NONE',  ( -3.821990319487052368, -2.309107110421827702, 0.7734618166582389875 ) ) ;
#2912 = CARTESIAN_POINT ( 'NONE',  ( 2.285866666489527077, -3.780622588368329318, -3.255144532494537390 ) ) ;
#2913 = EDGE_LOOP ( 'NONE', ( #3929, #1519, #1816, #4461, #4157, #3952, #988 ) ) ;
#2914 = FACE_OUTER_BOUND ( 'NONE', #3432, .T. ) ;
#2915 = CARTESIAN_POINT ( 'NONE',  ( 0.3822184932514059441, -4.772831175685208649, -3.955617171369831819 ) ) ;
#2916 = CARTESIAN_POINT ( 'NONE',  ( 3.828862696991917058, -2.666710222540850772, -0.8078461004228673081 ) ) ;
#2917 = CARTESIAN_POINT ( 'NONE',  ( 2.194701243201382823, -2.431541354999759541, 2.194701243201384155 ) ) ;
#2918 = CARTESIAN_POINT ( 'NONE',  ( -3.782658452160995388, -3.437783645087430173, -1.231391706489741500 ) ) ;
#2919 = CARTESIAN_POINT ( 'NONE',  ( -3.844565883193860056, -5.556858594174874710, 0.7295243813403903266 ) ) ;
#2920 = DIRECTION ( 'NONE',  ( -0.000000000000000000, 1.000000000000000000, -0.000000000000000000 ) ) ;
#2921 = EDGE_CURVE ( 'NONE', #3084, #4610, #4204, .T. ) ;
#2922 = B_SPLINE_CURVE_WITH_KNOTS ( 'NONE', 3,
 ( #1263, #915, #2748, #4650, #4279, #963, #4253, #2802, #2411, #571, #548, #2070, #3566, #1027, #3710, #2572, #1359, #3611, #714, #3975, #4741, #1456 ),
 .UNSPECIFIED., .F., .F.,
 ( 4, 2, 2, 2, 2, 2, 2, 2, 2, 2, 4 ),
 ( 0.000000000000000000, 0.0009087330107120626405, 0.001817466021424125715, 0.002726199032136188572, 0.003180565537492220651, 0.003407748790170236474, 0.003521340416509244602, 0.003578136229678748233, 0.003606534136263500265, 0.003620733089555876714, 0.003634932042848253164 ),
 .UNSPECIFIED. ) ;
#2923 = CARTESIAN_POINT ( 'NONE',  ( 3.084076391032090303, -3.044127615612728377, 2.387106787013803189 ) ) ;
#2924 = CARTESIAN_POINT ( 'NONE',  ( 3.201057951739542329, -5.801501178341397669, 0.000000000000000000 ) ) ;
#2925 = CARTESIAN_POINT ( 'NONE',  ( -1.972652827601235614, -6.649612578397145590, 3.454237808918436681 ) ) ;
#2926 = CARTESIAN_POINT ( 'NONE',  ( -9.410378291647954882E-15, -2.626501178341403175, 3.201057951739542329 ) ) ;
#2927 = CARTESIAN_POINT ( 'NONE',  ( 1.960082687241506503E-16, -5.301907912567701331, -3.201057951739542329 ) ) ;
#2928 = CARTESIAN_POINT ( 'NONE',  ( -1.288378553833330836E-15, 0.3511044742336486002, -5.196152422706630247 ) ) ;
#2929 = CARTESIAN_POINT ( 'NONE',  ( -3.103776263492488585, -3.981526826818440057, -1.285626222910278837 ) ) ;
#2930 = CARTESIAN_POINT ( 'NONE',  ( 0.9198969509110037635, -2.013149215416399684, 3.780702868079041323 ) ) ;
#2931 = CARTESIAN_POINT ( 'NONE',  ( 2.094671518772865948, -5.415081884861327133, 3.289640757995298426 ) ) ;
#2932 = CARTESIAN_POINT ( 'NONE',  ( 3.807845414917014448, -2.856519204155266500, 1.150900730397743432 ) ) ;
#2933 = CARTESIAN_POINT ( 'NONE',  ( 0.5356554480890128866, -4.221484205789736599, 3.940943386990206854 ) ) ;
#2934 = CARTESIAN_POINT ( 'NONE',  ( 3.973741255341539880, -6.201609034883300176, 0.05445546276665802488 ) ) ;
#2935 = CARTESIAN_POINT ( 'NONE',  ( 2.263489784646147029, -4.580317003476793936, 2.263489784646154579 ) ) ;
#2936 = CARTESIAN_POINT ( 'NONE',  ( -2.360715997407965006, -3.331216277102335699, 3.103827786293634539 ) ) ;
#2937 = CARTESIAN_POINT ( 'NONE',  ( 0.3809920489845447511, -4.348232091576742064, 3.881334900015768863 ) ) ;
#2938 = ORIENTED_EDGE ( 'NONE', *, *, #1723, .F. ) ;
#2939 = CARTESIAN_POINT ( 'NONE',  ( 2.249999999999999556, -1.999999999999999112, -3.897114317029973130 ) ) ;
#2940 = CARTESIAN_POINT ( 'NONE',  ( 3.448547151710638303, -5.140693949411693886, 1.975283704249524819 ) ) ;
#2941 = CARTESIAN_POINT ( 'NONE',  ( 3.260214501478629234, -2.812634827831375084, 2.164550328695316050 ) ) ;
#2942 = CARTESIAN_POINT ( 'NONE',  ( -3.201057951739542773, -7.461160269250484589, 1.325921617552758169 ) ) ;
#2943 = CARTESIAN_POINT ( 'NONE',  ( 2.263489784646150138, -6.889407912567699910, 2.263489784646151026 ) ) ;
#2944 = CARTESIAN_POINT ( 'NONE',  ( 3.224551356047185013, -3.774412834107597980, -2.323145846093900069 ) ) ;
#2945 = CARTESIAN_POINT ( 'NONE',  ( -1.254183879851841654, -5.361492411392739577, 3.706795425483428552 ) ) ;
#2946 = CARTESIAN_POINT ( 'NONE',  ( -0.9152261721374290726, -2.001478069731530862, 3.865683482446042873 ) ) ;
#2947 = AXIS2_PLACEMENT_3D ( 'NONE', #3905, #2774, #2433 ) ;
#2948 = CARTESIAN_POINT ( 'NONE',  ( 2.155212505765701003, -2.984052650114189742, 3.343030176193695802 ) ) ;
#2949 = CARTESIAN_POINT ( 'NONE',  ( 1.325921617552759280, -7.894114814705029737, -3.201057951739542773 ) ) ;
#2950 = CARTESIAN_POINT ( 'NONE',  ( 2.754786309347309725, -6.495576394288493205, 2.863532571329227228 ) ) ;
#2951 = CARTESIAN_POINT ( 'NONE',  ( -3.339001472024976547, -2.124433019119224220, -1.680811204193867869 ) ) ;
#2952 = CARTESIAN_POINT ( 'NONE',  ( -3.201057951739542329, -3.858726094385886984, -3.920165374483013007E-16 ) ) ;
#2953 = CARTESIAN_POINT ( 'NONE',  ( 3.103776263492488585, -5.713345008636618871, 1.285626222910280392 ) ) ;
#2954 = CARTESIAN_POINT ( 'NONE',  ( -0.1291323200304318464, -1.941301788088025004, 3.975477561645507585 ) ) ;
#2955 = CARTESIAN_POINT ( 'NONE',  ( 3.553565596475595889, -5.278773215599150248, 1.777605669213588202 ) ) ;
#2956 = CARTESIAN_POINT ( 'NONE',  ( 1.620667354964590468, -2.591686257233986268, -3.632893888832443352 ) ) ;
#2957 = CARTESIAN_POINT ( 'NONE',  ( 2.009099380352244335, -4.147555720856250794, 3.432339595081861372 ) ) ;
#2958 = CARTESIAN_POINT ( 'NONE',  ( 1.993714888997281554, -6.390496147650791769, 3.437804279446831757 ) ) ;
#2959 = CARTESIAN_POINT ( 'NONE',  ( 4.499999999999999112, 0.3511044742336485447, -2.598076211353316456 ) ) ;
#2960 = CARTESIAN_POINT ( 'NONE',  ( 2.665348177886505354, -3.926655707705154263, -2.846530100227666615 ) ) ;
#2961 = CARTESIAN_POINT ( 'NONE',  ( 1.404324564385775798, -4.297909985125899723, 3.638218981250786577 ) ) ;
#2962 = DIRECTION ( 'NONE',  ( -0.000000000000000000, -1.000000000000000000, -3.921717058577609625E-16 ) ) ;
#2963 = CARTESIAN_POINT ( 'NONE',  ( 2.992372052438238672, -4.979369289293078538, -2.620882203608674743 ) ) ;
#2964 = CARTESIAN_POINT ( 'NONE',  ( -3.326439166764717292, -2.229515692196156973, -2.060946612902168518 ) ) ;
#2965 = CARTESIAN_POINT ( 'NONE',  ( 1.960082687241506503E-16, -7.821955723795940507, -3.201057951739542329 ) ) ;
#2966 = CARTESIAN_POINT ( 'NONE',  ( -1.325921617552760834, -5.951339730749520385, 3.201057951739541885 ) ) ;
#2967 = CARTESIAN_POINT ( 'NONE',  ( 3.831016620182915222, -3.938846019266574405, 1.057161302812491321 ) ) ;
#2968 = CARTESIAN_POINT ( 'NONE',  ( -2.106282831362588759, -5.773969801394563284, -3.297983742026168397 ) ) ;
#2969 = CARTESIAN_POINT ( 'NONE',  ( -2.685660990027966211, -2.073635484118556249, 2.934646157447283521 ) ) ;
#2970 = CARTESIAN_POINT ( 'NONE',  ( 2.783150747495604094, -3.030214237374731834, 2.836007594827643086 ) ) ;
#2971 = CARTESIAN_POINT ( 'NONE',  ( -3.201057951739542773, -3.997523905614127848, 1.325921617552758169 ) ) ;
#2972 = CARTESIAN_POINT ( 'NONE',  ( 2.121236928775263486, -6.449573809914118883, 3.364692197820329689 ) ) ;
#2973 = CARTESIAN_POINT ( 'NONE',  ( 0.000000000000000000, 5.722886414021194135, -3.250000000000000000 ) ) ;
#2974 = CARTESIAN_POINT ( 'NONE',  ( -3.201057951739542329, -6.167817003476791626, -3.920165374483013007E-16 ) ) ;
#2975 = CARTESIAN_POINT ( 'NONE',  ( 2.515036510766225999E-16, -7.139204545454546746, -4.107366323934855679 ) ) ;
#2976 = ORIENTED_EDGE ( 'NONE', *, *, #3152, .F. ) ;
#2977 = EDGE_CURVE ( 'NONE', #4448, #2731, #4270, .T. ) ;
#2978 = CARTESIAN_POINT ( 'NONE',  ( -2.194701243201384155, -3.765049554091167039, 2.194701243201383267 ) ) ;
#2979 = CYLINDRICAL_SURFACE ( 'NONE', #600, 0.7500000000000001110 ) ;
#2980 = CARTESIAN_POINT ( 'NONE',  ( -2.410541871547872361, -5.519575670012537572, 3.163873412006240837 ) ) ;
#2981 = CARTESIAN_POINT ( 'NONE',  ( 3.720371708704736768, -2.869400119026412899, 1.408080550352669214 ) ) ;
#2982 = CARTESIAN_POINT ( 'NONE',  ( 2.954063238228720856, -3.821646904388086075, -2.662688217412574332 ) ) ;
#2983 = CARTESIAN_POINT ( 'NONE',  ( 2.406794832920150284, -6.333926434963619734, 3.086408496472963225 ) ) ;
#2984 = CARTESIAN_POINT ( 'NONE',  ( -2.263489784646146141, -2.848498821658616009, -2.263489784646155023 ) ) ;
#2985 = CARTESIAN_POINT ( 'NONE',  ( -2.924403873879202198, -3.366172123355177348, 2.579528209926273963 ) ) ;
#2986 = AXIS2_PLACEMENT_3D ( 'NONE', #4786, #3020, #3781 ) ;
#2987 = CARTESIAN_POINT ( 'NONE',  ( 0.3827757701117146527, -4.227614545936692281, 3.959254312555959832 ) ) ;
#2988 = CARTESIAN_POINT ( 'NONE',  ( -0.9139503848868834046, -7.332222865783881716, 3.148998932864125244 ) ) ;
#2989 = CARTESIAN_POINT ( 'NONE',  ( 1.410895283288533530, -5.266606735945277507, 3.715138159590934297 ) ) ;
#2990 = FACE_OUTER_BOUND ( 'NONE', #88, .T. ) ;
#2991 = CARTESIAN_POINT ( 'NONE',  ( -3.201057951739542773, -6.450932996523214058, -1.325921617552759280 ) ) ;
#2992 = CARTESIAN_POINT ( 'NONE',  ( 1.325921617552759280, -7.683157912567698311, -3.201057951739542773 ) ) ;
#2993 = CARTESIAN_POINT ( 'NONE',  ( 3.734204214846202241, -3.826017004743959227, -1.359800031986607705 ) ) ;
#2994 = CARTESIAN_POINT ( 'NONE',  ( 3.865087245043551167, -6.139740600457873398, -0.6123060146652485880 ) ) ;
#2995 = CARTESIAN_POINT ( 'NONE',  ( 1.924502345529020220, -3.079275863994579421, 3.476360292324520707 ) ) ;
#2996 = CARTESIAN_POINT ( 'NONE',  ( -1.325921617552760834, -3.853205723795946280, 3.201057951739541885 ) ) ;
#2997 = CARTESIAN_POINT ( 'NONE',  ( 3.663975674828933382, -6.338519302491321561, 1.547995714993918082 ) ) ;
#2998 = CARTESIAN_POINT ( 'NONE',  ( -2.263489784646150582, -5.157589730749520207, -2.263489784646150582 ) ) ;
#2999 = CARTESIAN_POINT ( 'NONE',  ( -3.374543949909356577, -6.788552316810997134, -1.801232211372237879 ) ) ;
#3000 = DIRECTION ( 'NONE',  ( 0.000000000000000000, 0.000000000000000000, 1.000000000000000000 ) ) ;
#3001 = EDGE_CURVE ( 'NONE', #1588, #500, #3500, .T. ) ;
#3002 = CARTESIAN_POINT ( 'NONE',  ( 2.565191773715183476, -5.352170251860789207, 3.034515299096479879 ) ) ;
#3003 = CARTESIAN_POINT ( 'NONE',  ( 0.8452122227156931844, -2.485402269351385307, -3.883165934826846577 ) ) ;
#3004 = CARTESIAN_POINT ( 'NONE',  ( 0.1180988255125875880, -2.518988783021426148, -3.975257713689854810 ) ) ;
#3005 = CARTESIAN_POINT ( 'NONE',  ( 3.623858229033477762, -6.344990021947895187, 1.640413426915422912 ) ) ;
#3006 = VERTEX_POINT ( 'NONE', #521 ) ;
#3007 = CARTESIAN_POINT ( 'NONE',  ( -3.201057951739545437, -4.941112458022248966, 1.325921617552752618 ) ) ;
#3008 = CARTESIAN_POINT ( 'NONE',  ( 1.531174854321369461, -4.291271624681908925, 3.586504338989135121 ) ) ;
#3009 = EDGE_CURVE ( 'NONE', #3474, #2291, #1386, .T. ) ;
#3010 = CARTESIAN_POINT ( 'NONE',  ( -1.211283582499850464, -4.383778673314769669, 3.784284091181325138 ) ) ;
#3011 = CARTESIAN_POINT ( 'NONE',  ( 2.515036510766225999E-16, -3.675568181818189561, -4.107366323934855679 ) ) ;
#3012 = CARTESIAN_POINT ( 'NONE',  ( 0.8915375281027752008, -5.292295112610434948, 3.872730019829171422 ) ) ;
#3013 = CARTESIAN_POINT ( 'NONE',  ( -2.249999999999998224, 0.4738549290423901272, 3.897114317029974906 ) ) ;
#3014 = CARTESIAN_POINT ( 'NONE',  ( 1.325921617552759280, -4.430478451068671220, -3.201057951739542773 ) ) ;
#3015 = CARTESIAN_POINT ( 'NONE',  ( -3.201057951739542329, -6.167817003476791626, -3.920165374483013007E-16 ) ) ;
#3016 = CARTESIAN_POINT ( 'NONE',  ( 3.736658467982477028, -3.893520372754072589, -1.364228540165772108 ) ) ;
#3017 = CARTESIAN_POINT ( 'NONE',  ( 2.498236742948368061, -4.852562352821196967, -3.012152090546475591 ) ) ;
#3018 = CARTESIAN_POINT ( 'NONE',  ( -1.196614376805763547, -3.228504972167283160, 3.788878905026114463 ) ) ;
#3019 = LINE ( 'NONE', #1262, #1465 ) ;
#3020 = DIRECTION ( 'NONE',  ( 0.000000000000000000, -1.000000000000000000, 0.000000000000000000 ) ) ;
#3021 = CARTESIAN_POINT ( 'NONE',  ( 1.325921617552759280, -6.528612458022245768, -3.201057951739542773 ) ) ;
#3022 = CARTESIAN_POINT ( 'NONE',  ( 4.107366323934854790, -5.190909090909094914, 1.701326837008343640 ) ) ;
#3023 = CIRCLE ( 'NONE', #51, 4.499999999999999112 ) ;
#3024 = CARTESIAN_POINT ( 'NONE',  ( -3.959629319324519336, -2.321398919812897699, -0.3298407967872242219 ) ) ;
#3025 = AXIS2_PLACEMENT_3D ( 'NONE', #2501, #2045, #2410 ) ;
#3026 = CARTESIAN_POINT ( 'NONE',  ( 3.839215211384124693, -5.240478695542353016, 1.024469528986584166 ) ) ;
#3027 = CARTESIAN_POINT ( 'NONE',  ( 3.501966827312484210, -2.893544011925575976, 1.884931709147210643 ) ) ;
#3028 = CARTESIAN_POINT ( 'NONE',  ( -2.597611120535388007, -6.686743137249719027, 3.012839781867783895 ) ) ;
#3029 = ORIENTED_EDGE ( 'NONE', *, *, #4446, .F. ) ;
#3030 = CARTESIAN_POINT ( 'NONE',  ( -2.263489784646150582, -3.714407912567704972, 2.263489784646150582 ) ) ;
#3031 = CARTESIAN_POINT ( 'NONE',  ( -0.2099964460050292581, -3.220374006079128382, 3.893815501557178038 ) ) ;
#3032 = CARTESIAN_POINT ( 'NONE',  ( 3.929880963252851078, -4.012203737937622527, -0.5872268554304327370 ) ) ;
#3033 = CARTESIAN_POINT ( 'NONE',  ( 3.504460738619540994, -6.174977312035604626, -1.880259217810912986 ) ) ;
#3034 = CARTESIAN_POINT ( 'NONE',  ( 3.592539064237025848, -5.030356596785308554, -1.707958655263245529 ) ) ;
#3035 = DIRECTION ( 'NONE',  ( 0.000000000000000000, 0.000000000000000000, 1.000000000000000000 ) ) ;
#3036 = CARTESIAN_POINT ( 'NONE',  ( -2.263489784646150582, -5.368546632886852521, -2.263489784646150582 ) ) ;
#3037 = ORIENTED_EDGE ( 'NONE', *, *, #1990, .T. ) ;
#3038 = CARTESIAN_POINT ( 'NONE',  ( -3.201057951739542773, -5.085430639840430089, -1.325921617552759280 ) ) ;
#3039 = CARTESIAN_POINT ( 'NONE',  ( 3.533114363483320197, -3.977761058599530219, 1.819425346902519225 ) ) ;
#3040 = CARTESIAN_POINT ( 'NONE',  ( 3.040491001379558522, -4.887373671435526923, -2.463338465043561687 ) ) ;
#3041 = CARTESIAN_POINT ( 'NONE',  ( -3.369429595956213053, -3.482361964476297089, -2.114021431415545216 ) ) ;
#3042 = PLANE ( 'NONE',  #832 ) ;
#3043 = DIRECTION ( 'NONE',  ( 0.000000000000000000, 3.921717058577609625E-16, -1.000000000000000000 ) ) ;
#3044 = CARTESIAN_POINT ( 'NONE',  ( 2.263489784646150138, -2.271226094385889294, 2.263489784646151026 ) ) ;
#3045 = CARTESIAN_POINT ( 'NONE',  ( 2.904346580471598216, -4.974431818181822784, -2.904346580471597772 ) ) ;
#3046 = ORIENTED_EDGE ( 'NONE', *, *, #97, .T. ) ;
#3047 = B_SPLINE_CURVE_WITH_KNOTS ( 'NONE', 3,
 ( #3887, #4657, #759, #3149 ),
 .UNSPECIFIED., .F., .F.,
 ( 4, 4 ),
 ( 0.006952958434458175567, 0.009559955151766247328 ),
 .UNSPECIFIED. ) ;
#3048 = CARTESIAN_POINT ( 'NONE',  ( -3.931786998766327201, -2.251251584116966242, -0.6026608270863093031 ) ) ;
#3049 = CARTESIAN_POINT ( 'NONE',  ( -3.802623444053088608, -5.742012569062730165, -1.167232237456113708 ) ) ;
#3050 = CARTESIAN_POINT ( 'NONE',  ( -1.169927670216476701, -2.459279174828102654, -3.801054809391871014 ) ) ;
#3051 = CARTESIAN_POINT ( 'NONE',  ( -3.919921560988697262, -6.813418684717056806, 0.6760732856909610344 ) ) ;
#3052 = ORIENTED_EDGE ( 'NONE', *, *, #1188, .F. ) ;
#3053 = CALENDAR_DATE ( 2026, 3, 1 ) ;
#3054 = CONICAL_SURFACE ( 'NONE', #1414, 4.499999999999999112, 1.396263401595466691 ) ;
#3055 = CARTESIAN_POINT ( 'NONE',  ( -0.9044622868688076966, -4.900433913623817084, -3.793100936827026093 ) ) ;
#3056 = CARTESIAN_POINT ( 'NONE',  ( -3.927037191301202768, -4.561708084417456455, -0.6318132570373997670 ) ) ;
#3057 = CARTESIAN_POINT ( 'NONE',  ( -2.548101557128825245, -5.848829286869492883, -3.053720797522550878 ) ) ;
#3058 = CARTESIAN_POINT ( 'NONE',  ( -1.744117921012592776, -5.387098464917349006, 3.504000073304585516 ) ) ;
#3059 = DIRECTION ( 'NONE',  ( 0.000000000000000000, 1.000000000000000000, 0.000000000000000000 ) ) ;
#3060 = CARTESIAN_POINT ( 'NONE',  ( 0.000000000000000000, 0.4738549290423901272, 1.734723475976807094E-15 ) ) ;
#3061 = CIRCLE ( 'NONE', #14, 4.499999999999999112 ) ;
#3062 = CARTESIAN_POINT ( 'NONE',  ( 2.263489784646150138, -2.271226094385889294, 2.263489784646151026 ) ) ;
#3063 = ADVANCED_FACE ( 'NONE', ( #838 ), #3252, .T. ) ;
#3064 = CARTESIAN_POINT ( 'NONE',  ( 1.300832032494017909, -4.085354938309313511, 3.691325083516724170 ) ) ;
#3065 = CARTESIAN_POINT ( 'NONE',  ( 3.416272535443978242, -5.107424953443625348, 1.908667984091863667 ) ) ;
#3066 = CARTESIAN_POINT ( 'NONE',  ( -3.103776263492489917, -6.218458645000253249, -3.801029666355608083E-16 ) ) ;
#3067 = CARTESIAN_POINT ( 'NONE',  ( -1.660164771462326438, -3.291972785073520313, 3.528777927964411809 ) ) ;
#3068 = PRODUCT_DEFINITION ( 'UNKNOWN', '', #1651, #2015 ) ;
#3069 = CARTESIAN_POINT ( 'NONE',  ( -3.157494166520616208, -7.461902860094348888, -0.007408252612192457905 ) ) ;
#3070 = CARTESIAN_POINT ( 'NONE',  ( -0.9625980862139621452, -2.201947055905778328, -3.468500224463847648 ) ) ;
#3071 = CARTESIAN_POINT ( 'NONE',  ( 1.325921617552759280, -1.910430639840435152, -3.201057951739542773 ) ) ;
#3072 = CARTESIAN_POINT ( 'NONE',  ( -1.701326837008342974, -2.015909090909101309, 4.107366323934854790 ) ) ;
#3073 = EDGE_LOOP ( 'NONE', ( #1123, #275, #3968, #424 ) ) ;
#3074 = CARTESIAN_POINT ( 'NONE',  ( -3.499178016351420339, -2.260663825097440238, 1.721777639353397227 ) ) ;
#3075 = CARTESIAN_POINT ( 'NONE',  ( -3.169163444197562463, -5.567718773471328042, 2.403621065311649652 ) ) ;
#3076 = CARTESIAN_POINT ( 'NONE',  ( 2.314020522326612372, -2.628603951956888451, -3.234674267657897673 ) ) ;
#3077 = PLANE ( 'NONE',  #2048 ) ;
#3078 = ORIENTED_EDGE ( 'NONE', *, *, #3845, .F. ) ;
#3079 = CARTESIAN_POINT ( 'NONE',  ( -2.300415538848804342, -4.825981758992548443, -3.148634350048313824 ) ) ;
#3080 = CARTESIAN_POINT ( 'NONE',  ( -3.493854310339478353, -4.707643066118309960, -1.892657666139418549 ) ) ;
#3081 = CARTESIAN_POINT ( 'NONE',  ( 3.805493699322481937, -6.319632238098343180, 1.155294284767776514 ) ) ;
#3082 = CARTESIAN_POINT ( 'NONE',  ( 0.6095048410745129708, -5.273977028682385715, 3.866198890534575217 ) ) ;
#3083 = DIRECTION ( 'NONE',  ( 0.000000000000000000, 0.000000000000000000, -1.000000000000000000 ) ) ;
#3084 = VERTEX_POINT ( 'NONE', #790 ) ;
#3085 = CARTESIAN_POINT ( 'NONE',  ( -5.880248061724518771E-16, -2.415544276204071306, 3.201057951739542329 ) ) ;
#3086 = CARTESIAN_POINT ( 'NONE',  ( 1.960082687241506503E-16, -2.049228451068676460, -3.201057951739542329 ) ) ;
#3087 = CARTESIAN_POINT ( 'NONE',  ( -2.535371745911290553, -4.306463855811449193, 3.060141333749104131 ) ) ;
#3088 = CARTESIAN_POINT ( 'NONE',  ( 2.076797375306032034, -4.828128402720992085, -3.316795838270337082 ) ) ;
#3089 = CARTESIAN_POINT ( 'NONE',  ( -2.194701243201384155, -7.338359536817932849, 2.194701243201383267 ) ) ;
#3090 = CARTESIAN_POINT ( 'NONE',  ( -2.598958033529783940, -3.221538725467250508, 3.011073205665248942 ) ) ;
#3091 = CARTESIAN_POINT ( 'NONE',  ( 0.1591811515243104769, -3.084825083847731353, 3.974770381762796401 ) ) ;
#3092 = CARTESIAN_POINT ( 'NONE',  ( 0.000000000000000000, -7.500000000000000000, 0.000000000000000000 ) ) ;
#3093 = CARTESIAN_POINT ( 'NONE',  ( -3.381125351459015604, -7.158241359047712749, 0.7096087098254336700 ) ) ;
#3094 = CARTESIAN_POINT ( 'NONE',  ( -1.325921617552760834, -2.487703367113161868, 3.201057951739541885 ) ) ;
#3095 = CARTESIAN_POINT ( 'NONE',  ( 2.515036510766225999E-16, -4.830113636363640772, -4.107366323934855679 ) ) ;
#3096 = ORIENTED_EDGE ( 'NONE', *, *, #880, .F. ) ;
#3097 = CARTESIAN_POINT ( 'NONE',  ( -3.372465058122258164, -2.409918504014155527, -2.101038370610844197 ) ) ;
#3098 = CARTESIAN_POINT ( 'NONE',  ( -2.803206841742112321, -5.949903717598765240, -2.711365847077261915 ) ) ;
#3099 = CARTESIAN_POINT ( 'NONE',  ( -2.537818399076695819, -2.385794888001639968, -3.062002057284957335 ) ) ;
#3100 = DIRECTION ( 'NONE',  ( -0.000000000000000000, 1.000000000000000000, -0.000000000000000000 ) ) ;
#3101 = ORIENTED_EDGE ( 'NONE', *, *, #3299, .F. ) ;
#3102 = CIRCLE ( 'NONE', #4522, 4.499999999999999112 ) ;
#3103 = CARTESIAN_POINT ( 'NONE',  ( -0.7482028614745298567, -4.400153194488590103, 3.827160970967023790 ) ) ;
#3104 = CARTESIAN_POINT ( 'NONE',  ( -3.582946544126129673, -4.450378060867634211, 1.727267532567604347 ) ) ;
#3105 = CARTESIAN_POINT ( 'NONE',  ( 3.957522984993956161, -6.248507337350374335, -0.3928909338366152748 ) ) ;
#3106 = CARTESIAN_POINT ( 'NONE',  ( -3.818677063770146152, -5.637812748746004132, 1.114004788021609960 ) ) ;
#3107 = CARTESIAN_POINT ( 'NONE',  ( 2.263489784646150138, -2.482182996523221163, 2.263489784646151026 ) ) ;
#3108 = CYLINDRICAL_SURFACE ( 'NONE', #3653, 0.7500000000000001110 ) ;
#3109 = CARTESIAN_POINT ( 'NONE',  ( -2.263489784646151026, -1.616273905614131978, 2.263489784646150582 ) ) ;
#3110 = CARTESIAN_POINT ( 'NONE',  ( -1.357082104176877468, -4.242400950838318252, 3.735393566896038742 ) ) ;
#3111 = CARTESIAN_POINT ( 'NONE',  ( -1.270488245399897576, -4.207775626185402018, 3.701315621085360608 ) ) ;
#3112 = CARTESIAN_POINT ( 'NONE',  ( -1.285626222910279948, -2.538345008636623490, 3.103776263492488585 ) ) ;
#3113 = AXIS2_PLACEMENT_3D ( 'NONE', #2310, #3829, #3043 ) ;
#3114 = CARTESIAN_POINT ( 'NONE',  ( -3.153486914078099446, -3.257441045617059938, 2.424174632810699226 ) ) ;
#3115 = CARTESIAN_POINT ( 'NONE',  ( -3.418809343176177684, -3.187446173235756852, 1.905200437122959389 ) ) ;
#3116 = CARTESIAN_POINT ( 'NONE',  ( 0.000000000000000000, 3.196031326221389968, 1.067560561327421998E-15 ) ) ;
#3117 = DIRECTION ( 'NONE',  ( -0.000000000000000000, 1.000000000000000000, -0.000000000000000000 ) ) ;
#3118 = EDGE_CURVE ( 'NONE', #49, #1489, #3023, .T. ) ;
#3119 = CARTESIAN_POINT ( 'NONE',  ( -4.107366323934855679, -3.386931818181826426, -5.030073021532451998E-16 ) ) ;
#3120 = ORIENTED_EDGE ( 'NONE', *, *, #517, .F. ) ;
#3121 = CARTESIAN_POINT ( 'NONE',  ( -3.928243804442792531, -2.333758633816843453, -0.5981041969785506618 ) ) ;
#3122 = CARTESIAN_POINT ( 'NONE',  ( -0.5040755792928452994, -2.392595669673832415, -3.881253007697107016 ) ) ;
#3123 = CARTESIAN_POINT ( 'NONE',  ( -3.491473687773297918, -5.780074270581117446, -1.905414808881884081 ) ) ;
#3124 = EDGE_CURVE ( 'NONE', #463, #1166, #3562, .T. ) ;
#3125 = CARTESIAN_POINT ( 'NONE',  ( -3.201057951739542329, -6.378773905614123940, -1.176049612344903754E-15 ) ) ;
#3126 = CARTESIAN_POINT ( 'NONE',  ( -1.413088147858550414, -6.524179399357936227, 3.649861345429310067 ) ) ;
#3127 = DATE_TIME_ROLE ( 'creation_date' ) ;
#3128 = CARTESIAN_POINT ( 'NONE',  ( -1.248697439025451272, -4.425026742993334317, 3.694280067751011920 ) ) ;
#3129 = CARTESIAN_POINT ( 'NONE',  ( -2.464128225061824828, -4.698304757417489874, -3.122399923641884012 ) ) ;
#3130 = CARTESIAN_POINT ( 'NONE',  ( 2.515861017029527691, -6.427996530069351344, 3.080079957492359632 ) ) ;
#3131 = CARTESIAN_POINT ( 'NONE',  ( -1.500412532405603017, -5.374177447325491741, 3.614821031834186460 ) ) ;
#3132 = CARTESIAN_POINT ( 'NONE',  ( -1.325921617552758836, -1.977069360159585898, -3.201057951739542773 ) ) ;
#3133 = FACE_OUTER_BOUND ( 'NONE', #3275, .T. ) ;
#3134 = CARTESIAN_POINT ( 'NONE',  ( -3.201057951739542773, -1.832751178341403886, -1.325921617552759280 ) ) ;
#3135 = CARTESIAN_POINT ( 'NONE',  ( 2.064978630354207922, -4.145273997766116381, 3.400099035278268733 ) ) ;
#3136 = CARTESIAN_POINT ( 'NONE',  ( -3.912322902844707073, -3.285181214404966799, -0.08092536109003072020 ) ) ;
#3137 = CARTESIAN_POINT ( 'NONE',  ( -1.285626222910279948, -6.111654991363389300, 3.103776263492488585 ) ) ;
#3138 = CARTESIAN_POINT ( 'NONE',  ( -2.819797891966200343, -3.639746265262453928, -2.693917548281763885 ) ) ;
#3139 = CARTESIAN_POINT ( 'NONE',  ( -3.795907039486381418, -3.324979354598275094, 1.189839981337371677 ) ) ;
#3140 = CARTESIAN_POINT ( 'NONE',  ( -1.463132331088884098E-11, -6.918823203728462268, -3.684017705362443440 ) ) ;
#3141 = DIRECTION ( 'NONE',  ( -0.000000000000000000, 1.000000000000000000, -0.000000000000000000 ) ) ;
#3142 = CARTESIAN_POINT ( 'NONE',  ( -4.107366323934855679, -1.150000000000011013, -1.701326837008341197 ) ) ;
#3143 = ORIENTED_EDGE ( 'NONE', *, *, #1778, .F. ) ;
#3144 = CARTESIAN_POINT ( 'NONE',  ( -0.7980512753815026672, -2.476422547603320368, -3.896693272262768737 ) ) ;
#3145 = CARTESIAN_POINT ( 'NONE',  ( -3.974033986428682663, -2.157525878635513372, 0.01021128164747150610 ) ) ;
#3146 = CARTESIAN_POINT ( 'NONE',  ( -3.715497329816035421, -5.754686231863648693, -1.419885103181118158 ) ) ;
#3147 = FACE_OUTER_BOUND ( 'NONE', #429, .T. ) ;
#3148 = EDGE_CURVE ( 'NONE', #463, #4330, #3019, .T. ) ;
#3149 = CARTESIAN_POINT ( 'NONE',  ( -4.500000000000000888, 0.3511044742336486002, 2.598076211353318232 ) ) ;
#3150 = CARTESIAN_POINT ( 'NONE',  ( -4.500000000000000888, 0.3511044742336485447, -2.598076211353314680 ) ) ;
#3151 = APPROVAL_STATUS ( 'not_yet_approved' ) ;
#3152 = EDGE_CURVE ( 'NONE', #1054, #266, #1150, .T. ) ;
#3153 = CARTESIAN_POINT ( 'NONE',  ( 3.809448306739980250, -5.192563606564063683, -0.8332035857548524271 ) ) ;
#3154 = CARTESIAN_POINT ( 'NONE',  ( -2.249122920072042398, -4.710617277946446357, -3.280735881767926188 ) ) ;
#3155 = CARTESIAN_POINT ( 'NONE',  ( 2.022417006274817908, -4.921444910218660596, -3.424363924635224432 ) ) ;
#3156 = CARTESIAN_POINT ( 'NONE',  ( -3.050321605841012307, -5.493207256914070413, 2.547384594953318704 ) ) ;
#3157 = ORIENTED_EDGE ( 'NONE', *, *, #1135, .F. ) ;
#3158 = CARTESIAN_POINT ( 'NONE',  ( 3.201057951739542329, -3.492410269250492139, 0.000000000000000000 ) ) ;
#3159 = FACE_OUTER_BOUND ( 'NONE', #2866, .T. ) ;
#3160 = CARTESIAN_POINT ( 'NONE',  ( -4.107366323934855679, -8.077272727272728048, -1.701326837008341197 ) ) ;
#3161 = CARTESIAN_POINT ( 'NONE',  ( -3.498883733835254972, -4.350208218920109005, 1.754196210987562843 ) ) ;
#3162 = CARTESIAN_POINT ( 'NONE',  ( 3.526573878007272178, -3.941352512424400878, 1.695996652673887217 ) ) ;
#3163 = CARTESIAN_POINT ( 'NONE',  ( 1.285626222910279060, -2.394026826818441478, 3.103776263492488585 ) ) ;
#3164 = CARTESIAN_POINT ( 'NONE',  ( 3.383992221316720173, -3.853540347021203516, -2.090634583355102993 ) ) ;
#3165 = CARTESIAN_POINT ( 'NONE',  ( 2.172309923324923009, -2.883878140094851439, 3.255644619662866113 ) ) ;
#3166 = LINE ( 'NONE', #1358, #2400 ) ;
#3167 = DIRECTION ( 'NONE',  ( 8.659560562354915602E-17, 0.7071067811865489050, -0.7071067811865462405 ) ) ;
#3168 = ORIENTED_EDGE ( 'NONE', *, *, #3299, .T. ) ;
#3169 = CARTESIAN_POINT ( 'NONE',  ( -1.042890904683097419, -2.584493613653803923, -3.757940585936913269 ) ) ;
#3170 = CARTESIAN_POINT ( 'NONE',  ( -1.289634079038661341, -2.354113061585762168, -3.695475379108109415 ) ) ;
#3171 = CARTESIAN_POINT ( 'NONE',  ( 2.308125967613592344, -6.090973917229660195, -3.239585895390933779 ) ) ;
#3172 = CARTESIAN_POINT ( 'NONE',  ( 3.201057951739543217, -4.719114814705036132, 1.325921617552757281 ) ) ;
#3173 = DIRECTION ( 'NONE',  ( 0.000000000000000000, 0.000000000000000000, 1.000000000000000000 ) ) ;
#3174 = CARTESIAN_POINT ( 'NONE',  ( -1.928820205041071212, -6.635141607809653230, 3.479529182975051427 ) ) ;
#3175 = CARTESIAN_POINT ( 'NONE',  ( -3.454591689312445979, -5.897749003515572852, -1.809217313304741337 ) ) ;
#3176 = CARTESIAN_POINT ( 'NONE',  ( 2.299888107770295509, -4.935964590342117653, -3.245201852211579752 ) ) ;
#3177 = CARTESIAN_POINT ( 'NONE',  ( -3.940920430016735310, -4.558093472479359143, -0.5343330077888484020 ) ) ;
#3178 = CARTESIAN_POINT ( 'NONE',  ( 2.313073480540972504, -6.092922703238123461, -3.236282865928364672 ) ) ;
#3179 = CARTESIAN_POINT ( 'NONE',  ( -3.201057951739543217, -6.095657912567701509, 1.325921617552759280 ) ) ;
#3180 = AXIS2_PLACEMENT_3D ( 'NONE', #1781, #771, #4030 ) ;
#3181 = CARTESIAN_POINT ( 'NONE',  ( -3.687213705639616368, -2.284423902234142378, 1.268972464813309609 ) ) ;
#3182 = CARTESIAN_POINT ( 'NONE',  ( 2.904346580471597328, -6.417613636363639351, 2.904346580471598660 ) ) ;
#3183 = TOROIDAL_SURFACE ( 'NONE', #2553, 1.957629832425594740, 0.5000000000000000000 ) ;
#3184 = CARTESIAN_POINT ( 'NONE',  ( -1.953537248581707297, -4.627967014925984834, -3.391508051492646558 ) ) ;
#3185 = CARTESIAN_POINT ( 'NONE',  ( -1.767166397867137917, -3.079268290006360154, 3.491424954844574380 ) ) ;
#3186 = CARTESIAN_POINT ( 'NONE',  ( 3.103776263492488585, -6.977564082272478707, 1.285626222910280392 ) ) ;
#3187 = CARTESIAN_POINT ( 'NONE',  ( 1.331862110238998920, -3.729778442884466028, -3.747923367250660664 ) ) ;
#3188 = CARTESIAN_POINT ( 'NONE',  ( 0.9477559590317061744, -2.948523269683960724, 3.797428379800205533 ) ) ;
#3189 = CARTESIAN_POINT ( 'NONE',  ( -2.159073573997477791, -6.564600901771871833, 3.263585384135776035 ) ) ;
#3190 = CARTESIAN_POINT ( 'NONE',  ( 3.274852727184290213, -2.369005800649031102, -0.1354071859747398021 ) ) ;
#3191 = CARTESIAN_POINT ( 'NONE',  ( 1.568265188781712061, -2.670077768752921354, -3.650760263329290378 ) ) ;
#3192 = CARTESIAN_POINT ( 'NONE',  ( -3.400055914186401296, -2.326772360967663378, -2.064695624182268485 ) ) ;
#3193 = CARTESIAN_POINT ( 'NONE',  ( 0.5791840709513369490, -6.002432148883038110, -3.935199812405214992 ) ) ;
#3194 = CARTESIAN_POINT ( 'NONE',  ( 0.3322518248699558585, -2.037943381640272555, 3.883201148446060458 ) ) ;
#3195 = CARTESIAN_POINT ( 'NONE',  ( -0.6105514015772924852, -6.672795591760257494, 3.882330725644376646 ) ) ;
#3196 = CARTESIAN_POINT ( 'NONE',  ( 3.773885927773860782, -6.432055009853864469, 0.9818004054041575834 ) ) ;
#3197 = CARTESIAN_POINT ( 'NONE',  ( 0.02734376030802897900, -4.905585048985258823, -3.973272587983144088 ) ) ;
#3198 = CARTESIAN_POINT ( 'NONE',  ( -3.602729473841256080, -5.608095805790847876, 1.684245702865104999 ) ) ;
#3199 = CARTESIAN_POINT ( 'NONE',  ( -2.911957787008725429, -5.759527892149097994, -2.704338775608457368 ) ) ;
#3200 = CARTESIAN_POINT ( 'NONE',  ( 0.1948024444904324359, -2.282524912250169624, 3.431873609396113967 ) ) ;
#3201 = CARTESIAN_POINT ( 'NONE',  ( 3.881332565222788133, -2.905287500194735806, -0.3756917382693032992 ) ) ;
#3202 = ORIENTED_EDGE ( 'NONE', *, *, #4446, .T. ) ;
#3203 = CARTESIAN_POINT ( 'NONE',  ( -7.545109532298677504E-16, -5.407386363636368820, 4.107366323934855679 ) ) ;
#3204 = CARTESIAN_POINT ( 'NONE',  ( -1.499804168242514057, -4.752527263173456085, -3.684352220261113420 ) ) ;
#3205 = CARTESIAN_POINT ( 'NONE',  ( 3.900562245494719971, -3.844531846662054164, -0.3158693972169340225 ) ) ;
#3206 = B_SPLINE_CURVE_WITH_KNOTS ( 'NONE', 3,
 ( #3329, #1098, #4839, #735 ),
 .UNSPECIFIED., .F., .F.,
 ( 4, 4 ),
 ( 0.002598307151460992840, 0.005196383362814307842 ),
 .UNSPECIFIED. ) ;
#3207 = CARTESIAN_POINT ( 'NONE',  ( -3.103776263492489917, -1.709950445908851480, -3.801029666355608083E-16 ) ) ;
#3208 = AXIS2_PLACEMENT_3D ( 'NONE', #3844, #3506, #4757 ) ;
#3209 = EDGE_CURVE ( 'NONE', #4066, #2253, #3166, .T. ) ;
#3210 = CARTESIAN_POINT ( 'NONE',  ( -1.530224732679912991, -3.714052211503983791, -3.587085221945550906 ) ) ;
#3211 = CARTESIAN_POINT ( 'NONE',  ( -1.657421228150298464, -3.589822169113907169, -3.616122847630570014 ) ) ;
#3212 = CARTESIAN_POINT ( 'NONE',  ( -3.708481501605449537, -6.685682705000708381, 1.249652230515758689 ) ) ;
#3213 = DIRECTION ( 'NONE',  ( -0.000000000000000000, 1.000000000000000000, -0.000000000000000000 ) ) ;
#3214 = ADVANCED_FACE ( 'NONE', ( #4349 ), #4045, .T. ) ;
#3215 = CIRCLE ( 'NONE', #1189, 0.7500000000000001110 ) ;
#3216 = CARTESIAN_POINT ( 'NONE',  ( -2.883110118519564224, -2.363888837401947995, -2.740390953439064692 ) ) ;
#3217 = CARTESIAN_POINT ( 'NONE',  ( -2.263489784646150582, -7.677637541977757607, -2.263489784646150582 ) ) ;
#3218 = CARTESIAN_POINT ( 'NONE',  ( 0.8419332854993071269, -6.014828484395746244, -3.887545607535499048 ) ) ;
#3219 = CARTESIAN_POINT ( 'NONE',  ( 3.201057951739541885, -7.028205723795940330, 1.325921617552761278 ) ) ;
#3220 = CARTESIAN_POINT ( 'NONE',  ( -4.500000000000000888, -1.999999999999999112, 1.734723475976807094E-15 ) ) ;
#3221 = CARTESIAN_POINT ( 'NONE',  ( 0.000000000000000000, 5.722886414021193247, 2.058521631565233228E-15 ) ) ;
#3222 = CARTESIAN_POINT ( 'NONE',  ( -3.807422702880421284, -5.847929208498772624, -0.8426338586989644552 ) ) ;
#3223 = CARTESIAN_POINT ( 'NONE',  ( 3.179214684437096317, -5.117044697015314725, -2.258888291725628328 ) ) ;
#3224 = CARTESIAN_POINT ( 'NONE',  ( -0.5892387587720460118, -5.426555199827313380, 3.933085035277470443 ) ) ;
#3225 = CARTESIAN_POINT ( 'NONE',  ( 0.8230838169103399382, -6.015600535687489092, -3.891761334333658340 ) ) ;
#3226 = CARTESIAN_POINT ( 'NONE',  ( -3.201057951739541885, -6.239976094385882632, -1.325921617552761500 ) ) ;
#3227 = CARTESIAN_POINT ( 'NONE',  ( -3.865353587777874189, -2.321483039191119424, 0.5149776824126672814 ) ) ;
#3228 = ORIENTED_EDGE ( 'NONE', *, *, #4093, .T. ) ;
#3229 = CARTESIAN_POINT ( 'NONE',  ( -4.107366323934856567, -4.469318181818187519, 1.701326837008339643 ) ) ;
#3230 = CARTESIAN_POINT ( 'NONE',  ( -0.6960788592498495797, -4.692568847378232988, -3.851443272953083863 ) ) ;
#3231 = CARTESIAN_POINT ( 'NONE',  ( 0.1420057244061739832, -3.576510774914832158, -3.910580039517249862 ) ) ;
#3232 = CARTESIAN_POINT ( 'NONE',  ( -3.103776263492489917, -3.946882264090665782, 1.285626222910277505 ) ) ;
#3233 = CARTESIAN_POINT ( 'NONE',  ( -3.923454950725877577, -3.350700941476489447, 0.6566053949896053510 ) ) ;
#3234 = DIRECTION ( 'NONE',  ( 0.000000000000000000, 0.000000000000000000, 1.000000000000000000 ) ) ;
#3235 = CARTESIAN_POINT ( 'NONE',  ( 0.000000000000000000, 0.9662187481069705042, 1.734723475976807094E-15 ) ) ;
#3236 = CARTESIAN_POINT ( 'NONE',  ( 0.7977466403426676234, -2.631816717802495820, -3.892602093769986116 ) ) ;
#3237 = ORIENTED_EDGE ( 'NONE', *, *, #517, .T. ) ;
#3238 = CARTESIAN_POINT ( 'NONE',  ( 3.886804192117119694, -6.310042766875912257, -0.8254414601950499364 ) ) ;
#3239 = CARTESIAN_POINT ( 'NONE',  ( 2.725185497042250216, -2.446649001180342786, 1.801794072250051615 ) ) ;
#3240 = CARTESIAN_POINT ( 'NONE',  ( 0.3301771562196090803, -2.041335021752550105, 3.876975997125514439 ) ) ;
#3241 = CARTESIAN_POINT ( 'NONE',  ( -1.664768217104837911, -6.634324993253282621, 3.602452686375506641 ) ) ;
#3242 = CARTESIAN_POINT ( 'NONE',  ( -2.961368328141209982, -5.677827578533797492, 2.536926840562705454 ) ) ;
#3243 = CARTESIAN_POINT ( 'NONE',  ( -1.034109851423418824, -4.774131437131378775, -3.840758187965010340 ) ) ;
#3244 = CARTESIAN_POINT ( 'NONE',  ( 3.586582786571264059, -5.029018966977136351, -1.718656098449449887 ) ) ;
#3245 = CARTESIAN_POINT ( 'NONE',  ( -1.076033797798868541, -5.928314114163511839, -3.829590430634082221 ) ) ;
#3246 = CARTESIAN_POINT ( 'NONE',  ( -3.201057951739542329, -7.360516237368482706, -0.7010748083044592294 ) ) ;
#3247 = CARTESIAN_POINT ( 'NONE',  ( -1.446416409332683672, -2.563894237674247290, -3.621338835356675556 ) ) ;
#3248 = ORIENTED_EDGE ( 'NONE', *, *, #4572, .T. ) ;
#3249 = CARTESIAN_POINT ( 'NONE',  ( -1.701326837008342974, -7.788636363636364912, 4.107366323934854790 ) ) ;
#3250 = CARTESIAN_POINT ( 'NONE',  ( -2.215380863344207807, -4.646419117290730760, -3.299393201716202650 ) ) ;
#3251 = CARTESIAN_POINT ( 'NONE',  ( 1.421203591382349085, -2.483704096684536289, -3.645980760725751058 ) ) ;
#3252 = CONICAL_SURFACE ( 'NONE', #3415, 4.499999999999999112, 1.396263401595466691 ) ;
#3253 = CARTESIAN_POINT ( 'NONE',  ( 3.103776263492488585, -2.359382264090668535, 1.285626222910280392 ) ) ;
#3254 = CONICAL_SURFACE ( 'NONE', #4288, 4.499999999999999112, 1.396263401595466691 ) ;
#3255 = CARTESIAN_POINT ( 'NONE',  ( -2.365325343844782768, -3.551143603549511418, -3.198293327623936921 ) ) ;
#3256 = CARTESIAN_POINT ( 'NONE',  ( 3.185356928073224569, -6.053089717433391748, -2.272946305112886201 ) ) ;
#3257 = CONICAL_SURFACE ( 'NONE', #3416, 3.102840909090909260, 0.7853981633974463916 ) ;
#3258 = CARTESIAN_POINT ( 'NONE',  ( 0.3301771562196090803, -2.041335021752550105, 3.876975997125514439 ) ) ;
#3259 = CARTESIAN_POINT ( 'NONE',  ( 3.878429683856974730, -2.844557372258919692, -0.8640507318748392729 ) ) ;
#3260 = CARTESIAN_POINT ( 'NONE',  ( -3.201057951739542773, -7.605478451068667489, -1.325921617552759280 ) ) ;
#3261 = CARTESIAN_POINT ( 'NONE',  ( 3.394602651485302047, -6.246609815440725022, -2.065090408020338497 ) ) ;
#3262 = CARTESIAN_POINT ( 'NONE',  ( -2.250000000000000888, 0.4738549290423901272, -3.897114317029972241 ) ) ;
#3263 = CARTESIAN_POINT ( 'NONE',  ( 0.3102579278816200437, -2.033410041868108475, 3.893578641865069745 ) ) ;
#3264 = FACE_OUTER_BOUND ( 'NONE', #4242, .T. ) ;
#3265 = CARTESIAN_POINT ( 'NONE',  ( -3.103776263492489917, -6.146299554091162243, 1.285626222910277505 ) ) ;
#3266 = CARTESIAN_POINT ( 'NONE',  ( 1.238058995009511332, -6.615549382082010155, 3.697783065289878657 ) ) ;
#3267 = EDGE_CURVE ( 'NONE', #3474, #266, #3809, .T. ) ;
#3268 = CARTESIAN_POINT ( 'NONE',  ( -0.2361126212602741581, -4.811537059444705555, -3.970732019847482253 ) ) ;
#3269 = CARTESIAN_POINT ( 'NONE',  ( 2.942197852493921406, -2.599592285223485177, -2.671639752599259676 ) ) ;
#3270 = CARTESIAN_POINT ( 'NONE',  ( 1.049824333912459773, -4.197007235045547624, 3.836121397159938606 ) ) ;
#3271 = CARTESIAN_POINT ( 'NONE',  ( 1.581117833316679766, -5.955687422795938879, -3.580374795671728894 ) ) ;
#3272 = ORIENTED_EDGE ( 'NONE', *, *, #3118, .T. ) ;
#3273 = CARTESIAN_POINT ( 'NONE',  ( -3.098471339733219164E-19, 5.111917277360396916, -0.002530093853908137094 ) ) ;
#3274 = CARTESIAN_POINT ( 'NONE',  ( -3.225516740485365741, -2.234566894171720719, 2.191281814940968520 ) ) ;
#3275 = EDGE_LOOP ( 'NONE', ( #1387, #1951, #3493, #2494 ) ) ;
#3276 = DIRECTION ( 'NONE',  ( 0.8660254037844385966, 0.000000000000000000, -0.5000000000000001110 ) ) ;
#3277 = CARTESIAN_POINT ( 'NONE',  ( 0.9180503914433774115, -4.797996081097468668, -3.866546498239597618 ) ) ;
#3278 = CARTESIAN_POINT ( 'NONE',  ( -2.271874872562627434, -2.300880410672894616, -3.186202374140976179 ) ) ;
#3279 = CARTESIAN_POINT ( 'NONE',  ( -3.103776263492489917, -2.792336809545213683, 1.285626222910277505 ) ) ;
#3280 = CARTESIAN_POINT ( 'NONE',  ( 0.4705404755845735698, -3.591412231922921361, -3.885460977813180339 ) ) ;
#3281 = CARTESIAN_POINT ( 'NONE',  ( -0.6689647160422717009, -5.848399689678918101, -3.855533820700554060 ) ) ;
#3282 = DIRECTION ( 'NONE',  ( 0.000000000000000000, -0.000000000000000000, -1.000000000000000000 ) ) ;
#3283 = CONICAL_SURFACE ( 'NONE', #709, 3.968750000000000000, 1.082104136236486269 ) ;
#3284 = CARTESIAN_POINT ( 'NONE',  ( 3.731411715471763646, -2.736594624850950730, -1.377913983742590220 ) ) ;
#3285 = CARTESIAN_POINT ( 'NONE',  ( -1.325921617552760834, -6.162296632886851810, 3.201057951739541885 ) ) ;
#3286 = CARTESIAN_POINT ( 'NONE',  ( 1.127209568015877128, -6.621172203003969692, 3.733375070971795218 ) ) ;
#3287 = DIRECTION ( 'NONE',  ( 0.000000000000000000, 2.668805347656624706E-16, -1.000000000000000000 ) ) ;
#3288 = CARTESIAN_POINT ( 'NONE',  ( 1.960082687241506503E-16, -6.456453367113154762, -3.201057951739542329 ) ) ;
#3289 = CARTESIAN_POINT ( 'NONE',  ( -1.499999999999999112, 0.4738549290423897942, 4.330127018922195425 ) ) ;
#3290 = CARTESIAN_POINT ( 'NONE',  ( -3.103776263492489917, -5.063913190454801594, -3.801029666355608083E-16 ) ) ;
#3291 = AXIS2_PLACEMENT_3D ( 'NONE', #647, #2145, #3691 ) ;
#3292 = CARTESIAN_POINT ( 'NONE',  ( 0.9353274860570174321, -1.975043669714591221, 3.852470995628164641 ) ) ;
#3293 = CARTESIAN_POINT ( 'NONE',  ( -1.959401064439024731, -5.577162607250013338, 3.456629852408921622 ) ) ;
#3294 = CARTESIAN_POINT ( 'NONE',  ( 3.969152776062380816, -2.726682244527719678, -0.1969537977950175933 ) ) ;
#3295 = CARTESIAN_POINT ( 'NONE',  ( 3.419736718258801655, -3.857753409559675273, -2.030440172611891914 ) ) ;
#3296 = CARTESIAN_POINT ( 'NONE',  ( 1.754418841365182224, -6.403342925166259469, 3.565954896306291033 ) ) ;
#3297 = ORIENTED_EDGE ( 'NONE', *, *, #126, .F. ) ;
#3298 = CARTESIAN_POINT ( 'NONE',  ( 1.325921617552761944, -5.374067003476794113, -3.201057951739541885 ) ) ;
#3299 = EDGE_CURVE ( 'NONE', #524, #1054, #439, .T. ) ;
#3300 = CARTESIAN_POINT ( 'NONE',  ( -1.223602959817235547, -3.269205435835647489, 3.702492308897561202 ) ) ;
#3301 = CARTESIAN_POINT ( 'NONE',  ( -1.049523594806906157, -3.618833926510358623, -3.836617129195912135 ) ) ;
#3302 = ORIENTED_EDGE ( 'NONE', *, *, #3372, .F. ) ;
#3303 = CARTESIAN_POINT ( 'NONE',  ( 2.999999999999999112, -1.999999999999999112, 3.464101615137756607 ) ) ;
#3304 = CARTESIAN_POINT ( 'NONE',  ( 3.536801776804392006, -4.931666589388670197, -1.676083649743835613 ) ) ;
#3305 = CARTESIAN_POINT ( 'NONE',  ( 0.7481646497128817686, -2.958232900186742231, 3.840955171513080302 ) ) ;
#3306 = CARTESIAN_POINT ( 'NONE',  ( -2.263489784646150582, -7.677637541977757607, -2.263489784646150582 ) ) ;
#3307 = CARTESIAN_POINT ( 'NONE',  ( 3.201057951739541885, -6.817248821658608904, 1.325921617552761278 ) ) ;
#3308 = CARTESIAN_POINT ( 'NONE',  ( 1.259506790418908784, -3.629931465067862018, -3.705725679845284670 ) ) ;
#3309 = CARTESIAN_POINT ( 'NONE',  ( -3.115614214185273845, -5.470291344199934791, 2.367918981161115877 ) ) ;
#3310 = CARTESIAN_POINT ( 'NONE',  ( -1.025054922540436619, -1.984433544588938947, 3.843674367168798955 ) ) ;
#3311 = CARTESIAN_POINT ( 'NONE',  ( 3.894921531216632093, -2.931088416020669385, 0.1982170215655926770 ) ) ;
#3312 = ORIENTED_EDGE ( 'NONE', *, *, #4572, .F. ) ;
#3313 = CARTESIAN_POINT ( 'NONE',  ( -2.192880411475764735, -6.744770086624010119, 3.302672556388070557 ) ) ;
#3314 = CARTESIAN_POINT ( 'NONE',  ( -3.201057951739545437, -3.997523905614127404, 1.325921617552751952 ) ) ;
#3315 = CARTESIAN_POINT ( 'NONE',  ( 1.325921617552759280, -4.219521548931339794, -3.201057951739542773 ) ) ;
#3316 = CARTESIAN_POINT ( 'NONE',  ( 4.499999999999999112, 0.3511044742336487112, 2.598076211353318676 ) ) ;
#3317 = CARTESIAN_POINT ( 'NONE',  ( 1.285626222910279060, -4.703117735909346564, 3.103776263492488585 ) ) ;
#3318 = ORIENTED_EDGE ( 'NONE', *, *, #732, .F. ) ;
#3319 = CARTESIAN_POINT ( 'NONE',  ( 0.4056473046500780888, -1.917475220860728635, 3.956835519187974715 ) ) ;
#3320 = B_SPLINE_CURVE_WITH_KNOTS ( 'NONE', 3,
 ( #288, #4783, #4387, #4691, #2865, #630, #3603, #3943, #3988, #1421, #3624, #3274, #1693, #1019, #3181, #2911, #3227, #4409, #2817, #4319, #1717, #1326, #977, #1042, #655, #2536, #955, #563, #2841, #3247, #2062, #4759, #999, #1393, #1790, #1765, #2516, #2448, #4014, #219, #4711, #2153, #585, #2128, #2082, #265, #3580, #241, #3201, #1351, #4342, #2471, #3967, #608, #2106, #1742, #3648, #2493, #4733, #1371, #4364, #4513, #4536, #4837, #4140, #3031, #2177, #1151, #3300, #1888, #3327, #2936, #2638, #2985, #4863, #2230, #3724, #1838, #681, #2586, #1498, #3400, #2202, #1125, #4118, #4092, #1445, #733, #3380, #3675, #3770, #1521, #311, #411, #779, #2276, #1174, #1472, #1911, #4039, #1813, #2562, #1069, #3701, #2960, #4463, #43, #4490, #755, #1544, #3354, #4810, #363, #1096, #704, #2613, #2254, #338, #1865, #4432, #3749, #4064, #390, #23, #3008, #4238, #1200, #1615, #1275, #3840, #3103, #3128, #458, #65, #4212, #1935, #2710, #4612, #534, #1666, #1249, #1641, #2758, #139, #1566, #4635, #3501, #3892, #4265, #2687, #2345, #432, #3865, #3079, #4187, #1959, #485, #3055, #900, #3426, #164, #4562, #115, #2733, #850, #824, #874, #3526, #2371, #2033, #800, #2394, #2298, #3153, #1984, #4660, #2319, #3817, #3451, #2663, #3792, #507, #2007, #90, #1223, #1590, #4164, #3476, #4587, #1014, #236, #1321, #2056, #4313, #1736, #3982, #2836, #2486, #4380, #3598, #3242, #213, #994, #1366, #2465, #649, #624, #2860, #3960, #3222, #281, #4728, #3175, #4706, #4685, #2810, #949, #3574, #2077, #4008, #4357, #4337, #971, #3937, #2785, #1344, #2122, #2419, #3914, #2442, #2147, #601, #579, #924, #1298, #189, #3618, #2100, #260, #1712, #1760, #3196, #558, #4751, #1388, #3551, #2881, #1687, #2510, #3642, #1784, #3266, #4289, #2556, #331, #4856, #1492, #725 ),
 .UNSPECIFIED., .F., .F.,
 ( 4, 2, 2, 2, 2, 2, 2, 2, 2, 2, 2, 2, 2, 2, 2, 2, 2, 2, 2, 2, 2, 2, 2, 2, 2, 2, 2, 2, 2, 2, 2, 2, 2, 2, 2, 2, 2, 2, 2, 2, 2, 2, 2, 2, 2, 2, 2, 2, 2, 2, 2, 2, 2, 2, 2, 2, 2, 2, 2, 2, 2, 2, 2, 2, 2, 2, 2, 2, 2, 2, 2, 2, 2, 2, 2, 2, 2, 2, 2, 2, 2, 2, 2, 2, 2, 2, 2, 2, 2, 2, 2, 2, 2, 2, 2, 2, 2, 2, 2, 2, 2, 2, 2, 2, 2, 2, 2, 2, 2, 2, 2, 2, 2, 2, 2, 2, 2, 2, 2, 2, 2, 2, 2, 2, 2, 2, 2, 2, 4 ),
 ( 0.0008794246880081370765, 0.001660388290268691950, 0.002441351892529246715, 0.003222315494789801914, 0.004003279097050357546, 0.004784242699310912311, 0.005565206301571467944, 0.006346169903832023576, 0.007127133506092578341, 0.007908097108353133106, 0.008689060710613687871, 0.009470024312874242636, 0.01025098791513479740, 0.01103195151739535217, 0.01181291511965590693, 0.01259387872191646343, 0.01337484232417701820, 0.01415580592643757296, 0.01493676952869812773, 0.01571773313095868249, 0.01649869673321923899, 0.01727966033547979202, 0.01806062393774034505, 0.01884158754000090155, 0.01962255114226145805, 0.02040351474452201108, 0.02118447834678256758, 0.02196544194904312061, 0.02274640555130367711, 0.02352736915356423014, 0.02430833275582478664, 0.02508929635808533967, 0.02587025996034589964, 0.02665122356260645267, 0.02743218716486700917, 0.02821315076712756220, 0.02899411436938811870, 0.02977507797164867173, 0.03055604157390922823, 0.03133700517616978126, 0.03211796877843033776, 0.03289893238069089426, 0.03367989598295145076, 0.03446085958521200726, 0.03524182318747255682, 0.03602278678973311332, 0.03680375039199366982, 0.03758471399425422632, 0.03836567759651478282, 0.03914664119877533238, 0.03992760480103588888, 0.04070856840329644538, 0.04148953200555700188, 0.04227049560781755144, 0.04305145921007810794, 0.04383242281233866444, 0.04461338641459922094, 0.04539435001685977050, 0.04617531361912032700, 0.04695627722138088350, 0.04773724082364144000, 0.04851820442590199650, 0.04929916802816254606, 0.05008013163042310256, 0.05086109523268365212, 0.05164205883494420862, 0.05242302243720476512, 0.05320398603946531468, 0.05398494964172587118, 0.05476591324398642768, 0.05554687684624698418, 0.05632784044850753374, 0.05710880405076809024, 0.05788976765302864674, 0.05867073125528920324, 0.05945169485754975280, 0.06023265845981030930, 0.06101362206207086580, 0.06179458566433142230, 0.06257554926659196493, 0.06335651286885252143, 0.06413747647111309180, 0.06491844007337363442, 0.06569940367563419092, 0.06648036727789474742, 0.06726133088015530392, 0.06804229448241586042, 0.06882325808467641692, 0.06960422168693697342, 0.07038518528919752992, 0.07116614889145807255, 0.07194711249371862904, 0.07272807609597918554, 0.07350903969823974204, 0.07429000330050029854, 0.07507096690276085504, 0.07585193050502141154, 0.07663289410728196804, 0.07741385770954252454, 0.07819482131180306717, 0.07897578491406362367, 0.07975674851632418016, 0.08053771211858473666, 0.08131867572084529316, 0.08209963932310584966, 0.08288060292536640616, 0.08366156652762696266, 0.08444253012988750529, 0.08522349373214806179, 0.08600445733440861829, 0.08678542093666917479, 0.08756638453892973128, 0.08834734814119028778, 0.08912831174345084428, 0.08990927534571140078, 0.09069023894797195728, 0.09147120255023249991, 0.09225216615249305641, 0.09303312975475361291, 0.09381409335701416941, 0.09459505695927472591, 0.09537602056153528240, 0.09615698416379583890, 0.09693794776605639540, 0.09771891136831693803, 0.09849987497057749453, 0.09928083857283805103, 0.1000618021750986075, 0.1008427657773591640 ),
 .UNSPECIFIED. ) ;
#3321 = CARTESIAN_POINT ( 'NONE',  ( 0.3640457335761789204, -5.503563570119901271, 3.882812195441521119 ) ) ;
#3322 = CARTESIAN_POINT ( 'NONE',  ( 3.958944973196990791, -2.750724893919696434, 0.3460050735120280274 ) ) ;
#3323 = CARTESIAN_POINT ( 'NONE',  ( 1.299427295453870146, -4.184642518607162742, 3.758701241792252734 ) ) ;
#3324 = CARTESIAN_POINT ( 'NONE',  ( 0.1719185925065504772, -6.448657728690499802, 3.910245013097196853 ) ) ;
#3325 = ORIENTED_EDGE ( 'NONE', *, *, #4298, .T. ) ;
#3326 = CARTESIAN_POINT ( 'NONE',  ( 5.315874344317301376E-16, 1.473854929042390127, -4.340740814427815231 ) ) ;
#3327 = CARTESIAN_POINT ( 'NONE',  ( -1.929503768535348440, -3.306627707017114393, 3.388763274928677571 ) ) ;
#3328 = CARTESIAN_POINT ( 'NONE',  ( 3.290377304434680461, -4.148793434737178210, 2.227625839745671854 ) ) ;
#3329 = CARTESIAN_POINT ( 'NONE',  ( -2.249999999999999112, -1.999999999999999112, 3.897114317029975794 ) ) ;
#3330 = CARTESIAN_POINT ( 'NONE',  ( 3.590511217633390650, -4.962853230607657373, -1.703320865612053536 ) ) ;
#3331 = DIRECTION ( 'NONE',  ( 1.224646799147353454E-16, 0.000000000000000000, -1.000000000000000000 ) ) ;
#3332 = CARTESIAN_POINT ( 'NONE',  ( 1.960082687241506503E-16, -4.358319360159581990, -3.201057951739542329 ) ) ;
#3333 = CARTESIAN_POINT ( 'NONE',  ( -1.325921617552758836, -5.229748821658612101, -3.201057951739542773 ) ) ;
#3334 = EDGE_CURVE ( 'NONE', #2363, #2325, #4024, .T. ) ;
#3335 = CARTESIAN_POINT ( 'NONE',  ( 3.826491324036993547, -3.820559528880116851, -0.8224662864521919969 ) ) ;
#3336 = CARTESIAN_POINT ( 'NONE',  ( -3.873253562611605361, -5.615972259369505615, -0.5575114915639459712 ) ) ;
#3337 = FACE_OUTER_BOUND ( 'NONE', #1957, .T. ) ;
#3338 = CIRCLE ( 'NONE', #1700, 4.499999999999999112 ) ;
#3339 = CARTESIAN_POINT ( 'NONE',  ( 0.3893072000428728363, -3.193296600026066745, 3.880375389987600787 ) ) ;
#3340 = CARTESIAN_POINT ( 'NONE',  ( 1.701326837008340975, -8.365909090909090295, -4.107366323934855679 ) ) ;
#3341 = CARTESIAN_POINT ( 'NONE',  ( 3.838513912075244061, -6.313158663373310553, 1.042506314269653567 ) ) ;
#3342 = CARTESIAN_POINT ( 'NONE',  ( -1.325921617552763943, -2.698660269250494625, 3.201057951739540552 ) ) ;
#3343 = CARTESIAN_POINT ( 'NONE',  ( 2.263489784646150138, -6.889407912567699910, 2.263489784646151026 ) ) ;
#3344 = CARTESIAN_POINT ( 'NONE',  ( -2.904346580471598660, -6.706250000000002487, 2.904346580471597772 ) ) ;
#3345 = ORIENTED_EDGE ( 'NONE', *, *, #1849, .F. ) ;
#3346 = CARTESIAN_POINT ( 'NONE',  ( 1.285626222910278393, -7.733799554091159933, -3.103776263492488585 ) ) ;
#3347 = CARTESIAN_POINT ( 'NONE',  ( -2.908024219059098581, -7.401782957351366043, -1.337971282113586735 ) ) ;
#3348 = CARTESIAN_POINT ( 'NONE',  ( 3.970455444490248009, -5.120879475261734370, 0.2372631030266068586 ) ) ;
#3349 = CARTESIAN_POINT ( 'NONE',  ( 3.492776091494263380, -2.895296800685275063, 1.903778256776829103 ) ) ;
#3350 = CARTESIAN_POINT ( 'NONE',  ( -1.339069354152169655, -3.605379621531847434, -3.744953152955454723 ) ) ;
#3351 = CARTESIAN_POINT ( 'NONE',  ( 0.9671078188125362685, -6.411204302314947867, 3.792454512255332144 ) ) ;
#3352 = ORIENTED_EDGE ( 'NONE', *, *, #4257, .F. ) ;
#3353 = CARTESIAN_POINT ( 'NONE',  ( 0.000000000000000000, 5.111917277360396916, 1.819003254228609978E-15 ) ) ;
#3354 = CARTESIAN_POINT ( 'NONE',  ( 3.803072964652654431, -4.036600667459369518, -0.8622250207884154527 ) ) ;
#3355 = EDGE_CURVE ( 'NONE', #2777, #1181, #210, .T. ) ;
#3356 = CARTESIAN_POINT ( 'NONE',  ( 1.151364899699616862, -4.310863143649040552, 3.726003016212847019 ) ) ;
#3357 =( BOUNDED_SURFACE ( )  B_SPLINE_SURFACE ( 1, 2, ( 
 ( #4352, #3635, #717, #2949, #4077, #2117, #3217, #3260, #1826, #3613, #666, #3977, #4770, #255, #1405, #2876, #3712, #3660, #1081, #2188, #298, #4397, #2897, #1030, #1800, #1754, #4375, #3285, #349, #4796, #4723, #1432, #2924, #4420, #2548, #4052, #692, #2016, #3847, #1876, #2377, #1281, #4193, #3872, #1110, #4619, #1137, #744, #513, #856, #2716, #1256, #3899, #3367, #3823, #466, #4219, #2971, #4475, #2996, #2767, #1967, #4500, #1509, #831, #3484, #2402, #3508, #1621, #3459, #2692, #145, #2242, #8, #2327, #2353, #98, #4593, #1597, #491, #2598, #1991, #121, #379, #3086, #1647, #4104, #3134, #4850, #4643, #3109, #882, #2740, #1230, #4246, #4272, #1484 ),
 ( #907, #1851, #3738, #3340, #1767, #979, #2130, #3160, #4366, #632, #1327, #3249, #1373, #4295, #3581, #1001, #4761, #2425, #1719, #3605, #2843, #244, #2495, #3920, #2794, #1744, #610, #3534, #3944, #564, #3182, #4713, #4692, #3990, #1305, #2449, #931, #2818, #2063, #2888, #4344, #3626, #267, #2473, #3203, #586, #956, #1353, #4667, #172, #4320, #1397, #3558, #4389, #2083, #195, #221, #3229, #3969, #1021, #2518, #2108, #1694, #541, #2039, #4735, #2867, #1672, #3011, #2155, #1890, #3358, #3703, #1523, #392, #4016, #1424, #3383, #1792, #2539, #4515, #1045, #2615, #1840, #3650, #1474, #4465, #1153, #2589, #4042, #2565, #684, #2180, #3678, #1448, #4813, #25 ) ),
 .UNSPECIFIED., .F., .F., .F. ) 
 B_SPLINE_SURFACE_WITH_KNOTS ( ( 2, 2 ),
 ( 3, 2, 2, 2, 2, 2, 2, 2, 2, 2, 2, 2, 2, 2, 2, 2, 2, 2, 2, 2, 2, 2, 2, 2, 2, 2, 2, 2, 2, 2, 2, 2, 2, 2, 2, 2, 2, 2, 2, 2, 2, 2, 2, 2, 2, 2, 2, 2, 3 ),
 ( 0.000000000000000000, 1.000000000000000000 ),
 ( 0.000000000000000000, 0.02083333333333333218, 0.04166666666666666435, 0.06250000000000000000, 0.08333333333333332871, 0.1041666666666666713, 0.1250000000000000000, 0.1458333333333333426, 0.1666666666666666574, 0.1875000000000000000, 0.2083333333333333426, 0.2291666666666666574, 0.2500000000000000000, 0.2708333333333333148, 0.2916666666666666852, 0.3125000000000000000, 0.3333333333333333148, 0.3541666666666666852, 0.3750000000000000000, 0.3958333333333333148, 0.4166666666666666852, 0.4375000000000000000, 0.4583333333333333148, 0.4791666666666666852, 0.5000000000000000000, 0.5208333333333333703, 0.5416666666666666297, 0.5625000000000000000, 0.5833333333333333703, 0.6041666666666666297, 0.6250000000000000000, 0.6458333333333333703, 0.6666666666666666297, 0.6875000000000000000, 0.7083333333333333703, 0.7291666666666666297, 0.7500000000000000000, 0.7708333333333333703, 0.7916666666666666297, 0.8125000000000000000, 0.8333333333333333703, 0.8541666666666666297, 0.8750000000000000000, 0.8958333333333333703, 0.9166666666666666297, 0.9375000000000000000, 0.9583333333333333703, 0.9791666666666666297, 1.000000000000000000 ),
 .UNSPECIFIED. ) 
 GEOMETRIC_REPRESENTATION_ITEM ( )  RATIONAL_B_SPLINE_SURFACE ( (
 ( 1.000000000000000000, 0.9238795325112867385, 1.000000000000000000, 0.9238795325112867385, 1.000000000000000000, 0.9238795325112867385, 1.000000000000000000, 0.9238795325112867385, 1.000000000000000000, 0.9238795325112867385, 1.000000000000000000, 0.9238795325112867385, 1.000000000000000000, 0.9238795325112867385, 1.000000000000000000, 0.9238795325112867385, 1.000000000000000000, 0.9238795325112867385, 1.000000000000000000, 0.9238795325112867385, 1.000000000000000000, 0.9238795325112867385, 1.000000000000000000, 0.9238795325112867385, 1.000000000000000000, 0.9238795325112867385, 1.000000000000000000, 0.9238795325112867385, 1.000000000000000000, 0.9238795325112867385, 1.000000000000000000, 0.9238795325112867385, 1.000000000000000000, 0.9238795325112867385, 1.000000000000000000, 0.9238795325112867385, 1.000000000000000000, 0.9238795325112867385, 1.000000000000000000, 0.9238795325112867385, 1.000000000000000000, 0.9238795325112867385, 1.000000000000000000, 0.9238795325112867385, 1.000000000000000000, 0.9238795325112867385, 1.000000000000000000, 0.9238795325112867385, 1.000000000000000000, 0.9238795325112867385, 1.000000000000000000, 0.9238795325112867385, 1.000000000000000000, 0.9238795325112867385, 1.000000000000000000, 0.9238795325112867385, 1.000000000000000000, 0.9238795325112867385, 1.000000000000000000, 0.9238795325112867385, 1.000000000000000000, 0.9238795325112867385, 1.000000000000000000, 0.9238795325112867385, 1.000000000000000000, 0.9238795325112867385, 1.000000000000000000, 0.9238795325112867385, 1.000000000000000000, 0.9238795325112867385, 1.000000000000000000, 0.9238795325112867385, 1.000000000000000000, 0.9238795325112867385, 1.000000000000000000, 0.9238795325112867385, 1.000000000000000000, 0.9238795325112867385, 1.000000000000000000, 0.9238795325112867385, 1.000000000000000000, 0.9238795325112867385, 1.000000000000000000, 0.9238795325112867385, 1.000000000000000000, 0.9238795325112867385, 1.000000000000000000, 0.9238795325112867385, 1.000000000000000000, 0.9238795325112867385, 1.000000000000000000, 0.9238795325112867385, 1.000000000000000000, 0.9238795325112867385, 1.000000000000000000, 0.9238795325112867385, 1.000000000000000000),
 ( 1.000000000000000000, 0.9238795325112867385, 1.000000000000000000, 0.9238795325112867385, 1.000000000000000000, 0.9238795325112867385, 1.000000000000000000, 0.9238795325112867385, 1.000000000000000000, 0.9238795325112867385, 1.000000000000000000, 0.9238795325112867385, 1.000000000000000000, 0.9238795325112867385, 1.000000000000000000, 0.9238795325112867385, 1.000000000000000000, 0.9238795325112867385, 1.000000000000000000, 0.9238795325112867385, 1.000000000000000000, 0.9238795325112867385, 1.000000000000000000, 0.9238795325112867385, 1.000000000000000000, 0.9238795325112867385, 1.000000000000000000, 0.9238795325112867385, 1.000000000000000000, 0.9238795325112867385, 1.000000000000000000, 0.9238795325112867385, 1.000000000000000000, 0.9238795325112867385, 1.000000000000000000, 0.9238795325112867385, 1.000000000000000000, 0.9238795325112867385, 1.000000000000000000, 0.9238795325112867385, 1.000000000000000000, 0.9238795325112867385, 1.000000000000000000, 0.9238795325112867385, 1.000000000000000000, 0.9238795325112867385, 1.000000000000000000, 0.9238795325112867385, 1.000000000000000000, 0.9238795325112867385, 1.000000000000000000, 0.9238795325112867385, 1.000000000000000000, 0.9238795325112867385, 1.000000000000000000, 0.9238795325112867385, 1.000000000000000000, 0.9238795325112867385, 1.000000000000000000, 0.9238795325112867385, 1.000000000000000000, 0.9238795325112867385, 1.000000000000000000, 0.9238795325112867385, 1.000000000000000000, 0.9238795325112867385, 1.000000000000000000, 0.9238795325112867385, 1.000000000000000000, 0.9238795325112867385, 1.000000000000000000, 0.9238795325112867385, 1.000000000000000000, 0.9238795325112867385, 1.000000000000000000, 0.9238795325112867385, 1.000000000000000000, 0.9238795325112867385, 1.000000000000000000, 0.9238795325112867385, 1.000000000000000000, 0.9238795325112867385, 1.000000000000000000, 0.9238795325112867385, 1.000000000000000000, 0.9238795325112867385, 1.000000000000000000, 0.9238795325112867385, 1.000000000000000000, 0.9238795325112867385, 1.000000000000000000, 0.9238795325112867385, 1.000000000000000000, 0.9238795325112867385, 1.000000000000000000, 0.9238795325112867385, 1.000000000000000000) ) ) 
 REPRESENTATION_ITEM ( '' )  SURFACE ( )  );
#3358 = CARTESIAN_POINT ( 'NONE',  ( -4.107366323934855679, -3.459090909090918320, -1.701326837008341197 ) ) ;
#3359 = CARTESIAN_POINT ( 'NONE',  ( 2.786858263909169242, -5.257906049092128775, 2.838479566846173086 ) ) ;
#3360 = CARTESIAN_POINT ( 'NONE',  ( -0.09715979419208041479, -2.411318794471595250, -3.911932243176011514 ) ) ;
#3361 = CARTESIAN_POINT ( 'NONE',  ( -1.325921617552760834, -3.853205723795946280, 3.201057951739541885 ) ) ;
#3362 = CARTESIAN_POINT ( 'NONE',  ( -5.880248061724518771E-16, -7.033726094385881922, 3.201057951739542329 ) ) ;
#3363 = CARTESIAN_POINT ( 'NONE',  ( 3.654042641174001904, -4.032367452387540574, 1.572460150161395065 ) ) ;
#3364 = CARTESIAN_POINT ( 'NONE',  ( 2.815513899510682538, -6.309167633615158088, 2.717632017980938564 ) ) ;
#3365 = EDGE_CURVE ( 'NONE', #1166, #49, #2709, .T. ) ;
#3366 = CARTESIAN_POINT ( 'NONE',  ( 0.3947384997638611059, -3.155187404880566593, 3.953741519884121924 ) ) ;
#3367 = CARTESIAN_POINT ( 'NONE',  ( -1.325921617552758836, -4.286160269250491872, -3.201057951739542773 ) ) ;
#3368 = CARTESIAN_POINT ( 'NONE',  ( -0.9746346987632183989, -6.681236100759253560, 3.852098744949242093 ) ) ;
#3369 = FACE_OUTER_BOUND ( 'NONE', #3073, .T. ) ;
#3370 = CARTESIAN_POINT ( 'NONE',  ( 2.263489784646150582, -6.600771548931335886, -2.263489784646150582 ) ) ;
#3371 = CARTESIAN_POINT ( 'NONE',  ( -0.7499999999999992228, 0.4274562965667573766, 4.763139720814415057 ) ) ;
#3372 = EDGE_CURVE ( 'NONE', #1253, #1886, #2447, .T. ) ;
#3373 = DIRECTION ( 'NONE',  ( -0.8660254037844387076, 0.000000000000000000, -0.4999999999999998335 ) ) ;
#3374 = CARTESIAN_POINT ( 'NONE',  ( 1.389750592670531359, -5.453210789446023554, 3.643765147169391039 ) ) ;
#3375 = CARTESIAN_POINT ( 'NONE',  ( 2.547066580108698464, -2.575331766090565910, -3.050678495014486291 ) ) ;
#3376 = CARTESIAN_POINT ( 'NONE',  ( -3.795672088973196523, -2.169764237102653315, 1.187712210334149310 ) ) ;
#3377 = CARTESIAN_POINT ( 'NONE',  ( 3.960766921499204951, -6.213435383943068047, 0.3256878350805146316 ) ) ;
#3378 = ORIENTED_EDGE ( 'NONE', *, *, #224, .F. ) ;
#3379 = CARTESIAN_POINT ( 'NONE',  ( 2.263489784646151026, -3.137135185294979145, -2.263489784646150582 ) ) ;
#3380 = CARTESIAN_POINT ( 'NONE',  ( -2.893404416113593669, -3.634971600553992044, -2.614194756944000275 ) ) ;
#3381 = VECTOR ( 'NONE', #2464, 1000.000000000000114 ) ;
#3382 = CARTESIAN_POINT ( 'NONE',  ( -0.1562600918102819703, -4.251569090183711985, 3.974643973730111135 ) ) ;
#3383 = CARTESIAN_POINT ( 'NONE',  ( 1.701326837008341863, -3.026136363636372728, 4.107366323934854790 ) ) ;
#3384 = CARTESIAN_POINT ( 'NONE',  ( 2.738794854167400317, -5.159203418705327060, 2.795965783981034125 ) ) ;
#3385 = CARTESIAN_POINT ( 'NONE',  ( -4.500000000000000888, 0.3511044742336486002, 2.598076211353318232 ) ) ;
#3386 = CARTESIAN_POINT ( 'NONE',  ( -3.201057951739542329, -4.069682996523218854, -3.920165374483013007E-16 ) ) ;
#3387 = CARTESIAN_POINT ( 'NONE',  ( -3.201057951739542773, -6.239976094385882632, -1.325921617552759280 ) ) ;
#3388 = CARTESIAN_POINT ( 'NONE',  ( 3.974094640009801171, -3.889068024226287168, -0.02421017042586261561 ) ) ;
#3389 = CARTESIAN_POINT ( 'NONE',  ( 3.821103186619736469, -4.974053492597030335, -0.8438017695316577527 ) ) ;
#3390 = CARTESIAN_POINT ( 'NONE',  ( -3.702571779292100462, -3.441222048227143837, 1.225018022418821628 ) ) ;
#3391 = CARTESIAN_POINT ( 'NONE',  ( 2.084759353305079888, -6.570185056528858425, 3.295782475335989670 ) ) ;
#3392 = CARTESIAN_POINT ( 'NONE',  ( 1.325921617552759946, -5.807021548931338373, 3.201057951739542329 ) ) ;
#3393 = CARTESIAN_POINT ( 'NONE',  ( 2.515036510766225999E-16, -2.521022727272736130, -4.107366323934855679 ) ) ;
#3394 = ORIENTED_EDGE ( 'NONE', *, *, #1293, .T. ) ;
#3395 = CARTESIAN_POINT ( 'NONE',  ( -3.968137389556789518, -2.297814438429700346, 0.2033334650955787581 ) ) ;
#3396 = CARTESIAN_POINT ( 'NONE',  ( 2.564921352996103909, -5.269661441410385727, 3.040230252237432484 ) ) ;
#3397 = CARTESIAN_POINT ( 'NONE',  ( 0.6236592879586624338, -3.062839481097627381, 3.927960932814880124 ) ) ;
#3398 = CARTESIAN_POINT ( 'NONE',  ( 1.962152223370249748, -6.359308673548944135, 3.386519590123275858 ) ) ;
#3399 = CARTESIAN_POINT ( 'NONE',  ( 3.201057951739545437, -4.363839730749521806, -1.325921617552752396 ) ) ;
#3400 = CARTESIAN_POINT ( 'NONE',  ( -3.889345438879333372, -3.512263847485637136, -0.2830664836225423309 ) ) ;
#3401 = CARTESIAN_POINT ( 'NONE',  ( 3.291593523325917925, -4.066287313246736979, 2.233290715015866734 ) ) ;
#3402 = CARTESIAN_POINT ( 'NONE',  ( 3.872758321879542276, -6.224508088570221531, -0.9044837787001323015 ) ) ;
#3403 = CARTESIAN_POINT ( 'NONE',  ( 3.630914830197872867, -5.083504704118932516, 1.461435274078430213 ) ) ;
#3404 = CARTESIAN_POINT ( 'NONE',  ( 0.000000000000000000, -7.500000000000000000, 0.000000000000000000 ) ) ;
#3405 = CARTESIAN_POINT ( 'NONE',  ( -3.201057951739542329, -6.378773905614123940, -3.920165374483013007E-16 ) ) ;
#3406 = CARTESIAN_POINT ( 'NONE',  ( -1.701326837008342974, -0.8613636363636489879, 4.107366323934854790 ) ) ;
#3407 = CARTESIAN_POINT ( 'NONE',  ( 3.649218952388554982, -3.964864198819955554, 1.574001101893417465 ) ) ;
#3408 = CARTESIAN_POINT ( 'NONE',  ( -2.302412521597898998, -4.608200458953111145, -3.164094972174766429 ) ) ;
#3409 = CARTESIAN_POINT ( 'NONE',  ( -3.724652438287248124, -3.444368498326945360, -1.395728067831872199 ) ) ;
#3410 = CARTESIAN_POINT ( 'NONE',  ( 9.065328488095241311E-16, 0.3511044742336487112, 5.196152422706633800 ) ) ;
#3411 = CARTESIAN_POINT ( 'NONE',  ( -3.159406224836321719, -7.337237676396409114, -0.8673319630265583502 ) ) ;
#3412 = CARTESIAN_POINT ( 'NONE',  ( 1.960082687241506503E-16, -2.992817003476797133, -3.201057951739542329 ) ) ;
#3413 = CARTESIAN_POINT ( 'NONE',  ( -1.701326837008340309, -2.448863636363645568, -4.107366323934855679 ) ) ;
#3414 = ORIENTED_EDGE ( 'NONE', *, *, #672, .T. ) ;
#3415 = AXIS2_PLACEMENT_3D ( 'NONE', #3439, #4198, #420 ) ;
#3416 = AXIS2_PLACEMENT_3D ( 'NONE', #1176, #2278, #413 ) ;
#3417 = CARTESIAN_POINT ( 'NONE',  ( -3.871981932471828536, -2.323783240270987704, 0.4663423733040631958 ) ) ;
#3418 = CIRCLE ( 'NONE', #3891, 4.499999999999999112 ) ;
#3419 = CARTESIAN_POINT ( 'NONE',  ( -3.925654035069467085, -5.716706959578279346, -0.6415734692117605054 ) ) ;
#3420 = CARTESIAN_POINT ( 'NONE',  ( 3.802784626562005332, -2.856450451153445869, 1.164527699498852709 ) ) ;
#3421 = CARTESIAN_POINT ( 'NONE',  ( -3.697027895745644610, -6.774596887453791183, 1.468261500077927106 ) ) ;
#3422 = VERTEX_POINT ( 'NONE', #2157 ) ;
#3423 = ORIENTED_EDGE ( 'NONE', *, *, #4385, .T. ) ;
#3424 = CALENDAR_DATE ( 2026, 3, 1 ) ;
#3425 = EDGE_CURVE ( 'NONE', #2654, #4610, #444, .T. ) ;
#3426 = CARTESIAN_POINT ( 'NONE',  ( -0.1349610407798888245, -4.936813736171367317, -3.897244563651195648 ) ) ;
#3427 = CARTESIAN_POINT ( 'NONE',  ( 0.6509344425430911851, -4.297855399556619105, 3.919705166288977249 ) ) ;
#3428 = CARTESIAN_POINT ( 'NONE',  ( -2.109332089878734884, -7.384996320015610571, 2.441221557968070055 ) ) ;
#3429 = CARTESIAN_POINT ( 'NONE',  ( -3.962306203229035706, -5.608208446984485285, 0.3078548228896916816 ) ) ;
#3430 = CARTESIAN_POINT ( 'NONE',  ( -4.500000000000000888, -1.877249545191257640, -2.598076211353314680 ) ) ;
#3431 = CARTESIAN_POINT ( 'NONE',  ( 9.463864897535699331E-16, -1.877249545191257640, 5.196152422706633800 ) ) ;
#3432 = EDGE_LOOP ( 'NONE', ( #4411, #3248, #2976, #3101 ) ) ;
#3433 = EDGE_CURVE ( 'NONE', #1718, #1396, #2323, .T. ) ;
#3434 = CARTESIAN_POINT ( 'NONE',  ( -3.201057951739542773, -1.621794276204071794, -1.325921617552759280 ) ) ;
#3435 = CARTESIAN_POINT ( 'NONE',  ( 2.060188403480884833, -4.077769853416102208, 3.398540144486318137 ) ) ;
#3436 = CARTESIAN_POINT ( 'NONE',  ( -2.508509594620620398, -4.596038447217366318, -3.003489251610550248 ) ) ;
#3437 = CARTESIAN_POINT ( 'NONE',  ( 3.103776263492489917, -6.795731372272979520, 0.000000000000000000 ) ) ;
#3438 = CARTESIAN_POINT ( 'NONE',  ( -2.339699449662850039, -3.329972111091120013, 3.120184768593634583 ) ) ;
#3439 = CARTESIAN_POINT ( 'NONE',  ( 0.000000000000000000, -1.999999999999999112, 1.734723475976807094E-15 ) ) ;
#3440 = DIRECTION ( 'NONE',  ( -0.000000000000000000, -1.000000000000000000, -3.921717058577609625E-16 ) ) ;
#3441 = CARTESIAN_POINT ( 'NONE',  ( -3.201057951739542773, -1.477476094385890892, 1.325921617552758169 ) ) ;
#3442 = CARTESIAN_POINT ( 'NONE',  ( -4.107366323934855679, -5.768181818181821185, -1.701326837008341197 ) ) ;
#3443 = ORIENTED_EDGE ( 'NONE', *, *, #3789, .F. ) ;
#3444 = CARTESIAN_POINT ( 'NONE',  ( -2.583948473933078027, -2.148942818914829189, 3.018635713202137527 ) ) ;
#3445 = CARTESIAN_POINT ( 'NONE',  ( -3.883036239611395768, -5.824969549375993871, -0.3611824223515913701 ) ) ;
#3446 = CARTESIAN_POINT ( 'NONE',  ( 1.147626022312910887, -2.566981079479149219, -3.807793524192454981 ) ) ;
#3447 = CARTESIAN_POINT ( 'NONE',  ( 0.000000000000000000, 7.500000000000000000, 2.941287793933206948E-15 ) ) ;
#3448 = EDGE_LOOP ( 'NONE', ( #2564, #1198, #3456, #1020 ) ) ;
#3449 = PERSON_AND_ORGANIZATION ( #477, #4782 ) ;
#3450 = VECTOR ( 'NONE', #4355, 1000.000000000000000 ) ;
#3451 = CARTESIAN_POINT ( 'NONE',  ( 3.780785123821037708, -5.276207219251969782, 0.9555710962194077229 ) ) ;
#3452 = CARTESIAN_POINT ( 'NONE',  ( -3.360048565649597307, -4.637719304148547828, -2.128626061129470504 ) ) ;
#3453 = CARTESIAN_POINT ( 'NONE',  ( 2.711071621141727839, -6.115359064444467307, -2.909783205165257680 ) ) ;
#3454 = CARTESIAN_POINT ( 'NONE',  ( -3.945121276281035261, -5.712219662982369606, -0.5093870965199586154 ) ) ;
#3455 = CARTESIAN_POINT ( 'NONE',  ( 3.201057951739541885, -1.255478451068678281, 1.325921617552761278 ) ) ;
#3456 = ORIENTED_EDGE ( 'NONE', *, *, #2285, .T. ) ;
#3457 = AXIS2_PLACEMENT_3D ( 'NONE', #2723, #3117, #2092 ) ;
#3458 = CARTESIAN_POINT ( 'NONE',  ( 2.249999999999999556, -1.999999999999999112, -3.897114317029973130 ) ) ;
#3459 = CARTESIAN_POINT ( 'NONE',  ( -1.325921617552758836, -3.131614814705038441, -3.201057951739542773 ) ) ;
#3460 = CARTESIAN_POINT ( 'NONE',  ( 0.2568603980580471680, -4.234941985284242705, 3.969618433889923192 ) ) ;
#3461 = CARTESIAN_POINT ( 'NONE',  ( -0.3962296648347429229, -4.706716185557584531, -3.893031993772451571 ) ) ;
#3462 = CARTESIAN_POINT ( 'NONE',  ( -5.701544499533412370E-16, -2.466185917727532928, 3.103776263492489917 ) ) ;
#3463 = CARTESIAN_POINT ( 'NONE',  ( -3.929766432159401468, -3.406369368060800262, -0.6148663957997790863 ) ) ;
#3464 = CARTESIAN_POINT ( 'NONE',  ( 1.740487319457018067, -3.008189240723859292, 3.576876897601493521 ) ) ;
#3465 = CARTESIAN_POINT ( 'NONE',  ( 4.499999999999999112, -1.999999999999999112, 0.8667257563143964116 ) ) ;
#3466 = CARTESIAN_POINT ( 'NONE',  ( -0.7982284857192734062, -6.711834599155883652, 3.808249123749761988 ) ) ;
#3467 = CARTESIAN_POINT ( 'NONE',  ( -2.263489784646150582, -2.848498821658616009, -2.263489784646150582 ) ) ;
#3468 = CARTESIAN_POINT ( 'NONE',  ( 1.701326837008340975, -6.056818181818185209, -4.107366323934855679 ) ) ;
#3469 = EDGE_LOOP ( 'NONE', ( #314, #1000, #3505, #892 ) ) ;
#3470 = CARTESIAN_POINT ( 'NONE',  ( -3.845094354520542712, -2.260615355914416202, 1.002014612639613667 ) ) ;
#3471 = CARTESIAN_POINT ( 'NONE',  ( -1.777110486315024440, -5.973525589424349747, -3.553781639044551799 ) ) ;
#3472 = CARTESIAN_POINT ( 'NONE',  ( -3.633687693068786917, -2.302097363005054298, -1.616605958496788897 ) ) ;
#3473 = CARTESIAN_POINT ( 'NONE',  ( -0.6387939607766781602, -6.584153991012894558, 3.926263536834529333 ) ) ;
#3474 = VERTEX_POINT ( 'NONE', #4097 ) ;
#3475 = APPLICATION_PROTOCOL_DEFINITION ( 'international standard', 'config_control_design', 1994, #3956 ) ;
#3476 = CARTESIAN_POINT ( 'NONE',  ( 1.504350042044994007, -5.447223786159489656, 3.597596988152960584 ) ) ;
#3477 = CARTESIAN_POINT ( 'NONE',  ( -2.861485132405658494, -4.674336140788549976, -2.762826807507896998 ) ) ;
#3478 = CARTESIAN_POINT ( 'NONE',  ( 2.515694730233666299, -6.103899396833666557, -3.080359397723488879 ) ) ;
#3479 = CARTESIAN_POINT ( 'NONE',  ( -3.506296014736943079, -5.531237583551587456, 1.870726735669607121 ) ) ;
#3480 = CARTESIAN_POINT ( 'NONE',  ( 0.000000000000000000, 7.500000000000000000, 2.755455298081544383E-15 ) ) ;
#3481 = LINE ( 'NONE', #2376, #3965 ) ;
#3482 = EDGE_CURVE ( 'NONE', #928, #3422, #4684, .T. ) ;
#3483 = MANIFOLD_SOLID_BREP ( 'Revolve2', #1625 ) ;
#3484 = CARTESIAN_POINT ( 'NONE',  ( 3.201057951739542773, -3.420251178341402465, -1.325921617552759058 ) ) ;
#3485 = CARTESIAN_POINT ( 'NONE',  ( 1.322360542811094497, -4.116541610728608802, 3.747565786034892543 ) ) ;
#3486 = CARTESIAN_POINT ( 'NONE',  ( -1.748879590011305663, -4.232825397649746080, 3.500756827329071452 ) ) ;
#3487 = CARTESIAN_POINT ( 'NONE',  ( -3.103776263492489917, -7.482677718636114861, -3.801029666355608083E-16 ) ) ;
#3488 = CARTESIAN_POINT ( 'NONE',  ( -3.946373640256825244, -3.440723396072205453, 0.4622415877588447186 ) ) ;
#3489 = CARTESIAN_POINT ( 'NONE',  ( -2.999064348466225827, -3.247988237963176594, 2.613442061357034607 ) ) ;
#3490 = CARTESIAN_POINT ( 'NONE',  ( -2.907726113280041158, -7.458756558395108094, -1.198739789693811231 ) ) ;
#3491 = CARTESIAN_POINT ( 'NONE',  ( 2.425357477664132233, -2.300204656948293014, -2.404298044920705646 ) ) ;
#3492 = CARTESIAN_POINT ( 'NONE',  ( 2.904346580471597328, -6.417613636363638463, 2.904346580471598660 ) ) ;
#3493 = ORIENTED_EDGE ( 'NONE', *, *, #607, .T. ) ;
#3494 = CARTESIAN_POINT ( 'NONE',  ( -0.9293471243837992946, -1.978120255461486066, 3.867487993892896991 ) ) ;
#3495 = CARTESIAN_POINT ( 'NONE',  ( -3.581696339327961720, -2.050503929558531890, 1.578103493846528815 ) ) ;
#3496 = CARTESIAN_POINT ( 'NONE',  ( -3.351218539199462665, -5.875424809481266664, -2.134791731884659427 ) ) ;
#3497 = CARTESIAN_POINT ( 'NONE',  ( -3.048496229423299120, -2.096191105809664279, 2.554262811883979634 ) ) ;
#3498 = DIRECTION ( 'NONE',  ( -0.000000000000000000, 1.000000000000000000, 1.015892941693919779E-16 ) ) ;
#3499 = APPROVAL_ROLE ( '' ) ;
#3500 = CIRCLE ( 'NONE', #4439, 3.102840909090909260 ) ;
#3501 = CARTESIAN_POINT ( 'NONE',  ( -3.812226708661369479, -4.692288505119160291, -0.8201622272779501843 ) ) ;
#3502 = CARTESIAN_POINT ( 'NONE',  ( -2.984706660583881010, -4.482848722530045293, 2.622809251326402080 ) ) ;
#3503 = CARTESIAN_POINT ( 'NONE',  ( 1.628368285754069333, -6.476923239868964011, 3.628329472200452877 ) ) ;
#3504 = CARTESIAN_POINT ( 'NONE',  ( 0.6204315805745617141, -5.305166304621475426, 3.925420217319971261 ) ) ;
#3505 = ORIENTED_EDGE ( 'NONE', *, *, #4152, .F. ) ;
#3506 = DIRECTION ( 'NONE',  ( -1.000000000000000000, 0.000000000000000000, 0.000000000000000000 ) ) ;
#3507 = CARTESIAN_POINT ( 'NONE',  ( -2.250000000000000888, -1.999999999999999112, -3.897114317029972241 ) ) ;
#3508 = CARTESIAN_POINT ( 'NONE',  ( 1.325921617552759280, -3.275932996523219565, -3.201057951739542773 ) ) ;
#3509 = CARTESIAN_POINT ( 'NONE',  ( -3.972459485818734315, -4.525728437812122529, 0.2101504215777048323 ) ) ;
#3510 = CARTESIAN_POINT ( 'NONE',  ( 1.268864888382088552, -4.086972885422236246, 3.701698265709209679 ) ) ;
#3511 = CARTESIAN_POINT ( 'NONE',  ( 1.285626222910279060, -7.121882264090660719, 3.103776263492488585 ) ) ;
#3512 = CARTESIAN_POINT ( 'NONE',  ( -1.555115009038204210, -3.593444260155492564, -3.660976385105305653 ) ) ;
#3513 = CARTESIAN_POINT ( 'NONE',  ( -3.736257201947754680, -3.226288828419985322, 1.166068125185566018 ) ) ;
#3514 = CARTESIAN_POINT ( 'NONE',  ( 4.499999999999999112, -1.953547974904519924, 1.732656416756897411 ) ) ;
#3515 = CARTESIAN_POINT ( 'NONE',  ( 2.899123683976078336, -2.322430403441283708, -1.725318232917093519 ) ) ;
#3516 = CARTESIAN_POINT ( 'NONE',  ( 1.701326837008340975, -1.438636363636374371, -4.107366323934855679 ) ) ;
#3517 = ORIENTED_EDGE ( 'NONE', *, *, #4603, .F. ) ;
#3518 = EDGE_CURVE ( 'NONE', #4066, #578, #3418, .T. ) ;
#3519 = CARTESIAN_POINT ( 'NONE',  ( -0.2681913565005008548, -2.621635763199690938, -3.890618229395260919 ) ) ;
#3520 = CARTESIAN_POINT ( 'NONE',  ( -3.828594490064186839, -2.089216284954646063, 0.8126929415680922419 ) ) ;
#3521 = CARTESIAN_POINT ( 'NONE',  ( -3.103726054001740398, -5.688334064050598826, 2.361249802051848867 ) ) ;
#3522 = CARTESIAN_POINT ( 'NONE',  ( 1.325921617552759058, -6.017978451068669798, 3.201057951739543217 ) ) ;
#3523 = DIRECTION ( 'NONE',  ( 0.000000000000000000, 0.000000000000000000, 1.000000000000000000 ) ) ;
#3524 = CARTESIAN_POINT ( 'NONE',  ( -3.857632690482607263, -6.714724402344466547, 0.6605187725089514128 ) ) ;
#3525 = CALENDAR_DATE ( 2026, 3, 1 ) ;
#3526 = CARTESIAN_POINT ( 'NONE',  ( 2.683884733546588741, -5.082600217666721321, -2.828865656968305942 ) ) ;
#3527 = CARTESIAN_POINT ( 'NONE',  ( -3.459008771578035990, -4.437729511965035734, 1.964112916726318492 ) ) ;
#3528 = CARTESIAN_POINT ( 'NONE',  ( -0.2293827364971116334, -4.812670075883953125, -3.970376814449440683 ) ) ;
#3529 = CARTESIAN_POINT ( 'NONE',  ( -1.520390136063023645, -5.472867230830034124, 3.675840406268185312 ) ) ;
#3530 = ADVANCED_FACE ( 'NONE', ( #436 ), #917, .T. ) ;
#3531 = CARTESIAN_POINT ( 'NONE',  ( 2.263489784646150582, -3.348092087432311015, -2.263489784646150582 ) ) ;
#3532 = AXIS2_PLACEMENT_3D ( 'NONE', #2738, #4269, #4293 ) ;
#3533 = DIRECTION ( 'NONE',  ( -0.000000000000000000, -1.000000000000000000, -3.921717058577609625E-16 ) ) ;
#3534 = CARTESIAN_POINT ( 'NONE',  ( -1.701326837008342974, -6.634090909090913257, 4.107366323934854790 ) ) ;
#3535 = CARTESIAN_POINT ( 'NONE',  ( -3.111949923553609665, -4.410535741556412148, 2.477973783762499771 ) ) ;
#3536 = CARTESIAN_POINT ( 'NONE',  ( 1.872959105374071065, -3.662286401217797582, -3.435943843678063381 ) ) ;
#3537 = CARTESIAN_POINT ( 'NONE',  ( 1.900514833177804041E-16, -1.888913190454806212, -3.103776263492489917 ) ) ;
#3538 = EDGE_LOOP ( 'NONE', ( #3078, #3202, #1214, #2154, #2481, #683 ) ) ;
#3539 = CARTESIAN_POINT ( 'NONE',  ( 0.008006308779432000020, -3.788386905167990815, -3.899959668516681077 ) ) ;
#3540 = CARTESIAN_POINT ( 'NONE',  ( -0.9268854504442332054, -3.134215988609679648, 3.868580897919456696 ) ) ;
#3541 = CARTESIAN_POINT ( 'NONE',  ( -3.251948660118718859, -6.635889117880489074, 2.176646513326167653 ) ) ;
#3542 = CARTESIAN_POINT ( 'NONE',  ( 0.000000000000000000, 0.4738549290423901272, 4.500000000000000888 ) ) ;
#3543 = ORIENTED_EDGE ( 'NONE', *, *, #614, .T. ) ;
#3544 =( BOUNDED_SURFACE ( )  B_SPLINE_SURFACE ( 3, 2, ( 
 ( #4373, #1007, #3998 ),
 ( #4445, #4768, #3310 ),
 ( #2894, #296, #1430 ),
 ( #663, #4418, #2161 ),
 ( #2545, #2186, #1079 ),
 ( #3734, #742, #376 ),
 ( #2240, #1874, #2969 ),
 ( #4848, #1481, #4473 ),
 ( #4102, #1106, #2596 ),
 ( #4332, #4654, #1294 ),
 ( #3495, #867, #529 ),
 ( #205, #3884, #3569 ),
 ( #3520, #4308, #4678 ),
 ( #3954, #4230, #2072 ),
 ( #2460, #3145, #2003 ),
 ( #2437, #1660, #965 ),
 ( #1682, #943, #573 ),
 ( #3909, #2027, #4701 ),
 ( #2727, #1708, #3858 ),
 ( #156, #134, #3192 ),
 ( #1316, #1338, #552 ),
 ( #2780, #2050, #2365 ),
 ( #894, #595, #4282 ),
 ( #919, #2831, #3592 ),
 ( #2414, #2805, #3546 ),
 ( #183, #3931, #2095 ),
 ( #3170, #4258, #231 ),
 ( #1730, #502, #4606 ),
 ( #3122, #2388, #1243 ),
 ( #1636, #4630, #1267 ),
 ( #2752, #4034, #334 ),
 ( #3644, #3003, #4507 ),
 ( #17, #2173, #386 ),
 ( #1883, #3745, #2956 ),
 ( #1786, #4087, #1038 ),
 ( #676, #4485, #1145 ),
 ( #727, #3375, #651 ),
 ( #1516, #3269, #3670 ),
 ( #2533, #283, #4457 ),
 ( #4778, #1091, #2632 ),
 ( #307, #4060, #1809 ),
 ( #4805, #4405, #4114 ),
 ( #1467, #3696, #1834 ),
 ( #2149, #700, #2582 ),
 ( #1416, #3294, #2906 ),
 ( #1441, #3322, #751 ),
 ( #2224, #2198, #3721 ),
 ( #4833, #357, #2932 ),
 ( #4428, #1063, #2981 ),
 ( #1861, #2558, #3349 ),
 ( #4858, #1494, #1119 ),
 ( #2607, #2250, #1261 ),
 ( #4224, #1286, #861 ),
 ( #1677, #2272, #1702 ),
 ( #3165, #3564, #2358 ),
 ( #200, #4673, #3464 ),
 ( #4277, #2382, #2721 ),
 ( #3188, #2409, #2068 ),
 ( #4648, #4598, #1310 ),
 ( #4697, #1603, #3091 ),
 ( #2432, #3766, #4624 ),
 ( #1333, #1237, #4136 ),
 ( #2044, #775, #3540 ),
 ( #407, #888, #2773 ),
 ( #3852, #2800, #4302 ),
 ( #1653, #913, #3878 ),
 ( #3904, #1906, #546 ),
 ( #103, #177, #496 ),
 ( #936, #1997, #3489 ),
 ( #127, #3926, #1629 ),
 ( #3115, #569, #2745 ),
 ( #4251, #520, #2021 ),
 ( #3513, #150, #3139 ),
 ( #3949, #3609, #3233 ),
 ( #2112, #1796, #961 ),
 ( #2522, #2892, #3996 ),
 ( #2456, #294, #4791 ),
 ( #1377, #227, #2871 ),
 ( #4739, #4048, #2918 ),
 ( #4022, #3656, #1357 ),
 ( #250, #4416, #1822 ),
 ( #2848, #4718, #983 ),
 ( #1749, #688, #271 ),
 ( #1428, #2135, #3587 ),
 ( #4370, #4348, #3255 ),
 ( #2477, #3973, #1050 ),
 ( #1005, #1725, #3211 ),
 ( #4326, #320, #3682 ),
 ( #4393, #661, #2500 ),
 ( #615, #638, #3630 ),
 ( #591, #1771, #4765 ),
 ( #3280, #2159, #1401 ),
 ( #1025, #2543, #2184 ),
 ( #3308, #4820, #2089 ),
 ( #2824, #1479, #4100 ),
 ( #1846, #52, #712 ),
 ( #440, #4443, #1918 ),
 ( #4148, #740, #345 ),
 ( #396, #2262, #4497 ),
 ( #2238, #2944, #3 ),
 ( #2570, #4072, #2594 ),
 ( #3732, #2621, #1554 ),
 ( #1895, #2993, #3016 ),
 ( #3335, #374, #1529 ),
 ( #1133, #3756, #1104 ),
 ( #4471, #3388, #2212 ),
 ( #30, #4846, #1872 ),
 ( #3708, #3777, #1454 ),
 ( #417, #2967, #4523 ),
 ( #1077, #3407, #3363 ),
 ( #1943, #3039, #807 ),
 ( #1505, #3799, #2673 ),
 ( #4545, #4125, #1184 ),
 ( #764, #4172, #2283 ),
 ( #1159, #2647, #2305 ),
 ( #787, #3435, #3135 ),
 ( #1968, #2328, #4644 ),
 ( #3064, #3485, #99 ),
 ( #122, #1306, #4668 ),
 ( #1623, #2768, #3824 ),
 ( #857, #492, #3460 ),
 ( #3900, #4569, #3848 ),
 ( #146, #1257, #4296 ),
 ( #2404, #2040, #2796 ),
 ( #467, #3110, #4273 ),
 ( #932, #173, #2017 ),
 ( #908, #1598, #4247 ),
 ( #1673, #3087, #1282 ),
 ( #1206, #4620, #4594 ),
 ( #542, #565, #3535 ),
 ( #2693, #2741, #514 ),
 ( #3161, #1232, #4220 ),
 ( #4194, #1992, #2426 ),
 ( #883, #3921, #833 ),
 ( #2064, #72, #2378 ),
 ( #3873, #1573, #3509 ),
 ( #2717, #1648, #2354 ),
 ( #2084, #2868, #4345 ),
 ( #2540, #1695, #4017 ),
 ( #1398, #2844, #2450 ),
 ( #2496, #4367, #1745 ),
 ( #4321, #245, #980 ),
 ( #4693, #4714, #4413 ),
 ( #1354, #4736, #3651 ),
 ( #1022, #196, #1046 ),
 ( #1374, #3250, #2474 ),
 ( #3184, #957, #2519 ),
 ( #633, #1328, #3204 ),
 ( #4762, #3970, #658 ),
 ( #3230, #1720, #611 ),
 ( #4787, #2156, #3583 ),
 ( #291, #2819, #4043 ),
 ( #1793, #2915, #222 ),
 ( #685, #3277, #3945 ),
 ( #3627, #1002, #2109 ),
 ( #3559, #1768, #1425 ),
 ( #3606, #3991, #587 ),
 ( #2889, #2131, #4390 ),
 ( #268, #736, #707 ),
 ( #341, #4466, #2963 ),
 ( #4493, #3752, #782 ),
 ( #3679, #2233, #1129 ),
 ( #3304, #3330, #3034 ),
 ( #4840, #1818, #2181 ),
 ( #393, #3727, #1891 ),
 ( #4068, #1099, #2257 ),
 ( #367, #2616, #1841 ),
 ( #1475, #4121, #4814 ),
 ( #758, #2208, #2590 ),
 ( #1449, #4516, #316 ),
 ( #3403, #1154, #3704 ),
 ( #2641, #2940, #4539 ),
 ( #4143, #1547, #4096 ),
 ( #1177, #2279, #4436 ),
 ( #3384, #1868, #3359 ),
 ( #2667, #26, #46 ),
 ( #3773, #1073, #4167 ),
 ( #2566, #4866, #1501 ),
 ( #414, #2989, #1524 ),
 ( #1914, #3012, #4565 ),
 ( #3082, #3504, #1301 ),
 ( #2348, #142, #1203 ),
 ( #1644, #3843, #2010 ),
 ( #4638, #3795, #4590 ),
 ( #878, #1987, #168 ),
 ( #3131, #2761, #3529 ),
 ( #3058, #853, #1278 ),
 ( #2036, #903, #2736 ),
 ( #4268, #4190, #118 ),
 ( #2398, #4663, #435 ),
 ( #1226, #3156, #3895 ),
 ( #828, #2788, #488 ),
 ( #537, #3479, #1618 ),
 ( #2690, #4615, #1669 ),
 ( #803, #2301, #3106 ),
 ( #1938, #4241, #2322 ),
 ( #3820, #3429, #68 ),
 ( #1569, #4215, #461 ),
 ( #1962, #2713, #3454 ),
 ( #2374, #93, #1593 ),
 ( #1252, #3868, #510 ),
 ( #2839, #2813, #1324 ),
 ( #1715, #216, #2151 ),
 ( #997, #2884, #3601 ),
 ( #975, #3199, #952 ),
 ( #239, #3940, #583 ),
 ( #2445, #4340, #192 ),
 ( #1763, #927, #1788 ),
 ( #2104, #3985, #3577 ),
 ( #2422, #1690, #3245 ),
 ( #1369, #3917, #2080 ),
 ( #4709, #4756, #627 ),
 ( #1347, #2469, #3963 ),
 ( #1391, #4316, #604 ),
 ( #2125, #1739, #3225 ),
 ( #4731, #4688, #4383 ),
 ( #3271, #653, #2863 ),
 ( #2060, #1017, #2513 ),
 ( #3646, #263, #3178 ),
 ( #4361, #2489, #3622 ),
 ( #4011, #285, #4780 ),
 ( #1418, #4292, #561 ),
 ( #3554, #729, #2609 ),
 ( #753, #4407, #3672 ),
 ( #1065, #360, #678 ),
 ( #4860, #1443, #702 ),
 ( #4036, #388, #2908 ),
 ( #1885, #2934, #1496 ),
 ( #1040, #3377, #2535 ),
 ( #1908, #19, #2274 ),
 ( #2634, #3768, #1518 ),
 ( #4509, #2175, #3005 ),
 ( #3698, #4138, #3747 ),
 ( #1147, #336, #1836 ),
 ( #4089, #1121, #1863 ),
 ( #777, #4807, #309 ),
 ( #2983, #1811, #1469 ),
 ( #3398, #2958, #409 ),
 ( #41, #3296, #4430 ),
 ( #2252, #4459, #4116 ),
 ( #3351, #2560, #4062 ),
 ( #4487, #2227, #2200 ),
 ( #3324, #4835, #1093 ),
 ( #2584, #3723, #4234 ),
 ( #2756, #1639, #3473 ),
 ( #2368, #64, #846 ),
 ( #3126, #533, #4534 ),
 ( #797, #870, #819 ),
 ( #137, #481, #2340 ),
 ( #4583, #4184, #3028 ),
 ( #3837, #2659, #4162 ),
 ( #1587, #2684, #1171 ),
 ( #2031, #1219, #1612 ),
 ( #1541, #3787, #898 ),
 ( #1564, #3888, #3421 ),
 ( #1981, #2295, #428 ),
 ( #3524, #112, #3051 ),
 ( #4557, #1197, #2316 ) ),
 .UNSPECIFIED., .F., .F., .F. ) 
 B_SPLINE_SURFACE_WITH_KNOTS ( ( 4, 2, 2, 2, 2, 2, 2, 2, 2, 2, 2, 2, 2, 2, 2, 2, 2, 2, 2, 2, 2, 2, 2, 2, 2, 2, 2, 2, 2, 2, 2, 2, 2, 2, 2, 2, 2, 2, 2, 2, 2, 2, 2, 2, 2, 2, 2, 2, 2, 2, 2, 2, 2, 2, 2, 2, 2, 2, 2, 2, 2, 2, 2, 2, 2, 2, 2, 2, 2, 2, 2, 2, 2, 2, 2, 2, 2, 2, 2, 2, 2, 2, 2, 2, 2, 2, 2, 2, 2, 2, 2, 2, 2, 2, 2, 2, 2, 2, 2, 2, 2, 2, 2, 2, 2, 2, 2, 2, 2, 2, 2, 2, 2, 2, 2, 2, 2, 2, 2, 2, 2, 2, 2, 2, 2, 2, 2, 2, 4 ),
 ( 3, 3 ),
 ( 0.008900321223562539241, 0.009694669648749307256, 0.01048901807393607527, 0.01128336649912284329, 0.01207771492430961130, 0.01287206334949637931, 0.01366641177468314733, 0.01446076019986991534, 0.01525510862505668162, 0.01604945705024344790, 0.01684380547543021592, 0.01763815390061698393, 0.01843250232580375195, 0.01922685075099051996, 0.02002119917617728798, 0.02081554760136405599, 0.02160989602655082401, 0.02240424445173758855, 0.02319859287692435657, 0.02399294130211112458, 0.02478728972729789259, 0.02558163815248466061, 0.02637598657767142862, 0.02717033500285819664, 0.02796468342804496465, 0.02875903185323173267, 0.02955338027841850068, 0.03034772870360526870, 0.03114207712879203671, 0.03193642555397880473, 0.03273077397916557274, 0.03352512240435234075, 0.03431947082953910877, 0.03511381925472587678, 0.03590816767991264480, 0.03670251610509941281, 0.03749686453028618083, 0.03829121295547294884, 0.03908556138065971686, 0.03987990980584648487, 0.04067425823103325289, 0.04146860665622002090, 0.04226295508140678892, 0.04305730350659355693, 0.04385165193178032494, 0.04464600035696709296, 0.04544034878215386097, 0.04623469720734062205, 0.04702904563252739006, 0.04782339405771415808, 0.04861774248290091915, 0.04941209090808768717, 0.05020643933327445518, 0.05100078775846122320, 0.05179513618364799121, 0.05258948460883475923, 0.05338383303402152724, 0.05417818145920829526, 0.05497252988439506327, 0.05576687830958183129, 0.05656122673476859930, 0.05735557515995536731, 0.05814992358514213533, 0.05894427201032890334, 0.05973862043551567136, 0.06053296886070243937, 0.06132731728588920739, 0.06212166571107597540, 0.06291601413626274342, 0.06371036256144951837, 0.06450471098663627945, 0.06529905941182304052, 0.06609340783700981548, 0.06688775626219659043, 0.06768210468738335150, 0.06847645311257011258, 0.06927080153775688753, 0.07006514996294366249, 0.07085949838813042356, 0.07165384681331718464, 0.07244819523850395959, 0.07324254366369073455, 0.07403689208887749562, 0.07483124051406425670, 0.07562558893925103165, 0.07641993736443780660, 0.07721428578962456768, 0.07800863421481132876, 0.07880298263999810371, 0.07959733106518487866, 0.08039167949037163974, 0.08118602791555840081, 0.08198037634074517577, 0.08277472476593195072, 0.08356907319111871180, 0.08436342161630547287, 0.08515777004149224783, 0.08595211846667902278, 0.08674646689186578385, 0.08754081531705254493, 0.08833516374223931988, 0.08912951216742609484, 0.08992386059261285591, 0.09071820901779961699, 0.09151255744298639194, 0.09230690586817316690, 0.09310125429335992797, 0.09389560271854668905, 0.09468995114373346400, 0.09548429956892023895, 0.09627864799410700003, 0.09707299641929376111, 0.09786734484448053606, 0.09866169326966731101, 0.09945604169485407209, 0.1002503901200408332, 0.1010447385452276081, 0.1018390869704143831, 0.1026334353956011441, 0.1034277838207879052, 0.1042221322459746802, 0.1050164806711614551, 0.1058108290963482162, 0.1066051775215349773, 0.1073995259467217522, 0.1081938743719085133, 0.1089882227970952744, 0.1097825712222820493, 0.1105769196474688104 ),
 ( 0.000000000000000000, 0.9461051447550858917 ),
 .UNSPECIFIED. ) 
 GEOMETRIC_REPRESENTATION_ITEM ( )  RATIONAL_B_SPLINE_SURFACE ( (
 ( 1.000000000000000000, 0.8626037890226865290, 0.9851901021963560545),
 ( 1.000000000000000000, 0.8626002243325300300, 0.9851897179594359955),
 ( 1.000000000000000000, 0.8625984591645686761, 0.9851895276924924616),
 ( 1.000000000000000000, 0.8625986779795938864, 0.9851895512785007192),
 ( 1.000000000000000000, 0.8626007270545389405, 0.9851897721476958747),
 ( 1.000000000000000000, 0.8626082353946288306, 0.9851905814695003372),
 ( 1.000000000000000000, 0.8626217679038371555, 0.9851920401347502576),
 ( 1.000000000000000000, 0.8626094677737051741, 0.9851907143072842210),
 ( 1.000000000000000000, 0.8626048010926832266, 0.9851902112870879469),
 ( 1.000000000000000000, 0.8625990792255058270, 0.9851895945286814893),
 ( 1.000000000000000000, 0.8625980020394605763, 0.9851894784191095322),
 ( 1.000000000000000000, 0.8625996978830577921, 0.9851896612135999654),
 ( 1.000000000000000000, 0.8626024152106042120, 0.9851899541135493710),
 ( 1.000000000000000000, 0.8626112237360193946, 0.9851909035819537142),
 ( 1.000000000000000000, 0.8626177307227191893, 0.9851916049681663790),
 ( 1.000000000000000000, 0.8626066829286639370, 0.9851904141296434769),
 ( 1.000000000000000000, 0.8626026672434330411, 0.9851899812800950507),
 ( 1.000000000000000000, 0.8625982799207038143, 0.9851895083718482660),
 ( 1.000000000000000000, 0.8625979872602759224, 0.9851894768260653912),
 ( 1.000000000000000000, 0.8626010925336167201, 0.9851898115425798963),
 ( 1.000000000000000000, 0.8626045645720511468, 0.9851901857925975392),
 ( 1.000000000000000000, 0.8626146397893910134, 0.9851912717973576594),
 ( 1.000000000000000000, 0.8626141595577151433, 0.9851912200333243774),
 ( 1.000000000000000000, 0.8626042332008162505, 0.9851901500741879758),
 ( 1.000000000000000000, 0.8626008684142150162, 0.9851897873848143306),
 ( 1.000000000000000000, 0.8625979649137291982, 0.9851894744173376184),
 ( 1.000000000000000000, 0.8625983695327507084, 0.9851895180311047717),
 ( 1.000000000000000000, 0.8626029514532853604, 0.9851900119149927804),
 ( 1.000000000000000000, 0.8626070510363236243, 0.9851904538078616325),
 ( 1.000000000000000000, 0.8626182546259921757, 0.9851916614395483940),
 ( 1.000000000000000000, 0.8626107774140133744, 0.9851908554730339773),
 ( 1.000000000000000000, 0.8626021524023713694, 0.9851899257855259995),
 ( 1.000000000000000000, 0.8625995290155358264, 0.9851896430114186476),
 ( 1.000000000000000000, 0.8625980387412296446, 0.9851894823751825570),
 ( 1.000000000000000000, 0.8625992220920023490, 0.9851896099282198005),
 ( 1.000000000000000000, 0.8626051328997722534, 0.9851902470524780409),
 ( 1.000000000000000000, 0.8626099088816308047, 0.9851907618541797529),
 ( 1.000000000000000000, 0.8626223243600139590, 0.9851921001150003576),
 ( 1.000000000000000000, 0.8626078453429567583, 0.9851905394259435900),
 ( 1.000000000000000000, 0.8626005121389064279, 0.9851897489820020670),
 ( 1.000000000000000000, 0.8625985703300722562, 0.9851895396749900113),
 ( 1.000000000000000000, 0.8625985572666780010, 0.9851895382668904855),
 ( 1.000000000000000000, 0.8626004213629030470, 0.9851897391972830320),
 ( 1.000000000000000000, 0.8626077532250668867, 0.9851905294965828119),
 ( 1.000000000000000000, 0.8626224025809845486, 0.9851921085464161454),
 ( 1.000000000000000000, 0.8626100522671462656, 0.9851907773096630905),
 ( 1.000000000000000000, 0.8626052111808419909, 0.9851902554903717579),
 ( 1.000000000000000000, 0.8625992254604352150, 0.9851896102913022535),
 ( 1.000000000000000000, 0.8625980554466693428, 0.9851894841758570553),
 ( 1.000000000000000000, 0.8625994747606121615, 0.9851896371632959948),
 ( 1.000000000000000000, 0.8626021264316844350, 0.9851899229861531548),
 ( 1.000000000000000000, 0.8626107010459381774, 0.9851908472413413165),
 ( 1.000000000000000000, 0.8626184847003705025, 0.9851916862391990604),
 ( 1.000000000000000000, 0.8626070862646618709, 0.9851904576051139228),
 ( 1.000000000000000000, 0.8626029905956945631, 0.9851900161341418105),
 ( 1.000000000000000000, 0.8625984136693310989, 0.9851895227885740791),
 ( 1.000000000000000000, 0.8625979561596326395, 0.9851894734737360881),
 ( 1.000000000000000000, 0.8626008429303596570, 0.9851897846379170653),
 ( 1.000000000000000000, 0.8626041290236544645, 0.9851901388449618713),
 ( 1.000000000000000000, 0.8626139872959900368, 0.9851912014652828287),
 ( 1.000000000000000000, 0.8626147023260744007, 0.9851912785381686799),
 ( 1.000000000000000000, 0.8626046355063815563, 0.9851901934385883797),
 ( 1.000000000000000000, 0.8626011620384401724, 0.9851898190344846595),
 ( 1.000000000000000000, 0.8625979752623154084, 0.9851894755328087783),
 ( 1.000000000000000000, 0.8625982877042185359, 0.9851895092108311491),
 ( 1.000000000000000000, 0.8626025667519368056, 0.9851899704481457132),
 ( 1.000000000000000000, 0.8626066166067145602, 0.9851904069808197217),
 ( 1.000000000000000000, 0.8626176554088675896, 0.9851915968501080423),
 ( 1.000000000000000000, 0.8626113936719098652, 0.9851909218992941364),
 ( 1.000000000000000000, 0.8626024854118441443, 0.9851899616805207538),
 ( 1.000000000000000000, 0.8625997199049626474, 0.9851896635873345076),
 ( 1.000000000000000000, 0.8625980023600789970, 0.9851894784536687766),
 ( 1.000000000000000000, 0.8625990278703018488, 0.9851895889931188144),
 ( 1.000000000000000000, 0.8626047613107258316, 0.9851902069990023936),
 ( 1.000000000000000000, 0.8626093887167195495, 0.9851907057857547390),
 ( 1.000000000000000000, 0.8626215234272602839, 0.9851920137826907231),
 ( 1.000000000000000000, 0.8626082936180392569, 0.9851905877453849270),
 ( 1.000000000000000000, 0.8626007540248724625, 0.9851897750548204158),
 ( 1.000000000000000000, 0.8625987125847436321, 0.9851895550085798536),
 ( 1.000000000000000000, 0.8625984306370537702, 0.9851895246175199627),
 ( 1.000000000000000000, 0.8626002193669480844, 0.9851897174241973643),
 ( 1.000000000000000000, 0.8626072466221459401, 0.9851904748900007780),
 ( 1.000000000000000000, 0.8626231257265650765, 0.9851921864940689222),
 ( 1.000000000000000000, 0.8626105168186432026, 0.9851908273835343621),
 ( 1.000000000000000000, 0.8626056643196351459, 0.9851903043340711763),
 ( 1.000000000000000000, 0.8625994374878435123, 0.9851896331456750922),
 ( 1.000000000000000000, 0.8625981130263624674, 0.9851894903823554817),
 ( 1.000000000000000000, 0.8625992957810861839, 0.9851896178711447849),
 ( 1.000000000000000000, 0.8626017479635632590, 0.9851898821911839743),
 ( 1.000000000000000000, 0.8626101991826073956, 0.9851907931456380663),
 ( 1.000000000000000000, 0.8626190909609886548, 0.9851917515878554354),
 ( 1.000000000000000000, 0.8626076419188121180, 0.9851905174989139535),
 ( 1.000000000000000000, 0.8626033343652333985, 0.9851900531889608015),
 ( 1.000000000000000000, 0.8625985106053105644, 0.9851895332372752057),
 ( 1.000000000000000000, 0.8625979400379518713, 0.9851894717359848119),
 ( 1.000000000000000000, 0.8626005585754036309, 0.9851897539873786247),
 ( 1.000000000000000000, 0.8626037966385815547, 0.9851901030172711682),
 ( 1.000000000000000000, 0.8626134011010921920, 0.9851911382795046634),
 ( 1.000000000000000000, 0.8626153794445176048, 0.9851913515245696029),
 ( 1.000000000000000000, 0.8626049820765995246, 0.9851902307952919990),
 ( 1.000000000000000000, 0.8626014480107758731, 0.9851898498593598674),
 ( 1.000000000000000000, 0.8625980359626906901, 0.9851894820756845750),
 ( 1.000000000000000000, 0.8625982028686065561, 0.9851895000664250279),
 ( 1.000000000000000000, 0.8626022638955423982, 0.9851899378033426302),
 ( 1.000000000000000000, 0.8626061058447570540, 0.9851903519259361808),
 ( 1.000000000000000000, 0.8626169786900709235, 0.9851915239067848828),
 ( 1.000000000000000000, 0.8626118942265040834, 0.9851909758539290074),
 ( 1.000000000000000000, 0.8626028478994191007, 0.9851900007529514891),
 ( 1.000000000000000000, 0.8625999400640458337, 0.9851896873182184322),
 ( 1.000000000000000000, 0.8625979620737065368, 0.9851894741112123821),
 ( 1.000000000000000000, 0.8625988753899014316, 0.9851895725573005524),
 ( 1.000000000000000000, 0.8626043134428714731, 0.9851901587234559443),
 ( 1.000000000000000000, 0.8626089199333951685, 0.9851906552557359031),
 ( 1.000000000000000000, 0.8626208745651222642, 0.9851919438420286834),
 ( 1.000000000000000000, 0.8626088579165256398, 0.9851906485709553962),
 ( 1.000000000000000000, 0.8626010094213907298, 0.9851898025839369577),
 ( 1.000000000000000000, 0.8625988540099694957, 0.9851895702527639909),
 ( 1.000000000000000000, 0.8625983290039150875, 0.9851895136625132832),
 ( 1.000000000000000000, 0.8625999748224435493, 0.9851896910648161310),
 ( 1.000000000000000000, 0.8626068298386319055, 0.9851904299650264818),
 ( 1.000000000000000000, 0.8626238953402989296, 0.9851922694505105271),
 ( 1.000000000000000000, 0.8626111281209747350, 0.9851908932756356929),
 ( 1.000000000000000000, 0.8626060591360416030, 0.9851903468912173167),
 ( 1.000000000000000000, 0.8625996324525738723, 0.9851896541608670121),
 ( 1.000000000000000000, 0.8625981819937466044, 0.9851894978163298067),
 ( 1.000000000000000000, 0.8625991169853164386, 0.9851895985988003979),
 ( 1.000000000000000000, 0.8626014949126551423, 0.9851898549148998541),
 ( 1.000000000000000000, 0.8626095842354390975, 0.9851907268606608925),
 ( 1.000000000000000000, 0.8626198231579619291, 0.9851918305111553309),
 ( 1.000000000000000000, 0.8626080819820253209, 0.9851905649332002302),
 ( 1.000000000000000000, 0.8626037346245291060, 0.9851900963327944183),
 ( 1.000000000000000000, 0.8625986333925779181, 0.9851895464724791385),
 ( 1.000000000000000000, 0.8625979461935515680, 0.9851894723994951697),
 ( 1.000000000000000000, 0.8626003209517086878, 0.9851897283739893263),
 ( 1.000000000000000000, 0.8626034022739577090, 0.9851900605088224072),
 ( 1.000000000000000000, 0.8626128855911202598, 0.9851910827128339543),
 ( 1.000000000000000000, 0.8626159722630585280, 0.9851914154243086585),
 ( 1.000000000000000000, 0.8626054616161069610, 0.9851902824847165174),
 ( 1.000000000000000000, 0.8626017195097279711, 0.9851898791241533448),
 ( 1.000000000000000000, 0.8625980839820917012, 0.9851894872516819834),
 ( 1.000000000000000000, 0.8625981107069237153, 0.9851894901323439147),
 ( 1.000000000000000000, 0.8626019468205624596, 0.9851899036259224030),
 ( 1.000000000000000000, 0.8626057363003203360, 0.9851903120928484636),
 ( 1.000000000000000000, 0.8626163350801108187, 0.9851914545322535410),
 ( 1.000000000000000000, 0.8626124543751535478, 0.9851910362321898429),
 ( 1.000000000000000000, 0.8626031449105530102, 0.9851900327676956781),
 ( 1.000000000000000000, 0.8626001753941697769, 0.9851897126843843777),
 ( 1.000000000000000000, 0.8625979467787932009, 0.9851894724625782640),
 ( 1.000000000000000000, 0.8625987459156239101, 0.9851895586013057482),
 ( 1.000000000000000000, 0.8626039593267402772, 0.9851901205533807326),
 ( 1.000000000000000000, 0.8626083438472963438, 0.9851905931595821286),
 ( 1.000000000000000000, 0.8626202461718345260, 0.9851918761076980946),
 ( 1.000000000000000000, 0.8626093111883825770, 0.9851906974289976748),
 ( 1.000000000000000000, 0.8626013210187567504, 0.9851898361709269247),
 ( 1.000000000000000000, 0.8625989997803812370, 0.9851895859653145848),
 ( 1.000000000000000000, 0.8625982422063720456, 0.9851895043066314361),
 ( 1.000000000000000000, 0.8625997471150324003, 0.9851896665203001557),
 ( 1.000000000000000000, 0.8626063477689338566, 0.9851903780028732349),
 ( 1.000000000000000000, 0.8626114788011797208, 0.9851909310753534932),
 ( 1.000000000000000000, 0.8626242918263538062, 0.9851923121876275946),
 ( 1.000000000000000000, 0.8626065321491198645, 0.9851903978771601178),
 ( 1.000000000000000000, 0.8625998036945506930, 0.9851896726189900422),
 ( 1.000000000000000000, 0.8625982718513282022, 0.9851895075020524750),
 ( 1.000000000000000000, 0.8625989472712285444, 0.9851895803053680734),
 ( 1.000000000000000000, 0.8626012215332446997, 0.9851898254474122929),
 ( 1.000000000000000000, 0.8626091547372506385, 0.9851906805651755583),
 ( 1.000000000000000000, 0.8626204910365230516, 0.9851919025015920539),
 ( 1.000000000000000000, 0.8626085688175546551, 0.9851906174090609980),
 ( 1.000000000000000000, 0.8626040753652201021, 0.9851901330611347873),
 ( 1.000000000000000000, 0.8625987910339095732, 0.9851895634645926325),
 ( 1.000000000000000000, 0.8625979467000808310, 0.9851894724540937176),
 ( 1.000000000000000000, 0.8626001005882577566, 0.9851897046210766895),
 ( 1.000000000000000000, 0.8626030461425068241, 0.9851900221215166287),
 ( 1.000000000000000000, 0.8626122367491773080, 0.9851910127743488399),
 ( 1.000000000000000000, 0.8626165542282467902, 0.9851914781541677435),
 ( 1.000000000000000000, 0.8626058631150278488, 0.9851903257621690280),
 ( 1.000000000000000000, 0.8626020681419270808, 0.9851899167031170634),
 ( 1.000000000000000000, 0.8625981372659148327, 0.9851894929951298119),
 ( 1.000000000000000000, 0.8625980696121225977, 0.9851894857027471142),
 ( 1.000000000000000000, 0.8626016232068223211, 0.9851898687436910773),
 ( 1.000000000000000000, 0.8626052972117800310, 0.9851902647636217036),
 ( 1.000000000000000000, 0.8626157723882058592, 0.9851913938798559922),
 ( 1.000000000000000000, 0.8626130717101836431, 0.9851911027745539062),
 ( 1.000000000000000000, 0.8626035527177465800, 0.9851900767251149382),
 ( 1.000000000000000000, 0.8626003963545887387, 0.9851897365016439867),
 ( 1.000000000000000000, 0.8625979441344931997, 0.9851894721775498187),
 ( 1.000000000000000000, 0.8625985739256865070, 0.9851895400625603205),
 ( 1.000000000000000000, 0.8626036025581523825, 0.9851900820973977790),
 ( 1.000000000000000000, 0.8626079233945911362, 0.9851905478391067561),
 ( 1.000000000000000000, 0.8626194738893409042, 0.9851917928635918198),
 ( 1.000000000000000000, 0.8626098133158778269, 0.9851907515531750370),
 ( 1.000000000000000000, 0.8626015787232469423, 0.9851898639488192444),
 ( 1.000000000000000000, 0.8625991859012698271, 0.9851896060272311573),
 ( 1.000000000000000000, 0.8625981537008736710, 0.9851894947666492985),
 ( 1.000000000000000000, 0.8625995702319692038, 0.9851896474541259607),
 ( 1.000000000000000000, 0.8626059137671395760, 0.9851903312219454367),
 ( 1.000000000000000000, 0.8626108534838597963, 0.9851908636725805746),
 ( 1.000000000000000000, 0.8626236381034027012, 0.9851922417230198903),
 ( 1.000000000000000000, 0.8626069773031347365, 0.9851904458601824510),
 ( 1.000000000000000000, 0.8626000747681136227, 0.9851897018379309756),
 ( 1.000000000000000000, 0.8625983612436960435, 0.9851895171376301441),
 ( 1.000000000000000000, 0.8625988058382885182, 0.9851895650603523791),
 ( 1.000000000000000000, 0.8626009015352598119, 0.9851897909549222065),
 ( 1.000000000000000000, 0.8626086268925255984, 0.9851906236689453866),
 ( 1.000000000000000000, 0.8626211089677738864, 0.9851919691082227093),
 ( 1.000000000000000000, 0.8626091010399793424, 0.9851906747771621564),
 ( 1.000000000000000000, 0.8626044810670490115, 0.9851901767916175778),
 ( 1.000000000000000000, 0.8625989129741223893, 0.9851895766084929340),
 ( 1.000000000000000000, 0.8625979795879344936, 0.9851894759990660333),
 ( 1.000000000000000000, 0.8625998514584144461, 0.9851896777674431505),
 ( 1.000000000000000000, 0.8626027277970653717, 0.9851899878071534999),
 ( 1.000000000000000000, 0.8626117125090271287, 0.9851909562666547604),
 ( 1.000000000000000000, 0.8626172859165931461, 0.9851915570226428276),
 ( 1.000000000000000000, 0.8626062854580527350, 0.9851903712864014118),
 ( 1.000000000000000000, 0.8626023660470010235, 0.9851899488142188410),
 ( 1.000000000000000000, 0.8625982362559287964, 0.9851895036652347226),
 ( 1.000000000000000000, 0.8625980105623323180, 0.9851894793377874437),
 ( 1.000000000000000000, 0.8626013540073591557, 0.9851898397267588869),
 ( 1.000000000000000000, 0.8626048622723111459, 0.9851902178816224209),
 ( 1.000000000000000000, 0.8626150814569358838, 0.9851913194045744948),
 ( 1.000000000000000000, 0.8626136037729998929, 0.9851911601254508266),
 ( 1.000000000000000000, 0.8626039155894260624, 0.9851901158389482216),
 ( 1.000000000000000000, 0.8626006760088692493, 0.9851897666454979552),
 ( 1.000000000000000000, 0.8625979332604436500, 0.9851894710054391879),
 ( 1.000000000000000000, 0.8625984816374243636, 0.9851895301148352324),
 ( 1.000000000000000000, 0.8626032004219544858, 0.9851900387512535495),
 ( 1.000000000000000000, 0.8626074504519751773, 0.9851904968607589907),
 ( 1.000000000000000000, 0.8626188702025797683, 0.9851917277923705196),
 ( 1.000000000000000000, 0.8626103946125959210, 0.9851908142109799815),
 ( 1.000000000000000000, 0.8626019095306438622, 0.9851898996064529790),
 ( 1.000000000000000000, 0.8625993544651776590, 0.9851896241966859868),
 ( 1.000000000000000000, 0.8625980932531897016, 0.9851894882510110474),
 ( 1.000000000000000000, 0.8625993374519236312, 0.9851896223628322513),
 ( 1.000000000000000000, 0.8626055194582669117, 0.9851902887195063130),
 ( 1.000000000000000000, 0.8626103559413711430, 0.9851908100426197690),
 ( 1.000000000000000000, 0.8626228128960005126, 0.9851921527741529516),
 ( 1.000000000000000000, 0.8626074174805716810, 0.9851904933067809900),
 ( 1.000000000000000000, 0.8626002864614251697, 0.9851897246562917321),
 ( 1.000000000000000000, 0.8625984798629044992, 0.9851895299235601255),
 ( 1.000000000000000000, 0.8625986536849201691, 0.9851895486597850304),
 ( 1.000000000000000000, 0.8626006768284764092, 0.9851897667338431752),
 ( 1.000000000000000000, 0.8626081237968181714, 0.9851905694404046177),
 ( 1.000000000000000000, 0.8626218504631097961, 0.9851920490337902070),
 ( 1.000000000000000000, 0.8626095437447819370, 0.9851907224961846676),
 ( 1.000000000000000000, 0.8626048939321451225, 0.9851902212942267312),
 ( 1.000000000000000000, 0.8625991091698484992, 0.9851895977563734919),
 ( 1.000000000000000000, 0.8625980136889961347, 0.9851894796748095207),
 ( 1.000000000000000000, 0.8625996545192441411, 0.9851896565394269167),
 ( 1.000000000000000000, 0.8626023332356302920, 0.9851899452774907084),
 ( 1.000000000000000000, 0.8626111579618657155, 0.9851908964921767264),
 ( 1.000000000000000000, 0.8626178697838180476, 0.9851916199575219135),
 ( 1.000000000000000000, 0.8626067864794398909, 0.9851904252913517013),
 ( 1.000000000000000000, 0.8626027001949417850, 0.9851899848319285447),
 ( 1.000000000000000000, 0.8625983081580379519, 0.9851895114155423405),
 ( 1.000000000000000000, 0.8625979760505056992, 0.9851894756177674850),
 ( 1.000000000000000000, 0.8626010402680094336, 0.9851898059088851634),
 ( 1.000000000000000000, 0.8626044952605956828, 0.9851901783215357700),
 ( 1.000000000000000000, 0.8626095013650759702, 0.9851907179280883220) ) ) 
 REPRESENTATION_ITEM ( '' )  SURFACE ( )  );
#3545 = CARTESIAN_POINT ( 'NONE',  ( 2.886184785011762788, -2.661585671667066944, -2.736977316012864758 ) ) ;
#3546 = CARTESIAN_POINT ( 'NONE',  ( -2.053894026439907705, -2.414060424766259150, -3.406583630934073792 ) ) ;
#3547 = CARTESIAN_POINT ( 'NONE',  ( 3.824938034297608702, -6.421239880914675346, 0.7614003814381772317 ) ) ;
#3548 = CARTESIAN_POINT ( 'NONE',  ( 1.325921617552758169, -4.863432996523216367, 3.201057951739543217 ) ) ;
#3549 = DIRECTION ( 'NONE',  ( 0.000000000000000000, -3.921717058577609625E-16, 1.000000000000000000 ) ) ;
#3550 = FACE_OUTER_BOUND ( 'NONE', #4255, .T. ) ;
#3551 = CARTESIAN_POINT ( 'NONE',  ( 3.101144650644983791, -6.506414268726059547, 2.364027323497392974 ) ) ;
#3552 = CARTESIAN_POINT ( 'NONE',  ( 1.316236494393266065, -5.005754714473027001, -3.671022299579789649 ) ) ;
#3553 = CARTESIAN_POINT ( 'NONE',  ( -3.558341193931829682, -4.619572243984480409, -1.776386135661815135 ) ) ;
#3554 = CARTESIAN_POINT ( 'NONE',  ( 3.363637599699333514, -6.068495001325391769, -2.001478383733716448 ) ) ;
#3555 = EDGE_LOOP ( 'NONE', ( #1172, #4388, #4585, #3378, #2490 ) ) ;
#3556 = DIRECTION ( 'NONE',  ( 1.000000000000000000, 4.802718242948642635E-32, -1.224646799147353207E-16 ) ) ;
#3557 = CARTESIAN_POINT ( 'NONE',  ( -1.463132331088884098E-11, -6.918823203728462268, -3.684017705362443440 ) ) ;
#3558 = CARTESIAN_POINT ( 'NONE',  ( 2.515036510766225999E-16, -4.830113636363642549, -4.107366323934855679 ) ) ;
#3559 = CARTESIAN_POINT ( 'NONE',  ( 1.669172623197481498, -4.805814170141314179, -3.540137062521466760 ) ) ;
#3560 = CARTESIAN_POINT ( 'NONE',  ( -3.819197766727455701, -3.321041135221038942, -0.8525190290526546422 ) ) ;
#3561 = CARTESIAN_POINT ( 'NONE',  ( -2.194701243201384155, -1.455958645000261731, 2.194701243201383267 ) ) ;
#3562 = B_SPLINE_CURVE_WITH_KNOTS ( 'NONE', 3,
 ( #1998, #3514, #3465, #4599 ),
 .UNSPECIFIED., .F., .F.,
 ( 4, 4 ),
 ( 0.01187195621333344414, 0.01447670210936970875 ),
 .UNSPECIFIED. ) ;
#3563 = CARTESIAN_POINT ( 'NONE',  ( 1.326613984265304413, -3.812282787990108002, -3.745339989247700174 ) ) ;
#3564 = CARTESIAN_POINT ( 'NONE',  ( 2.207037701531274099, -2.915066636854029891, 3.304838944057673533 ) ) ;
#3565 = CARTESIAN_POINT ( 'NONE',  ( 0.4555753775449304932, -6.933306475290093474, -3.648257209360900699 ) ) ;
#3566 = CARTESIAN_POINT ( 'NONE',  ( 0.2739604095348790458, -2.426087764586934981, 3.155748336109103214 ) ) ;
#3567 = VERTEX_POINT ( 'NONE', #783 ) ;
#3568 = CARTESIAN_POINT ( 'NONE',  ( 3.221735999928554861, -2.768381402147830350, -2.325551432326924850 ) ) ;
#3569 = CARTESIAN_POINT ( 'NONE',  ( -3.824487910298602689, -2.175146392546345009, 1.094311821358709302 ) ) ;
#3570 = CARTESIAN_POINT ( 'NONE',  ( 3.860846954980873935, -6.360744330487618114, -0.5499190135535731994 ) ) ;
#3571 = CARTESIAN_POINT ( 'NONE',  ( 1.325921617552761944, -5.585023905614124651, -3.201057951739541885 ) ) ;
#3572 = DIRECTION ( 'NONE',  ( 0.000000000000000000, 0.000000000000000000, -1.000000000000000000 ) ) ;
#3573 = CARTESIAN_POINT ( 'NONE',  ( -0.6368301679222072575, -6.665497253713633441, 3.885507324806419138 ) ) ;
#3574 = CARTESIAN_POINT ( 'NONE',  ( -2.064670843564155867, -5.994040241476302988, -3.308100977371599249 ) ) ;
#3575 = CARTESIAN_POINT ( 'NONE',  ( 3.640685200938887256, -5.034199362836831781, -1.601993816743674248 ) ) ;
#3576 = CARTESIAN_POINT ( 'NONE',  ( 3.416589758228967710, -5.210813738499404657, 2.035882525340134031 ) ) ;
#3577 = CARTESIAN_POINT ( 'NONE',  ( -1.588971962846079666, -5.902474774208906538, -3.646749198306606488 ) ) ;
#3578 = CARTESIAN_POINT ( 'NONE',  ( -4.860316984116058095E-16, -2.000000000000000000, 3.968749999999998224 ) ) ;
#3579 = EDGE_CURVE ( 'NONE', #1932, #4578, #1706, .T. ) ;
#3580 = CARTESIAN_POINT ( 'NONE',  ( 3.730820235374920024, -2.868507194925927983, -1.134913335347799368 ) ) ;
#3581 = CARTESIAN_POINT ( 'NONE',  ( 2.904346580471597328, -7.572159090909091894, 2.904346580471598660 ) ) ;
#3582 = AXIS2_PLACEMENT_3D ( 'NONE', #1869, #1502, #4368 ) ;
#3583 = CARTESIAN_POINT ( 'NONE',  ( -0.4429945562388941660, -4.803800361618272063, -3.953363979968344655 ) ) ;
#3584 = CARTESIAN_POINT ( 'NONE',  ( 2.512577548572676012, -3.698881793673495455, -2.999977113678294671 ) ) ;
#3585 = CARTESIAN_POINT ( 'NONE',  ( 1.285626222910278393, -3.225291354999757498, -3.103776263492488585 ) ) ;
#3586 = CARTESIAN_POINT ( 'NONE',  ( 2.702256696481278198, -3.805028092989592103, -2.918725927316880409 ) ) ;
#3587 = CARTESIAN_POINT ( 'NONE',  ( -2.578151500554945130, -3.538726617182114786, -3.029429243324795795 ) ) ;
#3588 = CARTESIAN_POINT ( 'NONE',  ( -0.7324871863920582316, -6.490228364103274750, 3.843975413315354306 ) ) ;
#3589 = CARTESIAN_POINT ( 'NONE',  ( 0.2737086334615912442, -2.233610160857895988, -3.529393187900682349 ) ) ;
#3590 = ORIENTED_EDGE ( 'NONE', *, *, #2702, .F. ) ;
#3591 = CARTESIAN_POINT ( 'NONE',  ( 1.573675260162266110, -2.587573604099122182, -3.652989656489751713 ) ) ;
#3592 = CARTESIAN_POINT ( 'NONE',  ( -2.285926896085862747, -2.401126089692618759, -3.255565582147097459 ) ) ;
#3593 = CARTESIAN_POINT ( 'NONE',  ( 3.745153103853991805, -6.202143528191814248, -1.340039786102830366 ) ) ;
#3594 = CARTESIAN_POINT ( 'NONE',  ( 3.201057951739543217, -6.883887541977759206, -1.325921617552759502 ) ) ;
#3595 = CARTESIAN_POINT ( 'NONE',  ( 0.3035290607409451002, -2.032449771021061391, 3.895921062621582998 ) ) ;
#3596 = CARTESIAN_POINT ( 'NONE',  ( -3.201576633076795630, -6.659935993732464254, 2.319236977710756431 ) ) ;
#3597 = ORIENTED_EDGE ( 'NONE', *, *, #249, .F. ) ;
#3598 = CARTESIAN_POINT ( 'NONE',  ( -2.785749735830298057, -5.666287911765262919, 2.728827784764952469 ) ) ;
#3599 = CARTESIAN_POINT ( 'NONE',  ( 3.889307530695983672, -5.072463003049225705, -0.8334074353913611954 ) ) ;
#3600 = CARTESIAN_POINT ( 'NONE',  ( 1.703484940340867393, -5.318451937780094951, 3.593767392123445870 ) ) ;
#3601 = CARTESIAN_POINT ( 'NONE',  ( -3.097434384400409524, -5.814840503402640692, -2.496064981151195905 ) ) ;
#3602 = CARTESIAN_POINT ( 'NONE',  ( -2.263489784646151026, -7.178044276204063046, 2.263489784646150582 ) ) ;
#3603 = CARTESIAN_POINT ( 'NONE',  ( -1.679641691397783632, -2.138477079871897057, 3.519192932292193099 ) ) ;
#3604 = ORIENTED_EDGE ( 'NONE', *, *, #3124, .T. ) ;
#3605 = CARTESIAN_POINT ( 'NONE',  ( 1.701326837008340975, -7.211363636363637752, -4.107366323934855679 ) ) ;
#3606 = CARTESIAN_POINT ( 'NONE',  ( 1.906859987433078052, -4.818675949355704091, -3.418002599906166505 ) ) ;
#3607 = CARTESIAN_POINT ( 'NONE',  ( -0.3720599629190021740, -3.553293388803033803, -3.895425089308303335 ) ) ;
#3608 = CARTESIAN_POINT ( 'NONE',  ( 3.103776263492489917, -4.596314082272483503, 0.000000000000000000 ) ) ;
#3609 = CARTESIAN_POINT ( 'NONE',  ( -3.920216557578241279, -3.283195561523764461, 0.6527827168403423919 ) ) ;
#3610 = CARTESIAN_POINT ( 'NONE',  ( 3.021710352624301432, -7.040290987361749409, -1.900957434643154809 ) ) ;
#3611 = CARTESIAN_POINT ( 'NONE',  ( 0.1500943404262001513, -2.415072849413795630, 3.184579519890478938 ) ) ;
#3612 = CARTESIAN_POINT ( 'NONE',  ( 0.5392229006073682163, -2.536939403403005944, -3.940859794854776332 ) ) ;
#3613 = CARTESIAN_POINT ( 'NONE',  ( -3.201057951739542773, -7.461160269250484589, 1.325921617552758169 ) ) ;
#3614 = CARTESIAN_POINT ( 'NONE',  ( 3.250676754962421366, -6.151363063079459792, -2.292185401975169956 ) ) ;
#3615 = CARTESIAN_POINT ( 'NONE',  ( -3.830012424325821563, -2.073339550831370115, 0.3302149381325038546 ) ) ;
#3616 = CARTESIAN_POINT ( 'NONE',  ( 4.499999999999999112, -1.877249545191257640, -2.598076211353316456 ) ) ;
#3617 = CARTESIAN_POINT ( 'NONE',  ( 0.000000000000000000, -2.000000000000000000, -3.968750000000001776 ) ) ;
#3618 = CARTESIAN_POINT ( 'NONE',  ( 3.752666751200139483, -6.335882290540018502, -1.060452809729312440 ) ) ;
#3619 = B_SPLINE_CURVE_WITH_KNOTS ( 'NONE', 3,
 ( #3316, #2552, #696, #2192 ),
 .UNSPECIFIED., .F., .F.,
 ( 4, 4 ),
 ( 0.01187195621333344414, 0.01447670210936970701 ),
 .UNSPECIFIED. ) ;
#3620 = CARTESIAN_POINT ( 'NONE',  ( 3.977517406893453344, -5.109158830595475820, -0.03433760956708754170 ) ) ;
#3621 = CARTESIAN_POINT ( 'NONE',  ( 2.371597992598039717, -5.281828975515929336, 3.192565757058589249 ) ) ;
#3622 = CARTESIAN_POINT ( 'NONE',  ( 2.733986104026792763, -6.117696297504364722, -2.889490547903014406 ) ) ;
#3623 = CARTESIAN_POINT ( 'NONE',  ( -2.741669217422349369, -2.012739098244172631, 2.846070693524223483 ) ) ;
#3624 = CARTESIAN_POINT ( 'NONE',  ( -2.910082479572325020, -2.210612890878457026, 2.595598043631678564 ) ) ;
#3625 = ORIENTED_EDGE ( 'NONE', *, *, #1692, .F. ) ;
#3626 = CARTESIAN_POINT ( 'NONE',  ( -4.107366323934856567, -5.623863636363640950, 1.701326837008339643 ) ) ;
#3627 = CARTESIAN_POINT ( 'NONE',  ( 1.168857122417709338, -4.779886118940327222, -3.735302273505299198 ) ) ;
#3628 = CARTESIAN_POINT ( 'NONE',  ( -1.361222910059593172, -2.350429427276152783, -3.668978685019214758 ) ) ;
#3629 = CARTESIAN_POINT ( 'NONE',  ( 3.103776263492488585, -3.513927718636121966, 1.285626222910280392 ) ) ;
#3630 = CARTESIAN_POINT ( 'NONE',  ( -0.3418260845090444477, -3.653876520017352636, -3.963385885709129752 ) ) ;
#3631 = CARTESIAN_POINT ( 'NONE',  ( 2.006045975751032273, -6.356857200039412348, 3.359827710063161721 ) ) ;
#3632 = DIRECTION ( 'NONE',  ( -0.000000000000000000, 1.000000000000000000, 1.015892941693919779E-16 ) ) ;
#3633 = EDGE_CURVE ( 'NONE', #2526, #169, #1303, .T. ) ;
#3634 = CARTESIAN_POINT ( 'NONE',  ( -0.9412190063566392428, -3.133236672201376471, 3.864739976464349080 ) ) ;
#3635 = CARTESIAN_POINT ( 'NONE',  ( 3.201057951739542773, -8.038432996523210861, -1.325921617552759058 ) ) ;
#3636 = CARTESIAN_POINT ( 'NONE',  ( 3.330754364814385582, -6.284715063528150125, -2.028527238701165025 ) ) ;
#3637 = CARTESIAN_POINT ( 'NONE',  ( -3.201057951739542329, -2.915137541977765423, -3.528148837034711854E-15 ) ) ;
#3638 = DIRECTION ( 'NONE',  ( 0.000000000000000000, 0.000000000000000000, 1.000000000000000000 ) ) ;
#3639 = DIRECTION ( 'NONE',  ( -0.000000000000000000, -1.000000000000000000, -3.921717058577609625E-16 ) ) ;
#3640 = CARTESIAN_POINT ( 'NONE',  ( -1.285626222910277949, -7.589481372272979698, -3.103776263492488585 ) ) ;
#3641 = EDGE_CURVE ( 'NONE', #1776, #4712, #4640, .T. ) ;
#3642 = CARTESIAN_POINT ( 'NONE',  ( 1.945935284252536812, -6.577948043568011549, 3.379209264983288552 ) ) ;
#3643 = CARTESIAN_POINT ( 'NONE',  ( 2.027492232356149948, -5.043895227129882031, -3.331471169524297338 ) ) ;
#3644 = CARTESIAN_POINT ( 'NONE',  ( 0.8339372577723281887, -2.454214066645052039, -3.824013359534321754 ) ) ;
#3645 = CARTESIAN_POINT ( 'NONE',  ( 0.9708148722082593496, -3.712874653792293866, -3.856764047896704017 ) ) ;
#3646 = CARTESIAN_POINT ( 'NONE',  ( 2.279694326068041121, -5.994228155019582616, -3.181438811908432474 ) ) ;
#3647 = CARTESIAN_POINT ( 'NONE',  ( -4.500000000000000888, 0.3511044742336485447, -2.598076211353314680 ) ) ;
#3648 = CARTESIAN_POINT ( 'NONE',  ( 2.989084445689784264, -3.051147895438132363, 2.504578055299811368 ) ) ;
#3649 = ORIENTED_EDGE ( 'NONE', *, *, #4112, .F. ) ;
#3650 = CARTESIAN_POINT ( 'NONE',  ( 2.515036510766225999E-16, -2.521022727272737018, -4.107366323934855679 ) ) ;
#3651 = CARTESIAN_POINT ( 'NONE',  ( -2.851534928530475632, -4.676935967884462642, -2.773452009818534236 ) ) ;
#3652 = CARTESIAN_POINT ( 'NONE',  ( 2.397405108195374216E-16, 7.000000000000000888, -1.957629832425592298 ) ) ;
#3653 = AXIS2_PLACEMENT_3D ( 'NONE', #2766, #194, #2886 ) ;
#3654 = CARTESIAN_POINT ( 'NONE',  ( -3.103776263492489917, -5.101427718636117881, 1.285626222910277505 ) ) ;
#3655 = AXIS2_PLACEMENT_3D ( 'NONE', #2617, #922, #804 ) ;
#3656 = CARTESIAN_POINT ( 'NONE',  ( -3.572207274492050999, -3.396364929062807292, -1.741774773866426429 ) ) ;
#3657 = CARTESIAN_POINT ( 'NONE',  ( 3.295510223264407124, -6.273195994889953830, 2.110246418841787541 ) ) ;
#3658 = CARTESIAN_POINT ( 'NONE',  ( -3.775049627450937972, -6.698149510949274799, 0.9978052039370096660 ) ) ;
#3659 = CARTESIAN_POINT ( 'NONE',  ( 0.6651884299551437119, -3.142640111002625414, 3.917316675722388730 ) ) ;
#3660 = CARTESIAN_POINT ( 'NONE',  ( 3.201057951739542773, -6.883887541977759206, -1.325921617552759058 ) ) ;
#3661 = CARTESIAN_POINT ( 'NONE',  ( 0.6224558131074213740, -6.525621712288364407, 3.928558248480996884 ) ) ;
#3662 = EDGE_CURVE ( 'NONE', #3882, #2654, #1314, .T. ) ;
#3663 = CARTESIAN_POINT ( 'NONE',  ( 2.969171774143096965, -2.408189102671602466, 1.196156756460828419 ) ) ;
#3664 = CARTESIAN_POINT ( 'NONE',  ( 0.2691804904526505227, -2.028608512132911379, 3.905705756046697452 ) ) ;
#3665 = CARTESIAN_POINT ( 'NONE',  ( -2.194738340390068210, -6.843171103377025055, -3.066430239843022321 ) ) ;
#3666 = CARTESIAN_POINT ( 'NONE',  ( -2.194701243201383267, -5.208231372272981829, -2.194701243201384155 ) ) ;
#3667 = ORIENTED_EDGE ( 'NONE', *, *, #2977, .F. ) ;
#3668 = FACE_OUTER_BOUND ( 'NONE', #822, .T. ) ;
#3669 = CARTESIAN_POINT ( 'NONE',  ( -1.719005927673519230, -5.564309799624517439, 3.582394149900868463 ) ) ;
#3670 = CARTESIAN_POINT ( 'NONE',  ( 2.943009190487933413, -2.667103063000138441, -2.676436808242548260 ) ) ;
#3671 = CARTESIAN_POINT ( 'NONE',  ( -3.962399234614741861, -3.364542145188225142, 0.3402744724235823304 ) ) ;
#3672 = CARTESIAN_POINT ( 'NONE',  ( 3.664852445255645907, -6.193270155067110316, -1.547287673291735111 ) ) ;
#3673 =( BOUNDED_SURFACE ( )  B_SPLINE_SURFACE ( 3, 2, ( 
 ( #4378, #2507, #1084, #2551, #2289, #2626, #4529, #1829, #35, #1164, #4131, #4423, #2601, #382, #3343, #3690, #3741, #2652, #3370, #3021, #3288, #770, #4799, #4155, #2974, #792, #4055, #695, #1461, #3392, #1435, #721, #301, #402, #1803, #2191, #2927, #2576, #2998, #1057, #4503, #747, #1140, #1534, #1512, #2268, #328, #3761, #4827, #4451, #1901, #3315, #4080, #11, #1879, #1487, #2952, #2219, #3715, #2245, #352, #1854, #4853, #4478, #1113, #4107, #4576, #1580, #3412, #1559, #3467, #57, #1606, #4179, #3830, #3094, #422, #2334, #3044, #2699, #2679, #4551, #473, #3071, #78, #448, #1949, #813, #3782, #3441, #1212, #1192, #2311, #4201, #3806, #840, #1923 ),
 ( #1975, #106, #4775, #3346, #1945, #3640, #3718, #809, #4829, #4481, #280, #1087, #2902, #2221, #2531, #2193, #3437, #2170, #74, #3802, #2509, #1411, #1575, #330, #3066, #3265, #1831, #2554, #4031, #3692, #1463, #2953, #4571, #2579, #4402, #1059, #1035, #671, #3666, #4801, #3290, #443, #4453, #4082, #1186, #3317, #303, #4057, #1437, #1805, #723, #4425, #354, #1857, #4855, #2929, #697, #1490, #2978, #4007, #2675, #4174, #2307, #648, #1783, #2146, #469, #859, #175, #1208, #2356, #2380, #835, #1675, #1650, #3112, #3462, #3163, #4670, #148, #2066, #198, #2719, #2429, #3537, #4596, #885, #1308, #2019, #3902, #3561, #3850, #3875, #1600, #2798, #1970, #1698 ),
 ( #3826, #4299, #934, #1994, #3923, #2042, #101, #567, #3487, #124, #3089, #516, #4275, #3511, #910, #3186, #1235, #4222, #2406, #1284, #4196, #4622, #494, #2695, #1259, #2330, #1626, #3137, #2743, #4249, #4646, #2770, #544, #1376, #1024, #319, #4020, #270, #2521, #4415, #660, #3654, #2821, #293, #4347, #3972, #1795, #4323, #3608, #4392, #4764, #1004, #4046, #687, #2846, #1770, #1400, #3232, #2086, #4738, #2158, #2870, #2891, #3629, #589, #1722, #2542, #3585, #1820, #613, #4790, #3681, #959, #3279, #3947, #1427, #2111, #225, #2917, #3253, #635, #4369, #2498, #2476, #1330, #3995, #2133, #2452, #3207, #1048, #4716, #982, #4695, #1356, #247, #1747, #2183 ),
 ( #2669, #4440, #4518, #2568, #2965, #2281, #3306, #4469, #4495, #2942, #3775, #3754, #371, #710, #415, #1916, #2259, #4169, #2303, #4843, #4542, #784, #1844, #2991, #3405, #4123, #1157, #805, #1102, #1131, #3706, #48, #4070, #3797, #1179, #394, #1550, #1075, #3036, #437, #4098, #4817, #4145, #2210, #1451, #738, #2235, #343, #2618, #1526, #761, #3014, #3332, #1477, #2592, #2644, #3386, #3730, #1870, #3361, #4868, #1503, #1893, #28, #3158, #2375, #3531, #4567, #904, #2037, #2714, #4664, #2763, #829, #2399, #4217, #854, #2691, #3107, #143, #4243, #1645, #3897, #3821, #4191, #3132, #2012, #70, #489, #1963, #2423, #1988, #1302, #1670, #879, #3455, #2324 ) ),
 .UNSPECIFIED., .F., .F., .F. ) 
 B_SPLINE_SURFACE_WITH_KNOTS ( ( 4, 4 ),
 ( 3, 2, 2, 2, 2, 2, 2, 2, 2, 2, 2, 2, 2, 2, 2, 2, 2, 2, 2, 2, 2, 2, 2, 2, 2, 2, 2, 2, 2, 2, 2, 2, 2, 2, 2, 2, 2, 2, 2, 2, 2, 2, 2, 2, 2, 2, 2, 2, 3 ),
 ( 0.000000000000000000, 1.000000000000000000 ),
 ( 0.000000000000000000, 0.02083333333333333218, 0.04166666666666666435, 0.06250000000000000000, 0.08333333333333332871, 0.1041666666666666713, 0.1250000000000000000, 0.1458333333333333426, 0.1666666666666666574, 0.1875000000000000000, 0.2083333333333333426, 0.2291666666666666574, 0.2500000000000000000, 0.2708333333333333148, 0.2916666666666666852, 0.3125000000000000000, 0.3333333333333333148, 0.3541666666666666852, 0.3750000000000000000, 0.3958333333333333148, 0.4166666666666666852, 0.4375000000000000000, 0.4583333333333333148, 0.4791666666666666852, 0.5000000000000000000, 0.5208333333333333703, 0.5416666666666666297, 0.5625000000000000000, 0.5833333333333333703, 0.6041666666666666297, 0.6250000000000000000, 0.6458333333333333703, 0.6666666666666666297, 0.6875000000000000000, 0.7083333333333333703, 0.7291666666666666297, 0.7500000000000000000, 0.7708333333333333703, 0.7916666666666666297, 0.8125000000000000000, 0.8333333333333333703, 0.8541666666666666297, 0.8750000000000000000, 0.8958333333333333703, 0.9166666666666666297, 0.9375000000000000000, 0.9583333333333333703, 0.9791666666666666297, 1.000000000000000000 ),
 .UNSPECIFIED. ) 
 GEOMETRIC_REPRESENTATION_ITEM ( )  RATIONAL_B_SPLINE_SURFACE ( (
 ( 1.000000000000000000, 0.9238795325112867385, 1.000000000000000000, 0.9238795325112867385, 1.000000000000000000, 0.9238795325112867385, 1.000000000000000000, 0.9238795325112867385, 1.000000000000000000, 0.9238795325112867385, 1.000000000000000000, 0.9238795325112867385, 1.000000000000000000, 0.9238795325112867385, 1.000000000000000000, 0.9238795325112867385, 1.000000000000000000, 0.9238795325112867385, 1.000000000000000000, 0.9238795325112867385, 1.000000000000000000, 0.9238795325112867385, 1.000000000000000000, 0.9238795325112867385, 1.000000000000000000, 0.9238795325112867385, 1.000000000000000000, 0.9238795325112867385, 1.000000000000000000, 0.9238795325112867385, 1.000000000000000000, 0.9238795325112867385, 1.000000000000000000, 0.9238795325112867385, 1.000000000000000000, 0.9238795325112867385, 1.000000000000000000, 0.9238795325112867385, 1.000000000000000000, 0.9238795325112867385, 1.000000000000000000, 0.9238795325112867385, 1.000000000000000000, 0.9238795325112867385, 1.000000000000000000, 0.9238795325112867385, 1.000000000000000000, 0.9238795325112867385, 1.000000000000000000, 0.9238795325112867385, 1.000000000000000000, 0.9238795325112867385, 1.000000000000000000, 0.9238795325112867385, 1.000000000000000000, 0.9238795325112867385, 1.000000000000000000, 0.9238795325112867385, 1.000000000000000000, 0.9238795325112867385, 1.000000000000000000, 0.9238795325112867385, 1.000000000000000000, 0.9238795325112867385, 1.000000000000000000, 0.9238795325112867385, 1.000000000000000000, 0.9238795325112867385, 1.000000000000000000, 0.9238795325112867385, 1.000000000000000000, 0.9238795325112867385, 1.000000000000000000, 0.9238795325112867385, 1.000000000000000000, 0.9238795325112867385, 1.000000000000000000, 0.9238795325112867385, 1.000000000000000000, 0.9238795325112867385, 1.000000000000000000, 0.9238795325112867385, 1.000000000000000000, 0.9238795325112867385, 1.000000000000000000, 0.9238795325112867385, 1.000000000000000000, 0.9238795325112867385, 1.000000000000000000, 0.9238795325112867385, 1.000000000000000000, 0.9238795325112867385, 1.000000000000000000, 0.9238795325112867385, 1.000000000000000000, 0.9238795325112867385, 1.000000000000000000),
 ( 0.6411657421566858694, 0.5923599061259711140, 0.6411657421566858694, 0.5923599061259711140, 0.6411657421566858694, 0.5923599061259711140, 0.6411657421566858694, 0.5923599061259711140, 0.6411657421566858694, 0.5923599061259711140, 0.6411657421566858694, 0.5923599061259711140, 0.6411657421566858694, 0.5923599061259711140, 0.6411657421566858694, 0.5923599061259711140, 0.6411657421566858694, 0.5923599061259711140, 0.6411657421566858694, 0.5923599061259711140, 0.6411657421566858694, 0.5923599061259711140, 0.6411657421566858694, 0.5923599061259711140, 0.6411657421566858694, 0.5923599061259711140, 0.6411657421566858694, 0.5923599061259711140, 0.6411657421566858694, 0.5923599061259711140, 0.6411657421566858694, 0.5923599061259711140, 0.6411657421566858694, 0.5923599061259711140, 0.6411657421566858694, 0.5923599061259711140, 0.6411657421566858694, 0.5923599061259711140, 0.6411657421566858694, 0.5923599061259711140, 0.6411657421566858694, 0.5923599061259711140, 0.6411657421566858694, 0.5923599061259711140, 0.6411657421566858694, 0.5923599061259711140, 0.6411657421566858694, 0.5923599061259711140, 0.6411657421566858694, 0.5923599061259711140, 0.6411657421566858694, 0.5923599061259711140, 0.6411657421566858694, 0.5923599061259711140, 0.6411657421566858694, 0.5923599061259711140, 0.6411657421566858694, 0.5923599061259711140, 0.6411657421566858694, 0.5923599061259711140, 0.6411657421566858694, 0.5923599061259711140, 0.6411657421566858694, 0.5923599061259711140, 0.6411657421566858694, 0.5923599061259711140, 0.6411657421566858694, 0.5923599061259711140, 0.6411657421566858694, 0.5923599061259711140, 0.6411657421566858694, 0.5923599061259711140, 0.6411657421566858694, 0.5923599061259711140, 0.6411657421566858694, 0.5923599061259711140, 0.6411657421566858694, 0.5923599061259711140, 0.6411657421566858694, 0.5923599061259711140, 0.6411657421566858694, 0.5923599061259711140, 0.6411657421566858694, 0.5923599061259711140, 0.6411657421566858694, 0.5923599061259711140, 0.6411657421566858694, 0.5923599061259711140, 0.6411657421566858694, 0.5923599061259711140, 0.6411657421566858694, 0.5923599061259711140, 0.6411657421566858694, 0.5923599061259711140, 0.6411657421566858694, 0.5923599061259711140, 0.6411657421566858694),
 ( 0.6411657421566858694, 0.5923599061259711140, 0.6411657421566858694, 0.5923599061259711140, 0.6411657421566858694, 0.5923599061259711140, 0.6411657421566858694, 0.5923599061259711140, 0.6411657421566858694, 0.5923599061259711140, 0.6411657421566858694, 0.5923599061259711140, 0.6411657421566858694, 0.5923599061259711140, 0.6411657421566858694, 0.5923599061259711140, 0.6411657421566858694, 0.5923599061259711140, 0.6411657421566858694, 0.5923599061259711140, 0.6411657421566858694, 0.5923599061259711140, 0.6411657421566858694, 0.5923599061259711140, 0.6411657421566858694, 0.5923599061259711140, 0.6411657421566858694, 0.5923599061259711140, 0.6411657421566858694, 0.5923599061259711140, 0.6411657421566858694, 0.5923599061259711140, 0.6411657421566858694, 0.5923599061259711140, 0.6411657421566858694, 0.5923599061259711140, 0.6411657421566858694, 0.5923599061259711140, 0.6411657421566858694, 0.5923599061259711140, 0.6411657421566858694, 0.5923599061259711140, 0.6411657421566858694, 0.5923599061259711140, 0.6411657421566858694, 0.5923599061259711140, 0.6411657421566858694, 0.5923599061259711140, 0.6411657421566858694, 0.5923599061259711140, 0.6411657421566858694, 0.5923599061259711140, 0.6411657421566858694, 0.5923599061259711140, 0.6411657421566858694, 0.5923599061259711140, 0.6411657421566858694, 0.5923599061259711140, 0.6411657421566858694, 0.5923599061259711140, 0.6411657421566858694, 0.5923599061259711140, 0.6411657421566858694, 0.5923599061259711140, 0.6411657421566858694, 0.5923599061259711140, 0.6411657421566858694, 0.5923599061259711140, 0.6411657421566858694, 0.5923599061259711140, 0.6411657421566858694, 0.5923599061259711140, 0.6411657421566858694, 0.5923599061259711140, 0.6411657421566858694, 0.5923599061259711140, 0.6411657421566858694, 0.5923599061259711140, 0.6411657421566858694, 0.5923599061259711140, 0.6411657421566858694, 0.5923599061259711140, 0.6411657421566858694, 0.5923599061259711140, 0.6411657421566858694, 0.5923599061259711140, 0.6411657421566858694, 0.5923599061259711140, 0.6411657421566858694, 0.5923599061259711140, 0.6411657421566858694, 0.5923599061259711140, 0.6411657421566858694, 0.5923599061259711140, 0.6411657421566858694, 0.5923599061259711140, 0.6411657421566858694),
 ( 1.000000000000000000, 0.9238795325112867385, 1.000000000000000000, 0.9238795325112867385, 1.000000000000000000, 0.9238795325112867385, 1.000000000000000000, 0.9238795325112867385, 1.000000000000000000, 0.9238795325112867385, 1.000000000000000000, 0.9238795325112867385, 1.000000000000000000, 0.9238795325112867385, 1.000000000000000000, 0.9238795325112867385, 1.000000000000000000, 0.9238795325112867385, 1.000000000000000000, 0.9238795325112867385, 1.000000000000000000, 0.9238795325112867385, 1.000000000000000000, 0.9238795325112867385, 1.000000000000000000, 0.9238795325112867385, 1.000000000000000000, 0.9238795325112867385, 1.000000000000000000, 0.9238795325112867385, 1.000000000000000000, 0.9238795325112867385, 1.000000000000000000, 0.9238795325112867385, 1.000000000000000000, 0.9238795325112867385, 1.000000000000000000, 0.9238795325112867385, 1.000000000000000000, 0.9238795325112867385, 1.000000000000000000, 0.9238795325112867385, 1.000000000000000000, 0.9238795325112867385, 1.000000000000000000, 0.9238795325112867385, 1.000000000000000000, 0.9238795325112867385, 1.000000000000000000, 0.9238795325112867385, 1.000000000000000000, 0.9238795325112867385, 1.000000000000000000, 0.9238795325112867385, 1.000000000000000000, 0.9238795325112867385, 1.000000000000000000, 0.9238795325112867385, 1.000000000000000000, 0.9238795325112867385, 1.000000000000000000, 0.9238795325112867385, 1.000000000000000000, 0.9238795325112867385, 1.000000000000000000, 0.9238795325112867385, 1.000000000000000000, 0.9238795325112867385, 1.000000000000000000, 0.9238795325112867385, 1.000000000000000000, 0.9238795325112867385, 1.000000000000000000, 0.9238795325112867385, 1.000000000000000000, 0.9238795325112867385, 1.000000000000000000, 0.9238795325112867385, 1.000000000000000000, 0.9238795325112867385, 1.000000000000000000, 0.9238795325112867385, 1.000000000000000000, 0.9238795325112867385, 1.000000000000000000, 0.9238795325112867385, 1.000000000000000000, 0.9238795325112867385, 1.000000000000000000, 0.9238795325112867385, 1.000000000000000000, 0.9238795325112867385, 1.000000000000000000, 0.9238795325112867385, 1.000000000000000000, 0.9238795325112867385, 1.000000000000000000) ) ) 
 REPRESENTATION_ITEM ( '' )  SURFACE ( )  );
#3674 = CARTESIAN_POINT ( 'NONE',  ( 3.201057951739542329, -4.435998821658612812, 2.352099224689807508E-15 ) ) ;
#3675 = CARTESIAN_POINT ( 'NONE',  ( -2.525177038143878061, -3.658085257240276000, -2.971403297041387503 ) ) ;
#3676 = CARTESIAN_POINT ( 'NONE',  ( -0.7869022629311001049, -3.714152595838639659, -3.894692555842513393 ) ) ;
#3677 = ORIENTED_EDGE ( 'NONE', *, *, #4152, .T. ) ;
#3678 = CARTESIAN_POINT ( 'NONE',  ( 1.701326837008341863, -1.871590909090919963, 4.107366323934854790 ) ) ;
#3679 = CARTESIAN_POINT ( 'NONE',  ( 3.414174854637318290, -4.918788465486999328, -1.913947710087366527 ) ) ;
#3680 = CARTESIAN_POINT ( 'NONE',  ( -3.567919862232109107, -2.204802210611680913, -1.607058115238109597 ) ) ;
#3681 = CARTESIAN_POINT ( 'NONE',  ( -3.103776263492488585, -2.936654991363395251, -1.285626222910278837 ) ) ;
#3682 = CARTESIAN_POINT ( 'NONE',  ( -1.148803936041381757, -3.615643351147242335, -3.808364358328445221 ) ) ;
#3683 = CARTESIAN_POINT ( 'NONE',  ( 0.8709913172718353191, -5.919670672758829078, -3.814967618308014785 ) ) ;
#3684 = CARTESIAN_POINT ( 'NONE',  ( 0.000000000000000000, -7.500000000000000000, 0.000000000000000000 ) ) ;
#3685 = CIRCLE ( 'NONE', #945, 4.340740814427817007 ) ;
#3686 = CARTESIAN_POINT ( 'NONE',  ( 3.298476948714311074, -2.911159233763203069, 2.222873103518398619 ) ) ;
#3687 = EDGE_LOOP ( 'NONE', ( #3856, #1791, #1536, #1551 ) ) ;
#3688 = CARTESIAN_POINT ( 'NONE',  ( 3.547285012012095784, -6.433985303897304497, 1.790174587930819072 ) ) ;
#3689 = CARTESIAN_POINT ( 'NONE',  ( -2.147202565305133426, -2.168229363567444778, -2.971875578286457653 ) ) ;
#3690 = CARTESIAN_POINT ( 'NONE',  ( 3.201057951739541885, -6.817248821658608904, 1.325921617552761278 ) ) ;
#3691 = DIRECTION ( 'NONE',  ( 0.8660254037844388186, 0.000000000000000000, 0.4999999999999997780 ) ) ;
#3692 = CARTESIAN_POINT ( 'NONE',  ( 1.285626222910279060, -5.857663190454799995, 3.103776263492488585 ) ) ;
#3693 = AXIS2_PLACEMENT_3D ( 'NONE', #3684, #640, #3282 ) ;
#3694 = CARTESIAN_POINT ( 'NONE',  ( 0.6736218318195771326, -1.987700278935559783, 3.916009608975437928 ) ) ;
#3695 = CARTESIAN_POINT ( 'NONE',  ( 3.598004858926009852, -5.304186380930886457, 1.504772363880835018 ) ) ;
#3696 = CARTESIAN_POINT ( 'NONE',  ( 3.844046914414096960, -2.688891577072030969, -1.008840861311498749 ) ) ;
#3697 = CARTESIAN_POINT ( 'NONE',  ( -2.624506242645789467, -4.378527587064766635, 2.988056291726874036 ) ) ;
#3698 = CARTESIAN_POINT ( 'NONE',  ( 3.444113961182801109, -6.259263599486597052, 1.859531850687898613 ) ) ;
#3699 = DIRECTION ( 'NONE',  ( 1.224646799147353454E-16, 0.000000000000000000, -1.000000000000000000 ) ) ;
#3700 = ADVANCED_FACE ( 'NONE', ( #1548 ), #69, .T. ) ;
#3701 = CARTESIAN_POINT ( 'NONE',  ( 2.469265170810660770, -3.914939648374264003, -3.018017080506884220 ) ) ;
#3702 = CARTESIAN_POINT ( 'NONE',  ( 3.230554136603739135, -4.186899801560988621, 2.184795108456475177 ) ) ;
#3703 = CARTESIAN_POINT ( 'NONE',  ( -4.107366323934855679, -3.386931818181826426, -5.030073021532451998E-16 ) ) ;
#3704 = CARTESIAN_POINT ( 'NONE',  ( 3.692150935342763507, -5.182194486796559474, 1.480756167289232872 ) ) ;
#3705 = CARTESIAN_POINT ( 'NONE',  ( 3.360889992121284031, -2.604670615874987494, -2.004555040486274642 ) ) ;
#3706 = CARTESIAN_POINT ( 'NONE',  ( 2.263489784646150138, -5.945819360159578792, 2.263489784646151026 ) ) ;
#3707 = CARTESIAN_POINT ( 'NONE',  ( -2.263489784646151026, -4.868953367113157960, 2.263489784646150582 ) ) ;
#3708 = CARTESIAN_POINT ( 'NONE',  ( 3.835468202008187610, -3.894746197077828764, 0.7792884908887790507 ) ) ;
#3709 = CARTESIAN_POINT ( 'NONE',  ( -3.687892939707168694, -5.652916865062852736, -1.308847651865968409 ) ) ;
#3710 = CARTESIAN_POINT ( 'NONE',  ( 0.1998287274289777260, -2.421106754251995063, 3.170526229597120604 ) ) ;
#3711 = CARTESIAN_POINT ( 'NONE',  ( 2.156317219969305032, -3.066558499258133175, 3.337328304163318826 ) ) ;
#3712 = CARTESIAN_POINT ( 'NONE',  ( 3.201057951739542329, -6.956046632886850212, 0.000000000000000000 ) ) ;
#3713 = CARTESIAN_POINT ( 'NONE',  ( 1.399480861235236517, -6.570398613157672152, 3.718933572441382562 ) ) ;
#3714 = CARTESIAN_POINT ( 'NONE',  ( 0.000000000000000000, 5.722886414021193247, 2.058521631565233228E-15 ) ) ;
#3715 = CARTESIAN_POINT ( 'NONE',  ( -2.263489784646151026, -3.714407912567704972, 2.263489784646150582 ) ) ;
#3716 = CARTESIAN_POINT ( 'NONE',  ( -3.876981296590112258, -6.733576355277298475, -0.1519524895058733116 ) ) ;
#3717 = ORIENTED_EDGE ( 'NONE', *, *, #159, .F. ) ;
#3718 = CARTESIAN_POINT ( 'NONE',  ( -2.194701243201383267, -7.517322281363888692, -2.194701243201384155 ) ) ;
#3719 = CARTESIAN_POINT ( 'NONE',  ( 0.000000000000000000, 0.4738549290423901272, 1.734723475976807094E-15 ) ) ;
#3720 = CARTESIAN_POINT ( 'NONE',  ( 0.6241314809668856434, -5.491306983372301609, 3.849741182783249283 ) ) ;
#3721 = CARTESIAN_POINT ( 'NONE',  ( 3.929716566113947263, -2.830893438779200633, 0.6177271743874247489 ) ) ;
#3722 = CARTESIAN_POINT ( 'NONE',  ( 3.006534586733633052, -4.088635176445623465, 2.603350475670271447 ) ) ;
#3723 = CARTESIAN_POINT ( 'NONE',  ( -0.3720017636382402237, -6.504179576778624572, 3.956763949201543173 ) ) ;
#3724 = CARTESIAN_POINT ( 'NONE',  ( -3.497891273894226050, -3.415094036571086011, 1.723818492882616127 ) ) ;
#3725 = CARTESIAN_POINT ( 'NONE',  ( 3.845197497706985157, -4.002853595604754844, 1.017609935523283715 ) ) ;
#3726 = CARTESIAN_POINT ( 'NONE',  ( 4.499999999999999112, -1.877249545191257640, 2.598076211353318676 ) ) ;
#3727 = CARTESIAN_POINT ( 'NONE',  ( 3.863685526286779304, -5.001796068179109156, -0.9301833361367690678 ) ) ;
#3728 = CARTESIAN_POINT ( 'NONE',  ( 3.906985173997268745, -2.713990313793499976, 0.2213833207199227826 ) ) ;
#3729 = ADVANCED_FACE ( 'NONE', ( #2990, #556 ), #897, .T. ) ;
#3730 = CARTESIAN_POINT ( 'NONE',  ( -3.201057951739542773, -3.997523905614127848, 1.325921617552758169 ) ) ;
#3731 = CARTESIAN_POINT ( 'NONE',  ( -3.201057951739542773, -4.941112458022248966, 1.325921617552758169 ) ) ;
#3732 = CARTESIAN_POINT ( 'NONE',  ( 3.575836806610834806, -3.781633678043881730, -1.591107047021751875 ) ) ;
#3733 = CARTESIAN_POINT ( 'NONE',  ( 0.8073965431601707321, -6.419005756860605594, 3.829011483661929560 ) ) ;
#3734 = CARTESIAN_POINT ( 'NONE',  ( -2.442554729913383404, -1.962864406517845328, 3.058135668531731799 ) ) ;
#3735 = EDGE_CURVE ( 'NONE', #2603, #169, #2391, .T. ) ;
#3736 = CONICAL_SURFACE ( 'NONE', #2162, 4.499999999999999112, 1.396263401595466691 ) ;
#3737 = CARTESIAN_POINT ( 'NONE',  ( -0.4102164926065153261, -3.108267288537789330, 3.956492220626642631 ) ) ;
#3738 = CARTESIAN_POINT ( 'NONE',  ( 2.904346580471598216, -8.438068181818181301, -2.904346580471597772 ) ) ;
#3739 = CARTESIAN_POINT ( 'NONE',  ( -0.1750576074791625747, -6.682485850739245947, 3.895945218613629191 ) ) ;
#3740 = CARTESIAN_POINT ( 'NONE',  ( -3.310947193177607772, -7.275574785537830991, -0.3550587168274388361 ) ) ;
#3741 = CARTESIAN_POINT ( 'NONE',  ( 3.201057951739542329, -6.745089730749517898, 0.000000000000000000 ) ) ;
#3742 = CARTESIAN_POINT ( 'NONE',  ( 4.107366323934855679, -7.427840909090909882, 0.000000000000000000 ) ) ;
#3743 = CARTESIAN_POINT ( 'NONE',  ( -4.499999999999999112, 0.4738549290423901272, 1.734723475976807094E-15 ) ) ;
#3744 = CARTESIAN_POINT ( 'NONE',  ( -0.9685229834298204610, -5.443650595797575598, 3.857879044612673614 ) ) ;
#3745 = CARTESIAN_POINT ( 'NONE',  ( 1.622143311600883653, -2.524182976882953344, -3.628050477119820982 ) ) ;
#3746 = CARTESIAN_POINT ( 'NONE',  ( -2.991383111931266825, -4.401330071910210862, 2.620713312716905108 ) ) ;
#3747 = CARTESIAN_POINT ( 'NONE',  ( 3.502786781147112283, -6.357954339034586511, 1.885623856517631758 ) ) ;
#3748 =( LENGTH_UNIT ( ) NAMED_UNIT ( * ) SI_UNIT ( .MILLI., .METRE. ) );
#3749 = CARTESIAN_POINT ( 'NONE',  ( 2.798813847627690254, -4.218356342256781133, 2.715361052768778372 ) ) ;
#3750 = CARTESIAN_POINT ( 'NONE',  ( 3.496363546941607670, -4.161510312411256685, 1.727782697275854762 ) ) ;
#3751 = CARTESIAN_POINT ( 'NONE',  ( 3.750000000000000000, -1.953601367524366639, 3.031088913245537420 ) ) ;
#3752 = CARTESIAN_POINT ( 'NONE',  ( 3.164646019038225067, -4.924311112723543715, -2.404097004603860999 ) ) ;
#3753 = DIRECTION ( 'NONE',  ( -0.000000000000000000, -1.000000000000000000, -3.921717058577609625E-16 ) ) ;
#3754 = CARTESIAN_POINT ( 'NONE',  ( -1.325921617552760834, -7.316842087432305242, 3.201057951739541885 ) ) ;
#3755 = CARTESIAN_POINT ( 'NONE',  ( -2.263489784646151026, -6.023498821658610503, 2.263489784646150582 ) ) ;
#3756 = CARTESIAN_POINT ( 'NONE',  ( 3.933139720259787531, -3.864359171308737739, -0.5695845420003524673 ) ) ;
#3757 = CARTESIAN_POINT ( 'NONE',  ( 3.888541417614773898, -5.033147285440979779, 0.4393857078013215789 ) ) ;
#3758 = CARTESIAN_POINT ( 'NONE',  ( -3.503612288437774946, -3.469779742228430663, -1.883027762006502126 ) ) ;
#3759 = CARTESIAN_POINT ( 'NONE',  ( 2.122405621029216594, -6.532079483759656746, 3.358998044135789396 ) ) ;
#3760 = CARTESIAN_POINT ( 'NONE',  ( 0.000000000000000000, 6.000000000000007994, 1.589999999999999858 ) ) ;
#3761 = CARTESIAN_POINT ( 'NONE',  ( 3.201057951739541885, -4.508157912567703818, 1.325921617552761278 ) ) ;
#3762 = CARTESIAN_POINT ( 'NONE',  ( 4.107366323934855679, -2.737500000000010036, -1.701326837008340753 ) ) ;
#3763 = ORIENTED_EDGE ( 'NONE', *, *, #4665, .F. ) ;
#3764 = DIRECTION ( 'NONE',  ( -0.5000000000000001110, 0.000000000000000000, -0.8660254037844387076 ) ) ;
#3765 = CARTESIAN_POINT ( 'NONE',  ( 3.555480439059429454, -5.196268825485376830, 1.783127010685284120 ) ) ;
#3766 = CARTESIAN_POINT ( 'NONE',  ( -0.1207718695221835919, -3.029223551465878295, 3.972200845266542490 ) ) ;
#3767 = CARTESIAN_POINT ( 'NONE',  ( -3.357468565416028561, -2.120349356232315241, 2.131897953084534336 ) ) ;
#3768 = CARTESIAN_POINT ( 'NONE',  ( 3.809015666701403902, -6.251681937297687952, 1.133280301589866479 ) ) ;
#3769 = CARTESIAN_POINT ( 'NONE',  ( -1.325921617552762832, -3.642248821658613966, 3.201057951739540997 ) ) ;
#3770 = CARTESIAN_POINT ( 'NONE',  ( -2.323902317330354350, -3.670068999518431241, -3.131613324569460843 ) ) ;
#3771 = CARTESIAN_POINT ( 'NONE',  ( -1.714468266972003718, -4.326733505127358548, 3.589137618368575033 ) ) ;
#3772 = CARTESIAN_POINT ( 'NONE',  ( 3.974989468787363034, -6.260056429537149469, -0.1316877721036097681 ) ) ;
#3773 = CARTESIAN_POINT ( 'NONE',  ( 2.111140971437959646, -5.196441053337841787, 3.295858360362938111 ) ) ;
#3774 = FACE_OUTER_BOUND ( 'NONE', #656, .T. ) ;
#3775 = CARTESIAN_POINT ( 'NONE',  ( -2.263489784646151026, -7.389001178341394471, 2.263489784646150582 ) ) ;
#3776 = CARTESIAN_POINT ( 'NONE',  ( 2.904346580471597328, -0.6448863636363760810, 2.904346580471598660 ) ) ;
#3777 = CARTESIAN_POINT ( 'NONE',  ( 3.894773577463272574, -3.925934670395795134, 0.7897224508194385928 ) ) ;
#3778 = CARTESIAN_POINT ( 'NONE',  ( 0.6359374462466902411, -4.753784775603180357, -3.861191064822448116 ) ) ;
#3779 = CARTESIAN_POINT ( 'NONE',  ( -0.9363049910573632006, -3.215742086115446430, 3.861620614500732795 ) ) ;
#3780 = CARTESIAN_POINT ( 'NONE',  ( 0.000000000000000000, -1.999999999999999112, 1.734723475976807094E-15 ) ) ;
#3781 = DIRECTION ( 'NONE',  ( 0.000000000000000000, 0.000000000000000000, -1.000000000000000000 ) ) ;
#3782 = CARTESIAN_POINT ( 'NONE',  ( -3.201057951739542329, -1.549635185294981454, -3.920165374483013007E-16 ) ) ;
#3783 = CARTESIAN_POINT ( 'NONE',  ( 4.107366323934855679, -3.964204545454551809, 0.000000000000000000 ) ) ;
#3784 = CARTESIAN_POINT ( 'NONE',  ( -3.963483469306087414, -2.238890052455890789, -0.3340691082027028580 ) ) ;
#3785 = CARTESIAN_POINT ( 'NONE',  ( -2.237054918249768320, -5.948399176294271840, -3.283758627944996622 ) ) ;
#3786 = CARTESIAN_POINT ( 'NONE',  ( 0.8935600189220791467, -2.554598188187784391, -3.875450531262346399 ) ) ;
#3787 = CARTESIAN_POINT ( 'NONE',  ( -3.586239509364256950, -6.694187991391490122, 1.712553550722799578 ) ) ;
#3788 = ORIENTED_EDGE ( 'NONE', *, *, #3641, .T. ) ;
#3789 = EDGE_CURVE ( 'NONE', #2472, #916, #3047, .T. ) ;
#3790 = ORIENTED_EDGE ( 'NONE', *, *, #2612, .F. ) ;
#3791 = APPROVAL_ROLE ( '' ) ;
#3792 = CARTESIAN_POINT ( 'NONE',  ( 3.516616460835953362, -5.313763440924204495, 1.684970624764986269 ) ) ;
#3793 = CARTESIAN_POINT ( 'NONE',  ( 3.967512455297829810, -4.048071857561541975, 0.2160185404772559659 ) ) ;
#3794 = CARTESIAN_POINT ( 'NONE',  ( -0.4112802804667815559, -5.959031401949141049, -3.955746067944027722 ) ) ;
#3795 = CARTESIAN_POINT ( 'NONE',  ( -0.7365388184979285713, -5.366588891896006963, 3.905255374301467519 ) ) ;
#3796 = CARTESIAN_POINT ( 'NONE',  ( 4.499999999999999112, 0.4273560988845985786, -1.733187306154808871 ) ) ;
#3797 = CARTESIAN_POINT ( 'NONE',  ( 3.201057951739542773, -5.729342087432306663, -1.325921617552759058 ) ) ;
#3798 = CARTESIAN_POINT ( 'NONE',  ( -4.107366323934856567, -1.005681818181830112, 1.701326837008339643 ) ) ;
#3799 = CARTESIAN_POINT ( 'NONE',  ( 3.251568817180219284, -4.003335354302102189, 2.284842620451823958 ) ) ;
#3800 = CARTESIAN_POINT ( 'NONE',  ( -3.792895274779728876, -4.390929774714548373, 0.9632557829481720457 ) ) ;
#3801 = B_SPLINE_CURVE_WITH_KNOTS ( 'NONE', 3,
 ( #3241, #3174, #1343, #557, #4336, #3596, #235, #4749, #1735, #1385 ),
 .UNSPECIFIED., .F., .F.,
 ( 4, 2, 2, 2, 4 ),
 ( 0.0001620987829145169952, 0.001035829580901948769, 0.001909560378889380407, 0.002783291176876812045, 0.003657021974864243900 ),
 .UNSPECIFIED. ) ;
#3802 = CARTESIAN_POINT ( 'NONE',  ( 1.285626222910278393, -6.579254099545708279, -3.103776263492488585 ) ) ;
#3803 = CARTESIAN_POINT ( 'NONE',  ( -3.444694193066453192, -3.364880861859259387, 1.980369400289725412 ) ) ;
#3804 = DIRECTION ( 'NONE',  ( 0.000000000000000000, -1.000000000000000000, 0.000000000000000000 ) ) ;
#3805 = CARTESIAN_POINT ( 'NONE',  ( 0.000000000000000000, 3.499999999999999556, 0.7500000000000029976 ) ) ;
#3806 = CARTESIAN_POINT ( 'NONE',  ( 2.263489784646150138, -1.116680639840436751, 2.263489784646151026 ) ) ;
#3807 = CARTESIAN_POINT ( 'NONE',  ( 4.107366323934855679, -2.809659090909099710, 0.000000000000000000 ) ) ;
#3808 = ORIENTED_EDGE ( 'NONE', *, *, #3209, .F. ) ;
#3809 = CIRCLE ( 'NONE', #4683, 6.109691365970316035 ) ;
#3810 = AXIS2_PLACEMENT_3D ( 'NONE', #4120, #4435, #2232 ) ;
#3811 = CARTESIAN_POINT ( 'NONE',  ( -3.850162933365574247, -2.178110303354536814, 0.9991464766213141724 ) ) ;
#3812 = AXIS2_PLACEMENT_3D ( 'NONE', #3404, #3059, #3523 ) ;
#3813 = CARTESIAN_POINT ( 'NONE',  ( -3.645012164835625068, -5.875294266801614818, -1.386549490673358420 ) ) ;
#3814 = CARTESIAN_POINT ( 'NONE',  ( -1.907717029529917951, -3.183405921090606494, 3.489574919156492427 ) ) ;
#3815 = CARTESIAN_POINT ( 'NONE',  ( 0.000000000000000000, 7.500000000000000000, 0.7500000000000029976 ) ) ;
#3816 = SHAPE_DEFINITION_REPRESENTATION ( #4263, #181 ) ;
#3817 = CARTESIAN_POINT ( 'NONE',  ( 3.835378507901833434, -5.263929724844761182, 0.7039787468179511398 ) ) ;
#3818 = CARTESIAN_POINT ( 'NONE',  ( -3.953013725256989463, -4.513554861834286669, 0.4415814266838821167 ) ) ;
#3819 = CARTESIAN_POINT ( 'NONE',  ( -3.736310267285926745, -5.752722720336289619, -1.362717186223790788 ) ) ;
#3820 = CARTESIAN_POINT ( 'NONE',  ( -3.902403339265962057, -5.577017046486110630, 0.3016825774411752148 ) ) ;
#3821 = CARTESIAN_POINT ( 'NONE',  ( 1.325921617552759280, -2.121387541977767022, -3.201057951739542773 ) ) ;
#3822 = CARTESIAN_POINT ( 'NONE',  ( -1.325921617552760834, -1.333157912567709547, 3.201057951739541885 ) ) ;
#3823 = CARTESIAN_POINT ( 'NONE',  ( -2.263489784646150582, -4.214001178341399978, -2.263489784646150582 ) ) ;
#3824 = CARTESIAN_POINT ( 'NONE',  ( 0.5272044552132000295, -4.222641891444317785, 3.942887510883549940 ) ) ;
#3825 = CARTESIAN_POINT ( 'NONE',  ( -3.870342484289029716, -4.462401640168262240, -0.5781574689154784785 ) ) ;
#3826 = CARTESIAN_POINT ( 'NONE',  ( 3.103776263492489917, -8.059950445908842909, 0.000000000000000000 ) ) ;
#3827 = CARTESIAN_POINT ( 'NONE',  ( -3.885347713648977575, -3.514762804087022019, -0.3372197491790628887 ) ) ;
#3828 = CARTESIAN_POINT ( 'NONE',  ( -2.988856823625642090, -7.464964506879674389, -0.9691906516028927498 ) ) ;
#3829 = DIRECTION ( 'NONE',  ( -0.000000000000000000, -1.000000000000000000, -3.921717058577609625E-16 ) ) ;
#3830 = CARTESIAN_POINT ( 'NONE',  ( -2.263489784646151026, -2.559862458022252429, 2.263489784646150582 ) ) ;
#3831 = CARTESIAN_POINT ( 'NONE',  ( -7.545109532298677504E-16, -1.943750000000010525, 4.107366323934855679 ) ) ;
#3832 = ORIENTED_EDGE ( 'NONE', *, *, #2619, .T. ) ;
#3833 = CARTESIAN_POINT ( 'NONE',  ( -1.683324235717387429, -2.098797290920674019, 3.599325645827022413 ) ) ;
#3834 = CARTESIAN_POINT ( 'NONE',  ( -3.954302201108166770, -5.668609710343055497, 0.4305155453656820397 ) ) ;
#3835 = LOCAL_TIME ( 17, 23, 45.00000000000000000, #4586 ) ;
#3836 = CARTESIAN_POINT ( 'NONE',  ( 2.519993981899809388, -2.640518100497805332, -3.076711285016802577 ) ) ;
#3837 = CARTESIAN_POINT ( 'NONE',  ( -2.757390359937172963, -6.599942032335413877, 2.777584969122632419 ) ) ;
#3838 = ORIENTED_EDGE ( 'NONE', *, *, #4746, .F. ) ;
#3839 = ORIENTED_EDGE ( 'NONE', *, *, #3209, .T. ) ;
#3840 = CARTESIAN_POINT ( 'NONE',  ( -0.4941812240085828312, -4.388019407738735111, 3.868128875429241997 ) ) ;
#3841 = CARTESIAN_POINT ( 'NONE',  ( -3.923529365722277618, -4.644214967409634909, -0.6272237292393095798 ) ) ;
#3842 = CARTESIAN_POINT ( 'NONE',  ( -3.930322400915303493, -5.716060519865222567, -0.6078900126403510296 ) ) ;
#3843 = CARTESIAN_POINT ( 'NONE',  ( -0.1952554790826496467, -5.341639869816419584, 3.969305237846676437 ) ) ;
#3844 = CARTESIAN_POINT ( 'NONE',  ( 0.000000000000000000, 4.067719139822251861, -8.743105441705635528 ) ) ;
#3845 = EDGE_CURVE ( 'NONE', #2253, #2842, #1155, .T. ) ;
#3846 = CARTESIAN_POINT ( 'NONE',  ( -5.880248061724518771E-16, -1.260998821658618096, 3.201057951739542329 ) ) ;
#3847 = CARTESIAN_POINT ( 'NONE',  ( -2.263489784646150582, -5.368546632886852521, -2.263489784646150582 ) ) ;
#3848 = CARTESIAN_POINT ( 'NONE',  ( -0.2885530941291060136, -4.258934520770217169, 3.967440607383111661 ) ) ;
#3849 = CARTESIAN_POINT ( 'NONE',  ( -3.900061863160482645, -4.450316760893183066, -0.3195737321733718717 ) ) ;
#3850 = CARTESIAN_POINT ( 'NONE',  ( -1.285626222910279948, -1.383799554091171169, 3.103776263492488585 ) ) ;
#3851 = CARTESIAN_POINT ( 'NONE',  ( -3.950984866306597620, -3.358215616010307158, 0.4588167706665802759 ) ) ;
#3852 = CARTESIAN_POINT ( 'NONE',  ( -1.677988206222893020, -3.074467687833083662, 3.535895730781986046 ) ) ;
#3853 = CARTESIAN_POINT ( 'NONE',  ( -2.826077214409483229, -7.441489319047112971, -1.416873255282184996 ) ) ;
#3854 = LINE ( 'NONE', #2775, #953 ) ;
#3855 = CARTESIAN_POINT ( 'NONE',  ( 2.904346580471597328, -5.263068181818186808, 2.904346580471598660 ) ) ;
#3856 = ORIENTED_EDGE ( 'NONE', *, *, #4742, .F. ) ;
#3857 = CARTESIAN_POINT ( 'NONE',  ( -0.4016264254896906860, -1.953331114582660621, 3.957252283191308617 ) ) ;
#3858 = CARTESIAN_POINT ( 'NONE',  ( -3.649795956151531406, -2.301039876144627794, -1.581877915640873544 ) ) ;
#3859 = CARTESIAN_POINT ( 'NONE',  ( -3.949716513986328170, -5.751117672875842857, 0.4339656205560179503 ) ) ;
#3860 = CARTESIAN_POINT ( 'NONE',  ( 2.899346864256820311, -2.663617531608381217, -2.722189382798988699 ) ) ;
#3861 = FACE_OUTER_BOUND ( 'NONE', #3448, .T. ) ;
#3862 = ORIENTED_EDGE ( 'NONE', *, *, #126, .T. ) ;
#3863 = ADVANCED_FACE ( 'NONE', ( #3774 ), #3183, .T. ) ;
#3864 = B_SPLINE_CURVE_WITH_KNOTS ( 'NONE', 3,
 ( #3431, #4591, #511, #1227 ),
 .UNSPECIFIED., .F., .F.,
 ( 4, 4 ),
 ( 2.309401076756606256E-07, 0.002598307151460991105 ),
 .UNSPECIFIED. ) ;
#3865 = CARTESIAN_POINT ( 'NONE',  ( -2.694059799759012552, -4.802245689731581280, -2.819200363029930489 ) ) ;
#3866 = CARTESIAN_POINT ( 'NONE',  ( -3.453360823890407438, -4.520234505885790455, 1.965567594571695054 ) ) ;
#3867 = CARTESIAN_POINT ( 'NONE',  ( 0.3716612783403918097, -6.538115217894951314, 3.959699208283908867 ) ) ;
#3868 = CARTESIAN_POINT ( 'NONE',  ( -3.751929478250298100, -5.683217576623976086, -1.310102535710691241 ) ) ;
#3869 = CARTESIAN_POINT ( 'NONE',  ( 0.000000000000000000, 0.4738549290423901272, 1.734723475976807094E-15 ) ) ;
#3870 = CARTESIAN_POINT ( 'NONE',  ( -1.500000000000000222, -1.999999999999998668, -4.330127018922192761 ) ) ;
#3871 = ADVANCED_FACE ( 'NONE', ( #1892 ), #4285, .F. ) ;
#3872 = CARTESIAN_POINT ( 'NONE',  ( -1.325921617552760834, -5.007751178341398379, 3.201057951739541885 ) ) ;
#3873 = CARTESIAN_POINT ( 'NONE',  ( -3.908765089072364862, -4.427028353228438462, 0.2021914699241397495 ) ) ;
#3874 = CARTESIAN_POINT ( 'NONE',  ( -3.194558517834650058, -3.395377920351651646, -2.259960231648891593 ) ) ;
#3875 = CARTESIAN_POINT ( 'NONE',  ( -5.701544499533412370E-16, -1.311640463182079941, 3.103776263492489917 ) ) ;
#3876 = CARTESIAN_POINT ( 'NONE',  ( 1.578459272604137098, -3.825148069390122085, -3.646536158079535905 ) ) ;
#3877 = EDGE_CURVE ( 'NONE', #916, #4750, #4818, .T. ) ;
#3878 = CARTESIAN_POINT ( 'NONE',  ( -2.175662723973313284, -3.198822239469158557, 3.330157471109779443 ) ) ;
#3879 = CARTESIAN_POINT ( 'NONE',  ( -2.835737372142814294, -7.423349932338442869, -1.437976934494722192 ) ) ;
#3880 = CARTESIAN_POINT ( 'NONE',  ( 3.273347499254699144, -2.365240952707199362, -0.2725748106896575540 ) ) ;
#3881 = CARTESIAN_POINT ( 'NONE',  ( 4.107366323934855679, -1.655113636363647167, 0.000000000000000000 ) ) ;
#3882 = VERTEX_POINT ( 'NONE', #4122 ) ;
#3883 = CARTESIAN_POINT ( 'NONE',  ( -0.3880793389227873980, -2.073948502165122942, 3.880485137943565643 ) ) ;
#3884 = CARTESIAN_POINT ( 'NONE',  ( -3.821720008129886104, -2.107642584384038731, 1.090087362378678426 ) ) ;
#3885 = CARTESIAN_POINT ( 'NONE',  ( -1.530207209741293539, -5.903822129364485249, -3.671624400071728633 ) ) ;
#3886 = CARTESIAN_POINT ( 'NONE',  ( 3.201057951739541885, -5.873660269250487787, 1.325921617552761944 ) ) ;
#3887 = CARTESIAN_POINT ( 'NONE',  ( -4.499999999999999112, 0.4738549290423901272, 1.734723475976807094E-15 ) ) ;
#3888 = CARTESIAN_POINT ( 'NONE',  ( -3.694699999926281730, -6.707093595339627790, 1.463763444765415089 ) ) ;
#3889 = AXIS2_PLACEMENT_3D ( 'NONE', #670, #1804, #1058 ) ;
#3890 = APPROVAL_ROLE ( '' ) ;
#3891 = AXIS2_PLACEMENT_3D ( 'NONE', #1003, #4517, #4168 ) ;
#3892 = CARTESIAN_POINT ( 'NONE',  ( -3.671545521829749248, -4.716989431456926951, -1.313573944684053085 ) ) ;
#3893 = CARTESIAN_POINT ( 'NONE',  ( -3.807006417116098884, -4.586726654841644546, -1.152176750518985049 ) ) ;
#3894 = CARTESIAN_POINT ( 'NONE',  ( 1.934012478254551359, -5.306175348963932059, 3.475132520459150332 ) ) ;
#3895 = CARTESIAN_POINT ( 'NONE',  ( -3.051214976623642716, -5.560714084797202972, 2.552268269479033069 ) ) ;
#3896 = ORIENTED_EDGE ( 'NONE', *, *, #3148, .F. ) ;
#3897 = CARTESIAN_POINT ( 'NONE',  ( 2.263489784646150582, -2.193546632886857584, -2.263489784646150582 ) ) ;
#3898 = CARTESIAN_POINT ( 'NONE',  ( -3.201057951739542773, -1.477476094385890892, 1.325921617552758169 ) ) ;
#3899 = CARTESIAN_POINT ( 'NONE',  ( 1.960082687241506503E-16, -4.358319360159581990, -3.201057951739542329 ) ) ;
#3900 = CARTESIAN_POINT ( 'NONE',  ( -0.2885142415087220136, -4.160235633157058466, 3.903263996397106972 ) ) ;
#3901 = CARTESIAN_POINT ( 'NONE',  ( -3.640258696328783294, -3.212487520732878021, 1.435642330708451819 ) ) ;
#3902 = CARTESIAN_POINT ( 'NONE',  ( -3.103776263492489917, -1.528117735909352515, 1.285626222910277505 ) ) ;
#3903 = CARTESIAN_POINT ( 'NONE',  ( 3.235917596735661927, -3.841090886616163491, -2.312991105046346973 ) ) ;
#3904 = CARTESIAN_POINT ( 'NONE',  ( -2.367868989126317825, -3.113001573227531793, 3.116353028645511447 ) ) ;
#3905 = CARTESIAN_POINT ( 'NONE',  ( 0.000000000000000000, 6.750000000000004441, 0.000000000000000000 ) ) ;
#3906 = DIRECTION ( 'NONE',  ( -0.000000000000000000, 1.000000000000000000, -0.000000000000000000 ) ) ;
#3907 = ORIENTED_EDGE ( 'NONE', *, *, #38, .F. ) ;
#3908 = CARTESIAN_POINT ( 'NONE',  ( -3.004314891572342994, -2.472785895349875140, -2.486554254829583144 ) ) ;
#3909 = CARTESIAN_POINT ( 'NONE',  ( -3.687774072644173451, -2.189407164513661908, -1.311637769390699759 ) ) ;
#3910 = CARTESIAN_POINT ( 'NONE',  ( -1.019001937399269808, -5.929417268911220340, -3.844996083289077937 ) ) ;
#3911 = CARTESIAN_POINT ( 'NONE',  ( -1.009155429757272438E-13, -2.226808289473922731, -3.542185647426463024 ) ) ;
#3912 = CARTESIAN_POINT ( 'NONE',  ( 0.000000000000000000, 6.750000000000004441, 0.000000000000000000 ) ) ;
#3913 = CARTESIAN_POINT ( 'NONE',  ( -0.6285876182881435792, -6.687577900770549810, 3.864479692452067905 ) ) ;
#3914 = CARTESIAN_POINT ( 'NONE',  ( 1.872934368930695204, -6.189874842423672696, -3.420249650338106573 ) ) ;
#3915 = CARTESIAN_POINT ( 'NONE',  ( -2.990270841985877670, -4.400335024823872843, 2.622807232826912305 ) ) ;
#3916 = CARTESIAN_POINT ( 'NONE',  ( -2.479046607325221085, -5.524482048604136608, 3.109827748659645064 ) ) ;
#3917 = CARTESIAN_POINT ( 'NONE',  ( -0.8020828788152730704, -5.873854113879581895, -3.892273576818942260 ) ) ;
#3918 = DIRECTION ( 'NONE',  ( 0.000000000000000000, -1.000000000000000000, 0.000000000000000000 ) ) ;
#3919 = CARTESIAN_POINT ( 'NONE',  ( 2.263489784646150582, -1.982589730749525936, -2.263489784646150582 ) ) ;
#3920 = CARTESIAN_POINT ( 'NONE',  ( -4.107366323934855679, -6.922727272727274617, -1.701326837008341197 ) ) ;
#3921 = CARTESIAN_POINT ( 'NONE',  ( -3.841293970226077548, -4.420235578861877457, 1.018492262302530760 ) ) ;
#3922 = CARTESIAN_POINT ( 'NONE',  ( -2.422009920657827386, -3.116208242267840767, 3.073554316582218782 ) ) ;
#3923 = CARTESIAN_POINT ( 'NONE',  ( 1.900514833177804041E-16, -7.771314082272478885, -3.103776263492489917 ) ) ;
#3924 = CIRCLE ( 'NONE', #4127, 2.393378451047913469 ) ;
#3925 = CARTESIAN_POINT ( 'NONE',  ( 1.300202438740886146, -3.850386700945768848, -3.676666287418007162 ) ) ;
#3926 = CARTESIAN_POINT ( 'NONE',  ( -3.328191233729761667, -3.205670852588470510, 2.171924391562416012 ) ) ;
#3927 = CARTESIAN_POINT ( 'NONE',  ( -2.937866591598101706, -6.611870669947303547, 2.584942504338320735 ) ) ;
#3928 = CARTESIAN_POINT ( 'NONE',  ( 3.260676094178810658, -2.376434535185408592, 0.1402721341113635778 ) ) ;
#3929 = ORIENTED_EDGE ( 'NONE', *, *, #906, .F. ) ;
#3930 = CARTESIAN_POINT ( 'NONE',  ( 2.825933532992880970, -2.782208245468359653, -2.687533921099642509 ) ) ;
#3931 = CARTESIAN_POINT ( 'NONE',  ( -1.565913668956795624, -2.372291895854623522, -3.652510474179374800 ) ) ;
#3932 = CARTESIAN_POINT ( 'NONE',  ( 3.244953080830186742, -6.233869728353982786, -2.293024024654539250 ) ) ;
#3933 = ADVANCED_FACE ( 'NONE', ( #2280 ), #1068, .F. ) ;
#3934 = CARTESIAN_POINT ( 'NONE',  ( -1.835092320526948040, -2.024966728411409900, 3.528384889595414187 ) ) ;
#3935 = CARTESIAN_POINT ( 'NONE',  ( 0.2830615544745790912, -2.029861116157342327, 3.902361608532780135 ) ) ;
#3936 = LINE ( 'NONE', #3617, #3381 ) ;
#3937 = CARTESIAN_POINT ( 'NONE',  ( 0.1474804756394057503, -6.103995645461538722, -3.896862169797695508 ) ) ;
#3938 = CARTESIAN_POINT ( 'NONE',  ( 2.898976910603387136, -5.054371970035403727, -2.717542672625822942 ) ) ;
#3939 = CARTESIAN_POINT ( 'NONE',  ( -3.944289657918134129, -4.511354348823378935, 0.5089360782128641292 ) ) ;
#3940 = CARTESIAN_POINT ( 'NONE',  ( -2.516134813759519862, -5.783684742787681188, -3.076038396124731289 ) ) ;
#3941 = ORIENTED_EDGE ( 'NONE', *, *, #2921, .T. ) ;
#3942 = CARTESIAN_POINT ( 'NONE',  ( 3.201057951739541885, -5.662703367113155473, 1.325921617552761944 ) ) ;
#3943 = CARTESIAN_POINT ( 'NONE',  ( -2.127767738441259215, -2.163201478804819278, 3.267802868372729819 ) ) ;
#3944 = CARTESIAN_POINT ( 'NONE',  ( -7.545109532298677504E-16, -6.561931818181820475, 4.107366323934855679 ) ) ;
#3945 = CARTESIAN_POINT ( 'NONE',  ( 0.9157366054044727699, -4.865500320130220935, -3.871018021545112209 ) ) ;
#3946 = CARTESIAN_POINT ( 'NONE',  ( -0.02474646395956519446, -2.994055559287254198, 3.913264718409007248 ) ) ;
#3947 = CARTESIAN_POINT ( 'NONE',  ( -2.194701243201384155, -2.720177718636123121, 2.194701243201383267 ) ) ;
#3948 = CARTESIAN_POINT ( 'NONE',  ( 3.885577957759774659, -3.917106366242724569, -0.8503370416630692263 ) ) ;
#3949 = CARTESIAN_POINT ( 'NONE',  ( -3.861088069928422239, -3.252006460215565387, 0.6413655550926218307 ) ) ;
#3950 = CARTESIAN_POINT ( 'NONE',  ( 2.118989303861126050, -6.995026226567468974, -2.928885852403046552 ) ) ;
#3951 = CARTESIAN_POINT ( 'NONE',  ( -4.500000000000000888, 0.3511044742336486002, 2.598076211353318232 ) ) ;
#3952 = ORIENTED_EDGE ( 'NONE', *, *, #4306, .F. ) ;
#3953 = CARTESIAN_POINT ( 'NONE',  ( 2.043146289652658876, -2.695367878050764165, -3.407793910357639788 ) ) ;
#3954 = CARTESIAN_POINT ( 'NONE',  ( -3.903774826400023823, -2.114311837095872892, 0.2813813725688746326 ) ) ;
#3955 = CARTESIAN_POINT ( 'NONE',  ( 3.183777237433791818, -6.271976562521166088, -2.252148142789756502 ) ) ;
#3956 = APPLICATION_CONTEXT ( 'configuration controlled 3d designs of mechanical parts and assemblies' ) ;
#3957 = CARTESIAN_POINT ( 'NONE',  ( -5.880248061724518771E-16, -7.244682996523213347, 3.201057951739542329 ) ) ;
#3958 = DIRECTION ( 'NONE',  ( 0.000000000000000000, 0.000000000000000000, -1.000000000000000000 ) ) ;
#3959 = CARTESIAN_POINT ( 'NONE',  ( -0.6085912317995885168, -6.682121617633893784, 3.873197589100542348 ) ) ;
#3960 = CARTESIAN_POINT ( 'NONE',  ( -3.885352589232310194, -5.823642987633605550, -0.3325154219661700661 ) ) ;
#3961 = CARTESIAN_POINT ( 'NONE',  ( 2.904651783436080770, -4.971861575908364195, -2.717616877005275100 ) ) ;
#3962 = CARTESIAN_POINT ( 'NONE',  ( -0.4879660495113689045, -4.800962769116508433, -3.947122487506382615 ) ) ;
#3963 = CARTESIAN_POINT ( 'NONE',  ( 0.005003639590000409469, -5.978107732096906268, -3.978040474517628766 ) ) ;
#3964 = CARTESIAN_POINT ( 'NONE',  ( 2.263489784646151026, -6.600771548931335886, -2.263489784646150138 ) ) ;
#3965 = VECTOR ( 'NONE', #2715, 1000.000000000000000 ) ;
#3966 = AXIS2_PLACEMENT_3D ( 'NONE', #2005, #4260, #1363 ) ;
#3967 = CARTESIAN_POINT ( 'NONE',  ( 3.724957152198100641, -2.977025626350117804, 1.153766060618011569 ) ) ;
#3968 = ORIENTED_EDGE ( 'NONE', *, *, #457, .T. ) ;
#3969 = CARTESIAN_POINT ( 'NONE',  ( -2.904346580471598660, -4.397159090909097401, 2.904346580471597772 ) ) ;
#3970 = CARTESIAN_POINT ( 'NONE',  ( -1.234887670179140251, -4.698199076266194929, -3.777304590106522753 ) ) ;
#3971 = CARTESIAN_POINT ( 'NONE',  ( 0.9105049549618402516, -3.612509787087560653, -3.805918922111899416 ) ) ;
#3972 = CARTESIAN_POINT ( 'NONE',  ( 1.285626222910279060, -4.812791354999755633, 3.103776263492488585 ) ) ;
#3973 = CARTESIAN_POINT ( 'NONE',  ( -1.900882141017242732, -3.509161524588995551, -3.490004008949296299 ) ) ;
#3974 = CARTESIAN_POINT ( 'NONE',  ( 1.070721609379261405E-15, 4.067719139822244756, 8.743105441705639080 ) ) ;
#3975 = CARTESIAN_POINT ( 'NONE',  ( 0.1377011127530096968, -2.412071322076323021, 3.190789279460828798 ) ) ;
#3976 = CARTESIAN_POINT ( 'NONE',  ( -3.059747217681654696, -2.434676533711807256, -2.534921984949539464 ) ) ;
#3977 = CARTESIAN_POINT ( 'NONE',  ( -1.325921617552760834, -7.316842087432305242, 3.201057951739541885 ) ) ;
#3978 = CARTESIAN_POINT ( 'NONE',  ( 0.8371173770454218843, -6.097334281314460647, -3.884299853697978477 ) ) ;
#3979 = CARTESIAN_POINT ( 'NONE',  ( 2.263489784646147474, -5.945819360159578792, 2.263489784646153691 ) ) ;
#3980 = CARTESIAN_POINT ( 'NONE',  ( -4.500000000000000888, -1.877249545191257640, 2.598076211353318232 ) ) ;
#3981 = CARTESIAN_POINT ( 'NONE',  ( -3.749999999999999556, 0.4274562965667573766, -3.031088913245534755 ) ) ;
#3982 = CARTESIAN_POINT ( 'NONE',  ( -1.511492051663327674, -5.593186126375718104, 3.594632663452643762 ) ) ;
#3983 = CARTESIAN_POINT ( 'NONE',  ( -0.7625901556640329870, -4.907371921618704391, -3.824731075521088819 ) ) ;
#3984 = CARTESIAN_POINT ( 'NONE',  ( -1.346891721382302842, -5.463286534078357626, 3.742092052469745855 ) ) ;
#3985 = CARTESIAN_POINT ( 'NONE',  ( -1.584399935899522882, -5.834971489079829432, -3.644570926127999044 ) ) ;
#3986 = EDGE_CURVE ( 'NONE', #1291, #631, #4525, .T. ) ;
#3987 = CARTESIAN_POINT ( 'NONE',  ( 3.201057951739542329, -6.745089730749517898, 7.840330748966026013E-16 ) ) ;
#3988 = CARTESIAN_POINT ( 'NONE',  ( -2.338096135030616640, -2.175341124545511651, 3.120925855245231251 ) ) ;
#3989 = ORIENTED_EDGE ( 'NONE', *, *, #4257, .T. ) ;
#3990 = CARTESIAN_POINT ( 'NONE',  ( 4.107366323934855679, -6.201136363636366333, -1.701326837008340753 ) ) ;
#3991 = CARTESIAN_POINT ( 'NONE',  ( 1.934788804781826022, -4.849863114493719429, -3.471357674038160201 ) ) ;
#3992 = CARTESIAN_POINT ( 'NONE',  ( -3.803113433859905523, -2.083889121403836864, 0.9215356733997981387 ) ) ;
#3993 = LOCAL_TIME ( 17, 23, 45.00000000000000000, #2370 ) ;
#3994 = EDGE_CURVE ( 'NONE', #4712, #4602, #2816, .T. ) ;
#3995 = CARTESIAN_POINT ( 'NONE',  ( -1.285626222910277949, -1.926427718636124276, -3.103776263492488585 ) ) ;
#3996 = CARTESIAN_POINT ( 'NONE',  ( -3.974784082831293475, -3.387345913367785677, -0.1572579481337590401 ) ) ;
#3997 = DIRECTION ( 'NONE',  ( 0.000000000000000000, 3.217316266628265970E-16, -1.000000000000000000 ) ) ;
#3998 = CARTESIAN_POINT ( 'NONE',  ( -0.7560430826294540774, -1.971672462700424733, 3.895879411758202071 ) ) ;
#3999 = EDGE_CURVE ( 'NONE', #1166, #2603, #2637, .T. ) ;
#4000 = TOROIDAL_SURFACE ( 'NONE', #404, 1.957629832425594740, 0.5000000000000000000 ) ;
#4001 = CARTESIAN_POINT ( 'NONE',  ( 2.226622125046346490, -2.746122446819809770, -3.201868163862540140 ) ) ;
#4002 = EDGE_LOOP ( 'NONE', ( #3590, #1613, #1412, #3790, #1220, #3717, #1856 ) ) ;
#4003 = CARTESIAN_POINT ( 'NONE',  ( 2.077560400125302742, -6.160896345786874839, -3.386925051256929553 ) ) ;
#4004 = CARTESIAN_POINT ( 'NONE',  ( -2.263489784646146141, -3.059455723795947435, -2.263489784646155023 ) ) ;
#4005 = CARTESIAN_POINT ( 'NONE',  ( 0.2273021485203442216, -2.025252078247918863, 3.914766187151979882 ) ) ;
#4006 = CARTESIAN_POINT ( 'NONE',  ( 0.000000000000000000, 6.750000000000004441, 0.000000000000000000 ) ) ;
#4007 = CARTESIAN_POINT ( 'NONE',  ( -1.285626222910279948, -3.692890463182076033, 3.103776263492488585 ) ) ;
#4008 = CARTESIAN_POINT ( 'NONE',  ( -1.373924265033606762, -6.031297626096846720, -3.649456636234972962 ) ) ;
#4009 = CARTESIAN_POINT ( 'NONE',  ( -0.2371445126214879184, -4.932157025078063306, -3.892802266755407636 ) ) ;
#4010 = CARTESIAN_POINT ( 'NONE',  ( -0.5049257948145404740, -4.268093252765897461, 3.944934366113518553 ) ) ;
#4011 = CARTESIAN_POINT ( 'NONE',  ( 2.884830397940659985, -6.030938677236592049, -2.645001328286324949 ) ) ;
#4012 =( BOUNDED_CURVE ( )  B_SPLINE_CURVE ( 2, ( #2029, #946, #2782, #1733, #3957, #1269, #4354, #3219, #2074, #3594, #4632, #968, #2097, #4284, #4725, #2833, #3125, #2416, #2483, #233, #2857, #3522, #3979, #3886, #161, #896, #2390, #3571, #531, #4656, #207, #1710, #555, #2462, #185, #921, #2053, #3548, #1684, #3172, #4680, #1318, #2807, #4703, #1341, #597, #4028, #2878, #668, #3314, #2528, #1853, #720, #2550, #645, #1083, #4852, #2899, #1407, #2218, #4477, #2166, #4004, #2506, #3637, #4399, #1032, #3342, #2926, #1112, #351, #3239, #3663 ),
 .UNSPECIFIED., .F., .T. ) 
 B_SPLINE_CURVE_WITH_KNOTS ( ( 3, 2, 2, 2, 2, 2, 2, 2, 2, 2, 2, 2, 2, 2, 2, 2, 2, 2, 2, 2, 2, 2, 2, 2, 2, 2, 2, 2, 2, 2, 2, 2, 2, 2, 2, 2, 3 ),
 ( 0.1022105047268928868, 0.1041666666666666713, 0.1250000000000000000, 0.1458333333333333426, 0.1666666666666666574, 0.1875000000000000000, 0.2083333333333333703, 0.2291666666666666574, 0.2500000000000000000, 0.2708333333333333148, 0.2916666666666666852, 0.3125000000000000000, 0.3333333333333333703, 0.3541666666666666297, 0.3750000000000000000, 0.3958333333333332593, 0.4166666666666666297, 0.4375000000000000000, 0.4583333333333332593, 0.4791666666666666297, 0.5000000000000000000, 0.5208333333333333703, 0.5416666666666666297, 0.5625000000000000000, 0.5833333333333333703, 0.6041666666666666297, 0.6250000000000000000, 0.6458333333333333703, 0.6666666666666666297, 0.6875000000000000000, 0.7083333333333333703, 0.7291666666666666297, 0.7500000000000000000, 0.7708333333333333703, 0.7916666666666666297, 0.8125000000000000000, 0.8231714583810512131 ),
 .UNSPECIFIED. ) 
 CURVE ( )  GEOMETRIC_REPRESENTATION_ITEM ( )  RATIONAL_B_SPLINE_CURVE ( ( 0.9870474391580559281, 0.9928526098557179935, 1.000000000000000000, 0.9238795325112867385, 1.000000000000000000, 0.9238795325112867385, 1.000000000000000000, 0.9238795325112867385, 1.000000000000000000, 0.9238795325112867385, 1.000000000000000000, 0.9238795325112867385, 1.000000000000000000, 0.9238795325112867385, 1.000000000000000000, 0.9238795325112867385, 1.000000000000000000, 0.9238795325112867385, 1.000000000000000000, 0.9238795325112867385, 1.000000000000000000, 0.9238795325112867385, 1.000000000000000000, 0.9238795325112867385, 1.000000000000000000, 0.9238795325112867385, 1.000000000000000000, 0.9238795325112867385, 1.000000000000000000, 0.9238795325112867385, 1.000000000000000000, 0.9238795325112867385, 1.000000000000000000, 0.9238795325112867385, 1.000000000000000000, 0.9238795325112867385, 1.000000000000000000, 0.9238795325112867385, 1.000000000000000000, 0.9238795325112867385, 1.000000000000000000, 0.9238795325112867385, 1.000000000000000000, 0.9238795325112867385, 1.000000000000000000, 0.9238795325112867385, 1.000000000000000000, 0.9238795325112867385, 1.000000000000000000, 0.9238795325112867385, 1.000000000000000000, 0.9238795325112867385, 1.000000000000000000, 0.9238795325112867385, 1.000000000000000000, 0.9238795325112867385, 1.000000000000000000, 0.9238795325112867385, 1.000000000000000000, 0.9238795325112867385, 1.000000000000000000, 0.9238795325112867385, 1.000000000000000000, 0.9238795325112867385, 1.000000000000000000, 0.9238795325112867385, 1.000000000000000000, 0.9238795325112867385, 1.000000000000000000, 0.9238795325112867385, 1.000000000000000000, 0.9610088127639061506, 0.9619625373823158521 ) ) 
 REPRESENTATION_ITEM ( '' )  );
#4013 = CARTESIAN_POINT ( 'NONE',  ( -2.901965600127461631, -2.015815152578909863, 2.674020624658068890 ) ) ;
#4014 = CARTESIAN_POINT ( 'NONE',  ( 1.804380526637463955, -2.722489506971853768, -3.456907656280788999 ) ) ;
#4015 = ORIENTED_EDGE ( 'NONE', *, *, #3124, .F. ) ;
#4016 = CARTESIAN_POINT ( 'NONE',  ( -1.701326837008342974, -3.170454545454554740, 4.107366323934854790 ) ) ;
#4017 = CARTESIAN_POINT ( 'NONE',  ( -3.879903349730588147, -4.575020066091997073, -0.8774198152297734143 ) ) ;
#4018 = CARTESIAN_POINT ( 'NONE',  ( 3.913026615821467491, -2.702729213744746062, -0.03544178471808098058 ) ) ;
#4019 = EDGE_CURVE ( 'NONE', #2777, #1181, #212, .T. ) ;
#4020 = CARTESIAN_POINT ( 'NONE',  ( 1.900514833177804041E-16, -5.462223173181572022, -3.103776263492489917 ) ) ;
#4021 = ADVANCED_FACE ( 'NONE', ( #646 ), #2144, .F. ) ;
#4022 = CARTESIAN_POINT ( 'NONE',  ( -3.517399108813576536, -3.365178218851553993, -1.716816508874677405 ) ) ;
#4023 = CARTESIAN_POINT ( 'NONE',  ( 3.669144217761906912, -6.102754307415816371, -1.360122603222111204 ) ) ;
#4024 = B_SPLINE_CURVE_WITH_KNOTS ( 'NONE', 3,
 ( #3140, #1678, #3565, #914, #2113, #937, #1654, #3950, #4674, #4371, #1287, #3610, #4278, #1311, #1750, #151, #2801, #1334, #4649, #4740, #592, #2090, #4303, #570, #1726, #1378, #2872, #1006, #201, #178 ),
 .UNSPECIFIED., .F., .F.,
 ( 4, 2, 2, 2, 2, 2, 2, 2, 2, 2, 2, 2, 2, 2, 4 ),
 ( 0.009015736508515335632, 0.009701748928823313023, 0.01038776134913128868, 0.01107377376943926607, 0.01175978618974724173, 0.01244579861005521912, 0.01313181103036319478, 0.01450383587097914956, 0.01518984829128712695, 0.01587586071159510087, 0.01656187313190308000, 0.01724788555221105912, 0.01861991039282701391, 0.01930592281313498956, 0.01999193523344296869 ),
 .UNSPECIFIED. ) ;
#4025 = CARTESIAN_POINT ( 'NONE',  ( 3.972265035491907348, -2.810467750465782455, 0.2079088156661375864 ) ) ;
#4026 = ORIENTED_EDGE ( 'NONE', *, *, #3999, .F. ) ;
#4027 = CARTESIAN_POINT ( 'NONE',  ( -0.9795853331699023725, -6.598730834392013911, 3.855167403896182954 ) ) ;
#4028 = CARTESIAN_POINT ( 'NONE',  ( -2.263489784646146585, -4.214001178341399978, -2.263489784646154579 ) ) ;
#4029 = CARTESIAN_POINT ( 'NONE',  ( 0.1989911632001443165, -2.023630617015475419, 3.919362559639306465 ) ) ;
#4030 = DIRECTION ( 'NONE',  ( 0.000000000000000000, 0.000000000000000000, -1.000000000000000000 ) ) ;
#4031 = CARTESIAN_POINT ( 'NONE',  ( -5.701544499533412370E-16, -5.929822281363890113, 3.103776263492489917 ) ) ;
#4032 = CARTESIAN_POINT ( 'NONE',  ( 0.9324019666341002432, -1.892538119534244334, 3.857478358764266257 ) ) ;
#4033 = CARTESIAN_POINT ( 'NONE',  ( -0.7719206407084800992, -4.786759671258571380, -3.902127690949610983 ) ) ;
#4034 = CARTESIAN_POINT ( 'NONE',  ( 0.3064671862029874072, -2.460291102215662828, -3.962251764454456371 ) ) ;
#4035 = CARTESIAN_POINT ( 'NONE',  ( -3.600396562391820598, -3.460441379232437331, -1.689348918756724327 ) ) ;
#4036 = CARTESIAN_POINT ( 'NONE',  ( 3.884232287538984085, -6.145948067912567758, -0.4811116704987707382 ) ) ;
#4037 = CARTESIAN_POINT ( 'NONE',  ( 2.263489784646146585, -3.425771548931341393, 2.263489784646154579 ) ) ;
#4038 = B_SPLINE_CURVE_WITH_KNOTS ( 'NONE', 3,
 ( #976, #629, #2515, #1392 ),
 .UNSPECIFIED., .F., .F.,
 ( 4, 4 ),
 ( 0.002598307151460990672, 0.005196383362814306975 ),
 .UNSPECIFIED. ) ;
#4039 = CARTESIAN_POINT ( 'NONE',  ( 1.110702581627583063, -3.840765977783487717, -3.737932061464449340 ) ) ;
#4040 = CARTESIAN_POINT ( 'NONE',  ( -2.261223415987657415, -3.637947640370188918, -3.267354844438647099 ) ) ;
#4041 = ORIENTED_EDGE ( 'NONE', *, *, #1420, .F. ) ;
#4042 = CARTESIAN_POINT ( 'NONE',  ( -4.107366323934856567, -2.160227272727283321, 1.701326837008339643 ) ) ;
#4043 = CARTESIAN_POINT ( 'NONE',  ( 0.1073420901483571055, -4.828371750359361059, -3.976657959001539400 ) ) ;
#4044 = CARTESIAN_POINT ( 'NONE',  ( 3.843649300164700744, -2.738063148268194968, 0.7347620529093494834 ) ) ;
#4045 = CONICAL_SURFACE ( 'NONE', #1934, 4.499999999999999112, 1.396263401595466691 ) ;
#4046 = CARTESIAN_POINT ( 'NONE',  ( 1.900514833177804041E-16, -4.307677718636120368, -3.103776263492489917 ) ) ;
#4047 = CONICAL_SURFACE ( 'NONE', #3966, 4.499999999999999112, 1.396263401595466691 ) ;
#4048 = CARTESIAN_POINT ( 'NONE',  ( -3.777998304740059599, -3.370280150991056267, -1.233358422489807760 ) ) ;
#4049 = CARTESIAN_POINT ( 'NONE',  ( 0.03986610209389372661, -6.454804288574857551, 3.913013594481935087 ) ) ;
#4050 = DIRECTION ( 'NONE',  ( 0.000000000000000000, 0.000000000000000000, -1.000000000000000000 ) ) ;
#4051 = CARTESIAN_POINT ( 'NONE',  ( 3.656412963174688002, -2.857202719995291851, -1.356589941265687882 ) ) ;
#4052 = CARTESIAN_POINT ( 'NONE',  ( 1.325921617552759280, -5.585023905614125539, -3.201057951739542773 ) ) ;
#4053 = CARTESIAN_POINT ( 'NONE',  ( 0.3514647290046774009, -6.538131100566893394, 3.962034315366175452 ) ) ;
#4054 = CARTESIAN_POINT ( 'NONE',  ( -2.880713161201128081, -2.144679902846243547, -2.339157972270550001 ) ) ;
#4055 = CARTESIAN_POINT ( 'NONE',  ( -2.263489784646151026, -6.023498821658610503, 2.263489784646150582 ) ) ;
#4056 = CARTESIAN_POINT ( 'NONE',  ( 0.000000000000000000, 7.245200206706154944, 2.655530028493292608E-15 ) ) ;
#4057 = CARTESIAN_POINT ( 'NONE',  ( 3.103776263492488585, -4.558799554091166328, 1.285626222910280392 ) ) ;
#4058 = PLANE ( 'NONE',  #369 ) ;
#4059 = CARTESIAN_POINT ( 'NONE',  ( 1.411755212671682136, -5.332602760323558400, 3.718568000480005242 ) ) ;
#4060 = CARTESIAN_POINT ( 'NONE',  ( 3.557569196953426882, -2.650184155027714095, -1.771110663481962888 ) ) ;
#4061 = CARTESIAN_POINT ( 'NONE',  ( -2.048681057541215544, -3.568115686913876150, -3.408701910573092242 ) ) ;
#4062 = CARTESIAN_POINT ( 'NONE',  ( 0.9876663041284685640, -6.509895964694900172, 3.853281780773560872 ) ) ;
#4063 = CARTESIAN_POINT ( 'NONE',  ( 1.325921617552763498, -3.064976094385888139, -3.201057951739540552 ) ) ;
#4064 = CARTESIAN_POINT ( 'NONE',  ( 2.415825732388245495, -4.241917816208959913, 3.061092509870750877 ) ) ;
#4065 = CARTESIAN_POINT ( 'NONE',  ( 3.902604207389996027, -4.072571517937395136, 0.7466591167521327010 ) ) ;
#4066 = VERTEX_POINT ( 'NONE', #258 ) ;
#4067 = CARTESIAN_POINT ( 'NONE',  ( 2.249999999999999556, 0.4738549290423901272, 3.897114317029974462 ) ) ;
#4068 = CARTESIAN_POINT ( 'NONE',  ( 3.894798628475361291, -4.995840500383749827, -0.3860251734283302039 ) ) ;
#4069 = CARTESIAN_POINT ( 'NONE',  ( 3.623657237475416792, -2.775244712023417826, 1.477053094003772271 ) ) ;
#4070 = CARTESIAN_POINT ( 'NONE',  ( 3.201057951739542329, -5.801501178341397669, 0.000000000000000000 ) ) ;
#4071 = CARTESIAN_POINT ( 'NONE',  ( 3.201057951739541885, -5.662703367113155473, 1.325921617552761278 ) ) ;
#4072 = CARTESIAN_POINT ( 'NONE',  ( 3.375613978163525264, -3.787089387039287658, -2.097213559982121556 ) ) ;
#4073 = CARTESIAN_POINT ( 'NONE',  ( 3.801135462261460152, -6.211181359472702113, 0.9296901364002240209 ) ) ;
#4074 = FACE_BOUND ( 'NONE', #4734, .T. ) ;
#4075 = CONICAL_SURFACE ( 'NONE', #2195, 4.499999999999999112, 1.396263401595466691 ) ;
#4076 = CARTESIAN_POINT ( 'NONE',  ( 1.922973656914969798, -2.996771050329968045, 3.481991500731334455 ) ) ;
#4077 = CARTESIAN_POINT ( 'NONE',  ( 1.960082687241506503E-16, -7.821955723795940507, -3.201057951739542329 ) ) ;
#4078 = CARTESIAN_POINT ( 'NONE',  ( 3.215055021986716444, -6.497287149573277354, 2.207334026887258105 ) ) ;
#4079 = DIRECTION ( 'NONE',  ( 0.000000000000000000, 0.000000000000000000, -1.000000000000000000 ) ) ;
#4080 = CARTESIAN_POINT ( 'NONE',  ( 1.960082687241506503E-16, -4.147362458022250564, -3.201057951739542329 ) ) ;
#4081 = CARTESIAN_POINT ( 'NONE',  ( 0.000000000000000000, -1.999999999999999112, 1.734723475976807094E-15 ) ) ;
#4082 = CARTESIAN_POINT ( 'NONE',  ( -1.285626222910279948, -4.847435917727528576, 3.103776263492488585 ) ) ;
#4083 = AXIS2_PLACEMENT_3D ( 'NONE', #1824, #617, #690 ) ;
#4084 = CARTESIAN_POINT ( 'NONE',  ( 3.980102097228899711E-16, 5.722886414021192358, 3.250000000000003553 ) ) ;
#4085 = ADVANCED_FACE ( 'NONE', ( #4335 ), #3254, .T. ) ;
#4086 = CARTESIAN_POINT ( 'NONE',  ( 3.902885713058103168, -5.145352316365315204, 0.7670028520810112660 ) ) ;
#4087 = CARTESIAN_POINT ( 'NONE',  ( 1.869533333371001582, -2.537259729876659708, -3.506807838219676565 ) ) ;
#4088 = CARTESIAN_POINT ( 'NONE',  ( -0.5844202507588452944, -3.641941330470095828, -3.933823507676843523 ) ) ;
#4089 = CARTESIAN_POINT ( 'NONE',  ( 2.989013403212341657, -6.297439894975099151, 2.526656996037410785 ) ) ;
#4090 = ORIENTED_EDGE ( 'NONE', *, *, #3372, .T. ) ;
#4091 = CARTESIAN_POINT ( 'NONE',  ( 2.969171774143096965, -2.408189102671602466, 1.196156756460828419 ) ) ;
#4092 = CARTESIAN_POINT ( 'NONE',  ( -3.477468845785781415, -3.586230361568909508, -1.764467209210234033 ) ) ;
#4093 = EDGE_CURVE ( 'NONE', #4185, #3006, #2169, .T. ) ;
#4094 = CARTESIAN_POINT ( 'NONE',  ( 3.977416415328889343, -3.954056526803507055, -0.04697402300606592918 ) ) ;
#4095 = CARTESIAN_POINT ( 'NONE',  ( 0.7500000000000007772, 0.4274562965667574321, 4.763139720814415057 ) ) ;
#4096 = CARTESIAN_POINT ( 'NONE',  ( 3.310538470351232387, -5.220940268019107044, 2.205440875555477298 ) ) ;
#4097 = CARTESIAN_POINT ( 'NONE',  ( 4.260753523247610204E-16, 0.9662187481069705042, 3.479169280656360108 ) ) ;
#4098 = CARTESIAN_POINT ( 'NONE',  ( -3.201057951739542329, -5.224228451068671397, -3.920165374483013007E-16 ) ) ;
#4099 = CARTESIAN_POINT ( 'NONE',  ( -2.904346580471598660, -0.9335227272727394388, 2.904346580471597772 ) ) ;
#4100 = CARTESIAN_POINT ( 'NONE',  ( 1.529607833561685171, -3.741521477509638149, -3.672111790628234118 ) ) ;
#4101 = CARTESIAN_POINT ( 'NONE',  ( -0.7550380854139896458, -5.336768086261102439, 3.839692894077664231 ) ) ;
#4102 = CARTESIAN_POINT ( 'NONE',  ( -3.182440762449153748, -2.011892535936825599, 2.278195778645782710 ) ) ;
#4103 = CARTESIAN_POINT ( 'NONE',  ( 1.434749406060159993, -3.022345375207322604, 3.709930814549346589 ) ) ;
#4104 = CARTESIAN_POINT ( 'NONE',  ( -2.263489784646150582, -1.904910269250495336, -2.263489784646150582 ) ) ;
#4105 = CARTESIAN_POINT ( 'NONE',  ( 3.117041180282129176, -6.388992742257469715, 2.471024942078947184 ) ) ;
#4106 = CARTESIAN_POINT ( 'NONE',  ( 0.000000000000000000, 6.000000000000007994, -1.836970198721030920E-16 ) ) ;
#4107 = CARTESIAN_POINT ( 'NONE',  ( 3.201057951739542773, -3.209294276204070151, -1.325921617552759058 ) ) ;
#4108 = CARTESIAN_POINT ( 'NONE',  ( -1.425561087124727289, -6.871580531153304250, -3.460250588657564741 ) ) ;
#4109 = ADVANCED_FACE ( 'NONE', ( #991 ), #158, .T. ) ;
#4110 = ORIENTED_EDGE ( 'NONE', *, *, #973, .T. ) ;
#4111 = CARTESIAN_POINT ( 'NONE',  ( -4.860316984116058095E-16, -2.000000000000000000, 3.968749999999998224 ) ) ;
#4112 = EDGE_CURVE ( 'NONE', #1438, #730, #62, .T. ) ;
#4113 = CARTESIAN_POINT ( 'NONE',  ( 3.665088558138523300, -5.266082640609044851, 1.535003984970385593 ) ) ;
#4114 = CARTESIAN_POINT ( 'NONE',  ( 3.768570341347830421, -2.743544598929827494, -1.273339654322639625 ) ) ;
#4115 = CARTESIAN_POINT ( 'NONE',  ( -1.269213646571770493, -4.304837250749901756, 3.769259649755973385 ) ) ;
#4116 = CARTESIAN_POINT ( 'NONE',  ( 1.252559173371783352, -6.496858095988869763, 3.775645952496468283 ) ) ;
#4117 = FACE_OUTER_BOUND ( 'NONE', #2803, .T. ) ;
#4118 = CARTESIAN_POINT ( 'NONE',  ( -3.679552849562306882, -3.561290725026611259, -1.291132624904476778 ) ) ;
#4119 = CARTESIAN_POINT ( 'NONE',  ( 3.563354468017558396, -4.040901876400927684, 1.767676526893344535 ) ) ;
#4120 = CARTESIAN_POINT ( 'NONE',  ( 0.000000000000000000, 0.4738549290423901272, 1.734723475976807094E-15 ) ) ;
#4121 = CARTESIAN_POINT ( 'NONE',  ( 3.951477117336254619, -5.063388998581703326, 0.4242340390849721476 ) ) ;
#4122 = CARTESIAN_POINT ( 'NONE',  ( 3.455572678226489295E-16, 7.245200206706154056, 2.393378451047916133 ) ) ;
#4123 = CARTESIAN_POINT ( 'NONE',  ( -3.201057951739542773, -6.306614814705033822, 1.325921617552758169 ) ) ;
#4124 = CARTESIAN_POINT ( 'NONE',  ( 3.201057951739542773, -7.827476094385879435, -1.325921617552759058 ) ) ;
#4125 = CARTESIAN_POINT ( 'NONE',  ( 3.084146201954727662, -4.016110008800063191, 2.506227359210216221 ) ) ;
#4126 = CARTESIAN_POINT ( 'NONE',  ( 2.061725830787940250, -5.981830091751164424, -3.326065420777697845 ) ) ;
#4127 = AXIS2_PLACEMENT_3D ( 'NONE', #4056, #3639, #4504 ) ;
#4128 = CARTESIAN_POINT ( 'NONE',  ( -1.201760973578883673, -3.146000417606102051, 3.791642867595861333 ) ) ;
#4129 = CARTESIAN_POINT ( 'NONE',  ( 1.888362765879643135, -6.462270486318101526, 3.500914299228557347 ) ) ;
#4130 = CARTESIAN_POINT ( 'NONE',  ( -1.297736041868148726, -6.765251262145277167, 3.621329603364506600 ) ) ;
#4131 = CARTESIAN_POINT ( 'NONE',  ( -2.263489784646151026, -7.178044276204063046, 2.263489784646150582 ) ) ;
#4132 = CARTESIAN_POINT ( 'NONE',  ( -3.840017825451358835, -6.707232572532708659, 0.7164629910645545774 ) ) ;
#4133 = EDGE_LOOP ( 'NONE', ( #3325, #1380, #3037 ) ) ;
#4134 = DIRECTION ( 'NONE',  ( -0.000000000000000000, 1.000000000000000000, -0.000000000000000000 ) ) ;
#4135 = CARTESIAN_POINT ( 'NONE',  ( 3.121748300206356852, -5.316540198104544146, 2.458198161402231019 ) ) ;
#4136 = CARTESIAN_POINT ( 'NONE',  ( -0.6586237052973812345, -3.121448583946195843, 3.922948840556927497 ) ) ;
#4137 = CARTESIAN_POINT ( 'NONE',  ( -0.4011574959491090442, -2.495857250726343235, -3.956727009788731486 ) ) ;
#4138 = CARTESIAN_POINT ( 'NONE',  ( 3.497852475327107413, -6.290450610537130061, 1.886719897553349901 ) ) ;
#4139 = CARTESIAN_POINT ( 'NONE',  ( -2.263489784646150138, -4.868953367113157960, 2.263489784646151026 ) ) ;
#4140 = CARTESIAN_POINT ( 'NONE',  ( 0.3033488792433630676, -3.197279574916947809, 3.887650969657531430 ) ) ;
#4141 = CARTESIAN_POINT ( 'NONE',  ( 0.3862672735503218657, -4.310122822489961258, 3.954714770509986987 ) ) ;
#4142 = CARTESIAN_POINT ( 'NONE',  ( 2.090302989043240078, -6.079713736813865843, -3.383483984933763011 ) ) ;
#4143 = CARTESIAN_POINT ( 'NONE',  ( 3.254608606477268573, -5.122246972226315087, 2.173910555880045781 ) ) ;
#4144 = DIRECTION ( 'NONE',  ( 0.000000000000000000, 1.000000000000000000, 3.921717058577609625E-16 ) ) ;
#4145 = CARTESIAN_POINT ( 'NONE',  ( -2.263489784646151026, -5.079910269250490273, 2.263489784646150582 ) ) ;
#4146 = CARTESIAN_POINT ( 'NONE',  ( 1.960082687241506503E-16, -5.301907912567701331, -3.201057951739542329 ) ) ;
#4147 = ADVANCED_FACE ( 'NONE', ( #2858 ), #4075, .T. ) ;
#4148 = CARTESIAN_POINT ( 'NONE',  ( 2.638116706154043811, -3.706495573799739152, -2.891093235197932820 ) ) ;
#4149 = CARTESIAN_POINT ( 'NONE',  ( 1.040104917273385610, -5.253030805551789584, 3.772371142059688598 ) ) ;
#4150 = CC_DESIGN_SECURITY_CLASSIFICATION ( #1410, ( #1651 ) ) ;
#4151 = CARTESIAN_POINT ( 'NONE',  ( -3.450346917677313829, -3.282375810094257940, 1.978941270535888863 ) ) ;
#4152 = EDGE_CURVE ( 'NONE', #3422, #928, #3685, .T. ) ;
#4153 = CARTESIAN_POINT ( 'NONE',  ( -2.877935831287297574, -7.456404585667239182, -1.274388553101169164 ) ) ;
#4154 = CARTESIAN_POINT ( 'NONE',  ( -2.908024219059098581, -7.401782957351366043, -1.337971282113586735 ) ) ;
#4155 = CARTESIAN_POINT ( 'NONE',  ( -3.201057951739542773, -6.239976094385882632, -1.325921617552759280 ) ) ;
#4156 = CARTESIAN_POINT ( 'NONE',  ( 4.107366323934854790, -4.036363636363643259, 1.701326837008343640 ) ) ;
#4157 = ORIENTED_EDGE ( 'NONE', *, *, #3518, .F. ) ;
#4158 = CIRCLE ( 'NONE', #2895, 1.957629832425594740 ) ;
#4159 = CARTESIAN_POINT ( 'NONE',  ( -0.1211588508092989458, -2.061928907446847425, 3.897974582368456620 ) ) ;
#4160 = CARTESIAN_POINT ( 'NONE',  ( -1.220029285170801892, -5.538758358615168298, 3.781541718147741982 ) ) ;
#4161 = CARTESIAN_POINT ( 'NONE',  ( 2.085029498612350984, -2.988848570657405723, 3.386768486228622255 ) ) ;
#4162 = CARTESIAN_POINT ( 'NONE',  ( -2.799245903880668518, -6.698645570409525796, 2.826218500023247593 ) ) ;
#4163 = ORIENTED_EDGE ( 'NONE', *, *, #760, .T. ) ;
#4164 = CARTESIAN_POINT ( 'NONE',  ( 1.963834283891664700, -5.422409029472102127, 3.368848089700959392 ) ) ;
#4165 = CARTESIAN_POINT ( 'NONE',  ( 3.842182178626004863, -4.085358686341503898, 1.012623584020965195 ) ) ;
#4166 = CARTESIAN_POINT ( 'NONE',  ( 1.861381733425745200, -6.067282567710107877, -3.514486988254861721 ) ) ;
#4167 = CARTESIAN_POINT ( 'NONE',  ( 2.149766529391801129, -5.295133683087532184, 3.347140325123873161 ) ) ;
#4168 = DIRECTION ( 'NONE',  ( 0.000000000000000000, 0.000000000000000000, 1.000000000000000000 ) ) ;
#4169 = CARTESIAN_POINT ( 'NONE',  ( 3.201057951739542773, -6.883887541977759206, -1.325921617552759058 ) ) ;
#4170 = ORIENTED_EDGE ( 'NONE', *, *, #398, .F. ) ;
#4171 = CARTESIAN_POINT ( 'NONE',  ( -1.325921617552760834, -7.105885185294972040, 3.201057951739541885 ) ) ;
#4172 = CARTESIAN_POINT ( 'NONE',  ( 2.713220260805312645, -4.040326463132680068, 2.903716402198924573 ) ) ;
#4173 = CARTESIAN_POINT ( 'NONE',  ( -3.474331875323089402, -4.524253454541511843, -1.800505614865372861 ) ) ;
#4174 = CARTESIAN_POINT ( 'NONE',  ( 1.285626222910279060, -3.548572281363894465, 3.103776263492488585 ) ) ;
#4175 = EDGE_CURVE ( 'NONE', #1588, #2325, #1711, .T. ) ;
#4176 = CARTESIAN_POINT ( 'NONE',  ( -3.653951465696695156, -3.564976580240772464, -1.362851944015156302 ) ) ;
#4177 = CARTESIAN_POINT ( 'NONE',  ( -2.832193795691696714, -7.424911046966978567, -1.441502066563465689 ) ) ;
#4178 = CARTESIAN_POINT ( 'NONE',  ( 0.000000000000000000, 7.500000000000000000, 2.941287793933206948E-15 ) ) ;
#4179 = CARTESIAN_POINT ( 'NONE',  ( -3.201057951739542773, -2.632021548931342991, 1.325921617552758169 ) ) ;
#4180 = CARTESIAN_POINT ( 'NONE',  ( -4.107366323934855679, -2.232386363636372995, -5.030073021532451998E-16 ) ) ;
#4181 = CARTESIAN_POINT ( 'NONE',  ( -2.912458911129500283, -2.210828285083278999, 2.593749234315477104 ) ) ;
#4182 = CARTESIAN_POINT ( 'NONE',  ( -2.995105420411930730, -5.638064655969261096, 2.611220447324901883 ) ) ;
#4183 = CARTESIAN_POINT ( 'NONE',  ( 2.707188037732359387, -2.953142556735797619, 2.913376545237868154 ) ) ;
#4184 = CARTESIAN_POINT ( 'NONE',  ( -2.597500528800835706, -6.619235786136592914, 3.007883121354804956 ) ) ;
#4185 = VERTEX_POINT ( 'NONE', #234 ) ;
#4186 = CARTESIAN_POINT ( 'NONE',  ( 0.000000000000000000, 0.000000000000000000, 0.000000000000000000 ) ) ;
#4187 = CARTESIAN_POINT ( 'NONE',  ( -2.088323451558484756, -4.838162153622942441, -3.293348139875056368 ) ) ;
#4188 = CARTESIAN_POINT ( 'NONE',  ( -3.160957056252587272, -4.412537501409182106, 2.414711510809309569 ) ) ;
#4189 = CARTESIAN_POINT ( 'NONE',  ( -2.928128609655925363, -5.825561313885025072, -2.691486681242397871 ) ) ;
#4190 = CARTESIAN_POINT ( 'NONE',  ( -2.463164731164188659, -5.456772373998123982, 3.118612957973961208 ) ) ;
#4191 = CARTESIAN_POINT ( 'NONE',  ( 1.960082687241506503E-16, -2.049228451068676460, -3.201057951739542329 ) ) ;
#4192 = CARTESIAN_POINT ( 'NONE',  ( -2.263489784646151026, -2.559862458022252429, 2.263489784646150582 ) ) ;
#4193 = CARTESIAN_POINT ( 'NONE',  ( -2.263489784646151026, -5.079910269250490273, 2.263489784646150582 ) ) ;
#4194 = CARTESIAN_POINT ( 'NONE',  ( -3.611781198899502332, -4.363293384179642409, 1.507665515916102983 ) ) ;
#4195 = CARTESIAN_POINT ( 'NONE',  ( -3.345769853323959708, -4.536845394367320594, -2.029479557181161908 ) ) ;
#4196 = CARTESIAN_POINT ( 'NONE',  ( 1.900514833177804041E-16, -6.616768627727026342, -3.103776263492489917 ) ) ;
#4197 = CARTESIAN_POINT ( 'NONE',  ( -3.808788274469868451, -3.513930164489692309, -1.131785688089638420 ) ) ;
#4198 = DIRECTION ( 'NONE',  ( 0.000000000000000000, 1.000000000000000000, 0.000000000000000000 ) ) ;
#4199 =( BOUNDED_SURFACE ( )  B_SPLINE_SURFACE ( 1, 2, ( 
 ( #3742, #4452, #1085, #722, #2975, #2246, #2220, #353, #1880, #4854, #3344, #1488, #4479, #1976, #3492, #4601, #793, #1950, #36, #3468, #2680, #2290, #58, #3442, #2653, #864, #1535, #4627, #130, #2700, #3855, #3022, #1240, #2362, #3045, #1632, #3095, #1165, #2724, #4552, #1193, #4530, #79, #474, #4577, #107, #4227, #4156, #3783, #1607, #2335, #403, #814, #423, #2749, #2312, #3119, #2000, #1264, #4254, #2269, #1924, #1213, #499, #3807, #3762, #1902, #4202, #3393, #3413, #841, #1560, #4180, #449, #1581, #3072, #3831, #1656, #1289, #891, #3881, #2776, #2385, #3516, #523, #153, #2024, #3142, #4651, #3798, #4099, #3406, #2304, #1452, #3776, #2569, #1158 ),
 ( #2261, #4124, #1504, #2992, #1103, #4819, #1871, #763, #4441, #1076, #4470, #4171, #3362, #2593, #2943, #3307, #2211, #29, #1, #1528, #4496, #344, #2237, #3387, #3015, #1132, #3755, #2966, #2620, #1478, #395, #4071, #1894, #4520, #1845, #2646, #4146, #3333, #739, #3038, #711, #3731, #3707, #806, #438, #4845, #785, #372, #2282, #416, #1917, #50, #1553, #4544, #2672, #1182, #1671, #1304, #4271, #1205, #4245, #2014, #120, #465, #512, #2792, #144, #4666, #71, #905, #1572, #4294, #4618, #930, #4192, #830, #3085, #171, #3062, #2352, #2424, #2038, #3919, #2326, #1942, #4218, #4642, #3434, #1280, #3898, #1989, #3822, #3846, #2401, #4568, #540, #1596 ) ),
 .UNSPECIFIED., .F., .F., .F. ) 
 B_SPLINE_SURFACE_WITH_KNOTS ( ( 2, 2 ),
 ( 3, 2, 2, 2, 2, 2, 2, 2, 2, 2, 2, 2, 2, 2, 2, 2, 2, 2, 2, 2, 2, 2, 2, 2, 2, 2, 2, 2, 2, 2, 2, 2, 2, 2, 2, 2, 2, 2, 2, 2, 2, 2, 2, 2, 2, 2, 2, 2, 3 ),
 ( 0.000000000000000000, 1.000000000000000000 ),
 ( 0.000000000000000000, 0.02083333333333333218, 0.04166666666666666435, 0.06250000000000000000, 0.08333333333333332871, 0.1041666666666666713, 0.1250000000000000000, 0.1458333333333333426, 0.1666666666666666574, 0.1875000000000000000, 0.2083333333333333426, 0.2291666666666666574, 0.2500000000000000000, 0.2708333333333333148, 0.2916666666666666852, 0.3125000000000000000, 0.3333333333333333148, 0.3541666666666666852, 0.3750000000000000000, 0.3958333333333333148, 0.4166666666666666852, 0.4375000000000000000, 0.4583333333333333148, 0.4791666666666666852, 0.5000000000000000000, 0.5208333333333333703, 0.5416666666666666297, 0.5625000000000000000, 0.5833333333333333703, 0.6041666666666666297, 0.6250000000000000000, 0.6458333333333333703, 0.6666666666666666297, 0.6875000000000000000, 0.7083333333333333703, 0.7291666666666666297, 0.7500000000000000000, 0.7708333333333333703, 0.7916666666666666297, 0.8125000000000000000, 0.8333333333333333703, 0.8541666666666666297, 0.8750000000000000000, 0.8958333333333333703, 0.9166666666666666297, 0.9375000000000000000, 0.9583333333333333703, 0.9791666666666666297, 1.000000000000000000 ),
 .UNSPECIFIED. ) 
 GEOMETRIC_REPRESENTATION_ITEM ( )  RATIONAL_B_SPLINE_SURFACE ( (
 ( 1.000000000000000000, 0.9238795325112867385, 1.000000000000000000, 0.9238795325112867385, 1.000000000000000000, 0.9238795325112867385, 1.000000000000000000, 0.9238795325112867385, 1.000000000000000000, 0.9238795325112867385, 1.000000000000000000, 0.9238795325112867385, 1.000000000000000000, 0.9238795325112867385, 1.000000000000000000, 0.9238795325112867385, 1.000000000000000000, 0.9238795325112867385, 1.000000000000000000, 0.9238795325112867385, 1.000000000000000000, 0.9238795325112867385, 1.000000000000000000, 0.9238795325112867385, 1.000000000000000000, 0.9238795325112867385, 1.000000000000000000, 0.9238795325112867385, 1.000000000000000000, 0.9238795325112867385, 1.000000000000000000, 0.9238795325112867385, 1.000000000000000000, 0.9238795325112867385, 1.000000000000000000, 0.9238795325112867385, 1.000000000000000000, 0.9238795325112867385, 1.000000000000000000, 0.9238795325112867385, 1.000000000000000000, 0.9238795325112867385, 1.000000000000000000, 0.9238795325112867385, 1.000000000000000000, 0.9238795325112867385, 1.000000000000000000, 0.9238795325112867385, 1.000000000000000000, 0.9238795325112867385, 1.000000000000000000, 0.9238795325112867385, 1.000000000000000000, 0.9238795325112867385, 1.000000000000000000, 0.9238795325112867385, 1.000000000000000000, 0.9238795325112867385, 1.000000000000000000, 0.9238795325112867385, 1.000000000000000000, 0.9238795325112867385, 1.000000000000000000, 0.9238795325112867385, 1.000000000000000000, 0.9238795325112867385, 1.000000000000000000, 0.9238795325112867385, 1.000000000000000000, 0.9238795325112867385, 1.000000000000000000, 0.9238795325112867385, 1.000000000000000000, 0.9238795325112867385, 1.000000000000000000, 0.9238795325112867385, 1.000000000000000000, 0.9238795325112867385, 1.000000000000000000, 0.9238795325112867385, 1.000000000000000000, 0.9238795325112867385, 1.000000000000000000, 0.9238795325112867385, 1.000000000000000000, 0.9238795325112867385, 1.000000000000000000, 0.9238795325112867385, 1.000000000000000000, 0.9238795325112867385, 1.000000000000000000, 0.9238795325112867385, 1.000000000000000000, 0.9238795325112867385, 1.000000000000000000, 0.9238795325112867385, 1.000000000000000000),
 ( 1.000000000000000000, 0.9238795325112867385, 1.000000000000000000, 0.9238795325112867385, 1.000000000000000000, 0.9238795325112867385, 1.000000000000000000, 0.9238795325112867385, 1.000000000000000000, 0.9238795325112867385, 1.000000000000000000, 0.9238795325112867385, 1.000000000000000000, 0.9238795325112867385, 1.000000000000000000, 0.9238795325112867385, 1.000000000000000000, 0.9238795325112867385, 1.000000000000000000, 0.9238795325112867385, 1.000000000000000000, 0.9238795325112867385, 1.000000000000000000, 0.9238795325112867385, 1.000000000000000000, 0.9238795325112867385, 1.000000000000000000, 0.9238795325112867385, 1.000000000000000000, 0.9238795325112867385, 1.000000000000000000, 0.9238795325112867385, 1.000000000000000000, 0.9238795325112867385, 1.000000000000000000, 0.9238795325112867385, 1.000000000000000000, 0.9238795325112867385, 1.000000000000000000, 0.9238795325112867385, 1.000000000000000000, 0.9238795325112867385, 1.000000000000000000, 0.9238795325112867385, 1.000000000000000000, 0.9238795325112867385, 1.000000000000000000, 0.9238795325112867385, 1.000000000000000000, 0.9238795325112867385, 1.000000000000000000, 0.9238795325112867385, 1.000000000000000000, 0.9238795325112867385, 1.000000000000000000, 0.9238795325112867385, 1.000000000000000000, 0.9238795325112867385, 1.000000000000000000, 0.9238795325112867385, 1.000000000000000000, 0.9238795325112867385, 1.000000000000000000, 0.9238795325112867385, 1.000000000000000000, 0.9238795325112867385, 1.000000000000000000, 0.9238795325112867385, 1.000000000000000000, 0.9238795325112867385, 1.000000000000000000, 0.9238795325112867385, 1.000000000000000000, 0.9238795325112867385, 1.000000000000000000, 0.9238795325112867385, 1.000000000000000000, 0.9238795325112867385, 1.000000000000000000, 0.9238795325112867385, 1.000000000000000000, 0.9238795325112867385, 1.000000000000000000, 0.9238795325112867385, 1.000000000000000000, 0.9238795325112867385, 1.000000000000000000, 0.9238795325112867385, 1.000000000000000000, 0.9238795325112867385, 1.000000000000000000, 0.9238795325112867385, 1.000000000000000000, 0.9238795325112867385, 1.000000000000000000, 0.9238795325112867385, 1.000000000000000000) ) ) 
 REPRESENTATION_ITEM ( '' )  SURFACE ( )  );
#4200 = CARTESIAN_POINT ( 'NONE',  ( -1.979880680438756313, -6.847649027711897318, 3.201861069988572783 ) ) ;
#4201 = CARTESIAN_POINT ( 'NONE',  ( 1.325921617552759946, -1.188839730749527313, 3.201057951739542329 ) ) ;
#4202 = CARTESIAN_POINT ( 'NONE',  ( 1.701326837008340975, -2.593181818181826692, -4.107366323934855679 ) ) ;
#4203 = EDGE_LOOP ( 'NONE', ( #3394, #3228 ) ) ;
#4204 = CIRCLE ( 'NONE', #4363, 1.957629832425594740 ) ;
#4205 = CONICAL_SURFACE ( 'NONE', #2091, 3.968750000000000000, 1.082104136236486269 ) ;
#4206 = CARTESIAN_POINT ( 'NONE',  ( -1.650381789606073291, -2.136901168252117067, 3.533532388292652815 ) ) ;
#4207 = CARTESIAN_POINT ( 'NONE',  ( -3.000729328533283446, -5.555552815878129991, 2.611137423384310097 ) ) ;
#4208 = EDGE_CURVE ( 'NONE', #4602, #941, #4579, .T. ) ;
#4209 = CARTESIAN_POINT ( 'NONE',  ( -3.813964160952608928, -2.277339755338878557, -1.127288382492142027 ) ) ;
#4210 = DIRECTION ( 'NONE',  ( 0.000000000000000000, 1.000000000000000000, 0.000000000000000000 ) ) ;
#4211 = ORIENTED_EDGE ( 'NONE', *, *, #3334, .T. ) ;
#4212 = CARTESIAN_POINT ( 'NONE',  ( -2.171843371089600350, -4.474802557198034769, 3.238846245918912459 ) ) ;
#4213 = CARTESIAN_POINT ( 'NONE',  ( -3.095666933630805584, -4.533152977889477242, 2.372107517369060670 ) ) ;
#4214 = CARTESIAN_POINT ( 'NONE',  ( -3.817152600809807339, -5.740439367350345989, -1.116381529252366667 ) ) ;
#4215 = CARTESIAN_POINT ( 'NONE',  ( -3.966913537465744266, -5.632423374283028750, -0.2413332441462077704 ) ) ;
#4216 = EDGE_CURVE ( 'NONE', #4578, #1932, #4318, .T. ) ;
#4217 = CARTESIAN_POINT ( 'NONE',  ( -1.325921617552760834, -2.698660269250494625, 3.201057951739541885 ) ) ;
#4218 = CARTESIAN_POINT ( 'NONE',  ( -1.325921617552758836, -1.766112458022254028, -3.201057951739542773 ) ) ;
#4219 = CARTESIAN_POINT ( 'NONE',  ( -3.201057951739542329, -4.069682996523218854, -3.920165374483013007E-16 ) ) ;
#4220 = CARTESIAN_POINT ( 'NONE',  ( -3.553901860993190720, -4.448898480432331937, 1.787293374148854808 ) ) ;
#4221 = CARTESIAN_POINT ( 'NONE',  ( -3.050182182292052957, -4.561133463983638947, -2.451402701255597893 ) ) ;
#4222 = CARTESIAN_POINT ( 'NONE',  ( 3.103776263492488585, -6.833245900454298472, -1.285626222910278171 ) ) ;
#4223 = CARTESIAN_POINT ( 'NONE',  ( -0.9170808401051168124, -3.253847327584487026, 3.790596777075541546 ) ) ;
#4224 = CARTESIAN_POINT ( 'NONE',  ( 2.795754135386989248, -2.846525019419233082, 2.739327347198015961 ) ) ;
#4225 = DIRECTION ( 'NONE',  ( 0.000000000000000000, 0.000000000000000000, 1.000000000000000000 ) ) ;
#4226 = CARTESIAN_POINT ( 'NONE',  ( 0.5436300382887796490, -2.240713170551282829, -3.484758875224304830 ) ) ;
#4227 = CARTESIAN_POINT ( 'NONE',  ( 2.904346580471597328, -4.108522727272733377, 2.904346580471598660 ) ) ;
#4228 = ORIENTED_EDGE ( 'NONE', *, *, #366, .F. ) ;
#4229 = CARTESIAN_POINT ( 'NONE',  ( -3.949852288031884040, -2.203167076913579159, 0.4698033174738401319 ) ) ;
#4230 = CARTESIAN_POINT ( 'NONE',  ( -3.963705615281397865, -2.145503405573902622, 0.2872388851122903430 ) ) ;
#4231 = CARTESIAN_POINT ( 'NONE',  ( -2.564059692276739799, -5.652471528409237500, 2.938651980938254749 ) ) ;
#4232 = APPROVAL_PERSON_ORGANIZATION ( #89, #4519, #3791 ) ;
#4233 = CARTESIAN_POINT ( 'NONE',  ( 3.924410143123215899, -2.773222132605957846, -0.6445353688295385464 ) ) ;
#4234 = CARTESIAN_POINT ( 'NONE',  ( -0.3691927539011471415, -6.571686298353005107, 3.960858806594619086 ) ) ;
#4235 = ORIENTED_EDGE ( 'NONE', *, *, #2139, .F. ) ;
#4236 = APPROVAL_DATE_TIME ( #2317, #1336 ) ;
#4237 = ADVANCED_FACE ( 'NONE', ( #4748 ), #3673, .T. ) ;
#4238 = CARTESIAN_POINT ( 'NONE',  ( 1.040388250444169271, -4.316431216973882101, 3.758338702752892058 ) ) ;
#4239 = CARTESIAN_POINT ( 'NONE',  ( -2.349451086737678107, -4.485091075208887723, 3.112799261455283517 ) ) ;
#4240 = CARTESIAN_POINT ( 'NONE',  ( 3.229407199239540116, -6.150624185600256588, -2.321109981202506223 ) ) ;
#4241 = CARTESIAN_POINT ( 'NONE',  ( -3.931561084370651660, -5.595716628493375033, 0.5794160892628607007 ) ) ;
#4242 = EDGE_LOOP ( 'NONE', ( #3808, #108, #3029 ) ) ;
#4243 = CARTESIAN_POINT ( 'NONE',  ( 3.201057951739542329, -2.337864814705039596, 0.000000000000000000 ) ) ;
#4244 = CIRCLE ( 'NONE', #323, 0.5000000000000000000 ) ;
#4245 = CARTESIAN_POINT ( 'NONE',  ( -5.880248061724518771E-16, -3.570089730749523849, 3.201057951739542329 ) ) ;
#4246 = CARTESIAN_POINT ( 'NONE',  ( 2.263489784646150138, -1.327637541977768620, 2.263489784646151026 ) ) ;
#4247 = CARTESIAN_POINT ( 'NONE',  ( -2.094949469060583436, -4.348893001633394206, 3.381445323811229198 ) ) ;
#4248 = CARTESIAN_POINT ( 'NONE',  ( -1.977175161536842696, -4.245301091151713280, 3.376844408270370579 ) ) ;
#4249 = CARTESIAN_POINT ( 'NONE',  ( 1.285626222910279060, -5.967336809545209064, 3.103776263492488585 ) ) ;
#4250 = CARTESIAN_POINT ( 'NONE',  ( 0.01001511216777847303, -3.750273943664961696, -3.973501506873039268 ) ) ;
#4251 = CARTESIAN_POINT ( 'NONE',  ( -3.646524623061340176, -3.213230557046182323, 1.421583196625427981 ) ) ;
#4252 = CARTESIAN_POINT ( 'NONE',  ( -2.866147267574623569, -7.410234704547046469, -1.406873613315910099 ) ) ;
#4253 = CARTESIAN_POINT ( 'NONE',  ( 1.293333597125826406, -2.443132360464953745, 2.872180344704942545 ) ) ;
#4254 = CARTESIAN_POINT ( 'NONE',  ( -1.701326837008342974, -3.170454545454553408, 4.107366323934854790 ) ) ;
#4255 = EDGE_LOOP ( 'NONE', ( #4434, #4521, #4170, #86 ) ) ;
#4256 = CARTESIAN_POINT ( 'NONE',  ( -2.589622156034383504, -2.066433980194441578, 3.019279059737909332 ) ) ;
#4257 = EDGE_CURVE ( 'NONE', #4610, #3084, #4158, .T. ) ;
#4258 = CARTESIAN_POINT ( 'NONE',  ( -1.310992892924695896, -2.385299711766262210, -3.751785400711540319 ) ) ;
#4259 = CARTESIAN_POINT ( 'NONE',  ( -3.457273596232376622, -5.675170638820493885, 1.958297798451546612 ) ) ;
#4260 = DIRECTION ( 'NONE',  ( 0.000000000000000000, 1.000000000000000000, 0.000000000000000000 ) ) ;
#4261 = DIRECTION ( 'NONE',  ( 0.000000000000000000, -1.000000000000000000, -1.015892941693919779E-16 ) ) ;
#4262 = DIRECTION ( 'NONE',  ( 0.000000000000000000, 0.000000000000000000, -1.000000000000000000 ) ) ;
#4263 = PRODUCT_DEFINITION_SHAPE ( 'NONE', 'NONE',  #3068 ) ;
#4264 = PERSON_AND_ORGANIZATION_ROLE ( 'creator' ) ;
#4265 = CARTESIAN_POINT ( 'NONE',  ( -3.575292630548196460, -4.729664262173380429, -1.556801087221453717 ) ) ;
#4266 = CARTESIAN_POINT ( 'NONE',  ( -3.948418051306739063, -4.596062752905425874, 0.4450216416164402555 ) ) ;
#4267 = CARTESIAN_POINT ( 'NONE',  ( -1.096020866777310587, -5.450803466146131981, 3.822969481934624270 ) ) ;
#4268 = CARTESIAN_POINT ( 'NONE',  ( -2.427054504609654551, -5.425582093731915023, 3.070423168969742100 ) ) ;
#4269 = DIRECTION ( 'NONE',  ( 0.000000000000000000, 1.000000000000000000, 3.921717058577609625E-16 ) ) ;
#4270 = B_SPLINE_CURVE_WITH_KNOTS ( 'NONE', 3,
 ( #4549, #2287, #1190, #471, #862, #3069, #2360, #4625, #3828, #3490, #4153, #104, #55, #3853, #2677, #1210, #2383, #4177, #3879, #4252, #1532, #4574 ),
 .UNSPECIFIED., .F., .F.,
 ( 4, 2, 2, 2, 2, 2, 2, 2, 2, 2, 4 ),
 ( 0.000000000000000000, 0.0009757361384199752944, 0.001951472276839950155, 0.002927208415259925124, 0.003415076484469912067, 0.003659010519074906188, 0.003719994027726155044, 0.003750485782051779255, 0.003765731659214591361, 0.003780977536377403466, 0.003902944553679902045 ),
 .UNSPECIFIED. ) ;
#4271 = CARTESIAN_POINT ( 'NONE',  ( -2.263489784646151026, -3.714407912567704972, 2.263489784646150582 ) ) ;
#4272 = CARTESIAN_POINT ( 'NONE',  ( 3.201057951739541885, -1.255478451068678281, 1.325921617552761278 ) ) ;
#4273 = CARTESIAN_POINT ( 'NONE',  ( -1.355263992362021774, -4.309904291413848121, 3.740118669869892276 ) ) ;
#4274 = CARTESIAN_POINT ( 'NONE',  ( 3.475644299940483961, -3.770543038144611891, -1.798196149251891196 ) ) ;
#4275 = CARTESIAN_POINT ( 'NONE',  ( -5.701544499533412370E-16, -7.194041354999751725, 3.103776263492489917 ) ) ;
#4276 = CARTESIAN_POINT ( 'NONE',  ( 2.280195935123153550, -3.863129017507542340, -3.254014141086336576 ) ) ;
#4277 = CARTESIAN_POINT ( 'NONE',  ( 1.458614656414320976, -2.922672885996996595, 3.631960602964440454 ) ) ;
#4278 = CARTESIAN_POINT ( 'NONE',  ( 3.131575549137693315, -7.048282466787791023, -1.697036842376559607 ) ) ;
#4279 = CARTESIAN_POINT ( 'NONE',  ( 2.064430028002073758, -2.437452876821034398, 2.393109548956469101 ) ) ;
#4280 = ORIENTED_EDGE ( 'NONE', *, *, #4208, .F. ) ;
#4281 = CARTESIAN_POINT ( 'NONE',  ( -1.057843074189355859, -2.463884008575876194, -3.834462303480190126 ) ) ;
#4282 = CARTESIAN_POINT ( 'NONE',  ( -2.710623786873885610, -2.376218185205131395, -2.911475167775037676 ) ) ;
#4283 = CARTESIAN_POINT ( 'NONE',  ( 3.814456783024641418, -6.348148673258125818, -0.8120565678645461638 ) ) ;
#4284 = CARTESIAN_POINT ( 'NONE',  ( -1.325921617552759280, -6.595251178341396070, -3.201057951739543217 ) ) ;
#4285 = PLANE ( 'NONE',  #1156 ) ;
#4286 = CARTESIAN_POINT ( 'NONE',  ( -0.7455278760959982431, -6.706372135244551558, 3.824876609847715159 ) ) ;
#4287 = CIRCLE ( 'NONE', #993, 4.499999999999999112 ) ;
#4288 = AXIS2_PLACEMENT_3D ( 'NONE', #4400, #4681, #3638 ) ;
#4289 = CARTESIAN_POINT ( 'NONE',  ( 0.9923914520474054202, -6.627907980505482577, 3.771122041834808147 ) ) ;
#4290 = CARTESIAN_POINT ( 'NONE',  ( -1.908110884299353049, -4.459983785279104218, 3.401253744559424863 ) ) ;
#4291 = CARTESIAN_POINT ( 'NONE',  ( -2.974782546005624084, -4.668023970383647026, -2.639569262323287369 ) ) ;
#4292 = CARTESIAN_POINT ( 'NONE',  ( 3.267335959880874441, -6.086960016851862498, -2.262206753330645359 ) ) ;
#4293 = DIRECTION ( 'NONE',  ( 0.000000000000000000, -3.921717058577609625E-16, 1.000000000000000000 ) ) ;
#4294 = CARTESIAN_POINT ( 'NONE',  ( -3.201057951739542773, -2.776339730749525891, -1.325921617552759280 ) ) ;
#4295 = CARTESIAN_POINT ( 'NONE',  ( 1.701326837008341863, -7.644318181818183788, 4.107366323934854790 ) ) ;
#4296 = CARTESIAN_POINT ( 'NONE',  ( -0.5646087540813641281, -4.271599613360447023, 3.937591089838710534 ) ) ;
#4297 = CARTESIAN_POINT ( 'NONE',  ( -3.420881184065447389, -3.187714958135595911, 1.900034091213980814 ) ) ;
#4298 = EDGE_CURVE ( 'NONE', #865, #2047, #358, .T. ) ;
#4299 = CARTESIAN_POINT ( 'NONE',  ( 3.103776263492488585, -7.987791354999749238, -1.285626222910278171 ) ) ;
#4300 = ADVANCED_FACE ( 'NONE', ( #1619 ), #3054, .T. ) ;
#4301 = CARTESIAN_POINT ( 'NONE',  ( 3.630097214266053474, -3.961542758197371228, -1.615933489160139569 ) ) ;
#4302 = CARTESIAN_POINT ( 'NONE',  ( -1.700977424338376620, -3.173157703643474381, 3.595849399298952420 ) ) ;
#4303 = CARTESIAN_POINT ( 'NONE',  ( 2.648377096117538798, -7.191849919584290873, 2.161901729792198079 ) ) ;
#4304 = CARTESIAN_POINT ( 'NONE',  ( 3.087191685419233167, -2.399935599293140154, 0.9447409596377889240 ) ) ;
#4305 = EDGE_LOOP ( 'NONE', ( #1094, #3839, #3297 ) ) ;
#4306 = EDGE_CURVE ( 'NONE', #941, #4066, #81, .T. ) ;
#4307 = CARTESIAN_POINT ( 'NONE',  ( -2.486816041713321823, -2.470426431026431668, -3.099107633288134878 ) ) ;
#4308 = CARTESIAN_POINT ( 'NONE',  ( -3.887152927441845041, -2.120404461955363473, 0.8267470629029797236 ) ) ;
#4309 = CARTESIAN_POINT ( 'NONE',  ( -0.7616068978592228644, -6.024446324549812992, -3.899706948554789498 ) ) ;
#4310 = CARTESIAN_POINT ( 'NONE',  ( -4.500000000000000888, 0.3511044742336485447, -2.598076211353314680 ) ) ;
#4311 = CARTESIAN_POINT ( 'NONE',  ( 0.3230511432078171374, -2.036034653158870888, 3.887584903417828031 ) ) ;
#4312 = DIRECTION ( 'NONE',  ( 0.000000000000000000, -1.000000000000000000, 0.000000000000000000 ) ) ;
#4313 = CARTESIAN_POINT ( 'NONE',  ( -0.7759495888858750634, -5.556044191286776623, 3.821596868116871715 ) ) ;
#4314 = CARTESIAN_POINT ( 'NONE',  ( -1.539281313874513613, -4.748805514720119803, -3.667617713328253259 ) ) ;
#4315 = CARTESIAN_POINT ( 'NONE',  ( 3.018002060647561713, -4.980417682343390773, -2.590316067193079608 ) ) ;
#4316 = CARTESIAN_POINT ( 'NONE',  ( 0.5553158256376555801, -5.935353185375132234, -3.935239474398224857 ) ) ;
#4317 = CARTESIAN_POINT ( 'NONE',  ( -1.325921617552761722, -5.951339730749520385, 3.201057951739541885 ) ) ;
#4318 = CIRCLE ( 'NONE', #2662, 3.968750000000000000 ) ;
#4319 = CARTESIAN_POINT ( 'NONE',  ( -3.823480954837000567, -2.380585908182600186, -0.7664947563565063238 ) ) ;
#4320 = CARTESIAN_POINT ( 'NONE',  ( 2.904346580471598216, -4.974431818181823672, -2.904346580471597772 ) ) ;
#4321 = CARTESIAN_POINT ( 'NONE',  ( -3.301416762157611373, -4.540920154007443088, -2.102435779483638356 ) ) ;
#4322 = CARTESIAN_POINT ( 'NONE',  ( -0.7920677705809777702, -3.029468919637697599, 3.832129825201489481 ) ) ;
#4323 = CARTESIAN_POINT ( 'NONE',  ( 3.103776263492488585, -4.668473173181574509, 1.285626222910280392 ) ) ;
#4324 = AXIS2_PLACEMENT_3D ( 'NONE', #2006, #3498, #4633 ) ;
#4325 = CARTESIAN_POINT ( 'NONE',  ( 3.562099113803274708, -3.999646538348139657, -1.587819924524455084 ) ) ;
#4326 = CARTESIAN_POINT ( 'NONE',  ( -1.125682966527658424, -3.516952637569377593, -3.748465545497911222 ) ) ;
#4327 = CARTESIAN_POINT ( 'NONE',  ( -1.476997873428348429, -6.527510407742149745, 3.623904254272919179 ) ) ;
#4328 = CARTESIAN_POINT ( 'NONE',  ( 0.000000000000000000, 3.196031326221390856, -2.695916926119901635 ) ) ;
#4329 = ORIENTED_EDGE ( 'NONE', *, *, #1723, .T. ) ;
#4330 = VERTEX_POINT ( 'NONE', #1571 ) ;
#4331 = CARTESIAN_POINT ( 'NONE',  ( 3.557008478037159360, -2.844511523371467288, -1.598879212246938408 ) ) ;
#4332 = CARTESIAN_POINT ( 'NONE',  ( -3.463258559498518352, -2.037382050863228322, 1.823164091706645396 ) ) ;
#4333 = CARTESIAN_POINT ( 'NONE',  ( 1.610553746702130251, -6.053121739882095120, -3.636882570908540835 ) ) ;
#4334 = CARTESIAN_POINT ( 'NONE',  ( -2.492657590970723813, -2.061641640917111218, 3.098913608011428344 ) ) ;
#4335 = FACE_OUTER_BOUND ( 'NONE', #527, .T. ) ;
#4336 = CARTESIAN_POINT ( 'NONE',  ( -2.839863212117639701, -6.649362842509981775, 2.765433001192370455 ) ) ;
#4337 = CARTESIAN_POINT ( 'NONE',  ( -0.6256923460569910889, -6.068494914223630410, -3.848937111663344179 ) ) ;
#4338 = CARTESIAN_POINT ( 'NONE',  ( -1.756551732679786593, -4.856514395587177901, -3.481936365644739073 ) ) ;
#4339 = CARTESIAN_POINT ( 'NONE',  ( 1.310480974333573911, -4.884181617938095243, -3.754953686777825261 ) ) ;
#4340 = CARTESIAN_POINT ( 'NONE',  ( -2.297473687411006438, -5.796327928861840562, -3.242823059621671611 ) ) ;
#4341 = CARTESIAN_POINT ( 'NONE',  ( 3.201057951739543217, -6.672930639840427780, -1.325921617552759502 ) ) ;
#4342 = CARTESIAN_POINT ( 'NONE',  ( 3.879032560499248383, -2.940377888739003076, 0.3990976462720117746 ) ) ;
#4343 = EDGE_LOOP ( 'NONE', ( #3941, #3989 ) ) ;
#4344 = CARTESIAN_POINT ( 'NONE',  ( -4.107366323934855679, -5.696022727272731956, -5.030073021532451998E-16 ) ) ;
#4345 = CARTESIAN_POINT ( 'NONE',  ( -3.931709842723140280, -4.562090832260956574, -0.6044157673997234692 ) ) ;
#4346 = CARTESIAN_POINT ( 'NONE',  ( 3.055558007635127638, -3.733938725359164490, -2.444686133404234241 ) ) ;
#4347 = CARTESIAN_POINT ( 'NONE',  ( -5.701544499533412370E-16, -4.884950445908846639, 3.103776263492489917 ) ) ;
#4348 = CARTESIAN_POINT ( 'NONE',  ( -2.360460512213304884, -3.483638028538067033, -3.197140432175249014 ) ) ;
#4349 = FACE_OUTER_BOUND ( 'NONE', #131, .T. ) ;
#4350 = CARTESIAN_POINT ( 'NONE',  ( 1.499999999999999112, -1.999999999999998668, -4.330127018922192761 ) ) ;
#4351 = CARTESIAN_POINT ( 'NONE',  ( -1.811285192184074688, -2.425476652826121793, -3.541190866362147638 ) ) ;
#4352 = CARTESIAN_POINT ( 'NONE',  ( 3.201057951739542329, -8.110592087432301867, 0.000000000000000000 ) ) ;
#4353 = CARTESIAN_POINT ( 'NONE',  ( 1.326625351443087908, -6.160833296184879515, -3.667356239678369434 ) ) ;
#4354 = CARTESIAN_POINT ( 'NONE',  ( 2.263489784646150138, -7.100364814705031336, 2.263489784646151026 ) ) ;
#4355 = DIRECTION ( 'NONE',  ( 0.000000000000000000, 0.7071067811865489050, 0.7071067811865462405 ) ) ;
#4356 = CARTESIAN_POINT ( 'NONE',  ( -0.6921168619219439933, -6.701320537123301335, 3.840010962895384239 ) ) ;
#4357 = CARTESIAN_POINT ( 'NONE',  ( -1.125825312443495818, -6.043961973063399107, -3.733403672993017341 ) ) ;
#4358 = ADVANCED_FACE ( 'NONE', ( #4617, #4639 ), #1279, .T. ) ;
#4359 = CARTESIAN_POINT ( 'NONE',  ( 3.246032185931277514, -4.996431104400651968, -2.299069067739269112 ) ) ;
#4360 = CARTESIAN_POINT ( 'NONE',  ( 3.853204454088246411, -5.066088278875929163, -0.9846427022530633844 ) ) ;
#4361 = CARTESIAN_POINT ( 'NONE',  ( 2.693281160336487456, -6.018994697380878556, -2.839864074727587173 ) ) ;
#4362 = CARTESIAN_POINT ( 'NONE',  ( -2.390128863976270779, -2.007301469632807311, 3.159895792500866829 ) ) ;
#4363 = AXIS2_PLACEMENT_3D ( 'NONE', #1921, #1238, #1557 ) ;
#4364 = CARTESIAN_POINT ( 'NONE',  ( 1.784425387018440112, -3.123176878867699457, 3.467305235819812204 ) ) ;
#4365 = ORIENTED_EDGE ( 'NONE', *, *, #2344, .F. ) ;
#4366 = CARTESIAN_POINT ( 'NONE',  ( -4.107366323934855679, -8.005113636363637042, -5.030073021532451998E-16 ) ) ;
#4367 = CARTESIAN_POINT ( 'NONE',  ( -3.614897438649109951, -4.546160679268719029, -1.651360295717553717 ) ) ;
#4368 = DIRECTION ( 'NONE',  ( 0.000000000000000000, 0.000000000000000000, -1.000000000000000000 ) ) ;
#4369 = CARTESIAN_POINT ( 'NONE',  ( 3.103776263492488585, -2.215064082272487411, -1.285626222910278171 ) ) ;
#4370 = CARTESIAN_POINT ( 'NONE',  ( -2.323465081536762344, -3.452448490655292357, -3.149629026141262944 ) ) ;
#4371 = CARTESIAN_POINT ( 'NONE',  ( 2.620595153909984987, -7.017475290250756892, -2.457502924759751739 ) ) ;
#4372 = TOROIDAL_SURFACE ( 'NONE', #1394, 4.340740814427817007, 1.000000000000000000 ) ;
#4373 = CARTESIAN_POINT ( 'NONE',  ( -0.7485311030935439813, -1.872978647785599637, 3.832274140480492530 ) ) ;
#4374 = CARTESIAN_POINT ( 'NONE',  ( -0.7882093003079937432, -2.597034518778212675, -3.819362341021387053 ) ) ;
#4375 = CARTESIAN_POINT ( 'NONE',  ( -2.263489784646151026, -6.234455723795941928, 2.263489784646150582 ) ) ;
#4376 = CARTESIAN_POINT ( 'NONE',  ( 3.970036622142461891, -6.275872073529704664, 0.2472811667462623819 ) ) ;
#4377 = CARTESIAN_POINT ( 'NONE',  ( 0.000000000000000000, -2.000000000000000000, -1.555152491158895817E-15 ) ) ;
#4378 = CARTESIAN_POINT ( 'NONE',  ( 3.201057951739542329, -7.899635185294970441, 0.000000000000000000 ) ) ;
#4379 = PLANE ( 'NONE',  #3291 ) ;
#4380 = CARTESIAN_POINT ( 'NONE',  ( -2.400002587935817555, -5.642626970449404311, 3.073572414599929026 ) ) ;
#4381 = CARTESIAN_POINT ( 'NONE',  ( 3.858768693380354886, -5.205477326340484545, -0.5651758671028622727 ) ) ;
#4382 = CARTESIAN_POINT ( 'NONE',  ( 2.641289068367068893, -4.111515142120964583, 2.973261102231189223 ) ) ;
#4383 = CARTESIAN_POINT ( 'NONE',  ( 1.345715098725818404, -6.041245343145954294, -3.743303908821766779 ) ) ;
#4384 = DIRECTION ( 'NONE',  ( -1.224646799147353207E-16, 0.000000000000000000, -1.000000000000000000 ) ) ;
#4385 = EDGE_CURVE ( 'NONE', #939, #4750, #786, .T. ) ;
#4386 = CC_DESIGN_APPROVAL ( #1336, ( #1651 ) ) ;
#4387 = CARTESIAN_POINT ( 'NONE',  ( -0.1859840588895521896, -2.064627452385513706, 3.895143071357551001 ) ) ;
#4388 = ORIENTED_EDGE ( 'NONE', *, *, #4112, .T. ) ;
#4389 = CARTESIAN_POINT ( 'NONE',  ( -1.701326837008340309, -4.757954545454550654, -4.107366323934855679 ) ) ;
#4390 = CARTESIAN_POINT ( 'NONE',  ( 2.391961294536409710, -4.942890126387147198, -3.178468345209939372 ) ) ;
#4391 = CARTESIAN_POINT ( 'NONE',  ( 3.785917810201392175, -2.750501300963871909, 0.9896523533112061566 ) ) ;
#4392 = CARTESIAN_POINT ( 'NONE',  ( 3.103776263492488585, -4.524154991363392497, -1.285626222910278171 ) ) ;
#4393 = CARTESIAN_POINT ( 'NONE',  ( -0.8668883680497356803, -3.529763269461679176, -3.816864470103947138 ) ) ;
#4394 = CARTESIAN_POINT ( 'NONE',  ( 3.545077327899890829, -6.248365562280737251, 1.657088452994370353 ) ) ;
#4395 = CARTESIAN_POINT ( 'NONE',  ( 9.184850993605150903E-17, 7.500000000000000000, -0.7499999999999972244 ) ) ;
#4396 = CARTESIAN_POINT ( 'NONE',  ( 3.977043333395751556, -2.798814028128298048, -0.06269003243023546501 ) ) ;
#4397 = CARTESIAN_POINT ( 'NONE',  ( -1.325921617552758836, -6.595251178341396070, -3.201057951739542773 ) ) ;
#4398 = CARTESIAN_POINT ( 'NONE',  ( 3.482507485981040762, -6.472089459641336973, 1.755284709991156378 ) ) ;
#4399 = CARTESIAN_POINT ( 'NONE',  ( -3.201057951739545882, -2.842978451068674417, 1.325921617552751064 ) ) ;
#4400 = CARTESIAN_POINT ( 'NONE',  ( 0.000000000000000000, 0.4738549290423901272, 1.734723475976807094E-15 ) ) ;
#4401 = DIRECTION ( 'NONE',  ( 6.005672965859240741E-17, -0.8714972372446374571, 0.4904004134123096104 ) ) ;
#4402 = CARTESIAN_POINT ( 'NONE',  ( 2.194701243201384155, -5.496867735909344965, -2.194701243201383267 ) ) ;
#4403 = DIRECTION ( 'NONE',  ( 0.000000000000000000, 0.000000000000000000, 1.000000000000000000 ) ) ;
#4404 = CARTESIAN_POINT ( 'NONE',  ( 0.8109915772362761288, -4.980470200850352747, -3.814602456700725508 ) ) ;
#4405 = CARTESIAN_POINT ( 'NONE',  ( 3.766010000914034705, -2.676041150354771414, -1.268976065692580368 ) ) ;
#4406 = CARTESIAN_POINT ( 'NONE',  ( -1.755294746347694002, -4.329817736554304020, 3.568916069408766489 ) ) ;
#4407 = CARTESIAN_POINT ( 'NONE',  ( 3.662624283807736525, -6.125766915491823283, -1.542740226597394848 ) ) ;
#4408 = CARTESIAN_POINT ( 'NONE',  ( 0.1531609797874423085, -2.366257341247802071, 3.276380635654977169 ) ) ;
#4409 = CARTESIAN_POINT ( 'NONE',  ( -3.899512757526681028, -2.345104551475582610, 0.001464669913335916486 ) ) ;
#4410 = CARTESIAN_POINT ( 'NONE',  ( 3.736673368876825219, -3.891885776955810616, -1.363107224195245770 ) ) ;
#4411 = ORIENTED_EDGE ( 'NONE', *, *, #398, .T. ) ;
#4412 = CARTESIAN_POINT ( 'NONE',  ( 2.250000000000000888, -1.999999999999999112, 3.897114317029977126 ) ) ;
#4413 = CARTESIAN_POINT ( 'NONE',  ( -3.202890929158356492, -4.652362356057866855, -2.358978013238753224 ) ) ;
#4414 = CARTESIAN_POINT ( 'NONE',  ( 3.596398724636939104, -2.629630676372780584, -1.542637332731044975 ) ) ;
#4415 = CARTESIAN_POINT ( 'NONE',  ( -3.103776263492488585, -5.245745900454300781, -1.285626222910278837 ) ) ;
#4416 = CARTESIAN_POINT ( 'NONE',  ( -3.443423593312730180, -3.409345864405424642, -1.983860228872780240 ) ) ;
#4417 = CARTESIAN_POINT ( 'NONE',  ( -3.265388363958975138, -5.482497824970378630, 2.156342427500394177 ) ) ;
#4418 = CARTESIAN_POINT ( 'NONE',  ( -1.788537950542685717, -1.955662794729286613, 3.548858731797320143 ) ) ;
#4419 = CARTESIAN_POINT ( 'NONE',  ( 1.437048520445932454, -3.104849582714003908, 3.704548797874306132 ) ) ;
#4420 = CARTESIAN_POINT ( 'NONE',  ( 3.201057951739542773, -5.729342087432306663, -1.325921617552759058 ) ) ;
#4421 = CARTESIAN_POINT ( 'NONE',  ( 3.661705760997308712, -6.421023494977426971, 1.542600787227377257 ) ) ;
#4422 = CARTESIAN_POINT ( 'NONE',  ( -3.803749931576270615, -2.088148175223783820, -0.3113120329972901557 ) ) ;
#4423 = CARTESIAN_POINT ( 'NONE',  ( -1.325921617552760834, -7.105885185294972040, 3.201057951739541885 ) ) ;
#4424 = DIRECTION ( 'NONE',  ( 0.000000000000000000, 0.000000000000000000, 1.000000000000000000 ) ) ;
#4425 = CARTESIAN_POINT ( 'NONE',  ( 1.285626222910278393, -4.270163190454801416, -3.103776263492488585 ) ) ;
#4426 = CARTESIAN_POINT ( 'NONE',  ( 0.6703964703401650294, -1.905193762171013772, 3.920808448834701476 ) ) ;
#4427 = CARTESIAN_POINT ( 'NONE',  ( 3.899542413998385193, -5.227858514089358088, 0.7622658083541653529 ) ) ;
#4428 = CARTESIAN_POINT ( 'NONE',  ( 3.658771380471326218, -2.770710261615640935, 1.389962224639331945 ) ) ;
#4429 = CARTESIAN_POINT ( 'NONE',  ( -2.424071555025786306, -4.366737306117067341, 3.153053177216667891 ) ) ;
#4430 = CARTESIAN_POINT ( 'NONE',  ( 1.759082878436672548, -6.470846351389796247, 3.567917357654079691 ) ) ;
#4431 = CARTESIAN_POINT ( 'NONE',  ( 3.201057951739543217, -5.518385185294974349, -1.325921617552758836 ) ) ;
#4432 = CARTESIAN_POINT ( 'NONE',  ( 2.971196240425388879, -4.206962033232847453, 2.525508305965678435 ) ) ;
#4433 = CARTESIAN_POINT ( 'NONE',  ( 3.131273415127794113, -4.161283343385484557, 2.445954321685110955 ) ) ;
#4434 = ORIENTED_EDGE ( 'NONE', *, *, #1849, .T. ) ;
#4435 = DIRECTION ( 'NONE',  ( 0.000000000000000000, -1.000000000000000000, 0.000000000000000000 ) ) ;
#4436 = CARTESIAN_POINT ( 'NONE',  ( 2.978258545637476384, -5.245916901316179271, 2.636969926074014481 ) ) ;
#4437 = CARTESIAN_POINT ( 'NONE',  ( 3.874446825769269687, -2.679091185149066856, -0.5492380349173850984 ) ) ;
#4438 = B_SPLINE_CURVE_WITH_KNOTS ( 'NONE', 3,
 ( #2247, #1036, #1904, #4776 ),
 .UNSPECIFIED., .F., .F.,
 ( 4, 4 ),
 ( 0.002598307151460991105, 0.005196383362814304373 ),
 .UNSPECIFIED. ) ;
#4439 = AXIS2_PLACEMENT_3D ( 'NONE', #3092, #3804, #1162 ) ;
#4440 = CARTESIAN_POINT ( 'NONE',  ( 3.201057951739542773, -8.038432996523210861, -1.325921617552759058 ) ) ;
#4441 = CARTESIAN_POINT ( 'NONE',  ( -3.201057951739542329, -7.322362458022244169, -3.920165374483013007E-16 ) ) ;
#4442 = AXIS2_PLACEMENT_3D ( 'NONE', #3912, #2054, #1570 ) ;
#4443 = CARTESIAN_POINT ( 'NONE',  ( 2.252435868156397181, -3.712865835736045117, -3.274053316500735722 ) ) ;
#4444 = CARTESIAN_POINT ( 'NONE',  ( 0.01645498978301334486, -5.300994471897533700, 3.913109494706517477 ) ) ;
#4445 = CARTESIAN_POINT ( 'NONE',  ( -1.013215724496804526, -1.885742189603553998, 3.780573689079165245 ) ) ;
#4446 = EDGE_CURVE ( 'NONE', #2253, #578, #3864, .T. ) ;
#4447 = CARTESIAN_POINT ( 'NONE',  ( 3.968277708674690984, -2.892977533905959131, 0.2038452032857099028 ) ) ;
#4448 = VERTEX_POINT ( 'NONE', #1941 ) ;
#4449 = CARTESIAN_POINT ( 'NONE',  ( 0.3502828817230491665, -6.658749157938142815, 3.884107247558603593 ) ) ;
#4450 = FACE_OUTER_BOUND ( 'NONE', #1086, .T. ) ;
#4451 = CARTESIAN_POINT ( 'NONE',  ( 3.201057951739542773, -4.363839730749522694, -1.325921617552759058 ) ) ;
#4452 = CARTESIAN_POINT ( 'NONE',  ( 4.107366323934855679, -7.355681818181818876, -1.701326837008340753 ) ) ;
#4453 = CARTESIAN_POINT ( 'NONE',  ( -2.194701243201384155, -4.919595008636620470, 2.194701243201383267 ) ) ;
#4454 = ORIENTED_EDGE ( 'NONE', *, *, #3425, .T. ) ;
#4455 = DIRECTION ( 'NONE',  ( 0.000000000000000000, -1.000000000000000000, 0.000000000000000000 ) ) ;
#4456 = CARTESIAN_POINT ( 'NONE',  ( 2.131358703168264590, -5.294470529279406534, 3.358441849423466241 ) ) ;
#4457 = CARTESIAN_POINT ( 'NONE',  ( 3.118813328763986537, -2.679230361675438932, -2.469139379590282068 ) ) ;
#4458 = CARTESIAN_POINT ( 'NONE',  ( 3.775917453539334723, -4.015189818199312199, 1.248938685460165177 ) ) ;
#4459 = CARTESIAN_POINT ( 'NONE',  ( 1.248210794574259319, -6.429354616684356927, 3.773061036331189388 ) ) ;
#4460 = ORIENTED_EDGE ( 'NONE', *, *, #3355, .T. ) ;
#4461 = ORIENTED_EDGE ( 'NONE', *, *, #973, .F. ) ;
#4462 = CARTESIAN_POINT ( 'NONE',  ( -3.201057951739545437, -3.786567003476795534, 1.325921617552751952 ) ) ;
#4463 = CARTESIAN_POINT ( 'NONE',  ( 3.018460507501402823, -3.950112491159937012, -2.468940151967451868 ) ) ;
#4464 = CARTESIAN_POINT ( 'NONE',  ( -0.1477743826386231918, -4.372196788750560614, 3.897194490530882849 ) ) ;
#4465 = CARTESIAN_POINT ( 'NONE',  ( -2.904346580471597772, -2.376704545454555895, -2.904346580471598216 ) ) ;
#4466 = CARTESIAN_POINT ( 'NONE',  ( 2.991453298535010852, -4.911857910164001417, -2.616121676756889336 ) ) ;
#4467 = CARTESIAN_POINT ( 'NONE',  ( 0.1643896636257081989, -2.422759583410256656, -3.909792041064156010 ) ) ;
#4468 = ORIENTED_EDGE ( 'NONE', *, *, #4019, .F. ) ;
#4469 = CARTESIAN_POINT ( 'NONE',  ( -3.201057951739542773, -7.605478451068667489, -1.325921617552759280 ) ) ;
#4470 = CARTESIAN_POINT ( 'NONE',  ( -2.263489784646151026, -7.178044276204063046, 2.263489784646150582 ) ) ;
#4471 = CARTESIAN_POINT ( 'NONE',  ( 3.913908058899785214, -3.857874253969049150, -0.02236896632711157795 ) ) ;
#4472 = CARTESIAN_POINT ( 'NONE',  ( -2.774541623092229958, -5.446510532640078672, 2.759718209563694735 ) ) ;
#4473 = CARTESIAN_POINT ( 'NONE',  ( -3.064343793470406752, -2.098001230087333191, 2.536675033095591392 ) ) ;
#4474 = CARTESIAN_POINT ( 'NONE',  ( 3.832419386241236126, -2.955729892728069075, 0.7226540119308797472 ) ) ;
#4475 = CARTESIAN_POINT ( 'NONE',  ( -2.263489784646151026, -3.925364814705036842, 2.263489784646150582 ) ) ;
#4476 = CARTESIAN_POINT ( 'NONE',  ( -0.4459042735045051220, -6.656249278004874981, 3.948385320076609695 ) ) ;
#4477 = CARTESIAN_POINT ( 'NONE',  ( -2.354080617578531963E-15, -3.203773905614129003, -3.201057951739542329 ) ) ;
#4478 = CARTESIAN_POINT ( 'NONE',  ( 3.201057951739541885, -3.353612458022250387, 1.325921617552761278 ) ) ;
#4479 = CARTESIAN_POINT ( 'NONE',  ( -7.545109532298677504E-16, -6.561931818181820475, 4.107366323934855679 ) ) ;
#4480 = ORIENTED_EDGE ( 'NONE', *, *, #312, .F. ) ;
#4481 = CARTESIAN_POINT ( 'NONE',  ( -3.103776263492489917, -7.300845008636616562, 1.285626222910277505 ) ) ;
#4482 = CIRCLE ( 'NONE', #1972, 0.7500000000000001110 ) ;
#4483 = CARTESIAN_POINT ( 'NONE',  ( 0.000000000000000000, 7.245200206706155832, -2.393378451047911248 ) ) ;
#4484 = CARTESIAN_POINT ( 'NONE',  ( 1.898708644079087238, -5.389754518345933221, 3.490330604269387571 ) ) ;
#4485 = CARTESIAN_POINT ( 'NONE',  ( 2.329848714894720452, -2.562716204871580583, -3.219419348917263779 ) ) ;
#4486 = CARTESIAN_POINT ( 'NONE',  ( -3.818562473616502917, -3.328045299768955356, 1.112095638973044753 ) ) ;
#4487 = CARTESIAN_POINT ( 'NONE',  ( 0.4414774902421466085, -6.436438119447749351, 3.888846858166890907 ) ) ;
#4488 = ORIENTED_EDGE ( 'NONE', *, *, #1331, .T. ) ;
#4489 = CARTESIAN_POINT ( 'NONE',  ( -2.263489784646147029, -5.157589730749520207, -2.263489784646154135 ) ) ;
#4490 = CARTESIAN_POINT ( 'NONE',  ( 3.444533810398335394, -3.986717755029297816, -1.827886424239729246 ) ) ;
#4491 = CARTESIAN_POINT ( 'NONE',  ( -0.4121122933490870555, -4.384161064213747849, 3.878029542740317748 ) ) ;
#4492 = CARTESIAN_POINT ( 'NONE',  ( -1.547423619119318250, -7.358699380770294951, 2.860664757347441967 ) ) ;
#4493 = CARTESIAN_POINT ( 'NONE',  ( 3.117640866573635261, -4.893121235924376755, -2.366457778289692726 ) ) ;
#4494 = CARTESIAN_POINT ( 'NONE',  ( -3.750000000000000000, 0.4274562965667573211, 3.031088913245537420 ) ) ;
#4495 = CARTESIAN_POINT ( 'NONE',  ( -3.201057951739542329, -7.533319360159575595, -3.920165374483013007E-16 ) ) ;
#4496 = CARTESIAN_POINT ( 'NONE',  ( 1.960082687241506503E-16, -6.456453367113154762, -3.201057951739542329 ) ) ;
#4497 = CARTESIAN_POINT ( 'NONE',  ( 2.873868293752262382, -3.816958992301873632, -2.750630440992068326 ) ) ;
#4498 = CARTESIAN_POINT ( 'NONE',  ( 1.304301330831164396, -6.394256328107654319, 3.689444826434375990 ) ) ;
#4499 = CARTESIAN_POINT ( 'NONE',  ( 1.182480107103157874, -3.035016965888094109, 3.797743639003648308 ) ) ;
#4500 = CARTESIAN_POINT ( 'NONE',  ( 2.263489784646150138, -3.636728451068673262, 2.263489784646151026 ) ) ;
#4501 = CARTESIAN_POINT ( 'NONE',  ( -1.967054468989785532, -6.732117461917816570, 3.452614477255128378 ) ) ;
#4502 = DIRECTION ( 'NONE',  ( -0.000000000000000000, 1.000000000000000000, -0.000000000000000000 ) ) ;
#4503 = CARTESIAN_POINT ( 'NONE',  ( -3.201057951739542329, -5.013271548931339083, -3.920165374483013007E-16 ) ) ;
#4504 = DIRECTION ( 'NONE',  ( 0.000000000000000000, -3.624005796528497542E-16, 1.000000000000000000 ) ) ;
#4505 = CARTESIAN_POINT ( 'NONE',  ( 0.000000000000000000, 0.4738549290423901272, 1.734723475976807094E-15 ) ) ;
#4506 = CARTESIAN_POINT ( 'NONE',  ( 3.284204340844946834, -5.221432029816158504, 2.243877204790155400 ) ) ;
#4507 = CARTESIAN_POINT ( 'NONE',  ( 0.8428248223856839028, -2.552906757910034852, -3.887590707464094297 ) ) ;
#4508 = CARTESIAN_POINT ( 'NONE',  ( 3.956992166914487630, -2.820008708145573362, 0.3982316743427388728 ) ) ;
#4509 = CARTESIAN_POINT ( 'NONE',  ( 3.563529293457369462, -6.246300136326724761, 1.618437821450770864 ) ) ;
#4510 = ORIENTED_EDGE ( 'NONE', *, *, #1491, .F. ) ;
#4511 = ORIENTED_EDGE ( 'NONE', *, *, #3482, .T. ) ;
#4512 = CARTESIAN_POINT ( 'NONE',  ( 3.201057951739543217, -4.508157912567703818, 1.325921617552757281 ) ) ;
#4513 = CARTESIAN_POINT ( 'NONE',  ( 1.311361677586751817, -3.148160941817239600, 3.672425337607414519 ) ) ;
#4514 = CARTESIAN_POINT ( 'NONE',  ( 3.561416078613239389, -4.123406233705291690, 1.762162142903984652 ) ) ;
#4515 = CARTESIAN_POINT ( 'NONE',  ( 4.107366323934855679, -2.809659090909100598, 0.000000000000000000 ) ) ;
#4516 = CARTESIAN_POINT ( 'NONE',  ( 3.780910551688738241, -5.101624033091836985, 1.223770201802224955 ) ) ;
#4517 = DIRECTION ( 'NONE',  ( -0.000000000000000000, 1.000000000000000000, -0.000000000000000000 ) ) ;
#4518 = CARTESIAN_POINT ( 'NONE',  ( 2.263489784646150582, -7.966273905614121631, -2.263489784646150582 ) ) ;
#4519 = APPROVAL ( #3151, 'UNSPECIFIED' ) ;
#4520 = CARTESIAN_POINT ( 'NONE',  ( 3.201057951739542773, -5.518385185294974349, -1.325921617552759058 ) ) ;
#4521 = ORIENTED_EDGE ( 'NONE', *, *, #1964, .T. ) ;
#4522 = AXIS2_PLACEMENT_3D ( 'NONE', #4505, #2605, #384 ) ;
#4523 = CARTESIAN_POINT ( 'NONE',  ( 3.835576016979167946, -4.006349876306250835, 1.054995331539834602 ) ) ;
#4524 = CARTESIAN_POINT ( 'NONE',  ( -0.1346438204870677169, -4.718490182686832846, -3.910903527987279915 ) ) ;
#4525 = CIRCLE ( 'NONE', #2403, 1.590000000000000080 ) ;
#4526 = CARTESIAN_POINT ( 'NONE',  ( -3.778283591914654238, -3.320613514188669235, 1.243659499127201418 ) ) ;
#4527 = DIRECTION ( 'NONE',  ( -0.000000000000000000, -1.000000000000000000, -3.921717058577609625E-16 ) ) ;
#4528 = CARTESIAN_POINT ( 'NONE',  ( -3.049437298211983283, -7.368994530471984383, -1.109061283389834562 ) ) ;
#4529 = CARTESIAN_POINT ( 'NONE',  ( -2.263489784646150582, -7.466680639840426181, -2.263489784646150582 ) ) ;
#4530 = CARTESIAN_POINT ( 'NONE',  ( -4.107366323934856567, -4.469318181818186630, 1.701326837008339643 ) ) ;
#4531 = CARTESIAN_POINT ( 'NONE',  ( -2.372704523452334957, -2.136593315828207995, 3.187130314632531825 ) ) ;
#4532 = CARTESIAN_POINT ( 'NONE',  ( 3.122594007284393403, -5.234032474700957671, 2.463879046970600672 ) ) ;
#4533 = CARTESIAN_POINT ( 'NONE',  ( 3.958333003252871407, -2.785145335154947777, -0.3869765633798921134 ) ) ;
#4534 = CARTESIAN_POINT ( 'NONE',  ( -1.431595324983767181, -6.622869228362055161, 3.711345540034459933 ) ) ;
#4535 = CARTESIAN_POINT ( 'NONE',  ( -8.626345216751352773E-15, -3.570089730749523849, 3.201057951739542329 ) ) ;
#4536 = CARTESIAN_POINT ( 'NONE',  ( 1.067199755632138869, -3.160542638267441973, 3.750639703840387806 ) ) ;
#4537 = CARTESIAN_POINT ( 'NONE',  ( 3.905967185903280736, -3.990065242086864750, 0.7513795941935519362 ) ) ;
#4538 = CARTESIAN_POINT ( 'NONE',  ( 2.895496221246886215, -6.404898936000471110, 2.726271463471718448 ) ) ;
#4539 = CARTESIAN_POINT ( 'NONE',  ( 3.453501810539814976, -5.208197883567943443, 1.974320791458713087 ) ) ;
#4540 = DIRECTION ( 'NONE',  ( -0.000000000000000000, 1.000000000000000000, -0.000000000000000000 ) ) ;
#4541 = EDGE_CURVE ( 'NONE', #2291, #1054, #1732, .T. ) ;
#4542 = CARTESIAN_POINT ( 'NONE',  ( 1.960082687241506503E-16, -6.667410269250487076, -3.201057951739542329 ) ) ;
#4543 = ORIENTED_EDGE ( 'NONE', *, *, #2052, .F. ) ;
#4544 = CARTESIAN_POINT ( 'NONE',  ( -1.325921617552758836, -4.075203367113158670, -3.201057951739542773 ) ) ;
#4545 = CARTESIAN_POINT ( 'NONE',  ( 3.036465974779615884, -3.984919347130992495, 2.469446993869362394 ) ) ;
#4546 = CARTESIAN_POINT ( 'NONE',  ( 1.854319778770624483, -4.815816408801198989, -3.445890730850622141 ) ) ;
#4547 = APPROVAL_PERSON_ORGANIZATION ( #506, #2265, #3499 ) ;
#4548 = CARTESIAN_POINT ( 'NONE',  ( -3.052694110310198550, -3.507273846106396142, -2.550137454579095131 ) ) ;
#4549 = CARTESIAN_POINT ( 'NONE',  ( -2.421189880596188004, -7.401782957351137782, 2.093946411084480097 ) ) ;
#4550 = DIRECTION ( 'NONE',  ( -0.000000000000000000, 1.000000000000000000, 1.015892941693919779E-16 ) ) ;
#4551 = CARTESIAN_POINT ( 'NONE',  ( 3.201057951739542773, -2.054748821658617164, -1.325921617552759058 ) ) ;
#4552 = CARTESIAN_POINT ( 'NONE',  ( -4.107366323934855679, -4.613636363636370419, -1.701326837008341197 ) ) ;
#4553 = ORIENTED_EDGE ( 'NONE', *, *, #815, .F. ) ;
#4554 = CARTESIAN_POINT ( 'NONE',  ( -2.534701905070997352, -2.187052824584558852, 2.963982042796455829 ) ) ;
#4555 = CARTESIAN_POINT ( 'NONE',  ( -3.783191591795024511, -5.764251176956138423, 0.9470824384827480902 ) ) ;
#4556 = CARTESIAN_POINT ( 'NONE',  ( -2.117743208762619567, -2.409766466778269223, -3.366235123305520549 ) ) ;
#4557 = CARTESIAN_POINT ( 'NONE',  ( -3.884618374888606507, -6.727050054729728501, 0.3954516494407983029 ) ) ;
#4558 = ORIENTED_EDGE ( 'NONE', *, *, #967, .F. ) ;
#4559 = CIRCLE ( 'NONE', #2986, 3.102840909090909260 ) ;
#4560 = ORIENTED_EDGE ( 'NONE', *, *, #312, .T. ) ;
#4561 = DATE_AND_TIME ( #3424, #2657 ) ;
#4562 = CARTESIAN_POINT ( 'NONE',  ( 0.6333268859422842567, -4.971901035168817096, -3.847718461999818818 ) ) ;
#4563 = CARTESIAN_POINT ( 'NONE',  ( -3.495595389537735187, -4.625138381866418236, -1.898229417288403109 ) ) ;
#4564 = CARTESIAN_POINT ( 'NONE',  ( 1.388220378181876935, -6.042651121101437539, -3.726822301215271249 ) ) ;
#4565 = CARTESIAN_POINT ( 'NONE',  ( 0.8955899209466648969, -5.359799520549933582, 3.875718238558929052 ) ) ;
#4566 = CARTESIAN_POINT ( 'NONE',  ( 4.499999999999999112, -1.999999999999999112, -2.598076211353316456 ) ) ;
#4567 = CARTESIAN_POINT ( 'NONE',  ( 1.325921617552759280, -3.275932996523219565, -3.201057951739542773 ) ) ;
#4568 = CARTESIAN_POINT ( 'NONE',  ( 2.263489784646150138, -1.116680639840436751, 2.263489784646151026 ) ) ;
#4569 = CARTESIAN_POINT ( 'NONE',  ( -0.2914242383690671123, -4.191427317670592956, 3.963405597212283915 ) ) ;
#4570 = CARTESIAN_POINT ( 'NONE',  ( 3.898793246339088636, -4.998188163182602395, -0.3350638775963342697 ) ) ;
#4571 = CARTESIAN_POINT ( 'NONE',  ( 3.103776263492489917, -5.641185917727528754, 0.000000000000000000 ) ) ;
#4572 = EDGE_CURVE ( 'NONE', #2517, #266, #1966, .T. ) ;
#4573 = CARTESIAN_POINT ( 'NONE',  ( -2.593285635473654871, -3.304047658857815151, 3.010444891330704476 ) ) ;
#4574 = CARTESIAN_POINT ( 'NONE',  ( -2.908024219059098581, -7.401782957351366043, -1.337971282113586735 ) ) ;
#4575 = CARTESIAN_POINT ( 'NONE',  ( -1.051373714368529333, -6.738073321738305310, 3.728379672518848942 ) ) ;
#4576 = CARTESIAN_POINT ( 'NONE',  ( 2.263489784646150582, -3.137135185294979145, -2.263489784646150582 ) ) ;
#4577 = CARTESIAN_POINT ( 'NONE',  ( -7.545109532298677504E-16, -4.252840909090915389, 4.107366323934855679 ) ) ;
#4578 = VERTEX_POINT ( 'NONE', #3578 ) ;
#4579 = B_SPLINE_CURVE_WITH_KNOTS ( 'NONE', 3,
 ( #2440, #2834, #2484, #622 ),
 .UNSPECIFIED., .F., .F.,
 ( 4, 4 ),
 ( 2.309401076754191683E-07, 0.002598307151460992840 ),
 .UNSPECIFIED. ) ;
#4580 = CARTESIAN_POINT ( 'NONE',  ( -3.443072968654108834, -2.127144095232391674, 1.991564864641627741 ) ) ;
#4581 = CARTESIAN_POINT ( 'NONE',  ( -3.583470039282500963, -5.688088766391196316, 1.716597001089138486 ) ) ;
#4582 = CARTESIAN_POINT ( 'NONE',  ( -2.733001022204095687, -2.374349813462447223, -2.889443137662230487 ) ) ;
#4583 = CARTESIAN_POINT ( 'NONE',  ( -2.559298637217974459, -6.588044243326072191, 2.961333811459860410 ) ) ;
#4584 = ORIENTED_EDGE ( 'NONE', *, *, #3433, .T. ) ;
#4585 = ORIENTED_EDGE ( 'NONE', *, *, #1126, .T. ) ;
#4586 = COORDINATED_UNIVERSAL_TIME_OFFSET ( 6, 0, .BEHIND. ) ;
#4587 = CARTESIAN_POINT ( 'NONE',  ( 1.264424484158731543, -5.459659927241444777, 3.688961106814281354 ) ) ;
#4588 = CARTESIAN_POINT ( 'NONE',  ( -1.708979698180340234, -4.409237812877180751, 3.587116171179030477 ) ) ;
#4589 = CARTESIAN_POINT ( 'NONE',  ( 0.6290639226063103884, -6.005684329128876620, -3.927133352593683568 ) ) ;
#4590 = CARTESIAN_POINT ( 'NONE',  ( -0.7340460562781282450, -5.434093802183423527, 3.909608136431825365 ) ) ;
#4591 = CARTESIAN_POINT ( 'NONE',  ( 0.7500000000000007772, -1.953601367524366639, 4.763139720814415057 ) ) ;
#4592 = DIRECTION ( 'NONE',  ( 0.000000000000000000, 3.921717058577609625E-16, -1.000000000000000000 ) ) ;
#4593 = CARTESIAN_POINT ( 'NONE',  ( 1.325921617552759946, -2.554342087432311281, 3.201057951739542329 ) ) ;
#4594 = CARTESIAN_POINT ( 'NONE',  ( -2.741787286246457622, -4.386049963074603042, 2.882219421360467493 ) ) ;
#4595 = CARTESIAN_POINT ( 'NONE',  ( -3.908324355729821065, -4.427252241879961581, 0.1940317294537489134 ) ) ;
#4596 = CARTESIAN_POINT ( 'NONE',  ( -1.285626222910277949, -1.816754099545715873, -3.103776263492488585 ) ) ;
#4597 = CARTESIAN_POINT ( 'NONE',  ( -2.979720411824250181, -3.245107096947358105, 2.634845519306195705 ) ) ;
#4598 = CARTESIAN_POINT ( 'NONE',  ( 0.6985659458435130587, -2.992402576545504900, 3.912253139082687348 ) ) ;
#4599 = CARTESIAN_POINT ( 'NONE',  ( 4.499999999999999112, -1.999999999999999112, 1.734723475976807094E-15 ) ) ;
#4600 = FACE_OUTER_BOUND ( 'NONE', #4616, .T. ) ;
#4601 = CARTESIAN_POINT ( 'NONE',  ( 4.107366323934854790, -6.345454545454547457, 1.701326837008343640 ) ) ;
#4602 = VERTEX_POINT ( 'NONE', #4781 ) ;
#4603 = EDGE_CURVE ( 'NONE', #1489, #1776, #4038, .T. ) ;
#4604 = CIRCLE ( 'NONE', #3180, 4.499999999999999112 ) ;
#4605 = CARTESIAN_POINT ( 'NONE',  ( -3.437415994909906569, -2.209649194998478006, 1.992970531667466183 ) ) ;
#4606 = CARTESIAN_POINT ( 'NONE',  ( -0.7853640663519428911, -2.478710634033010507, -3.899769528646090944 ) ) ;
#4607 = CARTESIAN_POINT ( 'NONE',  ( -1.745971712316414015, -6.011629646848238195, -3.487118148624003933 ) ) ;
#4608 = CARTESIAN_POINT ( 'NONE',  ( -3.954629982637986707, -2.206301906844525984, 0.4212231768745571259 ) ) ;
#4609 = DIRECTION ( 'NONE',  ( 0.000000000000000000, 0.000000000000000000, 1.000000000000000000 ) ) ;
#4610 = VERTEX_POINT ( 'NONE', #2864 ) ;
#4611 = EDGE_CURVE ( 'NONE', #2701, #1438, #1821, .T. ) ;
#4612 = CARTESIAN_POINT ( 'NONE',  ( -3.105434377319348460, -4.533946804538048880, 2.358423974455891692 ) ) ;
#4613 = CARTESIAN_POINT ( 'NONE',  ( -3.358669191207014570, -4.720224851897365070, -2.122983475395750386 ) ) ;
#4614 = CARTESIAN_POINT ( 'NONE',  ( -3.953546704824431934, -5.669406355706905210, 0.4328913813645965947 ) ) ;
#4615 = CARTESIAN_POINT ( 'NONE',  ( -3.729570787162405754, -5.557188417201903263, 1.372600456770571187 ) ) ;
#4616 = EDGE_LOOP ( 'NONE', ( #2412, #1680, #430, #475 ) ) ;
#4617 = FACE_OUTER_BOUND ( 'NONE', #4343, .T. ) ;
#4618 = CARTESIAN_POINT ( 'NONE',  ( -3.201057951739542329, -2.704180639840433553, -3.920165374483013007E-16 ) ) ;
#4619 = CARTESIAN_POINT ( 'NONE',  ( 1.325921617552759946, -4.863432996523217255, 3.201057951739542329 ) ) ;
#4620 = CARTESIAN_POINT ( 'NONE',  ( -2.741359715392446272, -4.318540102712278284, 2.877358346902142650 ) ) ;
#4621 = CARTESIAN_POINT ( 'NONE',  ( -0.2592269986091573775, -4.158904524534200675, 3.904595250919372873 ) ) ;
#4622 = CARTESIAN_POINT ( 'NONE',  ( -1.285626222910277949, -6.544609536817934448, -3.103776263492488585 ) ) ;
#4623 = CARTESIAN_POINT ( 'NONE',  ( -3.926238081521235657, -3.488876348419506446, -0.6102960514841477835 ) ) ;
#4624 = CARTESIAN_POINT ( 'NONE',  ( -0.1177774341554147230, -3.096731859920401231, 3.976108801151474026 ) ) ;
#4625 = CARTESIAN_POINT ( 'NONE',  ( -3.034316569687016685, -7.465792733598694220, -0.8125952783068906005 ) ) ;
#4626 = LINE ( 'NONE', #522, #87 ) ;
#4627 = CARTESIAN_POINT ( 'NONE',  ( -1.701326837008342974, -5.479545454545458938, 4.107366323934854790 ) ) ;
#4628 = ORIENTED_EDGE ( 'NONE', *, *, #4721, .T. ) ;
#4629 = CARTESIAN_POINT ( 'NONE',  ( -3.811339847681032733, -2.358979340932825242, -1.123617752268659453 ) ) ;
#4630 = CARTESIAN_POINT ( 'NONE',  ( 0.02901017167487159737, -2.448221909485773562, -3.973942178197032771 ) ) ;
#4631 = CARTESIAN_POINT ( 'NONE',  ( -3.959899144703306728, -5.704351684600525552, -0.3741841018719903600 ) ) ;
#4632 = CARTESIAN_POINT ( 'NONE',  ( 2.263489784646151026, -6.811728451068668200, -2.263489784646150138 ) ) ;
#4633 = DIRECTION ( 'NONE',  ( 0.000000000000000000, 0.000000000000000000, 1.000000000000000000 ) ) ;
#4634 = COORDINATED_UNIVERSAL_TIME_OFFSET ( 6, 0, .BEHIND. ) ;
#4635 = CARTESIAN_POINT ( 'NONE',  ( -3.858175030534831240, -4.680119201641804061, -0.5674084893092207205 ) ) ;
#4636 = CARTESIAN_POINT ( 'NONE',  ( -2.611893923775970183, -4.376857227199056233, 2.999807941390942201 ) ) ;
#4637 = CARTESIAN_POINT ( 'NONE',  ( 3.923552474485630714, -6.295295562118284671, 0.6497889950525972402 ) ) ;
#4638 = CARTESIAN_POINT ( 'NONE',  ( -0.7269103808212821205, -5.335400143499371417, 3.845813275039473123 ) ) ;
#4639 = FACE_BOUND ( 'NONE', #724, .T. ) ;
#4640 = B_SPLINE_CURVE_WITH_KNOTS ( 'NONE', 3,
 ( #3430, #1270, #162, #27 ),
 .UNSPECIFIED., .F., .F.,
 ( 4, 4 ),
 ( 0.004349453597268945759, 0.006952958434458174700 ),
 .UNSPECIFIED. ) ;
#4641 = CIRCLE ( 'NONE', #715, 1.590000000000000080 ) ;
#4642 = CARTESIAN_POINT ( 'NONE',  ( -2.263489784646150582, -1.693953367113163466, -2.263489784646150582 ) ) ;
#4643 = CARTESIAN_POINT ( 'NONE',  ( -3.201057951739542773, -1.688432996523222540, 1.325921617552758169 ) ) ;
#4644 = CARTESIAN_POINT ( 'NONE',  ( 1.825374316767121252, -4.158233880174088348, 3.534300189536943027 ) ) ;
#4645 = CARTESIAN_POINT ( 'NONE',  ( 3.124783239685018366, -3.978209149942887990, 2.355638329864837122 ) ) ;
#4646 = CARTESIAN_POINT ( 'NONE',  ( 2.194701243201382823, -5.895177718636118058, 2.194701243201384155 ) ) ;
#4647 = CARTESIAN_POINT ( 'NONE',  ( 0.7961407387644667821, -3.825202973750182256, -3.817666540387685714 ) ) ;
#4648 = CARTESIAN_POINT ( 'NONE',  ( 0.6864537894994098277, -2.961213746989738382, 3.853262625813707043 ) ) ;
#4649 = CARTESIAN_POINT ( 'NONE',  ( 3.327306942588502459, -7.142773670549876108, 0.9763279228444980973 ) ) ;
#4650 = CARTESIAN_POINT ( 'NONE',  ( 2.291164760984630178, -2.433882998377889351, 2.186445336073588930 ) ) ;
#4651 = CARTESIAN_POINT ( 'NONE',  ( -4.107366323934855679, -1.077840909090920674, -5.030073021532451998E-16 ) ) ;
#4652 = ORIENTED_EDGE ( 'NONE', *, *, #1482, .T. ) ;
#4653 = CARTESIAN_POINT ( 'NONE',  ( 0.8025219938324826829, -2.549310737304441687, -3.895898199402310524 ) ) ;
#4654 = CARTESIAN_POINT ( 'NONE',  ( -3.515777505161678196, -2.068569050416664723, 1.852627405532171645 ) ) ;
#4655 = CARTESIAN_POINT ( 'NONE',  ( -2.613809650786109273, -5.614358176161663216, 2.992846074882323570 ) ) ;
#4656 = CARTESIAN_POINT ( 'NONE',  ( -1.325921617552758391, -5.440705723795943527, -3.201057951739543217 ) ) ;
#4657 = CARTESIAN_POINT ( 'NONE',  ( -4.500000000000000888, 0.4738549290423900162, 0.8667257563143960786 ) ) ;
#4658 = DIRECTION ( 'NONE',  ( 0.000000000000000000, -2.312964634635754100E-15, 1.000000000000000000 ) ) ;
#4659 = PERSON_AND_ORGANIZATION ( #477, #4782 ) ;
#4660 = CARTESIAN_POINT ( 'NONE',  ( 3.898989611318879334, -5.228536591342328066, -0.06673607132072111037 ) ) ;
#4661 = CARTESIAN_POINT ( 'NONE',  ( -2.861067996743794861, -4.756848295567831286, -2.757219122818499457 ) ) ;
#4662 = CARTESIAN_POINT ( 'NONE',  ( -2.680763904203582015, -5.536309133400646232, 2.937716143179045503 ) ) ;
#4663 = CARTESIAN_POINT ( 'NONE',  ( -2.865236992369842639, -5.481079178524660200, 2.753787212092624781 ) ) ;
#4664 = CARTESIAN_POINT ( 'NONE',  ( -3.201057951739542773, -2.987296632886856873, -1.325921617552759280 ) ) ;
#4665 = EDGE_CURVE ( 'NONE', #2025, #1886, #4809, .T. ) ;
#4666 = CARTESIAN_POINT ( 'NONE',  ( 1.325921617552759280, -3.064976094385888139, -3.201057951739542773 ) ) ;
#4667 = CARTESIAN_POINT ( 'NONE',  ( 4.107366323934855679, -5.118750000000005684, 0.000000000000000000 ) ) ;
#4668 = CARTESIAN_POINT ( 'NONE',  ( 1.063206408898234256, -4.197125670760275540, 3.833262140696695131 ) ) ;
#4669 = CARTESIAN_POINT ( 'NONE',  ( 3.719013046380838627, -3.916443893400243681, 1.217403414071635215 ) ) ;
#4670 = CARTESIAN_POINT ( 'NONE',  ( 2.194701243201382823, -2.321867735909351360, 2.194701243201384155 ) ) ;
#4671 = ADVANCED_FACE ( 'NONE', ( #654 ), #3283, .T. ) ;
#4672 = CARTESIAN_POINT ( 'NONE',  ( 3.314748392286026135, -3.974151226333596298, -2.054794027708410908 ) ) ;
#4673 = CARTESIAN_POINT ( 'NONE',  ( 1.735833242709604374, -2.940685866618827138, 3.574892852357266282 ) ) ;
#4674 = CARTESIAN_POINT ( 'NONE',  ( 2.298239592948761345, -7.002750810191393782, -2.780420194635197628 ) ) ;
#4675 = CARTESIAN_POINT ( 'NONE',  ( 3.016380233014345880, -2.330145579148234614, -1.478109878992527104 ) ) ;
#4676 = VERTEX_POINT ( 'NONE', #3647 ) ;
#4677 = CARTESIAN_POINT ( 'NONE',  ( 0.7810846378760620823, -2.669922747332817536, -3.820936126601838900 ) ) ;
#4678 = CARTESIAN_POINT ( 'NONE',  ( -3.890212891204781087, -2.187909145558547319, 0.8307390255565036963 ) ) ;
#4679 = CARTESIAN_POINT ( 'NONE',  ( 3.900015077527235086, -6.300627628175788253, 0.7824456553518559510 ) ) ;
#4680 = CARTESIAN_POINT ( 'NONE',  ( 3.201057951739542329, -4.646955723795944238, 2.352099224689807508E-15 ) ) ;
#4681 = DIRECTION ( 'NONE',  ( 0.000000000000000000, -1.000000000000000000, 0.000000000000000000 ) ) ;
#4682 = CARTESIAN_POINT ( 'NONE',  ( -2.250000000000000888, 0.4738549290423901272, -3.897114317029972241 ) ) ;
#4683 = AXIS2_PLACEMENT_3D ( 'NONE', #3974, #962, #2478 ) ;
#4684 = CIRCLE ( 'NONE', #3582, 4.340740814427817007 ) ;
#4685 = CARTESIAN_POINT ( 'NONE',  ( -3.027847911050119745, -5.934672441521736452, -2.457214974406095376 ) ) ;
#4686 = CARTESIAN_POINT ( 'NONE',  ( 2.713910471486873366, -4.960283494076920263, -2.907836011852490632 ) ) ;
#4687 = CARTESIAN_POINT ( 'NONE',  ( -1.734308589637374887, -4.739555782082669921, -3.578898489060284405 ) ) ;
#4688 = CARTESIAN_POINT ( 'NONE',  ( 1.347545839553495384, -5.973742020191010305, -3.738585764577685655 ) ) ;
#4689 = ORIENTED_EDGE ( 'NONE', *, *, #1188, .T. ) ;
#4690 = CARTESIAN_POINT ( 'NONE',  ( -1.325921617552760834, -7.105885185294972040, 3.201057951739541885 ) ) ;
#4691 = CARTESIAN_POINT ( 'NONE',  ( -0.6993870690312397054, -2.088706188694847476, 3.836346052140475305 ) ) ;
#4692 = CARTESIAN_POINT ( 'NONE',  ( 4.107366323934855679, -6.273295454545458227, 0.000000000000000000 ) ) ;
#4693 = CARTESIAN_POINT ( 'NONE',  ( -3.148539474360868784, -4.553667204700166948, -2.324807186004493431 ) ) ;
#4694 = CARTESIAN_POINT ( 'NONE',  ( -1.045907795160158527, -3.041925039375098727, 3.770893384601008425 ) ) ;
#4695 = CARTESIAN_POINT ( 'NONE',  ( -5.701544499533412370E-16, -1.421314082272488122, 3.103776263492489917 ) ) ;
#4696 = CARTESIAN_POINT ( 'NONE',  ( 2.062305398697185765, -3.768147701058459642, -3.401314310690570331 ) ) ;
#4697 = CARTESIAN_POINT ( 'NONE',  ( 0.1520611175223386402, -2.986124238419748611, 3.910979440142721142 ) ) ;
#4698 = CARTESIAN_POINT ( 'NONE',  ( -1.712978186977001993, -6.539990744703009895, 3.518278023482781958 ) ) ;
#4699 = CARTESIAN_POINT ( 'NONE',  ( 9.184850993605150903E-17, 3.499999999999999556, -0.7499999999999972244 ) ) ;
#4700 = CARTESIAN_POINT ( 'NONE',  ( 3.373687221027669381, -2.781100095797861993, -2.099058126974892691 ) ) ;
#4701 = CARTESIAN_POINT ( 'NONE',  ( -3.749744966781414668, -2.288097181885059506, -1.328440977536391898 ) ) ;
#4702 = CARTESIAN_POINT ( 'NONE',  ( -1.021845621371892721, -6.011922277994693253, -3.839909481925872115 ) ) ;
#4703 = CARTESIAN_POINT ( 'NONE',  ( 1.325921617552762832, -4.430478451068672108, -3.201057951739540997 ) ) ;
#4704 = CARTESIAN_POINT ( 'NONE',  ( 4.499999999999999112, -1.953501169842207341, -1.733187306154809537 ) ) ;
#4705 = CARTESIAN_POINT ( 'NONE',  ( -0.6167823480065656172, -6.670165905260621919, 3.884008355026655757 ) ) ;
#4706 = CARTESIAN_POINT ( 'NONE',  ( -3.183265638124807229, -5.922631433197144801, -2.252623394375282473 ) ) ;
#4707 = CARTESIAN_POINT ( 'NONE',  ( 3.635203840242841267, -5.116703588857404839, -1.604044798427356033 ) ) ;
#4708 = CARTESIAN_POINT ( 'NONE',  ( 3.936327192718461543, -5.136934841438734800, 0.5681654676005261084 ) ) ;
#4709 = CARTESIAN_POINT ( 'NONE',  ( -0.2578496499553780130, -5.867663784543234229, -3.905357893623969456 ) ) ;
#4710 = CARTESIAN_POINT ( 'NONE',  ( -3.201057951739542329, -7.322362458022244169, -3.920165374483013007E-16 ) ) ;
#4711 = CARTESIAN_POINT ( 'NONE',  ( 2.452768908243553980, -2.759405950173809074, -3.031485649676226135 ) ) ;
#4712 = VERTEX_POINT ( 'NONE', #193 ) ;
#4713 = CARTESIAN_POINT ( 'NONE',  ( 4.107366323934854790, -6.345454545454547457, 1.701326837008343640 ) ) ;
#4714 = CARTESIAN_POINT ( 'NONE',  ( -3.197898623780193184, -4.584856648994882100, -2.359303257884402871 ) ) ;
#4715 = CARTESIAN_POINT ( 'NONE',  ( 1.742859032238805339, -4.062164340737887791, 3.503574018553704761 ) ) ;
#4716 = CARTESIAN_POINT ( 'NONE',  ( -2.194701243201384155, -1.565632264090670356, 2.194701243201383267 ) ) ;
#4717 = CONICAL_SURFACE ( 'NONE', #2587, 4.499999999999999112, 1.396263401595466691 ) ;
#4718 = CARTESIAN_POINT ( 'NONE',  ( -3.141025857863245729, -3.434650697703563349, -2.434506903913022047 ) ) ;
#4719 = CARTESIAN_POINT ( 'NONE',  ( -0.2222957375209038966, -6.466306668142636660, 3.906827025602751746 ) ) ;
#4720 = CARTESIAN_POINT ( 'NONE',  ( 0.000000000000000000, 6.999999999999999112, 1.957629832425597405 ) ) ;
#4721 = EDGE_CURVE ( 'NONE', #2731, #2701, #2852, .T. ) ;
#4722 = CARTESIAN_POINT ( 'NONE',  ( -2.442260002697810961, -2.508535150392992019, -3.040557438769045273 ) ) ;
#4723 = CARTESIAN_POINT ( 'NONE',  ( 2.263489784646150138, -5.945819360159578792, 2.263489784646151026 ) ) ;
#4724 = CARTESIAN_POINT ( 'NONE',  ( 2.037446218083804439, -6.199001695794165379, -3.325248986769633319 ) ) ;
#4725 = CARTESIAN_POINT ( 'NONE',  ( -2.263489784646147918, -6.523092087432305952, -2.263489784646153247 ) ) ;
#4726 = DIRECTION ( 'NONE',  ( 0.000000000000000000, -1.000000000000000000, 0.000000000000000000 ) ) ;
#4727 = CARTESIAN_POINT ( 'NONE',  ( -4.500000000000000888, -1.877249545191257640, -2.598076211353314680 ) ) ;
#4728 = CARTESIAN_POINT ( 'NONE',  ( -3.566186926499197440, -5.885298029493988281, -1.577337629791753626 ) ) ;
#4729 = CARTESIAN_POINT ( 'NONE',  ( -1.541428815036719024, -4.831309677512185097, -3.662174216473288446 ) ) ;
#4730 = CARTESIAN_POINT ( 'NONE',  ( 0.2897498363536076815, -4.835529745844572957, -3.966427603780244393 ) ) ;
#4731 = CARTESIAN_POINT ( 'NONE',  ( 1.328626686590981487, -5.942555356708112413, -3.681415119452143170 ) ) ;
#4732 = CARTESIAN_POINT ( 'NONE',  ( -3.189912541409627433, -2.023621108791155976, 2.298000890570785160 ) ) ;
#4733 = CARTESIAN_POINT ( 'NONE',  ( 2.433824775388756301, -3.086299125509743835, 3.046679420335563826 ) ) ;
#4734 = EDGE_LOOP ( 'NONE', ( #4488, #4584 ) ) ;
#4735 = CARTESIAN_POINT ( 'NONE',  ( 4.107366323934855679, -3.892045454545462579, -1.701326837008340753 ) ) ;
#4736 = CARTESIAN_POINT ( 'NONE',  ( -2.846641363829721438, -4.609427027714170677, -2.772994806575029170 ) ) ;
#4737 = CARTESIAN_POINT ( 'NONE',  ( -2.074774099341040401, -3.466651178615372420, -3.317822085731898962 ) ) ;
#4738 = CARTESIAN_POINT ( 'NONE',  ( -1.285626222910279948, -3.802564082272484214, 3.103776263492488585 ) ) ;
#4739 = CARTESIAN_POINT ( 'NONE',  ( -3.720276430224326969, -3.339093333255120921, -1.216182389438703826 ) ) ;
#4740 = CARTESIAN_POINT ( 'NONE',  ( 3.154789903482302371, -7.159162996664777623, 1.399407244984915089 ) ) ;
#4741 = CARTESIAN_POINT ( 'NONE',  ( 0.1329758135362875127, -2.410405262799811155, 3.194123284860375556 ) ) ;
#4742 = EDGE_CURVE ( 'NONE', #2291, #928, #318, .T. ) ;
#4743 = CARTESIAN_POINT ( 'NONE',  ( 1.321581184108913565, -2.574712481348933490, -3.751731270616483371 ) ) ;
#4744 = ORIENTED_EDGE ( 'NONE', *, *, #886, .T. ) ;
#4745 = CARTESIAN_POINT ( 'NONE',  ( 3.933928804652730538, -6.322636519366487740, -0.5583666698592106847 ) ) ;
#4746 = EDGE_CURVE ( 'NONE', #169, #865, #6, .T. ) ;
#4747 = CARTESIAN_POINT ( 'NONE',  ( -3.549794140266877562, -2.112105056603873265, -1.243679258993245718 ) ) ;
#4748 = FACE_OUTER_BOUND ( 'NONE', #605, .T. ) ;
#4749 = CARTESIAN_POINT ( 'NONE',  ( -3.612919998492158502, -6.680853695381659740, 1.553137373682527134 ) ) ;
#4750 = VERTEX_POINT ( 'NONE', #1837 ) ;
#4751 = CARTESIAN_POINT ( 'NONE',  ( 3.506771805559163013, -6.469414299509064215, 1.705583056339609493 ) ) ;
#4752 = AXIS2_PLACEMENT_3D ( 'NONE', #3780, #1578, #4225 ) ;
#4753 = CARTESIAN_POINT ( 'NONE',  ( -0.2397234139774744588, -4.894046407339637028, -3.966325530481273898 ) ) ;
#4754 = CC_DESIGN_DATE_AND_TIME_ASSIGNMENT ( #431, #1665, ( #1410 ) ) ;
#4755 = CARTESIAN_POINT ( 'NONE',  ( -0.3212003526924091523, -3.654045936448925058, -3.964054873221457775 ) ) ;
#4756 = CARTESIAN_POINT ( 'NONE',  ( -0.2633427770386995714, -5.898855539634578982, -3.965322299967553921 ) ) ;
#4757 = DIRECTION ( 'NONE',  ( 0.000000000000000000, 0.000000000000000000, 1.000000000000000000 ) ) ;
#4758 = AXIS2_PLACEMENT_3D ( 'NONE', #15, #3764, #2904 ) ;
#4759 = CARTESIAN_POINT ( 'NONE',  ( -0.7023447524818491328, -2.601181301430124826, -3.835689128700756179 ) ) ;
#4760 = VERTEX_POINT ( 'NONE', #4091 ) ;
#4761 = CARTESIAN_POINT ( 'NONE',  ( 4.107366323934855679, -7.427840909090910770, 0.000000000000000000 ) ) ;
#4762 = CARTESIAN_POINT ( 'NONE',  ( -1.214673588361901091, -4.667012285811161121, -3.720576928543810613 ) ) ;
#4763 = CARTESIAN_POINT ( 'NONE',  ( 3.518511340895953854, -2.787714306918813278, 1.712991729423772647 ) ) ;
#4764 = CARTESIAN_POINT ( 'NONE',  ( 2.194701243201384155, -4.451995900454302380, -2.194701243201383267 ) ) ;
#4765 = CARTESIAN_POINT ( 'NONE',  ( -0.06939708320767350169, -3.665763630958396746, -3.977252876346168975 ) ) ;
#4766 = CARTESIAN_POINT ( 'NONE',  ( -3.592381840667137283, -5.665510653833571553, -1.551564569374256797 ) ) ;
#4767 = CONICAL_SURFACE ( 'NONE', #2645, 3.250000000000002220, 0.5125491481694451901 ) ;
#4768 = CARTESIAN_POINT ( 'NONE',  ( -1.027254353815600041, -1.916929639256025553, 3.839135002679725517 ) ) ;
#4769 = CARTESIAN_POINT ( 'NONE',  ( 3.907707287052638367, -2.835117187967499675, 0.7429262409888056640 ) ) ;
#4770 = CARTESIAN_POINT ( 'NONE',  ( -5.880248061724518771E-16, -7.244682996523213347, 3.201057951739542329 ) ) ;
#4771 = CARTESIAN_POINT ( 'NONE',  ( 1.573609413332037299, -6.173729742499381778, -3.568222092289489833 ) ) ;
#4772 = CARTESIAN_POINT ( 'NONE',  ( -3.083517805071407825, -2.136687373154501746, -2.090933823062309127 ) ) ;
#4773 = CARTESIAN_POINT ( 'NONE',  ( -4.500000000000000888, -1.953547974904519480, 1.732656416756896745 ) ) ;
#4774 = CARTESIAN_POINT ( 'NONE',  ( -1.949199167447122738, -6.852504674452407407, -3.216970472343215093 ) ) ;
#4775 = CARTESIAN_POINT ( 'NONE',  ( 2.194701243201384155, -7.805958645000251828, -2.194701243201383267 ) ) ;
#4776 = CARTESIAN_POINT ( 'NONE',  ( 4.499999999999999112, 0.3511044742336487112, 2.598076211353318676 ) ) ;
#4777 = CARTESIAN_POINT ( 'NONE',  ( -2.209988114942238013, -4.831230117269601720, -3.213304688870298520 ) ) ;
#4778 = CARTESIAN_POINT ( 'NONE',  ( 3.374167037073790620, -2.605864567331693582, -1.983292013155979916 ) ) ;
#4779 = CARTESIAN_POINT ( 'NONE',  ( 3.965633309801477324, -3.943508726093360117, -0.3030282677466741847 ) ) ;
#4780 = CARTESIAN_POINT ( 'NONE',  ( 2.928869330673556259, -6.129639271112077736, -2.691679213515902447 ) ) ;
#4781 = CARTESIAN_POINT ( 'NONE',  ( -4.500000000000000888, -1.877249545191257640, 2.598076211353318232 ) ) ;
#4782 = ORGANIZATION ( 'UNSPECIFIED', 'UNSPECIFIED', '' ) ;
#4783 = CARTESIAN_POINT ( 'NONE',  ( 0.07467222479422595816, -2.053176662595264546, 3.898738248480033697 ) ) ;
#4784 = CARTESIAN_POINT ( 'NONE',  ( 0.01380780887546663102, -3.667762539623466544, -3.977683396286710860 ) ) ;
#4785 = EDGE_LOOP ( 'NONE', ( #3832, #641, #719 ) ) ;
#4786 = CARTESIAN_POINT ( 'NONE',  ( 0.000000000000000000, -7.500000000000000000, 0.000000000000000000 ) ) ;
#4787 = CARTESIAN_POINT ( 'NONE',  ( -0.4312235959122883711, -4.705103412465730273, -3.890251085058031411 ) ) ;
#4788 = CARTESIAN_POINT ( 'NONE',  ( -3.864139891704484242, -2.155170096467198704, -0.6172670044958032953 ) ) ;
#4789 = AXIS2_PLACEMENT_3D ( 'NONE', #3326, #2176, #3699 ) ;
#4790 = CARTESIAN_POINT ( 'NONE',  ( -2.194701243201383267, -3.008814082272486257, -2.194701243201384155 ) ) ;
#4791 = CARTESIAN_POINT ( 'NONE',  ( -3.954089240027256480, -3.399673580607519341, -0.4344164437067098983 ) ) ;
#4792 = CARTESIAN_POINT ( 'NONE',  ( 3.570964287088338462, -6.090208266143290139, -1.600661892344434234 ) ) ;
#4793 = CARTESIAN_POINT ( 'NONE',  ( 0.000000000000000000, -7.500000000000000888, 1.589999999999998748 ) ) ;
#4794 = CIRCLE ( 'NONE', #4083, 1.590000000000000302 ) ;
#4795 = CARTESIAN_POINT ( 'NONE',  ( 3.928073356557413298, -2.857144904428429832, -0.5981610243860866483 ) ) ;
#4796 = CARTESIAN_POINT ( 'NONE',  ( 1.325921617552759946, -6.017978451068669798, 3.201057951739542329 ) ) ;
#4797 = CARTESIAN_POINT ( 'NONE',  ( -0.9547028873232658031, -6.719341156374883717, 3.781270559395081055 ) ) ;
#4798 = CARTESIAN_POINT ( 'NONE',  ( -3.564913388975917918, -2.041908419307312705, 1.589859313075395963 ) ) ;
#4799 = CARTESIAN_POINT ( 'NONE',  ( -2.263489784646150582, -6.312135185294973638, -2.263489784646150582 ) ) ;
#4800 = CARTESIAN_POINT ( 'NONE',  ( 9.065328488095241311E-16, 0.3511044742336487112, 5.196152422706633800 ) ) ;
#4801 = CARTESIAN_POINT ( 'NONE',  ( -3.103776263492488585, -5.136072281363891712, -1.285626222910278837 ) ) ;
#4802 = B_SPLINE_CURVE_WITH_KNOTS ( 'NONE', 3,
 ( #623, #4286, #4356, #577, #3913, #259, #3959, #970, #3195, #4705, #2809, #1297, #3573, #599, #2784, #923, #1320, #1013, #209, #2076 ),
 .UNSPECIFIED., .F., .F.,
 ( 4, 2, 2, 2, 2, 2, 2, 2, 2, 4 ),
 ( 2.483920427963005502E-16, 0.0001665539965525962790, 0.0001873732461216397074, 0.0002081924956906830817, 0.0002186021204752047959, 0.0002290117452597265101, 0.0002498309948287689357, 0.0003331079931049367947, 0.0006662159862096086104, 0.001332431972418952025 ),
 .UNSPECIFIED. ) ;
#4803 = DIRECTION ( 'NONE',  ( 0.000000000000000000, -1.000000000000000000, 0.000000000000000000 ) ) ;
#4804 = CARTESIAN_POINT ( 'NONE',  ( 2.763095207185735092, -5.258023318601764196, 2.861223184126780783 ) ) ;
#4805 = CARTESIAN_POINT ( 'NONE',  ( 3.709468155941582079, -2.644854394145452314, -1.248250078150182407 ) ) ;
#4806 = CARTESIAN_POINT ( 'NONE',  ( -2.474773784346982364, -3.544038169564842633, -3.113172149685252244 ) ) ;
#4807 = CARTESIAN_POINT ( 'NONE',  ( 2.657857235268780371, -6.352654581732276817, 2.954458363270608512 ) ) ;
#4808 = CARTESIAN_POINT ( 'NONE',  ( -2.354080617578531963E-15, -2.992817003476797133, -3.201057951739542329 ) ) ;
#4809 = B_SPLINE_CURVE_WITH_KNOTS ( 'NONE', 3,
 ( #217, #2840, #1349, #2910, #4362, #3623, #4013, #4732, #1325, #2105 ),
 .UNSPECIFIED., .F., .F.,
 ( 4, 2, 2, 2, 4 ),
 ( 0.0001600780130382745017, 0.0008752129059314769661, 0.001590347798824679566, 0.002305482691717881949, 0.003020617584611084549 ),
 .UNSPECIFIED. ) ;
#4810 = CARTESIAN_POINT ( 'NONE',  ( 3.883731417607121816, -4.060966469622427688, -0.3513651771165889892 ) ) ;
#4811 = CARTESIAN_POINT ( 'NONE',  ( -0.2539688265301192072, -3.776835597268718647, -3.891572206276587398 ) ) ;
#4812 = ORIENTED_EDGE ( 'NONE', *, *, #224, .T. ) ;
#4813 = CARTESIAN_POINT ( 'NONE',  ( 4.107366323934854790, -1.727272727272738617, 1.701326837008343640 ) ) ;
#4814 = CARTESIAN_POINT ( 'NONE',  ( 3.955610261197799904, -5.130895424999343035, 0.4214669136393621174 ) ) ;
#4815 = CARTESIAN_POINT ( 'NONE',  ( 2.720543931785518232, -2.557072550737473637, -2.812932032040196262 ) ) ;
#4816 = ADVANCED_FACE ( 'NONE', ( #4117 ), #1183, .T. ) ;
#4817 = CARTESIAN_POINT ( 'NONE',  ( -3.201057951739542773, -5.152069360159579503, 1.325921617552758169 ) ) ;
#4818 = B_SPLINE_CURVE_WITH_KNOTS ( 'NONE', 3,
 ( #3385, #4494, #1130, #3013 ),
 .UNSPECIFIED., .F., .F.,
 ( 4, 4 ),
 ( 2.309401076754191683E-07, 0.002598307151460992840 ),
 .UNSPECIFIED. ) ;
#4819 = CARTESIAN_POINT ( 'NONE',  ( -1.325921617552758836, -7.538839730749516299, -3.201057951739542773 ) ) ;
#4820 = CARTESIAN_POINT ( 'NONE',  ( 1.277354386178477741, -3.661118239010030972, -3.763240971761269371 ) ) ;
#4821 = CARTESIAN_POINT ( 'NONE',  ( -2.587172401729629811, -5.435213234323333253, 2.935863592028965741 ) ) ;
#4822 = DIRECTION ( 'NONE',  ( -0.000000000000000000, 1.000000000000000000, -0.000000000000000000 ) ) ;
#4823 = CARTESIAN_POINT ( 'NONE',  ( 0.6547686694565278964, -3.180747070410625543, 3.844486746710792158 ) ) ;
#4824 = ORIENTED_EDGE ( 'NONE', *, *, #188, .T. ) ;
#4825 = CARTESIAN_POINT ( 'NONE',  ( -2.150686494902467327, -6.782876472726493411, 3.242603740156948522 ) ) ;
#4826 = CARTESIAN_POINT ( 'NONE',  ( -1.573599968029999463, -2.184960666610233915, -3.265070015482031796 ) ) ;
#4827 = CARTESIAN_POINT ( 'NONE',  ( 3.201057951739542329, -4.435998821658612812, 0.000000000000000000 ) ) ;
#4828 = FACE_OUTER_BOUND ( 'NONE', #772, .T. ) ;
#4829 = CARTESIAN_POINT ( 'NONE',  ( -3.103776263492489917, -7.373004099545705792, -3.801029666355608083E-16 ) ) ;
#4830 = ORIENTED_EDGE ( 'NONE', *, *, #464, .T. ) ;
#4831 = CARTESIAN_POINT ( 'NONE',  ( 0.4091189463630286460, -1.999983344433457155, 3.952275122895262616 ) ) ;
#4832 = CARTESIAN_POINT ( 'NONE',  ( -0.1691137558009283559, -5.406666819651942291, 3.973966458269124313 ) ) ;
#4833 = CARTESIAN_POINT ( 'NONE',  ( 3.745162479313334458, -2.757828534351612237, 1.137009776861672039 ) ) ;
#4834 = CARTESIAN_POINT ( 'NONE',  ( 0.2773267200268358934, -4.233303891222869098, 3.967313085946972517 ) ) ;
#4835 = CARTESIAN_POINT ( 'NONE',  ( 0.1760228405416007225, -6.479853539161030795, 3.970312570397251939 ) ) ;
#4836 = CARTESIAN_POINT ( 'NONE',  ( -1.325921617552762166, -4.796794276204066954, 3.201057951739540997 ) ) ;
#4837 = CARTESIAN_POINT ( 'NONE',  ( 0.5636740860965554489, -3.185086199991883582, 3.858563117010886945 ) ) ;
#4838 = CARTESIAN_POINT ( 'NONE',  ( 1.426627750362279956, -4.177301981874265380, 3.712934447606202504 ) ) ;
#4839 = CARTESIAN_POINT ( 'NONE',  ( -0.7499999999999992228, -1.953601367524366639, 4.763139720814415057 ) ) ;
#4840 = CARTESIAN_POINT ( 'NONE',  ( 3.732402074765466260, -4.957508784245696631, -1.177879487584308160 ) ) ;
#4841 = CARTESIAN_POINT ( 'NONE',  ( -0.8622808522295452027, -2.375429105545839636, -3.817173778200175782 ) ) ;
#4842 = AXIS2_PLACEMENT_3D ( 'NONE', #3116, #4527, #3997 ) ;
#4843 = CARTESIAN_POINT ( 'NONE',  ( 1.325921617552759280, -6.739569360159578082, -3.201057951739542773 ) ) ;
#4844 = VECTOR ( 'NONE', #2600, 1000.000000000000341 ) ;
#4845 = CARTESIAN_POINT ( 'NONE',  ( 1.325921617552759946, -4.652476094385885830, 3.201057951739542329 ) ) ;
#4846 = CARTESIAN_POINT ( 'NONE',  ( 3.966063671834428206, -3.900989168541222796, 0.2515184539659532370 ) ) ;
#4847 = CARTESIAN_POINT ( 'NONE',  ( -2.715420741788854286, -5.737919889110286498, -2.817668316378095117 ) ) ;
#4848 = CARTESIAN_POINT ( 'NONE',  ( -3.017997433332583412, -1.999303488062768253, 2.492275047942120292 ) ) ;
#4849 = CARTESIAN_POINT ( 'NONE',  ( -0.1398427728593701347, -3.178991243409237555, 3.970936167163969355 ) ) ;
#4850 = CARTESIAN_POINT ( 'NONE',  ( -3.201057951739542329, -1.760592087432313102, -3.920165374483013007E-16 ) ) ;
#4851 = CARTESIAN_POINT ( 'NONE',  ( 2.705102323316153523, -6.533690484278193544, 2.809284921231639753 ) ) ;
#4852 = CARTESIAN_POINT ( 'NONE',  ( 3.201057951739542329, -3.492410269250492139, 3.136132299586410405E-15 ) ) ;
#4853 = CARTESIAN_POINT ( 'NONE',  ( 2.263489784646150138, -3.425771548931341393, 2.263489784646151026 ) ) ;
#4854 = CARTESIAN_POINT ( 'NONE',  ( -4.107366323934856567, -6.778409090909091717, 1.701326837008339643 ) ) ;
#4855 = CARTESIAN_POINT ( 'NONE',  ( -2.194701243201383267, -4.053685917727529286, -2.194701243201384155 ) ) ;
#4856 = CARTESIAN_POINT ( 'NONE',  ( -0.2879133794308098571, -6.687490187266504016, 3.888843307093616808 ) ) ;
#4857 = CARTESIAN_POINT ( 'NONE',  ( -1.964996118353240950, -5.494657735005339383, 3.458265081055190038 ) ) ;
#4858 = CARTESIAN_POINT ( 'NONE',  ( 3.294943494096253644, -2.809658157410614532, 2.112219909889517577 ) ) ;
#4859 = CARTESIAN_POINT ( 'NONE',  ( -3.931860093500932241, -3.352634588498753843, 0.5988781784565454513 ) ) ;
#4860 = CARTESIAN_POINT ( 'NONE',  ( 3.841218259450339900, -6.133136943077282410, -0.7504240712151292181 ) ) ;
#4861 = ORIENTED_EDGE ( 'NONE', *, *, #188, .F. ) ;
#4862 = DIRECTION ( 'NONE',  ( -0.000000000000000000, -1.000000000000000000, -3.921717058577609625E-16 ) ) ;
#4863 = CARTESIAN_POINT ( 'NONE',  ( -3.091144081355646556, -3.378298253060842526, 2.377140943584951316 ) ) ;
#4864 = CARTESIAN_POINT ( 'NONE',  ( 3.074484114421402126, -4.199391756193833203, 2.399187396941579120 ) ) ;
#4865 = CARTESIAN_POINT ( 'NONE',  ( -0.2316707378184130195, -7.306498621375936864, 3.296342287716018227 ) ) ;
#4866 = CARTESIAN_POINT ( 'NONE',  ( 1.663792693577873072, -5.253566411450980134, 3.609191712783655692 ) ) ;
#4867 = CARTESIAN_POINT ( 'NONE',  ( 0.9297867005874709267, -2.458913254171059215, -3.801118466984977129 ) ) ;
#4868 = CARTESIAN_POINT ( 'NONE',  ( -5.880248061724518771E-16, -3.781046632886855274, 3.201057951739542329 ) ) ;
ENDSEC;
END-ISO-10303-21;
